mode,effect_sd,lag_min,seed,horizon_min,p_value,positive_folds,post_only,pre_only,pass_full
injected,0.5,15.0,0,30,7.610913055344782e-06,4.0,39.0,9.0,True
injected,0.5,15.0,0,60,0.01923865414210013,4.0,27.0,13.0,False
injected,0.5,15.0,0,120,0.017578125,4.0,12.0,3.0,False
injected_any,0.5,15.0,0,0,,,,,True
injected,0.5,15.0,1,30,9.15771636300633e-07,4.0,39.0,7.0,True
injected,0.5,15.0,1,60,0.02351551371975802,4.0,25.0,12.0,False
injected,0.5,15.0,1,120,0.0384063720703125,4.0,12.0,4.0,False
injected_any,0.5,15.0,1,0,,,,,True
injected,0.5,15.0,2,30,8.507758730047499e-05,4.0,34.0,9.0,True
injected,0.5,15.0,2,60,0.13409362552738457,4.0,24.0,16.0,False
injected,0.5,15.0,2,120,0.09462356567382812,4.0,14.0,7.0,False
injected_any,0.5,15.0,2,0,,,,,True
injected,0.5,15.0,3,30,4.9244392464231617e-05,4.0,37.0,10.0,True
injected,0.5,15.0,3,60,0.010036925959866494,4.0,26.0,11.0,True
injected,0.5,15.0,3,120,0.0717315673828125,4.0,12.0,5.0,False
injected_any,0.5,15.0,3,0,,,,,True
injected,0.5,15.0,4,30,7.098534259952771e-05,4.0,38.0,11.0,True
injected,0.5,15.0,4,60,0.05863760297870613,3.0,26.0,15.0,False
injected,0.5,15.0,4,120,0.3238029479980469,3.0,11.0,8.0,False
injected_any,0.5,15.0,4,0,,,,,True
injected,0.5,15.0,5,30,1.2452015312192087e-05,4.0,38.0,9.0,True
injected,0.5,15.0,5,60,0.01923865414210013,4.0,27.0,13.0,False
injected,0.5,15.0,5,120,0.08353424072265625,4.0,13.0,6.0,False
injected_any,0.5,15.0,5,0,,,,,True
injected,0.5,15.0,6,30,2.7698107984974736e-06,4.0,39.0,8.0,True
injected,0.5,15.0,6,60,0.016776219839812256,4.0,26.0,12.0,False
injected,0.5,15.0,6,120,0.048126220703125,3.0,13.0,5.0,False
injected_any,0.5,15.0,6,0,,,,,True
injected,0.5,15.0,7,30,2.0280180663689862e-05,4.0,37.0,9.0,True
injected,0.5,15.0,7,60,0.012948040896617385,4.0,31.0,15.0,True
injected,0.5,15.0,7,120,0.0063629150390625,4.0,14.0,3.0,True
injected_any,0.5,15.0,7,0,,,,,True
injected,0.5,15.0,8,30,3.084820388821186e-05,4.0,38.0,10.0,True
injected,0.5,15.0,8,60,0.01923865414210013,4.0,27.0,13.0,False
injected,0.5,15.0,8,120,0.05923461914062499,4.0,11.0,4.0,False
injected_any,0.5,15.0,8,0,,,,,True
injected,0.5,15.0,9,30,2.0280180663689862e-05,4.0,37.0,9.0,True
injected,0.5,15.0,9,60,0.024383382952237298,4.0,29.0,15.0,False
injected,0.5,15.0,9,120,0.01544189453125,4.0,14.0,4.0,True
injected_any,0.5,15.0,9,0,,,,,True
injected,0.5,15.0,10,30,0.002757600742750555,4.0,34.0,14.0,True
injected,0.5,15.0,10,60,0.14560761827294755,3.0,26.0,18.0,False
injected,0.5,15.0,10,120,0.14313936233520508,4.0,14.0,8.0,False
injected_any,0.5,15.0,10,0,,,,,True
injected,0.5,15.0,11,30,7.098534259952771e-05,4.0,38.0,11.0,True
injected,0.5,15.0,11,60,0.03622713008127221,3.0,29.0,16.0,False
injected,0.5,15.0,11,120,0.03195732831954956,3.0,17.0,7.0,False
injected_any,0.5,15.0,11,0,,,,,True
injected,0.5,15.0,12,30,1.2452015312192087e-05,4.0,38.0,9.0,True
injected,0.5,15.0,12,60,0.020479795755818493,4.0,24.0,11.0,False
injected,0.5,15.0,12,120,0.08978271484375,4.0,10.0,4.0,False
injected_any,0.5,15.0,12,0,,,,,True
injected,0.5,15.0,13,30,4.715187742476701e-07,4.0,38.0,6.0,True
injected,0.5,15.0,13,60,0.014408359827939423,4.0,25.0,11.0,True
injected,0.5,15.0,13,120,0.0384063720703125,4.0,12.0,4.0,False
injected_any,0.5,15.0,13,0,,,,,True
injected,0.5,15.0,14,30,3.28733162291428e-05,4.0,36.0,9.0,True
injected,0.5,15.0,14,60,0.0403452338759962,4.0,26.0,14.0,False
injected,0.5,15.0,14,120,0.15087890624999997,4.0,10.0,5.0,False
injected_any,0.5,15.0,14,0,,,,,True
injected,0.5,15.0,15,30,2.604723600396763e-05,4.0,42.0,12.0,True
injected,0.5,15.0,15,60,0.01923865414210013,4.0,27.0,13.0,False
injected,0.5,15.0,15,120,0.019287109375,4.0,10.0,2.0,False
injected_any,0.5,15.0,15,0,,,,,True
injected,0.5,15.0,16,30,0.001229450161048362,3.0,33.0,12.0,True
injected,0.5,15.0,16,60,0.07692997208141605,3.0,25.0,15.0,False
injected,0.5,15.0,16,120,0.08353424072265625,4.0,13.0,6.0,False
injected_any,0.5,15.0,16,0,,,,,True
injected,0.5,15.0,17,30,0.00031052172811385503,4.0,38.0,13.0,True
injected,0.5,15.0,17,60,0.051902677752053705,4.0,29.0,17.0,False
injected,0.5,15.0,17,120,0.08353424072265625,3.0,13.0,6.0,False
injected_any,0.5,15.0,17,0,,,,,True
injected,0.5,15.0,18,30,5.354559107217938e-07,4.0,40.0,7.0,True
injected,0.5,15.0,18,60,0.013766577914793743,4.0,28.0,13.0,True
injected,0.5,15.0,18,120,0.05923461914062499,4.0,11.0,4.0,False
injected_any,0.5,15.0,18,0,,,,,True
injected,0.5,15.0,19,30,0.00013576961714534266,4.0,33.0,9.0,True
injected,0.5,15.0,19,60,0.09979543345980349,3.0,24.0,15.0,False
injected,0.5,15.0,19,120,0.0384063720703125,4.0,12.0,4.0,False
injected_any,0.5,15.0,19,0,,,,,True
injected,0.5,15.0,20,30,3.28733162291428e-05,4.0,36.0,9.0,True
injected,0.5,15.0,20,60,0.09979543345980349,4.0,24.0,15.0,False
injected,0.5,15.0,20,120,0.1661529541015625,3.0,11.0,6.0,False
injected_any,0.5,15.0,20,0,,,,,True
injected,0.5,15.0,21,30,0.0004681114554259125,4.0,37.0,13.0,True
injected,0.5,15.0,21,60,0.051902677752053705,3.0,29.0,17.0,False
injected,0.5,15.0,21,120,0.048126220703125,3.0,13.0,5.0,False
injected_any,0.5,15.0,21,0,,,,,True
injected,0.5,15.0,22,30,5.3022333133867505e-05,4.0,35.0,9.0,True
injected,0.5,15.0,22,60,0.04807087721030712,4.0,28.0,16.0,False
injected,0.5,15.0,22,120,0.1050567626953125,3.0,11.0,5.0,False
injected_any,0.5,15.0,22,0,,,,,True
injected,0.5,15.0,23,30,0.00033977412749663927,4.0,31.0,9.0,True
injected,0.5,15.0,23,60,0.10551179880440031,3.0,25.0,16.0,False
injected,0.5,15.0,23,120,0.03917694091796875,4.0,15.0,6.0,False
injected_any,0.5,15.0,23,0,,,,,True
injected,0.5,15.0,24,30,0.00017300057015745549,4.0,36.0,11.0,True
injected,0.5,15.0,24,60,0.1110264100780114,3.0,26.0,17.0,False
injected,0.5,15.0,24,120,0.0317840576171875,4.0,14.0,5.0,False
injected_any,0.5,15.0,24,0,,,,,True
injected,0.5,15.0,25,30,0.0008207456704241167,4.0,34.0,12.0,True
injected,0.5,15.0,25,60,0.21479525392169307,3.0,23.0,17.0,False
injected,0.5,15.0,25,120,0.08353424072265625,3.0,13.0,6.0,False
injected_any,0.5,15.0,25,0,,,,,True
injected,0.5,15.0,26,30,9.90197256687253e-05,4.0,39.0,12.0,True
injected,0.5,15.0,26,60,0.036475694258115254,4.0,25.0,13.0,False
injected,0.5,15.0,26,120,0.048126220703125,4.0,13.0,5.0,False
injected_any,0.5,15.0,26,0,,,,,True
injected,0.5,15.0,27,30,7.098534259952771e-05,4.0,38.0,11.0,True
injected,0.5,15.0,27,60,0.044214773493877146,4.0,27.0,15.0,False
injected,0.5,15.0,27,120,0.0717315673828125,4.0,12.0,5.0,False
injected_any,0.5,15.0,27,0,,,,,True
injected,0.5,15.0,28,30,1.922955847177832e-05,4.0,39.0,10.0,True
injected,0.5,15.0,28,60,0.021779260961920954,3.0,28.0,14.0,False
injected,0.5,15.0,28,120,0.1189422607421875,3.0,12.0,6.0,False
injected_any,0.5,15.0,28,0,,,,,True
injected,0.5,15.0,29,30,1.2452015312192087e-05,4.0,38.0,9.0,True
injected,0.5,15.0,29,60,0.05863760297870613,4.0,26.0,15.0,False
injected,0.5,15.0,29,120,0.057659149169921875,3.0,14.0,6.0,False
injected_any,0.5,15.0,29,0,,,,,True
injected,0.5,15.0,30,30,1.2452015312192087e-05,4.0,38.0,9.0,True
injected,0.5,15.0,30,60,0.03299701722789905,4.0,28.0,15.0,False
injected,0.5,15.0,30,120,0.0245208740234375,3.0,13.0,4.0,False
injected_any,0.5,15.0,30,0,,,,,True
injected,0.5,15.0,31,30,0.00033977412749663927,4.0,31.0,9.0,True
injected,0.5,15.0,31,60,0.12149247701745483,3.0,22.0,14.0,False
injected,0.5,15.0,31,120,0.0717315673828125,4.0,12.0,5.0,False
injected_any,0.5,15.0,31,0,,,,,True
injected,0.5,15.0,32,30,2.851905818701539e-05,4.0,40.0,11.0,True
injected,0.5,15.0,32,60,0.029791944009048166,4.0,27.0,14.0,False
injected,0.5,15.0,32,120,0.072998046875,4.0,9.0,3.0,False
injected_any,0.5,15.0,32,0,,,,,True
injected,0.5,15.0,33,30,0.009311918307503216,4.0,32.0,15.0,True
injected,0.5,15.0,33,60,0.22039953367129783,3.0,24.0,18.0,False
injected,0.5,15.0,33,120,0.3238029479980469,3.0,11.0,8.0,False
injected_any,0.5,15.0,33,0,,,,,True
injected,0.5,15.0,34,30,8.507758730047499e-05,4.0,34.0,9.0,True
injected,0.5,15.0,34,60,0.08207470089155322,4.0,26.0,16.0,False
injected,0.5,15.0,34,120,0.03917694091796875,4.0,15.0,6.0,False
injected_any,0.5,15.0,34,0,,,,,True
injected,0.5,15.0,35,30,7.687045098236922e-06,4.0,37.0,8.0,True
injected,0.5,15.0,35,60,0.02662595704896376,4.0,26.0,13.0,False
injected,0.5,15.0,35,120,0.046142578125,3.0,10.0,3.0,False
injected_any,0.5,15.0,35,0,,,,,True
injected,0.5,15.0,36,30,0.00035863483669729146,4.0,36.0,12.0,True
injected,0.5,15.0,36,60,0.06314473719271518,4.0,27.0,16.0,False
injected,0.5,15.0,36,120,0.1189422607421875,4.0,12.0,6.0,False
injected_any,0.5,15.0,36,0,,,,,True
injected,0.5,15.0,37,30,0.0003030533156334059,4.0,33.0,10.0,True
injected,0.5,15.0,37,60,0.07692997208141605,4.0,25.0,15.0,False
injected,0.5,15.0,37,120,0.06690025329589844,3.0,15.0,7.0,False
injected_any,0.5,15.0,37,0,,,,,True
injected,0.5,15.0,38,30,0.00015293200080179759,4.0,38.0,12.0,True
injected,0.5,15.0,38,60,0.044214773493877146,4.0,27.0,15.0,False
injected,0.5,15.0,38,120,0.046142578125,4.0,10.0,3.0,False
injected_any,0.5,15.0,38,0,,,,,True
injected,0.5,15.0,39,30,0.00012354389230040397,4.0,35.0,10.0,True
injected,0.5,15.0,39,60,0.04807087721030712,4.0,28.0,16.0,False
injected,0.5,15.0,39,120,0.026239395141601562,4.0,16.0,6.0,False
injected_any,0.5,15.0,39,0,,,,,True
injected,0.5,15.0,40,30,2.0280180663689862e-05,4.0,37.0,9.0,True
injected,0.5,15.0,40,60,0.05406451070302866,4.0,25.0,14.0,False
injected,0.5,15.0,40,120,0.0286865234375,4.0,11.0,3.0,False
injected_any,0.5,15.0,40,0,,,,,True
injected,0.5,15.0,41,30,3.28733162291428e-05,4.0,36.0,9.0,True
injected,0.5,15.0,41,60,0.016776219839812256,4.0,26.0,12.0,False
injected,0.5,15.0,41,120,0.020694732666015625,4.0,15.0,5.0,False
injected_any,0.5,15.0,41,0,,,,,True
injected,0.5,15.0,42,30,7.098534259952771e-05,4.0,38.0,11.0,True
injected,0.5,15.0,42,60,0.04807087721030712,4.0,28.0,16.0,False
injected,0.5,15.0,42,120,0.05923461914062499,3.0,11.0,4.0,False
injected_any,0.5,15.0,42,0,,,,,True
injected,0.5,15.0,43,30,1.7943958064758903e-05,4.0,41.0,11.0,True
injected,0.5,15.0,43,60,0.02662595704896376,4.0,26.0,13.0,False
injected,0.5,15.0,43,120,0.072998046875,3.0,9.0,3.0,False
injected_any,0.5,15.0,43,0,,,,,True
injected,0.5,15.0,44,30,7.820860426477338e-05,4.0,36.0,10.0,True
injected,0.5,15.0,44,60,0.02662595704896376,4.0,26.0,13.0,False
injected,0.5,15.0,44,120,0.05923461914062499,4.0,11.0,4.0,False
injected_any,0.5,15.0,44,0,,,,,True
injected,0.5,15.0,45,30,7.098534259952771e-05,4.0,38.0,11.0,True
injected,0.5,15.0,45,60,0.0403452338759962,3.0,26.0,14.0,False
injected,0.5,15.0,45,120,0.048126220703125,3.0,13.0,5.0,False
injected_any,0.5,15.0,45,0,,,,,True
injected,0.5,15.0,46,30,1.5606548231517081e-06,4.0,38.0,7.0,True
injected,0.5,15.0,46,60,0.0403452338759962,4.0,26.0,14.0,False
injected,0.5,15.0,46,120,0.0317840576171875,4.0,14.0,5.0,False
injected_any,0.5,15.0,46,0,,,,,True
injected,0.5,15.0,47,30,7.820860426477338e-05,4.0,36.0,10.0,True
injected,0.5,15.0,47,60,0.03947034684074423,4.0,30.0,17.0,False
injected,0.5,15.0,47,120,0.01544189453125,4.0,14.0,4.0,True
injected_any,0.5,15.0,47,0,,,,,True
injected,0.5,15.0,48,30,2.0280180663689862e-05,4.0,37.0,9.0,True
injected,0.5,15.0,48,60,0.01923865414210013,4.0,27.0,13.0,False
injected,0.5,15.0,48,120,0.0384063720703125,4.0,12.0,4.0,False
injected_any,0.5,15.0,48,0,,,,,True
injected,0.5,15.0,49,30,0.0007252455070556607,4.0,31.0,10.0,True
injected,0.5,15.0,49,60,0.09979543345980349,4.0,24.0,15.0,False
injected,0.5,15.0,49,120,0.13158798217773438,3.0,13.0,7.0,False
injected_any,0.5,15.0,49,0,,,,,True
injected,0.5,30.0,0,30,0.04807087721030712,3.0,28.0,16.0,False
injected,0.5,30.0,0,60,0.3179140013144206,3.0,22.0,18.0,False
injected,0.5,30.0,0,120,0.03917694091796875,4.0,15.0,6.0,False
injected_any,0.5,30.0,0,0,,,,,False
injected,0.5,30.0,1,30,0.027038015929434778,4.0,30.0,16.0,False
injected,0.5,30.0,1,60,0.32198447818518616,2.0,23.0,19.0,False
injected,0.5,30.0,1,120,0.09462356567382812,4.0,14.0,7.0,False
injected_any,0.5,30.0,1,0,,,,,False
injected,0.5,30.0,2,30,0.03622713008127221,4.0,29.0,16.0,False
injected,0.5,30.0,2,60,0.44149795606119824,2.0,24.0,22.0,False
injected,0.5,30.0,2,120,0.10501980781555176,4.0,15.0,8.0,False
injected_any,0.5,30.0,2,0,,,,,False
injected,0.5,30.0,3,30,0.08708557363536329,4.0,27.0,17.0,False
injected,0.5,30.0,3,60,0.325793913604457,3.0,24.0,20.0,False
injected,0.5,30.0,3,120,0.09462356567382812,4.0,14.0,7.0,False
injected_any,0.5,30.0,3,0,,,,,False
injected,0.5,30.0,4,30,0.017848901777597348,4.0,30.0,15.0,False
injected,0.5,30.0,4,60,0.3746293123804209,3.0,21.0,18.0,False
injected,0.5,30.0,4,120,0.3388197422027588,3.0,13.0,10.0,False
injected_any,0.5,30.0,4,0,,,,,False
injected,0.5,30.0,5,30,0.0675782254228352,4.0,28.0,17.0,False
injected,0.5,30.0,5,60,0.32198447818518616,3.0,23.0,19.0,False
injected,0.5,30.0,5,120,0.19165515899658203,3.0,13.0,8.0,False
injected_any,0.5,30.0,5,0,,,,,False
injected,0.5,30.0,6,30,0.11634659595415542,4.0,27.0,18.0,False
injected,0.5,30.0,6,60,0.440197910640336,2.0,23.0,21.0,False
injected,0.5,30.0,6,120,0.10501980781555176,4.0,15.0,8.0,False
injected_any,0.5,30.0,6,0,,,,,False
injected,0.5,30.0,7,30,0.06314473719271518,4.0,27.0,16.0,False
injected,0.5,30.0,7,60,0.44149795606119824,1.0,24.0,22.0,False
injected,0.5,30.0,7,120,0.12389428168535233,4.0,17.0,10.0,False
injected_any,0.5,30.0,7,0,,,,,False
injected,0.5,30.0,8,30,0.1801888264678837,3.0,25.0,18.0,False
injected,0.5,30.0,8,60,0.3327329060383094,3.0,26.0,22.0,False
injected,0.5,30.0,8,120,0.16346979141235352,4.0,16.0,10.0,False
injected_any,0.5,30.0,8,0,,,,,False
injected,0.5,30.0,9,30,0.13997811926446957,3.0,25.0,17.0,False
injected,0.5,30.0,9,60,0.32198447818518616,3.0,23.0,19.0,False
injected,0.5,30.0,9,120,0.132465448230505,4.0,18.0,11.0,False
injected_any,0.5,30.0,9,0,,,,,False
injected,0.5,30.0,10,30,0.08708557363536329,3.0,27.0,17.0,False
injected,0.5,30.0,10,60,0.6145665027134868,2.0,23.0,24.0,False
injected,0.5,30.0,10,120,0.41190147399902344,3.0,11.0,9.0,False
injected_any,0.5,30.0,10,0,,,,,False
injected,0.5,30.0,11,30,0.008047180015637421,4.0,31.0,14.0,True
injected,0.5,30.0,11,60,0.271192005928242,2.0,24.0,19.0,False
injected,0.5,30.0,11,120,0.03775934875011444,4.0,18.0,8.0,False
injected_any,0.5,30.0,11,0,,,,,True
injected,0.5,30.0,12,30,0.008047180015637421,4.0,31.0,14.0,True
injected,0.5,30.0,12,60,0.32198447818518616,2.0,23.0,19.0,False
injected,0.5,30.0,12,120,0.13158798217773438,4.0,13.0,7.0,False
injected_any,0.5,30.0,12,0,,,,,True
injected,0.5,30.0,13,30,0.008047180015637421,4.0,31.0,14.0,True
injected,0.5,30.0,13,60,0.38039582128067195,3.0,23.0,20.0,False
injected,0.5,30.0,13,120,0.13158798217773438,4.0,13.0,7.0,False
injected_any,0.5,30.0,13,0,,,,,True
injected,0.5,30.0,14,30,0.027038015929434778,4.0,30.0,16.0,False
injected,0.5,30.0,14,60,0.2556878907926148,3.0,21.0,16.0,False
injected,0.5,30.0,14,120,0.19165515899658203,4.0,13.0,8.0,False
injected_any,0.5,30.0,14,0,,,,,False
injected,0.5,30.0,15,30,0.16111816017877345,3.0,29.0,21.0,False
injected,0.5,30.0,15,60,0.3293690385118282,3.0,25.0,21.0,False
injected,0.5,30.0,15,120,0.06690025329589844,4.0,15.0,7.0,False
injected_any,0.5,30.0,15,0,,,,,False
injected,0.5,30.0,16,30,0.0675782254228352,4.0,28.0,17.0,False
injected,0.5,30.0,16,60,0.3776143287523155,3.0,22.0,19.0,False
injected,0.5,30.0,16,120,0.2024364471435547,4.0,14.0,9.0,False
injected_any,0.5,30.0,16,0,,,,,False
injected,0.5,30.0,17,30,0.14560761827294755,3.0,26.0,18.0,False
injected,0.5,30.0,17,60,0.6145665027134868,1.0,23.0,24.0,False
injected,0.5,30.0,17,120,0.3388197422027588,3.0,13.0,10.0,False
injected_any,0.5,30.0,17,0,,,,,False
injected,0.5,30.0,18,30,0.03299701722789905,4.0,28.0,15.0,False
injected,0.5,30.0,18,60,0.26635462761805684,3.0,23.0,18.0,False
injected,0.5,30.0,18,120,0.15372812747955322,4.0,15.0,9.0,False
injected_any,0.5,30.0,18,0,,,,,False
injected,0.5,30.0,19,30,0.012948040896617385,4.0,31.0,15.0,True
injected,0.5,30.0,19,60,0.5,2.0,23.0,22.0,False
injected,0.5,30.0,19,120,0.06690025329589844,4.0,15.0,7.0,False
injected_any,0.5,30.0,19,0,,,,,True
injected,0.5,30.0,20,30,0.03622713008127221,4.0,29.0,16.0,False
injected,0.5,30.0,20,60,0.26635462761805684,3.0,23.0,18.0,False
injected,0.5,30.0,20,120,0.057659149169921875,4.0,14.0,6.0,False
injected_any,0.5,30.0,20,0,,,,,False
injected,0.5,30.0,21,30,0.051902677752053705,4.0,29.0,17.0,False
injected,0.5,30.0,21,60,0.22569041619806285,3.0,25.0,19.0,False
injected,0.5,30.0,21,120,0.15372812747955322,3.0,15.0,9.0,False
injected_any,0.5,30.0,21,0,,,,,False
injected,0.5,30.0,22,30,0.051902677752053705,3.0,29.0,17.0,False
injected,0.5,30.0,22,60,0.3179140013144206,3.0,22.0,18.0,False
injected,0.5,30.0,22,120,0.21217811107635498,3.0,15.0,10.0,False
injected_any,0.5,30.0,22,0,,,,,False
injected,0.5,30.0,23,30,0.06314473719271518,3.0,27.0,16.0,False
injected,0.5,30.0,23,60,0.674206086395543,2.0,21.0,23.0,False
injected,0.5,30.0,23,120,0.14313936233520508,4.0,14.0,8.0,False
injected_any,0.5,30.0,23,0,,,,,False
injected,0.5,30.0,24,30,0.1110264100780114,3.0,26.0,17.0,False
injected,0.5,30.0,24,60,0.6101160347234629,2.0,25.0,26.0,False
injected,0.5,30.0,24,120,0.2024364471435547,4.0,14.0,9.0,False
injected_any,0.5,30.0,24,0,,,,,False
injected,0.5,30.0,25,30,0.04807087721030712,4.0,28.0,16.0,False
injected,0.5,30.0,25,60,0.674206086395543,2.0,21.0,23.0,False
injected,0.5,30.0,25,120,0.08353424072265625,4.0,13.0,6.0,False
injected_any,0.5,30.0,25,0,,,,,False
injected,0.5,30.0,26,30,0.0675782254228352,4.0,28.0,17.0,False
injected,0.5,30.0,26,60,0.38543349728651316,3.0,25.0,22.0,False
injected,0.5,30.0,26,120,0.07579481601715088,4.0,16.0,8.0,False
injected_any,0.5,30.0,26,0,,,,,False
injected,0.5,30.0,27,30,0.07193254422027448,4.0,29.0,18.0,False
injected,0.5,30.0,27,60,0.5,3.0,23.0,22.0,False
injected,0.5,30.0,27,120,0.2024364471435547,4.0,14.0,9.0,False
injected_any,0.5,30.0,27,0,,,,,False
injected,0.5,30.0,28,30,0.07193254422027448,4.0,29.0,18.0,False
injected,0.5,30.0,28,60,0.21479525392169307,2.0,23.0,17.0,False
injected,0.5,30.0,28,120,0.10501980781555176,4.0,15.0,8.0,False
injected_any,0.5,30.0,28,0,,,,,False
injected,0.5,30.0,29,30,0.051902677752053705,4.0,29.0,17.0,False
injected,0.5,30.0,29,60,0.559802089359664,1.0,22.0,22.0,False
injected,0.5,30.0,29,120,0.04656982421875,4.0,16.0,7.0,False
injected_any,0.5,30.0,29,0,,,,,False
injected,0.5,30.0,30,30,0.021779260961920954,4.0,28.0,14.0,False
injected,0.5,30.0,30,60,0.4427167486432568,3.0,25.0,23.0,False
injected,0.5,30.0,30,120,0.16346979141235352,4.0,16.0,10.0,False
injected_any,0.5,30.0,30,0,,,,,False
injected,0.5,30.0,31,30,0.0675782254228352,3.0,28.0,17.0,False
injected,0.5,30.0,31,60,0.728807994071758,1.0,20.0,23.0,False
injected,0.5,30.0,31,120,0.3388197422027588,3.0,13.0,10.0,False
injected_any,0.5,30.0,31,0,,,,,False
injected,0.5,30.0,32,30,0.07193254422027448,3.0,29.0,18.0,False
injected,0.5,30.0,32,60,0.5626853438097896,1.0,20.0,20.0,False
injected,0.5,30.0,32,120,0.2517223358154297,3.0,12.0,8.0,False
injected_any,0.5,30.0,32,0,,,,,False
injected,0.5,30.0,33,30,0.03622713008127221,4.0,29.0,16.0,False
injected,0.5,30.0,33,60,0.3776143287523155,3.0,22.0,19.0,False
injected,0.5,30.0,33,120,0.16346979141235352,3.0,16.0,10.0,False
injected_any,0.5,30.0,33,0,,,,,False
injected,0.5,30.0,34,30,0.06314473719271518,3.0,27.0,16.0,False
injected,0.5,30.0,34,60,0.5,2.0,21.0,20.0,False
injected,0.5,30.0,34,120,0.06690025329589844,4.0,15.0,7.0,False
injected_any,0.5,30.0,34,0,,,,,False
injected,0.5,30.0,35,30,0.051902677752053705,3.0,29.0,17.0,False
injected,0.5,30.0,35,60,0.3776143287523155,3.0,22.0,19.0,False
injected,0.5,30.0,35,120,0.13158798217773438,4.0,13.0,7.0,False
injected_any,0.5,30.0,35,0,,,,,False
injected,0.5,30.0,36,30,0.04807087721030712,4.0,28.0,16.0,False
injected,0.5,30.0,36,60,0.6223856712476845,2.0,20.0,21.0,False
injected,0.5,30.0,36,120,0.21217811107635498,4.0,15.0,10.0,False
injected_any,0.5,30.0,36,0,,,,,False
injected,0.5,30.0,37,30,0.03299701722789905,4.0,28.0,15.0,False
injected,0.5,30.0,37,60,0.5000000000000002,2.0,20.0,19.0,False
injected,0.5,30.0,37,120,0.08431877195835114,4.0,17.0,9.0,False
injected_any,0.5,30.0,37,0,,,,,False
injected,0.5,30.0,38,30,0.021779260961920954,4.0,28.0,14.0,False
injected,0.5,30.0,38,60,0.22569041619806285,3.0,25.0,19.0,False
injected,0.5,30.0,38,120,0.10501980781555176,4.0,15.0,8.0,False
injected_any,0.5,30.0,38,0,,,,,False
injected,0.5,30.0,39,30,0.22569041619806285,2.0,25.0,19.0,False
injected,0.5,30.0,39,60,0.23069559106838256,3.0,26.0,20.0,False
injected,0.5,30.0,39,120,0.057659149169921875,4.0,14.0,6.0,False
injected_any,0.5,30.0,39,0,,,,,False
injected,0.5,30.0,40,30,0.04807087721030712,4.0,28.0,16.0,False
injected,0.5,30.0,40,60,0.38543349728651316,2.0,25.0,22.0,False
injected,0.5,30.0,40,120,0.08353424072265625,4.0,13.0,6.0,False
injected_any,0.5,30.0,40,0,,,,,False
injected,0.5,30.0,41,30,0.011314420602957398,4.0,30.0,14.0,True
injected,0.5,30.0,41,60,0.2611986902484206,3.0,22.0,17.0,False
injected,0.5,30.0,41,120,0.07579481601715088,4.0,16.0,8.0,False
injected_any,0.5,30.0,41,0,,,,,True
injected,0.5,30.0,42,30,0.017848901777597348,4.0,30.0,15.0,False
injected,0.5,30.0,42,60,0.2757421649012599,3.0,25.0,20.0,False
injected,0.5,30.0,42,120,0.21217811107635498,4.0,15.0,10.0,False
injected_any,0.5,30.0,42,0,,,,,False
injected,0.5,30.0,43,30,0.03245432353613609,4.0,32.0,18.0,False
injected,0.5,30.0,43,60,0.43731465619021037,3.0,21.0,19.0,False
injected,0.5,30.0,43,120,0.08353424072265625,4.0,13.0,6.0,False
injected_any,0.5,30.0,43,0,,,,,False
injected,0.5,30.0,44,30,0.024383382952237298,4.0,29.0,15.0,False
injected,0.5,30.0,44,60,0.43731465619021037,3.0,21.0,19.0,False
injected,0.5,30.0,44,120,0.27062809467315674,3.0,14.0,10.0,False
injected_any,0.5,30.0,44,0,,,,,False
injected,0.5,30.0,45,30,0.027038015929434778,4.0,30.0,16.0,False
injected,0.5,30.0,45,60,0.44149795606119824,3.0,24.0,22.0,False
injected,0.5,30.0,45,120,0.06690025329589844,4.0,15.0,7.0,False
injected_any,0.5,30.0,45,0,,,,,False
injected,0.5,30.0,46,30,0.017848901777597348,4.0,30.0,15.0,False
injected,0.5,30.0,46,60,0.38543349728651316,3.0,25.0,22.0,False
injected,0.5,30.0,46,120,0.14313936233520508,4.0,14.0,8.0,False
injected_any,0.5,30.0,46,0,,,,,False
injected,0.5,30.0,47,30,0.051902677752053705,4.0,29.0,17.0,False
injected,0.5,30.0,47,60,0.3327329060383094,2.0,26.0,22.0,False
injected,0.5,30.0,47,120,0.07579481601715088,4.0,16.0,8.0,False
injected_any,0.5,30.0,47,0,,,,,False
injected,0.5,30.0,48,30,0.06314473719271518,4.0,27.0,16.0,False
injected,0.5,30.0,48,60,0.38039582128067195,3.0,23.0,20.0,False
injected,0.5,30.0,48,120,0.07579481601715088,4.0,16.0,8.0,False
injected_any,0.5,30.0,48,0,,,,,False
injected,0.5,30.0,49,30,0.1279375397716649,2.0,23.0,15.0,False
injected,0.5,30.0,49,60,0.559802089359664,2.0,22.0,22.0,False
injected,0.5,30.0,49,120,0.21217811107635498,3.0,15.0,10.0,False
injected_any,0.5,30.0,49,0,,,,,False
injected,0.5,60.0,0,30,0.9862334220852063,0.0,14.0,27.0,False
injected,0.5,60.0,0,60,0.5611928356238423,2.0,21.0,21.0,False
injected,0.5,60.0,0,120,0.3388197422027588,2.0,13.0,10.0,False
injected_any,0.5,60.0,0,0,,,,,False
injected,0.5,60.0,1,30,0.9977330692089055,0.0,14.0,32.0,False
injected,0.5,60.0,1,60,0.7242578350987401,1.0,21.0,24.0,False
injected,0.5,60.0,1,120,0.5,1.0,13.0,12.0,False
injected_any,0.5,60.0,1,0,,,,,False
injected,0.5,60.0,2,30,0.9756166170477627,0.0,16.0,28.0,False
injected,0.5,60.0,2,60,0.6170040878776035,2.0,22.0,23.0,False
injected,0.5,60.0,2,120,0.3505540192127228,2.0,15.0,12.0,False
injected_any,0.5,60.0,2,0,,,,,False
injected,0.5,60.0,3,30,0.9842302513234245,0.0,15.0,28.0,False
injected,0.5,60.0,3,60,0.5585020439388018,2.0,23.0,23.0,False
injected,0.5,60.0,3,120,0.42250949144363403,2.0,14.0,12.0,False
injected_any,0.5,60.0,3,0,,,,,False
injected,0.5,60.0,4,30,0.9952200605716826,0.0,14.0,30.0,False
injected,0.5,60.0,4,60,0.7743095838019372,1.0,20.0,24.0,False
injected,0.5,60.0,4,120,0.6494459807872772,1.0,13.0,14.0,False
injected_any,0.5,60.0,4,0,,,,,False
injected,0.5,60.0,5,30,0.9906880816924968,0.0,16.0,31.0,False
injected,0.5,60.0,5,60,0.5,3.0,23.0,22.0,False
injected,0.5,60.0,5,120,0.27062809467315674,3.0,14.0,10.0,False
injected_any,0.5,60.0,5,0,,,,,False
injected,0.5,60.0,6,30,0.9985563760128571,0.0,12.0,30.0,False
injected,0.5,60.0,6,60,0.6820859986855794,1.0,19.0,21.0,False
injected,0.5,60.0,6,120,0.5,2.0,15.0,14.0,False
injected_any,0.5,60.0,6,0,,,,,False
injected,0.5,60.0,7,30,0.9368552628072848,0.0,17.0,26.0,False
injected,0.5,60.0,7,60,0.38543349728651316,3.0,25.0,22.0,False
injected,0.5,60.0,7,120,0.3505540192127228,2.0,15.0,12.0,False
injected_any,0.5,60.0,7,0,,,,,False
injected,0.5,60.0,8,30,0.9756166170477627,0.0,16.0,28.0,False
injected,0.5,60.0,8,60,0.44149795606119824,3.0,24.0,22.0,False
injected,0.5,60.0,8,120,0.5,1.0,15.0,14.0,False
injected_any,0.5,60.0,8,0,,,,,False
injected,0.5,60.0,9,30,0.9931409074706607,0.0,14.0,29.0,False
injected,0.5,60.0,9,60,0.440197910640336,3.0,23.0,21.0,False
injected,0.5,60.0,9,120,0.355535551905632,3.0,16.0,13.0,False
injected_any,0.5,60.0,9,0,,,,,False
injected,0.5,60.0,10,30,0.967002982772101,0.0,16.0,27.0,False
injected,0.5,60.0,10,60,0.5,1.0,22.0,21.0,False
injected,0.5,60.0,10,120,0.5,1.0,12.0,11.0,False
injected_any,0.5,60.0,10,0,,,,,False
injected,0.5,60.0,11,30,0.9870519591033826,0.0,16.0,30.0,False
injected,0.5,60.0,11,60,0.6706309614881718,1.0,22.0,24.0,False
injected,0.5,60.0,11,120,0.5,1.0,17.0,16.0,False
injected_any,0.5,60.0,11,0,,,,,False
injected,0.5,60.0,12,30,0.9902397636087699,0.0,14.0,28.0,False
injected,0.5,60.0,12,60,0.38039582128067195,2.0,23.0,20.0,False
injected,0.5,60.0,12,120,0.5,2.0,14.0,13.0,False
injected_any,0.5,60.0,12,0,,,,,False
injected,0.5,60.0,13,30,0.9862334220852063,0.0,14.0,27.0,False
injected,0.5,60.0,13,60,0.6864487149214256,1.0,18.0,20.0,False
injected,0.5,60.0,13,120,0.6494459807872772,2.0,13.0,14.0,False
injected_any,0.5,60.0,13,0,,,,,False
injected,0.5,60.0,14,30,0.9987705498389516,0.0,13.0,32.0,False
injected,0.5,60.0,14,60,0.923070027918584,0.0,16.0,24.0,False
injected,0.5,60.0,14,120,0.7293719053268433,1.0,11.0,13.0,False
injected_any,0.5,60.0,14,0,,,,,False
injected,0.5,60.0,15,30,0.9733740429510362,0.0,14.0,25.0,False
injected,0.5,60.0,15,60,0.3829959121223965,3.0,24.0,21.0,False
injected,0.5,60.0,15,120,0.42250949144363403,3.0,14.0,12.0,False
injected_any,0.5,60.0,15,0,,,,,False
injected,0.5,60.0,16,30,0.9870519591033826,0.0,16.0,30.0,False
injected,0.5,60.0,16,60,0.7796004663287022,1.0,19.0,23.0,False
injected,0.5,60.0,16,120,0.5747229903936386,1.0,14.0,14.0,False
injected_any,0.5,60.0,16,0,,,,,False
injected,0.5,60.0,17,30,0.9886855793970426,0.0,15.0,29.0,False
injected,0.5,60.0,17,60,0.6706309614881718,2.0,22.0,24.0,False
injected,0.5,60.0,17,120,0.5747229903936386,1.0,14.0,14.0,False
injected_any,0.5,60.0,17,0,,,,,False
injected,0.5,60.0,18,30,0.9952200605716826,0.0,14.0,30.0,False
injected,0.5,60.0,18,60,0.6170040878776035,2.0,22.0,23.0,False
injected,0.5,60.0,18,120,0.42250949144363403,2.0,14.0,12.0,False
injected_any,0.5,60.0,18,0,,,,,False
injected,0.5,60.0,19,30,0.9862334220852063,0.0,14.0,27.0,False
injected,0.5,60.0,19,60,0.619604178719328,1.0,21.0,22.0,False
injected,0.5,60.0,19,120,0.5,3.0,13.0,12.0,False
injected_any,0.5,60.0,19,0,,,,,False
injected,0.5,60.0,20,30,0.9862334220852063,0.0,14.0,27.0,False
injected,0.5,60.0,20,60,0.7502200833987445,2.0,16.0,19.0,False
injected,0.5,60.0,20,120,0.5,2.0,12.0,11.0,False
injected_any,0.5,60.0,20,0,,,,,False
injected,0.5,60.0,21,30,0.9821510982224027,0.0,16.0,29.0,False
injected,0.5,60.0,21,60,0.5,2.0,25.0,24.0,False
injected,0.5,60.0,21,120,0.577490508556366,1.0,13.0,13.0,False
injected_any,0.5,60.0,21,0,,,,,False
injected,0.5,60.0,22,30,0.9596547661240038,0.0,15.0,25.0,False
injected,0.5,60.0,22,60,0.6223856712476845,2.0,20.0,21.0,False
injected,0.5,60.0,22,120,0.577490508556366,1.0,13.0,13.0,False
injected_any,0.5,60.0,22,0,,,,,False
injected,0.5,60.0,23,30,0.9906880816924968,0.0,16.0,31.0,False
injected,0.5,60.0,23,60,0.6820859986855794,0.0,19.0,21.0,False
injected,0.5,60.0,23,120,0.355535551905632,2.0,16.0,13.0,False
injected_any,0.5,60.0,23,0,,,,,False
injected,0.5,60.0,24,30,0.9886855793970426,0.0,15.0,29.0,False
injected,0.5,60.0,24,60,0.4388071643761577,2.0,22.0,20.0,False
injected,0.5,60.0,24,120,0.355535551905632,2.0,16.0,13.0,False
injected_any,0.5,60.0,24,0,,,,,False
injected,0.5,60.0,25,30,0.9960420513325516,0.0,13.0,29.0,False
injected,0.5,60.0,25,60,0.7443121092073852,2.0,17.0,20.0,False
injected,0.5,60.0,25,120,0.42250949144363403,2.0,14.0,12.0,False
injected_any,0.5,60.0,25,0,,,,,False
injected,0.5,60.0,26,30,0.9842302513234245,0.0,15.0,28.0,False
injected,0.5,60.0,26,60,0.6706309614881718,2.0,22.0,24.0,False
injected,0.5,60.0,26,120,0.5679168797796592,2.0,17.0,17.0,False
injected_any,0.5,60.0,26,0,,,,,False
injected,0.5,60.0,27,30,0.9807613458578999,0.0,14.0,26.0,False
injected,0.5,60.0,27,60,0.4438624136703915,3.0,26.0,24.0,False
injected,0.5,60.0,27,120,0.577490508556366,2.0,13.0,13.0,False
injected_any,0.5,60.0,27,0,,,,,False
injected,0.5,60.0,28,30,0.9919528199843626,0.0,15.0,30.0,False
injected,0.5,60.0,28,60,0.6780155218148138,2.0,20.0,22.0,False
injected,0.5,60.0,28,120,0.34501898288726807,2.0,14.0,11.0,False
injected_any,0.5,60.0,28,0,,,,,False
injected,0.5,60.0,29,30,0.9960420513325516,0.0,13.0,29.0,False
injected,0.5,60.0,29,60,0.7911539045817335,1.0,17.0,21.0,False
injected,0.5,60.0,29,120,0.5,2.0,14.0,13.0,False
injected_any,0.5,60.0,29,0,,,,,False
injected,0.5,60.0,30,30,0.9902397636087699,1.0,14.0,28.0,False
injected,0.5,60.0,30,60,0.6223856712476845,1.0,20.0,21.0,False
injected,0.5,60.0,30,120,0.5,1.0,14.0,13.0,False
injected_any,0.5,60.0,30,0,,,,,False
injected,0.5,60.0,31,30,0.9702080559909518,0.0,15.0,26.0,False
injected,0.5,60.0,31,60,0.5,2.0,21.0,20.0,False
injected,0.5,60.0,31,120,0.5,2.0,14.0,13.0,False
injected_any,0.5,60.0,31,0,,,,,False
injected,0.5,60.0,32,30,0.9988892831133853,0.0,11.0,29.0,False
injected,0.5,60.0,32,60,0.6820859986855794,1.0,19.0,21.0,False
injected,0.5,60.0,32,120,0.644464448094368,1.0,14.0,15.0,False
injected_any,0.5,60.0,32,0,,,,,False
injected,0.5,60.0,33,30,0.9756166170477627,0.0,16.0,28.0,False
injected,0.5,60.0,33,60,0.6780155218148138,1.0,20.0,22.0,False
injected,0.5,60.0,33,120,0.6549810171127319,1.0,12.0,13.0,False
injected_any,0.5,60.0,33,0,,,,,False
injected,0.5,60.0,34,30,0.9886855793970426,0.0,15.0,29.0,False
injected,0.5,60.0,34,60,0.674206086395543,2.0,21.0,23.0,False
injected,0.5,60.0,34,120,0.4252770096063614,2.0,15.0,13.0,False
injected_any,0.5,60.0,34,0,,,,,False
injected,0.5,60.0,35,30,0.976484486280242,0.0,13.0,24.0,False
injected,0.5,60.0,35,60,0.619604178719328,2.0,21.0,22.0,False
injected,0.5,60.0,35,120,0.5805901288986206,1.0,12.0,12.0,False
injected_any,0.5,60.0,35,0,,,,,False
injected,0.5,60.0,36,30,0.9807613458578999,0.0,14.0,26.0,False
injected,0.5,60.0,36,60,0.8944882011955997,1.0,17.0,24.0,False
injected,0.5,60.0,36,120,0.77087084017694,1.0,13.0,16.0,False
injected_any,0.5,60.0,36,0,,,,,False
injected,0.5,60.0,37,30,0.978220739038079,0.0,15.0,27.0,False
injected,0.5,60.0,37,60,0.728807994071758,2.0,20.0,23.0,False
injected,0.5,60.0,37,120,0.42776777595281607,3.0,16.0,14.0,False
injected_any,0.5,60.0,37,0,,,,,False
injected,0.5,60.0,38,30,0.9917054983125126,0.0,13.0,27.0,False
injected,0.5,60.0,38,60,0.6170040878776035,2.0,22.0,23.0,False
injected,0.5,60.0,38,120,0.7293719053268433,1.0,11.0,13.0,False
injected_any,0.5,60.0,38,0,,,,,False
injected,0.5,60.0,39,30,0.9756166170477627,0.0,16.0,28.0,False
injected,0.5,60.0,39,60,0.619604178719328,0.0,21.0,22.0,False
injected,0.5,60.0,39,120,0.3505540192127228,3.0,15.0,12.0,False
injected_any,0.5,60.0,39,0,,,,,False
injected,0.5,60.0,40,30,0.9902397636087699,0.0,14.0,28.0,False
injected,0.5,60.0,40,60,0.619604178719328,2.0,21.0,22.0,False
injected,0.5,60.0,40,120,0.34501898288726807,2.0,14.0,11.0,False
injected_any,0.5,60.0,40,0,,,,,False
injected,0.5,60.0,41,30,0.9931409074706607,0.0,14.0,29.0,False
injected,0.5,60.0,41,60,0.6820859986855794,0.0,19.0,21.0,False
injected,0.5,60.0,41,120,0.42250949144363403,3.0,14.0,12.0,False
injected_any,0.5,60.0,41,0,,,,,False
injected,0.5,60.0,42,30,0.9881486487647635,0.0,13.0,26.0,False
injected,0.5,60.0,42,60,0.6223856712476845,1.0,20.0,21.0,False
injected,0.5,60.0,42,120,0.7214014530181885,1.0,12.0,14.0,False
injected_any,0.5,60.0,42,0,,,,,False
injected,0.5,60.0,43,30,0.9972992136727044,0.0,13.0,30.0,False
injected,0.5,60.0,43,60,0.4388071643761577,3.0,22.0,20.0,False
injected,0.5,60.0,43,120,0.4194098711013794,2.0,13.0,11.0,False
injected_any,0.5,60.0,43,0,,,,,False
injected,0.5,60.0,44,30,0.9902397636087699,0.0,14.0,28.0,False
injected,0.5,60.0,44,60,0.7388013097515794,1.0,18.0,21.0,False
injected,0.5,60.0,44,120,0.42250949144363403,2.0,14.0,12.0,False
injected_any,0.5,60.0,44,0,,,,,False
injected,0.5,60.0,45,30,0.9902397636087699,0.0,14.0,28.0,False
injected,0.5,60.0,45,60,0.559802089359664,2.0,22.0,22.0,False
injected,0.5,60.0,45,120,0.355535551905632,2.0,16.0,13.0,False
injected_any,0.5,60.0,45,0,,,,,False
injected,0.5,60.0,46,30,0.9842302513234245,0.0,15.0,28.0,False
injected,0.5,60.0,46,60,0.5,1.0,23.0,22.0,False
injected,0.5,60.0,46,120,0.3641662404406816,3.0,18.0,15.0,False
injected_any,0.5,60.0,46,0,,,,,False
injected,0.5,60.0,47,30,0.9756166170477627,0.0,16.0,28.0,False
injected,0.5,60.0,47,60,0.619604178719328,2.0,21.0,22.0,False
injected,0.5,60.0,47,120,0.5747229903936386,1.0,14.0,14.0,False
injected_any,0.5,60.0,47,0,,,,,False
injected,0.5,60.0,48,30,0.9981711165860361,0.0,13.0,31.0,False
injected,0.5,60.0,48,60,0.8600218807355304,1.0,18.0,24.0,False
injected,0.5,60.0,48,120,0.7634351700544357,1.0,14.0,17.0,False
injected_any,0.5,60.0,48,0,,,,,False
injected,0.5,60.0,49,30,0.9931409074706607,0.0,14.0,29.0,False
injected,0.5,60.0,49,60,0.674206086395543,1.0,21.0,23.0,False
injected,0.5,60.0,49,120,0.5,3.0,13.0,12.0,False
injected_any,0.5,60.0,49,0,,,,,False
injected,1.0,15.0,0,30,9.11417247229096e-10,4.0,49.0,6.0,True
injected,1.0,15.0,0,60,0.0002541302237659693,4.0,28.0,7.0,True
injected,1.0,15.0,0,120,0.0064697265625,4.0,12.0,2.0,True
injected_any,1.0,15.0,0,0,,,,,True
injected,1.0,15.0,1,30,3.490541189421492e-11,4.0,46.0,3.0,True
injected,1.0,15.0,1,60,0.0007154531776905061,4.0,24.0,6.0,True
injected,1.0,15.0,1,120,0.0384063720703125,4.0,12.0,4.0,False
injected_any,1.0,15.0,1,0,,,,,True
injected,1.0,15.0,2,30,1.5514018514295458e-07,4.0,40.0,6.0,True
injected,1.0,15.0,2,60,0.032622667611576624,4.0,24.0,12.0,False
injected,1.0,15.0,2,120,0.026239395141601562,4.0,16.0,6.0,False
injected_any,1.0,15.0,2,0,,,,,True
injected,1.0,15.0,3,30,4.0338047957444445e-08,4.0,47.0,8.0,True
injected,1.0,15.0,3,60,9.756279177963734e-05,4.0,28.0,6.0,True
injected,1.0,15.0,3,120,0.017578125,4.0,12.0,3.0,False
injected_any,1.0,15.0,3,0,,,,,True
injected,1.0,15.0,4,30,4.0338047957444445e-08,4.0,47.0,8.0,True
injected,1.0,15.0,4,60,0.001966586511116475,4.0,27.0,9.0,True
injected,1.0,15.0,4,120,0.15087890624999997,3.0,10.0,5.0,False
injected_any,1.0,15.0,4,0,,,,,True
injected,1.0,15.0,5,30,2.104926011270436e-09,4.0,45.0,5.0,True
injected,1.0,15.0,5,60,0.0009391127387061716,4.0,27.0,8.0,True
injected,1.0,15.0,5,120,0.0106353759765625,4.0,13.0,3.0,True
injected_any,1.0,15.0,5,0,,,,,True
injected,1.0,15.0,6,30,1.2081535771812923e-10,4.0,47.0,4.0,True
injected,1.0,15.0,6,60,0.0001620317343622446,4.0,27.0,6.0,True
injected,1.0,15.0,6,120,0.001708984375,4.0,12.0,1.0,True
injected_any,1.0,15.0,6,0,,,,,True
injected,1.0,15.0,7,30,3.486905075789082e-08,4.0,45.0,7.0,True
injected,1.0,15.0,7,60,0.001229450161048362,4.0,33.0,12.0,True
injected,1.0,15.0,7,120,0.0020904541015625,4.0,14.0,2.0,True
injected_any,1.0,15.0,7,0,,,,,True
injected,1.0,15.0,8,30,3.486905075789082e-08,4.0,45.0,7.0,True
injected,1.0,15.0,8,60,0.00053250981727615,4.0,30.0,9.0,True
injected,1.0,15.0,8,120,0.0106353759765625,4.0,13.0,3.0,True
injected_any,1.0,15.0,8,0,,,,,True
injected,1.0,15.0,9,30,3.79857922894189e-09,4.0,44.0,5.0,True
injected,1.0,15.0,9,60,0.0011107168866146822,4.0,30.0,10.0,True
injected,1.0,15.0,9,120,0.00960540771484375,4.0,15.0,4.0,True
injected_any,1.0,15.0,9,0,,,,,True
injected,1.0,15.0,10,30,4.531635958482383e-06,4.0,42.0,10.0,True
injected,1.0,15.0,10,60,0.016776219839812256,3.0,26.0,12.0,False
injected,1.0,15.0,10,120,0.01544189453125,4.0,14.0,4.0,True
injected_any,1.0,15.0,10,0,,,,,True
injected,1.0,15.0,11,30,1.145932104762437e-08,4.0,47.0,7.0,True
injected,1.0,15.0,11,60,0.0009391127387061716,4.0,27.0,8.0,True
injected,1.0,15.0,11,120,0.0035986900329589844,4.0,17.0,4.0,True
injected_any,1.0,15.0,11,0,,,,,True
injected,1.0,15.0,12,30,5.162910987621672e-09,4.0,46.0,6.0,True
injected,1.0,15.0,12,60,0.0001620317343622446,4.0,27.0,6.0,True
injected,1.0,15.0,12,120,0.019287109375,4.0,10.0,2.0,False
injected_any,1.0,15.0,12,0,,,,,True
injected,1.0,15.0,13,30,1.8541612689659814e-11,4.0,47.0,3.0,True
injected,1.0,15.0,13,60,5.653710104525089e-05,4.0,27.0,5.0,True
injected,1.0,15.0,13,120,0.017578125,4.0,12.0,3.0,False
injected_any,1.0,15.0,13,0,,,,,True
injected,1.0,15.0,14,30,2.104926011270436e-09,4.0,45.0,5.0,True
injected,1.0,15.0,14,60,0.0009391127387061716,4.0,27.0,8.0,True
injected,1.0,15.0,14,120,0.046142578125,4.0,10.0,3.0,False
injected_any,1.0,15.0,14,0,,,,,True
injected,1.0,15.0,15,30,1.542517804719451e-08,4.0,51.0,9.0,True
injected,1.0,15.0,15,60,0.0009391127387061716,4.0,27.0,8.0,True
injected,1.0,15.0,15,120,0.001708984375,4.0,12.0,1.0,True
injected_any,1.0,15.0,15,0,,,,,True
injected,1.0,15.0,16,30,4.6317732049772076e-06,4.0,40.0,9.0,True
injected,1.0,15.0,16,60,0.0025488216488156468,3.0,28.0,10.0,True
injected,1.0,15.0,16,120,0.0245208740234375,4.0,13.0,4.0,False
injected_any,1.0,15.0,16,0,,,,,True
injected,1.0,15.0,17,30,1.6559423811901561e-06,4.0,46.0,11.0,True
injected,1.0,15.0,17,60,0.005753894867666531,4.0,29.0,12.0,True
injected,1.0,15.0,17,120,0.017578125,4.0,12.0,3.0,False
injected_any,1.0,15.0,17,0,,,,,True
injected,1.0,15.0,18,30,2.2308910274659866e-10,4.0,46.0,4.0,True
injected,1.0,15.0,18,60,0.0002541302237659693,4.0,28.0,7.0,True
injected,1.0,15.0,18,120,0.017578125,4.0,12.0,3.0,False
injected_any,1.0,15.0,18,0,,,,,True
injected,1.0,15.0,19,30,2.8638826421456542e-08,4.0,43.0,6.0,True
injected,1.0,15.0,19,60,0.005665492091793567,3.0,26.0,10.0,True
injected,1.0,15.0,19,120,0.0064697265625,4.0,12.0,2.0,True
injected_any,1.0,15.0,19,0,,,,,True
injected,1.0,15.0,20,30,9.161814418234826e-09,4.0,45.0,6.0,True
injected,1.0,15.0,20,60,0.005665492091793567,4.0,26.0,10.0,True
injected,1.0,15.0,20,120,0.0286865234375,4.0,11.0,3.0,False
injected_any,1.0,15.0,20,0,,,,,True
injected,1.0,15.0,21,30,1.285786024041169e-07,4.0,47.0,9.0,True
injected,1.0,15.0,21,60,0.0009569805006321985,4.0,32.0,11.0,True
injected,1.0,15.0,21,120,0.0245208740234375,3.0,13.0,4.0,False
injected_any,1.0,15.0,21,0,,,,,True
injected,1.0,15.0,22,30,3.486905075789082e-08,4.0,45.0,7.0,True
injected,1.0,15.0,22,60,0.003213288047845708,4.0,29.0,11.0,True
injected,1.0,15.0,22,120,0.0286865234375,3.0,11.0,3.0,False
injected_any,1.0,15.0,22,0,,,,,True
injected,1.0,15.0,23,30,2.708884494495578e-07,4.0,39.0,6.0,True
injected,1.0,15.0,23,60,0.011851351235236507,3.0,27.0,12.0,True
injected,1.0,15.0,23,120,0.0022125244140625,4.0,16.0,3.0,True
injected_any,1.0,15.0,23,0,,,,,True
injected,1.0,15.0,24,30,1.049338713698944e-07,4.0,43.0,7.0,True
injected,1.0,15.0,24,60,0.009760236391230137,3.0,29.0,13.0,True
injected,1.0,15.0,24,120,0.0037689208984375,4.0,15.0,3.0,True
injected_any,1.0,15.0,24,0,,,,,True
injected,1.0,15.0,25,30,3.433558868337627e-07,4.0,43.0,8.0,True
injected,1.0,15.0,25,60,0.028806336456909776,3.0,23.0,11.0,False
injected,1.0,15.0,25,120,0.017578125,4.0,12.0,3.0,False
injected_any,1.0,15.0,25,0,,,,,True
injected,1.0,15.0,26,30,3.644215388343141e-07,4.0,45.0,9.0,True
injected,1.0,15.0,26,60,0.003816039301455021,4.0,27.0,10.0,True
injected,1.0,15.0,26,120,0.01544189453125,4.0,14.0,4.0,True
injected_any,1.0,15.0,26,0,,,,,True
injected,1.0,15.0,27,30,4.0338047957444445e-08,4.0,47.0,8.0,True
injected,1.0,15.0,27,60,0.0008290262630907819,4.0,29.0,9.0,True
injected,1.0,15.0,27,120,0.0106353759765625,4.0,13.0,3.0,True
injected_any,1.0,15.0,27,0,,,,,True
injected,1.0,15.0,28,30,6.92167748672645e-08,4.0,46.0,8.0,True
injected,1.0,15.0,28,60,0.0012816039961762726,4.0,28.0,9.0,True
injected,1.0,15.0,28,120,0.017578125,4.0,12.0,3.0,False
injected_any,1.0,15.0,28,0,,,,,True
injected,1.0,15.0,29,30,9.161814418234826e-09,4.0,45.0,6.0,True
injected,1.0,15.0,29,60,0.008336923900060357,4.0,25.0,10.0,True
injected,1.0,15.0,29,120,0.01544189453125,3.0,14.0,4.0,True
injected_any,1.0,15.0,29,0,,,,,True
injected,1.0,15.0,30,30,2.0015980872756245e-08,4.0,46.0,7.0,True
injected,1.0,15.0,30,60,0.0011107168866146822,4.0,30.0,10.0,True
injected,1.0,15.0,30,120,0.01544189453125,3.0,14.0,4.0,True
injected_any,1.0,15.0,30,0,,,,,True
injected,1.0,15.0,31,30,1.049338713698944e-07,4.0,43.0,7.0,True
injected,1.0,15.0,31,60,0.005336920265108347,4.0,23.0,8.0,True
injected,1.0,15.0,31,120,0.0106353759765625,4.0,13.0,3.0,True
injected_any,1.0,15.0,31,0,,,,,True
injected,1.0,15.0,32,30,4.479701214490928e-08,4.0,49.0,9.0,True
injected,1.0,15.0,32,60,0.0016634464263916016,4.0,24.0,7.0,True
injected,1.0,15.0,32,120,0.072998046875,4.0,9.0,3.0,False
injected_any,1.0,15.0,32,0,,,,,True
injected,1.0,15.0,33,30,0.00040116544344748206,4.0,39.0,14.0,True
injected,1.0,15.0,33,60,0.0403452338759962,3.0,26.0,14.0,False
injected,1.0,15.0,33,120,0.1189422607421875,3.0,12.0,6.0,False
injected_any,1.0,15.0,33,0,,,,,True
injected,1.0,15.0,34,30,1.6218702825199216e-08,4.0,44.0,6.0,True
injected,1.0,15.0,34,60,0.003816039301455021,4.0,27.0,10.0,True
injected,1.0,15.0,34,120,0.00960540771484375,4.0,15.0,4.0,True
injected_any,1.0,15.0,34,0,,,,,True
injected,1.0,15.0,35,30,1.6282650783239203e-09,4.0,48.0,6.0,True
injected,1.0,15.0,35,60,0.0002675263676792383,4.0,26.0,6.0,True
injected,1.0,15.0,35,120,0.019287109375,3.0,10.0,2.0,False
injected_any,1.0,15.0,35,0,,,,,True
injected,1.0,15.0,36,30,3.644215388343141e-07,4.0,45.0,9.0,True
injected,1.0,15.0,36,60,0.001966586511116475,4.0,27.0,9.0,True
injected,1.0,15.0,36,120,0.05923461914062499,4.0,11.0,4.0,False
injected_any,1.0,15.0,36,0,,,,,True
injected,1.0,15.0,37,30,2.7698107984974736e-06,4.0,39.0,8.0,True
injected,1.0,15.0,37,60,0.005665492091793567,4.0,26.0,10.0,True
injected,1.0,15.0,37,120,0.01544189453125,4.0,14.0,4.0,True
injected_any,1.0,15.0,37,0,,,,,True
injected,1.0,15.0,38,30,2.1681915685078934e-07,4.0,46.0,9.0,True
injected,1.0,15.0,38,60,0.0025488216488156468,4.0,28.0,10.0,True
injected,1.0,15.0,38,120,0.01123046875,4.0,11.0,2.0,True
injected_any,1.0,15.0,38,0,,,,,True
injected,1.0,15.0,39,30,5.0437410692438795e-08,4.0,42.0,6.0,True
injected,1.0,15.0,39,60,0.003816039301455021,4.0,27.0,10.0,True
injected,1.0,15.0,39,120,0.0037689208984375,4.0,15.0,3.0,True
injected_any,1.0,15.0,39,0,,,,,True
injected,1.0,15.0,40,30,1.1841756886177279e-07,4.0,45.0,8.0,True
injected,1.0,15.0,40,60,0.003816039301455021,4.0,27.0,10.0,True
injected,1.0,15.0,40,120,0.017578125,4.0,12.0,3.0,False
injected_any,1.0,15.0,40,0,,,,,True
injected,1.0,15.0,41,30,2.0196608696565477e-07,4.0,44.0,8.0,True
injected,1.0,15.0,41,60,0.0005966214812360704,4.0,28.0,8.0,True
injected,1.0,15.0,41,120,0.0011749267578125,4.0,15.0,2.0,True
injected_any,1.0,15.0,41,0,,,,,True
injected,1.0,15.0,42,30,2.3440920510209295e-08,4.0,48.0,8.0,True
injected,1.0,15.0,42,60,0.0011107168866146822,4.0,30.0,10.0,True
injected,1.0,15.0,42,120,0.017578125,3.0,12.0,3.0,False
injected_any,1.0,15.0,42,0,,,,,True
injected,1.0,15.0,43,30,7.851308877343534e-09,4.0,50.0,8.0,True
injected,1.0,15.0,43,60,0.0010512007866054773,4.0,25.0,7.0,True
injected,1.0,15.0,43,120,0.005859375,4.0,10.0,1.0,True
injected_any,1.0,15.0,43,0,,,,,True
injected,1.0,15.0,44,30,9.823268882769298e-07,4.0,41.0,8.0,True
injected,1.0,15.0,44,60,0.001966586511116475,4.0,27.0,9.0,True
injected,1.0,15.0,44,120,0.05923461914062499,4.0,11.0,4.0,False
injected_any,1.0,15.0,44,0,,,,,True
injected,1.0,15.0,45,30,4.0338047957444445e-08,4.0,47.0,8.0,True
injected,1.0,15.0,45,60,0.0016889239559532143,3.0,29.0,10.0,True
injected,1.0,15.0,45,120,0.0020904541015625,3.0,14.0,2.0,True
injected_any,1.0,15.0,45,0,,,,,True
injected,1.0,15.0,46,30,3.490541189421492e-11,4.0,46.0,3.0,True
injected,1.0,15.0,46,60,0.0009391127387061716,4.0,27.0,8.0,True
injected,1.0,15.0,46,120,0.0317840576171875,4.0,14.0,5.0,False
injected_any,1.0,15.0,46,0,,,,,True
injected,1.0,15.0,47,30,1.1841756886177279e-07,4.0,45.0,8.0,True
injected,1.0,15.0,47,60,0.0009569805006321985,4.0,32.0,11.0,True
injected,1.0,15.0,47,120,0.0063629150390625,4.0,14.0,3.0,True
injected_any,1.0,15.0,47,0,,,,,True
injected,1.0,15.0,48,30,2.104926011270436e-09,4.0,45.0,5.0,True
injected,1.0,15.0,48,60,9.756279177963734e-05,4.0,28.0,6.0,True
injected,1.0,15.0,48,120,0.0245208740234375,4.0,13.0,4.0,False
injected_any,1.0,15.0,48,0,,,,,True
injected,1.0,15.0,49,30,2.649790872055746e-06,4.0,37.0,7.0,True
injected,1.0,15.0,49,60,0.014408359827939423,4.0,25.0,11.0,True
injected,1.0,15.0,49,120,0.057659149169921875,3.0,14.0,6.0,False
injected_any,1.0,15.0,49,0,,,,,True
injected,1.0,30.0,0,30,1.6944139744623499e-06,4.0,42.0,9.0,True
injected,1.0,30.0,0,60,0.012153255054727197,4.0,24.0,10.0,True
injected,1.0,30.0,0,120,0.0064697265625,4.0,12.0,2.0,True
injected_any,1.0,30.0,0,0,,,,,True
injected,1.0,30.0,1,30,3.433558868337627e-07,4.0,43.0,8.0,True
injected,1.0,30.0,1,60,0.035377772990614176,3.0,21.0,10.0,False
injected,1.0,30.0,1,120,0.017578125,4.0,12.0,3.0,False
injected_any,1.0,30.0,1,0,,,,,True
injected,1.0,30.0,2,30,2.604723600396763e-05,4.0,42.0,12.0,True
injected,1.0,30.0,2,60,0.09979543345980349,3.0,24.0,15.0,False
injected,1.0,30.0,2,120,0.08353424072265625,3.0,13.0,6.0,False
injected_any,1.0,30.0,2,0,,,,,True
injected,1.0,30.0,3,30,1.1237797011620643e-05,4.0,42.0,11.0,True
injected,1.0,30.0,3,60,0.016776219839812256,4.0,26.0,12.0,False
injected,1.0,30.0,3,120,0.0384063720703125,4.0,12.0,4.0,False
injected_any,1.0,30.0,3,0,,,,,True
injected,1.0,30.0,4,30,9.84939209043318e-07,4.0,49.0,12.0,True
injected,1.0,30.0,4,60,0.055092082591727376,3.0,21.0,11.0,False
injected,1.0,30.0,4,120,0.30361938476562494,3.0,9.0,6.0,False
injected_any,1.0,30.0,4,0,,,,,True
injected,1.0,30.0,5,30,1.7943958064758903e-05,4.0,41.0,11.0,True
injected,1.0,30.0,5,60,0.020479795755818493,3.0,24.0,11.0,False
injected,1.0,30.0,5,120,0.0384063720703125,4.0,12.0,4.0,False
injected_any,1.0,30.0,5,0,,,,,True
injected,1.0,30.0,6,30,7.368857942502416e-06,4.0,41.0,10.0,True
injected,1.0,30.0,6,60,0.025051229866221547,4.0,22.0,10.0,False
injected,1.0,30.0,6,120,0.017578125,4.0,12.0,3.0,False
injected_any,1.0,30.0,6,0,,,,,True
injected,1.0,30.0,7,30,2.7752604445652196e-06,4.0,43.0,10.0,True
injected,1.0,30.0,7,60,0.021779260961920954,4.0,28.0,14.0,False
injected,1.0,30.0,7,120,0.0037689208984375,4.0,15.0,3.0,True
injected_any,1.0,30.0,7,0,,,,,True
injected,1.0,30.0,8,30,2.604723600396763e-05,4.0,42.0,12.0,True
injected,1.0,30.0,8,60,0.011851351235236507,4.0,27.0,12.0,True
injected,1.0,30.0,8,120,0.048126220703125,4.0,13.0,5.0,False
injected_any,1.0,30.0,8,0,,,,,True
injected,1.0,30.0,9,30,3.084820388821186e-05,4.0,38.0,10.0,True
injected,1.0,30.0,9,60,0.010036925959866494,4.0,26.0,11.0,True
injected,1.0,30.0,9,120,0.01544189453125,4.0,14.0,4.0,True
injected_any,1.0,30.0,9,0,,,,,True
injected,1.0,30.0,10,30,0.00023000250432439468,4.0,42.0,15.0,True
injected,1.0,30.0,10,60,0.22569041619806285,3.0,25.0,19.0,False
injected,1.0,30.0,10,120,0.1189422607421875,4.0,12.0,6.0,False
injected_any,1.0,30.0,10,0,,,,,True
injected,1.0,30.0,11,30,3.644215388343141e-07,4.0,45.0,9.0,True
injected,1.0,30.0,11,60,0.005665492091793567,4.0,26.0,10.0,True
injected,1.0,30.0,11,120,0.00845026969909668,3.0,17.0,5.0,True
injected_any,1.0,30.0,11,0,,,,,True
injected,1.0,30.0,12,30,4.0338047957444445e-08,4.0,47.0,8.0,True
injected,1.0,30.0,12,60,0.025051229866221547,4.0,22.0,10.0,False
injected,1.0,30.0,12,120,0.0286865234375,4.0,11.0,3.0,False
injected_any,1.0,30.0,12,0,,,,,True
injected,1.0,30.0,13,30,1.145932104762437e-08,4.0,47.0,7.0,True
injected,1.0,30.0,13,60,0.014724686741828918,4.0,22.0,9.0,True
injected,1.0,30.0,13,120,0.08978271484375,4.0,10.0,4.0,False
injected_any,1.0,30.0,13,0,,,,,True
injected,1.0,30.0,14,30,5.81777902297631e-07,4.0,42.0,8.0,True
injected,1.0,30.0,14,60,0.035377772990614176,4.0,21.0,10.0,False
injected,1.0,30.0,14,120,0.1334228515625,4.0,9.0,4.0,False
injected_any,1.0,30.0,14,0,,,,,True
injected,1.0,30.0,15,30,2.1118522811339885e-05,4.0,46.0,14.0,True
injected,1.0,30.0,15,60,0.005665492091793567,4.0,26.0,10.0,True
injected,1.0,30.0,15,120,0.003173828125,4.0,11.0,1.0,True
injected_any,1.0,30.0,15,0,,,,,True
injected,1.0,30.0,16,30,9.90197256687253e-05,4.0,39.0,12.0,True
injected,1.0,30.0,16,60,0.12149247701745483,3.0,22.0,14.0,False
injected,1.0,30.0,16,120,0.048126220703125,4.0,13.0,5.0,False
injected_any,1.0,30.0,16,0,,,,,True
injected,1.0,30.0,17,30,0.0002047707268912902,4.0,39.0,13.0,True
injected,1.0,30.0,17,60,0.09979543345980349,3.0,24.0,15.0,False
injected,1.0,30.0,17,120,0.0384063720703125,4.0,12.0,4.0,False
injected_any,1.0,30.0,17,0,,,,,True
injected,1.0,30.0,18,30,1.6928429766860373e-06,4.0,44.0,10.0,True
injected,1.0,30.0,18,60,0.008336923900060357,4.0,25.0,10.0,True
injected,1.0,30.0,18,120,0.0286865234375,4.0,11.0,3.0,False
injected_any,1.0,30.0,18,0,,,,,True
injected,1.0,30.0,19,30,4.349685852389484e-06,4.0,44.0,11.0,True
injected,1.0,30.0,19,60,0.04943587479647249,3.0,24.0,13.0,False
injected,1.0,30.0,19,120,0.0064697265625,4.0,12.0,2.0,True
injected_any,1.0,30.0,19,0,,,,,True
injected,1.0,30.0,20,30,2.8070500466270687e-06,4.0,41.0,9.0,True
injected,1.0,30.0,20,60,0.055092082591727376,4.0,21.0,11.0,False
injected,1.0,30.0,20,120,0.0384063720703125,4.0,12.0,4.0,False
injected_any,1.0,30.0,20,0,,,,,True
injected,1.0,30.0,21,30,5.0248349634574043e-05,4.0,44.0,14.0,True
injected,1.0,30.0,21,60,0.02351551371975802,4.0,25.0,12.0,False
injected,1.0,30.0,21,120,0.0245208740234375,4.0,13.0,4.0,False
injected_any,1.0,30.0,21,0,,,,,True
injected,1.0,30.0,22,30,1.505795481455963e-05,4.0,45.0,13.0,True
injected,1.0,30.0,22,60,0.036475694258115254,4.0,25.0,13.0,False
injected,1.0,30.0,22,120,0.1189422607421875,4.0,12.0,6.0,False
injected_any,1.0,30.0,22,0,,,,,True
injected,1.0,30.0,23,30,1.2452015312192087e-05,4.0,38.0,9.0,True
injected,1.0,30.0,23,60,0.12149247701745483,3.0,22.0,14.0,False
injected,1.0,30.0,23,120,0.020694732666015625,4.0,15.0,5.0,False
injected_any,1.0,30.0,23,0,,,,,True
injected,1.0,30.0,24,30,0.00015293200080179759,4.0,38.0,12.0,True
injected,1.0,30.0,24,60,0.1801888264678837,3.0,25.0,18.0,False
injected,1.0,30.0,24,120,0.01544189453125,4.0,14.0,4.0,True
injected_any,1.0,30.0,24,0,,,,,True
injected,1.0,30.0,25,30,6.563721582142356e-06,4.0,45.0,12.0,True
injected,1.0,30.0,25,60,0.18079730402678257,3.0,18.0,12.0,False
injected,1.0,30.0,25,120,0.0286865234375,4.0,11.0,3.0,False
injected_any,1.0,30.0,25,0,,,,,True
injected,1.0,30.0,26,30,2.3552188046976893e-05,4.0,44.0,13.0,True
injected,1.0,30.0,26,60,0.0403452338759962,3.0,26.0,14.0,False
injected,1.0,30.0,26,120,0.01544189453125,4.0,14.0,4.0,True
injected_any,1.0,30.0,26,0,,,,,True
injected,1.0,30.0,27,30,1.6526882366030282e-05,4.0,43.0,12.0,True
injected,1.0,30.0,27,60,0.02351551371975802,4.0,25.0,12.0,False
injected,1.0,30.0,27,120,0.0384063720703125,4.0,12.0,4.0,False
injected_any,1.0,30.0,27,0,,,,,True
injected,1.0,30.0,28,30,2.3552188046976893e-05,4.0,44.0,13.0,True
injected,1.0,30.0,28,60,0.020479795755818493,3.0,24.0,11.0,False
injected,1.0,30.0,28,120,0.048126220703125,4.0,13.0,5.0,False
injected_any,1.0,30.0,28,0,,,,,True
injected,1.0,30.0,29,30,1.1237797011620643e-05,4.0,42.0,11.0,True
injected,1.0,30.0,29,60,0.087732624495402,4.0,22.0,13.0,False
injected,1.0,30.0,29,120,0.0317840576171875,3.0,14.0,5.0,False
injected_any,1.0,30.0,29,0,,,,,True
injected,1.0,30.0,30,30,1.6928429766860373e-06,4.0,44.0,10.0,True
injected,1.0,30.0,30,60,0.029791944009048166,4.0,27.0,14.0,False
injected,1.0,30.0,30,120,0.0317840576171875,3.0,14.0,5.0,False
injected_any,1.0,30.0,30,0,,,,,True
injected,1.0,30.0,31,30,2.3552188046976893e-05,4.0,44.0,13.0,True
injected,1.0,30.0,31,60,0.07480639219284058,4.0,20.0,11.0,False
injected,1.0,30.0,31,120,0.1050567626953125,4.0,11.0,5.0,False
injected_any,1.0,30.0,31,0,,,,,True
injected,1.0,30.0,32,30,1.0157972680224783e-06,4.0,47.0,11.0,True
injected,1.0,30.0,32,60,0.049368573352694525,4.0,20.0,10.0,False
injected,1.0,30.0,32,120,0.11328125,4.0,8.0,3.0,False
injected_any,1.0,30.0,32,0,,,,,True
injected,1.0,30.0,33,30,0.00031052172811385503,4.0,38.0,13.0,True
injected,1.0,30.0,33,60,0.2088460954182665,3.0,22.0,16.0,False
injected,1.0,30.0,33,120,0.1796417236328125,3.0,12.0,7.0,False
injected_any,1.0,30.0,33,0,,,,,True
injected,1.0,30.0,34,30,4.6317732049772076e-06,4.0,40.0,9.0,True
injected,1.0,30.0,34,60,0.04007165622897446,4.0,22.0,11.0,False
injected,1.0,30.0,34,120,0.0245208740234375,4.0,13.0,4.0,False
injected_any,1.0,30.0,34,0,,,,,True
injected,1.0,30.0,35,30,2.68915905507483e-06,4.0,45.0,11.0,True
injected,1.0,30.0,35,60,0.035377772990614176,4.0,21.0,10.0,False
injected,1.0,30.0,35,120,0.072998046875,3.0,9.0,3.0,False
injected_any,1.0,30.0,35,0,,,,,True
injected,1.0,30.0,36,30,1.1237797011620643e-05,4.0,42.0,11.0,True
injected,1.0,30.0,36,60,0.10766357486136258,3.0,20.0,12.0,False
injected,1.0,30.0,36,120,0.1050567626953125,4.0,11.0,5.0,False
injected_any,1.0,30.0,36,0,,,,,True
injected,1.0,30.0,37,30,4.9244392464231617e-05,4.0,37.0,10.0,True
injected,1.0,30.0,37,60,0.08137782872654498,4.0,21.0,12.0,False
injected,1.0,30.0,37,120,0.020694732666015625,4.0,15.0,5.0,False
injected_any,1.0,30.0,37,0,,,,,True
injected,1.0,30.0,38,30,1.0157972680224783e-06,4.0,47.0,11.0,True
injected,1.0,30.0,38,60,0.02662595704896376,4.0,26.0,13.0,False
injected,1.0,30.0,38,120,0.019287109375,4.0,10.0,2.0,False
injected_any,1.0,30.0,38,0,,,,,True
injected,1.0,30.0,39,30,0.00023487865900406746,4.0,37.0,12.0,True
injected,1.0,30.0,39,60,0.02662595704896376,4.0,26.0,13.0,False
injected,1.0,30.0,39,120,0.0106353759765625,4.0,13.0,3.0,True
injected_any,1.0,30.0,39,0,,,,,True
injected,1.0,30.0,40,30,4.349685852389484e-06,4.0,44.0,11.0,True
injected,1.0,30.0,40,60,0.04476553946733476,4.0,23.0,12.0,False
injected,1.0,30.0,40,120,0.01123046875,4.0,11.0,2.0,True
injected_any,1.0,30.0,40,0,,,,,True
injected,1.0,30.0,41,30,1.6928429766860373e-06,4.0,44.0,10.0,True
injected,1.0,30.0,41,60,0.012153255054727197,4.0,24.0,10.0,True
injected,1.0,30.0,41,120,0.0106353759765625,4.0,13.0,3.0,True
injected_any,1.0,30.0,41,0,,,,,True
injected,1.0,30.0,42,30,6.073354011478654e-06,4.0,47.0,13.0,True
injected,1.0,30.0,42,60,0.016776219839812256,4.0,26.0,12.0,False
injected,1.0,30.0,42,120,0.08978271484375,3.0,10.0,4.0,False
injected_any,1.0,30.0,42,0,,,,,True
injected,1.0,30.0,43,30,1.6559423811901561e-06,4.0,46.0,11.0,True
injected,1.0,30.0,43,60,0.021386972628533847,4.0,21.0,9.0,False
injected,1.0,30.0,43,120,0.01123046875,4.0,11.0,2.0,True
injected_any,1.0,30.0,43,0,,,,,True
injected,1.0,30.0,44,30,1.6928429766860373e-06,4.0,44.0,10.0,True
injected,1.0,30.0,44,60,0.01754101668484509,4.0,23.0,10.0,False
injected,1.0,30.0,44,120,0.08978271484375,4.0,10.0,4.0,False
injected_any,1.0,30.0,44,0,,,,,True
injected,1.0,30.0,45,30,6.563721582142356e-06,4.0,45.0,12.0,True
injected,1.0,30.0,45,60,0.036475694258115254,3.0,25.0,13.0,False
injected,1.0,30.0,45,120,0.0063629150390625,3.0,14.0,3.0,True
injected_any,1.0,30.0,45,0,,,,,True
injected,1.0,30.0,46,30,9.823268882769298e-07,4.0,41.0,8.0,True
injected,1.0,30.0,46,60,0.032622667611576624,3.0,24.0,12.0,False
injected,1.0,30.0,46,120,0.0245208740234375,4.0,13.0,4.0,False
injected_any,1.0,30.0,46,0,,,,,True
injected,1.0,30.0,47,30,4.531635958482383e-06,4.0,42.0,10.0,True
injected,1.0,30.0,47,60,0.011851351235236507,4.0,27.0,12.0,True
injected,1.0,30.0,47,120,0.017578125,3.0,12.0,3.0,False
injected_any,1.0,30.0,47,0,,,,,True
injected,1.0,30.0,48,30,2.8070500466270687e-06,4.0,41.0,9.0,True
injected,1.0,30.0,48,60,0.028806336456909776,4.0,23.0,11.0,False
injected,1.0,30.0,48,120,0.048126220703125,4.0,13.0,5.0,False
injected_any,1.0,30.0,48,0,,,,,True
injected,1.0,30.0,49,30,0.0007252455070556607,4.0,31.0,10.0,True
injected,1.0,30.0,49,60,0.15525232953950768,4.0,21.0,14.0,False
injected,1.0,30.0,49,120,0.1189422607421875,3.0,12.0,6.0,False
injected_any,1.0,30.0,49,0,,,,,True
injected,1.0,60.0,0,30,0.9976993451441167,0.0,16.0,35.0,False
injected,1.0,60.0,0,60,0.271192005928242,3.0,24.0,19.0,False
injected,1.0,60.0,0,120,0.01123046875,4.0,11.0,2.0,True
injected_any,1.0,60.0,0,0,,,,,True
injected,1.0,60.0,1,30,0.9999497516503654,0.0,15.0,43.0,False
injected,1.0,60.0,1,60,0.5626853438097896,1.0,20.0,20.0,False
injected,1.0,60.0,1,120,0.0384063720703125,3.0,12.0,4.0,False
injected_any,1.0,60.0,1,0,,,,,False
injected,1.0,60.0,2,30,0.9994920764029374,0.0,16.0,39.0,False
injected,1.0,60.0,2,60,0.3746293123804209,3.0,21.0,18.0,False
injected,1.0,60.0,2,120,0.1189422607421875,3.0,12.0,6.0,False
injected_any,1.0,60.0,2,0,,,,,False
injected,1.0,60.0,3,30,0.9945132185501397,0.0,17.0,34.0,False
injected,1.0,60.0,3,60,0.23069559106838256,3.0,26.0,20.0,False
injected,1.0,60.0,3,120,0.15087890624999997,4.0,10.0,5.0,False
injected_any,1.0,60.0,3,0,,,,,False
injected,1.0,60.0,4,30,0.9994024398399963,0.0,15.0,37.0,False
injected,1.0,60.0,4,60,0.6320605995715596,1.0,17.0,18.0,False
injected,1.0,60.0,4,120,0.30361938476562494,3.0,9.0,6.0,False
injected_any,1.0,60.0,4,0,,,,,False
injected,1.0,60.0,5,30,0.9994920764029374,0.0,16.0,39.0,False
injected,1.0,60.0,5,60,0.17444443972453882,3.0,24.0,17.0,False
injected,1.0,60.0,5,120,0.0717315673828125,4.0,12.0,5.0,False
injected_any,1.0,60.0,5,0,,,,,False
injected,1.0,60.0,6,30,0.9998470679991982,0.0,13.0,37.0,False
injected,1.0,60.0,6,60,0.3714146793645341,3.0,20.0,17.0,False
injected,1.0,60.0,6,120,0.1050567626953125,4.0,11.0,5.0,False
injected_any,1.0,60.0,6,0,,,,,False
injected,1.0,60.0,7,30,0.992326661083685,0.0,17.0,33.0,False
injected,1.0,60.0,7,60,0.271192005928242,1.0,24.0,19.0,False
injected,1.0,60.0,7,120,0.08353424072265625,4.0,13.0,6.0,False
injected_any,1.0,60.0,7,0,,,,,False
injected,1.0,60.0,8,30,0.9986663688085701,0.0,17.0,38.0,False
injected,1.0,60.0,8,60,0.3179140013144206,3.0,22.0,18.0,False
injected,1.0,60.0,8,120,0.13158798217773438,4.0,13.0,7.0,False
injected_any,1.0,60.0,8,0,,,,,False
injected,1.0,60.0,9,30,0.9933583592188775,0.0,16.0,32.0,False
injected,1.0,60.0,9,60,0.22039953367129783,2.0,24.0,18.0,False
injected,1.0,60.0,9,120,0.09462356567382812,4.0,14.0,7.0,False
injected_any,1.0,60.0,9,0,,,,,False
injected,1.0,60.0,10,30,0.9966997760165945,0.0,16.0,34.0,False
injected,1.0,60.0,10,60,0.32198447818518616,2.0,23.0,19.0,False
injected,1.0,60.0,10,120,0.3145294189453125,3.0,10.0,7.0,False
injected_any,1.0,60.0,10,0,,,,,False
injected,1.0,60.0,11,30,0.9986663688085701,0.0,17.0,38.0,False
injected,1.0,60.0,11,60,0.4388071643761577,2.0,22.0,20.0,False
injected,1.0,60.0,11,120,0.09462356567382812,3.0,14.0,7.0,False
injected_any,1.0,60.0,11,0,,,,,False
injected,1.0,60.0,12,30,0.9996894782718861,0.0,14.0,37.0,False
injected,1.0,60.0,12,60,0.1620043000439182,4.0,22.0,15.0,False
injected,1.0,60.0,12,120,0.21197509765625,4.0,9.0,5.0,False
injected_any,1.0,60.0,12,0,,,,,False
injected,1.0,60.0,13,30,0.9996894782718861,0.0,14.0,37.0,False
injected,1.0,60.0,13,60,0.3714146793645341,2.0,20.0,17.0,False
injected,1.0,60.0,13,120,0.2403411865234375,3.0,11.0,7.0,False
injected_any,1.0,60.0,13,0,,,,,False
injected,1.0,60.0,14,30,0.9998223594406843,0.0,15.0,40.0,False
injected,1.0,60.0,14,60,0.6285853206354659,2.0,18.0,19.0,False
injected,1.0,60.0,14,120,0.21197509765625,4.0,9.0,5.0,False
injected_any,1.0,60.0,14,0,,,,,False
injected,1.0,60.0,15,30,0.9986989142716389,0.0,15.0,35.0,False
injected,1.0,60.0,15,60,0.271192005928242,3.0,24.0,19.0,False
injected,1.0,60.0,15,120,0.08978271484375,3.0,10.0,4.0,False
injected_any,1.0,60.0,15,0,,,,,False
injected,1.0,60.0,16,30,0.998080867059837,0.0,17.0,37.0,False
injected,1.0,60.0,16,60,0.619604178719328,1.0,21.0,22.0,False
injected,1.0,60.0,16,120,0.13158798217773438,3.0,13.0,7.0,False
injected_any,1.0,60.0,16,0,,,,,False
injected,1.0,60.0,17,30,0.992326661083685,0.0,17.0,33.0,False
injected,1.0,60.0,17,60,0.4999999999999999,2.0,24.0,23.0,False
injected,1.0,60.0,17,120,0.2403411865234375,4.0,11.0,7.0,False
injected_any,1.0,60.0,17,0,,,,,False
injected,1.0,60.0,18,30,0.9986989142716389,0.0,15.0,35.0,False
injected,1.0,60.0,18,60,0.3714146793645341,2.0,20.0,17.0,False
injected,1.0,60.0,18,120,0.1050567626953125,3.0,11.0,5.0,False
injected_any,1.0,60.0,18,0,,,,,False
injected,1.0,60.0,19,30,0.9991154014081065,0.0,15.0,36.0,False
injected,1.0,60.0,19,60,0.271192005928242,4.0,24.0,19.0,False
injected,1.0,60.0,19,120,0.017578125,4.0,12.0,3.0,False
injected_any,1.0,60.0,19,0,,,,,False
injected,1.0,60.0,20,30,0.9991154014081065,0.0,15.0,36.0,False
injected,1.0,60.0,20,60,0.3641662404406816,3.0,18.0,15.0,False
injected,1.0,60.0,20,120,0.05923461914062499,3.0,11.0,4.0,False
injected_any,1.0,60.0,20,0,,,,,False
injected,1.0,60.0,21,30,0.998904906558054,0.0,16.0,37.0,False
injected,1.0,60.0,21,60,0.4388071643761577,1.0,22.0,20.0,False
injected,1.0,60.0,21,120,0.1796417236328125,3.0,12.0,7.0,False
injected_any,1.0,60.0,21,0,,,,,False
injected,1.0,60.0,22,30,0.9966997760165945,0.0,16.0,34.0,False
injected,1.0,60.0,22,60,0.22039953367129783,3.0,24.0,18.0,False
injected,1.0,60.0,22,120,0.40726470947265625,2.0,10.0,8.0,False
injected_any,1.0,60.0,22,0,,,,,False
injected,1.0,60.0,23,30,0.9995691088797289,0.0,17.0,41.0,False
injected,1.0,60.0,23,60,0.3829959121223965,2.0,24.0,21.0,False
injected,1.0,60.0,23,120,0.13158798217773438,3.0,13.0,7.0,False
injected_any,1.0,60.0,23,0,,,,,False
injected,1.0,60.0,24,30,0.9994024398399963,0.0,15.0,37.0,False
injected,1.0,60.0,24,60,0.22569041619806285,3.0,25.0,19.0,False
injected,1.0,60.0,24,120,0.1796417236328125,4.0,12.0,7.0,False
injected_any,1.0,60.0,24,0,,,,,False
injected,1.0,60.0,25,30,0.9997952292731087,0.0,14.0,38.0,False
injected,1.0,60.0,25,60,0.5660302997857798,2.0,18.0,18.0,False
injected,1.0,60.0,25,120,0.1050567626953125,4.0,11.0,5.0,False
injected_any,1.0,60.0,25,0,,,,,False
injected,1.0,60.0,26,30,0.9995318885445741,0.0,14.0,36.0,False
injected,1.0,60.0,26,60,0.5611928356238423,2.0,21.0,21.0,False
injected,1.0,60.0,26,120,0.2617335319519043,3.0,13.0,9.0,False
injected_any,1.0,60.0,26,0,,,,,False
injected,1.0,60.0,27,30,0.9960286367452582,0.0,15.0,32.0,False
injected,1.0,60.0,27,60,0.271192005928242,3.0,24.0,19.0,False
injected,1.0,60.0,27,120,0.19165515899658203,3.0,13.0,8.0,False
injected_any,1.0,60.0,27,0,,,,,False
injected,1.0,60.0,28,30,0.998080867059837,0.0,17.0,37.0,False
injected,1.0,60.0,28,60,0.2088460954182665,3.0,22.0,16.0,False
injected,1.0,60.0,28,120,0.05923461914062499,4.0,11.0,4.0,False
injected_any,1.0,60.0,28,0,,,,,False
injected,1.0,60.0,29,30,0.9986989142716389,0.0,15.0,35.0,False
injected,1.0,60.0,29,60,0.43731465619021037,2.0,21.0,19.0,False
injected,1.0,60.0,29,120,0.1796417236328125,2.0,12.0,7.0,False
injected_any,1.0,60.0,29,0,,,,,False
injected,1.0,60.0,30,30,0.9980991727951256,1.0,15.0,34.0,False
injected,1.0,60.0,30,60,0.3776143287523155,2.0,22.0,19.0,False
injected,1.0,60.0,30,120,0.1189422607421875,3.0,12.0,6.0,False
injected_any,1.0,60.0,30,0,,,,,False
injected,1.0,60.0,31,30,0.9984073732761116,0.0,16.0,36.0,False
injected,1.0,60.0,31,60,0.5000000000000001,2.0,18.0,17.0,False
injected,1.0,60.0,31,120,0.1050567626953125,4.0,11.0,5.0,False
injected_any,1.0,60.0,31,0,,,,,False
injected,1.0,60.0,32,30,0.9998470679991982,0.0,13.0,37.0,False
injected,1.0,60.0,32,60,0.3746293123804209,3.0,21.0,18.0,False
injected,1.0,60.0,32,120,0.4018096923828125,2.0,9.0,7.0,False
injected_any,1.0,60.0,32,0,,,,,False
injected,1.0,60.0,33,30,0.992326661083685,0.0,17.0,33.0,False
injected,1.0,60.0,33,60,0.6780155218148138,1.0,20.0,22.0,False
injected,1.0,60.0,33,120,0.3238029479980469,2.0,11.0,8.0,False
injected_any,1.0,60.0,33,0,,,,,False
injected,1.0,60.0,34,30,0.9986663688085701,0.0,17.0,38.0,False
injected,1.0,60.0,34,60,0.43731465619021037,2.0,21.0,19.0,False
injected,1.0,60.0,34,120,0.0317840576171875,4.0,14.0,5.0,False
injected_any,1.0,60.0,34,0,,,,,False
injected,1.0,60.0,35,30,0.9989559463330018,0.0,14.0,34.0,False
injected,1.0,60.0,35,60,0.43731465619021037,2.0,21.0,19.0,False
injected,1.0,60.0,35,120,0.046142578125,3.0,10.0,3.0,False
injected_any,1.0,60.0,35,0,,,,,False
injected,1.0,60.0,36,30,0.9953003792380635,0.0,16.0,33.0,False
injected,1.0,60.0,36,60,0.8255555602754612,1.0,18.0,23.0,False
injected,1.0,60.0,36,120,0.2272491455078125,3.0,10.0,6.0,False
injected_any,1.0,60.0,36,0,,,,,False
injected,1.0,60.0,37,30,0.9933583592188775,0.0,16.0,32.0,False
injected,1.0,60.0,37,60,0.38543349728651316,3.0,25.0,22.0,False
injected,1.0,60.0,37,120,0.15372812747955322,4.0,15.0,9.0,False
injected_any,1.0,60.0,37,0,,,,,False
injected,1.0,60.0,38,30,0.9998470679991982,0.0,13.0,37.0,False
injected,1.0,60.0,38,60,0.564292660317733,1.0,19.0,19.0,False
injected,1.0,60.0,38,120,0.30361938476562494,2.0,9.0,6.0,False
injected_any,1.0,60.0,38,0,,,,,False
injected,1.0,60.0,39,30,0.9972568275616199,0.0,17.0,36.0,False
injected,1.0,60.0,39,60,0.271192005928242,4.0,24.0,19.0,False
injected,1.0,60.0,39,120,0.08353424072265625,4.0,13.0,6.0,False
injected_any,1.0,60.0,39,0,,,,,False
injected,1.0,60.0,40,30,0.9991154014081065,0.0,15.0,36.0,False
injected,1.0,60.0,40,60,0.3746293123804209,2.0,21.0,18.0,False
injected,1.0,60.0,40,120,0.08978271484375,3.0,10.0,4.0,False
injected_any,1.0,60.0,40,0,,,,,False
injected,1.0,60.0,41,30,0.9992986557481522,0.0,14.0,35.0,False
injected,1.0,60.0,41,60,0.308859658514848,3.0,20.0,16.0,False
injected,1.0,60.0,41,120,0.1189422607421875,3.0,12.0,6.0,False
injected_any,1.0,60.0,41,0,,,,,False
injected,1.0,60.0,42,30,0.9991792543295759,0.0,13.0,33.0,False
injected,1.0,60.0,42,60,0.308859658514848,3.0,20.0,16.0,False
injected,1.0,60.0,42,120,0.40726470947265625,2.0,10.0,8.0,False
injected_any,1.0,60.0,42,0,,,,,False
injected,1.0,60.0,43,30,0.9994024398399963,0.0,15.0,37.0,False
injected,1.0,60.0,43,60,0.15525232953950768,4.0,21.0,14.0,False
injected,1.0,60.0,43,120,0.019287109375,4.0,10.0,2.0,False
injected_any,1.0,60.0,43,0,,,,,False
injected,1.0,60.0,44,30,0.9980991727951256,0.0,15.0,34.0,False
injected,1.0,60.0,44,60,0.4339697002142202,2.0,19.0,17.0,False
injected,1.0,60.0,44,120,0.2272491455078125,3.0,10.0,6.0,False
injected_any,1.0,60.0,44,0,,,,,False
injected,1.0,60.0,45,30,0.9986989142716389,0.0,15.0,35.0,False
injected,1.0,60.0,45,60,0.2757421649012599,3.0,25.0,20.0,False
injected,1.0,60.0,45,120,0.1661529541015625,3.0,11.0,6.0,False
injected_any,1.0,60.0,45,0,,,,,False
injected,1.0,60.0,46,30,0.9976993451441167,0.0,16.0,35.0,False
injected,1.0,60.0,46,60,0.3179140013144206,3.0,22.0,18.0,False
injected,1.0,60.0,46,120,0.08353424072265625,4.0,13.0,6.0,False
injected_any,1.0,60.0,46,0,,,,,False
injected,1.0,60.0,47,30,0.9994920764029374,0.0,16.0,39.0,False
injected,1.0,60.0,47,60,0.4388071643761577,2.0,22.0,20.0,False
injected,1.0,60.0,47,120,0.0717315673828125,3.0,12.0,5.0,False
injected_any,1.0,60.0,47,0,,,,,False
injected,1.0,60.0,48,30,0.9995988345565525,0.0,15.0,38.0,False
injected,1.0,60.0,48,60,0.6780155218148138,1.0,20.0,22.0,False
injected,1.0,60.0,48,120,0.1189422607421875,4.0,12.0,6.0,False
injected_any,1.0,60.0,48,0,,,,,False
injected,1.0,60.0,49,30,0.9995318885445741,0.0,14.0,36.0,False
injected,1.0,60.0,49,60,0.6170040878776035,1.0,22.0,23.0,False
injected,1.0,60.0,49,120,0.2403411865234375,3.0,11.0,7.0,False
injected_any,1.0,60.0,49,0,,,,,False
injected,1.5,15.0,0,30,1.9456941613427148e-10,4.0,49.0,5.0,True
injected,1.5,15.0,0,60,0.00015627557877451181,4.0,29.0,7.0,True
injected,1.5,15.0,0,120,0.0064697265625,4.0,12.0,2.0,True
injected_any,1.5,15.0,0,0,,,,,True
injected,1.5,15.0,1,30,4.1815439999481896e-12,4.0,46.0,2.0,True
injected,1.5,15.0,1,60,0.0004389551468193531,4.0,25.0,6.0,True
injected,1.5,15.0,1,120,0.0384063720703125,4.0,12.0,4.0,False
injected_any,1.5,15.0,1,0,,,,,True
injected,1.5,15.0,2,30,3.9391920836351346e-08,4.0,40.0,5.0,True
injected,1.5,15.0,2,60,0.020479795755818493,4.0,24.0,11.0,False
injected,1.5,15.0,2,120,0.026239395141601562,4.0,16.0,6.0,False
injected_any,1.5,15.0,2,0,,,,,True
injected,1.5,15.0,3,30,1.145932104762437e-08,4.0,47.0,7.0,True
injected,1.5,15.0,3,60,5.842093378305435e-05,4.0,29.0,6.0,True
injected,1.5,15.0,3,120,0.017578125,4.0,12.0,3.0,False
injected_any,1.5,15.0,3,0,,,,,True
injected,1.5,15.0,4,30,1.145932104762437e-08,4.0,47.0,7.0,True
injected,1.5,15.0,4,60,0.0012816039961762726,4.0,28.0,9.0,True
injected,1.5,15.0,4,120,0.15087890624999997,3.0,10.0,5.0,False
injected_any,1.5,15.0,4,0,,,,,True
injected,1.5,15.0,5,30,2.104926011270436e-09,4.0,45.0,5.0,True
injected,1.5,15.0,5,60,0.0004106976557523012,4.0,27.0,7.0,True
injected,1.5,15.0,5,120,0.0106353759765625,4.0,13.0,3.0,True
injected_any,1.5,15.0,5,0,,,,,True
injected,1.5,15.0,6,30,1.2081535771812923e-10,4.0,47.0,4.0,True
injected,1.5,15.0,6,60,9.756279177963734e-05,4.0,28.0,6.0,True
injected,1.5,15.0,6,120,0.001708984375,4.0,12.0,1.0,True
injected_any,1.5,15.0,6,0,,,,,True
injected,1.5,15.0,7,30,9.161814418234826e-09,4.0,45.0,6.0,True
injected,1.5,15.0,7,60,0.0008207456704241167,4.0,34.0,12.0,True
injected,1.5,15.0,7,120,0.0020904541015625,4.0,14.0,2.0,True
injected_any,1.5,15.0,7,0,,,,,True
injected,1.5,15.0,8,30,9.161814418234826e-09,4.0,45.0,6.0,True
injected,1.5,15.0,8,60,0.00053250981727615,4.0,30.0,9.0,True
injected,1.5,15.0,8,120,0.0106353759765625,4.0,13.0,3.0,True
injected_any,1.5,15.0,8,0,,,,,True
injected,1.5,15.0,9,30,7.569163074094831e-10,4.0,44.0,4.0,True
injected,1.5,15.0,9,60,0.0011107168866146822,4.0,30.0,10.0,True
injected,1.5,15.0,9,120,0.005908966064453125,4.0,16.0,4.0,True
injected_any,1.5,15.0,9,0,,,,,True
injected,1.5,15.0,10,30,4.531635958482383e-06,4.0,42.0,10.0,True
injected,1.5,15.0,10,60,0.011851351235236507,3.0,27.0,12.0,True
injected,1.5,15.0,10,120,0.01544189453125,4.0,14.0,4.0,True
injected_any,1.5,15.0,10,0,,,,,True
injected,1.5,15.0,11,30,2.9026612224924975e-09,4.0,47.0,6.0,True
injected,1.5,15.0,11,60,0.0004106976557523012,4.0,27.0,7.0,True
injected,1.5,15.0,11,120,0.0035986900329589844,4.0,17.0,4.0,True
injected_any,1.5,15.0,11,0,,,,,True
injected,1.5,15.0,12,30,1.1640075570085173e-09,4.0,46.0,5.0,True
injected,1.5,15.0,12,60,9.756279177963734e-05,4.0,28.0,6.0,True
injected,1.5,15.0,12,120,0.019287109375,4.0,10.0,2.0,False
injected_any,1.5,15.0,12,0,,,,,True
injected,1.5,15.0,13,30,1.8541612689659814e-11,4.0,47.0,3.0,True
injected,1.5,15.0,13,60,5.653710104525089e-05,4.0,27.0,5.0,True
injected,1.5,15.0,13,120,0.017578125,4.0,12.0,3.0,False
injected_any,1.5,15.0,13,0,,,,,True
injected,1.5,15.0,14,30,4.112727935989824e-10,4.0,45.0,4.0,True
injected,1.5,15.0,14,60,0.0005966214812360704,4.0,28.0,8.0,True
injected,1.5,15.0,14,120,0.046142578125,4.0,10.0,3.0,False
injected_any,1.5,15.0,14,0,,,,,True
injected,1.5,15.0,15,30,1.542517804719451e-08,4.0,51.0,9.0,True
injected,1.5,15.0,15,60,0.0004106976557523012,4.0,27.0,7.0,True
injected,1.5,15.0,15,120,0.001708984375,4.0,12.0,1.0,True
injected_any,1.5,15.0,15,0,,,,,True
injected,1.5,15.0,16,30,4.6317732049772076e-06,4.0,40.0,9.0,True
injected,1.5,15.0,16,60,0.0025488216488156468,3.0,28.0,10.0,True
injected,1.5,15.0,16,120,0.01544189453125,4.0,14.0,4.0,True
injected_any,1.5,15.0,16,0,,,,,True
injected,1.5,15.0,17,30,6.227257073054826e-07,4.0,46.0,10.0,True
injected,1.5,15.0,17,60,0.003957948667448363,4.0,30.0,12.0,True
injected,1.5,15.0,17,120,0.017578125,4.0,12.0,3.0,False
injected_any,1.5,15.0,17,0,,,,,True
injected,1.5,15.0,18,30,2.2308910274659866e-10,4.0,46.0,4.0,True
injected,1.5,15.0,18,60,0.0002541302237659693,4.0,28.0,7.0,True
injected,1.5,15.0,18,120,0.0106353759765625,4.0,13.0,3.0,True
injected_any,1.5,15.0,18,0,,,,,True
injected,1.5,15.0,19,30,6.840242150474297e-09,4.0,43.0,5.0,True
injected,1.5,15.0,19,60,0.003816039301455021,3.0,27.0,10.0,True
injected,1.5,15.0,19,120,0.0064697265625,4.0,12.0,2.0,True
injected_any,1.5,15.0,19,0,,,,,True
injected,1.5,15.0,20,30,2.104926011270436e-09,4.0,45.0,5.0,True
injected,1.5,15.0,20,60,0.003816039301455021,4.0,27.0,10.0,True
injected,1.5,15.0,20,120,0.0286865234375,4.0,11.0,3.0,False
injected_any,1.5,15.0,20,0,,,,,True
injected,1.5,15.0,21,30,4.0338047957444445e-08,4.0,47.0,8.0,True
injected,1.5,15.0,21,60,0.0009569805006321985,4.0,32.0,11.0,True
injected,1.5,15.0,21,120,0.0245208740234375,3.0,13.0,4.0,False
injected_any,1.5,15.0,21,0,,,,,True
injected,1.5,15.0,22,30,3.486905075789082e-08,4.0,45.0,7.0,True
injected,1.5,15.0,22,60,0.002162002467230195,4.0,30.0,11.0,True
injected,1.5,15.0,22,120,0.0286865234375,3.0,11.0,3.0,False
injected_any,1.5,15.0,22,0,,,,,True
injected,1.5,15.0,23,30,7.025812465144554e-08,4.0,39.0,5.0,True
injected,1.5,15.0,23,60,0.006926482630660757,3.0,27.0,11.0,True
injected,1.5,15.0,23,120,0.0022125244140625,4.0,16.0,3.0,True
injected_any,1.5,15.0,23,0,,,,,True
injected,1.5,15.0,24,30,2.8638826421456542e-08,4.0,43.0,6.0,True
injected,1.5,15.0,24,60,0.005753894867666531,3.0,29.0,12.0,True
injected,1.5,15.0,24,120,0.0037689208984375,4.0,15.0,3.0,True
injected_any,1.5,15.0,24,0,,,,,True
injected,1.5,15.0,25,30,1.049338713698944e-07,4.0,43.0,7.0,True
injected,1.5,15.0,25,60,0.020479795755818493,3.0,24.0,11.0,False
injected,1.5,15.0,25,120,0.017578125,4.0,12.0,3.0,False
injected_any,1.5,15.0,25,0,,,,,True
injected,1.5,15.0,26,30,3.644215388343141e-07,4.0,45.0,9.0,True
injected,1.5,15.0,26,60,0.001966586511116475,4.0,27.0,9.0,True
injected,1.5,15.0,26,120,0.01544189453125,4.0,14.0,4.0,True
injected_any,1.5,15.0,26,0,,,,,True
injected,1.5,15.0,27,30,4.0338047957444445e-08,4.0,47.0,8.0,True
injected,1.5,15.0,27,60,0.0008290262630907819,4.0,29.0,9.0,True
injected,1.5,15.0,27,120,0.0063629150390625,4.0,14.0,3.0,True
injected_any,1.5,15.0,27,0,,,,,True
injected,1.5,15.0,28,30,6.92167748672645e-08,4.0,46.0,8.0,True
injected,1.5,15.0,28,60,0.0005966214812360704,4.0,28.0,8.0,True
injected,1.5,15.0,28,120,0.017578125,4.0,12.0,3.0,False
injected_any,1.5,15.0,28,0,,,,,True
injected,1.5,15.0,29,30,9.161814418234826e-09,4.0,45.0,6.0,True
injected,1.5,15.0,29,60,0.004520592745393515,4.0,25.0,9.0,True
injected,1.5,15.0,29,120,0.01544189453125,3.0,14.0,4.0,True
injected_any,1.5,15.0,29,0,,,,,True
injected,1.5,15.0,30,30,5.162910987621672e-09,4.0,46.0,6.0,True
injected,1.5,15.0,30,60,0.0011107168866146822,4.0,30.0,10.0,True
injected,1.5,15.0,30,120,0.00960540771484375,3.0,15.0,4.0,True
injected_any,1.5,15.0,30,0,,,,,True
injected,1.5,15.0,31,30,2.8638826421456542e-08,4.0,43.0,6.0,True
injected,1.5,15.0,31,60,0.0035001833457499743,4.0,24.0,8.0,True
injected,1.5,15.0,31,120,0.0106353759765625,4.0,13.0,3.0,True
injected_any,1.5,15.0,31,0,,,,,True
injected,1.5,15.0,32,30,4.479701214490928e-08,4.0,49.0,9.0,True
injected,1.5,15.0,32,60,0.0010512007866054773,4.0,25.0,7.0,True
injected,1.5,15.0,32,120,0.072998046875,4.0,9.0,3.0,False
injected_any,1.5,15.0,32,0,,,,,True
injected,1.5,15.0,33,30,0.0002047707268912902,4.0,39.0,13.0,True
injected,1.5,15.0,33,60,0.0403452338759962,3.0,26.0,14.0,False
injected,1.5,15.0,33,120,0.08353424072265625,3.0,13.0,6.0,False
injected_any,1.5,15.0,33,0,,,,,True
injected,1.5,15.0,34,30,3.79857922894189e-09,4.0,44.0,5.0,True
injected,1.5,15.0,34,60,0.0025488216488156468,4.0,28.0,10.0,True
injected,1.5,15.0,34,120,0.00960540771484375,4.0,15.0,4.0,True
injected_any,1.5,15.0,34,0,,,,,True
injected,1.5,15.0,35,30,1.6282650783239203e-09,4.0,48.0,6.0,True
injected,1.5,15.0,35,60,0.0001620317343622446,4.0,27.0,6.0,True
injected,1.5,15.0,35,120,0.019287109375,3.0,10.0,2.0,False
injected_any,1.5,15.0,35,0,,,,,True
injected,1.5,15.0,36,30,1.1841756886177279e-07,4.0,45.0,8.0,True
injected,1.5,15.0,36,60,0.0012816039961762726,4.0,28.0,9.0,True
injected,1.5,15.0,36,120,0.05923461914062499,4.0,11.0,4.0,False
injected_any,1.5,15.0,36,0,,,,,True
injected,1.5,15.0,37,30,9.15771636300633e-07,4.0,39.0,7.0,True
injected,1.5,15.0,37,60,0.005665492091793567,4.0,26.0,10.0,True
injected,1.5,15.0,37,120,0.01544189453125,4.0,14.0,4.0,True
injected_any,1.5,15.0,37,0,,,,,True
injected,1.5,15.0,38,30,6.92167748672645e-08,4.0,46.0,8.0,True
injected,1.5,15.0,38,60,0.0025488216488156468,4.0,28.0,10.0,True
injected,1.5,15.0,38,120,0.0064697265625,4.0,12.0,2.0,True
injected_any,1.5,15.0,38,0,,,,,True
injected,1.5,15.0,39,30,5.0437410692438795e-08,4.0,42.0,6.0,True
injected,1.5,15.0,39,60,0.0025488216488156468,4.0,28.0,10.0,True
injected,1.5,15.0,39,120,0.0037689208984375,4.0,15.0,3.0,True
injected_any,1.5,15.0,39,0,,,,,True
injected,1.5,15.0,40,30,3.486905075789082e-08,4.0,45.0,7.0,True
injected,1.5,15.0,40,60,0.001966586511116475,4.0,27.0,9.0,True
injected,1.5,15.0,40,120,0.017578125,4.0,12.0,3.0,False
injected_any,1.5,15.0,40,0,,,,,True
injected,1.5,15.0,41,30,6.057628709754681e-08,4.0,44.0,7.0,True
injected,1.5,15.0,41,60,0.0003764485300052911,4.0,29.0,8.0,True
injected,1.5,15.0,41,120,0.0011749267578125,4.0,15.0,2.0,True
injected_any,1.5,15.0,41,0,,,,,True
injected,1.5,15.0,42,30,6.543793062974146e-09,4.0,48.0,7.0,True
injected,1.5,15.0,42,60,0.0007252455070556607,4.0,31.0,10.0,True
injected,1.5,15.0,42,120,0.017578125,3.0,12.0,3.0,False
injected_any,1.5,15.0,42,0,,,,,True
injected,1.5,15.0,43,30,7.851308877343534e-09,4.0,50.0,8.0,True
injected,1.5,15.0,43,60,0.0004389551468193531,4.0,25.0,6.0,True
injected,1.5,15.0,43,120,0.005859375,4.0,10.0,1.0,True
injected_any,1.5,15.0,43,0,,,,,True
injected,1.5,15.0,44,30,3.120204219442258e-07,4.0,41.0,7.0,True
injected,1.5,15.0,44,60,0.001966586511116475,4.0,27.0,9.0,True
injected,1.5,15.0,44,120,0.0384063720703125,4.0,12.0,4.0,False
injected_any,1.5,15.0,44,0,,,,,True
injected,1.5,15.0,45,30,1.145932104762437e-08,4.0,47.0,7.0,True
injected,1.5,15.0,45,60,0.0008290262630907819,3.0,29.0,9.0,True
injected,1.5,15.0,45,120,0.0020904541015625,3.0,14.0,2.0,True
injected_any,1.5,15.0,45,0,,,,,True
injected,1.5,15.0,46,30,4.1815439999481896e-12,4.0,46.0,2.0,True
injected,1.5,15.0,46,60,0.0005966214812360704,4.0,28.0,8.0,True
injected,1.5,15.0,46,120,0.0317840576171875,4.0,14.0,5.0,False
injected_any,1.5,15.0,46,0,,,,,True
injected,1.5,15.0,47,30,3.486905075789082e-08,4.0,45.0,7.0,True
injected,1.5,15.0,47,60,0.0006300169081328022,4.0,33.0,11.0,True
injected,1.5,15.0,47,120,0.0063629150390625,4.0,14.0,3.0,True
injected_any,1.5,15.0,47,0,,,,,True
injected,1.5,15.0,48,30,4.112727935989824e-10,4.0,45.0,4.0,True
injected,1.5,15.0,48,60,9.756279177963734e-05,4.0,28.0,6.0,True
injected,1.5,15.0,48,120,0.01544189453125,4.0,14.0,4.0,True
injected_any,1.5,15.0,48,0,,,,,True
injected,1.5,15.0,49,30,2.649790872055746e-06,4.0,37.0,7.0,True
injected,1.5,15.0,49,60,0.014408359827939423,4.0,25.0,11.0,True
injected,1.5,15.0,49,120,0.03917694091796875,3.0,15.0,6.0,False
injected_any,1.5,15.0,49,0,,,,,True
injected,1.5,30.0,0,30,1.1841756886177279e-07,4.0,45.0,8.0,True
injected,1.5,30.0,0,60,0.012153255054727197,4.0,24.0,10.0,True
injected,1.5,30.0,0,120,0.0064697265625,4.0,12.0,2.0,True
injected_any,1.5,30.0,0,0,,,,,True
injected,1.5,30.0,1,30,2.0015980872756245e-08,4.0,46.0,7.0,True
injected,1.5,30.0,1,60,0.021386972628533847,3.0,21.0,9.0,False
injected,1.5,30.0,1,120,0.017578125,4.0,12.0,3.0,False
injected_any,1.5,30.0,1,0,,,,,True
injected,1.5,30.0,2,30,2.68915905507483e-06,4.0,45.0,11.0,True
injected,1.5,30.0,2,60,0.07165332714794204,4.0,24.0,14.0,False
injected,1.5,30.0,2,120,0.08353424072265625,3.0,13.0,6.0,False
injected_any,1.5,30.0,2,0,,,,,True
injected,1.5,30.0,3,30,1.0286322577601759e-06,4.0,45.0,10.0,True
injected,1.5,30.0,3,60,0.010036925959866494,4.0,26.0,11.0,True
injected,1.5,30.0,3,120,0.0384063720703125,4.0,12.0,4.0,False
injected_any,1.5,30.0,3,0,,,,,True
injected,1.5,30.0,4,30,1.3878184320715095e-07,4.0,51.0,11.0,True
injected,1.5,30.0,4,60,0.035377772990614176,4.0,21.0,10.0,False
injected,1.5,30.0,4,120,0.30361938476562494,3.0,9.0,6.0,False
injected_any,1.5,30.0,4,0,,,,,True
injected,1.5,30.0,5,30,3.644215388343141e-07,4.0,45.0,9.0,True
injected,1.5,30.0,5,60,0.012153255054727197,4.0,24.0,10.0,True
injected,1.5,30.0,5,120,0.0384063720703125,4.0,12.0,4.0,False
injected_any,1.5,30.0,5,0,,,,,True
injected,1.5,30.0,6,30,3.433558868337627e-07,4.0,43.0,8.0,True
injected,1.5,30.0,6,60,0.014724686741828918,4.0,22.0,9.0,True
injected,1.5,30.0,6,120,0.017578125,4.0,12.0,3.0,False
injected_any,1.5,30.0,6,0,,,,,True
injected,1.5,30.0,7,30,3.644215388343141e-07,4.0,45.0,9.0,True
injected,1.5,30.0,7,60,0.013766577914793743,4.0,28.0,13.0,True
injected,1.5,30.0,7,120,0.0037689208984375,4.0,15.0,3.0,True
injected_any,1.5,30.0,7,0,,,,,True
injected,1.5,30.0,8,30,1.6928429766860373e-06,4.0,44.0,10.0,True
injected,1.5,30.0,8,60,0.006926482630660757,4.0,27.0,11.0,True
injected,1.5,30.0,8,120,0.048126220703125,4.0,13.0,5.0,False
injected_any,1.5,30.0,8,0,,,,,True
injected,1.5,30.0,9,30,4.6317732049772076e-06,4.0,40.0,9.0,True
injected,1.5,30.0,9,60,0.010036925959866494,4.0,26.0,11.0,True
injected,1.5,30.0,9,120,0.01544189453125,4.0,14.0,4.0,True
injected_any,1.5,30.0,9,0,,,,,True
injected,1.5,30.0,10,30,5.0248349634574043e-05,4.0,44.0,14.0,True
injected,1.5,30.0,10,60,0.1801888264678837,3.0,25.0,18.0,False
injected,1.5,30.0,10,120,0.1189422607421875,4.0,12.0,6.0,False
injected_any,1.5,30.0,10,0,,,,,True
injected,1.5,30.0,11,30,7.600976145716308e-08,4.0,48.0,9.0,True
injected,1.5,30.0,11,60,0.005665492091793567,4.0,26.0,10.0,True
injected,1.5,30.0,11,120,0.00845026969909668,3.0,17.0,5.0,True
injected_any,1.5,30.0,11,0,,,,,True
injected,1.5,30.0,12,30,3.727605155101621e-09,4.0,49.0,7.0,True
injected,1.5,30.0,12,60,0.014724686741828918,4.0,22.0,9.0,True
injected,1.5,30.0,12,120,0.0286865234375,4.0,11.0,3.0,False
injected_any,1.5,30.0,12,0,,,,,True
injected,1.5,30.0,13,30,9.11417247229096e-10,4.0,49.0,6.0,True
injected,1.5,30.0,13,60,0.008062400855123998,4.0,22.0,8.0,True
injected,1.5,30.0,13,120,0.08978271484375,4.0,10.0,4.0,False
injected_any,1.5,30.0,13,0,,,,,True
injected,1.5,30.0,14,30,1.049338713698944e-07,4.0,43.0,7.0,True
injected,1.5,30.0,14,60,0.035377772990614176,4.0,21.0,10.0,False
injected,1.5,30.0,14,120,0.1334228515625,4.0,9.0,4.0,False
injected_any,1.5,30.0,14,0,,,,,True
injected,1.5,30.0,15,30,2.4087616996330222e-06,4.0,49.0,13.0,True
injected,1.5,30.0,15,60,0.005665492091793567,4.0,26.0,10.0,True
injected,1.5,30.0,15,120,0.003173828125,4.0,11.0,1.0,True
injected_any,1.5,30.0,15,0,,,,,True
injected,1.5,30.0,16,30,1.7943958064758903e-05,4.0,41.0,11.0,True
injected,1.5,30.0,16,60,0.087732624495402,3.0,22.0,13.0,False
injected,1.5,30.0,16,120,0.048126220703125,4.0,13.0,5.0,False
injected_any,1.5,30.0,16,0,,,,,True
injected,1.5,30.0,17,30,1.7943958064758903e-05,4.0,41.0,11.0,True
injected,1.5,30.0,17,60,0.07165332714794204,4.0,24.0,14.0,False
injected,1.5,30.0,17,120,0.0384063720703125,4.0,12.0,4.0,False
injected_any,1.5,30.0,17,0,,,,,True
injected,1.5,30.0,18,30,7.600976145716308e-08,4.0,48.0,9.0,True
injected,1.5,30.0,18,60,0.004520592745393515,4.0,25.0,9.0,True
injected,1.5,30.0,18,120,0.0286865234375,4.0,11.0,3.0,False
injected_any,1.5,30.0,18,0,,,,,True
injected,1.5,30.0,19,30,3.756521548547997e-07,4.0,47.0,10.0,True
injected,1.5,30.0,19,60,0.032622667611576624,4.0,24.0,12.0,False
injected,1.5,30.0,19,120,0.0064697265625,4.0,12.0,2.0,True
injected_any,1.5,30.0,19,0,,,,,True
injected,1.5,30.0,20,30,3.433558868337627e-07,4.0,43.0,8.0,True
injected,1.5,30.0,20,60,0.035377772990614176,4.0,21.0,10.0,False
injected,1.5,30.0,20,120,0.0384063720703125,4.0,12.0,4.0,False
injected_any,1.5,30.0,20,0,,,,,True
injected,1.5,30.0,21,30,8.714261300815998e-06,4.0,48.0,14.0,True
injected,1.5,30.0,21,60,0.02351551371975802,4.0,25.0,12.0,False
injected,1.5,30.0,21,120,0.0245208740234375,4.0,13.0,4.0,False
injected_any,1.5,30.0,21,0,,,,,True
injected,1.5,30.0,22,30,1.6559423811901561e-06,4.0,46.0,11.0,True
injected,1.5,30.0,22,60,0.02351551371975802,4.0,25.0,12.0,False
injected,1.5,30.0,22,120,0.1189422607421875,4.0,12.0,6.0,False
injected_any,1.5,30.0,22,0,,,,,True
injected,1.5,30.0,23,30,9.15771636300633e-07,4.0,39.0,7.0,True
injected,1.5,30.0,23,60,0.087732624495402,4.0,22.0,13.0,False
injected,1.5,30.0,23,120,0.020694732666015625,4.0,15.0,5.0,False
injected_any,1.5,30.0,23,0,,,,,True
injected,1.5,30.0,24,30,1.1930665838377763e-05,4.0,40.0,10.0,True
injected,1.5,30.0,24,60,0.13997811926446957,3.0,25.0,17.0,False
injected,1.5,30.0,24,120,0.01544189453125,4.0,14.0,4.0,True
injected_any,1.5,30.0,24,0,,,,,True
injected,1.5,30.0,25,30,1.6559423811901561e-06,4.0,46.0,11.0,True
injected,1.5,30.0,25,60,0.18079730402678257,3.0,18.0,12.0,False
injected,1.5,30.0,25,120,0.0286865234375,4.0,11.0,3.0,False
injected_any,1.5,30.0,25,0,,,,,True
injected,1.5,30.0,26,30,1.6559423811901561e-06,4.0,46.0,11.0,True
injected,1.5,30.0,26,60,0.02662595704896376,4.0,26.0,13.0,False
injected,1.5,30.0,26,120,0.01544189453125,4.0,14.0,4.0,True
injected_any,1.5,30.0,26,0,,,,,True
injected,1.5,30.0,27,30,1.6559423811901561e-06,4.0,46.0,11.0,True
injected,1.5,30.0,27,60,0.014408359827939423,4.0,25.0,11.0,True
injected,1.5,30.0,27,120,0.0384063720703125,4.0,12.0,4.0,False
injected_any,1.5,30.0,27,0,,,,,True
injected,1.5,30.0,28,30,2.5628146248443673e-06,4.0,47.0,12.0,True
injected,1.5,30.0,28,60,0.012153255054727197,4.0,24.0,10.0,True
injected,1.5,30.0,28,120,0.048126220703125,4.0,13.0,5.0,False
injected_any,1.5,30.0,28,0,,,,,True
injected,1.5,30.0,29,30,6.104255088068555e-07,4.0,44.0,9.0,True
injected,1.5,30.0,29,60,0.06072474247775972,4.0,22.0,12.0,False
injected,1.5,30.0,29,120,0.0317840576171875,3.0,14.0,5.0,False
injected_any,1.5,30.0,29,0,,,,,True
injected,1.5,30.0,30,30,2.1681915685078934e-07,4.0,46.0,9.0,True
injected,1.5,30.0,30,60,0.01923865414210013,4.0,27.0,13.0,False
injected,1.5,30.0,30,120,0.0317840576171875,3.0,14.0,5.0,False
injected_any,1.5,30.0,30,0,,,,,True
injected,1.5,30.0,31,30,6.563721582142356e-06,4.0,45.0,12.0,True
injected,1.5,30.0,31,60,0.07480639219284058,4.0,20.0,11.0,False
injected,1.5,30.0,31,120,0.1050567626953125,4.0,11.0,5.0,False
injected_any,1.5,30.0,31,0,,,,,True
injected,1.5,30.0,32,30,7.600976145716308e-08,4.0,48.0,9.0,True
injected,1.5,30.0,32,60,0.03071417286992073,4.0,20.0,9.0,False
injected,1.5,30.0,32,120,0.11328125,4.0,8.0,3.0,False
injected_any,1.5,30.0,32,0,,,,,True
injected,1.5,30.0,33,30,0.00013427005940958026,4.0,40.0,13.0,True
injected,1.5,30.0,33,60,0.2088460954182665,3.0,22.0,16.0,False
injected,1.5,30.0,33,120,0.1796417236328125,3.0,12.0,7.0,False
injected_any,1.5,30.0,33,0,,,,,True
injected,1.5,30.0,34,30,3.433558868337627e-07,4.0,43.0,8.0,True
injected,1.5,30.0,34,60,0.025051229866221547,4.0,22.0,10.0,False
injected,1.5,30.0,34,120,0.0245208740234375,4.0,13.0,4.0,False
injected_any,1.5,30.0,34,0,,,,,True
injected,1.5,30.0,35,30,6.227257073054826e-07,4.0,46.0,10.0,True
injected,1.5,30.0,35,60,0.021386972628533847,4.0,21.0,9.0,False
injected,1.5,30.0,35,120,0.072998046875,3.0,9.0,3.0,False
injected_any,1.5,30.0,35,0,,,,,True
injected,1.5,30.0,36,30,2.7752604445652196e-06,4.0,43.0,10.0,True
injected,1.5,30.0,36,60,0.07480639219284058,4.0,20.0,11.0,False
injected,1.5,30.0,36,120,0.1050567626953125,4.0,11.0,5.0,False
injected_any,1.5,30.0,36,0,,,,,True
injected,1.5,30.0,37,30,4.623849960694315e-06,4.0,38.0,8.0,True
injected,1.5,30.0,37,60,0.055092082591727376,4.0,21.0,11.0,False
injected,1.5,30.0,37,120,0.020694732666015625,4.0,15.0,5.0,False
injected_any,1.5,30.0,37,0,,,,,True
injected,1.5,30.0,38,30,1.3531398515044535e-07,4.0,49.0,10.0,True
injected,1.5,30.0,38,60,0.016776219839812256,4.0,26.0,12.0,False
injected,1.5,30.0,38,120,0.019287109375,4.0,10.0,2.0,False
injected_any,1.5,30.0,38,0,,,,,True
injected,1.5,30.0,39,30,7.368857942502416e-06,4.0,41.0,10.0,True
injected,1.5,30.0,39,60,0.016776219839812256,4.0,26.0,12.0,False
injected,1.5,30.0,39,120,0.0106353759765625,4.0,13.0,3.0,True
injected_any,1.5,30.0,39,0,,,,,True
injected,1.5,30.0,40,30,3.756521548547997e-07,4.0,47.0,10.0,True
injected,1.5,30.0,40,60,0.028806336456909776,4.0,23.0,11.0,False
injected,1.5,30.0,40,120,0.01123046875,4.0,11.0,2.0,True
injected_any,1.5,30.0,40,0,,,,,True
injected,1.5,30.0,41,30,2.1681915685078934e-07,4.0,46.0,9.0,True
injected,1.5,30.0,41,60,0.0067654934246093035,4.0,24.0,9.0,True
injected,1.5,30.0,41,120,0.0106353759765625,4.0,13.0,3.0,True
injected_any,1.5,30.0,41,0,,,,,True
injected,1.5,30.0,42,30,3.7806404911983754e-07,4.0,49.0,11.0,True
injected,1.5,30.0,42,60,0.010036925959866494,4.0,26.0,11.0,True
injected,1.5,30.0,42,120,0.08978271484375,3.0,10.0,4.0,False
injected_any,1.5,30.0,42,0,,,,,True
injected,1.5,30.0,43,30,1.3531398515044535e-07,4.0,49.0,10.0,True
injected,1.5,30.0,43,60,0.01205977238714695,4.0,21.0,8.0,True
injected,1.5,30.0,43,120,0.01123046875,4.0,11.0,2.0,True
injected_any,1.5,30.0,43,0,,,,,True
injected,1.5,30.0,44,30,3.644215388343141e-07,4.0,45.0,9.0,True
injected,1.5,30.0,44,60,0.010030803503468633,4.0,23.0,9.0,True
injected,1.5,30.0,44,120,0.08978271484375,4.0,10.0,4.0,False
injected_any,1.5,30.0,44,0,,,,,True
injected,1.5,30.0,45,30,3.7806404911983754e-07,4.0,49.0,11.0,True
injected,1.5,30.0,45,60,0.036475694258115254,3.0,25.0,13.0,False
injected,1.5,30.0,45,120,0.0063629150390625,3.0,14.0,3.0,True
injected_any,1.5,30.0,45,0,,,,,True
injected,1.5,30.0,46,30,3.486905075789082e-08,4.0,45.0,7.0,True
injected,1.5,30.0,46,60,0.020479795755818493,3.0,24.0,11.0,False
injected,1.5,30.0,46,120,0.0245208740234375,4.0,13.0,4.0,False
injected_any,1.5,30.0,46,0,,,,,True
injected,1.5,30.0,47,30,2.1681915685078934e-07,4.0,46.0,9.0,True
injected,1.5,30.0,47,60,0.006926482630660757,4.0,27.0,11.0,True
injected,1.5,30.0,47,120,0.017578125,3.0,12.0,3.0,False
injected_any,1.5,30.0,47,0,,,,,True
injected,1.5,30.0,48,30,1.8122891631833227e-07,4.0,42.0,7.0,True
injected,1.5,30.0,48,60,0.01754101668484509,4.0,23.0,10.0,False
injected,1.5,30.0,48,120,0.048126220703125,4.0,13.0,5.0,False
injected_any,1.5,30.0,48,0,,,,,True
injected,1.5,30.0,49,30,2.0967078967260022e-05,4.0,35.0,8.0,True
injected,1.5,30.0,49,60,0.11474050651304424,4.0,21.0,13.0,False
injected,1.5,30.0,49,120,0.1189422607421875,3.0,12.0,6.0,False
injected_any,1.5,30.0,49,0,,,,,True
injected,1.5,60.0,0,30,0.9997651213409959,0.0,13.0,36.0,False
injected,1.5,60.0,0,60,0.1620043000439182,3.0,22.0,15.0,False
injected,1.5,60.0,0,120,0.01123046875,4.0,11.0,2.0,True
injected_any,1.5,60.0,0,0,,,,,True
injected,1.5,60.0,1,30,0.9999973108409449,0.0,12.0,44.0,False
injected,1.5,60.0,1,60,0.29830744792707264,2.0,18.0,14.0,False
injected,1.5,60.0,1,120,0.0384063720703125,3.0,12.0,4.0,False
injected_any,1.5,60.0,1,0,,,,,False
injected,1.5,60.0,2,30,0.999912436632797,0.0,14.0,40.0,False
injected,1.5,60.0,2,60,0.2497799166012556,2.0,20.0,15.0,False
injected,1.5,60.0,2,120,0.0717315673828125,3.0,12.0,5.0,False
injected_any,1.5,60.0,2,0,,,,,False
injected,1.5,60.0,3,30,0.9992986557481522,0.0,14.0,35.0,False
injected,1.5,60.0,3,60,0.10551179880440031,4.0,25.0,16.0,False
injected,1.5,60.0,3,120,0.15087890624999997,4.0,10.0,5.0,False
injected_any,1.5,60.0,3,0,,,,,False
injected,1.5,60.0,4,30,0.9999009802743313,0.0,13.0,38.0,False
injected,1.5,60.0,4,60,0.42776777595281607,3.0,16.0,14.0,False
injected,1.5,60.0,4,120,0.30361938476562494,3.0,9.0,6.0,False
injected_any,1.5,60.0,4,0,,,,,False
injected,1.5,60.0,5,30,0.9998223594406843,0.0,15.0,40.0,False
injected,1.5,60.0,5,60,0.07165332714794204,4.0,24.0,14.0,False
injected,1.5,60.0,5,120,0.0717315673828125,4.0,12.0,5.0,False
injected_any,1.5,60.0,5,0,,,,,False
injected,1.5,60.0,6,30,0.9999923890869447,0.0,10.0,38.0,False
injected,1.5,60.0,6,60,0.17246422544121742,4.0,17.0,11.0,False
injected,1.5,60.0,6,120,0.05923461914062499,4.0,11.0,4.0,False
injected_any,1.5,60.0,6,0,,,,,False
injected,1.5,60.0,7,30,0.9966997760165945,0.0,16.0,34.0,False
injected,1.5,60.0,7,60,0.13409362552738457,2.0,24.0,16.0,False
injected,1.5,60.0,7,120,0.08353424072265625,4.0,13.0,6.0,False
injected_any,1.5,60.0,7,0,,,,,False
injected,1.5,60.0,8,30,0.9997322822485715,0.0,15.0,39.0,False
injected,1.5,60.0,8,60,0.09979543345980349,4.0,24.0,15.0,False
injected,1.5,60.0,8,120,0.13158798217773438,4.0,13.0,7.0,False
injected_any,1.5,60.0,8,0,,,,,False
injected,1.5,60.0,9,30,0.9987705498389516,0.0,13.0,32.0,False
injected,1.5,60.0,9,60,0.09387077949941158,4.0,23.0,14.0,False
injected,1.5,60.0,9,120,0.09462356567382812,4.0,14.0,7.0,False
injected_any,1.5,60.0,9,0,,,,,False
injected,1.5,60.0,10,30,0.9989559463330018,0.0,14.0,34.0,False
injected,1.5,60.0,10,60,0.17444443972453882,3.0,24.0,17.0,False
injected,1.5,60.0,10,120,0.2272491455078125,3.0,10.0,6.0,False
injected_any,1.5,60.0,10,0,,,,,False
injected,1.5,60.0,11,30,0.9997322822485715,0.0,15.0,39.0,False
injected,1.5,60.0,11,60,0.2088460954182665,3.0,22.0,16.0,False
injected,1.5,60.0,11,120,0.09462356567382812,3.0,14.0,7.0,False
injected_any,1.5,60.0,11,0,,,,,False
injected,1.5,60.0,12,30,0.9999290146574005,0.0,12.0,37.0,False
injected,1.5,60.0,12,60,0.04007165622897446,3.0,22.0,11.0,False
injected,1.5,60.0,12,120,0.1334228515625,4.0,9.0,4.0,False
injected_any,1.5,60.0,12,0,,,,,False
injected,1.5,60.0,13,30,0.9999548925494643,0.0,12.0,38.0,False
injected,1.5,60.0,13,60,0.18854279373772442,4.0,19.0,13.0,False
injected,1.5,60.0,13,120,0.1661529541015625,4.0,11.0,6.0,False
injected_any,1.5,60.0,13,0,,,,,False
injected,1.5,60.0,14,30,0.9999887622029884,0.0,12.0,41.0,False
injected,1.5,60.0,14,60,0.5,1.0,16.0,15.0,False
injected,1.5,60.0,14,120,0.21197509765625,4.0,9.0,5.0,False
injected_any,1.5,60.0,14,0,,,,,False
injected,1.5,60.0,15,30,0.9996413651633027,0.0,13.0,35.0,False
injected,1.5,60.0,15,60,0.09979543345980349,3.0,24.0,15.0,False
injected,1.5,60.0,15,120,0.08978271484375,3.0,10.0,4.0,False
injected_any,1.5,60.0,15,0,,,,,False
injected,1.5,60.0,16,30,0.9996894782718861,0.0,14.0,37.0,False
injected,1.5,60.0,16,60,0.4339697002142202,2.0,19.0,17.0,False
injected,1.5,60.0,16,120,0.13158798217773438,3.0,13.0,7.0,False
injected_any,1.5,60.0,16,0,,,,,False
injected,1.5,60.0,17,30,0.9989559463330018,0.0,14.0,34.0,False
injected,1.5,60.0,17,60,0.3776143287523155,2.0,22.0,19.0,False
injected,1.5,60.0,17,120,0.2403411865234375,4.0,11.0,7.0,False
injected_any,1.5,60.0,17,0,,,,,False
injected,1.5,60.0,18,30,0.9997651213409959,0.0,13.0,36.0,False
injected,1.5,60.0,18,60,0.19576415256597102,3.0,20.0,14.0,False
injected,1.5,60.0,18,120,0.05923461914062499,4.0,11.0,4.0,False
injected_any,1.5,60.0,18,0,,,,,False
injected,1.5,60.0,19,30,0.9999290146574005,0.0,12.0,37.0,False
injected,1.5,60.0,19,60,0.2556878907926148,4.0,21.0,16.0,False
injected,1.5,60.0,19,120,0.017578125,4.0,12.0,3.0,False
injected_any,1.5,60.0,19,0,,,,,False
injected,1.5,60.0,20,30,0.9995318885445741,0.0,14.0,36.0,False
injected,1.5,60.0,20,60,0.132465448230505,3.0,18.0,11.0,False
injected,1.5,60.0,20,120,0.05923461914062499,3.0,11.0,4.0,False
injected_any,1.5,60.0,20,0,,,,,False
injected,1.5,60.0,21,30,0.9997952292731087,0.0,14.0,38.0,False
injected,1.5,60.0,21,60,0.2611986902484206,2.0,22.0,17.0,False
injected,1.5,60.0,21,120,0.1796417236328125,3.0,12.0,7.0,False
injected_any,1.5,60.0,21,0,,,,,False
injected,1.5,60.0,22,30,0.9996413651633027,0.0,13.0,35.0,False
injected,1.5,60.0,22,60,0.09387077949941158,4.0,23.0,14.0,False
injected,1.5,60.0,22,120,0.40726470947265625,2.0,10.0,8.0,False
injected_any,1.5,60.0,22,0,,,,,False
injected,1.5,60.0,23,30,0.9999633339080153,0.0,14.0,42.0,False
injected,1.5,60.0,23,60,0.21479525392169307,3.0,23.0,17.0,False
injected,1.5,60.0,23,120,0.13158798217773438,3.0,13.0,7.0,False
injected_any,1.5,60.0,23,0,,,,,False
injected,1.5,60.0,24,30,0.9998470679991982,0.0,13.0,37.0,False
injected,1.5,60.0,24,60,0.13997811926446957,4.0,25.0,17.0,False
injected,1.5,60.0,24,120,0.1796417236328125,4.0,12.0,7.0,False
injected_any,1.5,60.0,24,0,,,,,False
injected,1.5,60.0,25,30,0.9999880693341616,0.0,11.0,39.0,False
injected,1.5,60.0,25,60,0.4300250329542905,2.0,17.0,15.0,False
injected,1.5,60.0,25,120,0.05923461914062499,4.0,11.0,4.0,False
injected_any,1.5,60.0,25,0,,,,,False
injected,1.5,60.0,26,30,0.9998470679991982,0.0,13.0,37.0,False
injected,1.5,60.0,26,60,0.271192005928242,3.0,24.0,19.0,False
injected,1.5,60.0,26,120,0.19165515899658203,4.0,13.0,8.0,False
injected_any,1.5,60.0,26,0,,,,,False
injected,1.5,60.0,27,30,0.9991792543295759,0.0,13.0,33.0,False
injected,1.5,60.0,27,60,0.13409362552738457,4.0,24.0,16.0,False
injected,1.5,60.0,27,120,0.19165515899658203,3.0,13.0,8.0,False
injected_any,1.5,60.0,27,0,,,,,False
injected,1.5,60.0,28,30,0.9994024398399963,0.0,15.0,37.0,False
injected,1.5,60.0,28,60,0.06072474247775972,4.0,22.0,12.0,False
injected,1.5,60.0,28,120,0.05923461914062499,4.0,11.0,4.0,False
injected_any,1.5,60.0,28,0,,,,,False
injected,1.5,60.0,29,30,0.9996413651633027,0.0,13.0,35.0,False
injected,1.5,60.0,29,60,0.308859658514848,4.0,20.0,16.0,False
injected,1.5,60.0,29,120,0.1189422607421875,2.0,12.0,6.0,False
injected_any,1.5,60.0,29,0,,,,,False
injected,1.5,60.0,30,30,0.9996413651633027,0.0,13.0,35.0,False
injected,1.5,60.0,30,60,0.2556878907926148,4.0,21.0,16.0,False
injected,1.5,60.0,30,120,0.1189422607421875,3.0,12.0,6.0,False
injected_any,1.5,60.0,30,0,,,,,False
injected,1.5,60.0,31,30,0.9996894782718861,0.0,14.0,37.0,False
injected,1.5,60.0,31,60,0.29830744792707264,3.0,18.0,14.0,False
injected,1.5,60.0,31,120,0.1050567626953125,4.0,11.0,5.0,False
injected_any,1.5,60.0,31,0,,,,,False
injected,1.5,60.0,32,30,0.9999691517961118,0.0,11.0,37.0,False
injected,1.5,60.0,32,60,0.2497799166012556,3.0,20.0,15.0,False
injected,1.5,60.0,32,120,0.30361938476562494,3.0,9.0,6.0,False
injected_any,1.5,60.0,32,0,,,,,False
injected,1.5,60.0,33,30,0.9972423992572494,0.0,15.0,33.0,False
injected,1.5,60.0,33,60,0.43570733968226705,2.0,20.0,18.0,False
injected,1.5,60.0,33,120,0.3238029479980469,2.0,11.0,8.0,False
injected_any,1.5,60.0,33,0,,,,,False
injected,1.5,60.0,34,30,0.9997322822485715,0.0,15.0,39.0,False
injected,1.5,60.0,34,60,0.15525232953950768,4.0,21.0,14.0,False
injected,1.5,60.0,34,120,0.0317840576171875,4.0,14.0,5.0,False
injected_any,1.5,60.0,34,0,,,,,False
injected,1.5,60.0,35,30,0.9999217913957352,0.0,11.0,35.0,False
injected,1.5,60.0,35,60,0.19576415256597102,3.0,20.0,14.0,False
injected,1.5,60.0,35,120,0.046142578125,3.0,10.0,3.0,False
injected_any,1.5,60.0,35,0,,,,,False
injected,1.5,60.0,36,30,0.9994557308967629,0.0,13.0,34.0,False
injected,1.5,60.0,36,60,0.691140341485152,1.0,17.0,19.0,False
injected,1.5,60.0,36,120,0.2272491455078125,3.0,10.0,6.0,False
injected_any,1.5,60.0,36,0,,,,,False
injected,1.5,60.0,37,30,0.9987705498389516,0.0,13.0,32.0,False
injected,1.5,60.0,37,60,0.2611986902484206,3.0,22.0,17.0,False
injected,1.5,60.0,37,120,0.15372812747955322,4.0,15.0,9.0,False
injected_any,1.5,60.0,37,0,,,,,False
injected,1.5,60.0,38,30,0.9999009802743313,0.0,13.0,38.0,False
injected,1.5,60.0,38,60,0.2556878907926148,2.0,21.0,16.0,False
injected,1.5,60.0,38,120,0.21197509765625,3.0,9.0,5.0,False
injected_any,1.5,60.0,38,0,,,,,False
injected,1.5,60.0,39,30,0.9994024398399963,0.0,15.0,37.0,False
injected,1.5,60.0,39,60,0.13409362552738457,3.0,24.0,16.0,False
injected,1.5,60.0,39,120,0.0245208740234375,4.0,13.0,4.0,False
injected_any,1.5,60.0,39,0,,,,,False
injected,1.5,60.0,40,30,0.9998470679991982,0.0,13.0,37.0,False
injected,1.5,60.0,40,60,0.15525232953950768,4.0,21.0,14.0,False
injected,1.5,60.0,40,120,0.046142578125,3.0,10.0,3.0,False
injected_any,1.5,60.0,40,0,,,,,False
injected,1.5,60.0,41,30,0.9998888775186892,0.0,12.0,36.0,False
injected,1.5,60.0,41,60,0.19576415256597102,3.0,20.0,14.0,False
injected,1.5,60.0,41,120,0.0717315673828125,4.0,12.0,5.0,False
injected_any,1.5,60.0,41,0,,,,,False
injected,1.5,60.0,42,30,0.9998764561076996,0.0,11.0,34.0,False
injected,1.5,60.0,42,60,0.24342512083239853,2.0,19.0,14.0,False
injected,1.5,60.0,42,120,0.40726470947265625,2.0,10.0,8.0,False
injected_any,1.5,60.0,42,0,,,,,False
injected,1.5,60.0,43,30,0.9998470679991982,0.0,13.0,37.0,False
injected,1.5,60.0,43,60,0.055092082591727376,4.0,21.0,11.0,False
injected,1.5,60.0,43,120,0.019287109375,4.0,10.0,2.0,False
injected_any,1.5,60.0,43,0,,,,,False
injected,1.5,60.0,44,30,0.9996413651633027,0.0,13.0,35.0,False
injected,1.5,60.0,44,60,0.29830744792707264,3.0,18.0,14.0,False
injected,1.5,60.0,44,120,0.15087890624999997,4.0,10.0,5.0,False
injected_any,1.5,60.0,44,0,,,,,False
injected,1.5,60.0,45,30,0.9998269994298425,0.0,12.0,35.0,False
injected,1.5,60.0,45,60,0.26635462761805684,3.0,23.0,18.0,False
injected,1.5,60.0,45,120,0.1661529541015625,3.0,11.0,6.0,False
injected_any,1.5,60.0,45,0,,,,,False
injected,1.5,60.0,46,30,0.9995318885445741,0.0,14.0,36.0,False
injected,1.5,60.0,46,60,0.1620043000439182,3.0,22.0,15.0,False
injected,1.5,60.0,46,120,0.048126220703125,4.0,13.0,5.0,False
injected_any,1.5,60.0,46,0,,,,,False
injected,1.5,60.0,47,30,0.999912436632797,0.0,14.0,40.0,False
injected,1.5,60.0,47,60,0.16839181759496574,4.0,23.0,16.0,False
injected,1.5,60.0,47,120,0.0717315673828125,3.0,12.0,5.0,False
injected_any,1.5,60.0,47,0,,,,,False
injected,1.5,60.0,48,30,0.9999548925494643,0.0,12.0,38.0,False
injected,1.5,60.0,48,60,0.3714146793645341,3.0,20.0,17.0,False
injected,1.5,60.0,48,120,0.1189422607421875,4.0,12.0,6.0,False
injected_any,1.5,60.0,48,0,,,,,False
injected,1.5,60.0,49,30,0.9997651213409959,0.0,13.0,36.0,False
injected,1.5,60.0,49,60,0.43731465619021037,2.0,21.0,19.0,False
injected,1.5,60.0,49,120,0.2403411865234375,3.0,11.0,7.0,False
injected_any,1.5,60.0,49,0,,,,,False
injected,2.0,15.0,0,30,1.9456941613427148e-10,4.0,49.0,5.0,True
injected,2.0,15.0,0,60,0.00015627557877451181,4.0,29.0,7.0,True
injected,2.0,15.0,0,120,0.0064697265625,4.0,12.0,2.0,True
injected_any,2.0,15.0,0,0,,,,,True
injected,2.0,15.0,1,30,4.1815439999481896e-12,4.0,46.0,2.0,True
injected,2.0,15.0,1,60,0.0004389551468193531,4.0,25.0,6.0,True
injected,2.0,15.0,1,120,0.0384063720703125,4.0,12.0,4.0,False
injected_any,2.0,15.0,1,0,,,,,True
injected,2.0,15.0,2,30,3.9391920836351346e-08,4.0,40.0,5.0,True
injected,2.0,15.0,2,60,0.020479795755818493,4.0,24.0,11.0,False
injected,2.0,15.0,2,120,0.026239395141601562,4.0,16.0,6.0,False
injected_any,2.0,15.0,2,0,,,,,True
injected,2.0,15.0,3,30,1.145932104762437e-08,4.0,47.0,7.0,True
injected,2.0,15.0,3,60,5.842093378305435e-05,4.0,29.0,6.0,True
injected,2.0,15.0,3,120,0.017578125,4.0,12.0,3.0,False
injected_any,2.0,15.0,3,0,,,,,True
injected,2.0,15.0,4,30,1.145932104762437e-08,4.0,47.0,7.0,True
injected,2.0,15.0,4,60,0.0012816039961762726,4.0,28.0,9.0,True
injected,2.0,15.0,4,120,0.15087890624999997,3.0,10.0,5.0,False
injected_any,2.0,15.0,4,0,,,,,True
injected,2.0,15.0,5,30,2.104926011270436e-09,4.0,45.0,5.0,True
injected,2.0,15.0,5,60,0.0004106976557523012,4.0,27.0,7.0,True
injected,2.0,15.0,5,120,0.0106353759765625,4.0,13.0,3.0,True
injected_any,2.0,15.0,5,0,,,,,True
injected,2.0,15.0,6,30,1.2081535771812923e-10,4.0,47.0,4.0,True
injected,2.0,15.0,6,60,9.756279177963734e-05,4.0,28.0,6.0,True
injected,2.0,15.0,6,120,0.001708984375,4.0,12.0,1.0,True
injected_any,2.0,15.0,6,0,,,,,True
injected,2.0,15.0,7,30,9.161814418234826e-09,4.0,45.0,6.0,True
injected,2.0,15.0,7,60,0.0008207456704241167,4.0,34.0,12.0,True
injected,2.0,15.0,7,120,0.0020904541015625,4.0,14.0,2.0,True
injected_any,2.0,15.0,7,0,,,,,True
injected,2.0,15.0,8,30,9.161814418234826e-09,4.0,45.0,6.0,True
injected,2.0,15.0,8,60,0.00053250981727615,4.0,30.0,9.0,True
injected,2.0,15.0,8,120,0.0106353759765625,4.0,13.0,3.0,True
injected_any,2.0,15.0,8,0,,,,,True
injected,2.0,15.0,9,30,7.569163074094831e-10,4.0,44.0,4.0,True
injected,2.0,15.0,9,60,0.0011107168866146822,4.0,30.0,10.0,True
injected,2.0,15.0,9,120,0.005908966064453125,4.0,16.0,4.0,True
injected_any,2.0,15.0,9,0,,,,,True
injected,2.0,15.0,10,30,4.531635958482383e-06,4.0,42.0,10.0,True
injected,2.0,15.0,10,60,0.011851351235236507,3.0,27.0,12.0,True
injected,2.0,15.0,10,120,0.01544189453125,4.0,14.0,4.0,True
injected_any,2.0,15.0,10,0,,,,,True
injected,2.0,15.0,11,30,2.9026612224924975e-09,4.0,47.0,6.0,True
injected,2.0,15.0,11,60,0.0004106976557523012,4.0,27.0,7.0,True
injected,2.0,15.0,11,120,0.0035986900329589844,4.0,17.0,4.0,True
injected_any,2.0,15.0,11,0,,,,,True
injected,2.0,15.0,12,30,1.1640075570085173e-09,4.0,46.0,5.0,True
injected,2.0,15.0,12,60,9.756279177963734e-05,4.0,28.0,6.0,True
injected,2.0,15.0,12,120,0.019287109375,4.0,10.0,2.0,False
injected_any,2.0,15.0,12,0,,,,,True
injected,2.0,15.0,13,30,1.8541612689659814e-11,4.0,47.0,3.0,True
injected,2.0,15.0,13,60,5.653710104525089e-05,4.0,27.0,5.0,True
injected,2.0,15.0,13,120,0.017578125,4.0,12.0,3.0,False
injected_any,2.0,15.0,13,0,,,,,True
injected,2.0,15.0,14,30,4.112727935989824e-10,4.0,45.0,4.0,True
injected,2.0,15.0,14,60,0.0005966214812360704,4.0,28.0,8.0,True
injected,2.0,15.0,14,120,0.046142578125,4.0,10.0,3.0,False
injected_any,2.0,15.0,14,0,,,,,True
injected,2.0,15.0,15,30,1.542517804719451e-08,4.0,51.0,9.0,True
injected,2.0,15.0,15,60,0.0004106976557523012,4.0,27.0,7.0,True
injected,2.0,15.0,15,120,0.001708984375,4.0,12.0,1.0,True
injected_any,2.0,15.0,15,0,,,,,True
injected,2.0,15.0,16,30,4.6317732049772076e-06,4.0,40.0,9.0,True
injected,2.0,15.0,16,60,0.0025488216488156468,3.0,28.0,10.0,True
injected,2.0,15.0,16,120,0.01544189453125,4.0,14.0,4.0,True
injected_any,2.0,15.0,16,0,,,,,True
injected,2.0,15.0,17,30,6.227257073054826e-07,4.0,46.0,10.0,True
injected,2.0,15.0,17,60,0.003957948667448363,4.0,30.0,12.0,True
injected,2.0,15.0,17,120,0.017578125,4.0,12.0,3.0,False
injected_any,2.0,15.0,17,0,,,,,True
injected,2.0,15.0,18,30,2.2308910274659866e-10,4.0,46.0,4.0,True
injected,2.0,15.0,18,60,0.0002541302237659693,4.0,28.0,7.0,True
injected,2.0,15.0,18,120,0.0106353759765625,4.0,13.0,3.0,True
injected_any,2.0,15.0,18,0,,,,,True
injected,2.0,15.0,19,30,6.840242150474297e-09,4.0,43.0,5.0,True
injected,2.0,15.0,19,60,0.003816039301455021,3.0,27.0,10.0,True
injected,2.0,15.0,19,120,0.0064697265625,4.0,12.0,2.0,True
injected_any,2.0,15.0,19,0,,,,,True
injected,2.0,15.0,20,30,2.104926011270436e-09,4.0,45.0,5.0,True
injected,2.0,15.0,20,60,0.003816039301455021,4.0,27.0,10.0,True
injected,2.0,15.0,20,120,0.0286865234375,4.0,11.0,3.0,False
injected_any,2.0,15.0,20,0,,,,,True
injected,2.0,15.0,21,30,4.0338047957444445e-08,4.0,47.0,8.0,True
injected,2.0,15.0,21,60,0.0009569805006321985,4.0,32.0,11.0,True
injected,2.0,15.0,21,120,0.0245208740234375,3.0,13.0,4.0,False
injected_any,2.0,15.0,21,0,,,,,True
injected,2.0,15.0,22,30,3.486905075789082e-08,4.0,45.0,7.0,True
injected,2.0,15.0,22,60,0.002162002467230195,4.0,30.0,11.0,True
injected,2.0,15.0,22,120,0.0286865234375,3.0,11.0,3.0,False
injected_any,2.0,15.0,22,0,,,,,True
injected,2.0,15.0,23,30,7.025812465144554e-08,4.0,39.0,5.0,True
injected,2.0,15.0,23,60,0.006926482630660757,3.0,27.0,11.0,True
injected,2.0,15.0,23,120,0.0022125244140625,4.0,16.0,3.0,True
injected_any,2.0,15.0,23,0,,,,,True
injected,2.0,15.0,24,30,2.8638826421456542e-08,4.0,43.0,6.0,True
injected,2.0,15.0,24,60,0.005753894867666531,3.0,29.0,12.0,True
injected,2.0,15.0,24,120,0.0037689208984375,4.0,15.0,3.0,True
injected_any,2.0,15.0,24,0,,,,,True
injected,2.0,15.0,25,30,1.049338713698944e-07,4.0,43.0,7.0,True
injected,2.0,15.0,25,60,0.020479795755818493,3.0,24.0,11.0,False
injected,2.0,15.0,25,120,0.017578125,4.0,12.0,3.0,False
injected_any,2.0,15.0,25,0,,,,,True
injected,2.0,15.0,26,30,3.644215388343141e-07,4.0,45.0,9.0,True
injected,2.0,15.0,26,60,0.001966586511116475,4.0,27.0,9.0,True
injected,2.0,15.0,26,120,0.01544189453125,4.0,14.0,4.0,True
injected_any,2.0,15.0,26,0,,,,,True
injected,2.0,15.0,27,30,4.0338047957444445e-08,4.0,47.0,8.0,True
injected,2.0,15.0,27,60,0.0008290262630907819,4.0,29.0,9.0,True
injected,2.0,15.0,27,120,0.0063629150390625,4.0,14.0,3.0,True
injected_any,2.0,15.0,27,0,,,,,True
injected,2.0,15.0,28,30,6.92167748672645e-08,4.0,46.0,8.0,True
injected,2.0,15.0,28,60,0.0005966214812360704,4.0,28.0,8.0,True
injected,2.0,15.0,28,120,0.017578125,4.0,12.0,3.0,False
injected_any,2.0,15.0,28,0,,,,,True
injected,2.0,15.0,29,30,9.161814418234826e-09,4.0,45.0,6.0,True
injected,2.0,15.0,29,60,0.004520592745393515,4.0,25.0,9.0,True
injected,2.0,15.0,29,120,0.01544189453125,3.0,14.0,4.0,True
injected_any,2.0,15.0,29,0,,,,,True
injected,2.0,15.0,30,30,5.162910987621672e-09,4.0,46.0,6.0,True
injected,2.0,15.0,30,60,0.0011107168866146822,4.0,30.0,10.0,True
injected,2.0,15.0,30,120,0.00960540771484375,3.0,15.0,4.0,True
injected_any,2.0,15.0,30,0,,,,,True
injected,2.0,15.0,31,30,2.8638826421456542e-08,4.0,43.0,6.0,True
injected,2.0,15.0,31,60,0.0035001833457499743,4.0,24.0,8.0,True
injected,2.0,15.0,31,120,0.0106353759765625,4.0,13.0,3.0,True
injected_any,2.0,15.0,31,0,,,,,True
injected,2.0,15.0,32,30,4.479701214490928e-08,4.0,49.0,9.0,True
injected,2.0,15.0,32,60,0.0010512007866054773,4.0,25.0,7.0,True
injected,2.0,15.0,32,120,0.072998046875,4.0,9.0,3.0,False
injected_any,2.0,15.0,32,0,,,,,True
injected,2.0,15.0,33,30,0.0002047707268912902,4.0,39.0,13.0,True
injected,2.0,15.0,33,60,0.0403452338759962,3.0,26.0,14.0,False
injected,2.0,15.0,33,120,0.08353424072265625,3.0,13.0,6.0,False
injected_any,2.0,15.0,33,0,,,,,True
injected,2.0,15.0,34,30,3.79857922894189e-09,4.0,44.0,5.0,True
injected,2.0,15.0,34,60,0.0025488216488156468,4.0,28.0,10.0,True
injected,2.0,15.0,34,120,0.00960540771484375,4.0,15.0,4.0,True
injected_any,2.0,15.0,34,0,,,,,True
injected,2.0,15.0,35,30,1.6282650783239203e-09,4.0,48.0,6.0,True
injected,2.0,15.0,35,60,0.0001620317343622446,4.0,27.0,6.0,True
injected,2.0,15.0,35,120,0.019287109375,3.0,10.0,2.0,False
injected_any,2.0,15.0,35,0,,,,,True
injected,2.0,15.0,36,30,1.1841756886177279e-07,4.0,45.0,8.0,True
injected,2.0,15.0,36,60,0.0012816039961762726,4.0,28.0,9.0,True
injected,2.0,15.0,36,120,0.05923461914062499,4.0,11.0,4.0,False
injected_any,2.0,15.0,36,0,,,,,True
injected,2.0,15.0,37,30,9.15771636300633e-07,4.0,39.0,7.0,True
injected,2.0,15.0,37,60,0.005665492091793567,4.0,26.0,10.0,True
injected,2.0,15.0,37,120,0.01544189453125,4.0,14.0,4.0,True
injected_any,2.0,15.0,37,0,,,,,True
injected,2.0,15.0,38,30,6.92167748672645e-08,4.0,46.0,8.0,True
injected,2.0,15.0,38,60,0.0025488216488156468,4.0,28.0,10.0,True
injected,2.0,15.0,38,120,0.0064697265625,4.0,12.0,2.0,True
injected_any,2.0,15.0,38,0,,,,,True
injected,2.0,15.0,39,30,5.0437410692438795e-08,4.0,42.0,6.0,True
injected,2.0,15.0,39,60,0.0025488216488156468,4.0,28.0,10.0,True
injected,2.0,15.0,39,120,0.0037689208984375,4.0,15.0,3.0,True
injected_any,2.0,15.0,39,0,,,,,True
injected,2.0,15.0,40,30,3.486905075789082e-08,4.0,45.0,7.0,True
injected,2.0,15.0,40,60,0.001966586511116475,4.0,27.0,9.0,True
injected,2.0,15.0,40,120,0.017578125,4.0,12.0,3.0,False
injected_any,2.0,15.0,40,0,,,,,True
injected,2.0,15.0,41,30,6.057628709754681e-08,4.0,44.0,7.0,True
injected,2.0,15.0,41,60,0.0003764485300052911,4.0,29.0,8.0,True
injected,2.0,15.0,41,120,0.0011749267578125,4.0,15.0,2.0,True
injected_any,2.0,15.0,41,0,,,,,True
injected,2.0,15.0,42,30,6.543793062974146e-09,4.0,48.0,7.0,True
injected,2.0,15.0,42,60,0.0007252455070556607,4.0,31.0,10.0,True
injected,2.0,15.0,42,120,0.017578125,3.0,12.0,3.0,False
injected_any,2.0,15.0,42,0,,,,,True
injected,2.0,15.0,43,30,7.851308877343534e-09,4.0,50.0,8.0,True
injected,2.0,15.0,43,60,0.0004389551468193531,4.0,25.0,6.0,True
injected,2.0,15.0,43,120,0.005859375,4.0,10.0,1.0,True
injected_any,2.0,15.0,43,0,,,,,True
injected,2.0,15.0,44,30,3.120204219442258e-07,4.0,41.0,7.0,True
injected,2.0,15.0,44,60,0.001966586511116475,4.0,27.0,9.0,True
injected,2.0,15.0,44,120,0.0384063720703125,4.0,12.0,4.0,False
injected_any,2.0,15.0,44,0,,,,,True
injected,2.0,15.0,45,30,1.145932104762437e-08,4.0,47.0,7.0,True
injected,2.0,15.0,45,60,0.0008290262630907819,3.0,29.0,9.0,True
injected,2.0,15.0,45,120,0.0020904541015625,3.0,14.0,2.0,True
injected_any,2.0,15.0,45,0,,,,,True
injected,2.0,15.0,46,30,4.1815439999481896e-12,4.0,46.0,2.0,True
injected,2.0,15.0,46,60,0.0005966214812360704,4.0,28.0,8.0,True
injected,2.0,15.0,46,120,0.0317840576171875,4.0,14.0,5.0,False
injected_any,2.0,15.0,46,0,,,,,True
injected,2.0,15.0,47,30,3.486905075789082e-08,4.0,45.0,7.0,True
injected,2.0,15.0,47,60,0.0006300169081328022,4.0,33.0,11.0,True
injected,2.0,15.0,47,120,0.0063629150390625,4.0,14.0,3.0,True
injected_any,2.0,15.0,47,0,,,,,True
injected,2.0,15.0,48,30,4.112727935989824e-10,4.0,45.0,4.0,True
injected,2.0,15.0,48,60,9.756279177963734e-05,4.0,28.0,6.0,True
injected,2.0,15.0,48,120,0.01544189453125,4.0,14.0,4.0,True
injected_any,2.0,15.0,48,0,,,,,True
injected,2.0,15.0,49,30,2.649790872055746e-06,4.0,37.0,7.0,True
injected,2.0,15.0,49,60,0.014408359827939423,4.0,25.0,11.0,True
injected,2.0,15.0,49,120,0.03917694091796875,3.0,15.0,6.0,False
injected_any,2.0,15.0,49,0,,,,,True
injected,2.0,30.0,0,30,1.1841756886177279e-07,4.0,45.0,8.0,True
injected,2.0,30.0,0,60,0.012153255054727197,4.0,24.0,10.0,True
injected,2.0,30.0,0,120,0.0064697265625,4.0,12.0,2.0,True
injected_any,2.0,30.0,0,0,,,,,True
injected,2.0,30.0,1,30,2.0015980872756245e-08,4.0,46.0,7.0,True
injected,2.0,30.0,1,60,0.021386972628533847,3.0,21.0,9.0,False
injected,2.0,30.0,1,120,0.017578125,4.0,12.0,3.0,False
injected_any,2.0,30.0,1,0,,,,,True
injected,2.0,30.0,2,30,2.68915905507483e-06,4.0,45.0,11.0,True
injected,2.0,30.0,2,60,0.07165332714794204,4.0,24.0,14.0,False
injected,2.0,30.0,2,120,0.08353424072265625,3.0,13.0,6.0,False
injected_any,2.0,30.0,2,0,,,,,True
injected,2.0,30.0,3,30,1.0286322577601759e-06,4.0,45.0,10.0,True
injected,2.0,30.0,3,60,0.010036925959866494,4.0,26.0,11.0,True
injected,2.0,30.0,3,120,0.0384063720703125,4.0,12.0,4.0,False
injected_any,2.0,30.0,3,0,,,,,True
injected,2.0,30.0,4,30,1.3878184320715095e-07,4.0,51.0,11.0,True
injected,2.0,30.0,4,60,0.035377772990614176,4.0,21.0,10.0,False
injected,2.0,30.0,4,120,0.30361938476562494,3.0,9.0,6.0,False
injected_any,2.0,30.0,4,0,,,,,True
injected,2.0,30.0,5,30,3.644215388343141e-07,4.0,45.0,9.0,True
injected,2.0,30.0,5,60,0.012153255054727197,4.0,24.0,10.0,True
injected,2.0,30.0,5,120,0.0384063720703125,4.0,12.0,4.0,False
injected_any,2.0,30.0,5,0,,,,,True
injected,2.0,30.0,6,30,3.433558868337627e-07,4.0,43.0,8.0,True
injected,2.0,30.0,6,60,0.014724686741828918,4.0,22.0,9.0,True
injected,2.0,30.0,6,120,0.017578125,4.0,12.0,3.0,False
injected_any,2.0,30.0,6,0,,,,,True
injected,2.0,30.0,7,30,3.644215388343141e-07,4.0,45.0,9.0,True
injected,2.0,30.0,7,60,0.013766577914793743,4.0,28.0,13.0,True
injected,2.0,30.0,7,120,0.0037689208984375,4.0,15.0,3.0,True
injected_any,2.0,30.0,7,0,,,,,True
injected,2.0,30.0,8,30,1.6928429766860373e-06,4.0,44.0,10.0,True
injected,2.0,30.0,8,60,0.006926482630660757,4.0,27.0,11.0,True
injected,2.0,30.0,8,120,0.048126220703125,4.0,13.0,5.0,False
injected_any,2.0,30.0,8,0,,,,,True
injected,2.0,30.0,9,30,4.6317732049772076e-06,4.0,40.0,9.0,True
injected,2.0,30.0,9,60,0.010036925959866494,4.0,26.0,11.0,True
injected,2.0,30.0,9,120,0.01544189453125,4.0,14.0,4.0,True
injected_any,2.0,30.0,9,0,,,,,True
injected,2.0,30.0,10,30,5.0248349634574043e-05,4.0,44.0,14.0,True
injected,2.0,30.0,10,60,0.1801888264678837,3.0,25.0,18.0,False
injected,2.0,30.0,10,120,0.1189422607421875,4.0,12.0,6.0,False
injected_any,2.0,30.0,10,0,,,,,True
injected,2.0,30.0,11,30,7.600976145716308e-08,4.0,48.0,9.0,True
injected,2.0,30.0,11,60,0.005665492091793567,4.0,26.0,10.0,True
injected,2.0,30.0,11,120,0.00845026969909668,3.0,17.0,5.0,True
injected_any,2.0,30.0,11,0,,,,,True
injected,2.0,30.0,12,30,3.727605155101621e-09,4.0,49.0,7.0,True
injected,2.0,30.0,12,60,0.014724686741828918,4.0,22.0,9.0,True
injected,2.0,30.0,12,120,0.0286865234375,4.0,11.0,3.0,False
injected_any,2.0,30.0,12,0,,,,,True
injected,2.0,30.0,13,30,9.11417247229096e-10,4.0,49.0,6.0,True
injected,2.0,30.0,13,60,0.008062400855123998,4.0,22.0,8.0,True
injected,2.0,30.0,13,120,0.08978271484375,4.0,10.0,4.0,False
injected_any,2.0,30.0,13,0,,,,,True
injected,2.0,30.0,14,30,1.049338713698944e-07,4.0,43.0,7.0,True
injected,2.0,30.0,14,60,0.035377772990614176,4.0,21.0,10.0,False
injected,2.0,30.0,14,120,0.1334228515625,4.0,9.0,4.0,False
injected_any,2.0,30.0,14,0,,,,,True
injected,2.0,30.0,15,30,2.4087616996330222e-06,4.0,49.0,13.0,True
injected,2.0,30.0,15,60,0.005665492091793567,4.0,26.0,10.0,True
injected,2.0,30.0,15,120,0.003173828125,4.0,11.0,1.0,True
injected_any,2.0,30.0,15,0,,,,,True
injected,2.0,30.0,16,30,1.7943958064758903e-05,4.0,41.0,11.0,True
injected,2.0,30.0,16,60,0.087732624495402,3.0,22.0,13.0,False
injected,2.0,30.0,16,120,0.048126220703125,4.0,13.0,5.0,False
injected_any,2.0,30.0,16,0,,,,,True
injected,2.0,30.0,17,30,1.7943958064758903e-05,4.0,41.0,11.0,True
injected,2.0,30.0,17,60,0.07165332714794204,4.0,24.0,14.0,False
injected,2.0,30.0,17,120,0.0384063720703125,4.0,12.0,4.0,False
injected_any,2.0,30.0,17,0,,,,,True
injected,2.0,30.0,18,30,7.600976145716308e-08,4.0,48.0,9.0,True
injected,2.0,30.0,18,60,0.004520592745393515,4.0,25.0,9.0,True
injected,2.0,30.0,18,120,0.0286865234375,4.0,11.0,3.0,False
injected_any,2.0,30.0,18,0,,,,,True
injected,2.0,30.0,19,30,3.756521548547997e-07,4.0,47.0,10.0,True
injected,2.0,30.0,19,60,0.032622667611576624,4.0,24.0,12.0,False
injected,2.0,30.0,19,120,0.0064697265625,4.0,12.0,2.0,True
injected_any,2.0,30.0,19,0,,,,,True
injected,2.0,30.0,20,30,3.433558868337627e-07,4.0,43.0,8.0,True
injected,2.0,30.0,20,60,0.035377772990614176,4.0,21.0,10.0,False
injected,2.0,30.0,20,120,0.0384063720703125,4.0,12.0,4.0,False
injected_any,2.0,30.0,20,0,,,,,True
injected,2.0,30.0,21,30,8.714261300815998e-06,4.0,48.0,14.0,True
injected,2.0,30.0,21,60,0.02351551371975802,4.0,25.0,12.0,False
injected,2.0,30.0,21,120,0.0245208740234375,4.0,13.0,4.0,False
injected_any,2.0,30.0,21,0,,,,,True
injected,2.0,30.0,22,30,1.6559423811901561e-06,4.0,46.0,11.0,True
injected,2.0,30.0,22,60,0.02351551371975802,4.0,25.0,12.0,False
injected,2.0,30.0,22,120,0.1189422607421875,4.0,12.0,6.0,False
injected_any,2.0,30.0,22,0,,,,,True
injected,2.0,30.0,23,30,9.15771636300633e-07,4.0,39.0,7.0,True
injected,2.0,30.0,23,60,0.087732624495402,4.0,22.0,13.0,False
injected,2.0,30.0,23,120,0.020694732666015625,4.0,15.0,5.0,False
injected_any,2.0,30.0,23,0,,,,,True
injected,2.0,30.0,24,30,1.1930665838377763e-05,4.0,40.0,10.0,True
injected,2.0,30.0,24,60,0.13997811926446957,3.0,25.0,17.0,False
injected,2.0,30.0,24,120,0.01544189453125,4.0,14.0,4.0,True
injected_any,2.0,30.0,24,0,,,,,True
injected,2.0,30.0,25,30,1.6559423811901561e-06,4.0,46.0,11.0,True
injected,2.0,30.0,25,60,0.18079730402678257,3.0,18.0,12.0,False
injected,2.0,30.0,25,120,0.0286865234375,4.0,11.0,3.0,False
injected_any,2.0,30.0,25,0,,,,,True
injected,2.0,30.0,26,30,1.6559423811901561e-06,4.0,46.0,11.0,True
injected,2.0,30.0,26,60,0.02662595704896376,4.0,26.0,13.0,False
injected,2.0,30.0,26,120,0.01544189453125,4.0,14.0,4.0,True
injected_any,2.0,30.0,26,0,,,,,True
injected,2.0,30.0,27,30,1.6559423811901561e-06,4.0,46.0,11.0,True
injected,2.0,30.0,27,60,0.014408359827939423,4.0,25.0,11.0,True
injected,2.0,30.0,27,120,0.0384063720703125,4.0,12.0,4.0,False
injected_any,2.0,30.0,27,0,,,,,True
injected,2.0,30.0,28,30,2.5628146248443673e-06,4.0,47.0,12.0,True
injected,2.0,30.0,28,60,0.012153255054727197,4.0,24.0,10.0,True
injected,2.0,30.0,28,120,0.048126220703125,4.0,13.0,5.0,False
injected_any,2.0,30.0,28,0,,,,,True
injected,2.0,30.0,29,30,6.104255088068555e-07,4.0,44.0,9.0,True
injected,2.0,30.0,29,60,0.06072474247775972,4.0,22.0,12.0,False
injected,2.0,30.0,29,120,0.0317840576171875,3.0,14.0,5.0,False
injected_any,2.0,30.0,29,0,,,,,True
injected,2.0,30.0,30,30,2.1681915685078934e-07,4.0,46.0,9.0,True
injected,2.0,30.0,30,60,0.01923865414210013,4.0,27.0,13.0,False
injected,2.0,30.0,30,120,0.0317840576171875,3.0,14.0,5.0,False
injected_any,2.0,30.0,30,0,,,,,True
injected,2.0,30.0,31,30,6.563721582142356e-06,4.0,45.0,12.0,True
injected,2.0,30.0,31,60,0.07480639219284058,4.0,20.0,11.0,False
injected,2.0,30.0,31,120,0.1050567626953125,4.0,11.0,5.0,False
injected_any,2.0,30.0,31,0,,,,,True
injected,2.0,30.0,32,30,7.600976145716308e-08,4.0,48.0,9.0,True
injected,2.0,30.0,32,60,0.03071417286992073,4.0,20.0,9.0,False
injected,2.0,30.0,32,120,0.11328125,4.0,8.0,3.0,False
injected_any,2.0,30.0,32,0,,,,,True
injected,2.0,30.0,33,30,0.00013427005940958026,4.0,40.0,13.0,True
injected,2.0,30.0,33,60,0.2088460954182665,3.0,22.0,16.0,False
injected,2.0,30.0,33,120,0.1796417236328125,3.0,12.0,7.0,False
injected_any,2.0,30.0,33,0,,,,,True
injected,2.0,30.0,34,30,3.433558868337627e-07,4.0,43.0,8.0,True
injected,2.0,30.0,34,60,0.025051229866221547,4.0,22.0,10.0,False
injected,2.0,30.0,34,120,0.0245208740234375,4.0,13.0,4.0,False
injected_any,2.0,30.0,34,0,,,,,True
injected,2.0,30.0,35,30,6.227257073054826e-07,4.0,46.0,10.0,True
injected,2.0,30.0,35,60,0.021386972628533847,4.0,21.0,9.0,False
injected,2.0,30.0,35,120,0.072998046875,3.0,9.0,3.0,False
injected_any,2.0,30.0,35,0,,,,,True
injected,2.0,30.0,36,30,2.7752604445652196e-06,4.0,43.0,10.0,True
injected,2.0,30.0,36,60,0.07480639219284058,4.0,20.0,11.0,False
injected,2.0,30.0,36,120,0.1050567626953125,4.0,11.0,5.0,False
injected_any,2.0,30.0,36,0,,,,,True
injected,2.0,30.0,37,30,4.623849960694315e-06,4.0,38.0,8.0,True
injected,2.0,30.0,37,60,0.055092082591727376,4.0,21.0,11.0,False
injected,2.0,30.0,37,120,0.020694732666015625,4.0,15.0,5.0,False
injected_any,2.0,30.0,37,0,,,,,True
injected,2.0,30.0,38,30,1.3531398515044535e-07,4.0,49.0,10.0,True
injected,2.0,30.0,38,60,0.016776219839812256,4.0,26.0,12.0,False
injected,2.0,30.0,38,120,0.019287109375,4.0,10.0,2.0,False
injected_any,2.0,30.0,38,0,,,,,True
injected,2.0,30.0,39,30,7.368857942502416e-06,4.0,41.0,10.0,True
injected,2.0,30.0,39,60,0.016776219839812256,4.0,26.0,12.0,False
injected,2.0,30.0,39,120,0.0106353759765625,4.0,13.0,3.0,True
injected_any,2.0,30.0,39,0,,,,,True
injected,2.0,30.0,40,30,3.756521548547997e-07,4.0,47.0,10.0,True
injected,2.0,30.0,40,60,0.028806336456909776,4.0,23.0,11.0,False
injected,2.0,30.0,40,120,0.01123046875,4.0,11.0,2.0,True
injected_any,2.0,30.0,40,0,,,,,True
injected,2.0,30.0,41,30,2.1681915685078934e-07,4.0,46.0,9.0,True
injected,2.0,30.0,41,60,0.0067654934246093035,4.0,24.0,9.0,True
injected,2.0,30.0,41,120,0.0106353759765625,4.0,13.0,3.0,True
injected_any,2.0,30.0,41,0,,,,,True
injected,2.0,30.0,42,30,3.7806404911983754e-07,4.0,49.0,11.0,True
injected,2.0,30.0,42,60,0.010036925959866494,4.0,26.0,11.0,True
injected,2.0,30.0,42,120,0.08978271484375,3.0,10.0,4.0,False
injected_any,2.0,30.0,42,0,,,,,True
injected,2.0,30.0,43,30,1.3531398515044535e-07,4.0,49.0,10.0,True
injected,2.0,30.0,43,60,0.01205977238714695,4.0,21.0,8.0,True
injected,2.0,30.0,43,120,0.01123046875,4.0,11.0,2.0,True
injected_any,2.0,30.0,43,0,,,,,True
injected,2.0,30.0,44,30,3.644215388343141e-07,4.0,45.0,9.0,True
injected,2.0,30.0,44,60,0.010030803503468633,4.0,23.0,9.0,True
injected,2.0,30.0,44,120,0.08978271484375,4.0,10.0,4.0,False
injected_any,2.0,30.0,44,0,,,,,True
injected,2.0,30.0,45,30,3.7806404911983754e-07,4.0,49.0,11.0,True
injected,2.0,30.0,45,60,0.036475694258115254,3.0,25.0,13.0,False
injected,2.0,30.0,45,120,0.0063629150390625,3.0,14.0,3.0,True
injected_any,2.0,30.0,45,0,,,,,True
injected,2.0,30.0,46,30,3.486905075789082e-08,4.0,45.0,7.0,True
injected,2.0,30.0,46,60,0.020479795755818493,3.0,24.0,11.0,False
injected,2.0,30.0,46,120,0.0245208740234375,4.0,13.0,4.0,False
injected_any,2.0,30.0,46,0,,,,,True
injected,2.0,30.0,47,30,2.1681915685078934e-07,4.0,46.0,9.0,True
injected,2.0,30.0,47,60,0.006926482630660757,4.0,27.0,11.0,True
injected,2.0,30.0,47,120,0.017578125,3.0,12.0,3.0,False
injected_any,2.0,30.0,47,0,,,,,True
injected,2.0,30.0,48,30,1.8122891631833227e-07,4.0,42.0,7.0,True
injected,2.0,30.0,48,60,0.01754101668484509,4.0,23.0,10.0,False
injected,2.0,30.0,48,120,0.048126220703125,4.0,13.0,5.0,False
injected_any,2.0,30.0,48,0,,,,,True
injected,2.0,30.0,49,30,2.0967078967260022e-05,4.0,35.0,8.0,True
injected,2.0,30.0,49,60,0.11474050651304424,4.0,21.0,13.0,False
injected,2.0,30.0,49,120,0.1189422607421875,3.0,12.0,6.0,False
injected_any,2.0,30.0,49,0,,,,,True
injected,2.0,60.0,0,30,0.9997651213409959,0.0,13.0,36.0,False
injected,2.0,60.0,0,60,0.1620043000439182,3.0,22.0,15.0,False
injected,2.0,60.0,0,120,0.01123046875,4.0,11.0,2.0,True
injected_any,2.0,60.0,0,0,,,,,True
injected,2.0,60.0,1,30,0.9999973108409449,0.0,12.0,44.0,False
injected,2.0,60.0,1,60,0.29830744792707264,2.0,18.0,14.0,False
injected,2.0,60.0,1,120,0.0384063720703125,3.0,12.0,4.0,False
injected_any,2.0,60.0,1,0,,,,,False
injected,2.0,60.0,2,30,0.999912436632797,0.0,14.0,40.0,False
injected,2.0,60.0,2,60,0.2497799166012556,2.0,20.0,15.0,False
injected,2.0,60.0,2,120,0.0717315673828125,3.0,12.0,5.0,False
injected_any,2.0,60.0,2,0,,,,,False
injected,2.0,60.0,3,30,0.9992986557481522,0.0,14.0,35.0,False
injected,2.0,60.0,3,60,0.10551179880440031,4.0,25.0,16.0,False
injected,2.0,60.0,3,120,0.15087890624999997,4.0,10.0,5.0,False
injected_any,2.0,60.0,3,0,,,,,False
injected,2.0,60.0,4,30,0.9999009802743313,0.0,13.0,38.0,False
injected,2.0,60.0,4,60,0.42776777595281607,3.0,16.0,14.0,False
injected,2.0,60.0,4,120,0.30361938476562494,3.0,9.0,6.0,False
injected_any,2.0,60.0,4,0,,,,,False
injected,2.0,60.0,5,30,0.9998223594406843,0.0,15.0,40.0,False
injected,2.0,60.0,5,60,0.07165332714794204,4.0,24.0,14.0,False
injected,2.0,60.0,5,120,0.0717315673828125,4.0,12.0,5.0,False
injected_any,2.0,60.0,5,0,,,,,False
injected,2.0,60.0,6,30,0.9999923890869447,0.0,10.0,38.0,False
injected,2.0,60.0,6,60,0.17246422544121742,4.0,17.0,11.0,False
injected,2.0,60.0,6,120,0.05923461914062499,4.0,11.0,4.0,False
injected_any,2.0,60.0,6,0,,,,,False
injected,2.0,60.0,7,30,0.9966997760165945,0.0,16.0,34.0,False
injected,2.0,60.0,7,60,0.13409362552738457,2.0,24.0,16.0,False
injected,2.0,60.0,7,120,0.08353424072265625,4.0,13.0,6.0,False
injected_any,2.0,60.0,7,0,,,,,False
injected,2.0,60.0,8,30,0.9997322822485715,0.0,15.0,39.0,False
injected,2.0,60.0,8,60,0.09979543345980349,4.0,24.0,15.0,False
injected,2.0,60.0,8,120,0.13158798217773438,4.0,13.0,7.0,False
injected_any,2.0,60.0,8,0,,,,,False
injected,2.0,60.0,9,30,0.9987705498389516,0.0,13.0,32.0,False
injected,2.0,60.0,9,60,0.09387077949941158,4.0,23.0,14.0,False
injected,2.0,60.0,9,120,0.09462356567382812,4.0,14.0,7.0,False
injected_any,2.0,60.0,9,0,,,,,False
injected,2.0,60.0,10,30,0.9989559463330018,0.0,14.0,34.0,False
injected,2.0,60.0,10,60,0.17444443972453882,3.0,24.0,17.0,False
injected,2.0,60.0,10,120,0.2272491455078125,3.0,10.0,6.0,False
injected_any,2.0,60.0,10,0,,,,,False
injected,2.0,60.0,11,30,0.9997322822485715,0.0,15.0,39.0,False
injected,2.0,60.0,11,60,0.2088460954182665,3.0,22.0,16.0,False
injected,2.0,60.0,11,120,0.09462356567382812,3.0,14.0,7.0,False
injected_any,2.0,60.0,11,0,,,,,False
injected,2.0,60.0,12,30,0.9999290146574005,0.0,12.0,37.0,False
injected,2.0,60.0,12,60,0.04007165622897446,3.0,22.0,11.0,False
injected,2.0,60.0,12,120,0.1334228515625,4.0,9.0,4.0,False
injected_any,2.0,60.0,12,0,,,,,False
injected,2.0,60.0,13,30,0.9999548925494643,0.0,12.0,38.0,False
injected,2.0,60.0,13,60,0.18854279373772442,4.0,19.0,13.0,False
injected,2.0,60.0,13,120,0.1661529541015625,4.0,11.0,6.0,False
injected_any,2.0,60.0,13,0,,,,,False
injected,2.0,60.0,14,30,0.9999887622029884,0.0,12.0,41.0,False
injected,2.0,60.0,14,60,0.5,1.0,16.0,15.0,False
injected,2.0,60.0,14,120,0.21197509765625,4.0,9.0,5.0,False
injected_any,2.0,60.0,14,0,,,,,False
injected,2.0,60.0,15,30,0.9996413651633027,0.0,13.0,35.0,False
injected,2.0,60.0,15,60,0.09979543345980349,3.0,24.0,15.0,False
injected,2.0,60.0,15,120,0.08978271484375,3.0,10.0,4.0,False
injected_any,2.0,60.0,15,0,,,,,False
injected,2.0,60.0,16,30,0.9996894782718861,0.0,14.0,37.0,False
injected,2.0,60.0,16,60,0.4339697002142202,2.0,19.0,17.0,False
injected,2.0,60.0,16,120,0.13158798217773438,3.0,13.0,7.0,False
injected_any,2.0,60.0,16,0,,,,,False
injected,2.0,60.0,17,30,0.9989559463330018,0.0,14.0,34.0,False
injected,2.0,60.0,17,60,0.3776143287523155,2.0,22.0,19.0,False
injected,2.0,60.0,17,120,0.2403411865234375,4.0,11.0,7.0,False
injected_any,2.0,60.0,17,0,,,,,False
injected,2.0,60.0,18,30,0.9997651213409959,0.0,13.0,36.0,False
injected,2.0,60.0,18,60,0.19576415256597102,3.0,20.0,14.0,False
injected,2.0,60.0,18,120,0.05923461914062499,4.0,11.0,4.0,False
injected_any,2.0,60.0,18,0,,,,,False
injected,2.0,60.0,19,30,0.9999290146574005,0.0,12.0,37.0,False
injected,2.0,60.0,19,60,0.2556878907926148,4.0,21.0,16.0,False
injected,2.0,60.0,19,120,0.017578125,4.0,12.0,3.0,False
injected_any,2.0,60.0,19,0,,,,,False
injected,2.0,60.0,20,30,0.9995318885445741,0.0,14.0,36.0,False
injected,2.0,60.0,20,60,0.132465448230505,3.0,18.0,11.0,False
injected,2.0,60.0,20,120,0.05923461914062499,3.0,11.0,4.0,False
injected_any,2.0,60.0,20,0,,,,,False
injected,2.0,60.0,21,30,0.9997952292731087,0.0,14.0,38.0,False
injected,2.0,60.0,21,60,0.2611986902484206,2.0,22.0,17.0,False
injected,2.0,60.0,21,120,0.1796417236328125,3.0,12.0,7.0,False
injected_any,2.0,60.0,21,0,,,,,False
injected,2.0,60.0,22,30,0.9996413651633027,0.0,13.0,35.0,False
injected,2.0,60.0,22,60,0.09387077949941158,4.0,23.0,14.0,False
injected,2.0,60.0,22,120,0.40726470947265625,2.0,10.0,8.0,False
injected_any,2.0,60.0,22,0,,,,,False
injected,2.0,60.0,23,30,0.9999633339080153,0.0,14.0,42.0,False
injected,2.0,60.0,23,60,0.21479525392169307,3.0,23.0,17.0,False
injected,2.0,60.0,23,120,0.13158798217773438,3.0,13.0,7.0,False
injected_any,2.0,60.0,23,0,,,,,False
injected,2.0,60.0,24,30,0.9998470679991982,0.0,13.0,37.0,False
injected,2.0,60.0,24,60,0.13997811926446957,4.0,25.0,17.0,False
injected,2.0,60.0,24,120,0.1796417236328125,4.0,12.0,7.0,False
injected_any,2.0,60.0,24,0,,,,,False
injected,2.0,60.0,25,30,0.9999880693341616,0.0,11.0,39.0,False
injected,2.0,60.0,25,60,0.4300250329542905,2.0,17.0,15.0,False
injected,2.0,60.0,25,120,0.05923461914062499,4.0,11.0,4.0,False
injected_any,2.0,60.0,25,0,,,,,False
injected,2.0,60.0,26,30,0.9998470679991982,0.0,13.0,37.0,False
injected,2.0,60.0,26,60,0.271192005928242,3.0,24.0,19.0,False
injected,2.0,60.0,26,120,0.19165515899658203,4.0,13.0,8.0,False
injected_any,2.0,60.0,26,0,,,,,False
injected,2.0,60.0,27,30,0.9991792543295759,0.0,13.0,33.0,False
injected,2.0,60.0,27,60,0.13409362552738457,4.0,24.0,16.0,False
injected,2.0,60.0,27,120,0.19165515899658203,3.0,13.0,8.0,False
injected_any,2.0,60.0,27,0,,,,,False
injected,2.0,60.0,28,30,0.9994024398399963,0.0,15.0,37.0,False
injected,2.0,60.0,28,60,0.06072474247775972,4.0,22.0,12.0,False
injected,2.0,60.0,28,120,0.05923461914062499,4.0,11.0,4.0,False
injected_any,2.0,60.0,28,0,,,,,False
injected,2.0,60.0,29,30,0.9996413651633027,0.0,13.0,35.0,False
injected,2.0,60.0,29,60,0.308859658514848,4.0,20.0,16.0,False
injected,2.0,60.0,29,120,0.1189422607421875,2.0,12.0,6.0,False
injected_any,2.0,60.0,29,0,,,,,False
injected,2.0,60.0,30,30,0.9996413651633027,0.0,13.0,35.0,False
injected,2.0,60.0,30,60,0.2556878907926148,4.0,21.0,16.0,False
injected,2.0,60.0,30,120,0.1189422607421875,3.0,12.0,6.0,False
injected_any,2.0,60.0,30,0,,,,,False
injected,2.0,60.0,31,30,0.9996894782718861,0.0,14.0,37.0,False
injected,2.0,60.0,31,60,0.29830744792707264,3.0,18.0,14.0,False
injected,2.0,60.0,31,120,0.1050567626953125,4.0,11.0,5.0,False
injected_any,2.0,60.0,31,0,,,,,False
injected,2.0,60.0,32,30,0.9999691517961118,0.0,11.0,37.0,False
injected,2.0,60.0,32,60,0.2497799166012556,3.0,20.0,15.0,False
injected,2.0,60.0,32,120,0.30361938476562494,3.0,9.0,6.0,False
injected_any,2.0,60.0,32,0,,,,,False
injected,2.0,60.0,33,30,0.9972423992572494,0.0,15.0,33.0,False
injected,2.0,60.0,33,60,0.43570733968226705,2.0,20.0,18.0,False
injected,2.0,60.0,33,120,0.3238029479980469,2.0,11.0,8.0,False
injected_any,2.0,60.0,33,0,,,,,False
injected,2.0,60.0,34,30,0.9997322822485715,0.0,15.0,39.0,False
injected,2.0,60.0,34,60,0.15525232953950768,4.0,21.0,14.0,False
injected,2.0,60.0,34,120,0.0317840576171875,4.0,14.0,5.0,False
injected_any,2.0,60.0,34,0,,,,,False
injected,2.0,60.0,35,30,0.9999217913957352,0.0,11.0,35.0,False
injected,2.0,60.0,35,60,0.19576415256597102,3.0,20.0,14.0,False
injected,2.0,60.0,35,120,0.046142578125,3.0,10.0,3.0,False
injected_any,2.0,60.0,35,0,,,,,False
injected,2.0,60.0,36,30,0.9994557308967629,0.0,13.0,34.0,False
injected,2.0,60.0,36,60,0.691140341485152,1.0,17.0,19.0,False
injected,2.0,60.0,36,120,0.2272491455078125,3.0,10.0,6.0,False
injected_any,2.0,60.0,36,0,,,,,False
injected,2.0,60.0,37,30,0.9987705498389516,0.0,13.0,32.0,False
injected,2.0,60.0,37,60,0.2611986902484206,3.0,22.0,17.0,False
injected,2.0,60.0,37,120,0.15372812747955322,4.0,15.0,9.0,False
injected_any,2.0,60.0,37,0,,,,,False
injected,2.0,60.0,38,30,0.9999009802743313,0.0,13.0,38.0,False
injected,2.0,60.0,38,60,0.2556878907926148,2.0,21.0,16.0,False
injected,2.0,60.0,38,120,0.21197509765625,3.0,9.0,5.0,False
injected_any,2.0,60.0,38,0,,,,,False
injected,2.0,60.0,39,30,0.9994024398399963,0.0,15.0,37.0,False
injected,2.0,60.0,39,60,0.13409362552738457,3.0,24.0,16.0,False
injected,2.0,60.0,39,120,0.0245208740234375,4.0,13.0,4.0,False
injected_any,2.0,60.0,39,0,,,,,False
injected,2.0,60.0,40,30,0.9998470679991982,0.0,13.0,37.0,False
injected,2.0,60.0,40,60,0.15525232953950768,4.0,21.0,14.0,False
injected,2.0,60.0,40,120,0.046142578125,3.0,10.0,3.0,False
injected_any,2.0,60.0,40,0,,,,,False
injected,2.0,60.0,41,30,0.9998888775186892,0.0,12.0,36.0,False
injected,2.0,60.0,41,60,0.19576415256597102,3.0,20.0,14.0,False
injected,2.0,60.0,41,120,0.0717315673828125,4.0,12.0,5.0,False
injected_any,2.0,60.0,41,0,,,,,False
injected,2.0,60.0,42,30,0.9998764561076996,0.0,11.0,34.0,False
injected,2.0,60.0,42,60,0.24342512083239853,2.0,19.0,14.0,False
injected,2.0,60.0,42,120,0.40726470947265625,2.0,10.0,8.0,False
injected_any,2.0,60.0,42,0,,,,,False
injected,2.0,60.0,43,30,0.9998470679991982,0.0,13.0,37.0,False
injected,2.0,60.0,43,60,0.055092082591727376,4.0,21.0,11.0,False
injected,2.0,60.0,43,120,0.019287109375,4.0,10.0,2.0,False
injected_any,2.0,60.0,43,0,,,,,False
injected,2.0,60.0,44,30,0.9996413651633027,0.0,13.0,35.0,False
injected,2.0,60.0,44,60,0.29830744792707264,3.0,18.0,14.0,False
injected,2.0,60.0,44,120,0.15087890624999997,4.0,10.0,5.0,False
injected_any,2.0,60.0,44,0,,,,,False
injected,2.0,60.0,45,30,0.9998269994298425,0.0,12.0,35.0,False
injected,2.0,60.0,45,60,0.26635462761805684,3.0,23.0,18.0,False
injected,2.0,60.0,45,120,0.1661529541015625,3.0,11.0,6.0,False
injected_any,2.0,60.0,45,0,,,,,False
injected,2.0,60.0,46,30,0.9995318885445741,0.0,14.0,36.0,False
injected,2.0,60.0,46,60,0.1620043000439182,3.0,22.0,15.0,False
injected,2.0,60.0,46,120,0.048126220703125,4.0,13.0,5.0,False
injected_any,2.0,60.0,46,0,,,,,False
injected,2.0,60.0,47,30,0.999912436632797,0.0,14.0,40.0,False
injected,2.0,60.0,47,60,0.16839181759496574,4.0,23.0,16.0,False
injected,2.0,60.0,47,120,0.0717315673828125,3.0,12.0,5.0,False
injected_any,2.0,60.0,47,0,,,,,False
injected,2.0,60.0,48,30,0.9999548925494643,0.0,12.0,38.0,False
injected,2.0,60.0,48,60,0.3714146793645341,3.0,20.0,17.0,False
injected,2.0,60.0,48,120,0.1189422607421875,4.0,12.0,6.0,False
injected_any,2.0,60.0,48,0,,,,,False
injected,2.0,60.0,49,30,0.9997651213409959,0.0,13.0,36.0,False
injected,2.0,60.0,49,60,0.43731465619021037,2.0,21.0,19.0,False
injected,2.0,60.0,49,120,0.2403411865234375,3.0,11.0,7.0,False
injected_any,2.0,60.0,49,0,,,,,False
null_shift,0.0,,0,30,0.69620431936346,3.0,16.0,18.0,False
null_shift,0.0,,0,60,0.6864487149214256,1.0,18.0,20.0,False
null_shift,0.0,,0,120,0.8365302085876465,1.0,11.0,15.0,False
null_any,0.0,,0,0,,,,,False
null_shift,0.0,,1,30,0.923070027918584,1.0,16.0,24.0,False
null_shift,0.0,,1,60,0.564292660317733,3.0,19.0,19.0,False
null_shift,0.0,,1,120,0.9251936078071594,1.0,12.0,19.0,False
null_any,0.0,,1,0,,,,,False
null_shift,0.0,,2,30,0.5,2.0,17.0,16.0,False
null_shift,0.0,,2,60,0.5626853438097896,1.0,20.0,20.0,False
null_shift,0.0,,2,120,0.308859658514848,2.0,20.0,16.0,False
null_any,0.0,,2,0,,,,,False
null_shift,0.0,,3,30,0.17246422544121742,3.0,17.0,11.0,False
null_shift,0.0,,3,60,0.5660302997857798,1.0,18.0,18.0,False
null_shift,0.0,,3,120,0.1620043000439182,3.0,22.0,15.0,False
null_any,0.0,,3,0,,,,,False
null_shift,0.0,,4,30,0.9449079174082726,1.0,12.0,20.0,False
null_shift,0.0,,4,60,0.867534551769495,2.0,12.0,17.0,False
null_shift,0.0,,4,120,0.8462718725204468,0.0,10.0,14.0,False
null_any,0.0,,4,0,,,,,False
null_shift,0.0,,5,30,0.1279375397716649,3.0,23.0,15.0,False
null_shift,0.0,,5,60,0.619604178719328,2.0,21.0,22.0,False
null_shift,0.0,,5,120,0.3505540192127228,1.0,15.0,12.0,False
null_any,0.0,,5,0,,,,,False
null_shift,0.0,,6,30,0.4339697002142202,2.0,19.0,17.0,False
null_shift,0.0,,6,60,0.1620043000439182,4.0,22.0,15.0,False
null_shift,0.0,,6,120,0.4252770096063614,3.0,15.0,13.0,False
null_any,0.0,,6,0,,,,,False
null_shift,0.0,,7,30,0.04007165622897446,3.0,22.0,11.0,False
null_shift,0.0,,7,60,0.07165332714794204,3.0,24.0,14.0,False
null_shift,0.0,,7,120,0.01734483242034912,4.0,17.0,6.0,False
null_any,0.0,,7,0,,,,,False
null_shift,0.0,,8,30,0.6820859986855794,2.0,19.0,21.0,False
null_shift,0.0,,8,60,0.5,2.0,19.0,18.0,False
null_shift,0.0,,8,120,0.40726470947265625,2.0,10.0,8.0,False
null_any,0.0,,8,0,,,,,False
null_shift,0.0,,9,30,0.5000000000000002,3.0,20.0,19.0,False
null_shift,0.0,,9,60,0.5,1.0,21.0,20.0,False
null_shift,0.0,,9,120,0.7789658308029175,1.0,12.0,15.0,False
null_any,0.0,,9,0,,,,,False
null_shift,0.0,,10,30,0.9337509180186316,0.0,14.0,22.0,False
null_shift,0.0,,10,60,0.8379956999560818,0.0,16.0,21.0,False
null_shift,0.0,,10,120,0.7565748791676015,2.0,15.0,18.0,False
null_any,0.0,,10,0,,,,,False
null_shift,0.0,,11,30,0.3679394004284405,2.0,19.0,16.0,False
null_shift,0.0,,11,60,0.5000000000000002,1.0,20.0,19.0,False
null_shift,0.0,,11,120,0.6549810171127319,2.0,12.0,13.0,False
null_any,0.0,,11,0,,,,,False
null_shift,0.0,,12,30,0.5,1.0,16.0,15.0,False
null_shift,0.0,,12,60,0.6820859986855794,2.0,19.0,21.0,False
null_shift,0.0,,12,120,0.5,1.0,16.0,15.0,False
null_any,0.0,,12,0,,,,,False
null_shift,0.0,,13,30,0.43731465619021037,3.0,21.0,19.0,False
null_shift,0.0,,13,60,0.5699749670457095,1.0,16.0,16.0,False
null_shift,0.0,,13,120,0.5880985260009766,1.0,10.0,10.0,False
null_any,0.0,,13,0,,,,,False
null_shift,0.0,,14,30,0.5699749670457095,1.0,16.0,16.0,False
null_shift,0.0,,14,60,0.7388013097515794,1.0,18.0,21.0,False
null_shift,0.0,,14,120,0.5,3.0,14.0,13.0,False
null_any,0.0,,14,0,,,,,False
null_shift,0.0,,15,30,0.6864487149214256,2.0,18.0,20.0,False
null_shift,0.0,,15,60,0.7443121092073852,1.0,17.0,20.0,False
null_shift,0.0,,15,120,0.639949934091419,1.0,15.0,16.0,False
null_any,0.0,,15,0,,,,,False
null_shift,0.0,,16,30,0.24342512083239853,3.0,19.0,14.0,False
null_shift,0.0,,16,60,0.24342512083239853,3.0,19.0,14.0,False
null_shift,0.0,,16,120,0.3505540192127228,2.0,15.0,12.0,False
null_any,0.0,,16,0,,,,,False
null_shift,0.0,,17,30,0.644464448094368,2.0,14.0,15.0,False
null_shift,0.0,,17,60,0.5000000000000001,1.0,18.0,17.0,False
null_shift,0.0,,17,120,0.4252770096063614,2.0,15.0,13.0,False
null_any,0.0,,17,0,,,,,False
null_shift,0.0,,18,30,0.9002045665401965,1.0,16.0,23.0,False
null_shift,0.0,,18,60,0.6672670939616906,1.0,23.0,25.0,False
null_shift,0.0,,18,120,0.8365302085876465,1.0,11.0,15.0,False
null_any,0.0,,18,0,,,,,False
null_shift,0.0,,19,30,0.3641662404406816,2.0,18.0,15.0,False
null_shift,0.0,,19,60,0.5660302997857798,1.0,18.0,18.0,False
null_shift,0.0,,19,120,0.2923323558643461,3.0,17.0,13.0,False
null_any,0.0,,19,0,,,,,False
null_shift,0.0,,20,30,0.08207470089155322,3.0,26.0,16.0,False
null_shift,0.0,,20,60,0.31355128507857444,2.0,21.0,17.0,False
null_shift,0.0,,20,120,0.035377772990614176,4.0,21.0,10.0,False
null_any,0.0,,20,0,,,,,False
null_shift,0.0,,21,30,0.6285853206354659,1.0,18.0,19.0,False
null_shift,0.0,,21,60,0.21479525392169307,2.0,23.0,17.0,False
null_shift,0.0,,21,120,0.5,1.0,12.0,11.0,False
null_any,0.0,,21,0,,,,,False
null_shift,0.0,,22,30,0.19576415256597102,2.0,20.0,14.0,False
null_shift,0.0,,22,60,0.8594792424701154,0.0,13.0,18.0,False
null_shift,0.0,,22,120,0.5,1.0,12.0,11.0,False
null_any,0.0,,22,0,,,,,False
null_shift,0.0,,23,30,0.5,2.0,17.0,16.0,False
null_shift,0.0,,23,60,0.5,1.0,17.0,16.0,False
null_shift,0.0,,23,120,0.4320831202203408,1.0,18.0,16.0,False
null_any,0.0,,23,0,,,,,False
null_shift,0.0,,24,30,0.325793913604457,2.0,24.0,20.0,False
null_shift,0.0,,24,60,0.619604178719328,1.0,21.0,22.0,False
null_shift,0.0,,24,120,0.5699749670457095,1.0,16.0,16.0,False
null_any,0.0,,24,0,,,,,False
null_shift,0.0,,25,30,0.9552344605326653,1.0,13.0,22.0,False
null_shift,0.0,,25,60,0.8518968157004565,2.0,14.0,19.0,False
null_shift,0.0,,25,120,0.9156812280416489,1.0,10.0,16.0,False
null_any,0.0,,25,0,,,,,False
null_shift,0.0,,26,30,0.7974838769296184,1.0,16.0,20.0,False
null_shift,0.0,,26,60,0.69620431936346,0.0,16.0,18.0,False
null_shift,0.0,,26,120,0.5,1.0,12.0,11.0,False
null_any,0.0,,26,0,,,,,False
null_shift,0.0,,27,30,0.8316081824050343,0.0,17.0,22.0,False
null_shift,0.0,,27,60,0.6780155218148138,0.0,20.0,22.0,False
null_shift,0.0,,27,120,0.77087084017694,0.0,13.0,16.0,False
null_any,0.0,,27,0,,,,,False
null_shift,0.0,,28,30,0.360050065908581,2.0,17.0,14.0,False
null_shift,0.0,,28,60,0.2611986902484206,2.0,22.0,17.0,False
null_shift,0.0,,28,120,0.5000000000000001,1.0,18.0,17.0,False
null_any,0.0,,28,0,,,,,False
null_shift,0.0,,29,30,0.867534551769495,2.0,12.0,17.0,False
null_shift,0.0,,29,60,0.7502200833987445,0.0,16.0,19.0,False
null_shift,0.0,,29,120,0.808344841003418,1.0,9.0,12.0,False
null_any,0.0,,29,0,,,,,False
null_shift,0.0,,30,30,0.08207470089155322,4.0,26.0,16.0,False
null_shift,0.0,,30,60,0.22039953367129783,2.0,24.0,18.0,False
null_shift,0.0,,30,120,0.29830744792707264,3.0,18.0,14.0,False
null_any,0.0,,30,0,,,,,False
null_shift,0.0,,31,30,0.69620431936346,2.0,16.0,18.0,False
null_shift,0.0,,31,60,0.8785075229825452,0.0,15.0,21.0,False
null_shift,0.0,,31,120,0.867534551769495,2.0,12.0,17.0,False
null_any,0.0,,31,0,,,,,False
null_shift,0.0,,32,30,0.17444443972453882,3.0,24.0,17.0,False
null_shift,0.0,,32,60,0.26635462761805684,3.0,23.0,18.0,False
null_shift,0.0,,32,120,0.4300250329542905,3.0,17.0,15.0,False
null_any,0.0,,32,0,,,,,False
null_shift,0.0,,33,30,0.7911539045817335,2.0,17.0,21.0,False
null_shift,0.0,,33,60,0.8275357745587826,1.0,12.0,16.0,False
null_shift,0.0,,33,120,0.4194098711013794,3.0,13.0,11.0,False
null_any,0.0,,33,0,,,,,False
null_shift,0.0,,34,30,0.8275357745587826,1.0,12.0,16.0,False
null_shift,0.0,,34,60,0.4320831202203408,1.0,18.0,16.0,False
null_shift,0.0,,34,120,0.42250949144363403,2.0,14.0,12.0,False
null_any,0.0,,34,0,,,,,False
null_shift,0.0,,35,30,0.9251936078071594,1.0,12.0,19.0,False
null_shift,0.0,,35,60,0.5000000000000001,1.0,18.0,17.0,False
null_shift,0.0,,35,120,0.5,1.0,13.0,12.0,False
null_any,0.0,,35,0,,,,,False
null_shift,0.0,,36,30,0.8785075229825452,0.0,15.0,21.0,False
null_shift,0.0,,36,60,0.8836534040458446,0.0,19.0,26.0,False
null_shift,0.0,,36,120,0.867534551769495,0.0,12.0,17.0,False
null_any,0.0,,36,0,,,,,False
null_shift,0.0,,37,30,0.08137782872654498,3.0,21.0,12.0,False
null_shift,0.0,,37,60,0.5000000000000002,2.0,20.0,19.0,False
null_shift,0.0,,37,120,0.804235847434029,1.0,15.0,19.0,False
null_any,0.0,,37,0,,,,,False
null_shift,0.0,,38,30,0.6358337595593184,2.0,16.0,17.0,False
null_shift,0.0,,38,60,0.24342512083239853,4.0,19.0,14.0,False
null_shift,0.0,,38,120,0.5,3.0,14.0,13.0,False
null_any,0.0,,38,0,,,,,False
null_shift,0.0,,39,30,0.9368552628072848,1.0,17.0,26.0,False
null_shift,0.0,,39,60,0.7336453723819432,1.0,19.0,22.0,False
null_shift,0.0,,39,120,0.7382664680480957,1.0,10.0,12.0,False
null_any,0.0,,39,0,,,,,False
null_shift,0.0,,40,30,0.21479525392169307,2.0,23.0,17.0,False
null_shift,0.0,,40,60,0.13409362552738457,3.0,24.0,16.0,False
null_shift,0.0,,40,120,0.18079730402678257,2.0,18.0,12.0,False
null_any,0.0,,40,0,,,,,False
null_shift,0.0,,41,30,0.360050065908581,2.0,17.0,14.0,False
null_shift,0.0,,41,60,0.5660302997857798,1.0,18.0,18.0,False
null_shift,0.0,,41,120,0.2923323558643461,3.0,17.0,13.0,False
null_any,0.0,,41,0,,,,,False
null_shift,0.0,,42,30,0.049368573352694525,3.0,20.0,10.0,False
null_shift,0.0,,42,60,0.087732624495402,3.0,22.0,13.0,False
null_shift,0.0,,42,120,0.17246422544121742,2.0,17.0,11.0,False
null_any,0.0,,42,0,,,,,False
null_shift,0.0,,43,30,0.77087084017694,1.0,13.0,16.0,False
null_shift,0.0,,43,60,0.3714146793645341,2.0,20.0,17.0,False
null_shift,0.0,,43,120,0.4300250329542905,2.0,17.0,15.0,False
null_any,0.0,,43,0,,,,,False
null_shift,0.0,,44,30,0.5000000000000001,3.0,18.0,17.0,False
null_shift,0.0,,44,60,0.8379956999560818,1.0,16.0,21.0,False
null_shift,0.0,,44,120,0.8761057183146477,1.0,11.0,16.0,False
null_any,0.0,,44,0,,,,,False
null_shift,0.0,,45,30,0.564292660317733,2.0,19.0,19.0,False
null_shift,0.0,,45,60,0.6864487149214256,1.0,18.0,20.0,False
null_shift,0.0,,45,120,0.7293719053268433,1.0,11.0,13.0,False
null_any,0.0,,45,0,,,,,False
null_shift,0.0,,46,30,0.2923323558643461,2.0,17.0,13.0,False
null_shift,0.0,,46,60,0.6864487149214256,1.0,18.0,20.0,False
null_shift,0.0,,46,120,0.3388197422027588,3.0,13.0,10.0,False
null_any,0.0,,46,0,,,,,False
null_shift,0.0,,47,30,0.30379568063654006,2.0,19.0,15.0,False
null_shift,0.0,,47,60,0.69620431936346,2.0,16.0,18.0,False
null_shift,0.0,,47,120,0.5699749670457095,1.0,16.0,16.0,False
null_any,0.0,,47,0,,,,,False
null_shift,0.0,,48,30,0.572232224047184,1.0,15.0,15.0,False
null_shift,0.0,,48,60,0.19576415256597102,3.0,20.0,14.0,False
null_shift,0.0,,48,120,0.360050065908581,2.0,17.0,14.0,False
null_any,0.0,,48,0,,,,,False
null_shift,0.0,,49,30,0.5699749670457095,0.0,16.0,16.0,False
null_shift,0.0,,49,60,0.7852047460783069,2.0,18.0,22.0,False
null_shift,0.0,,49,120,0.8462718725204468,0.0,10.0,14.0,False
null_any,0.0,,49,0,,,,,False
null_shift,0.0,,50,30,0.8447476704604924,1.0,15.0,20.0,False
null_shift,0.0,,50,60,0.6864487149214256,1.0,18.0,20.0,False
null_shift,0.0,,50,120,0.7214014530181885,1.0,12.0,14.0,False
null_any,0.0,,50,0,,,,,False
null_shift,0.0,,51,30,0.19576415256597102,3.0,20.0,14.0,False
null_shift,0.0,,51,60,0.6820859986855794,2.0,19.0,21.0,False
null_shift,0.0,,51,120,0.639949934091419,2.0,15.0,16.0,False
null_any,0.0,,51,0,,,,,False
null_shift,0.0,,52,30,0.728807994071758,1.0,20.0,23.0,False
null_shift,0.0,,52,60,0.38039582128067195,2.0,23.0,20.0,False
null_shift,0.0,,52,120,0.28579409420490265,2.0,16.0,12.0,False
null_any,0.0,,52,0,,,,,False
null_shift,0.0,,53,30,0.9943345079082064,1.0,11.0,25.0,False
null_shift,0.0,,53,60,0.7443121092073852,0.0,17.0,20.0,False
null_shift,0.0,,53,120,0.707667644135654,0.0,14.0,16.0,False
null_any,0.0,,53,0,,,,,False
null_shift,0.0,,54,30,0.04943587479647249,3.0,24.0,13.0,False
null_shift,0.0,,54,60,0.30379568063654006,3.0,19.0,15.0,False
null_shift,0.0,,54,120,0.6549810171127319,1.0,12.0,13.0,False
null_any,0.0,,54,0,,,,,False
null_shift,0.0,,55,30,0.691140341485152,1.0,17.0,19.0,False
null_shift,0.0,,55,60,0.6320605995715596,2.0,17.0,18.0,False
null_shift,0.0,,55,120,0.7142059057950974,0.0,13.0,15.0,False
null_any,0.0,,55,0,,,,,False
null_shift,0.0,,56,30,0.14052075752988458,2.0,19.0,12.0,False
null_shift,0.0,,56,60,0.19576415256597102,2.0,20.0,14.0,False
null_shift,0.0,,56,120,0.03775934875011444,3.0,18.0,8.0,False
null_any,0.0,,56,0,,,,,False
null_shift,0.0,,57,30,0.01923865414210013,4.0,27.0,13.0,False
null_shift,0.0,,57,60,0.44149795606119824,1.0,24.0,22.0,False
null_shift,0.0,,57,120,0.07480639219284058,3.0,20.0,11.0,False
null_any,0.0,,57,0,,,,,False
null_shift,0.0,,58,30,0.10551179880440031,2.0,25.0,16.0,False
null_shift,0.0,,58,60,0.2757421649012599,2.0,25.0,20.0,False
null_shift,0.0,,58,120,0.3641662404406816,2.0,18.0,15.0,False
null_any,0.0,,58,0,,,,,False
null_shift,0.0,,59,30,0.04357927665114403,3.0,19.0,9.0,False
null_shift,0.0,,59,60,0.43570733968226705,1.0,20.0,18.0,False
null_shift,0.0,,59,120,0.644464448094368,2.0,14.0,15.0,False
null_any,0.0,,59,0,,,,,False
null_shift,0.0,,60,30,0.707667644135654,1.0,14.0,16.0,False
null_shift,0.0,,60,60,0.625370687619579,1.0,19.0,20.0,False
null_shift,0.0,,60,120,0.707667644135654,2.0,14.0,16.0,False
null_any,0.0,,60,0,,,,,False
null_shift,0.0,,61,30,0.32198447818518616,1.0,23.0,19.0,False
null_shift,0.0,,61,60,0.5585020439388018,2.0,23.0,23.0,False
null_shift,0.0,,61,120,0.787821888923645,1.0,11.0,14.0,False
null_any,0.0,,61,0,,,,,False
null_shift,0.0,,62,30,0.8143509827644948,1.0,20.0,25.0,False
null_shift,0.0,,62,60,0.5660302997857798,2.0,18.0,18.0,False
null_shift,0.0,,62,120,0.577490508556366,2.0,13.0,13.0,False
null_any,0.0,,62,0,,,,,False
null_shift,0.0,,63,30,0.9599283437710255,1.0,12.0,21.0,False
null_shift,0.0,,63,60,0.43731465619021037,2.0,21.0,19.0,False
null_shift,0.0,,63,120,0.8997557889670134,0.0,12.0,18.0,False
null_any,0.0,,63,0,,,,,False
null_shift,0.0,,64,30,0.08137782872654498,4.0,21.0,12.0,False
null_shift,0.0,,64,60,0.17444443972453882,3.0,24.0,17.0,False
null_shift,0.0,,64,120,0.3505540192127228,3.0,15.0,12.0,False
null_any,0.0,,64,0,,,,,False
null_shift,0.0,,65,30,0.30379568063654006,3.0,19.0,15.0,False
null_shift,0.0,,65,60,0.3776143287523155,3.0,22.0,19.0,False
null_shift,0.0,,65,120,0.42250949144363403,2.0,14.0,12.0,False
null_any,0.0,,65,0,,,,,False
null_shift,0.0,,66,30,0.29830744792707264,2.0,18.0,14.0,False
null_shift,0.0,,66,60,0.6320605995715596,1.0,17.0,18.0,False
null_shift,0.0,,66,120,0.4159059524536133,1.0,12.0,10.0,False
null_any,0.0,,66,0,,,,,False
null_shift,0.0,,67,30,0.9552344605326653,0.0,13.0,22.0,False
null_shift,0.0,,67,60,0.7443121092073852,2.0,17.0,20.0,False
null_shift,0.0,,67,120,0.8594792424701154,2.0,13.0,18.0,False
null_any,0.0,,67,0,,,,,False
null_shift,0.0,,68,30,0.8255555602754612,1.0,18.0,23.0,False
null_shift,0.0,,68,60,0.6820859986855794,0.0,19.0,21.0,False
null_shift,0.0,,68,120,0.804235847434029,0.0,15.0,19.0,False
null_any,0.0,,68,0,,,,,False
null_shift,0.0,,69,30,0.9392752575222403,1.0,13.0,21.0,False
null_shift,0.0,,69,60,0.308859658514848,3.0,20.0,16.0,False
null_shift,0.0,,69,120,0.5,2.0,13.0,12.0,False
null_any,0.0,,69,0,,,,,False
null_shift,0.0,,70,30,0.5,2.0,16.0,15.0,False
null_shift,0.0,,70,60,0.8659063744726154,0.0,17.0,23.0,False
null_shift,0.0,,70,120,0.5747229903936386,1.0,14.0,14.0,False
null_any,0.0,,70,0,,,,,False
null_shift,0.0,,71,30,0.6170040878776035,2.0,22.0,23.0,False
null_shift,0.0,,71,60,0.559802089359664,1.0,22.0,22.0,False
null_shift,0.0,,71,120,0.5747229903936386,2.0,14.0,14.0,False
null_any,0.0,,71,0,,,,,False
null_shift,0.0,,72,30,0.132465448230505,3.0,18.0,11.0,False
null_shift,0.0,,72,60,0.7565748791676015,1.0,15.0,18.0,False
null_shift,0.0,,72,120,0.8447476704604924,1.0,15.0,20.0,False
null_any,0.0,,72,0,,,,,False
null_shift,0.0,,73,30,0.43570733968226705,2.0,20.0,18.0,False
null_shift,0.0,,73,60,0.4339697002142202,2.0,19.0,17.0,False
null_shift,0.0,,73,120,0.2556878907926148,3.0,21.0,16.0,False
null_any,0.0,,73,0,,,,,False
null_shift,0.0,,74,30,0.5000000000000001,3.0,18.0,17.0,False
null_shift,0.0,,74,60,0.564292660317733,2.0,19.0,19.0,False
null_shift,0.0,,74,120,0.4320831202203408,2.0,18.0,16.0,False
null_any,0.0,,74,0,,,,,False
null_shift,0.0,,75,30,0.7443121092073852,1.0,17.0,20.0,False
null_shift,0.0,,75,60,0.5,1.0,22.0,21.0,False
null_shift,0.0,,75,120,0.7142059057950974,1.0,13.0,15.0,False
null_any,0.0,,75,0,,,,,False
null_shift,0.0,,76,30,0.6320605995715596,2.0,17.0,18.0,False
null_shift,0.0,,76,60,0.6170040878776035,2.0,22.0,23.0,False
null_shift,0.0,,76,120,0.6494459807872772,1.0,13.0,14.0,False
null_any,0.0,,76,0,,,,,False
null_shift,0.0,,77,30,0.26635462761805684,1.0,23.0,18.0,False
null_shift,0.0,,77,60,0.21479525392169307,3.0,23.0,17.0,False
null_shift,0.0,,77,120,0.2025161230703816,3.0,21.0,15.0,False
null_any,0.0,,77,0,,,,,False
null_shift,0.0,,78,30,0.43731465619021037,1.0,21.0,19.0,False
null_shift,0.0,,78,60,0.69620431936346,1.0,16.0,18.0,False
null_shift,0.0,,78,120,0.8275357745587826,0.0,12.0,16.0,False
null_any,0.0,,78,0,,,,,False
null_shift,0.0,,79,30,0.5,2.0,17.0,16.0,False
null_shift,0.0,,79,60,0.04007165622897446,4.0,22.0,11.0,False
null_shift,0.0,,79,120,0.10501980781555176,4.0,15.0,8.0,False
null_any,0.0,,79,0,,,,,False
null_shift,0.0,,80,30,0.9855916401720606,1.0,12.0,24.0,False
null_shift,0.0,,80,60,0.5660302997857798,1.0,18.0,18.0,False
null_shift,0.0,,80,120,0.3505540192127228,2.0,15.0,12.0,False
null_any,0.0,,80,0,,,,,False
null_shift,0.0,,81,30,0.8275357745587826,2.0,12.0,16.0,False
null_shift,0.0,,81,60,0.5679168797796592,1.0,17.0,17.0,False
null_shift,0.0,,81,120,0.8192026959732175,0.0,13.0,17.0,False
null_any,0.0,,81,0,,,,,False
null_shift,0.0,,82,30,0.24342512083239853,2.0,19.0,14.0,False
null_shift,0.0,,82,60,0.10551179880440031,2.0,25.0,16.0,False
null_shift,0.0,,82,120,0.06103906035423279,3.0,18.0,9.0,False
null_any,0.0,,82,0,,,,,False
null_shift,0.0,,83,30,0.572232224047184,2.0,15.0,15.0,False
null_shift,0.0,,83,60,0.5,2.0,19.0,18.0,False
null_shift,0.0,,83,120,0.5699749670457095,1.0,16.0,16.0,False
null_any,0.0,,83,0,,,,,False
null_shift,0.0,,84,30,0.4339697002142202,2.0,19.0,17.0,False
null_shift,0.0,,84,60,0.7388013097515794,0.0,18.0,21.0,False
null_shift,0.0,,84,120,0.7293719053268433,1.0,11.0,13.0,False
null_any,0.0,,84,0,,,,,False
null_shift,0.0,,85,30,0.10766357486136258,3.0,20.0,12.0,False
null_shift,0.0,,85,60,0.967002982772101,0.0,16.0,27.0,False
null_shift,0.0,,85,120,0.7142059057950974,0.0,13.0,15.0,False
null_any,0.0,,85,0,,,,,False
null_shift,0.0,,86,30,0.6864487149214256,2.0,18.0,20.0,False
null_shift,0.0,,86,60,0.7443121092073852,1.0,17.0,20.0,False
null_shift,0.0,,86,120,0.639949934091419,1.0,15.0,16.0,False
null_any,0.0,,86,0,,,,,False
null_shift,0.0,,87,30,0.8518968157004565,1.0,14.0,19.0,False
null_shift,0.0,,87,60,0.6820859986855794,1.0,19.0,21.0,False
null_shift,0.0,,87,120,0.6549810171127319,1.0,12.0,13.0,False
null_any,0.0,,87,0,,,,,False
null_shift,0.0,,88,30,0.5660302997857798,1.0,18.0,18.0,False
null_shift,0.0,,88,60,0.7974838769296184,1.0,16.0,20.0,False
null_shift,0.0,,88,120,0.9608230590820312,0.0,7.0,14.0,False
null_any,0.0,,88,0,,,,,False
null_shift,0.0,,89,30,0.4320831202203408,1.0,18.0,16.0,False
null_shift,0.0,,89,60,0.3776143287523155,2.0,22.0,19.0,False
null_shift,0.0,,89,120,0.34501898288726807,3.0,14.0,11.0,False
null_any,0.0,,89,0,,,,,False
null_shift,0.0,,90,30,0.5699749670457095,1.0,16.0,16.0,False
null_shift,0.0,,90,60,0.8923364251386374,0.0,13.0,19.0,False
null_shift,0.0,,90,120,0.77087084017694,0.0,13.0,16.0,False
null_any,0.0,,90,0,,,,,False
null_shift,0.0,,91,30,0.6820859986855794,1.0,19.0,21.0,False
null_shift,0.0,,91,60,0.6864487149214256,1.0,18.0,20.0,False
null_shift,0.0,,91,120,0.804235847434029,1.0,15.0,19.0,False
null_any,0.0,,91,0,,,,,False
null_shift,0.0,,92,30,0.8659063744726154,1.0,17.0,23.0,False
null_shift,0.0,,92,60,0.5660302997857798,2.0,18.0,18.0,False
null_shift,0.0,,92,120,0.77087084017694,3.0,13.0,16.0,False
null_any,0.0,,92,0,,,,,False
null_shift,0.0,,93,30,0.30379568063654006,2.0,19.0,15.0,False
null_shift,0.0,,93,60,0.5000000000000002,2.0,20.0,19.0,False
null_shift,0.0,,93,120,0.4300250329542905,2.0,17.0,15.0,False
null_any,0.0,,93,0,,,,,False
null_shift,0.0,,94,30,0.43731465619021037,2.0,21.0,19.0,False
null_shift,0.0,,94,60,0.8659063744726154,0.0,17.0,23.0,False
null_shift,0.0,,94,120,0.8949801921844482,0.0,9.0,14.0,False
null_any,0.0,,94,0,,,,,False
null_shift,0.0,,95,30,0.7852047460783069,2.0,18.0,22.0,False
null_shift,0.0,,95,60,0.6780155218148138,2.0,20.0,22.0,False
null_shift,0.0,,95,120,0.8568606376647949,0.0,9.0,13.0,False
null_any,0.0,,95,0,,,,,False
null_shift,0.0,,96,30,0.5,3.0,17.0,16.0,False
null_shift,0.0,,96,60,0.9251936078071594,1.0,12.0,19.0,False
null_shift,0.0,,96,120,0.6611802577972412,2.0,11.0,12.0,False
null_any,0.0,,96,0,,,,,False
null_shift,0.0,,97,30,0.3746293123804209,2.0,21.0,18.0,False
null_shift,0.0,,97,60,0.4339697002142202,2.0,19.0,17.0,False
null_shift,0.0,,97,120,0.21217811107635498,2.0,15.0,10.0,False
null_any,0.0,,97,0,,,,,False
null_shift,0.0,,98,30,0.22912915982306004,2.0,17.0,12.0,False
null_shift,0.0,,98,60,0.1620043000439182,3.0,22.0,15.0,False
null_shift,0.0,,98,120,0.7565748791676015,0.0,15.0,18.0,False
null_any,0.0,,98,0,,,,,False
null_shift,0.0,,99,30,0.5,1.0,19.0,18.0,False
null_shift,0.0,,99,60,0.3714146793645341,3.0,20.0,17.0,False
null_shift,0.0,,99,120,0.5805901288986206,2.0,12.0,12.0,False
null_any,0.0,,99,0,,,,,False
null_shift,0.0,,100,30,0.2497799166012556,2.0,20.0,15.0,False
null_shift,0.0,,100,60,0.4300250329542905,2.0,17.0,15.0,False
null_shift,0.0,,100,120,0.5840940475463867,1.0,11.0,11.0,False
null_any,0.0,,100,0,,,,,False
null_shift,0.0,,101,30,0.912267375504598,1.0,14.0,21.0,False
null_shift,0.0,,101,60,0.8255555602754612,1.0,18.0,23.0,False
null_shift,0.0,,101,120,0.6285853206354659,0.0,18.0,19.0,False
null_any,0.0,,101,0,,,,,False
null_shift,0.0,,102,30,0.7565748791676015,1.0,15.0,18.0,False
null_shift,0.0,,102,60,0.7565748791676015,1.0,15.0,18.0,False
null_shift,0.0,,102,120,0.8594792424701154,1.0,13.0,18.0,False
null_any,0.0,,102,0,,,,,False
null_shift,0.0,,103,30,0.9179252991084468,1.0,17.0,25.0,False
null_shift,0.0,,103,60,0.8198111735321163,1.0,19.0,24.0,False
null_shift,0.0,,103,120,0.7142059057950974,1.0,13.0,15.0,False
null_any,0.0,,103,0,,,,,False
null_shift,0.0,,104,30,0.0403452338759962,2.0,26.0,14.0,False
null_shift,0.0,,104,60,0.2025161230703816,3.0,21.0,15.0,False
null_shift,0.0,,104,120,0.22912915982306004,2.0,17.0,12.0,False
null_any,0.0,,104,0,,,,,False
null_shift,0.0,,105,30,0.9459354892969714,1.0,15.0,24.0,False
null_shift,0.0,,105,60,0.7336453723819432,1.0,19.0,22.0,False
null_shift,0.0,,105,120,0.572232224047184,1.0,15.0,15.0,False
null_any,0.0,,105,0,,,,,False
null_shift,0.0,,106,30,0.008062400855123998,4.0,22.0,8.0,True
null_shift,0.0,,106,60,0.43570733968226705,2.0,20.0,18.0,False
null_shift,0.0,,106,120,0.6681880950927734,0.0,10.0,11.0,False
null_any,0.0,,106,0,,,,,True
null_shift,0.0,,107,30,0.4320831202203408,2.0,18.0,16.0,False
null_shift,0.0,,107,60,0.2497799166012556,2.0,20.0,15.0,False
null_shift,0.0,,107,120,0.7382664680480957,2.0,10.0,12.0,False
null_any,0.0,,107,0,,,,,False
null_shift,0.0,,108,30,0.24342512083239853,3.0,19.0,14.0,False
null_shift,0.0,,108,60,0.8379956999560818,0.0,16.0,21.0,False
null_shift,0.0,,108,120,0.8594792424701154,0.0,13.0,18.0,False
null_any,0.0,,108,0,,,,,False
null_shift,0.0,,109,30,0.644464448094368,2.0,14.0,15.0,False
null_shift,0.0,,109,60,0.3714146793645341,2.0,20.0,17.0,False
null_shift,0.0,,109,120,0.42776777595281607,2.0,16.0,14.0,False
null_any,0.0,,109,0,,,,,False
null_shift,0.0,,110,30,0.8997557889670134,1.0,12.0,18.0,False
null_shift,0.0,,110,60,0.8198111735321163,0.0,19.0,24.0,False
null_shift,0.0,,110,120,0.8192026959732175,1.0,13.0,17.0,False
null_any,0.0,,110,0,,,,,False
null_shift,0.0,,111,30,0.308859658514848,2.0,20.0,16.0,False
null_shift,0.0,,111,60,0.16839181759496574,3.0,23.0,16.0,False
null_shift,0.0,,111,120,0.2923323558643461,2.0,17.0,13.0,False
null_any,0.0,,111,0,,,,,False
null_shift,0.0,,112,30,0.7852047460783069,2.0,18.0,22.0,False
null_shift,0.0,,112,60,0.7336453723819432,2.0,19.0,22.0,False
null_shift,0.0,,112,120,0.8365302085876465,1.0,11.0,15.0,False
null_any,0.0,,112,0,,,,,False
null_shift,0.0,,113,30,0.69620431936346,2.0,16.0,18.0,False
null_shift,0.0,,113,60,0.308859658514848,3.0,20.0,16.0,False
null_shift,0.0,,113,120,0.5,1.0,16.0,15.0,False
null_any,0.0,,113,0,,,,,False
null_shift,0.0,,114,30,0.14052075752988458,2.0,19.0,12.0,False
null_shift,0.0,,114,60,0.19576415256597102,2.0,20.0,14.0,False
null_shift,0.0,,114,120,0.03775934875011444,3.0,18.0,8.0,False
null_any,0.0,,114,0,,,,,False
null_shift,0.0,,115,30,0.8600218807355304,0.0,18.0,24.0,False
null_shift,0.0,,115,60,0.8600218807355304,1.0,18.0,24.0,False
null_shift,0.0,,115,120,0.69620431936346,1.0,16.0,18.0,False
null_any,0.0,,115,0,,,,,False
null_shift,0.0,,116,30,0.4320831202203408,2.0,18.0,16.0,False
null_shift,0.0,,116,60,0.5699749670457095,2.0,16.0,16.0,False
null_shift,0.0,,116,120,0.6611802577972412,1.0,11.0,12.0,False
null_any,0.0,,116,0,,,,,False
null_shift,0.0,,117,30,0.7974838769296184,2.0,16.0,20.0,False
null_shift,0.0,,117,60,0.6170040878776035,2.0,22.0,23.0,False
null_shift,0.0,,117,120,0.691140341485152,1.0,17.0,19.0,False
null_any,0.0,,117,0,,,,,False
null_shift,0.0,,118,30,0.04476553946733476,3.0,23.0,12.0,False
null_shift,0.0,,118,60,0.5660302997857798,1.0,18.0,18.0,False
null_shift,0.0,,118,120,0.7214014530181885,2.0,12.0,14.0,False
null_any,0.0,,118,0,,,,,False
null_shift,0.0,,119,30,0.5699749670457095,1.0,16.0,16.0,False
null_shift,0.0,,119,60,0.3641662404406816,2.0,18.0,15.0,False
null_shift,0.0,,119,120,0.3641662404406816,2.0,18.0,15.0,False
null_any,0.0,,119,0,,,,,False
null_shift,0.0,,120,30,0.6320605995715596,3.0,17.0,18.0,False
null_shift,0.0,,120,60,0.7852047460783069,0.0,18.0,22.0,False
null_shift,0.0,,120,120,0.7214014530181885,1.0,12.0,14.0,False
null_any,0.0,,120,0,,,,,False
null_shift,0.0,,121,30,0.42250949144363403,2.0,14.0,12.0,False
null_shift,0.0,,121,60,0.4339697002142202,2.0,19.0,17.0,False
null_shift,0.0,,121,120,0.3388197422027588,2.0,13.0,10.0,False
null_any,0.0,,121,0,,,,,False
null_shift,0.0,,122,30,0.9061292205005884,1.0,15.0,22.0,False
null_shift,0.0,,122,60,0.6820859986855794,2.0,19.0,21.0,False
null_shift,0.0,,122,120,0.5679168797796592,2.0,17.0,17.0,False
null_any,0.0,,122,0,,,,,False
null_shift,0.0,,123,30,0.23656482994556427,2.0,18.0,13.0,False
null_shift,0.0,,123,60,0.5,1.0,19.0,18.0,False
null_shift,0.0,,123,120,0.5,1.0,13.0,12.0,False
null_any,0.0,,123,0,,,,,False
null_shift,0.0,,124,30,0.4320831202203408,1.0,18.0,16.0,False
null_shift,0.0,,124,60,0.43570733968226705,2.0,20.0,18.0,False
null_shift,0.0,,124,120,0.5000000000000001,1.0,18.0,17.0,False
null_any,0.0,,124,0,,,,,False
null_shift,0.0,,125,30,0.9673773323884234,0.0,13.0,23.0,False
null_shift,0.0,,125,60,0.69620431936346,1.0,16.0,18.0,False
null_shift,0.0,,125,120,0.2024364471435547,3.0,14.0,9.0,False
null_any,0.0,,125,0,,,,,False
null_shift,0.0,,126,30,0.923070027918584,0.0,16.0,24.0,False
null_shift,0.0,,126,60,0.9129144263646367,0.0,18.0,26.0,False
null_shift,0.0,,126,120,0.5,2.0,15.0,14.0,False
null_any,0.0,,126,0,,,,,False
null_shift,0.0,,127,30,0.691140341485152,2.0,17.0,19.0,False
null_shift,0.0,,127,60,0.6820859986855794,2.0,19.0,21.0,False
null_shift,0.0,,127,120,0.707667644135654,1.0,14.0,16.0,False
null_any,0.0,,127,0,,,,,False
null_shift,0.0,,128,30,0.7336453723819432,1.0,19.0,22.0,False
null_shift,0.0,,128,60,0.9392752575222403,1.0,13.0,21.0,False
null_shift,0.0,,128,120,0.95343017578125,0.0,8.0,15.0,False
null_any,0.0,,128,0,,,,,False
null_shift,0.0,,129,30,0.8316081824050343,1.0,17.0,22.0,False
null_shift,0.0,,129,60,0.43731465619021037,1.0,21.0,19.0,False
null_shift,0.0,,129,120,0.5699749670457095,2.0,16.0,16.0,False
null_any,0.0,,129,0,,,,,False
null_shift,0.0,,130,30,0.564292660317733,1.0,19.0,19.0,False
null_shift,0.0,,130,60,0.38039582128067195,2.0,23.0,20.0,False
null_shift,0.0,,130,120,0.5840940475463867,1.0,11.0,11.0,False
null_any,0.0,,130,0,,,,,False
null_shift,0.0,,131,30,0.6358337595593184,2.0,16.0,17.0,False
null_shift,0.0,,131,60,0.3179140013144206,2.0,22.0,18.0,False
null_shift,0.0,,131,120,0.639949934091419,1.0,15.0,16.0,False
null_any,0.0,,131,0,,,,,False
null_shift,0.0,,132,30,0.008062400855123998,4.0,22.0,8.0,True
null_shift,0.0,,132,60,0.43570733968226705,2.0,20.0,18.0,False
null_shift,0.0,,132,120,0.6681880950927734,0.0,10.0,11.0,False
null_any,0.0,,132,0,,,,,True
null_shift,0.0,,133,30,0.6285853206354659,2.0,18.0,19.0,False
null_shift,0.0,,133,60,0.4320831202203408,2.0,18.0,16.0,False
null_shift,0.0,,133,120,0.5840940475463867,2.0,11.0,11.0,False
null_any,0.0,,133,0,,,,,False
null_shift,0.0,,134,30,0.6864487149214256,1.0,18.0,20.0,False
null_shift,0.0,,134,60,0.3746293123804209,3.0,21.0,18.0,False
null_shift,0.0,,134,120,0.707667644135654,1.0,14.0,16.0,False
null_any,0.0,,134,0,,,,,False
null_shift,0.0,,135,30,0.7565748791676015,1.0,15.0,18.0,False
null_shift,0.0,,135,60,0.355535551905632,2.0,16.0,13.0,False
null_shift,0.0,,135,120,0.644464448094368,1.0,14.0,15.0,False
null_any,0.0,,135,0,,,,,False
null_shift,0.0,,136,30,0.5679168797796592,1.0,17.0,17.0,False
null_shift,0.0,,136,60,0.7911539045817335,1.0,17.0,21.0,False
null_shift,0.0,,136,120,0.6681880950927734,2.0,10.0,11.0,False
null_any,0.0,,136,0,,,,,False
null_shift,0.0,,137,30,0.978220739038079,1.0,15.0,27.0,False
null_shift,0.0,,137,60,0.8447476704604924,0.0,15.0,20.0,False
null_shift,0.0,,137,120,0.8192026959732175,1.0,13.0,17.0,False
null_any,0.0,,137,0,,,,,False
null_shift,0.0,,138,30,0.15525232953950768,3.0,21.0,14.0,False
null_shift,0.0,,138,60,0.16839181759496574,3.0,23.0,16.0,False
null_shift,0.0,,138,120,0.5,2.0,17.0,16.0,False
null_any,0.0,,138,0,,,,,False
null_shift,0.0,,139,30,0.5611928356238423,1.0,21.0,21.0,False
null_shift,0.0,,139,60,0.5561375863296085,1.0,25.0,25.0,False
null_shift,0.0,,139,120,0.639949934091419,2.0,15.0,16.0,False
null_any,0.0,,139,0,,,,,False
null_shift,0.0,,140,30,0.923070027918584,0.0,16.0,24.0,False
null_shift,0.0,,140,60,0.8316081824050343,0.0,17.0,22.0,False
null_shift,0.0,,140,120,0.8192026959732175,2.0,13.0,17.0,False
null_any,0.0,,140,0,,,,,False
null_shift,0.0,,141,30,0.3776143287523155,2.0,22.0,19.0,False
null_shift,0.0,,141,60,0.38543349728651316,3.0,25.0,22.0,False
null_shift,0.0,,141,120,0.5,1.0,15.0,14.0,False
null_any,0.0,,141,0,,,,,False
null_shift,0.0,,142,30,0.11474050651304424,2.0,21.0,13.0,False
null_shift,0.0,,142,60,0.04007165622897446,3.0,22.0,11.0,False
null_shift,0.0,,142,120,0.5,2.0,11.0,10.0,False
null_any,0.0,,142,0,,,,,False
null_shift,0.0,,143,30,0.9061292205005884,0.0,15.0,22.0,False
null_shift,0.0,,143,60,0.9337509180186316,0.0,14.0,22.0,False
null_shift,0.0,,143,120,0.928346672852058,1.0,15.0,23.0,False
null_any,0.0,,143,0,,,,,False
null_shift,0.0,,144,30,0.8720624602283351,1.0,16.0,22.0,False
null_shift,0.0,,144,60,0.8785075229825452,2.0,15.0,21.0,False
null_shift,0.0,,144,120,0.572232224047184,2.0,15.0,15.0,False
null_any,0.0,,144,0,,,,,False
null_shift,0.0,,145,30,0.7336453723819432,2.0,19.0,22.0,False
null_shift,0.0,,145,60,0.928346672852058,1.0,15.0,23.0,False
null_shift,0.0,,145,120,0.5,2.0,12.0,11.0,False
null_any,0.0,,145,0,,,,,False
null_shift,0.0,,146,30,0.2497799166012556,2.0,20.0,15.0,False
null_shift,0.0,,146,60,0.6864487149214256,2.0,18.0,20.0,False
null_shift,0.0,,146,120,0.9680426716804504,0.0,8.0,16.0,False
null_any,0.0,,146,0,,,,,False
null_shift,0.0,,147,30,0.5626853438097896,2.0,20.0,20.0,False
null_shift,0.0,,147,60,0.5660302997857798,1.0,18.0,18.0,False
null_shift,0.0,,147,120,0.4159059524536133,2.0,12.0,10.0,False
null_any,0.0,,147,0,,,,,False
null_shift,0.0,,148,30,0.77087084017694,2.0,13.0,16.0,False
null_shift,0.0,,148,60,0.6864487149214256,0.0,18.0,20.0,False
null_shift,0.0,,148,120,0.42776777595281607,3.0,16.0,14.0,False
null_any,0.0,,148,0,,,,,False
null_shift,0.0,,149,30,0.644464448094368,2.0,14.0,15.0,False
null_shift,0.0,,149,60,0.7443121092073852,2.0,17.0,20.0,False
null_shift,0.0,,149,120,0.5,2.0,15.0,14.0,False
null_any,0.0,,149,0,,,,,False
null_shift,0.0,,150,30,0.3746293123804209,3.0,21.0,18.0,False
null_shift,0.0,,150,60,0.12149247701745483,3.0,22.0,14.0,False
null_shift,0.0,,150,120,0.06103906035423279,3.0,18.0,9.0,False
null_any,0.0,,150,0,,,,,False
null_shift,0.0,,151,30,0.355535551905632,3.0,16.0,13.0,False
null_shift,0.0,,151,60,0.8997557889670134,1.0,12.0,18.0,False
null_shift,0.0,,151,120,0.7293719053268433,0.0,11.0,13.0,False
null_any,0.0,,151,0,,,,,False
null_shift,0.0,,152,30,0.6285853206354659,2.0,18.0,19.0,False
null_shift,0.0,,152,60,0.5611928356238423,1.0,21.0,21.0,False
null_shift,0.0,,152,120,0.30379568063654006,3.0,19.0,15.0,False
null_any,0.0,,152,0,,,,,False
null_shift,0.0,,153,30,0.43570733968226705,2.0,20.0,18.0,False
null_shift,0.0,,153,60,0.691140341485152,2.0,17.0,19.0,False
null_shift,0.0,,153,120,0.8923364251386374,1.0,13.0,19.0,False
null_any,0.0,,153,0,,,,,False
null_shift,0.0,,154,30,0.001443623987142928,4.0,31.0,11.0,True
null_shift,0.0,,154,60,0.14560761827294755,2.0,26.0,18.0,False
null_shift,0.0,,154,120,0.1481031842995435,3.0,20.0,13.0,False
null_any,0.0,,154,0,,,,,True
null_shift,0.0,,155,30,0.8255555602754612,1.0,18.0,23.0,False
null_shift,0.0,,155,60,0.674206086395543,1.0,21.0,23.0,False
null_shift,0.0,,155,120,0.8852594934869558,1.0,14.0,20.0,False
null_any,0.0,,155,0,,,,,False
null_shift,0.0,,156,30,0.5660302997857798,2.0,18.0,18.0,False
null_shift,0.0,,156,60,0.5611928356238423,2.0,21.0,21.0,False
null_shift,0.0,,156,120,0.6494459807872772,1.0,13.0,14.0,False
null_any,0.0,,156,0,,,,,False
null_shift,0.0,,157,30,0.3293690385118282,2.0,25.0,21.0,False
null_shift,0.0,,157,60,0.2088460954182665,3.0,22.0,16.0,False
null_shift,0.0,,157,120,0.06103906035423279,4.0,18.0,9.0,False
null_any,0.0,,157,0,,,,,False
null_shift,0.0,,158,30,0.3714146793645341,2.0,20.0,17.0,False
null_shift,0.0,,158,60,0.7388013097515794,1.0,18.0,21.0,False
null_shift,0.0,,158,120,0.5805901288986206,1.0,12.0,12.0,False
null_any,0.0,,158,0,,,,,False
null_shift,0.0,,159,30,0.9392752575222403,2.0,13.0,21.0,False
null_shift,0.0,,159,60,0.8923364251386374,0.0,13.0,19.0,False
null_shift,0.0,,159,120,0.9692858271300793,0.0,10.0,19.0,False
null_any,0.0,,159,0,,,,,False
null_shift,0.0,,160,30,0.4300250329542905,2.0,17.0,15.0,False
null_shift,0.0,,160,60,0.43731465619021037,1.0,21.0,19.0,False
null_shift,0.0,,160,120,0.572232224047184,1.0,15.0,15.0,False
null_any,0.0,,160,0,,,,,False
null_shift,0.0,,161,30,0.6285853206354659,1.0,18.0,19.0,False
null_shift,0.0,,161,60,0.5660302997857798,2.0,18.0,18.0,False
null_shift,0.0,,161,120,0.28579409420490265,3.0,16.0,12.0,False
null_any,0.0,,161,0,,,,,False
null_shift,0.0,,162,30,0.6285853206354659,1.0,18.0,19.0,False
null_shift,0.0,,162,60,0.5,1.0,21.0,20.0,False
null_shift,0.0,,162,120,0.3641662404406816,2.0,18.0,15.0,False
null_any,0.0,,162,0,,,,,False
null_shift,0.0,,163,30,0.8316081824050343,1.0,17.0,22.0,False
null_shift,0.0,,163,60,0.3746293123804209,2.0,21.0,18.0,False
null_shift,0.0,,163,120,0.41190147399902344,1.0,11.0,9.0,False
null_any,0.0,,163,0,,,,,False
null_shift,0.0,,164,30,0.8518968157004565,1.0,14.0,19.0,False
null_shift,0.0,,164,60,0.564292660317733,3.0,19.0,19.0,False
null_shift,0.0,,164,120,0.6611802577972412,1.0,11.0,12.0,False
null_any,0.0,,164,0,,,,,False
null_shift,0.0,,165,30,0.3679394004284405,2.0,19.0,16.0,False
null_shift,0.0,,165,60,0.7974838769296184,1.0,16.0,20.0,False
null_shift,0.0,,165,120,0.5,1.0,15.0,14.0,False
null_any,0.0,,165,0,,,,,False
null_shift,0.0,,166,30,0.8785075229825452,1.0,15.0,21.0,False
null_shift,0.0,,166,60,0.6223856712476845,1.0,20.0,21.0,False
null_shift,0.0,,166,120,0.7634351700544357,1.0,14.0,17.0,False
null_any,0.0,,166,0,,,,,False
null_shift,0.0,,167,30,0.3679394004284405,2.0,19.0,16.0,False
null_shift,0.0,,167,60,0.5000000000000002,1.0,20.0,19.0,False
null_shift,0.0,,167,120,0.6549810171127319,2.0,12.0,13.0,False
null_any,0.0,,167,0,,,,,False
null_shift,0.0,,168,30,0.08137782872654498,3.0,21.0,12.0,False
null_shift,0.0,,168,60,0.308859658514848,3.0,20.0,16.0,False
null_shift,0.0,,168,120,0.4159059524536133,2.0,12.0,10.0,False
null_any,0.0,,168,0,,,,,False
null_shift,0.0,,169,30,0.17246422544121742,2.0,17.0,11.0,False
null_shift,0.0,,169,60,0.43731465619021037,2.0,21.0,19.0,False
null_shift,0.0,,169,120,0.691140341485152,1.0,17.0,19.0,False
null_any,0.0,,169,0,,,,,False
null_shift,0.0,,170,30,0.4388071643761577,2.0,22.0,20.0,False
null_shift,0.0,,170,60,0.7242578350987401,1.0,21.0,24.0,False
null_shift,0.0,,170,120,0.8192026959732175,1.0,13.0,17.0,False
null_any,0.0,,170,0,,,,,False
null_shift,0.0,,171,30,0.77087084017694,2.0,13.0,16.0,False
null_shift,0.0,,171,60,0.7974838769296184,2.0,16.0,20.0,False
null_shift,0.0,,171,120,0.9242051839828491,1.0,9.0,15.0,False
null_any,0.0,,171,0,,,,,False
null_shift,0.0,,172,30,0.6864487149214256,1.0,18.0,20.0,False
null_shift,0.0,,172,60,0.5,1.0,16.0,15.0,False
null_shift,0.0,,172,120,0.7596588134765625,1.0,8.0,10.0,False
null_any,0.0,,172,0,,,,,False
null_shift,0.0,,173,30,0.7634351700544357,2.0,14.0,17.0,False
null_shift,0.0,,173,60,0.6285853206354659,2.0,18.0,19.0,False
null_shift,0.0,,173,120,0.3179140013144206,2.0,22.0,18.0,False
null_any,0.0,,173,0,,,,,False
null_shift,0.0,,174,30,0.5660302997857798,1.0,18.0,18.0,False
null_shift,0.0,,174,60,0.5,1.0,22.0,21.0,False
null_shift,0.0,,174,120,0.6358337595593184,2.0,16.0,17.0,False
null_any,0.0,,174,0,,,,,False
null_shift,0.0,,175,30,0.8852594934869558,1.0,14.0,20.0,False
null_shift,0.0,,175,60,0.9919528199843626,0.0,15.0,30.0,False
null_shift,0.0,,175,120,0.7142059057950974,1.0,13.0,15.0,False
null_any,0.0,,175,0,,,,,False
null_shift,0.0,,176,30,0.7443121092073852,1.0,17.0,20.0,False
null_shift,0.0,,176,60,0.6820859986855794,1.0,19.0,21.0,False
null_shift,0.0,,176,120,0.644464448094368,1.0,14.0,15.0,False
null_any,0.0,,176,0,,,,,False
null_shift,0.0,,177,30,0.07692997208141605,4.0,25.0,15.0,False
null_shift,0.0,,177,60,0.22039953367129783,3.0,24.0,18.0,False
null_shift,0.0,,177,120,0.24342512083239853,3.0,19.0,14.0,False
null_any,0.0,,177,0,,,,,False
null_shift,0.0,,178,30,0.8659063744726154,0.0,17.0,23.0,False
null_shift,0.0,,178,60,0.8114572062622756,0.0,14.0,18.0,False
null_shift,0.0,,178,120,0.787821888923645,1.0,11.0,14.0,False
null_any,0.0,,178,0,,,,,False
null_shift,0.0,,179,30,0.8720624602283351,1.0,16.0,22.0,False
null_shift,0.0,,179,60,0.30379568063654006,2.0,19.0,15.0,False
null_shift,0.0,,179,120,0.23656482994556427,3.0,18.0,13.0,False
null_any,0.0,,179,0,,,,,False
null_shift,0.0,,180,30,0.30379568063654006,2.0,19.0,15.0,False
null_shift,0.0,,180,60,0.5,1.0,21.0,20.0,False
null_shift,0.0,,180,120,0.639949934091419,2.0,15.0,16.0,False
null_any,0.0,,180,0,,,,,False
null_shift,0.0,,181,30,0.7634351700544357,2.0,14.0,17.0,False
null_shift,0.0,,181,60,0.4300250329542905,2.0,17.0,15.0,False
null_shift,0.0,,181,120,0.5,2.0,15.0,14.0,False
null_any,0.0,,181,0,,,,,False
null_shift,0.0,,182,30,0.2497799166012556,2.0,20.0,15.0,False
null_shift,0.0,,182,60,0.4339697002142202,1.0,19.0,17.0,False
null_shift,0.0,,182,120,0.804235847434029,2.0,15.0,19.0,False
null_any,0.0,,182,0,,,,,False
null_shift,0.0,,183,30,0.3679394004284405,2.0,19.0,16.0,False
null_shift,0.0,,183,60,0.625370687619579,1.0,19.0,20.0,False
null_shift,0.0,,183,120,0.7634351700544357,1.0,14.0,17.0,False
null_any,0.0,,183,0,,,,,False
null_shift,0.0,,184,30,0.19576415256597102,2.0,20.0,14.0,False
null_shift,0.0,,184,60,0.5660302997857798,1.0,18.0,18.0,False
null_shift,0.0,,184,120,0.5840940475463867,2.0,11.0,11.0,False
null_any,0.0,,184,0,,,,,False
null_shift,0.0,,185,30,0.5000000000000001,3.0,18.0,17.0,False
null_shift,0.0,,185,60,0.564292660317733,2.0,19.0,19.0,False
null_shift,0.0,,185,120,0.4320831202203408,2.0,18.0,16.0,False
null_any,0.0,,185,0,,,,,False
null_shift,0.0,,186,30,0.16839181759496574,3.0,23.0,16.0,False
null_shift,0.0,,186,60,0.440197910640336,3.0,23.0,21.0,False
null_shift,0.0,,186,120,0.28579409420490265,3.0,16.0,12.0,False
null_any,0.0,,186,0,,,,,False
null_shift,0.0,,187,30,0.5,2.0,16.0,15.0,False
null_shift,0.0,,187,60,0.6864487149214256,3.0,18.0,20.0,False
null_shift,0.0,,187,120,0.43570733968226705,3.0,20.0,18.0,False
null_any,0.0,,187,0,,,,,False
null_shift,0.0,,188,30,0.28579409420490265,1.0,16.0,12.0,False
null_shift,0.0,,188,60,0.572232224047184,1.0,15.0,15.0,False
null_shift,0.0,,188,120,0.7016925520729274,2.0,15.0,17.0,False
null_any,0.0,,188,0,,,,,False
null_shift,0.0,,189,30,0.5,2.0,23.0,22.0,False
null_shift,0.0,,189,60,0.5626853438097896,2.0,20.0,20.0,False
null_shift,0.0,,189,120,0.7789658308029175,0.0,12.0,15.0,False
null_any,0.0,,189,0,,,,,False
null_shift,0.0,,190,30,0.2497799166012556,2.0,20.0,15.0,False
null_shift,0.0,,190,60,0.2088460954182665,3.0,22.0,16.0,False
null_shift,0.0,,190,120,0.5,2.0,15.0,14.0,False
null_any,0.0,,190,0,,,,,False
null_shift,0.0,,191,30,0.6285853206354659,2.0,18.0,19.0,False
null_shift,0.0,,191,60,0.7336453723819432,1.0,19.0,22.0,False
null_shift,0.0,,191,120,0.2556878907926148,2.0,21.0,16.0,False
null_any,0.0,,191,0,,,,,False
null_shift,0.0,,192,30,0.8720624602283351,0.0,16.0,22.0,False
null_shift,0.0,,192,60,0.8543923817270525,1.0,19.0,25.0,False
null_shift,0.0,,192,120,0.577490508556366,2.0,13.0,13.0,False
null_any,0.0,,192,0,,,,,False
null_shift,0.0,,193,30,0.8255555602754612,1.0,18.0,23.0,False
null_shift,0.0,,193,60,0.43570733968226705,3.0,20.0,18.0,False
null_shift,0.0,,193,120,0.41190147399902344,2.0,11.0,9.0,False
null_any,0.0,,193,0,,,,,False
null_shift,0.0,,194,30,0.06624908198136838,2.0,23.0,13.0,False
null_shift,0.0,,194,60,0.029791944009048166,4.0,27.0,14.0,False
null_shift,0.0,,194,120,0.42250949144363403,2.0,14.0,12.0,False
null_any,0.0,,194,0,,,,,False
null_shift,0.0,,195,30,0.9506314266473055,0.0,11.0,19.0,False
null_shift,0.0,,195,60,0.9459354892969714,0.0,15.0,24.0,False
null_shift,0.0,,195,120,0.9251936078071594,0.0,12.0,19.0,False
null_any,0.0,,195,0,,,,,False
null_shift,0.0,,196,30,0.17444443972453882,3.0,24.0,17.0,False
null_shift,0.0,,196,60,0.26635462761805684,3.0,23.0,18.0,False
null_shift,0.0,,196,120,0.4300250329542905,3.0,17.0,15.0,False
null_any,0.0,,196,0,,,,,False
null_shift,0.0,,197,30,0.2611986902484206,2.0,22.0,17.0,False
null_shift,0.0,,197,60,0.2497799166012556,3.0,20.0,15.0,False
null_shift,0.0,,197,120,0.5747229903936386,2.0,14.0,14.0,False
null_any,0.0,,197,0,,,,,False
null_shift,0.0,,198,30,0.8659063744726154,0.0,17.0,23.0,False
null_shift,0.0,,198,60,0.9505641252035275,0.0,14.0,23.0,False
null_shift,0.0,,198,120,0.5840940475463867,1.0,11.0,11.0,False
null_any,0.0,,198,0,,,,,False
null_shift,0.0,,199,30,0.5611928356238423,2.0,21.0,21.0,False
null_shift,0.0,,199,60,0.5585020439388018,2.0,23.0,23.0,False
null_shift,0.0,,199,120,0.4300250329542905,2.0,17.0,15.0,False
null_any,0.0,,199,0,,,,,False
