mode,effect_sd,lag_min,seed,horizon_min,p_value,positive_folds,post_only,pre_only,pass_bonferroni
injected,0.5,15.0,0,30,0.0004552602767944336,3.0,21.0,4.0,True
injected,0.5,15.0,0,60,0.0012884140014648438,3.0,17.0,3.0,True
injected,0.5,15.0,0,120,0.0022125244140625,4.0,16.0,3.0,True
injected_any,0.5,15.0,0,0,,,,,True
injected,0.5,15.0,1,30,0.014479637145996094,3.0,19.0,7.0,True
injected,0.5,15.0,1,60,0.01734483242034912,3.0,17.0,6.0,False
injected,0.5,15.0,1,120,0.013301849365234375,3.0,16.0,5.0,True
injected_any,0.5,15.0,1,0,,,,,True
injected,0.5,15.0,2,30,0.0029623061418533325,4.0,21.0,6.0,True
injected,0.5,15.0,2,60,0.007316648960113525,4.0,19.0,6.0,True
injected,0.5,15.0,2,120,0.011327922344207764,4.0,18.0,6.0,True
injected_any,0.5,15.0,2,0,,,,,True
injected,0.5,15.0,3,30,0.0020386576652526855,3.0,20.0,5.0,True
injected,0.5,15.0,3,60,0.013301849365234375,3.0,16.0,5.0,True
injected,0.5,15.0,3,120,0.01734483242034912,4.0,17.0,6.0,False
injected_any,0.5,15.0,3,0,,,,,True
injected,0.5,15.0,4,30,0.011327922344207764,3.0,18.0,6.0,True
injected,0.5,15.0,4,60,0.03917694091796875,3.0,15.0,6.0,False
injected,0.5,15.0,4,120,0.03917694091796875,3.0,15.0,6.0,False
injected_any,0.5,15.0,4,0,,,,,True
injected,0.5,15.0,5,30,0.000771939754486084,3.0,20.0,4.0,True
injected,0.5,15.0,5,60,0.0035986900329589844,3.0,17.0,4.0,True
injected,0.5,15.0,5,120,0.005908966064453125,3.0,16.0,4.0,True
injected_any,0.5,15.0,5,0,,,,,True
injected,0.5,15.0,6,30,0.000771939754486084,3.0,20.0,4.0,True
injected,0.5,15.0,6,60,0.0022125244140625,3.0,16.0,3.0,True
injected,0.5,15.0,6,120,0.0022125244140625,4.0,16.0,3.0,True
injected_any,0.5,15.0,6,0,,,,,True
injected,0.5,15.0,7,30,0.0046776533126831055,4.0,20.0,6.0,True
injected,0.5,15.0,7,60,0.00960540771484375,4.0,15.0,4.0,True
injected,0.5,15.0,7,120,0.00960540771484375,4.0,15.0,4.0,True
injected_any,0.5,15.0,7,0,,,,,True
injected,0.5,15.0,8,30,0.003305375576019287,3.0,19.0,5.0,True
injected,0.5,15.0,8,60,0.01544189453125,3.0,14.0,4.0,True
injected,0.5,15.0,8,120,0.013301849365234375,4.0,16.0,5.0,True
injected_any,0.5,15.0,8,0,,,,,True
injected,0.5,15.0,9,30,0.0095786452293396,3.0,20.0,7.0,True
injected,0.5,15.0,9,60,0.020694732666015625,3.0,15.0,5.0,False
injected,0.5,15.0,9,120,0.013301849365234375,4.0,16.0,5.0,True
injected_any,0.5,15.0,9,0,,,,,True
injected,0.5,15.0,10,30,0.0029623061418533325,4.0,21.0,6.0,True
injected,0.5,15.0,10,60,0.007316648960113525,4.0,19.0,6.0,True
injected,0.5,15.0,10,120,0.011327922344207764,4.0,18.0,6.0,True
injected_any,0.5,15.0,10,0,,,,,True
injected,0.5,15.0,11,30,0.011327922344207764,3.0,18.0,6.0,True
injected,0.5,15.0,11,60,0.0317840576171875,3.0,14.0,5.0,False
injected,0.5,15.0,11,120,0.00960540771484375,4.0,15.0,4.0,True
injected_any,0.5,15.0,11,0,,,,,True
injected,0.5,15.0,12,30,0.0007568597793579102,3.0,22.0,5.0,True
injected,0.5,15.0,12,60,0.005311012268066406,3.0,18.0,5.0,True
injected,0.5,15.0,12,120,0.013301849365234375,3.0,16.0,5.0,True
injected_any,0.5,15.0,12,0,,,,,True
injected,0.5,15.0,13,30,9.609758853912354e-05,4.0,26.0,5.0,True
injected,0.5,15.0,13,60,0.0004552602767944336,4.0,21.0,4.0,True
injected,0.5,15.0,13,120,0.001299738883972168,4.0,19.0,4.0,True
injected_any,0.5,15.0,13,0,,,,,True
injected,0.5,15.0,14,30,0.0046776533126831055,3.0,20.0,6.0,True
injected,0.5,15.0,14,60,0.002171754837036133,3.0,18.0,4.0,True
injected,0.5,15.0,14,120,0.002171754837036133,4.0,18.0,4.0,True
injected_any,0.5,15.0,14,0,,,,,True
injected,0.5,15.0,15,30,0.0018595829606056213,4.0,22.0,6.0,True
injected,0.5,15.0,15,60,0.001299738883972168,4.0,19.0,4.0,True
injected,0.5,15.0,15,120,0.0007448196411132812,4.0,18.0,3.0,True
injected_any,0.5,15.0,15,0,,,,,True
injected,0.5,15.0,16,30,0.003305375576019287,3.0,19.0,5.0,True
injected,0.5,15.0,16,60,0.013301849365234375,3.0,16.0,5.0,True
injected,0.5,15.0,16,120,0.020694732666015625,4.0,15.0,5.0,False
injected_any,0.5,15.0,16,0,,,,,True
injected,0.5,15.0,17,30,0.00045611709356307983,4.0,23.0,5.0,True
injected,0.5,15.0,17,60,0.0004277229309082031,4.0,19.0,3.0,True
injected,0.5,15.0,17,120,0.0012884140014648438,4.0,17.0,3.0,True
injected_any,0.5,15.0,17,0,,,,,True
injected,0.5,15.0,18,30,0.000771939754486084,4.0,20.0,4.0,True
injected,0.5,15.0,18,60,0.002171754837036133,4.0,18.0,4.0,True
injected,0.5,15.0,18,120,0.0035986900329589844,4.0,17.0,4.0,True
injected_any,0.5,15.0,18,0,,,,,True
injected,0.5,15.0,19,30,0.0004552602767944336,3.0,21.0,4.0,True
injected,0.5,15.0,19,60,0.0012884140014648438,3.0,17.0,3.0,True
injected,0.5,15.0,19,120,0.0022125244140625,4.0,16.0,3.0,True
injected_any,0.5,15.0,19,0,,,,,True
injected,0.5,15.0,20,30,0.0012469589710235596,3.0,21.0,5.0,True
injected,0.5,15.0,20,60,0.0007448196411132812,3.0,18.0,3.0,True
injected,0.5,15.0,20,120,0.0007448196411132812,4.0,18.0,3.0,True
injected_any,0.5,15.0,20,0,,,,,True
injected,0.5,15.0,21,30,0.00026676058769226074,3.0,22.0,4.0,True
injected,0.5,15.0,21,60,0.0012884140014648438,3.0,17.0,3.0,True
injected,0.5,15.0,21,120,0.0012884140014648438,3.0,17.0,3.0,True
injected_any,0.5,15.0,21,0,,,,,True
injected,0.5,15.0,22,30,0.0012469589710235596,3.0,21.0,5.0,True
injected,0.5,15.0,22,60,0.0035986900329589844,3.0,17.0,4.0,True
injected,0.5,15.0,22,120,0.005908966064453125,3.0,16.0,4.0,True
injected_any,0.5,15.0,22,0,,,,,True
injected,0.5,15.0,23,30,0.0012469589710235596,4.0,21.0,5.0,True
injected,0.5,15.0,23,60,0.005311012268066406,4.0,18.0,5.0,True
injected,0.5,15.0,23,120,0.0035986900329589844,4.0,17.0,4.0,True
injected_any,0.5,15.0,23,0,,,,,True
injected,0.5,15.0,24,30,5.1857903599739075e-05,4.0,25.0,4.0,True
injected,0.5,15.0,24,60,0.0001385807991027832,4.0,21.0,3.0,True
injected,0.5,15.0,24,120,0.0004277229309082031,4.0,19.0,3.0,True
injected_any,0.5,15.0,24,0,,,,,True
injected,0.5,15.0,25,30,0.0029623061418533325,3.0,21.0,6.0,True
injected,0.5,15.0,25,60,0.011327922344207764,3.0,18.0,6.0,True
injected,0.5,15.0,25,120,0.01734483242034912,3.0,17.0,6.0,False
injected_any,0.5,15.0,25,0,,,,,True
injected,0.5,15.0,26,30,0.00045611709356307983,4.0,23.0,5.0,True
injected,0.5,15.0,26,60,0.0004277229309082031,4.0,19.0,3.0,True
injected,0.5,15.0,26,120,0.0007448196411132812,4.0,18.0,3.0,True
injected_any,0.5,15.0,26,0,,,,,True
injected,0.5,15.0,27,30,0.0095786452293396,3.0,20.0,7.0,True
injected,0.5,15.0,27,60,0.01734483242034912,3.0,17.0,6.0,False
injected,0.5,15.0,27,120,0.013301849365234375,4.0,16.0,5.0,True
injected_any,0.5,15.0,27,0,,,,,True
injected,0.5,15.0,28,30,0.0004552602767944336,4.0,21.0,4.0,True
injected,0.5,15.0,28,60,0.0012884140014648438,4.0,17.0,3.0,True
injected,0.5,15.0,28,120,0.002171754837036133,4.0,18.0,4.0,True
injected_any,0.5,15.0,28,0,,,,,True
injected,0.5,15.0,29,30,0.011327922344207764,3.0,18.0,6.0,True
injected,0.5,15.0,29,60,0.04656982421875,4.0,16.0,7.0,False
injected,0.5,15.0,29,120,0.057659149169921875,4.0,14.0,6.0,False
injected_any,0.5,15.0,29,0,,,,,True
injected,0.5,15.0,30,30,0.00045611709356307983,4.0,23.0,5.0,True
injected,0.5,15.0,30,60,0.002171754837036133,4.0,18.0,4.0,True
injected,0.5,15.0,30,120,0.0012884140014648438,4.0,17.0,3.0,True
injected_any,0.5,15.0,30,0,,,,,True
injected,0.5,15.0,31,30,0.0020386576652526855,3.0,20.0,5.0,True
injected,0.5,15.0,31,60,0.0035986900329589844,3.0,17.0,4.0,True
injected,0.5,15.0,31,120,0.0035986900329589844,3.0,17.0,4.0,True
injected_any,0.5,15.0,31,0,,,,,True
injected,0.5,15.0,32,30,0.00845026969909668,3.0,17.0,5.0,True
injected,0.5,15.0,32,60,0.0037689208984375,3.0,15.0,3.0,True
injected,0.5,15.0,32,120,0.005908966064453125,4.0,16.0,4.0,True
injected_any,0.5,15.0,32,0,,,,,True
injected,0.5,15.0,33,30,8.999556303024292e-05,4.0,24.0,4.0,True
injected,0.5,15.0,33,60,0.0004277229309082031,4.0,19.0,3.0,True
injected,0.5,15.0,33,120,0.002171754837036133,4.0,18.0,4.0,True
injected_any,0.5,15.0,33,0,,,,,True
injected,0.5,15.0,34,30,0.0029623061418533325,3.0,21.0,6.0,True
injected,0.5,15.0,34,60,0.002171754837036133,3.0,18.0,4.0,True
injected,0.5,15.0,34,120,0.0007448196411132812,3.0,18.0,3.0,True
injected_any,0.5,15.0,34,0,,,,,True
injected,0.5,15.0,35,30,0.0020386576652526855,3.0,20.0,5.0,True
injected,0.5,15.0,35,60,0.005908966064453125,3.0,16.0,4.0,True
injected,0.5,15.0,35,120,0.00960540771484375,3.0,15.0,4.0,True
injected_any,0.5,15.0,35,0,,,,,True
injected,0.5,15.0,36,30,0.00045611709356307983,3.0,23.0,5.0,True
injected,0.5,15.0,36,60,0.001299738883972168,3.0,19.0,4.0,True
injected,0.5,15.0,36,120,0.002171754837036133,3.0,18.0,4.0,True
injected_any,0.5,15.0,36,0,,,,,True
injected,0.5,15.0,37,30,0.00045611709356307983,3.0,23.0,5.0,True
injected,0.5,15.0,37,60,0.003305375576019287,3.0,19.0,5.0,True
injected,0.5,15.0,37,120,0.002171754837036133,4.0,18.0,4.0,True
injected_any,0.5,15.0,37,0,,,,,True
injected,0.5,15.0,38,30,0.000771939754486084,4.0,20.0,4.0,True
injected,0.5,15.0,38,60,0.0012884140014648438,4.0,17.0,3.0,True
injected,0.5,15.0,38,120,0.0022125244140625,4.0,16.0,3.0,True
injected_any,0.5,15.0,38,0,,,,,True
injected,0.5,15.0,39,30,0.0046776533126831055,4.0,20.0,6.0,True
injected,0.5,15.0,39,60,0.01734483242034912,4.0,17.0,6.0,False
injected,0.5,15.0,39,120,0.00845026969909668,4.0,17.0,5.0,True
injected_any,0.5,15.0,39,0,,,,,True
injected,0.5,15.0,40,30,0.0029623061418533325,3.0,21.0,6.0,True
injected,0.5,15.0,40,60,0.005311012268066406,3.0,18.0,5.0,True
injected,0.5,15.0,40,120,0.00845026969909668,4.0,17.0,5.0,True
injected_any,0.5,15.0,40,0,,,,,True
injected,0.5,15.0,41,30,0.00026676058769226074,3.0,22.0,4.0,True
injected,0.5,15.0,41,60,0.0004277229309082031,3.0,19.0,3.0,True
injected,0.5,15.0,41,120,0.0004277229309082031,4.0,19.0,3.0,True
injected_any,0.5,15.0,41,0,,,,,True
injected,0.5,15.0,42,30,0.0007568597793579102,4.0,22.0,5.0,True
injected,0.5,15.0,42,60,0.002171754837036133,4.0,18.0,4.0,True
injected,0.5,15.0,42,120,0.0022125244140625,4.0,16.0,3.0,True
injected_any,0.5,15.0,42,0,,,,,True
injected,0.5,15.0,43,30,0.0018595829606056213,4.0,22.0,6.0,True
injected,0.5,15.0,43,60,0.005311012268066406,4.0,18.0,5.0,True
injected,0.5,15.0,43,120,0.005908966064453125,4.0,16.0,4.0,True
injected_any,0.5,15.0,43,0,,,,,True
injected,0.5,15.0,44,30,0.011327922344207764,2.0,18.0,6.0,False
injected,0.5,15.0,44,60,0.03917694091796875,3.0,15.0,6.0,False
injected,0.5,15.0,44,120,0.01734483242034912,4.0,17.0,6.0,False
injected_any,0.5,15.0,44,0,,,,,False
injected,0.5,15.0,45,30,0.0018595829606056213,3.0,22.0,6.0,True
injected,0.5,15.0,45,60,0.007316648960113525,4.0,19.0,6.0,True
injected,0.5,15.0,45,120,0.00845026969909668,4.0,17.0,5.0,True
injected_any,0.5,15.0,45,0,,,,,True
injected,0.5,15.0,46,30,0.00045611709356307983,4.0,23.0,5.0,True
injected,0.5,15.0,46,60,0.003305375576019287,4.0,19.0,5.0,True
injected,0.5,15.0,46,120,0.0035986900329589844,4.0,17.0,4.0,True
injected_any,0.5,15.0,46,0,,,,,True
injected,0.5,15.0,47,30,0.00045611709356307983,4.0,23.0,5.0,True
injected,0.5,15.0,47,60,0.001299738883972168,4.0,19.0,4.0,True
injected,0.5,15.0,47,120,0.0012884140014648438,4.0,17.0,3.0,True
injected_any,0.5,15.0,47,0,,,,,True
injected,0.5,15.0,48,30,0.0011578500270843506,4.0,23.0,6.0,True
injected,0.5,15.0,48,60,0.003305375576019287,4.0,19.0,5.0,True
injected,0.5,15.0,48,120,0.0035986900329589844,4.0,17.0,4.0,True
injected_any,0.5,15.0,48,0,,,,,True
injected,0.5,15.0,49,30,0.0007568597793579102,4.0,22.0,5.0,True
injected,0.5,15.0,49,60,0.002171754837036133,4.0,18.0,4.0,True
injected,0.5,15.0,49,120,0.00845026969909668,4.0,17.0,5.0,True
injected_any,0.5,15.0,49,0,,,,,True
injected,0.5,15.0,50,30,0.003305375576019287,3.0,19.0,5.0,True
injected,0.5,15.0,50,60,0.0035986900329589844,3.0,17.0,4.0,True
injected,0.5,15.0,50,120,0.00960540771484375,3.0,15.0,4.0,True
injected_any,0.5,15.0,50,0,,,,,True
injected,0.5,15.0,51,30,0.004065029323101044,3.0,22.0,7.0,True
injected,0.5,15.0,51,60,0.0095786452293396,4.0,20.0,7.0,True
injected,0.5,15.0,51,120,0.014479637145996094,4.0,19.0,7.0,True
injected_any,0.5,15.0,51,0,,,,,True
injected,0.5,15.0,52,30,0.0011578500270843506,3.0,23.0,6.0,True
injected,0.5,15.0,52,60,0.003305375576019287,3.0,19.0,5.0,True
injected,0.5,15.0,52,120,0.005311012268066406,4.0,18.0,5.0,True
injected_any,0.5,15.0,52,0,,,,,True
injected,0.5,15.0,53,30,0.00026676058769226074,3.0,22.0,4.0,True
injected,0.5,15.0,53,60,0.002171754837036133,3.0,18.0,4.0,True
injected,0.5,15.0,53,120,0.0035986900329589844,4.0,17.0,4.0,True
injected_any,0.5,15.0,53,0,,,,,True
injected,0.5,15.0,54,30,0.005908966064453125,3.0,16.0,4.0,True
injected,0.5,15.0,54,60,0.0317840576171875,3.0,14.0,5.0,False
injected,0.5,15.0,54,120,0.048126220703125,3.0,13.0,5.0,False
injected_any,0.5,15.0,54,0,,,,,True
injected,0.5,15.0,55,30,0.0018595829606056213,3.0,22.0,6.0,True
injected,0.5,15.0,55,60,0.00845026969909668,3.0,17.0,5.0,True
injected,0.5,15.0,55,120,0.00845026969909668,4.0,17.0,5.0,True
injected_any,0.5,15.0,55,0,,,,,True
injected,0.5,15.0,56,30,0.0016634464263916016,4.0,24.0,7.0,True
injected,0.5,15.0,56,60,0.0046776533126831055,4.0,20.0,6.0,True
injected,0.5,15.0,56,120,0.005311012268066406,4.0,18.0,5.0,True
injected_any,0.5,15.0,56,0,,,,,True
injected,0.5,15.0,57,30,0.00045611709356307983,4.0,23.0,5.0,True
injected,0.5,15.0,57,60,0.0004277229309082031,4.0,19.0,3.0,True
injected,0.5,15.0,57,120,0.0007448196411132812,4.0,18.0,3.0,True
injected_any,0.5,15.0,57,0,,,,,True
injected,0.5,15.0,58,30,0.0010512007866054773,4.0,25.0,7.0,True
injected,0.5,15.0,58,60,0.0020386576652526855,4.0,20.0,5.0,True
injected,0.5,15.0,58,120,0.002171754837036133,4.0,18.0,4.0,True
injected_any,0.5,15.0,58,0,,,,,True
injected,0.5,15.0,59,30,0.003305375576019287,3.0,19.0,5.0,True
injected,0.5,15.0,59,60,0.0022125244140625,3.0,16.0,3.0,True
injected,0.5,15.0,59,120,0.0037689208984375,3.0,15.0,3.0,True
injected_any,0.5,15.0,59,0,,,,,True
injected,0.5,15.0,60,30,0.0001553744077682495,4.0,23.0,4.0,True
injected,0.5,15.0,60,60,0.0004277229309082031,4.0,19.0,3.0,True
injected,0.5,15.0,60,120,0.002171754837036133,4.0,18.0,4.0,True
injected_any,0.5,15.0,60,0,,,,,True
injected,0.5,15.0,61,30,0.0001553744077682495,4.0,23.0,4.0,True
injected,0.5,15.0,61,60,0.0004277229309082031,4.0,19.0,3.0,True
injected,0.5,15.0,61,120,0.0007448196411132812,4.0,18.0,3.0,True
injected_any,0.5,15.0,61,0,,,,,True
injected,0.5,15.0,62,30,0.005311012268066406,3.0,18.0,5.0,True
injected,0.5,15.0,62,60,0.0317840576171875,3.0,14.0,5.0,False
injected,0.5,15.0,62,120,0.03917694091796875,3.0,15.0,6.0,False
injected_any,0.5,15.0,62,0,,,,,True
injected,0.5,15.0,63,30,0.000771939754486084,4.0,20.0,4.0,True
injected,0.5,15.0,63,60,0.0012884140014648438,4.0,17.0,3.0,True
injected,0.5,15.0,63,120,0.005908966064453125,4.0,16.0,4.0,True
injected_any,0.5,15.0,63,0,,,,,True
injected,0.5,15.0,64,30,0.0020386576652526855,4.0,20.0,5.0,True
injected,0.5,15.0,64,60,0.0037689208984375,4.0,15.0,3.0,True
injected,0.5,15.0,64,120,0.01544189453125,4.0,14.0,4.0,True
injected_any,0.5,15.0,64,0,,,,,True
injected,0.5,15.0,65,30,0.0046776533126831055,3.0,20.0,6.0,True
injected,0.5,15.0,65,60,0.00845026969909668,4.0,17.0,5.0,True
injected,0.5,15.0,65,120,0.005908966064453125,4.0,16.0,4.0,True
injected_any,0.5,15.0,65,0,,,,,True
injected,0.5,15.0,66,30,0.0004552602767944336,4.0,21.0,4.0,True
injected,0.5,15.0,66,60,0.001299738883972168,4.0,19.0,4.0,True
injected,0.5,15.0,66,120,0.005311012268066406,4.0,18.0,5.0,True
injected_any,0.5,15.0,66,0,,,,,True
injected,0.5,15.0,67,30,0.0012469589710235596,3.0,21.0,5.0,True
injected,0.5,15.0,67,60,0.003305375576019287,3.0,19.0,5.0,True
injected,0.5,15.0,67,120,0.00845026969909668,3.0,17.0,5.0,True
injected_any,0.5,15.0,67,0,,,,,True
injected,0.5,15.0,68,30,0.0020386576652526855,3.0,20.0,5.0,True
injected,0.5,15.0,68,60,0.0022125244140625,3.0,16.0,3.0,True
injected,0.5,15.0,68,120,0.0037689208984375,3.0,15.0,3.0,True
injected_any,0.5,15.0,68,0,,,,,True
injected,0.5,15.0,69,30,0.0011578500270843506,4.0,23.0,6.0,True
injected,0.5,15.0,69,60,0.0020386576652526855,4.0,20.0,5.0,True
injected,0.5,15.0,69,120,0.007316648960113525,4.0,19.0,6.0,True
injected_any,0.5,15.0,69,0,,,,,True
injected,0.5,15.0,70,30,0.0007568597793579102,3.0,22.0,5.0,True
injected,0.5,15.0,70,60,0.0035986900329589844,3.0,17.0,4.0,True
injected,0.5,15.0,70,120,0.005908966064453125,3.0,16.0,4.0,True
injected_any,0.5,15.0,70,0,,,,,True
injected,0.5,15.0,71,30,0.005311012268066406,4.0,18.0,5.0,True
injected,0.5,15.0,71,60,0.013301849365234375,4.0,16.0,5.0,True
injected,0.5,15.0,71,120,0.013301849365234375,4.0,16.0,5.0,True
injected_any,0.5,15.0,71,0,,,,,True
injected,0.5,15.0,72,30,0.002171754837036133,3.0,18.0,4.0,True
injected,0.5,15.0,72,60,0.00960540771484375,3.0,15.0,4.0,True
injected,0.5,15.0,72,120,0.00960540771484375,3.0,15.0,4.0,True
injected_any,0.5,15.0,72,0,,,,,True
injected,0.5,15.0,73,30,0.00045611709356307983,3.0,23.0,5.0,True
injected,0.5,15.0,73,60,0.003305375576019287,3.0,19.0,5.0,True
injected,0.5,15.0,73,120,0.005311012268066406,4.0,18.0,5.0,True
injected_any,0.5,15.0,73,0,,,,,True
injected,0.5,15.0,74,30,0.011327922344207764,2.0,18.0,6.0,False
injected,0.5,15.0,74,60,0.020694732666015625,3.0,15.0,5.0,False
injected,0.5,15.0,74,120,0.00960540771484375,4.0,15.0,4.0,True
injected_any,0.5,15.0,74,0,,,,,True
injected,0.5,15.0,75,30,0.001299738883972168,3.0,19.0,4.0,True
injected,0.5,15.0,75,60,0.0035986900329589844,3.0,17.0,4.0,True
injected,0.5,15.0,75,120,0.0035986900329589844,3.0,17.0,4.0,True
injected_any,0.5,15.0,75,0,,,,,True
injected,0.5,15.0,76,30,0.005311012268066406,4.0,18.0,5.0,True
injected,0.5,15.0,76,60,0.01734483242034912,4.0,17.0,6.0,False
injected,0.5,15.0,76,120,0.04656982421875,4.0,16.0,7.0,False
injected_any,0.5,15.0,76,0,,,,,True
injected,0.5,15.0,77,30,0.00026676058769226074,4.0,22.0,4.0,True
injected,0.5,15.0,77,60,0.0007448196411132812,4.0,18.0,3.0,True
injected,0.5,15.0,77,120,0.0022125244140625,4.0,16.0,3.0,True
injected_any,0.5,15.0,77,0,,,,,True
injected,0.5,15.0,78,30,0.0007568597793579102,3.0,22.0,5.0,True
injected,0.5,15.0,78,60,0.003305375576019287,3.0,19.0,5.0,True
injected,0.5,15.0,78,120,0.005311012268066406,4.0,18.0,5.0,True
injected_any,0.5,15.0,78,0,,,,,True
injected,0.5,15.0,79,30,0.0007154531776905061,4.0,24.0,6.0,True
injected,0.5,15.0,79,60,0.003305375576019287,4.0,19.0,5.0,True
injected,0.5,15.0,79,120,0.0035986900329589844,4.0,17.0,4.0,True
injected_any,0.5,15.0,79,0,,,,,True
injected,0.5,15.0,80,30,0.000771939754486084,3.0,20.0,4.0,True
injected,0.5,15.0,80,60,0.0035986900329589844,3.0,17.0,4.0,True
injected,0.5,15.0,80,120,0.00960540771484375,3.0,15.0,4.0,True
injected_any,0.5,15.0,80,0,,,,,True
injected,0.5,15.0,81,30,0.001299738883972168,3.0,19.0,4.0,True
injected,0.5,15.0,81,60,0.005908966064453125,3.0,16.0,4.0,True
injected,0.5,15.0,81,120,0.00960540771484375,4.0,15.0,4.0,True
injected_any,0.5,15.0,81,0,,,,,True
injected,0.5,15.0,82,30,0.007316648960113525,3.0,19.0,6.0,True
injected,0.5,15.0,82,60,0.020694732666015625,3.0,15.0,5.0,False
injected,0.5,15.0,82,120,0.026239395141601562,3.0,16.0,6.0,False
injected_any,0.5,15.0,82,0,,,,,True
injected,0.5,15.0,83,30,0.0011578500270843506,4.0,23.0,6.0,True
injected,0.5,15.0,83,60,0.005311012268066406,4.0,18.0,5.0,True
injected,0.5,15.0,83,120,0.013301849365234375,4.0,16.0,5.0,True
injected_any,0.5,15.0,83,0,,,,,True
injected,0.5,15.0,84,30,0.0018595829606056213,4.0,22.0,6.0,True
injected,0.5,15.0,84,60,0.00845026969909668,4.0,17.0,5.0,True
injected,0.5,15.0,84,120,0.01734483242034912,4.0,17.0,6.0,False
injected_any,0.5,15.0,84,0,,,,,True
injected,0.5,15.0,85,30,0.000771939754486084,3.0,20.0,4.0,True
injected,0.5,15.0,85,60,0.0037689208984375,3.0,15.0,3.0,True
injected,0.5,15.0,85,120,0.005908966064453125,4.0,16.0,4.0,True
injected_any,0.5,15.0,85,0,,,,,True
injected,0.5,15.0,86,30,0.0012469589710235596,4.0,21.0,5.0,True
injected,0.5,15.0,86,60,0.002171754837036133,4.0,18.0,4.0,True
injected,0.5,15.0,86,120,0.00845026969909668,4.0,17.0,5.0,True
injected_any,0.5,15.0,86,0,,,,,True
injected,0.5,15.0,87,30,0.00026676058769226074,4.0,22.0,4.0,True
injected,0.5,15.0,87,60,0.0007448196411132812,4.0,18.0,3.0,True
injected,0.5,15.0,87,120,0.002171754837036133,4.0,18.0,4.0,True
injected_any,0.5,15.0,87,0,,,,,True
injected,0.5,15.0,88,30,0.00045611709356307983,4.0,23.0,5.0,True
injected,0.5,15.0,88,60,0.0020386576652526855,4.0,20.0,5.0,True
injected,0.5,15.0,88,120,0.005311012268066406,4.0,18.0,5.0,True
injected_any,0.5,15.0,88,0,,,,,True
injected,0.5,15.0,89,30,0.0018595829606056213,3.0,22.0,6.0,True
injected,0.5,15.0,89,60,0.011327922344207764,3.0,18.0,6.0,True
injected,0.5,15.0,89,120,0.00845026969909668,4.0,17.0,5.0,True
injected_any,0.5,15.0,89,0,,,,,True
injected,0.5,15.0,90,30,0.0012469589710235596,4.0,21.0,5.0,True
injected,0.5,15.0,90,60,0.0012884140014648438,4.0,17.0,3.0,True
injected,0.5,15.0,90,120,0.0012884140014648438,4.0,17.0,3.0,True
injected_any,0.5,15.0,90,0,,,,,True
injected,0.5,15.0,91,30,0.0020386576652526855,3.0,20.0,5.0,True
injected,0.5,15.0,91,60,0.0022125244140625,3.0,16.0,3.0,True
injected,0.5,15.0,91,120,0.0037689208984375,3.0,15.0,3.0,True
injected_any,0.5,15.0,91,0,,,,,True
injected,0.5,15.0,92,30,0.0007568597793579102,4.0,22.0,5.0,True
injected,0.5,15.0,92,60,0.0035986900329589844,4.0,17.0,4.0,True
injected,0.5,15.0,92,120,0.005908966064453125,4.0,16.0,4.0,True
injected_any,0.5,15.0,92,0,,,,,True
injected,0.5,15.0,93,30,0.0020386576652526855,3.0,20.0,5.0,True
injected,0.5,15.0,93,60,0.013301849365234375,3.0,16.0,5.0,True
injected,0.5,15.0,93,120,0.01734483242034912,4.0,17.0,6.0,False
injected_any,0.5,15.0,93,0,,,,,True
injected,0.5,15.0,94,30,0.000771939754486084,3.0,20.0,4.0,True
injected,0.5,15.0,94,60,0.0012884140014648438,3.0,17.0,3.0,True
injected,0.5,15.0,94,120,0.0022125244140625,3.0,16.0,3.0,True
injected_any,0.5,15.0,94,0,,,,,True
injected,0.5,15.0,95,30,0.003305375576019287,3.0,19.0,5.0,True
injected,0.5,15.0,95,60,0.013301849365234375,3.0,16.0,5.0,True
injected,0.5,15.0,95,120,0.013301849365234375,3.0,16.0,5.0,True
injected_any,0.5,15.0,95,0,,,,,True
injected,0.5,15.0,96,30,0.0026114396750926976,4.0,23.0,7.0,True
injected,0.5,15.0,96,60,0.003305375576019287,4.0,19.0,5.0,True
injected,0.5,15.0,96,120,0.0035986900329589844,4.0,17.0,4.0,True
injected_any,0.5,15.0,96,0,,,,,True
injected,0.5,15.0,97,30,0.0046776533126831055,4.0,20.0,6.0,True
injected,0.5,15.0,97,60,0.01734483242034912,4.0,17.0,6.0,False
injected,0.5,15.0,97,120,0.01734483242034912,4.0,17.0,6.0,False
injected_any,0.5,15.0,97,0,,,,,True
injected,0.5,15.0,98,30,0.0007568597793579102,4.0,22.0,5.0,True
injected,0.5,15.0,98,60,0.000771939754486084,4.0,20.0,4.0,True
injected,0.5,15.0,98,120,0.002171754837036133,4.0,18.0,4.0,True
injected_any,0.5,15.0,98,0,,,,,True
injected,0.5,15.0,99,30,0.0012469589710235596,3.0,21.0,5.0,True
injected,0.5,15.0,99,60,0.005908966064453125,3.0,16.0,4.0,True
injected,0.5,15.0,99,120,0.005908966064453125,3.0,16.0,4.0,True
injected_any,0.5,15.0,99,0,,,,,True
injected,0.5,30.0,0,30,0.0317840576171875,3.0,14.0,5.0,False
injected,0.5,30.0,0,60,0.026239395141601562,3.0,16.0,6.0,False
injected,0.5,30.0,0,120,0.0317840576171875,3.0,14.0,5.0,False
injected_any,0.5,30.0,0,0,,,,,False
injected,0.5,30.0,1,30,0.0717315673828125,4.0,12.0,5.0,False
injected,0.5,30.0,1,60,0.03917694091796875,3.0,15.0,6.0,False
injected,0.5,30.0,1,120,0.057659149169921875,3.0,14.0,6.0,False
injected_any,0.5,30.0,1,0,,,,,False
injected,0.5,30.0,2,30,0.057659149169921875,3.0,14.0,6.0,False
injected,0.5,30.0,2,60,0.04656982421875,3.0,16.0,7.0,False
injected,0.5,30.0,2,120,0.03917694091796875,3.0,15.0,6.0,False
injected_any,0.5,30.0,2,0,,,,,False
injected,0.5,30.0,3,30,0.0717315673828125,3.0,12.0,5.0,False
injected,0.5,30.0,3,60,0.06690025329589844,3.0,15.0,7.0,False
injected,0.5,30.0,3,120,0.10501980781555176,3.0,15.0,8.0,False
injected_any,0.5,30.0,3,0,,,,,False
injected,0.5,30.0,4,30,0.01544189453125,4.0,14.0,4.0,True
injected,0.5,30.0,4,60,0.00960540771484375,3.0,15.0,4.0,True
injected,0.5,30.0,4,120,0.01544189453125,3.0,14.0,4.0,True
injected_any,0.5,30.0,4,0,,,,,True
injected,0.5,30.0,5,30,0.048126220703125,3.0,13.0,5.0,False
injected,0.5,30.0,5,60,0.08353424072265625,2.0,13.0,6.0,False
injected,0.5,30.0,5,120,0.1189422607421875,3.0,12.0,6.0,False
injected_any,0.5,30.0,5,0,,,,,False
injected,0.5,30.0,6,30,0.0717315673828125,2.0,12.0,5.0,False
injected,0.5,30.0,6,60,0.013301849365234375,3.0,16.0,5.0,True
injected,0.5,30.0,6,120,0.01544189453125,3.0,14.0,4.0,True
injected_any,0.5,30.0,6,0,,,,,True
injected,0.5,30.0,7,30,0.1661529541015625,3.0,11.0,6.0,False
injected,0.5,30.0,7,60,0.057659149169921875,2.0,14.0,6.0,False
injected,0.5,30.0,7,120,0.06690025329589844,3.0,15.0,7.0,False
injected_any,0.5,30.0,7,0,,,,,False
injected,0.5,30.0,8,30,0.048126220703125,3.0,13.0,5.0,False
injected,0.5,30.0,8,60,0.01544189453125,3.0,14.0,4.0,True
injected,0.5,30.0,8,120,0.0106353759765625,3.0,13.0,3.0,True
injected_any,0.5,30.0,8,0,,,,,True
injected,0.5,30.0,9,30,0.09462356567382812,3.0,14.0,7.0,False
injected,0.5,30.0,9,60,0.020694732666015625,3.0,15.0,5.0,False
injected,0.5,30.0,9,120,0.01544189453125,3.0,14.0,4.0,True
injected_any,0.5,30.0,9,0,,,,,True
injected,0.5,30.0,10,30,0.048126220703125,4.0,13.0,5.0,False
injected,0.5,30.0,10,60,0.026239395141601562,3.0,16.0,6.0,False
injected,0.5,30.0,10,120,0.057659149169921875,3.0,14.0,6.0,False
injected_any,0.5,30.0,10,0,,,,,False
injected,0.5,30.0,11,30,0.057659149169921875,3.0,14.0,6.0,False
injected,0.5,30.0,11,60,0.057659149169921875,3.0,14.0,6.0,False
injected,0.5,30.0,11,120,0.048126220703125,3.0,13.0,5.0,False
injected_any,0.5,30.0,11,0,,,,,False
injected,0.5,30.0,12,30,0.0384063720703125,4.0,12.0,4.0,False
injected,0.5,30.0,12,60,0.0717315673828125,3.0,12.0,5.0,False
injected,0.5,30.0,12,120,0.1189422607421875,2.0,12.0,6.0,False
injected_any,0.5,30.0,12,0,,,,,False
injected,0.5,30.0,13,30,0.1189422607421875,3.0,12.0,6.0,False
injected,0.5,30.0,13,60,0.03917694091796875,3.0,15.0,6.0,False
injected,0.5,30.0,13,120,0.0317840576171875,3.0,14.0,5.0,False
injected_any,0.5,30.0,13,0,,,,,False
injected,0.5,30.0,14,30,0.0717315673828125,3.0,12.0,5.0,False
injected,0.5,30.0,14,60,0.0022125244140625,3.0,16.0,3.0,True
injected,0.5,30.0,14,120,0.0037689208984375,3.0,15.0,3.0,True
injected_any,0.5,30.0,14,0,,,,,True
injected,0.5,30.0,15,30,0.048126220703125,4.0,13.0,5.0,False
injected,0.5,30.0,15,60,0.00845026969909668,3.0,17.0,5.0,True
injected,0.5,30.0,15,120,0.020694732666015625,3.0,15.0,5.0,False
injected_any,0.5,30.0,15,0,,,,,True
injected,0.5,30.0,16,30,0.0717315673828125,3.0,12.0,5.0,False
injected,0.5,30.0,16,60,0.026239395141601562,3.0,16.0,6.0,False
injected,0.5,30.0,16,120,0.0317840576171875,3.0,14.0,5.0,False
injected_any,0.5,30.0,16,0,,,,,False
injected,0.5,30.0,17,30,0.09462356567382812,3.0,14.0,7.0,False
injected,0.5,30.0,17,60,0.00960540771484375,3.0,15.0,4.0,True
injected,0.5,30.0,17,120,0.0106353759765625,3.0,13.0,3.0,True
injected_any,0.5,30.0,17,0,,,,,True
injected,0.5,30.0,18,30,0.0717315673828125,2.0,12.0,5.0,False
injected,0.5,30.0,18,60,0.0245208740234375,3.0,13.0,4.0,False
injected,0.5,30.0,18,120,0.048126220703125,2.0,13.0,5.0,False
injected_any,0.5,30.0,18,0,,,,,False
injected,0.5,30.0,19,30,0.048126220703125,3.0,13.0,5.0,False
injected,0.5,30.0,19,60,0.0317840576171875,3.0,14.0,5.0,False
injected,0.5,30.0,19,120,0.0245208740234375,3.0,13.0,4.0,False
injected_any,0.5,30.0,19,0,,,,,False
injected,0.5,30.0,20,30,0.08353424072265625,3.0,13.0,6.0,False
injected,0.5,30.0,20,60,0.0245208740234375,3.0,13.0,4.0,False
injected,0.5,30.0,20,120,0.0384063720703125,3.0,12.0,4.0,False
injected_any,0.5,30.0,20,0,,,,,False
injected,0.5,30.0,21,30,0.048126220703125,3.0,13.0,5.0,False
injected,0.5,30.0,21,60,0.00960540771484375,3.0,15.0,4.0,True
injected,0.5,30.0,21,120,0.020694732666015625,3.0,15.0,5.0,False
injected_any,0.5,30.0,21,0,,,,,True
injected,0.5,30.0,22,30,0.0245208740234375,4.0,13.0,4.0,False
injected,0.5,30.0,22,60,0.01544189453125,3.0,14.0,4.0,True
injected,0.5,30.0,22,120,0.0317840576171875,3.0,14.0,5.0,False
injected_any,0.5,30.0,22,0,,,,,True
injected,0.5,30.0,23,30,0.04656982421875,3.0,16.0,7.0,False
injected,0.5,30.0,23,60,0.03195732831954956,3.0,17.0,7.0,False
injected,0.5,30.0,23,120,0.026239395141601562,3.0,16.0,6.0,False
injected_any,0.5,30.0,23,0,,,,,False
injected,0.5,30.0,24,30,0.0717315673828125,4.0,12.0,5.0,False
injected,0.5,30.0,24,60,0.0317840576171875,3.0,14.0,5.0,False
injected,0.5,30.0,24,120,0.0317840576171875,3.0,14.0,5.0,False
injected_any,0.5,30.0,24,0,,,,,False
injected,0.5,30.0,25,30,0.0245208740234375,4.0,13.0,4.0,False
injected,0.5,30.0,25,60,0.020694732666015625,3.0,15.0,5.0,False
injected,0.5,30.0,25,120,0.0317840576171875,3.0,14.0,5.0,False
injected_any,0.5,30.0,25,0,,,,,False
injected,0.5,30.0,26,30,0.0717315673828125,3.0,12.0,5.0,False
injected,0.5,30.0,26,60,0.0022125244140625,3.0,16.0,3.0,True
injected,0.5,30.0,26,120,0.0037689208984375,3.0,15.0,3.0,True
injected_any,0.5,30.0,26,0,,,,,True
injected,0.5,30.0,27,30,0.0317840576171875,4.0,14.0,5.0,False
injected,0.5,30.0,27,60,0.020694732666015625,3.0,15.0,5.0,False
injected,0.5,30.0,27,120,0.048126220703125,3.0,13.0,5.0,False
injected_any,0.5,30.0,27,0,,,,,False
injected,0.5,30.0,28,30,0.08978271484375,3.0,10.0,4.0,False
injected,0.5,30.0,28,60,0.01544189453125,3.0,14.0,4.0,True
injected,0.5,30.0,28,120,0.0317840576171875,3.0,14.0,5.0,False
injected_any,0.5,30.0,28,0,,,,,True
injected,0.5,30.0,29,30,0.08353424072265625,3.0,13.0,6.0,False
injected,0.5,30.0,29,60,0.06690025329589844,3.0,15.0,7.0,False
injected,0.5,30.0,29,120,0.08353424072265625,3.0,13.0,6.0,False
injected_any,0.5,30.0,29,0,,,,,False
injected,0.5,30.0,30,30,0.0317840576171875,3.0,14.0,5.0,False
injected,0.5,30.0,30,60,0.013301849365234375,3.0,16.0,5.0,True
injected,0.5,30.0,30,120,0.01544189453125,3.0,14.0,4.0,True
injected_any,0.5,30.0,30,0,,,,,True
injected,0.5,30.0,31,30,0.1661529541015625,3.0,11.0,6.0,False
injected,0.5,30.0,31,60,0.0317840576171875,3.0,14.0,5.0,False
injected,0.5,30.0,31,120,0.020694732666015625,3.0,15.0,5.0,False
injected_any,0.5,30.0,31,0,,,,,False
injected,0.5,30.0,32,30,0.1189422607421875,3.0,12.0,6.0,False
injected,0.5,30.0,32,60,0.01734483242034912,3.0,17.0,6.0,False
injected,0.5,30.0,32,120,0.03917694091796875,3.0,15.0,6.0,False
injected_any,0.5,30.0,32,0,,,,,False
injected,0.5,30.0,33,30,0.057659149169921875,3.0,14.0,6.0,False
injected,0.5,30.0,33,60,0.00845026969909668,3.0,17.0,5.0,True
injected,0.5,30.0,33,120,0.020694732666015625,3.0,15.0,5.0,False
injected_any,0.5,30.0,33,0,,,,,True
injected,0.5,30.0,34,30,0.08353424072265625,3.0,13.0,6.0,False
injected,0.5,30.0,34,60,0.03917694091796875,3.0,15.0,6.0,False
injected,0.5,30.0,34,120,0.03917694091796875,3.0,15.0,6.0,False
injected_any,0.5,30.0,34,0,,,,,False
injected,0.5,30.0,35,30,0.048126220703125,4.0,13.0,5.0,False
injected,0.5,30.0,35,60,0.00960540771484375,3.0,15.0,4.0,True
injected,0.5,30.0,35,120,0.01544189453125,3.0,14.0,4.0,True
injected_any,0.5,30.0,35,0,,,,,True
injected,0.5,30.0,36,30,0.048126220703125,3.0,13.0,5.0,False
injected,0.5,30.0,36,60,0.013301849365234375,3.0,16.0,5.0,True
injected,0.5,30.0,36,120,0.0317840576171875,3.0,14.0,5.0,False
injected_any,0.5,30.0,36,0,,,,,True
injected,0.5,30.0,37,30,0.05923461914062499,3.0,11.0,4.0,False
injected,0.5,30.0,37,60,0.01544189453125,3.0,14.0,4.0,True
injected,0.5,30.0,37,120,0.01544189453125,3.0,14.0,4.0,True
injected_any,0.5,30.0,37,0,,,,,True
injected,0.5,30.0,38,30,0.048126220703125,4.0,13.0,5.0,False
injected,0.5,30.0,38,60,0.01544189453125,3.0,14.0,4.0,True
injected,0.5,30.0,38,120,0.0245208740234375,3.0,13.0,4.0,False
injected_any,0.5,30.0,38,0,,,,,True
injected,0.5,30.0,39,30,0.048126220703125,3.0,13.0,5.0,False
injected,0.5,30.0,39,60,0.020694732666015625,3.0,15.0,5.0,False
injected,0.5,30.0,39,120,0.020694732666015625,3.0,15.0,5.0,False
injected_any,0.5,30.0,39,0,,,,,False
injected,0.5,30.0,40,30,0.19165515899658203,3.0,13.0,8.0,False
injected,0.5,30.0,40,60,0.04656982421875,3.0,16.0,7.0,False
injected,0.5,30.0,40,120,0.057659149169921875,3.0,14.0,6.0,False
injected_any,0.5,30.0,40,0,,,,,False
injected,0.5,30.0,41,30,0.08978271484375,3.0,10.0,4.0,False
injected,0.5,30.0,41,60,0.048126220703125,2.0,13.0,5.0,False
injected,0.5,30.0,41,120,0.03917694091796875,3.0,15.0,6.0,False
injected_any,0.5,30.0,41,0,,,,,False
injected,0.5,30.0,42,30,0.1189422607421875,2.0,12.0,6.0,False
injected,0.5,30.0,42,60,0.00960540771484375,3.0,15.0,4.0,True
injected,0.5,30.0,42,120,0.0317840576171875,3.0,14.0,5.0,False
injected_any,0.5,30.0,42,0,,,,,True
injected,0.5,30.0,43,30,0.1050567626953125,3.0,11.0,5.0,False
injected,0.5,30.0,43,60,0.08353424072265625,3.0,13.0,6.0,False
injected,0.5,30.0,43,120,0.09462356567382812,3.0,14.0,7.0,False
injected_any,0.5,30.0,43,0,,,,,False
injected,0.5,30.0,44,30,0.0384063720703125,4.0,12.0,4.0,False
injected,0.5,30.0,44,60,0.01544189453125,3.0,14.0,4.0,True
injected,0.5,30.0,44,120,0.0245208740234375,3.0,13.0,4.0,False
injected_any,0.5,30.0,44,0,,,,,True
injected,0.5,30.0,45,30,0.09462356567382812,3.0,14.0,7.0,False
injected,0.5,30.0,45,60,0.06690025329589844,3.0,15.0,7.0,False
injected,0.5,30.0,45,120,0.057659149169921875,3.0,14.0,6.0,False
injected_any,0.5,30.0,45,0,,,,,False
injected,0.5,30.0,46,30,0.1189422607421875,2.0,12.0,6.0,False
injected,0.5,30.0,46,60,0.026239395141601562,3.0,16.0,6.0,False
injected,0.5,30.0,46,120,0.06690025329589844,3.0,15.0,7.0,False
injected_any,0.5,30.0,46,0,,,,,False
injected,0.5,30.0,47,30,0.0384063720703125,4.0,12.0,4.0,False
injected,0.5,30.0,47,60,0.0245208740234375,3.0,13.0,4.0,False
injected,0.5,30.0,47,120,0.05923461914062499,3.0,11.0,4.0,False
injected_any,0.5,30.0,47,0,,,,,False
injected,0.5,30.0,48,30,0.08353424072265625,3.0,13.0,6.0,False
injected,0.5,30.0,48,60,0.03917694091796875,3.0,15.0,6.0,False
injected,0.5,30.0,48,120,0.057659149169921875,3.0,14.0,6.0,False
injected_any,0.5,30.0,48,0,,,,,False
injected,0.5,30.0,49,30,0.0245208740234375,4.0,13.0,4.0,False
injected,0.5,30.0,49,60,0.0037689208984375,3.0,15.0,3.0,True
injected,0.5,30.0,49,120,0.0063629150390625,3.0,14.0,3.0,True
injected_any,0.5,30.0,49,0,,,,,True
injected,0.5,30.0,50,30,0.08353424072265625,3.0,13.0,6.0,False
injected,0.5,30.0,50,60,0.03917694091796875,3.0,15.0,6.0,False
injected,0.5,30.0,50,120,0.0317840576171875,3.0,14.0,5.0,False
injected_any,0.5,30.0,50,0,,,,,False
injected,0.5,30.0,51,30,0.1189422607421875,2.0,12.0,6.0,False
injected,0.5,30.0,51,60,0.09462356567382812,3.0,14.0,7.0,False
injected,0.5,30.0,51,120,0.057659149169921875,3.0,14.0,6.0,False
injected_any,0.5,30.0,51,0,,,,,False
injected,0.5,30.0,52,30,0.1661529541015625,2.0,11.0,6.0,False
injected,0.5,30.0,52,60,0.020694732666015625,3.0,15.0,5.0,False
injected,0.5,30.0,52,120,0.01544189453125,3.0,14.0,4.0,True
injected_any,0.5,30.0,52,0,,,,,True
injected,0.5,30.0,53,30,0.0384063720703125,3.0,12.0,4.0,False
injected,0.5,30.0,53,60,0.048126220703125,3.0,13.0,5.0,False
injected,0.5,30.0,53,120,0.057659149169921875,3.0,14.0,6.0,False
injected_any,0.5,30.0,53,0,,,,,False
injected,0.5,30.0,54,30,0.048126220703125,3.0,13.0,5.0,False
injected,0.5,30.0,54,60,0.19165515899658203,3.0,13.0,8.0,False
injected,0.5,30.0,54,120,0.13158798217773438,3.0,13.0,7.0,False
injected_any,0.5,30.0,54,0,,,,,False
injected,0.5,30.0,55,30,0.0717315673828125,3.0,12.0,5.0,False
injected,0.5,30.0,55,60,0.0063629150390625,3.0,14.0,3.0,True
injected,0.5,30.0,55,120,0.0106353759765625,3.0,13.0,3.0,True
injected_any,0.5,30.0,55,0,,,,,True
injected,0.5,30.0,56,30,0.0717315673828125,4.0,12.0,5.0,False
injected,0.5,30.0,56,60,0.0317840576171875,3.0,14.0,5.0,False
injected,0.5,30.0,56,120,0.08353424072265625,3.0,13.0,6.0,False
injected_any,0.5,30.0,56,0,,,,,False
injected,0.5,30.0,57,30,0.0717315673828125,4.0,12.0,5.0,False
injected,0.5,30.0,57,60,0.00960540771484375,3.0,15.0,4.0,True
injected,0.5,30.0,57,120,0.01544189453125,3.0,14.0,4.0,True
injected_any,0.5,30.0,57,0,,,,,True
injected,0.5,30.0,58,30,0.1189422607421875,4.0,12.0,6.0,False
injected,0.5,30.0,58,60,0.0317840576171875,3.0,14.0,5.0,False
injected,0.5,30.0,58,120,0.048126220703125,3.0,13.0,5.0,False
injected_any,0.5,30.0,58,0,,,,,False
injected,0.5,30.0,59,30,0.048126220703125,4.0,13.0,5.0,False
injected,0.5,30.0,59,60,0.048126220703125,3.0,13.0,5.0,False
injected,0.5,30.0,59,120,0.048126220703125,3.0,13.0,5.0,False
injected_any,0.5,30.0,59,0,,,,,False
injected,0.5,30.0,60,30,0.057659149169921875,3.0,14.0,6.0,False
injected,0.5,30.0,60,60,0.026239395141601562,3.0,16.0,6.0,False
injected,0.5,30.0,60,120,0.0317840576171875,3.0,14.0,5.0,False
injected_any,0.5,30.0,60,0,,,,,False
injected,0.5,30.0,61,30,0.0717315673828125,3.0,12.0,5.0,False
injected,0.5,30.0,61,60,0.026239395141601562,3.0,16.0,6.0,False
injected,0.5,30.0,61,120,0.06690025329589844,3.0,15.0,7.0,False
injected_any,0.5,30.0,61,0,,,,,False
injected,0.5,30.0,62,30,0.0317840576171875,3.0,14.0,5.0,False
injected,0.5,30.0,62,60,0.020694732666015625,3.0,15.0,5.0,False
injected,0.5,30.0,62,120,0.0317840576171875,3.0,14.0,5.0,False
injected_any,0.5,30.0,62,0,,,,,False
injected,0.5,30.0,63,30,0.048126220703125,4.0,13.0,5.0,False
injected,0.5,30.0,63,60,0.013301849365234375,3.0,16.0,5.0,True
injected,0.5,30.0,63,120,0.020694732666015625,3.0,15.0,5.0,False
injected_any,0.5,30.0,63,0,,,,,True
injected,0.5,30.0,64,30,0.08353424072265625,3.0,13.0,6.0,False
injected,0.5,30.0,64,60,0.020694732666015625,3.0,15.0,5.0,False
injected,0.5,30.0,64,120,0.0317840576171875,3.0,14.0,5.0,False
injected_any,0.5,30.0,64,0,,,,,False
injected,0.5,30.0,65,30,0.0384063720703125,3.0,12.0,4.0,False
injected,0.5,30.0,65,60,0.01544189453125,3.0,14.0,4.0,True
injected,0.5,30.0,65,120,0.0317840576171875,3.0,14.0,5.0,False
injected_any,0.5,30.0,65,0,,,,,True
injected,0.5,30.0,66,30,0.05923461914062499,3.0,11.0,4.0,False
injected,0.5,30.0,66,60,0.048126220703125,3.0,13.0,5.0,False
injected,0.5,30.0,66,120,0.1189422607421875,2.0,12.0,6.0,False
injected_any,0.5,30.0,66,0,,,,,False
injected,0.5,30.0,67,30,0.048126220703125,3.0,13.0,5.0,False
injected,0.5,30.0,67,60,0.03917694091796875,3.0,15.0,6.0,False
injected,0.5,30.0,67,120,0.08353424072265625,3.0,13.0,6.0,False
injected_any,0.5,30.0,67,0,,,,,False
injected,0.5,30.0,68,30,0.0317840576171875,4.0,14.0,5.0,False
injected,0.5,30.0,68,60,0.00845026969909668,3.0,17.0,5.0,True
injected,0.5,30.0,68,120,0.020694732666015625,3.0,15.0,5.0,False
injected_any,0.5,30.0,68,0,,,,,True
injected,0.5,30.0,69,30,0.0317840576171875,4.0,14.0,5.0,False
injected,0.5,30.0,69,60,0.005908966064453125,3.0,16.0,4.0,True
injected,0.5,30.0,69,120,0.01544189453125,3.0,14.0,4.0,True
injected_any,0.5,30.0,69,0,,,,,True
injected,0.5,30.0,70,30,0.08353424072265625,3.0,13.0,6.0,False
injected,0.5,30.0,70,60,0.048126220703125,3.0,13.0,5.0,False
injected,0.5,30.0,70,120,0.0384063720703125,3.0,12.0,4.0,False
injected_any,0.5,30.0,70,0,,,,,False
injected,0.5,30.0,71,30,0.0384063720703125,3.0,12.0,4.0,False
injected,0.5,30.0,71,60,0.0317840576171875,3.0,14.0,5.0,False
injected,0.5,30.0,71,120,0.08353424072265625,3.0,13.0,6.0,False
injected_any,0.5,30.0,71,0,,,,,False
injected,0.5,30.0,72,30,0.05923461914062499,3.0,11.0,4.0,False
injected,0.5,30.0,72,60,0.0717315673828125,2.0,12.0,5.0,False
injected,0.5,30.0,72,120,0.057659149169921875,3.0,14.0,6.0,False
injected_any,0.5,30.0,72,0,,,,,False
injected,0.5,30.0,73,30,0.0384063720703125,4.0,12.0,4.0,False
injected,0.5,30.0,73,60,0.00960540771484375,3.0,15.0,4.0,True
injected,0.5,30.0,73,120,0.01544189453125,3.0,14.0,4.0,True
injected_any,0.5,30.0,73,0,,,,,True
injected,0.5,30.0,74,30,0.0245208740234375,4.0,13.0,4.0,False
injected,0.5,30.0,74,60,0.00960540771484375,3.0,15.0,4.0,True
injected,0.5,30.0,74,120,0.0245208740234375,3.0,13.0,4.0,False
injected_any,0.5,30.0,74,0,,,,,True
injected,0.5,30.0,75,30,0.048126220703125,3.0,13.0,5.0,False
injected,0.5,30.0,75,60,0.020694732666015625,3.0,15.0,5.0,False
injected,0.5,30.0,75,120,0.048126220703125,3.0,13.0,5.0,False
injected_any,0.5,30.0,75,0,,,,,False
injected,0.5,30.0,76,30,0.08978271484375,3.0,10.0,4.0,False
injected,0.5,30.0,76,60,0.13158798217773438,3.0,13.0,7.0,False
injected,0.5,30.0,76,120,0.19165515899658203,3.0,13.0,8.0,False
injected_any,0.5,30.0,76,0,,,,,False
injected,0.5,30.0,77,30,0.0717315673828125,2.0,12.0,5.0,False
injected,0.5,30.0,77,60,0.0022125244140625,3.0,16.0,3.0,True
injected,0.5,30.0,77,120,0.0063629150390625,3.0,14.0,3.0,True
injected_any,0.5,30.0,77,0,,,,,True
injected,0.5,30.0,78,30,0.08353424072265625,3.0,13.0,6.0,False
injected,0.5,30.0,78,60,0.03917694091796875,3.0,15.0,6.0,False
injected,0.5,30.0,78,120,0.057659149169921875,3.0,14.0,6.0,False
injected_any,0.5,30.0,78,0,,,,,False
injected,0.5,30.0,79,30,0.05923461914062499,3.0,11.0,4.0,False
injected,0.5,30.0,79,60,0.01544189453125,3.0,14.0,4.0,True
injected,0.5,30.0,79,120,0.0317840576171875,3.0,14.0,5.0,False
injected_any,0.5,30.0,79,0,,,,,True
injected,0.5,30.0,80,30,0.01544189453125,4.0,14.0,4.0,True
injected,0.5,30.0,80,60,0.026239395141601562,3.0,16.0,6.0,False
injected,0.5,30.0,80,120,0.057659149169921875,3.0,14.0,6.0,False
injected_any,0.5,30.0,80,0,,,,,True
injected,0.5,30.0,81,30,0.0245208740234375,4.0,13.0,4.0,False
injected,0.5,30.0,81,60,0.00960540771484375,3.0,15.0,4.0,True
injected,0.5,30.0,81,120,0.01544189453125,3.0,14.0,4.0,True
injected_any,0.5,30.0,81,0,,,,,True
injected,0.5,30.0,82,30,0.06690025329589844,4.0,15.0,7.0,False
injected,0.5,30.0,82,60,0.026239395141601562,3.0,16.0,6.0,False
injected,0.5,30.0,82,120,0.03917694091796875,3.0,15.0,6.0,False
injected_any,0.5,30.0,82,0,,,,,False
injected,0.5,30.0,83,30,0.057659149169921875,3.0,14.0,6.0,False
injected,0.5,30.0,83,60,0.00960540771484375,3.0,15.0,4.0,True
injected,0.5,30.0,83,120,0.0245208740234375,3.0,13.0,4.0,False
injected_any,0.5,30.0,83,0,,,,,True
injected,0.5,30.0,84,30,0.0245208740234375,4.0,13.0,4.0,False
injected,0.5,30.0,84,60,0.00960540771484375,3.0,15.0,4.0,True
injected,0.5,30.0,84,120,0.020694732666015625,3.0,15.0,5.0,False
injected_any,0.5,30.0,84,0,,,,,True
injected,0.5,30.0,85,30,0.13158798217773438,3.0,13.0,7.0,False
injected,0.5,30.0,85,60,0.048126220703125,3.0,13.0,5.0,False
injected,0.5,30.0,85,120,0.0245208740234375,3.0,13.0,4.0,False
injected_any,0.5,30.0,85,0,,,,,False
injected,0.5,30.0,86,30,0.048126220703125,3.0,13.0,5.0,False
injected,0.5,30.0,86,60,0.0037689208984375,3.0,15.0,3.0,True
injected,0.5,30.0,86,120,0.0063629150390625,3.0,14.0,3.0,True
injected_any,0.5,30.0,86,0,,,,,True
injected,0.5,30.0,87,30,0.048126220703125,3.0,13.0,5.0,False
injected,0.5,30.0,87,60,0.026239395141601562,3.0,16.0,6.0,False
injected,0.5,30.0,87,120,0.020694732666015625,3.0,15.0,5.0,False
injected_any,0.5,30.0,87,0,,,,,False
injected,0.5,30.0,88,30,0.1189422607421875,3.0,12.0,6.0,False
injected,0.5,30.0,88,60,0.01734483242034912,3.0,17.0,6.0,False
injected,0.5,30.0,88,120,0.026239395141601562,3.0,16.0,6.0,False
injected_any,0.5,30.0,88,0,,,,,False
injected,0.5,30.0,89,30,0.048126220703125,3.0,13.0,5.0,False
injected,0.5,30.0,89,60,0.00845026969909668,3.0,17.0,5.0,True
injected,0.5,30.0,89,120,0.020694732666015625,3.0,15.0,5.0,False
injected_any,0.5,30.0,89,0,,,,,True
injected,0.5,30.0,90,30,0.1189422607421875,2.0,12.0,6.0,False
injected,0.5,30.0,90,60,0.020694732666015625,3.0,15.0,5.0,False
injected,0.5,30.0,90,120,0.00960540771484375,3.0,15.0,4.0,True
injected_any,0.5,30.0,90,0,,,,,True
injected,0.5,30.0,91,30,0.08353424072265625,4.0,13.0,6.0,False
injected,0.5,30.0,91,60,0.013301849365234375,3.0,16.0,5.0,True
injected,0.5,30.0,91,120,0.0317840576171875,3.0,14.0,5.0,False
injected_any,0.5,30.0,91,0,,,,,True
injected,0.5,30.0,92,30,0.048126220703125,3.0,13.0,5.0,False
injected,0.5,30.0,92,60,0.020694732666015625,3.0,15.0,5.0,False
injected,0.5,30.0,92,120,0.0317840576171875,3.0,14.0,5.0,False
injected_any,0.5,30.0,92,0,,,,,False
injected,0.5,30.0,93,30,0.0717315673828125,3.0,12.0,5.0,False
injected,0.5,30.0,93,60,0.057659149169921875,3.0,14.0,6.0,False
injected,0.5,30.0,93,120,0.09462356567382812,3.0,14.0,7.0,False
injected_any,0.5,30.0,93,0,,,,,False
injected,0.5,30.0,94,30,0.1050567626953125,2.0,11.0,5.0,False
injected,0.5,30.0,94,60,0.017578125,3.0,12.0,3.0,False
injected,0.5,30.0,94,120,0.0106353759765625,3.0,13.0,3.0,True
injected_any,0.5,30.0,94,0,,,,,True
injected,0.5,30.0,95,30,0.048126220703125,3.0,13.0,5.0,False
injected,0.5,30.0,95,60,0.0245208740234375,3.0,13.0,4.0,False
injected,0.5,30.0,95,120,0.0245208740234375,3.0,13.0,4.0,False
injected_any,0.5,30.0,95,0,,,,,False
injected,0.5,30.0,96,30,0.0717315673828125,3.0,12.0,5.0,False
injected,0.5,30.0,96,60,0.013301849365234375,3.0,16.0,5.0,True
injected,0.5,30.0,96,120,0.03917694091796875,3.0,15.0,6.0,False
injected_any,0.5,30.0,96,0,,,,,True
injected,0.5,30.0,97,30,0.0384063720703125,3.0,12.0,4.0,False
injected,0.5,30.0,97,60,0.0317840576171875,3.0,14.0,5.0,False
injected,0.5,30.0,97,120,0.048126220703125,2.0,13.0,5.0,False
injected_any,0.5,30.0,97,0,,,,,False
injected,0.5,30.0,98,30,0.03917694091796875,3.0,15.0,6.0,False
injected,0.5,30.0,98,60,0.00845026969909668,4.0,17.0,5.0,True
injected,0.5,30.0,98,120,0.01734483242034912,3.0,17.0,6.0,False
injected_any,0.5,30.0,98,0,,,,,True
injected,0.5,30.0,99,30,0.13158798217773438,3.0,13.0,7.0,False
injected,0.5,30.0,99,60,0.03917694091796875,3.0,15.0,6.0,False
injected,0.5,30.0,99,120,0.048126220703125,3.0,13.0,5.0,False
injected_any,0.5,30.0,99,0,,,,,False
injected,0.5,60.0,0,30,0.5,2.0,9.0,8.0,False
injected,0.5,60.0,0,60,0.19165515899658203,3.0,13.0,8.0,False
injected,0.5,60.0,0,120,0.0245208740234375,4.0,13.0,4.0,False
injected_any,0.5,60.0,0,0,,,,,False
injected,0.5,60.0,1,30,0.5,2.0,9.0,8.0,False
injected,0.5,60.0,1,60,0.2403411865234375,3.0,11.0,7.0,False
injected,0.5,60.0,1,120,0.1661529541015625,2.0,11.0,6.0,False
injected_any,0.5,60.0,1,0,,,,,False
injected,0.5,60.0,2,30,0.5,2.0,9.0,8.0,False
injected,0.5,60.0,2,60,0.19165515899658203,2.0,13.0,8.0,False
injected,0.5,60.0,2,120,0.020694732666015625,4.0,15.0,5.0,False
injected_any,0.5,60.0,2,0,,,,,False
injected,0.5,60.0,3,30,0.5,2.0,9.0,8.0,False
injected,0.5,60.0,3,60,0.2403411865234375,2.0,11.0,7.0,False
injected,0.5,60.0,3,120,0.057659149169921875,4.0,14.0,6.0,False
injected_any,0.5,60.0,3,0,,,,,False
injected,0.5,60.0,4,30,0.5,2.0,9.0,8.0,False
injected,0.5,60.0,4,60,0.2403411865234375,2.0,11.0,7.0,False
injected,0.5,60.0,4,120,0.15087890624999997,3.0,10.0,5.0,False
injected_any,0.5,60.0,4,0,,,,,False
injected,0.5,60.0,5,30,0.5,2.0,9.0,8.0,False
injected,0.5,60.0,5,60,0.1796417236328125,3.0,12.0,7.0,False
injected,0.5,60.0,5,120,0.05923461914062499,3.0,11.0,4.0,False
injected_any,0.5,60.0,5,0,,,,,False
injected,0.5,60.0,6,30,0.5,2.0,9.0,8.0,False
injected,0.5,60.0,6,60,0.2517223358154297,3.0,12.0,8.0,False
injected,0.5,60.0,6,120,0.01544189453125,4.0,14.0,4.0,True
injected_any,0.5,60.0,6,0,,,,,True
injected,0.5,60.0,7,30,0.5,2.0,9.0,8.0,False
injected,0.5,60.0,7,60,0.3145294189453125,2.0,10.0,7.0,False
injected,0.5,60.0,7,120,0.08353424072265625,3.0,13.0,6.0,False
injected_any,0.5,60.0,7,0,,,,,False
injected,0.5,60.0,8,30,0.5,2.0,9.0,8.0,False
injected,0.5,60.0,8,60,0.40726470947265625,1.0,10.0,8.0,False
injected,0.5,60.0,8,120,0.0245208740234375,4.0,13.0,4.0,False
injected_any,0.5,60.0,8,0,,,,,False
injected,0.5,60.0,9,30,0.5,2.0,9.0,8.0,False
injected,0.5,60.0,9,60,0.19165515899658203,2.0,13.0,8.0,False
injected,0.5,60.0,9,120,0.03917694091796875,4.0,15.0,6.0,False
injected_any,0.5,60.0,9,0,,,,,False
injected,0.5,60.0,10,30,0.5,2.0,9.0,8.0,False
injected,0.5,60.0,10,60,0.1796417236328125,3.0,12.0,7.0,False
injected,0.5,60.0,10,120,0.0317840576171875,4.0,14.0,5.0,False
injected_any,0.5,60.0,10,0,,,,,False
injected,0.5,60.0,11,30,0.5,2.0,9.0,8.0,False
injected,0.5,60.0,11,60,0.40726470947265625,2.0,10.0,8.0,False
injected,0.5,60.0,11,120,0.05923461914062499,3.0,11.0,4.0,False
injected_any,0.5,60.0,11,0,,,,,False
injected,0.5,60.0,12,30,0.5,2.0,9.0,8.0,False
injected,0.5,60.0,12,60,0.13158798217773438,3.0,13.0,7.0,False
injected,0.5,60.0,12,120,0.0717315673828125,2.0,12.0,5.0,False
injected_any,0.5,60.0,12,0,,,,,False
injected,0.5,60.0,13,30,0.5,2.0,9.0,8.0,False
injected,0.5,60.0,13,60,0.19165515899658203,3.0,13.0,8.0,False
injected,0.5,60.0,13,120,0.01544189453125,4.0,14.0,4.0,True
injected_any,0.5,60.0,13,0,,,,,True
injected,0.5,60.0,14,30,0.5,2.0,9.0,8.0,False
injected,0.5,60.0,14,60,0.1796417236328125,3.0,12.0,7.0,False
injected,0.5,60.0,14,120,0.017578125,4.0,12.0,3.0,False
injected_any,0.5,60.0,14,0,,,,,False
injected,0.5,60.0,15,30,0.5,2.0,9.0,8.0,False
injected,0.5,60.0,15,60,0.2403411865234375,3.0,11.0,7.0,False
injected,0.5,60.0,15,120,0.017578125,3.0,12.0,3.0,False
injected_any,0.5,60.0,15,0,,,,,False
injected,0.5,60.0,16,30,0.5,2.0,9.0,8.0,False
injected,0.5,60.0,16,60,0.2517223358154297,3.0,12.0,8.0,False
injected,0.5,60.0,16,120,0.0317840576171875,4.0,14.0,5.0,False
injected_any,0.5,60.0,16,0,,,,,False
injected,0.5,60.0,17,30,0.5,2.0,9.0,8.0,False
injected,0.5,60.0,17,60,0.2517223358154297,3.0,12.0,8.0,False
injected,0.5,60.0,17,120,0.0106353759765625,4.0,13.0,3.0,True
injected_any,0.5,60.0,17,0,,,,,True
injected,0.5,60.0,18,30,0.5,2.0,9.0,8.0,False
injected,0.5,60.0,18,60,0.1796417236328125,2.0,12.0,7.0,False
injected,0.5,60.0,18,120,0.0245208740234375,4.0,13.0,4.0,False
injected_any,0.5,60.0,18,0,,,,,False
injected,0.5,60.0,19,30,0.5,2.0,9.0,8.0,False
injected,0.5,60.0,19,60,0.19165515899658203,3.0,13.0,8.0,False
injected,0.5,60.0,19,120,0.0106353759765625,4.0,13.0,3.0,True
injected_any,0.5,60.0,19,0,,,,,True
injected,0.5,60.0,20,30,0.5,2.0,9.0,8.0,False
injected,0.5,60.0,20,60,0.1796417236328125,3.0,12.0,7.0,False
injected,0.5,60.0,20,120,0.017578125,4.0,12.0,3.0,False
injected_any,0.5,60.0,20,0,,,,,False
injected,0.5,60.0,21,30,0.5,2.0,9.0,8.0,False
injected,0.5,60.0,21,60,0.3145294189453125,2.0,10.0,7.0,False
injected,0.5,60.0,21,120,0.0384063720703125,2.0,12.0,4.0,False
injected_any,0.5,60.0,21,0,,,,,False
injected,0.5,60.0,22,30,0.5,2.0,9.0,8.0,False
injected,0.5,60.0,22,60,0.2403411865234375,2.0,11.0,7.0,False
injected,0.5,60.0,22,120,0.1050567626953125,1.0,11.0,5.0,False
injected_any,0.5,60.0,22,0,,,,,False
injected,0.5,60.0,23,30,0.5,2.0,9.0,8.0,False
injected,0.5,60.0,23,60,0.3238029479980469,2.0,11.0,8.0,False
injected,0.5,60.0,23,120,0.048126220703125,4.0,13.0,5.0,False
injected_any,0.5,60.0,23,0,,,,,False
injected,0.5,60.0,24,30,0.5,2.0,9.0,8.0,False
injected,0.5,60.0,24,60,0.13158798217773438,3.0,13.0,7.0,False
injected,0.5,60.0,24,120,0.0245208740234375,4.0,13.0,4.0,False
injected_any,0.5,60.0,24,0,,,,,False
injected,0.5,60.0,25,30,0.5,2.0,9.0,8.0,False
injected,0.5,60.0,25,60,0.2403411865234375,2.0,11.0,7.0,False
injected,0.5,60.0,25,120,0.08353424072265625,2.0,13.0,6.0,False
injected_any,0.5,60.0,25,0,,,,,False
injected,0.5,60.0,26,30,0.5,2.0,9.0,8.0,False
injected,0.5,60.0,26,60,0.1796417236328125,3.0,12.0,7.0,False
injected,0.5,60.0,26,120,0.01544189453125,4.0,14.0,4.0,True
injected_any,0.5,60.0,26,0,,,,,True
injected,0.5,60.0,27,30,0.5,2.0,9.0,8.0,False
injected,0.5,60.0,27,60,0.2403411865234375,3.0,11.0,7.0,False
injected,0.5,60.0,27,120,0.08978271484375,3.0,10.0,4.0,False
injected_any,0.5,60.0,27,0,,,,,False
injected,0.5,60.0,28,30,0.5,2.0,9.0,8.0,False
injected,0.5,60.0,28,60,0.2403411865234375,2.0,11.0,7.0,False
injected,0.5,60.0,28,120,0.01544189453125,4.0,14.0,4.0,True
injected_any,0.5,60.0,28,0,,,,,True
injected,0.5,60.0,29,30,0.5,2.0,9.0,8.0,False
injected,0.5,60.0,29,60,0.2517223358154297,3.0,12.0,8.0,False
injected,0.5,60.0,29,120,0.1189422607421875,3.0,12.0,6.0,False
injected_any,0.5,60.0,29,0,,,,,False
injected,0.5,60.0,30,30,0.5,2.0,9.0,8.0,False
injected,0.5,60.0,30,60,0.40726470947265625,2.0,10.0,8.0,False
injected,0.5,60.0,30,120,0.017578125,3.0,12.0,3.0,False
injected_any,0.5,60.0,30,0,,,,,False
injected,0.5,60.0,31,30,0.5,2.0,9.0,8.0,False
injected,0.5,60.0,31,60,0.2517223358154297,2.0,12.0,8.0,False
injected,0.5,60.0,31,120,0.0717315673828125,3.0,12.0,5.0,False
injected_any,0.5,60.0,31,0,,,,,False
injected,0.5,60.0,32,30,0.5,2.0,9.0,8.0,False
injected,0.5,60.0,32,60,0.2403411865234375,3.0,11.0,7.0,False
injected,0.5,60.0,32,120,0.0245208740234375,3.0,13.0,4.0,False
injected_any,0.5,60.0,32,0,,,,,False
injected,0.5,60.0,33,30,0.5,2.0,9.0,8.0,False
injected,0.5,60.0,33,60,0.1796417236328125,3.0,12.0,7.0,False
injected,0.5,60.0,33,120,0.0384063720703125,3.0,12.0,4.0,False
injected_any,0.5,60.0,33,0,,,,,False
injected,0.5,60.0,34,30,0.5,2.0,9.0,8.0,False
injected,0.5,60.0,34,60,0.2517223358154297,2.0,12.0,8.0,False
injected,0.5,60.0,34,120,0.0384063720703125,3.0,12.0,4.0,False
injected_any,0.5,60.0,34,0,,,,,False
injected,0.5,60.0,35,30,0.5,2.0,9.0,8.0,False
injected,0.5,60.0,35,60,0.13158798217773438,3.0,13.0,7.0,False
injected,0.5,60.0,35,120,0.048126220703125,3.0,13.0,5.0,False
injected_any,0.5,60.0,35,0,,,,,False
injected,0.5,60.0,36,30,0.5,2.0,9.0,8.0,False
injected,0.5,60.0,36,60,0.13158798217773438,3.0,13.0,7.0,False
injected,0.5,60.0,36,120,0.0245208740234375,3.0,13.0,4.0,False
injected_any,0.5,60.0,36,0,,,,,False
injected,0.5,60.0,37,30,0.5,2.0,9.0,8.0,False
injected,0.5,60.0,37,60,0.13158798217773438,3.0,13.0,7.0,False
injected,0.5,60.0,37,120,0.01544189453125,4.0,14.0,4.0,True
injected_any,0.5,60.0,37,0,,,,,True
injected,0.5,60.0,38,30,0.5,2.0,9.0,8.0,False
injected,0.5,60.0,38,60,0.2403411865234375,3.0,11.0,7.0,False
injected,0.5,60.0,38,120,0.0717315673828125,3.0,12.0,5.0,False
injected_any,0.5,60.0,38,0,,,,,False
injected,0.5,60.0,39,30,0.5,2.0,9.0,8.0,False
injected,0.5,60.0,39,60,0.2403411865234375,2.0,11.0,7.0,False
injected,0.5,60.0,39,120,0.020694732666015625,4.0,15.0,5.0,False
injected_any,0.5,60.0,39,0,,,,,False
injected,0.5,60.0,40,30,0.5,2.0,9.0,8.0,False
injected,0.5,60.0,40,60,0.2517223358154297,3.0,12.0,8.0,False
injected,0.5,60.0,40,120,0.0317840576171875,3.0,14.0,5.0,False
injected_any,0.5,60.0,40,0,,,,,False
injected,0.5,60.0,41,30,0.5,2.0,9.0,8.0,False
injected,0.5,60.0,41,60,0.1796417236328125,2.0,12.0,7.0,False
injected,0.5,60.0,41,120,0.01544189453125,4.0,14.0,4.0,True
injected_any,0.5,60.0,41,0,,,,,True
injected,0.5,60.0,42,30,0.5,2.0,9.0,8.0,False
injected,0.5,60.0,42,60,0.1796417236328125,3.0,12.0,7.0,False
injected,0.5,60.0,42,120,0.1661529541015625,3.0,11.0,6.0,False
injected_any,0.5,60.0,42,0,,,,,False
injected,0.5,60.0,43,30,0.5,2.0,9.0,8.0,False
injected,0.5,60.0,43,60,0.1796417236328125,3.0,12.0,7.0,False
injected,0.5,60.0,43,120,0.048126220703125,3.0,13.0,5.0,False
injected_any,0.5,60.0,43,0,,,,,False
injected,0.5,60.0,44,30,0.5,2.0,9.0,8.0,False
injected,0.5,60.0,44,60,0.3145294189453125,2.0,10.0,7.0,False
injected,0.5,60.0,44,120,0.048126220703125,3.0,13.0,5.0,False
injected_any,0.5,60.0,44,0,,,,,False
injected,0.5,60.0,45,30,0.5,2.0,9.0,8.0,False
injected,0.5,60.0,45,60,0.19165515899658203,3.0,13.0,8.0,False
injected,0.5,60.0,45,120,0.057659149169921875,4.0,14.0,6.0,False
injected_any,0.5,60.0,45,0,,,,,False
injected,0.5,60.0,46,30,0.5,2.0,9.0,8.0,False
injected,0.5,60.0,46,60,0.13158798217773438,3.0,13.0,7.0,False
injected,0.5,60.0,46,120,0.0317840576171875,4.0,14.0,5.0,False
injected_any,0.5,60.0,46,0,,,,,False
injected,0.5,60.0,47,30,0.5,2.0,9.0,8.0,False
injected,0.5,60.0,47,60,0.13158798217773438,3.0,13.0,7.0,False
injected,0.5,60.0,47,120,0.0106353759765625,4.0,13.0,3.0,True
injected_any,0.5,60.0,47,0,,,,,True
injected,0.5,60.0,48,30,0.5,2.0,9.0,8.0,False
injected,0.5,60.0,48,60,0.19165515899658203,3.0,13.0,8.0,False
injected,0.5,60.0,48,120,0.0317840576171875,4.0,14.0,5.0,False
injected_any,0.5,60.0,48,0,,,,,False
injected,0.5,60.0,49,30,0.5,2.0,9.0,8.0,False
injected,0.5,60.0,49,60,0.13158798217773438,3.0,13.0,7.0,False
injected,0.5,60.0,49,120,0.01544189453125,4.0,14.0,4.0,True
injected_any,0.5,60.0,49,0,,,,,True
injected,0.5,60.0,50,30,0.5,2.0,9.0,8.0,False
injected,0.5,60.0,50,60,0.19165515899658203,3.0,13.0,8.0,False
injected,0.5,60.0,50,120,0.1050567626953125,3.0,11.0,5.0,False
injected_any,0.5,60.0,50,0,,,,,False
injected,0.5,60.0,51,30,0.5,2.0,9.0,8.0,False
injected,0.5,60.0,51,60,0.19165515899658203,3.0,13.0,8.0,False
injected,0.5,60.0,51,120,0.09462356567382812,4.0,14.0,7.0,False
injected_any,0.5,60.0,51,0,,,,,False
injected,0.5,60.0,52,30,0.5,2.0,9.0,8.0,False
injected,0.5,60.0,52,60,0.2517223358154297,3.0,12.0,8.0,False
injected,0.5,60.0,52,120,0.048126220703125,3.0,13.0,5.0,False
injected_any,0.5,60.0,52,0,,,,,False
injected,0.5,60.0,53,30,0.5,2.0,9.0,8.0,False
injected,0.5,60.0,53,60,0.13158798217773438,3.0,13.0,7.0,False
injected,0.5,60.0,53,120,0.048126220703125,3.0,13.0,5.0,False
injected_any,0.5,60.0,53,0,,,,,False
injected,0.5,60.0,54,30,0.5,2.0,9.0,8.0,False
injected,0.5,60.0,54,60,0.40726470947265625,2.0,10.0,8.0,False
injected,0.5,60.0,54,120,0.21197509765625,2.0,9.0,5.0,False
injected_any,0.5,60.0,54,0,,,,,False
injected,0.5,60.0,55,30,0.5,2.0,9.0,8.0,False
injected,0.5,60.0,55,60,0.1796417236328125,3.0,12.0,7.0,False
injected,0.5,60.0,55,120,0.0245208740234375,3.0,13.0,4.0,False
injected_any,0.5,60.0,55,0,,,,,False
injected,0.5,60.0,56,30,0.5,2.0,9.0,8.0,False
injected,0.5,60.0,56,60,0.13158798217773438,3.0,13.0,7.0,False
injected,0.5,60.0,56,120,0.0717315673828125,4.0,12.0,5.0,False
injected_any,0.5,60.0,56,0,,,,,False
injected,0.5,60.0,57,30,0.5,2.0,9.0,8.0,False
injected,0.5,60.0,57,60,0.1796417236328125,3.0,12.0,7.0,False
injected,0.5,60.0,57,120,0.00960540771484375,4.0,15.0,4.0,True
injected_any,0.5,60.0,57,0,,,,,True
injected,0.5,60.0,58,30,0.5,2.0,9.0,8.0,False
injected,0.5,60.0,58,60,0.1796417236328125,3.0,12.0,7.0,False
injected,0.5,60.0,58,120,0.0717315673828125,3.0,12.0,5.0,False
injected_any,0.5,60.0,58,0,,,,,False
injected,0.5,60.0,59,30,0.5,2.0,9.0,8.0,False
injected,0.5,60.0,59,60,0.13158798217773438,3.0,13.0,7.0,False
injected,0.5,60.0,59,120,0.05923461914062499,3.0,11.0,4.0,False
injected_any,0.5,60.0,59,0,,,,,False
injected,0.5,60.0,60,30,0.5,2.0,9.0,8.0,False
injected,0.5,60.0,60,60,0.19165515899658203,3.0,13.0,8.0,False
injected,0.5,60.0,60,120,0.0106353759765625,4.0,13.0,3.0,True
injected_any,0.5,60.0,60,0,,,,,True
injected,0.5,60.0,61,30,0.5,2.0,9.0,8.0,False
injected,0.5,60.0,61,60,0.2403411865234375,3.0,11.0,7.0,False
injected,0.5,60.0,61,120,0.048126220703125,3.0,13.0,5.0,False
injected_any,0.5,60.0,61,0,,,,,False
injected,0.5,60.0,62,30,0.5,2.0,9.0,8.0,False
injected,0.5,60.0,62,60,0.2403411865234375,2.0,11.0,7.0,False
injected,0.5,60.0,62,120,0.05923461914062499,3.0,11.0,4.0,False
injected_any,0.5,60.0,62,0,,,,,False
injected,0.5,60.0,63,30,0.5,2.0,9.0,8.0,False
injected,0.5,60.0,63,60,0.1796417236328125,3.0,12.0,7.0,False
injected,0.5,60.0,63,120,0.0717315673828125,3.0,12.0,5.0,False
injected_any,0.5,60.0,63,0,,,,,False
injected,0.5,60.0,64,30,0.5,2.0,9.0,8.0,False
injected,0.5,60.0,64,60,0.2403411865234375,3.0,11.0,7.0,False
injected,0.5,60.0,64,120,0.08978271484375,3.0,10.0,4.0,False
injected_any,0.5,60.0,64,0,,,,,False
injected,0.5,60.0,65,30,0.5,2.0,9.0,8.0,False
injected,0.5,60.0,65,60,0.2403411865234375,2.0,11.0,7.0,False
injected,0.5,60.0,65,120,0.048126220703125,3.0,13.0,5.0,False
injected_any,0.5,60.0,65,0,,,,,False
injected,0.5,60.0,66,30,0.5,2.0,9.0,8.0,False
injected,0.5,60.0,66,60,0.13158798217773438,3.0,13.0,7.0,False
injected,0.5,60.0,66,120,0.01544189453125,4.0,14.0,4.0,True
injected_any,0.5,60.0,66,0,,,,,True
injected,0.5,60.0,67,30,0.5,2.0,9.0,8.0,False
injected,0.5,60.0,67,60,0.13158798217773438,3.0,13.0,7.0,False
injected,0.5,60.0,67,120,0.020694732666015625,3.0,15.0,5.0,False
injected_any,0.5,60.0,67,0,,,,,False
injected,0.5,60.0,68,30,0.5,2.0,9.0,8.0,False
injected,0.5,60.0,68,60,0.2403411865234375,2.0,11.0,7.0,False
injected,0.5,60.0,68,120,0.05923461914062499,3.0,11.0,4.0,False
injected_any,0.5,60.0,68,0,,,,,False
injected,0.5,60.0,69,30,0.5,2.0,9.0,8.0,False
injected,0.5,60.0,69,60,0.13158798217773438,3.0,13.0,7.0,False
injected,0.5,60.0,69,120,0.0245208740234375,4.0,13.0,4.0,False
injected_any,0.5,60.0,69,0,,,,,False
injected,0.5,60.0,70,30,0.5,2.0,9.0,8.0,False
injected,0.5,60.0,70,60,0.3238029479980469,3.0,11.0,8.0,False
injected,0.5,60.0,70,120,0.1050567626953125,2.0,11.0,5.0,False
injected_any,0.5,60.0,70,0,,,,,False
injected,0.5,60.0,71,30,0.5,2.0,9.0,8.0,False
injected,0.5,60.0,71,60,0.2403411865234375,3.0,11.0,7.0,False
injected,0.5,60.0,71,120,0.1189422607421875,3.0,12.0,6.0,False
injected_any,0.5,60.0,71,0,,,,,False
injected,0.5,60.0,72,30,0.5,2.0,9.0,8.0,False
injected,0.5,60.0,72,60,0.2403411865234375,2.0,11.0,7.0,False
injected,0.5,60.0,72,120,0.08978271484375,3.0,10.0,4.0,False
injected_any,0.5,60.0,72,0,,,,,False
injected,0.5,60.0,73,30,0.5,2.0,9.0,8.0,False
injected,0.5,60.0,73,60,0.13158798217773438,3.0,13.0,7.0,False
injected,0.5,60.0,73,120,0.08353424072265625,4.0,13.0,6.0,False
injected_any,0.5,60.0,73,0,,,,,False
injected,0.5,60.0,74,30,0.5,2.0,9.0,8.0,False
injected,0.5,60.0,74,60,0.3145294189453125,2.0,10.0,7.0,False
injected,0.5,60.0,74,120,0.05923461914062499,3.0,11.0,4.0,False
injected_any,0.5,60.0,74,0,,,,,False
injected,0.5,60.0,75,30,0.5,2.0,9.0,8.0,False
injected,0.5,60.0,75,60,0.1796417236328125,3.0,12.0,7.0,False
injected,0.5,60.0,75,120,0.0384063720703125,3.0,12.0,4.0,False
injected_any,0.5,60.0,75,0,,,,,False
injected,0.5,60.0,76,30,0.5,2.0,9.0,8.0,False
injected,0.5,60.0,76,60,0.13158798217773438,3.0,13.0,7.0,False
injected,0.5,60.0,76,120,0.03917694091796875,4.0,15.0,6.0,False
injected_any,0.5,60.0,76,0,,,,,False
injected,0.5,60.0,77,30,0.5,2.0,9.0,8.0,False
injected,0.5,60.0,77,60,0.2403411865234375,3.0,11.0,7.0,False
injected,0.5,60.0,77,120,0.017578125,3.0,12.0,3.0,False
injected_any,0.5,60.0,77,0,,,,,False
injected,0.5,60.0,78,30,0.5,2.0,9.0,8.0,False
injected,0.5,60.0,78,60,0.1796417236328125,3.0,12.0,7.0,False
injected,0.5,60.0,78,120,0.08353424072265625,4.0,13.0,6.0,False
injected_any,0.5,60.0,78,0,,,,,False
injected,0.5,60.0,79,30,0.5,2.0,9.0,8.0,False
injected,0.5,60.0,79,60,0.1796417236328125,3.0,12.0,7.0,False
injected,0.5,60.0,79,120,0.0717315673828125,3.0,12.0,5.0,False
injected_any,0.5,60.0,79,0,,,,,False
injected,0.5,60.0,80,30,0.5,2.0,9.0,8.0,False
injected,0.5,60.0,80,60,0.1796417236328125,3.0,12.0,7.0,False
injected,0.5,60.0,80,120,0.05923461914062499,3.0,11.0,4.0,False
injected_any,0.5,60.0,80,0,,,,,False
injected,0.5,60.0,81,30,0.5,2.0,9.0,8.0,False
injected,0.5,60.0,81,60,0.1796417236328125,3.0,12.0,7.0,False
injected,0.5,60.0,81,120,0.0384063720703125,4.0,12.0,4.0,False
injected_any,0.5,60.0,81,0,,,,,False
injected,0.5,60.0,82,30,0.5,2.0,9.0,8.0,False
injected,0.5,60.0,82,60,0.2517223358154297,2.0,12.0,8.0,False
injected,0.5,60.0,82,120,0.1796417236328125,2.0,12.0,7.0,False
injected_any,0.5,60.0,82,0,,,,,False
injected,0.5,60.0,83,30,0.5,2.0,9.0,8.0,False
injected,0.5,60.0,83,60,0.2403411865234375,3.0,11.0,7.0,False
injected,0.5,60.0,83,120,0.08353424072265625,3.0,13.0,6.0,False
injected_any,0.5,60.0,83,0,,,,,False
injected,0.5,60.0,84,30,0.5,2.0,9.0,8.0,False
injected,0.5,60.0,84,60,0.2403411865234375,3.0,11.0,7.0,False
injected,0.5,60.0,84,120,0.08353424072265625,3.0,13.0,6.0,False
injected_any,0.5,60.0,84,0,,,,,False
injected,0.5,60.0,85,30,0.5,2.0,9.0,8.0,False
injected,0.5,60.0,85,60,0.3238029479980469,2.0,11.0,8.0,False
injected,0.5,60.0,85,120,0.1050567626953125,4.0,11.0,5.0,False
injected_any,0.5,60.0,85,0,,,,,False
injected,0.5,60.0,86,30,0.5,2.0,9.0,8.0,False
injected,0.5,60.0,86,60,0.13158798217773438,3.0,13.0,7.0,False
injected,0.5,60.0,86,120,0.0717315673828125,4.0,12.0,5.0,False
injected_any,0.5,60.0,86,0,,,,,False
injected,0.5,60.0,87,30,0.5,2.0,9.0,8.0,False
injected,0.5,60.0,87,60,0.3238029479980469,2.0,11.0,8.0,False
injected,0.5,60.0,87,120,0.017578125,4.0,12.0,3.0,False
injected_any,0.5,60.0,87,0,,,,,False
injected,0.5,60.0,88,30,0.5,2.0,9.0,8.0,False
injected,0.5,60.0,88,60,0.2517223358154297,3.0,12.0,8.0,False
injected,0.5,60.0,88,120,0.09462356567382812,3.0,14.0,7.0,False
injected_any,0.5,60.0,88,0,,,,,False
injected,0.5,60.0,89,30,0.5,2.0,9.0,8.0,False
injected,0.5,60.0,89,60,0.13158798217773438,3.0,13.0,7.0,False
injected,0.5,60.0,89,120,0.00960540771484375,4.0,15.0,4.0,True
injected_any,0.5,60.0,89,0,,,,,True
injected,0.5,60.0,90,30,0.5,2.0,9.0,8.0,False
injected,0.5,60.0,90,60,0.3238029479980469,2.0,11.0,8.0,False
injected,0.5,60.0,90,120,0.0245208740234375,4.0,13.0,4.0,False
injected_any,0.5,60.0,90,0,,,,,False
injected,0.5,60.0,91,30,0.5,2.0,9.0,8.0,False
injected,0.5,60.0,91,60,0.3145294189453125,2.0,10.0,7.0,False
injected,0.5,60.0,91,120,0.05923461914062499,2.0,11.0,4.0,False
injected_any,0.5,60.0,91,0,,,,,False
injected,0.5,60.0,92,30,0.5,2.0,9.0,8.0,False
injected,0.5,60.0,92,60,0.1796417236328125,3.0,12.0,7.0,False
injected,0.5,60.0,92,120,0.0245208740234375,3.0,13.0,4.0,False
injected_any,0.5,60.0,92,0,,,,,False
injected,0.5,60.0,93,30,0.5,2.0,9.0,8.0,False
injected,0.5,60.0,93,60,0.2403411865234375,2.0,11.0,7.0,False
injected,0.5,60.0,93,120,0.09462356567382812,3.0,14.0,7.0,False
injected_any,0.5,60.0,93,0,,,,,False
injected,0.5,60.0,94,30,0.5,2.0,9.0,8.0,False
injected,0.5,60.0,94,60,0.1796417236328125,2.0,12.0,7.0,False
injected,0.5,60.0,94,120,0.017578125,3.0,12.0,3.0,False
injected_any,0.5,60.0,94,0,,,,,False
injected,0.5,60.0,95,30,0.5,2.0,9.0,8.0,False
injected,0.5,60.0,95,60,0.1796417236328125,3.0,12.0,7.0,False
injected,0.5,60.0,95,120,0.048126220703125,3.0,13.0,5.0,False
injected_any,0.5,60.0,95,0,,,,,False
injected,0.5,60.0,96,30,0.5,2.0,9.0,8.0,False
injected,0.5,60.0,96,60,0.1796417236328125,3.0,12.0,7.0,False
injected,0.5,60.0,96,120,0.0317840576171875,3.0,14.0,5.0,False
injected_any,0.5,60.0,96,0,,,,,False
injected,0.5,60.0,97,30,0.5,2.0,9.0,8.0,False
injected,0.5,60.0,97,60,0.2403411865234375,2.0,11.0,7.0,False
injected,0.5,60.0,97,120,0.0245208740234375,4.0,13.0,4.0,False
injected_any,0.5,60.0,97,0,,,,,False
injected,0.5,60.0,98,30,0.5,2.0,9.0,8.0,False
injected,0.5,60.0,98,60,0.1796417236328125,3.0,12.0,7.0,False
injected,0.5,60.0,98,120,0.048126220703125,4.0,13.0,5.0,False
injected_any,0.5,60.0,98,0,,,,,False
injected,0.5,60.0,99,30,0.5,2.0,9.0,8.0,False
injected,0.5,60.0,99,60,0.3238029479980469,3.0,11.0,8.0,False
injected,0.5,60.0,99,120,0.1050567626953125,2.0,11.0,5.0,False
injected_any,0.5,60.0,99,0,,,,,False
injected,1.0,15.0,0,30,1.2316741049289703e-07,4.0,30.0,2.0,True
injected,1.0,15.0,0,60,2.823770046234131e-06,3.0,25.0,2.0,True
injected,1.0,15.0,0,120,1.7940998077392578e-05,4.0,22.0,2.0,True
injected_any,1.0,15.0,0,0,,,,,True
injected,1.0,15.0,1,30,1.372024416923523e-05,4.0,25.0,3.0,True
injected,1.0,15.0,1,60,1.7940998077392578e-05,4.0,22.0,2.0,True
injected,1.0,15.0,1,120,0.0007448196411132812,3.0,18.0,3.0,True
injected_any,1.0,15.0,1,0,,,,,True
injected,1.0,15.0,2,30,3.08244489133358e-06,4.0,30.0,4.0,True
injected,1.0,15.0,2,60,5.245208740234375e-06,4.0,24.0,2.0,True
injected,1.0,15.0,2,120,7.826089859008789e-05,4.0,22.0,3.0,True
injected_any,1.0,15.0,2,0,,,,,True
injected,1.0,15.0,3,30,4.215165972709656e-06,4.0,27.0,3.0,True
injected,1.0,15.0,3,60,0.00026676058769226074,4.0,22.0,4.0,True
injected,1.0,15.0,3,120,0.0029623061418533325,4.0,21.0,6.0,True
injected_any,1.0,15.0,3,0,,,,,True
injected,1.0,15.0,4,30,2.823770046234131e-06,4.0,25.0,2.0,True
injected,1.0,15.0,4,60,5.4836273193359375e-06,4.0,21.0,1.0,True
injected,1.0,15.0,4,120,0.0004277229309082031,3.0,19.0,3.0,True
injected_any,1.0,15.0,4,0,,,,,True
injected,1.0,15.0,5,30,8.121132850646973e-07,4.0,27.0,2.0,True
injected,1.0,15.0,5,60,2.86102294921875e-06,4.0,22.0,1.0,True
injected,1.0,15.0,5,120,0.0004277229309082031,3.0,19.0,3.0,True
injected_any,1.0,15.0,5,0,,,,,True
injected,1.0,15.0,6,30,2.314336597919464e-07,4.0,29.0,2.0,True
injected,1.0,15.0,6,60,1.4901161193847656e-06,3.0,23.0,1.0,True
injected,1.0,15.0,6,120,2.002716064453125e-05,4.0,19.0,1.0,True
injected_any,1.0,15.0,6,0,,,,,True
injected,1.0,15.0,7,30,2.9738061130046848e-05,4.0,26.0,4.0,True
injected,1.0,15.0,7,60,0.0001385807991027832,4.0,21.0,3.0,True
injected,1.0,15.0,7,120,0.002171754837036133,4.0,18.0,4.0,True
injected_any,1.0,15.0,7,0,,,,,True
injected,1.0,15.0,8,30,2.4616718292236328e-05,4.0,24.0,3.0,True
injected,1.0,15.0,8,60,0.00020122528076171875,3.0,18.0,2.0,True
injected,1.0,15.0,8,120,0.0012884140014648438,4.0,17.0,3.0,True
injected_any,1.0,15.0,8,0,,,,,True
injected,1.0,15.0,9,30,5.842093378305435e-05,4.0,29.0,6.0,True
injected,1.0,15.0,9,60,0.00026676058769226074,3.0,22.0,4.0,True
injected,1.0,15.0,9,120,0.001299738883972168,4.0,19.0,4.0,True
injected_any,1.0,15.0,9,0,,,,,True
injected,1.0,15.0,10,30,7.005874067544937e-07,4.0,30.0,3.0,True
injected,1.0,15.0,10,60,7.748603820800781e-07,4.0,24.0,1.0,True
injected,1.0,15.0,10,120,0.0001385807991027832,4.0,21.0,3.0,True
injected_any,1.0,15.0,10,0,,,,,True
injected,1.0,15.0,11,30,1.372024416923523e-05,4.0,25.0,3.0,True
injected,1.0,15.0,11,60,3.814697265625e-05,3.0,18.0,1.0,True
injected,1.0,15.0,11,120,0.0003643035888671875,4.0,17.0,2.0,True
injected_any,1.0,15.0,11,0,,,,,True
injected,1.0,15.0,12,30,4.33996319770813e-07,4.0,28.0,2.0,True
injected,1.0,15.0,12,60,5.4836273193359375e-06,4.0,21.0,1.0,True
injected,1.0,15.0,12,120,0.0004277229309082031,3.0,19.0,3.0,True
injected_any,1.0,15.0,12,0,,,,,True
injected,1.0,15.0,13,30,9.285122359870002e-08,4.0,36.0,4.0,True
injected,1.0,15.0,13,60,1.2780074030160904e-06,4.0,29.0,3.0,True
injected,1.0,15.0,13,120,2.9738061130046848e-05,4.0,26.0,4.0,True
injected_any,1.0,15.0,13,0,,,,,True
injected,1.0,15.0,14,30,2.823770046234131e-06,4.0,25.0,2.0,True
injected,1.0,15.0,14,60,1.1920928955078125e-07,4.0,23.0,0.0,True
injected,1.0,15.0,14,120,1.7940998077392578e-05,4.0,22.0,2.0,True
injected_any,1.0,15.0,14,0,,,,,True
injected,1.0,15.0,15,30,2.314336597919464e-07,4.0,29.0,2.0,True
injected,1.0,15.0,15,60,4.023313522338867e-07,4.0,25.0,1.0,True
injected,1.0,15.0,15,120,3.3020973205566406e-05,4.0,21.0,2.0,True
injected_any,1.0,15.0,15,0,,,,,True
injected,1.0,15.0,16,30,4.215165972709656e-06,4.0,27.0,3.0,True
injected,1.0,15.0,16,60,1.7940998077392578e-05,3.0,22.0,2.0,True
injected,1.0,15.0,16,120,0.0004277229309082031,4.0,19.0,3.0,True
injected_any,1.0,15.0,16,0,,,,,True
injected,1.0,15.0,17,30,3.08244489133358e-06,4.0,30.0,4.0,True
injected,1.0,15.0,17,60,4.023313522338867e-07,4.0,25.0,1.0,True
injected,1.0,15.0,17,120,1.049041748046875e-05,4.0,20.0,1.0,True
injected_any,1.0,15.0,17,0,,,,,True
injected,1.0,15.0,18,30,8.121132850646973e-07,4.0,27.0,2.0,True
injected,1.0,15.0,18,60,1.1920928955078125e-07,4.0,23.0,0.0,True
injected,1.0,15.0,18,120,6.0558319091796875e-05,4.0,20.0,2.0,True
injected_any,1.0,15.0,18,0,,,,,True
injected,1.0,15.0,19,30,2.314336597919464e-07,4.0,29.0,2.0,True
injected,1.0,15.0,19,60,1.4901161193847656e-06,3.0,23.0,1.0,True
injected,1.0,15.0,19,120,1.7940998077392578e-05,4.0,22.0,2.0,True
injected_any,1.0,15.0,19,0,,,,,True
injected,1.0,15.0,20,30,2.3245811462402344e-06,4.0,28.0,3.0,True
injected,1.0,15.0,20,60,1.1920928955078125e-07,4.0,23.0,0.0,True
injected,1.0,15.0,20,120,5.4836273193359375e-06,4.0,21.0,1.0,True
injected_any,1.0,15.0,20,0,,,,,True
injected,1.0,15.0,21,30,6.542541086673737e-08,4.0,31.0,2.0,True
injected,1.0,15.0,21,60,5.960464477539063e-08,4.0,24.0,0.0,True
injected,1.0,15.0,21,120,5.4836273193359375e-06,3.0,21.0,1.0,True
injected_any,1.0,15.0,21,0,,,,,True
injected,1.0,15.0,22,30,2.314336597919464e-07,4.0,29.0,2.0,True
injected,1.0,15.0,22,60,1.4901161193847656e-06,4.0,23.0,1.0,True
injected,1.0,15.0,22,120,6.0558319091796875e-05,3.0,20.0,2.0,True
injected_any,1.0,15.0,22,0,,,,,True
injected,1.0,15.0,23,30,2.9738061130046848e-05,4.0,26.0,4.0,True
injected,1.0,15.0,23,60,7.826089859008789e-05,4.0,22.0,3.0,True
injected,1.0,15.0,23,120,0.0004277229309082031,4.0,19.0,3.0,True
injected_any,1.0,15.0,23,0,,,,,True
injected,1.0,15.0,24,30,1.8364517018198967e-08,4.0,33.0,2.0,True
injected,1.0,15.0,24,60,2.086162567138672e-07,4.0,26.0,1.0,True
injected,1.0,15.0,24,120,5.245208740234375e-06,4.0,24.0,2.0,True
injected_any,1.0,15.0,24,0,,,,,True
injected,1.0,15.0,25,30,7.005874067544937e-07,4.0,30.0,3.0,True
injected,1.0,15.0,25,60,5.245208740234375e-06,4.0,24.0,2.0,True
injected,1.0,15.0,25,120,0.000244140625,3.0,20.0,3.0,True
injected_any,1.0,15.0,25,0,,,,,True
injected,1.0,15.0,26,30,2.314336597919464e-07,4.0,29.0,2.0,True
injected,1.0,15.0,26,60,5.960464477539063e-08,4.0,24.0,0.0,True
injected,1.0,15.0,26,120,5.4836273193359375e-06,4.0,21.0,1.0,True
injected_any,1.0,15.0,26,0,,,,,True
injected,1.0,15.0,27,30,1.2780074030160904e-06,4.0,29.0,3.0,True
injected,1.0,15.0,27,60,1.4901161193847656e-06,4.0,23.0,1.0,True
injected,1.0,15.0,27,120,0.000110626220703125,4.0,19.0,2.0,True
injected_any,1.0,15.0,27,0,,,,,True
injected,1.0,15.0,28,30,5.587935447692871e-08,4.0,28.0,1.0,True
injected,1.0,15.0,28,60,2.384185791015625e-07,4.0,22.0,0.0,True
injected,1.0,15.0,28,120,3.3020973205566406e-05,4.0,21.0,2.0,True
injected_any,1.0,15.0,28,0,,,,,True
injected,1.0,15.0,29,30,0.0001553744077682495,4.0,23.0,4.0,True
injected,1.0,15.0,29,60,0.002171754837036133,4.0,18.0,4.0,True
injected,1.0,15.0,29,120,0.00960540771484375,4.0,15.0,4.0,True
injected_any,1.0,15.0,29,0,,,,,True
injected,1.0,15.0,30,30,6.542541086673737e-08,4.0,31.0,2.0,True
injected,1.0,15.0,30,60,7.748603820800781e-07,4.0,24.0,1.0,True
injected,1.0,15.0,30,120,1.049041748046875e-05,4.0,20.0,1.0,True
injected_any,1.0,15.0,30,0,,,,,True
injected,1.0,15.0,31,30,2.4616718292236328e-05,4.0,24.0,3.0,True
injected,1.0,15.0,31,60,0.000110626220703125,3.0,19.0,2.0,True
injected,1.0,15.0,31,120,0.0004277229309082031,3.0,19.0,3.0,True
injected_any,1.0,15.0,31,0,,,,,True
injected,1.0,15.0,32,30,4.398822784423828e-05,4.0,23.0,3.0,True
injected,1.0,15.0,32,60,6.0558319091796875e-05,4.0,20.0,2.0,True
injected,1.0,15.0,32,120,0.003305375576019287,4.0,19.0,5.0,True
injected_any,1.0,15.0,32,0,,,,,True
injected,1.0,15.0,33,30,6.165646482259035e-08,4.0,34.0,3.0,True
injected,1.0,15.0,33,60,1.0803341865539551e-07,4.0,27.0,1.0,True
injected,1.0,15.0,33,120,2.4616718292236328e-05,4.0,24.0,3.0,True
injected_any,1.0,15.0,33,0,,,,,True
injected,1.0,15.0,34,30,7.005874067544937e-07,4.0,30.0,3.0,True
injected,1.0,15.0,34,60,1.516193151473999e-06,3.0,26.0,2.0,True
injected,1.0,15.0,34,120,9.715557098388672e-06,3.0,23.0,2.0,True
injected_any,1.0,15.0,34,0,,,,,True
injected,1.0,15.0,35,30,2.823770046234131e-06,4.0,25.0,2.0,True
injected,1.0,15.0,35,60,4.76837158203125e-07,3.0,21.0,0.0,True
injected,1.0,15.0,35,120,2.002716064453125e-05,3.0,19.0,1.0,True
injected_any,1.0,15.0,35,0,,,,,True
injected,1.0,15.0,36,30,3.8300640881061554e-07,4.0,31.0,3.0,True
injected,1.0,15.0,36,60,1.516193151473999e-06,3.0,26.0,2.0,True
injected,1.0,15.0,36,120,7.826089859008789e-05,3.0,22.0,3.0,True
injected_any,1.0,15.0,36,0,,,,,True
injected,1.0,15.0,37,30,5.587935447692871e-08,4.0,28.0,1.0,True
injected,1.0,15.0,37,60,2.384185791015625e-07,4.0,22.0,0.0,True
injected,1.0,15.0,37,120,1.049041748046875e-05,4.0,20.0,1.0,True
injected_any,1.0,15.0,37,0,,,,,True
injected,1.0,15.0,38,30,8.121132850646973e-07,4.0,27.0,2.0,True
injected,1.0,15.0,38,60,1.4901161193847656e-06,4.0,23.0,1.0,True
injected,1.0,15.0,38,120,6.0558319091796875e-05,4.0,20.0,2.0,True
injected_any,1.0,15.0,38,0,,,,,True
injected,1.0,15.0,39,30,2.4616718292236328e-05,4.0,24.0,3.0,True
injected,1.0,15.0,39,60,6.0558319091796875e-05,4.0,20.0,2.0,True
injected,1.0,15.0,39,120,0.0004277229309082031,4.0,19.0,3.0,True
injected_any,1.0,15.0,39,0,,,,,True
injected,1.0,15.0,40,30,5.842093378305435e-05,3.0,29.0,6.0,True
injected,1.0,15.0,40,60,2.4616718292236328e-05,3.0,24.0,3.0,True
injected,1.0,15.0,40,120,0.00026676058769226074,4.0,22.0,4.0,True
injected_any,1.0,15.0,40,0,,,,,True
injected,1.0,15.0,41,30,5.587935447692871e-08,4.0,28.0,1.0,True
injected,1.0,15.0,41,60,7.748603820800781e-07,4.0,24.0,1.0,True
injected,1.0,15.0,41,120,9.715557098388672e-06,4.0,23.0,2.0,True
injected_any,1.0,15.0,41,0,,,,,True
injected,1.0,15.0,42,30,2.3245811462402344e-06,4.0,28.0,3.0,True
injected,1.0,15.0,42,60,7.748603820800781e-07,4.0,24.0,1.0,True
injected,1.0,15.0,42,120,6.0558319091796875e-05,4.0,20.0,2.0,True
injected_any,1.0,15.0,42,0,,,,,True
injected,1.0,15.0,43,30,2.823770046234131e-06,4.0,25.0,2.0,True
injected,1.0,15.0,43,60,6.0558319091796875e-05,4.0,20.0,2.0,True
injected,1.0,15.0,43,120,0.0007448196411132812,4.0,18.0,3.0,True
injected_any,1.0,15.0,43,0,,,,,True
injected,1.0,15.0,44,30,9.715557098388672e-06,4.0,23.0,2.0,True
injected,1.0,15.0,44,60,2.002716064453125e-05,4.0,19.0,1.0,True
injected,1.0,15.0,44,120,0.001299738883972168,4.0,19.0,4.0,True
injected_any,1.0,15.0,44,0,,,,,True
injected,1.0,15.0,45,30,1.1180760338902473e-05,4.0,30.0,5.0,True
injected,1.0,15.0,45,60,2.4616718292236328e-05,4.0,24.0,3.0,True
injected,1.0,15.0,45,120,0.0004552602767944336,4.0,21.0,4.0,True
injected_any,1.0,15.0,45,0,,,,,True
injected,1.0,15.0,46,30,2.3245811462402344e-06,4.0,28.0,3.0,True
injected,1.0,15.0,46,60,5.245208740234375e-06,4.0,24.0,2.0,True
injected,1.0,15.0,46,120,0.0004552602767944336,4.0,21.0,4.0,True
injected_any,1.0,15.0,46,0,,,,,True
injected,1.0,15.0,47,30,5.587935447692871e-08,4.0,28.0,1.0,True
injected,1.0,15.0,47,60,2.384185791015625e-07,4.0,22.0,0.0,True
injected,1.0,15.0,47,120,7.2479248046875e-05,4.0,17.0,1.0,True
injected_any,1.0,15.0,47,0,,,,,True
injected,1.0,15.0,48,30,2.0884908735752106e-07,4.0,32.0,3.0,True
injected,1.0,15.0,48,60,4.023313522338867e-07,4.0,25.0,1.0,True
injected,1.0,15.0,48,120,3.3020973205566406e-05,4.0,21.0,2.0,True
injected_any,1.0,15.0,48,0,,,,,True
injected,1.0,15.0,49,30,4.33996319770813e-07,4.0,28.0,2.0,True
injected,1.0,15.0,49,60,1.4901161193847656e-06,4.0,23.0,1.0,True
injected,1.0,15.0,49,120,0.00026676058769226074,4.0,22.0,4.0,True
injected_any,1.0,15.0,49,0,,,,,True
injected,1.0,15.0,50,30,5.464302375912666e-06,4.0,29.0,4.0,True
injected,1.0,15.0,50,60,1.372024416923523e-05,3.0,25.0,3.0,True
injected,1.0,15.0,50,120,0.00026676058769226074,3.0,22.0,4.0,True
injected_any,1.0,15.0,50,0,,,,,True
injected,1.0,15.0,51,30,5.653710104525089e-05,4.0,27.0,5.0,True
injected,1.0,15.0,51,60,0.0001553744077682495,4.0,23.0,4.0,True
injected,1.0,15.0,51,120,0.0012469589710235596,4.0,21.0,5.0,True
injected_any,1.0,15.0,51,0,,,,,True
injected,1.0,15.0,52,30,3.7137651816010475e-06,4.0,32.0,5.0,True
injected,1.0,15.0,52,60,7.618218660354614e-06,3.0,26.0,3.0,True
injected,1.0,15.0,52,120,4.398822784423828e-05,4.0,23.0,3.0,True
injected_any,1.0,15.0,52,0,,,,,True
injected,1.0,15.0,53,30,1.4901161193847656e-08,4.0,30.0,1.0,True
injected,1.0,15.0,53,60,1.1920928955078125e-07,4.0,23.0,0.0,True
injected,1.0,15.0,53,120,5.4836273193359375e-06,4.0,21.0,1.0,True
injected_any,1.0,15.0,53,0,,,,,True
injected,1.0,15.0,54,30,9.715557098388672e-06,4.0,23.0,2.0,True
injected,1.0,15.0,54,60,0.0007448196411132812,3.0,18.0,3.0,True
injected,1.0,15.0,54,120,0.0037689208984375,3.0,15.0,3.0,True
injected_any,1.0,15.0,54,0,,,,,True
injected,1.0,15.0,55,30,7.618218660354614e-06,4.0,26.0,3.0,True
injected,1.0,15.0,55,60,5.4836273193359375e-06,4.0,21.0,1.0,True
injected,1.0,15.0,55,120,0.0004277229309082031,4.0,19.0,3.0,True
injected_any,1.0,15.0,55,0,,,,,True
injected,1.0,15.0,56,30,2.0884908735752106e-07,4.0,32.0,3.0,True
injected,1.0,15.0,56,60,4.023313522338867e-07,4.0,25.0,1.0,True
injected,1.0,15.0,56,120,3.3020973205566406e-05,4.0,21.0,2.0,True
injected_any,1.0,15.0,56,0,,,,,True
injected,1.0,15.0,57,30,1.2316741049289703e-07,4.0,30.0,2.0,True
injected,1.0,15.0,57,60,5.960464477539063e-08,4.0,24.0,0.0,True
injected,1.0,15.0,57,120,1.049041748046875e-05,4.0,20.0,1.0,True
injected_any,1.0,15.0,57,0,,,,,True
injected,1.0,15.0,58,30,9.707873687148094e-07,4.0,32.0,4.0,True
injected,1.0,15.0,58,60,2.823770046234131e-06,4.0,25.0,2.0,True
injected,1.0,15.0,58,120,0.0001385807991027832,4.0,21.0,3.0,True
injected_any,1.0,15.0,58,0,,,,,True
injected,1.0,15.0,59,30,2.823770046234131e-06,4.0,25.0,2.0,True
injected,1.0,15.0,59,60,2.86102294921875e-06,3.0,22.0,1.0,True
injected,1.0,15.0,59,120,6.0558319091796875e-05,3.0,20.0,2.0,True
injected_any,1.0,15.0,59,0,,,,,True
injected,1.0,15.0,60,30,7.005874067544937e-07,4.0,30.0,3.0,True
injected,1.0,15.0,60,60,2.823770046234131e-06,4.0,25.0,2.0,True
injected,1.0,15.0,60,120,7.826089859008789e-05,4.0,22.0,3.0,True
injected_any,1.0,15.0,60,0,,,,,True
injected,1.0,15.0,61,30,3.4691765904426575e-08,4.0,32.0,2.0,True
injected,1.0,15.0,61,60,8.121132850646973e-07,4.0,27.0,2.0,True
injected,1.0,15.0,61,120,7.826089859008789e-05,4.0,22.0,3.0,True
injected_any,1.0,15.0,61,0,,,,,True
injected,1.0,15.0,62,30,1.2780074030160904e-06,4.0,29.0,3.0,True
injected,1.0,15.0,62,60,2.86102294921875e-06,4.0,22.0,1.0,True
injected,1.0,15.0,62,120,0.000771939754486084,3.0,20.0,4.0,True
injected_any,1.0,15.0,62,0,,,,,True
injected,1.0,15.0,63,30,2.314336597919464e-07,4.0,29.0,2.0,True
injected,1.0,15.0,63,60,7.748603820800781e-07,4.0,24.0,1.0,True
injected,1.0,15.0,63,120,0.0001385807991027832,4.0,21.0,3.0,True
injected_any,1.0,15.0,63,0,,,,,True
injected,1.0,15.0,64,30,1.2780074030160904e-06,4.0,29.0,3.0,True
injected,1.0,15.0,64,60,1.4901161193847656e-06,4.0,23.0,1.0,True
injected,1.0,15.0,64,120,0.0004552602767944336,4.0,21.0,4.0,True
injected_any,1.0,15.0,64,0,,,,,True
injected,1.0,15.0,65,30,4.33996319770813e-07,4.0,28.0,2.0,True
injected,1.0,15.0,65,60,7.748603820800781e-07,4.0,24.0,1.0,True
injected,1.0,15.0,65,120,6.0558319091796875e-05,4.0,20.0,2.0,True
injected_any,1.0,15.0,65,0,,,,,True
injected,1.0,15.0,66,30,1.0803341865539551e-07,4.0,27.0,1.0,True
injected,1.0,15.0,66,60,2.384185791015625e-07,4.0,22.0,0.0,True
injected,1.0,15.0,66,120,0.000244140625,4.0,20.0,3.0,True
injected_any,1.0,15.0,66,0,,,,,True
injected,1.0,15.0,67,30,4.215165972709656e-06,4.0,27.0,3.0,True
injected,1.0,15.0,67,60,5.245208740234375e-06,4.0,24.0,2.0,True
injected,1.0,15.0,67,120,0.0004277229309082031,3.0,19.0,3.0,True
injected_any,1.0,15.0,67,0,,,,,True
injected,1.0,15.0,68,30,1.2316741049289703e-07,4.0,30.0,2.0,True
injected,1.0,15.0,68,60,4.023313522338867e-07,4.0,25.0,1.0,True
injected,1.0,15.0,68,120,0.0001385807991027832,3.0,21.0,3.0,True
injected_any,1.0,15.0,68,0,,,,,True
injected,1.0,15.0,69,30,3.8300640881061554e-07,4.0,31.0,3.0,True
injected,1.0,15.0,69,60,2.086162567138672e-07,4.0,26.0,1.0,True
injected,1.0,15.0,69,120,4.398822784423828e-05,4.0,23.0,3.0,True
injected_any,1.0,15.0,69,0,,,,,True
injected,1.0,15.0,70,30,1.697661355137825e-05,4.0,27.0,4.0,True
injected,1.0,15.0,70,60,7.826089859008789e-05,3.0,22.0,3.0,True
injected,1.0,15.0,70,120,0.0004277229309082031,3.0,19.0,3.0,True
injected_any,1.0,15.0,70,0,,,,,True
injected,1.0,15.0,71,30,2.86102294921875e-06,4.0,22.0,1.0,True
injected,1.0,15.0,71,60,2.002716064453125e-05,4.0,19.0,1.0,True
injected,1.0,15.0,71,120,0.0022125244140625,4.0,16.0,3.0,True
injected_any,1.0,15.0,71,0,,,,,True
injected,1.0,15.0,72,30,2.86102294921875e-06,4.0,22.0,1.0,True
injected,1.0,15.0,72,60,0.00020122528076171875,3.0,18.0,2.0,True
injected,1.0,15.0,72,120,0.0012884140014648438,3.0,17.0,3.0,True
injected_any,1.0,15.0,72,0,,,,,True
injected,1.0,15.0,73,30,1.2316741049289703e-07,4.0,30.0,2.0,True
injected,1.0,15.0,73,60,7.748603820800781e-07,4.0,24.0,1.0,True
injected,1.0,15.0,73,120,1.7940998077392578e-05,4.0,22.0,2.0,True
injected_any,1.0,15.0,73,0,,,,,True
injected,1.0,15.0,74,30,5.245208740234375e-06,4.0,24.0,2.0,True
injected,1.0,15.0,74,60,3.814697265625e-05,4.0,18.0,1.0,True
injected,1.0,15.0,74,120,0.0006561279296875,4.0,16.0,2.0,True
injected_any,1.0,15.0,74,0,,,,,True
injected,1.0,15.0,75,30,1.516193151473999e-06,4.0,26.0,2.0,True
injected,1.0,15.0,75,60,1.4901161193847656e-06,3.0,23.0,1.0,True
injected,1.0,15.0,75,120,0.000110626220703125,3.0,19.0,2.0,True
injected_any,1.0,15.0,75,0,,,,,True
injected,1.0,15.0,76,30,9.715557098388672e-06,4.0,23.0,2.0,True
injected,1.0,15.0,76,60,0.000244140625,4.0,20.0,3.0,True
injected,1.0,15.0,76,120,0.005311012268066406,4.0,18.0,5.0,True
injected_any,1.0,15.0,76,0,,,,,True
injected,1.0,15.0,77,30,4.33996319770813e-07,4.0,28.0,2.0,True
injected,1.0,15.0,77,60,1.1920928955078125e-07,4.0,23.0,0.0,True
injected,1.0,15.0,77,120,2.002716064453125e-05,4.0,19.0,1.0,True
injected_any,1.0,15.0,77,0,,,,,True
injected,1.0,15.0,78,30,5.464302375912666e-06,4.0,29.0,4.0,True
injected,1.0,15.0,78,60,1.372024416923523e-05,4.0,25.0,3.0,True
injected,1.0,15.0,78,120,0.00026676058769226074,4.0,22.0,4.0,True
injected_any,1.0,15.0,78,0,,,,,True
injected,1.0,15.0,79,30,1.8364517018198967e-08,4.0,33.0,2.0,True
injected,1.0,15.0,79,60,4.023313522338867e-07,4.0,25.0,1.0,True
injected,1.0,15.0,79,120,7.826089859008789e-05,4.0,22.0,3.0,True
injected_any,1.0,15.0,79,0,,,,,True
injected,1.0,15.0,80,30,2.8870999813079834e-08,4.0,29.0,1.0,True
injected,1.0,15.0,80,60,7.748603820800781e-07,4.0,24.0,1.0,True
injected,1.0,15.0,80,120,6.0558319091796875e-05,3.0,20.0,2.0,True
injected_any,1.0,15.0,80,0,,,,,True
injected,1.0,15.0,81,30,1.0803341865539551e-07,4.0,27.0,1.0,True
injected,1.0,15.0,81,60,2.384185791015625e-07,4.0,22.0,0.0,True
injected,1.0,15.0,81,120,3.3020973205566406e-05,4.0,21.0,2.0,True
injected_any,1.0,15.0,81,0,,,,,True
injected,1.0,15.0,82,30,5.653710104525089e-05,4.0,27.0,5.0,True
injected,1.0,15.0,82,60,0.0004277229309082031,3.0,19.0,3.0,True
injected,1.0,15.0,82,120,0.005908966064453125,3.0,16.0,4.0,True
injected_any,1.0,15.0,82,0,,,,,True
injected,1.0,15.0,83,30,6.456742994487286e-06,4.0,31.0,5.0,True
injected,1.0,15.0,83,60,1.372024416923523e-05,4.0,25.0,3.0,True
injected,1.0,15.0,83,120,0.0012469589710235596,4.0,21.0,5.0,True
injected_any,1.0,15.0,83,0,,,,,True
injected,1.0,15.0,84,30,1.2780074030160904e-06,4.0,29.0,3.0,True
injected,1.0,15.0,84,60,2.4616718292236328e-05,4.0,24.0,3.0,True
injected,1.0,15.0,84,120,0.0011578500270843506,4.0,23.0,6.0,True
injected_any,1.0,15.0,84,0,,,,,True
injected,1.0,15.0,85,30,1.697661355137825e-05,3.0,27.0,4.0,True
injected,1.0,15.0,85,60,1.7940998077392578e-05,3.0,22.0,2.0,True
injected,1.0,15.0,85,120,0.0001385807991027832,4.0,21.0,3.0,True
injected_any,1.0,15.0,85,0,,,,,True
injected,1.0,15.0,86,30,1.2780074030160904e-06,4.0,29.0,3.0,True
injected,1.0,15.0,86,60,4.023313522338867e-07,4.0,25.0,1.0,True
injected,1.0,15.0,86,120,4.398822784423828e-05,4.0,23.0,3.0,True
injected_any,1.0,15.0,86,0,,,,,True
injected,1.0,15.0,87,30,1.2316741049289703e-07,4.0,30.0,2.0,True
injected,1.0,15.0,87,60,2.823770046234131e-06,4.0,25.0,2.0,True
injected,1.0,15.0,87,120,4.398822784423828e-05,4.0,23.0,3.0,True
injected_any,1.0,15.0,87,0,,,,,True
injected,1.0,15.0,88,30,1.697661355137825e-05,4.0,27.0,4.0,True
injected,1.0,15.0,88,60,2.4616718292236328e-05,4.0,24.0,3.0,True
injected,1.0,15.0,88,120,0.0001385807991027832,4.0,21.0,3.0,True
injected_any,1.0,15.0,88,0,,,,,True
injected,1.0,15.0,89,30,7.005874067544937e-07,4.0,30.0,3.0,True
injected,1.0,15.0,89,60,1.4901161193847656e-06,4.0,23.0,1.0,True
injected,1.0,15.0,89,120,6.0558319091796875e-05,4.0,20.0,2.0,True
injected_any,1.0,15.0,89,0,,,,,True
injected,1.0,15.0,90,30,7.005874067544937e-07,4.0,30.0,3.0,True
injected,1.0,15.0,90,60,7.748603820800781e-07,4.0,24.0,1.0,True
injected,1.0,15.0,90,120,5.4836273193359375e-06,4.0,21.0,1.0,True
injected_any,1.0,15.0,90,0,,,,,True
injected,1.0,15.0,91,30,7.005874067544937e-07,4.0,30.0,3.0,True
injected,1.0,15.0,91,60,7.748603820800781e-07,4.0,24.0,1.0,True
injected,1.0,15.0,91,120,0.000110626220703125,3.0,19.0,2.0,True
injected_any,1.0,15.0,91,0,,,,,True
injected,1.0,15.0,92,30,2.314336597919464e-07,4.0,29.0,2.0,True
injected,1.0,15.0,92,60,1.4901161193847656e-06,4.0,23.0,1.0,True
injected,1.0,15.0,92,120,0.000244140625,4.0,20.0,3.0,True
injected_any,1.0,15.0,92,0,,,,,True
injected,1.0,15.0,93,30,4.215165972709656e-06,4.0,27.0,3.0,True
injected,1.0,15.0,93,60,3.3020973205566406e-05,4.0,21.0,2.0,True
injected,1.0,15.0,93,120,0.0012469589710235596,4.0,21.0,5.0,True
injected_any,1.0,15.0,93,0,,,,,True
injected,1.0,15.0,94,30,1.516193151473999e-06,4.0,26.0,2.0,True
injected,1.0,15.0,94,60,2.384185791015625e-07,4.0,22.0,0.0,True
injected,1.0,15.0,94,120,3.3020973205566406e-05,3.0,21.0,2.0,True
injected_any,1.0,15.0,94,0,,,,,True
injected,1.0,15.0,95,30,2.4616718292236328e-05,3.0,24.0,3.0,True
injected,1.0,15.0,95,60,1.049041748046875e-05,3.0,20.0,1.0,True
injected,1.0,15.0,95,120,0.0004277229309082031,3.0,19.0,3.0,True
injected_any,1.0,15.0,95,0,,,,,True
injected,1.0,15.0,96,30,3.8300640881061554e-07,4.0,31.0,3.0,True
injected,1.0,15.0,96,60,1.516193151473999e-06,4.0,26.0,2.0,True
injected,1.0,15.0,96,120,0.0001385807991027832,4.0,21.0,3.0,True
injected_any,1.0,15.0,96,0,,,,,True
injected,1.0,15.0,97,30,2.823770046234131e-06,4.0,25.0,2.0,True
injected,1.0,15.0,97,60,1.049041748046875e-05,4.0,20.0,1.0,True
injected,1.0,15.0,97,120,0.0012884140014648438,4.0,17.0,3.0,True
injected_any,1.0,15.0,97,0,,,,,True
injected,1.0,15.0,98,30,2.3245811462402344e-06,4.0,28.0,3.0,True
injected,1.0,15.0,98,60,2.086162567138672e-07,4.0,26.0,1.0,True
injected,1.0,15.0,98,120,9.715557098388672e-06,4.0,23.0,2.0,True
injected_any,1.0,15.0,98,0,,,,,True
injected,1.0,15.0,99,30,5.653710104525089e-05,3.0,27.0,5.0,True
injected,1.0,15.0,99,60,0.0004277229309082031,3.0,19.0,3.0,True
injected,1.0,15.0,99,120,0.0022125244140625,3.0,16.0,3.0,True
injected_any,1.0,15.0,99,0,,,,,True
injected,1.0,30.0,0,30,1.372024416923523e-05,4.0,25.0,3.0,True
injected,1.0,30.0,0,60,9.715557098388672e-06,3.0,23.0,2.0,True
injected,1.0,30.0,0,120,1.049041748046875e-05,4.0,20.0,1.0,True
injected_any,1.0,30.0,0,0,,,,,True
injected,1.0,30.0,1,30,7.826089859008789e-05,4.0,22.0,3.0,True
injected,1.0,30.0,1,60,3.3020973205566406e-05,4.0,21.0,2.0,True
injected,1.0,30.0,1,120,0.0003643035888671875,3.0,17.0,2.0,True
injected_any,1.0,30.0,1,0,,,,,True
injected,1.0,30.0,2,30,9.609758853912354e-05,4.0,26.0,5.0,True
injected,1.0,30.0,2,60,4.398822784423828e-05,4.0,23.0,3.0,True
injected,1.0,30.0,2,120,0.0001385807991027832,4.0,21.0,3.0,True
injected_any,1.0,30.0,2,0,,,,,True
injected,1.0,30.0,3,30,2.4616718292236328e-05,4.0,24.0,3.0,True
injected,1.0,30.0,3,60,0.0004552602767944336,4.0,21.0,4.0,True
injected,1.0,30.0,3,120,0.0029623061418533325,4.0,21.0,6.0,True
injected_any,1.0,30.0,3,0,,,,,True
injected,1.0,30.0,4,30,9.715557098388672e-06,4.0,23.0,2.0,True
injected,1.0,30.0,4,60,2.86102294921875e-06,4.0,22.0,1.0,True
injected,1.0,30.0,4,120,0.000110626220703125,3.0,19.0,2.0,True
injected_any,1.0,30.0,4,0,,,,,True
injected,1.0,30.0,5,30,7.826089859008789e-05,4.0,22.0,3.0,True
injected,1.0,30.0,5,60,1.049041748046875e-05,4.0,20.0,1.0,True
injected,1.0,30.0,5,120,0.0003643035888671875,3.0,17.0,2.0,True
injected_any,1.0,30.0,5,0,,,,,True
injected,1.0,30.0,6,30,7.826089859008789e-05,4.0,22.0,3.0,True
injected,1.0,30.0,6,60,2.86102294921875e-06,3.0,22.0,1.0,True
injected,1.0,30.0,6,120,3.814697265625e-06,4.0,18.0,0.0,True
injected_any,1.0,30.0,6,0,,,,,True
injected,1.0,30.0,7,30,0.00045611709356307983,4.0,23.0,5.0,True
injected,1.0,30.0,7,60,0.000244140625,4.0,20.0,3.0,True
injected,1.0,30.0,7,120,0.002171754837036133,4.0,18.0,4.0,True
injected_any,1.0,30.0,7,0,,,,,True
injected,1.0,30.0,8,30,0.0004552602767944336,4.0,21.0,4.0,True
injected,1.0,30.0,8,60,0.00020122528076171875,3.0,18.0,2.0,True
injected,1.0,30.0,8,120,0.0003643035888671875,4.0,17.0,2.0,True
injected_any,1.0,30.0,8,0,,,,,True
injected,1.0,30.0,9,30,0.0002675263676792383,4.0,26.0,6.0,True
injected,1.0,30.0,9,60,0.00026676058769226074,3.0,22.0,4.0,True
injected,1.0,30.0,9,120,0.0004277229309082031,4.0,19.0,3.0,True
injected_any,1.0,30.0,9,0,,,,,True
injected,1.0,30.0,10,30,5.1857903599739075e-05,4.0,25.0,4.0,True
injected,1.0,30.0,10,60,5.245208740234375e-06,4.0,24.0,2.0,True
injected,1.0,30.0,10,120,0.000244140625,4.0,20.0,3.0,True
injected_any,1.0,30.0,10,0,,,,,True
injected,1.0,30.0,11,30,0.0001553744077682495,4.0,23.0,4.0,True
injected,1.0,30.0,11,60,2.002716064453125e-05,3.0,19.0,1.0,True
injected,1.0,30.0,11,120,7.2479248046875e-05,4.0,17.0,1.0,True
injected_any,1.0,30.0,11,0,,,,,True
injected,1.0,30.0,12,30,7.826089859008789e-05,4.0,22.0,3.0,True
injected,1.0,30.0,12,60,6.0558319091796875e-05,4.0,20.0,2.0,True
injected,1.0,30.0,12,120,0.002171754837036133,3.0,18.0,4.0,True
injected_any,1.0,30.0,12,0,,,,,True
injected,1.0,30.0,13,30,1.9279075786471367e-05,4.0,29.0,5.0,True
injected,1.0,30.0,13,60,2.3245811462402344e-06,4.0,28.0,3.0,True
injected,1.0,30.0,13,120,9.715557098388672e-06,4.0,23.0,2.0,True
injected_any,1.0,30.0,13,0,,,,,True
injected,1.0,30.0,14,30,7.826089859008789e-05,4.0,22.0,3.0,True
injected,1.0,30.0,14,60,5.960464477539063e-08,4.0,24.0,0.0,True
injected,1.0,30.0,14,120,2.86102294921875e-06,4.0,22.0,1.0,True
injected_any,1.0,30.0,14,0,,,,,True
injected,1.0,30.0,15,30,7.618218660354614e-06,4.0,26.0,3.0,True
injected,1.0,30.0,15,60,1.0803341865539551e-07,4.0,27.0,1.0,True
injected,1.0,30.0,15,120,5.4836273193359375e-06,4.0,21.0,1.0,True
injected_any,1.0,30.0,15,0,,,,,True
injected,1.0,30.0,16,30,0.0001553744077682495,4.0,23.0,4.0,True
injected,1.0,30.0,16,60,3.3020973205566406e-05,3.0,21.0,2.0,True
injected,1.0,30.0,16,120,0.00020122528076171875,4.0,18.0,2.0,True
injected_any,1.0,30.0,16,0,,,,,True
injected,1.0,30.0,17,30,0.0002730563282966614,4.0,24.0,5.0,True
injected,1.0,30.0,17,60,1.4901161193847656e-06,4.0,23.0,1.0,True
injected,1.0,30.0,17,120,3.814697265625e-06,4.0,18.0,0.0,True
injected_any,1.0,30.0,17,0,,,,,True
injected,1.0,30.0,18,30,0.0001385807991027832,4.0,21.0,3.0,True
injected,1.0,30.0,18,60,5.4836273193359375e-06,4.0,21.0,1.0,True
injected,1.0,30.0,18,120,0.0004277229309082031,4.0,19.0,3.0,True
injected_any,1.0,30.0,18,0,,,,,True
injected,1.0,30.0,19,30,2.4616718292236328e-05,4.0,24.0,3.0,True
injected,1.0,30.0,19,60,2.86102294921875e-06,3.0,22.0,1.0,True
injected,1.0,30.0,19,120,1.049041748046875e-05,4.0,20.0,1.0,True
injected_any,1.0,30.0,19,0,,,,,True
injected,1.0,30.0,20,30,0.00026676058769226074,4.0,22.0,4.0,True
injected,1.0,30.0,20,60,2.384185791015625e-07,4.0,22.0,0.0,True
injected,1.0,30.0,20,120,1.9073486328125e-06,4.0,19.0,0.0,True
injected_any,1.0,30.0,20,0,,,,,True
injected,1.0,30.0,21,30,7.618218660354614e-06,4.0,26.0,3.0,True
injected,1.0,30.0,21,60,5.960464477539063e-08,4.0,24.0,0.0,True
injected,1.0,30.0,21,120,1.049041748046875e-05,3.0,20.0,1.0,True
injected_any,1.0,30.0,21,0,,,,,True
injected,1.0,30.0,22,30,2.4616718292236328e-05,4.0,24.0,3.0,True
injected,1.0,30.0,22,60,1.049041748046875e-05,4.0,20.0,1.0,True
injected,1.0,30.0,22,120,0.00020122528076171875,3.0,18.0,2.0,True
injected_any,1.0,30.0,22,0,,,,,True
injected,1.0,30.0,23,30,0.0002730563282966614,4.0,24.0,5.0,True
injected,1.0,30.0,23,60,0.0001385807991027832,4.0,21.0,3.0,True
injected,1.0,30.0,23,120,0.00020122528076171875,4.0,18.0,2.0,True
injected_any,1.0,30.0,23,0,,,,,True
injected,1.0,30.0,24,30,4.215165972709656e-06,4.0,27.0,3.0,True
injected,1.0,30.0,24,60,2.086162567138672e-07,4.0,26.0,1.0,True
injected,1.0,30.0,24,120,1.4901161193847656e-06,4.0,23.0,1.0,True
injected_any,1.0,30.0,24,0,,,,,True
injected,1.0,30.0,25,30,1.372024416923523e-05,4.0,25.0,3.0,True
injected,1.0,30.0,25,60,9.715557098388672e-06,4.0,23.0,2.0,True
injected,1.0,30.0,25,120,0.000110626220703125,3.0,19.0,2.0,True
injected_any,1.0,30.0,25,0,,,,,True
injected,1.0,30.0,26,30,4.398822784423828e-05,4.0,23.0,3.0,True
injected,1.0,30.0,26,60,2.9802322387695312e-08,4.0,25.0,0.0,True
injected,1.0,30.0,26,120,9.5367431640625e-07,4.0,20.0,0.0,True
injected_any,1.0,30.0,26,0,,,,,True
injected,1.0,30.0,27,30,1.372024416923523e-05,4.0,25.0,3.0,True
injected,1.0,30.0,27,60,7.748603820800781e-07,4.0,24.0,1.0,True
injected,1.0,30.0,27,120,2.002716064453125e-05,4.0,19.0,1.0,True
injected_any,1.0,30.0,27,0,,,,,True
injected,1.0,30.0,28,30,9.715557098388672e-06,4.0,23.0,2.0,True
injected,1.0,30.0,28,60,4.76837158203125e-07,4.0,21.0,0.0,True
injected,1.0,30.0,28,120,6.0558319091796875e-05,4.0,20.0,2.0,True
injected_any,1.0,30.0,28,0,,,,,True
injected,1.0,30.0,29,30,0.003305375576019287,4.0,19.0,5.0,True
injected,1.0,30.0,29,60,0.001299738883972168,4.0,19.0,4.0,True
injected,1.0,30.0,29,120,0.0037689208984375,4.0,15.0,3.0,True
injected_any,1.0,30.0,29,0,,,,,True
injected,1.0,30.0,30,30,1.2780074030160904e-06,4.0,29.0,3.0,True
injected,1.0,30.0,30,60,2.086162567138672e-07,4.0,26.0,1.0,True
injected,1.0,30.0,30,120,9.5367431640625e-07,4.0,20.0,0.0,True
injected_any,1.0,30.0,30,0,,,,,True
injected,1.0,30.0,31,30,0.001299738883972168,4.0,19.0,4.0,True
injected,1.0,30.0,31,60,0.000110626220703125,3.0,19.0,2.0,True
injected,1.0,30.0,31,120,0.0004277229309082031,3.0,19.0,3.0,True
injected_any,1.0,30.0,31,0,,,,,True
injected,1.0,30.0,32,30,0.0004552602767944336,4.0,21.0,4.0,True
injected,1.0,30.0,32,60,6.0558319091796875e-05,4.0,20.0,2.0,True
injected,1.0,30.0,32,120,0.001299738883972168,4.0,19.0,4.0,True
injected_any,1.0,30.0,32,0,,,,,True
injected,1.0,30.0,33,30,9.650597348809242e-06,4.0,28.0,4.0,True
injected,1.0,30.0,33,60,5.587935447692871e-08,4.0,28.0,1.0,True
injected,1.0,30.0,33,120,9.715557098388672e-06,4.0,23.0,2.0,True
injected_any,1.0,30.0,33,0,,,,,True
injected,1.0,30.0,34,30,5.1857903599739075e-05,3.0,25.0,4.0,True
injected,1.0,30.0,34,60,5.245208740234375e-06,3.0,24.0,2.0,True
injected,1.0,30.0,34,120,1.7940998077392578e-05,3.0,22.0,2.0,True
injected_any,1.0,30.0,34,0,,,,,True
injected,1.0,30.0,35,30,0.000244140625,4.0,20.0,3.0,True
injected,1.0,30.0,35,60,1.9073486328125e-06,3.0,19.0,0.0,True
injected,1.0,30.0,35,120,7.62939453125e-06,3.0,17.0,0.0,True
injected_any,1.0,30.0,35,0,,,,,True
injected,1.0,30.0,36,30,1.372024416923523e-05,3.0,25.0,3.0,True
injected,1.0,30.0,36,60,8.121132850646973e-07,3.0,27.0,2.0,True
injected,1.0,30.0,36,120,1.7940998077392578e-05,3.0,22.0,2.0,True
injected_any,1.0,30.0,36,0,,,,,True
injected,1.0,30.0,37,30,1.7940998077392578e-05,4.0,22.0,2.0,True
injected,1.0,30.0,37,60,1.4901161193847656e-06,4.0,23.0,1.0,True
injected,1.0,30.0,37,120,5.4836273193359375e-06,4.0,21.0,1.0,True
injected_any,1.0,30.0,37,0,,,,,True
injected,1.0,30.0,38,30,7.826089859008789e-05,4.0,22.0,3.0,True
injected,1.0,30.0,38,60,5.4836273193359375e-06,4.0,21.0,1.0,True
injected,1.0,30.0,38,120,3.814697265625e-05,4.0,18.0,1.0,True
injected_any,1.0,30.0,38,0,,,,,True
injected,1.0,30.0,39,30,0.00026676058769226074,4.0,22.0,4.0,True
injected,1.0,30.0,39,60,3.3020973205566406e-05,4.0,21.0,2.0,True
injected,1.0,30.0,39,120,0.000110626220703125,4.0,19.0,2.0,True
injected_any,1.0,30.0,39,0,,,,,True
injected,1.0,30.0,40,30,0.0006593635771423578,3.0,26.0,7.0,True
injected,1.0,30.0,40,60,0.0001553744077682495,3.0,23.0,4.0,True
injected,1.0,30.0,40,120,0.0004552602767944336,4.0,21.0,4.0,True
injected_any,1.0,30.0,40,0,,,,,True
injected,1.0,30.0,41,30,1.7940998077392578e-05,4.0,22.0,2.0,True
injected,1.0,30.0,41,60,2.86102294921875e-06,4.0,22.0,1.0,True
injected,1.0,30.0,41,120,1.7940998077392578e-05,4.0,22.0,2.0,True
injected_any,1.0,30.0,41,0,,,,,True
injected,1.0,30.0,42,30,8.999556303024292e-05,4.0,24.0,4.0,True
injected,1.0,30.0,42,60,2.86102294921875e-06,4.0,22.0,1.0,True
injected,1.0,30.0,42,120,0.000110626220703125,4.0,19.0,2.0,True
injected_any,1.0,30.0,42,0,,,,,True
injected,1.0,30.0,43,30,0.0001385807991027832,4.0,21.0,3.0,True
injected,1.0,30.0,43,60,6.0558319091796875e-05,4.0,20.0,2.0,True
injected,1.0,30.0,43,120,0.0007448196411132812,4.0,18.0,3.0,True
injected_any,1.0,30.0,43,0,,,,,True
injected,1.0,30.0,44,30,7.826089859008789e-05,4.0,22.0,3.0,True
injected,1.0,30.0,44,60,3.814697265625e-05,4.0,18.0,1.0,True
injected,1.0,30.0,44,120,0.0007448196411132812,4.0,18.0,3.0,True
injected_any,1.0,30.0,44,0,,,,,True
injected,1.0,30.0,45,30,0.0004389551468193531,4.0,25.0,6.0,True
injected,1.0,30.0,45,60,4.398822784423828e-05,4.0,23.0,3.0,True
injected,1.0,30.0,45,120,0.000244140625,4.0,20.0,3.0,True
injected_any,1.0,30.0,45,0,,,,,True
injected,1.0,30.0,46,30,5.1857903599739075e-05,4.0,25.0,4.0,True
injected,1.0,30.0,46,60,2.4616718292236328e-05,4.0,24.0,3.0,True
injected,1.0,30.0,46,120,0.0007568597793579102,4.0,22.0,5.0,True
injected_any,1.0,30.0,46,0,,,,,True
injected,1.0,30.0,47,30,1.7940998077392578e-05,4.0,22.0,2.0,True
injected,1.0,30.0,47,60,2.384185791015625e-07,4.0,22.0,0.0,True
injected,1.0,30.0,47,120,7.62939453125e-06,4.0,17.0,0.0,True
injected_any,1.0,30.0,47,0,,,,,True
injected,1.0,30.0,48,30,2.9738061130046848e-05,4.0,26.0,4.0,True
injected,1.0,30.0,48,60,1.4901161193847656e-06,4.0,23.0,1.0,True
injected,1.0,30.0,48,120,6.0558319091796875e-05,4.0,20.0,2.0,True
injected_any,1.0,30.0,48,0,,,,,True
injected,1.0,30.0,49,30,4.398822784423828e-05,4.0,23.0,3.0,True
injected,1.0,30.0,49,60,5.4836273193359375e-06,4.0,21.0,1.0,True
injected,1.0,30.0,49,120,0.000244140625,4.0,20.0,3.0,True
injected_any,1.0,30.0,49,0,,,,,True
injected,1.0,30.0,50,30,0.0001553744077682495,4.0,23.0,4.0,True
injected,1.0,30.0,50,60,4.398822784423828e-05,3.0,23.0,3.0,True
injected,1.0,30.0,50,120,0.000244140625,3.0,20.0,3.0,True
injected_any,1.0,30.0,50,0,,,,,True
injected,1.0,30.0,51,30,0.0007568597793579102,4.0,22.0,5.0,True
injected,1.0,30.0,51,60,0.00026676058769226074,4.0,22.0,4.0,True
injected,1.0,30.0,51,120,0.000771939754486084,4.0,20.0,4.0,True
injected_any,1.0,30.0,51,0,,,,,True
injected,1.0,30.0,52,30,9.609758853912354e-05,3.0,26.0,5.0,True
injected,1.0,30.0,52,60,2.4616718292236328e-05,3.0,24.0,3.0,True
injected,1.0,30.0,52,120,3.3020973205566406e-05,4.0,21.0,2.0,True
injected_any,1.0,30.0,52,0,,,,,True
injected,1.0,30.0,53,30,1.7940998077392578e-05,4.0,22.0,2.0,True
injected,1.0,30.0,53,60,2.384185791015625e-07,4.0,22.0,0.0,True
injected,1.0,30.0,53,120,1.049041748046875e-05,4.0,20.0,1.0,True
injected_any,1.0,30.0,53,0,,,,,True
injected,1.0,30.0,54,30,0.0001385807991027832,4.0,21.0,3.0,True
injected,1.0,30.0,54,60,0.0007448196411132812,3.0,18.0,3.0,True
injected,1.0,30.0,54,120,0.0011749267578125,3.0,15.0,2.0,True
injected_any,1.0,30.0,54,0,,,,,True
injected,1.0,30.0,55,30,7.826089859008789e-05,4.0,22.0,3.0,True
injected,1.0,30.0,55,60,2.86102294921875e-06,4.0,22.0,1.0,True
injected,1.0,30.0,55,120,0.000110626220703125,4.0,19.0,2.0,True
injected_any,1.0,30.0,55,0,,,,,True
injected,1.0,30.0,56,30,4.215165972709656e-06,4.0,27.0,3.0,True
injected,1.0,30.0,56,60,2.086162567138672e-07,4.0,26.0,1.0,True
injected,1.0,30.0,56,120,3.3020973205566406e-05,4.0,21.0,2.0,True
injected_any,1.0,30.0,56,0,,,,,True
injected,1.0,30.0,57,30,4.398822784423828e-05,4.0,23.0,3.0,True
injected,1.0,30.0,57,60,1.1920928955078125e-07,4.0,23.0,0.0,True
injected,1.0,30.0,57,120,1.9073486328125e-06,4.0,19.0,0.0,True
injected_any,1.0,30.0,57,0,,,,,True
injected,1.0,30.0,58,30,9.650597348809242e-06,4.0,28.0,4.0,True
injected,1.0,30.0,58,60,1.516193151473999e-06,4.0,26.0,2.0,True
injected,1.0,30.0,58,120,3.3020973205566406e-05,4.0,21.0,2.0,True
injected_any,1.0,30.0,58,0,,,,,True
injected,1.0,30.0,59,30,0.000244140625,4.0,20.0,3.0,True
injected,1.0,30.0,59,60,1.049041748046875e-05,3.0,20.0,1.0,True
injected,1.0,30.0,59,120,3.814697265625e-05,3.0,18.0,1.0,True
injected_any,1.0,30.0,59,0,,,,,True
injected,1.0,30.0,60,30,2.9738061130046848e-05,4.0,26.0,4.0,True
injected,1.0,30.0,60,60,1.516193151473999e-06,4.0,26.0,2.0,True
injected,1.0,30.0,60,120,3.3020973205566406e-05,4.0,21.0,2.0,True
injected_any,1.0,30.0,60,0,,,,,True
injected,1.0,30.0,61,30,4.215165972709656e-06,4.0,27.0,3.0,True
injected,1.0,30.0,61,60,1.516193151473999e-06,4.0,26.0,2.0,True
injected,1.0,30.0,61,120,0.0001385807991027832,4.0,21.0,3.0,True
injected_any,1.0,30.0,61,0,,,,,True
injected,1.0,30.0,62,30,2.4616718292236328e-05,4.0,24.0,3.0,True
injected,1.0,30.0,62,60,3.3020973205566406e-05,4.0,21.0,2.0,True
injected,1.0,30.0,62,120,0.001299738883972168,3.0,19.0,4.0,True
injected_any,1.0,30.0,62,0,,,,,True
injected,1.0,30.0,63,30,4.398822784423828e-05,4.0,23.0,3.0,True
injected,1.0,30.0,63,60,7.748603820800781e-07,4.0,24.0,1.0,True
injected,1.0,30.0,63,120,6.0558319091796875e-05,4.0,20.0,2.0,True
injected_any,1.0,30.0,63,0,,,,,True
injected,1.0,30.0,64,30,2.9738061130046848e-05,4.0,26.0,4.0,True
injected,1.0,30.0,64,60,1.4901161193847656e-06,4.0,23.0,1.0,True
injected,1.0,30.0,64,120,0.000244140625,4.0,20.0,3.0,True
injected_any,1.0,30.0,64,0,,,,,True
injected,1.0,30.0,65,30,2.4616718292236328e-05,4.0,24.0,3.0,True
injected,1.0,30.0,65,60,2.86102294921875e-06,4.0,22.0,1.0,True
injected,1.0,30.0,65,120,0.000110626220703125,4.0,19.0,2.0,True
injected_any,1.0,30.0,65,0,,,,,True
injected,1.0,30.0,66,30,3.3020973205566406e-05,4.0,21.0,2.0,True
injected,1.0,30.0,66,60,2.86102294921875e-06,4.0,22.0,1.0,True
injected,1.0,30.0,66,120,0.000771939754486084,4.0,20.0,4.0,True
injected_any,1.0,30.0,66,0,,,,,True
injected,1.0,30.0,67,30,0.00026676058769226074,4.0,22.0,4.0,True
injected,1.0,30.0,67,60,9.715557098388672e-06,4.0,23.0,2.0,True
injected,1.0,30.0,67,120,0.00020122528076171875,3.0,18.0,2.0,True
injected_any,1.0,30.0,67,0,,,,,True
injected,1.0,30.0,68,30,7.618218660354614e-06,4.0,26.0,3.0,True
injected,1.0,30.0,68,60,4.023313522338867e-07,4.0,25.0,1.0,True
injected,1.0,30.0,68,120,6.0558319091796875e-05,3.0,20.0,2.0,True
injected_any,1.0,30.0,68,0,,,,,True
injected,1.0,30.0,69,30,7.618218660354614e-06,4.0,26.0,3.0,True
injected,1.0,30.0,69,60,1.0803341865539551e-07,4.0,27.0,1.0,True
injected,1.0,30.0,69,120,1.7940998077392578e-05,4.0,22.0,2.0,True
injected_any,1.0,30.0,69,0,,,,,True
injected,1.0,30.0,70,30,0.00045611709356307983,4.0,23.0,5.0,True
injected,1.0,30.0,70,60,0.000244140625,3.0,20.0,3.0,True
injected,1.0,30.0,70,120,0.0003643035888671875,3.0,17.0,2.0,True
injected_any,1.0,30.0,70,0,,,,,True
injected,1.0,30.0,71,30,0.00020122528076171875,4.0,18.0,2.0,True
injected,1.0,30.0,71,60,2.002716064453125e-05,4.0,19.0,1.0,True
injected,1.0,30.0,71,120,0.0022125244140625,4.0,16.0,3.0,True
injected_any,1.0,30.0,71,0,,,,,True
injected,1.0,30.0,72,30,0.00020122528076171875,4.0,18.0,2.0,True
injected,1.0,30.0,72,60,0.0003643035888671875,3.0,17.0,2.0,True
injected,1.0,30.0,72,120,0.0012884140014648438,3.0,17.0,3.0,True
injected_any,1.0,30.0,72,0,,,,,True
injected,1.0,30.0,73,30,2.823770046234131e-06,4.0,25.0,2.0,True
injected,1.0,30.0,73,60,7.748603820800781e-07,4.0,24.0,1.0,True
injected,1.0,30.0,73,120,5.4836273193359375e-06,4.0,21.0,1.0,True
injected_any,1.0,30.0,73,0,,,,,True
injected,1.0,30.0,74,30,7.826089859008789e-05,4.0,22.0,3.0,True
injected,1.0,30.0,74,60,2.002716064453125e-05,4.0,19.0,1.0,True
injected,1.0,30.0,74,120,0.0001373291015625,4.0,16.0,1.0,True
injected_any,1.0,30.0,74,0,,,,,True
injected,1.0,30.0,75,30,0.000244140625,3.0,20.0,3.0,True
injected,1.0,30.0,75,60,5.4836273193359375e-06,3.0,21.0,1.0,True
injected,1.0,30.0,75,120,7.2479248046875e-05,3.0,17.0,1.0,True
injected_any,1.0,30.0,75,0,,,,,True
injected,1.0,30.0,76,30,0.0007448196411132812,4.0,18.0,3.0,True
injected,1.0,30.0,76,60,0.0004277229309082031,4.0,19.0,3.0,True
injected,1.0,30.0,76,120,0.005311012268066406,4.0,18.0,5.0,True
injected_any,1.0,30.0,76,0,,,,,True
injected,1.0,30.0,77,30,2.4616718292236328e-05,4.0,24.0,3.0,True
injected,1.0,30.0,77,60,1.1920928955078125e-07,4.0,23.0,0.0,True
injected,1.0,30.0,77,120,3.814697265625e-06,4.0,18.0,0.0,True
injected_any,1.0,30.0,77,0,,,,,True
injected,1.0,30.0,78,30,0.0002730563282966614,4.0,24.0,5.0,True
injected,1.0,30.0,78,60,4.398822784423828e-05,4.0,23.0,3.0,True
injected,1.0,30.0,78,120,0.000244140625,4.0,20.0,3.0,True
injected_any,1.0,30.0,78,0,,,,,True
injected,1.0,30.0,79,30,4.33996319770813e-07,4.0,28.0,2.0,True
injected,1.0,30.0,79,60,4.023313522338867e-07,4.0,25.0,1.0,True
injected,1.0,30.0,79,120,7.826089859008789e-05,4.0,22.0,3.0,True
injected_any,1.0,30.0,79,0,,,,,True
injected,1.0,30.0,80,30,1.516193151473999e-06,4.0,26.0,2.0,True
injected,1.0,30.0,80,60,4.023313522338867e-07,4.0,25.0,1.0,True
injected,1.0,30.0,80,120,2.002716064453125e-05,3.0,19.0,1.0,True
injected_any,1.0,30.0,80,0,,,,,True
injected,1.0,30.0,81,30,9.715557098388672e-06,4.0,23.0,2.0,True
injected,1.0,30.0,81,60,9.5367431640625e-07,4.0,20.0,0.0,True
injected,1.0,30.0,81,120,2.002716064453125e-05,4.0,19.0,1.0,True
injected_any,1.0,30.0,81,0,,,,,True
injected,1.0,30.0,82,30,0.0029623061418533325,4.0,21.0,6.0,True
injected,1.0,30.0,82,60,0.0007448196411132812,3.0,18.0,3.0,True
injected,1.0,30.0,82,120,0.005908966064453125,3.0,16.0,4.0,True
injected_any,1.0,30.0,82,0,,,,,True
injected,1.0,30.0,83,30,5.653710104525089e-05,4.0,27.0,5.0,True
injected,1.0,30.0,83,60,4.398822784423828e-05,4.0,23.0,3.0,True
injected,1.0,30.0,83,120,0.001299738883972168,4.0,19.0,4.0,True
injected_any,1.0,30.0,83,0,,,,,True
injected,1.0,30.0,84,30,7.618218660354614e-06,4.0,26.0,3.0,True
injected,1.0,30.0,84,60,4.398822784423828e-05,4.0,23.0,3.0,True
injected,1.0,30.0,84,120,0.0018595829606056213,4.0,22.0,6.0,True
injected_any,1.0,30.0,84,0,,,,,True
injected,1.0,30.0,85,30,0.00045611709356307983,3.0,23.0,5.0,True
injected,1.0,30.0,85,60,6.0558319091796875e-05,3.0,20.0,2.0,True
injected,1.0,30.0,85,120,0.000110626220703125,4.0,19.0,2.0,True
injected_any,1.0,30.0,85,0,,,,,True
injected,1.0,30.0,86,30,2.4616718292236328e-05,4.0,24.0,3.0,True
injected,1.0,30.0,86,60,2.086162567138672e-07,4.0,26.0,1.0,True
injected,1.0,30.0,86,120,1.7940998077392578e-05,4.0,22.0,2.0,True
injected_any,1.0,30.0,86,0,,,,,True
injected,1.0,30.0,87,30,4.215165972709656e-06,4.0,27.0,3.0,True
injected,1.0,30.0,87,60,1.516193151473999e-06,4.0,26.0,2.0,True
injected,1.0,30.0,87,120,1.7940998077392578e-05,4.0,22.0,2.0,True
injected_any,1.0,30.0,87,0,,,,,True
injected,1.0,30.0,88,30,0.0007568597793579102,4.0,22.0,5.0,True
injected,1.0,30.0,88,60,0.0001385807991027832,4.0,21.0,3.0,True
injected,1.0,30.0,88,120,0.0004277229309082031,4.0,19.0,3.0,True
injected_any,1.0,30.0,88,0,,,,,True
injected,1.0,30.0,89,30,1.372024416923523e-05,4.0,25.0,3.0,True
injected,1.0,30.0,89,60,7.748603820800781e-07,4.0,24.0,1.0,True
injected,1.0,30.0,89,120,1.049041748046875e-05,4.0,20.0,1.0,True
injected_any,1.0,30.0,89,0,,,,,True
injected,1.0,30.0,90,30,8.999556303024292e-05,4.0,24.0,4.0,True
injected,1.0,30.0,90,60,2.86102294921875e-06,4.0,22.0,1.0,True
injected,1.0,30.0,90,120,1.9073486328125e-06,4.0,19.0,0.0,True
injected_any,1.0,30.0,90,0,,,,,True
injected,1.0,30.0,91,30,5.1857903599739075e-05,4.0,25.0,4.0,True
injected,1.0,30.0,91,60,2.86102294921875e-06,4.0,22.0,1.0,True
injected,1.0,30.0,91,120,7.2479248046875e-05,3.0,17.0,1.0,True
injected_any,1.0,30.0,91,0,,,,,True
injected,1.0,30.0,92,30,1.372024416923523e-05,4.0,25.0,3.0,True
injected,1.0,30.0,92,60,2.86102294921875e-06,4.0,22.0,1.0,True
injected,1.0,30.0,92,120,0.000110626220703125,4.0,19.0,2.0,True
injected_any,1.0,30.0,92,0,,,,,True
injected,1.0,30.0,93,30,8.999556303024292e-05,4.0,24.0,4.0,True
injected,1.0,30.0,93,60,0.000110626220703125,4.0,19.0,2.0,True
injected,1.0,30.0,93,120,0.0020386576652526855,4.0,20.0,5.0,True
injected_any,1.0,30.0,93,0,,,,,True
injected,1.0,30.0,94,30,0.0001385807991027832,4.0,21.0,3.0,True
injected,1.0,30.0,94,60,4.76837158203125e-07,4.0,21.0,0.0,True
injected,1.0,30.0,94,120,1.049041748046875e-05,3.0,20.0,1.0,True
injected_any,1.0,30.0,94,0,,,,,True
injected,1.0,30.0,95,30,0.0004277229309082031,3.0,19.0,3.0,True
injected,1.0,30.0,95,60,3.814697265625e-05,3.0,18.0,1.0,True
injected,1.0,30.0,95,120,0.0003643035888671875,3.0,17.0,2.0,True
injected_any,1.0,30.0,95,0,,,,,True
injected,1.0,30.0,96,30,2.9738061130046848e-05,4.0,26.0,4.0,True
injected,1.0,30.0,96,60,1.516193151473999e-06,4.0,26.0,2.0,True
injected,1.0,30.0,96,120,0.0001385807991027832,4.0,21.0,3.0,True
injected_any,1.0,30.0,96,0,,,,,True
injected,1.0,30.0,97,30,1.7940998077392578e-05,4.0,22.0,2.0,True
injected,1.0,30.0,97,60,3.3020973205566406e-05,4.0,21.0,2.0,True
injected,1.0,30.0,97,120,0.0007448196411132812,4.0,18.0,3.0,True
injected_any,1.0,30.0,97,0,,,,,True
injected,1.0,30.0,98,30,0.0001553744077682495,4.0,23.0,4.0,True
injected,1.0,30.0,98,60,1.4901161193847656e-06,4.0,23.0,1.0,True
injected,1.0,30.0,98,120,3.3020973205566406e-05,4.0,21.0,2.0,True
injected_any,1.0,30.0,98,0,,,,,True
injected,1.0,30.0,99,30,0.00045611709356307983,3.0,23.0,5.0,True
injected,1.0,30.0,99,60,0.0004277229309082031,3.0,19.0,3.0,True
injected,1.0,30.0,99,120,0.0006561279296875,3.0,16.0,2.0,True
injected_any,1.0,30.0,99,0,,,,,True
injected,1.0,60.0,0,30,0.4018096923828125,2.0,9.0,7.0,False
injected,1.0,60.0,0,60,6.0558319091796875e-05,3.0,20.0,2.0,True
injected,1.0,60.0,0,120,5.4836273193359375e-06,4.0,21.0,1.0,True
injected_any,1.0,60.0,0,0,,,,,True
injected,1.0,60.0,1,30,0.4018096923828125,2.0,9.0,7.0,False
injected,1.0,60.0,1,60,0.000110626220703125,3.0,19.0,2.0,True
injected,1.0,60.0,1,120,0.0007448196411132812,3.0,18.0,3.0,True
injected_any,1.0,60.0,1,0,,,,,True
injected,1.0,60.0,2,30,0.4018096923828125,2.0,9.0,7.0,False
injected,1.0,60.0,2,60,0.0004277229309082031,3.0,19.0,3.0,True
injected,1.0,60.0,2,120,3.3020973205566406e-05,4.0,21.0,2.0,True
injected_any,1.0,60.0,2,0,,,,,True
injected,1.0,60.0,3,30,0.4999999999999999,2.0,8.0,7.0,False
injected,1.0,60.0,3,60,0.0035986900329589844,3.0,17.0,4.0,True
injected,1.0,60.0,3,120,0.0029623061418533325,4.0,21.0,6.0,True
injected_any,1.0,60.0,3,0,,,,,True
injected,1.0,60.0,4,30,0.4999999999999999,2.0,8.0,7.0,False
injected,1.0,60.0,4,60,0.00020122528076171875,3.0,18.0,2.0,True
injected,1.0,60.0,4,120,0.0007448196411132812,3.0,18.0,3.0,True
injected_any,1.0,60.0,4,0,,,,,True
injected,1.0,60.0,5,30,0.4018096923828125,2.0,9.0,7.0,False
injected,1.0,60.0,5,60,7.2479248046875e-05,3.0,17.0,1.0,True
injected,1.0,60.0,5,120,0.0007448196411132812,3.0,18.0,3.0,True
injected_any,1.0,60.0,5,0,,,,,True
injected,1.0,60.0,6,30,0.4018096923828125,2.0,9.0,7.0,False
injected,1.0,60.0,6,60,0.000110626220703125,3.0,19.0,2.0,True
injected,1.0,60.0,6,120,3.814697265625e-06,4.0,18.0,0.0,True
injected_any,1.0,60.0,6,0,,,,,True
injected,1.0,60.0,7,30,0.4999999999999999,2.0,8.0,7.0,False
injected,1.0,60.0,7,60,0.0035986900329589844,3.0,17.0,4.0,True
injected,1.0,60.0,7,120,0.005311012268066406,4.0,18.0,5.0,True
injected_any,1.0,60.0,7,0,,,,,True
injected,1.0,60.0,8,30,0.4999999999999999,2.0,8.0,7.0,False
injected,1.0,60.0,8,60,0.01544189453125,3.0,14.0,4.0,True
injected,1.0,60.0,8,120,0.0022125244140625,4.0,16.0,3.0,True
injected_any,1.0,60.0,8,0,,,,,True
injected,1.0,60.0,9,30,0.4999999999999999,2.0,8.0,7.0,False
injected,1.0,60.0,9,60,0.003305375576019287,3.0,19.0,5.0,True
injected,1.0,60.0,9,120,0.000771939754486084,4.0,20.0,4.0,True
injected_any,1.0,60.0,9,0,,,,,True
injected,1.0,60.0,10,30,0.4018096923828125,2.0,9.0,7.0,False
injected,1.0,60.0,10,60,0.000110626220703125,3.0,19.0,2.0,True
injected,1.0,60.0,10,120,0.000771939754486084,4.0,20.0,4.0,True
injected_any,1.0,60.0,10,0,,,,,True
injected,1.0,60.0,11,30,0.4018096923828125,2.0,9.0,7.0,False
injected,1.0,60.0,11,60,0.0003643035888671875,3.0,17.0,2.0,True
injected,1.0,60.0,11,120,0.0007448196411132812,4.0,18.0,3.0,True
injected_any,1.0,60.0,11,0,,,,,True
injected,1.0,60.0,12,30,0.4018096923828125,2.0,9.0,7.0,False
injected,1.0,60.0,12,60,0.0003643035888671875,3.0,17.0,2.0,True
injected,1.0,60.0,12,120,0.0035986900329589844,3.0,17.0,4.0,True
injected_any,1.0,60.0,12,0,,,,,True
injected,1.0,60.0,13,30,0.395263671875,2.0,8.0,6.0,False
injected,1.0,60.0,13,60,0.0001553744077682495,3.0,23.0,4.0,True
injected,1.0,60.0,13,120,4.398822784423828e-05,4.0,23.0,3.0,True
injected_any,1.0,60.0,13,0,,,,,True
injected,1.0,60.0,14,30,0.4018096923828125,2.0,9.0,7.0,False
injected,1.0,60.0,14,60,1.049041748046875e-05,3.0,20.0,1.0,True
injected,1.0,60.0,14,120,3.3020973205566406e-05,4.0,21.0,2.0,True
injected_any,1.0,60.0,14,0,,,,,True
injected,1.0,60.0,15,30,0.4018096923828125,2.0,9.0,7.0,False
injected,1.0,60.0,15,60,6.0558319091796875e-05,3.0,20.0,2.0,True
injected,1.0,60.0,15,120,3.3020973205566406e-05,4.0,21.0,2.0,True
injected_any,1.0,60.0,15,0,,,,,True
injected,1.0,60.0,16,30,0.4018096923828125,2.0,9.0,7.0,False
injected,1.0,60.0,16,60,0.0007448196411132812,3.0,18.0,3.0,True
injected,1.0,60.0,16,120,0.00020122528076171875,4.0,18.0,2.0,True
injected_any,1.0,60.0,16,0,,,,,True
injected,1.0,60.0,17,30,0.4018096923828125,2.0,9.0,7.0,False
injected,1.0,60.0,17,60,0.000110626220703125,3.0,19.0,2.0,True
injected,1.0,60.0,17,120,1.9073486328125e-06,4.0,19.0,0.0,True
injected_any,1.0,60.0,17,0,,,,,True
injected,1.0,60.0,18,30,0.4018096923828125,2.0,9.0,7.0,False
injected,1.0,60.0,18,60,7.2479248046875e-05,3.0,17.0,1.0,True
injected,1.0,60.0,18,120,0.00020122528076171875,4.0,18.0,2.0,True
injected_any,1.0,60.0,18,0,,,,,True
injected,1.0,60.0,19,30,0.4018096923828125,2.0,9.0,7.0,False
injected,1.0,60.0,19,60,6.0558319091796875e-05,3.0,20.0,2.0,True
injected,1.0,60.0,19,120,3.3020973205566406e-05,4.0,21.0,2.0,True
injected_any,1.0,60.0,19,0,,,,,True
injected,1.0,60.0,20,30,0.4018096923828125,2.0,9.0,7.0,False
injected,1.0,60.0,20,60,0.000110626220703125,3.0,19.0,2.0,True
injected,1.0,60.0,20,120,6.0558319091796875e-05,4.0,20.0,2.0,True
injected_any,1.0,60.0,20,0,,,,,True
injected,1.0,60.0,21,30,0.4018096923828125,2.0,9.0,7.0,False
injected,1.0,60.0,21,60,3.814697265625e-05,3.0,18.0,1.0,True
injected,1.0,60.0,21,120,6.0558319091796875e-05,3.0,20.0,2.0,True
injected_any,1.0,60.0,21,0,,,,,True
injected,1.0,60.0,22,30,0.4018096923828125,2.0,9.0,7.0,False
injected,1.0,60.0,22,60,0.0003643035888671875,3.0,17.0,2.0,True
injected,1.0,60.0,22,120,0.00020122528076171875,3.0,18.0,2.0,True
injected_any,1.0,60.0,22,0,,,,,True
injected,1.0,60.0,23,30,0.4018096923828125,2.0,9.0,7.0,False
injected,1.0,60.0,23,60,0.0007448196411132812,3.0,18.0,3.0,True
injected,1.0,60.0,23,120,0.000110626220703125,4.0,19.0,2.0,True
injected_any,1.0,60.0,23,0,,,,,True
injected,1.0,60.0,24,30,0.4018096923828125,2.0,9.0,7.0,False
injected,1.0,60.0,24,60,3.3020973205566406e-05,3.0,21.0,2.0,True
injected,1.0,60.0,24,120,1.7940998077392578e-05,4.0,22.0,2.0,True
injected_any,1.0,60.0,24,0,,,,,True
injected,1.0,60.0,25,30,0.4018096923828125,2.0,9.0,7.0,False
injected,1.0,60.0,25,60,0.0004277229309082031,3.0,19.0,3.0,True
injected,1.0,60.0,25,120,0.00020122528076171875,3.0,18.0,2.0,True
injected_any,1.0,60.0,25,0,,,,,True
injected,1.0,60.0,26,30,0.4018096923828125,2.0,9.0,7.0,False
injected,1.0,60.0,26,60,6.0558319091796875e-05,3.0,20.0,2.0,True
injected,1.0,60.0,26,120,6.0558319091796875e-05,4.0,20.0,2.0,True
injected_any,1.0,60.0,26,0,,,,,True
injected,1.0,60.0,27,30,0.4018096923828125,2.0,9.0,7.0,False
injected,1.0,60.0,27,60,0.000110626220703125,3.0,19.0,2.0,True
injected,1.0,60.0,27,120,0.00020122528076171875,4.0,18.0,2.0,True
injected_any,1.0,60.0,27,0,,,,,True
injected,1.0,60.0,28,30,0.4018096923828125,2.0,9.0,7.0,False
injected,1.0,60.0,28,60,7.2479248046875e-05,3.0,17.0,1.0,True
injected,1.0,60.0,28,120,0.000244140625,4.0,20.0,3.0,True
injected_any,1.0,60.0,28,0,,,,,True
injected,1.0,60.0,29,30,0.4999999999999999,2.0,8.0,7.0,False
injected,1.0,60.0,29,60,0.013301849365234375,3.0,16.0,5.0,True
injected,1.0,60.0,29,120,0.0106353759765625,4.0,13.0,3.0,True
injected_any,1.0,60.0,29,0,,,,,True
injected,1.0,60.0,30,30,0.4018096923828125,2.0,9.0,7.0,False
injected,1.0,60.0,30,60,0.000110626220703125,3.0,19.0,2.0,True
injected,1.0,60.0,30,120,1.049041748046875e-05,4.0,20.0,1.0,True
injected_any,1.0,60.0,30,0,,,,,True
injected,1.0,60.0,31,30,0.4018096923828125,2.0,9.0,7.0,False
injected,1.0,60.0,31,60,0.0012884140014648438,3.0,17.0,3.0,True
injected,1.0,60.0,31,120,0.002171754837036133,3.0,18.0,4.0,True
injected_any,1.0,60.0,31,0,,,,,True
injected,1.0,60.0,32,30,0.4999999999999999,2.0,8.0,7.0,False
injected,1.0,60.0,32,60,0.0022125244140625,3.0,16.0,3.0,True
injected,1.0,60.0,32,120,0.003305375576019287,4.0,19.0,5.0,True
injected_any,1.0,60.0,32,0,,,,,True
injected,1.0,60.0,33,30,0.395263671875,2.0,8.0,6.0,False
injected,1.0,60.0,33,60,7.826089859008789e-05,3.0,22.0,3.0,True
injected,1.0,60.0,33,120,7.826089859008789e-05,4.0,22.0,3.0,True
injected_any,1.0,60.0,33,0,,,,,True
injected,1.0,60.0,34,30,0.4018096923828125,2.0,9.0,7.0,False
injected,1.0,60.0,34,60,0.0001385807991027832,3.0,21.0,3.0,True
injected,1.0,60.0,34,120,1.7940998077392578e-05,3.0,22.0,2.0,True
injected_any,1.0,60.0,34,0,,,,,True
injected,1.0,60.0,35,30,0.4999999999999999,2.0,8.0,7.0,False
injected,1.0,60.0,35,60,3.814697265625e-05,3.0,18.0,1.0,True
injected,1.0,60.0,35,120,1.52587890625e-05,3.0,16.0,0.0,True
injected_any,1.0,60.0,35,0,,,,,True
injected,1.0,60.0,36,30,0.4018096923828125,2.0,9.0,7.0,False
injected,1.0,60.0,36,60,1.7940998077392578e-05,3.0,22.0,2.0,True
injected,1.0,60.0,36,120,6.0558319091796875e-05,3.0,20.0,2.0,True
injected_any,1.0,60.0,36,0,,,,,True
injected,1.0,60.0,37,30,0.4018096923828125,2.0,9.0,7.0,False
injected,1.0,60.0,37,60,5.4836273193359375e-06,3.0,21.0,1.0,True
injected,1.0,60.0,37,120,2.002716064453125e-05,4.0,19.0,1.0,True
injected_any,1.0,60.0,37,0,,,,,True
injected,1.0,60.0,38,30,0.4018096923828125,2.0,9.0,7.0,False
injected,1.0,60.0,38,60,0.00020122528076171875,3.0,18.0,2.0,True
injected,1.0,60.0,38,120,2.002716064453125e-05,4.0,19.0,1.0,True
injected_any,1.0,60.0,38,0,,,,,True
injected,1.0,60.0,39,30,0.4999999999999999,2.0,8.0,7.0,False
injected,1.0,60.0,39,60,0.0007448196411132812,3.0,18.0,3.0,True
injected,1.0,60.0,39,120,0.0004277229309082031,4.0,19.0,3.0,True
injected_any,1.0,60.0,39,0,,,,,True
injected,1.0,60.0,40,30,0.4018096923828125,2.0,9.0,7.0,False
injected,1.0,60.0,40,60,0.000771939754486084,3.0,20.0,4.0,True
injected,1.0,60.0,40,120,0.0001385807991027832,4.0,21.0,3.0,True
injected_any,1.0,60.0,40,0,,,,,True
injected,1.0,60.0,41,30,0.4018096923828125,2.0,9.0,7.0,False
injected,1.0,60.0,41,60,1.049041748046875e-05,3.0,20.0,1.0,True
injected,1.0,60.0,41,120,3.3020973205566406e-05,4.0,21.0,2.0,True
injected_any,1.0,60.0,41,0,,,,,True
injected,1.0,60.0,42,30,0.4999999999999999,2.0,8.0,7.0,False
injected,1.0,60.0,42,60,0.00020122528076171875,3.0,18.0,2.0,True
injected,1.0,60.0,42,120,0.0004277229309082031,4.0,19.0,3.0,True
injected_any,1.0,60.0,42,0,,,,,True
injected,1.0,60.0,43,30,0.4999999999999999,2.0,8.0,7.0,False
injected,1.0,60.0,43,60,7.2479248046875e-05,3.0,17.0,1.0,True
injected,1.0,60.0,43,120,0.0006561279296875,4.0,16.0,2.0,True
injected_any,1.0,60.0,43,0,,,,,True
injected,1.0,60.0,44,30,0.4999999999999999,2.0,8.0,7.0,False
injected,1.0,60.0,44,60,0.0011749267578125,3.0,15.0,2.0,True
injected,1.0,60.0,44,120,0.003305375576019287,4.0,19.0,5.0,True
injected_any,1.0,60.0,44,0,,,,,True
injected,1.0,60.0,45,30,0.4018096923828125,2.0,9.0,7.0,False
injected,1.0,60.0,45,60,0.000771939754486084,3.0,20.0,4.0,True
injected,1.0,60.0,45,120,0.0004552602767944336,4.0,21.0,4.0,True
injected_any,1.0,60.0,45,0,,,,,True
injected,1.0,60.0,46,30,0.4018096923828125,2.0,9.0,7.0,False
injected,1.0,60.0,46,60,6.0558319091796875e-05,3.0,20.0,2.0,True
injected,1.0,60.0,46,120,0.000771939754486084,4.0,20.0,4.0,True
injected_any,1.0,60.0,46,0,,,,,True
injected,1.0,60.0,47,30,0.4018096923828125,2.0,9.0,7.0,False
injected,1.0,60.0,47,60,3.814697265625e-05,3.0,18.0,1.0,True
injected,1.0,60.0,47,120,0.0001373291015625,4.0,16.0,1.0,True
injected_any,1.0,60.0,47,0,,,,,True
injected,1.0,60.0,48,30,0.4018096923828125,2.0,9.0,7.0,False
injected,1.0,60.0,48,60,0.00020122528076171875,3.0,18.0,2.0,True
injected,1.0,60.0,48,120,0.0001385807991027832,4.0,21.0,3.0,True
injected_any,1.0,60.0,48,0,,,,,True
injected,1.0,60.0,49,30,0.4999999999999999,2.0,8.0,7.0,False
injected,1.0,60.0,49,60,0.0012884140014648438,3.0,17.0,3.0,True
injected,1.0,60.0,49,120,0.0004277229309082031,4.0,19.0,3.0,True
injected_any,1.0,60.0,49,0,,,,,True
injected,1.0,60.0,50,30,0.4018096923828125,2.0,9.0,7.0,False
injected,1.0,60.0,50,60,0.0004552602767944336,3.0,21.0,4.0,True
injected,1.0,60.0,50,120,0.000244140625,3.0,20.0,3.0,True
injected_any,1.0,60.0,50,0,,,,,True
injected,1.0,60.0,51,30,0.4999999999999999,2.0,8.0,7.0,False
injected,1.0,60.0,51,60,0.0020386576652526855,3.0,20.0,5.0,True
injected,1.0,60.0,51,120,0.0020386576652526855,4.0,20.0,5.0,True
injected_any,1.0,60.0,51,0,,,,,True
injected,1.0,60.0,52,30,0.4018096923828125,2.0,9.0,7.0,False
injected,1.0,60.0,52,60,0.0004552602767944336,3.0,21.0,4.0,True
injected,1.0,60.0,52,120,0.0001385807991027832,4.0,21.0,3.0,True
injected_any,1.0,60.0,52,0,,,,,True
injected,1.0,60.0,53,30,0.4018096923828125,2.0,9.0,7.0,False
injected,1.0,60.0,53,60,1.049041748046875e-05,3.0,20.0,1.0,True
injected,1.0,60.0,53,120,0.000110626220703125,4.0,19.0,2.0,True
injected_any,1.0,60.0,53,0,,,,,True
injected,1.0,60.0,54,30,0.4999999999999999,2.0,8.0,7.0,False
injected,1.0,60.0,54,60,0.0006561279296875,3.0,16.0,2.0,True
injected,1.0,60.0,54,120,0.0002593994140625,3.0,15.0,1.0,True
injected_any,1.0,60.0,54,0,,,,,True
injected,1.0,60.0,55,30,0.4018096923828125,2.0,9.0,7.0,False
injected,1.0,60.0,55,60,0.00020122528076171875,3.0,18.0,2.0,True
injected,1.0,60.0,55,120,0.0007448196411132812,4.0,18.0,3.0,True
injected_any,1.0,60.0,55,0,,,,,True
injected,1.0,60.0,56,30,0.4018096923828125,2.0,9.0,7.0,False
injected,1.0,60.0,56,60,0.000244140625,3.0,20.0,3.0,True
injected,1.0,60.0,56,120,0.000244140625,4.0,20.0,3.0,True
injected_any,1.0,60.0,56,0,,,,,True
injected,1.0,60.0,57,30,0.4018096923828125,2.0,9.0,7.0,False
injected,1.0,60.0,57,60,2.002716064453125e-05,3.0,19.0,1.0,True
injected,1.0,60.0,57,120,2.002716064453125e-05,4.0,19.0,1.0,True
injected_any,1.0,60.0,57,0,,,,,True
injected,1.0,60.0,58,30,0.4018096923828125,2.0,9.0,7.0,False
injected,1.0,60.0,58,60,0.000771939754486084,3.0,20.0,4.0,True
injected,1.0,60.0,58,120,0.000244140625,4.0,20.0,3.0,True
injected_any,1.0,60.0,58,0,,,,,True
injected,1.0,60.0,59,30,0.4018096923828125,2.0,9.0,7.0,False
injected,1.0,60.0,59,60,2.002716064453125e-05,3.0,19.0,1.0,True
injected,1.0,60.0,59,120,2.002716064453125e-05,3.0,19.0,1.0,True
injected_any,1.0,60.0,59,0,,,,,True
injected,1.0,60.0,60,30,0.4018096923828125,2.0,9.0,7.0,False
injected,1.0,60.0,60,60,0.000110626220703125,3.0,19.0,2.0,True
injected,1.0,60.0,60,120,6.0558319091796875e-05,4.0,20.0,2.0,True
injected_any,1.0,60.0,60,0,,,,,True
injected,1.0,60.0,61,30,0.4018096923828125,2.0,9.0,7.0,False
injected,1.0,60.0,61,60,6.0558319091796875e-05,3.0,20.0,2.0,True
injected,1.0,60.0,61,120,0.0004552602767944336,4.0,21.0,4.0,True
injected_any,1.0,60.0,61,0,,,,,True
injected,1.0,60.0,62,30,0.4018096923828125,2.0,9.0,7.0,False
injected,1.0,60.0,62,60,0.00020122528076171875,3.0,18.0,2.0,True
injected,1.0,60.0,62,120,0.003305375576019287,3.0,19.0,5.0,True
injected_any,1.0,60.0,62,0,,,,,True
injected,1.0,60.0,63,30,0.4018096923828125,2.0,9.0,7.0,False
injected,1.0,60.0,63,60,0.00020122528076171875,3.0,18.0,2.0,True
injected,1.0,60.0,63,120,0.0004277229309082031,4.0,19.0,3.0,True
injected_any,1.0,60.0,63,0,,,,,True
injected,1.0,60.0,64,30,0.4018096923828125,2.0,9.0,7.0,False
injected,1.0,60.0,64,60,7.2479248046875e-05,3.0,17.0,1.0,True
injected,1.0,60.0,64,120,0.0004277229309082031,4.0,19.0,3.0,True
injected_any,1.0,60.0,64,0,,,,,True
injected,1.0,60.0,65,30,0.4018096923828125,2.0,9.0,7.0,False
injected,1.0,60.0,65,60,0.000110626220703125,3.0,19.0,2.0,True
injected,1.0,60.0,65,120,0.000244140625,4.0,20.0,3.0,True
injected_any,1.0,60.0,65,0,,,,,True
injected,1.0,60.0,66,30,0.4018096923828125,2.0,9.0,7.0,False
injected,1.0,60.0,66,60,7.2479248046875e-05,3.0,17.0,1.0,True
injected,1.0,60.0,66,120,0.002171754837036133,4.0,18.0,4.0,True
injected_any,1.0,60.0,66,0,,,,,True
injected,1.0,60.0,67,30,0.4999999999999999,2.0,8.0,7.0,False
injected,1.0,60.0,67,60,0.000110626220703125,3.0,19.0,2.0,True
injected,1.0,60.0,67,120,0.000110626220703125,3.0,19.0,2.0,True
injected_any,1.0,60.0,67,0,,,,,True
injected,1.0,60.0,68,30,0.4018096923828125,2.0,9.0,7.0,False
injected,1.0,60.0,68,60,2.002716064453125e-05,3.0,19.0,1.0,True
injected,1.0,60.0,68,120,0.000244140625,3.0,20.0,3.0,True
injected_any,1.0,60.0,68,0,,,,,True
injected,1.0,60.0,69,30,0.4018096923828125,2.0,9.0,7.0,False
injected,1.0,60.0,69,60,3.3020973205566406e-05,3.0,21.0,2.0,True
injected,1.0,60.0,69,120,0.0001385807991027832,4.0,21.0,3.0,True
injected_any,1.0,60.0,69,0,,,,,True
injected,1.0,60.0,70,30,0.4018096923828125,2.0,9.0,7.0,False
injected,1.0,60.0,70,60,0.0035986900329589844,3.0,17.0,4.0,True
injected,1.0,60.0,70,120,0.0007448196411132812,3.0,18.0,3.0,True
injected_any,1.0,60.0,70,0,,,,,True
injected,1.0,60.0,71,30,0.4999999999999999,2.0,8.0,7.0,False
injected,1.0,60.0,71,60,0.0002593994140625,3.0,15.0,1.0,True
injected,1.0,60.0,71,120,0.0035986900329589844,4.0,17.0,4.0,True
injected_any,1.0,60.0,71,0,,,,,True
injected,1.0,60.0,72,30,0.4999999999999999,2.0,8.0,7.0,False
injected,1.0,60.0,72,60,0.0006561279296875,3.0,16.0,2.0,True
injected,1.0,60.0,72,120,0.0022125244140625,3.0,16.0,3.0,True
injected_any,1.0,60.0,72,0,,,,,True
injected,1.0,60.0,73,30,0.4018096923828125,2.0,9.0,7.0,False
injected,1.0,60.0,73,60,0.000110626220703125,3.0,19.0,2.0,True
injected,1.0,60.0,73,120,6.0558319091796875e-05,4.0,20.0,2.0,True
injected_any,1.0,60.0,73,0,,,,,True
injected,1.0,60.0,74,30,0.4999999999999999,2.0,8.0,7.0,False
injected,1.0,60.0,74,60,0.0006561279296875,3.0,16.0,2.0,True
injected,1.0,60.0,74,120,0.0012884140014648438,4.0,17.0,3.0,True
injected_any,1.0,60.0,74,0,,,,,True
injected,1.0,60.0,75,30,0.4018096923828125,2.0,9.0,7.0,False
injected,1.0,60.0,75,60,3.814697265625e-05,3.0,18.0,1.0,True
injected,1.0,60.0,75,120,0.00020122528076171875,3.0,18.0,2.0,True
injected_any,1.0,60.0,75,0,,,,,True
injected,1.0,60.0,76,30,0.4999999999999999,2.0,8.0,7.0,False
injected,1.0,60.0,76,60,0.0022125244140625,3.0,16.0,3.0,True
injected,1.0,60.0,76,120,0.005311012268066406,4.0,18.0,5.0,True
injected_any,1.0,60.0,76,0,,,,,True
injected,1.0,60.0,77,30,0.4018096923828125,2.0,9.0,7.0,False
injected,1.0,60.0,77,60,7.2479248046875e-05,3.0,17.0,1.0,True
injected,1.0,60.0,77,120,7.62939453125e-06,4.0,17.0,0.0,True
injected_any,1.0,60.0,77,0,,,,,True
injected,1.0,60.0,78,30,0.4018096923828125,2.0,9.0,7.0,False
injected,1.0,60.0,78,60,0.000244140625,3.0,20.0,3.0,True
injected,1.0,60.0,78,120,0.000244140625,4.0,20.0,3.0,True
injected_any,1.0,60.0,78,0,,,,,True
injected,1.0,60.0,79,30,0.4018096923828125,2.0,9.0,7.0,False
injected,1.0,60.0,79,60,0.000110626220703125,3.0,19.0,2.0,True
injected,1.0,60.0,79,120,0.0004552602767944336,4.0,21.0,4.0,True
injected_any,1.0,60.0,79,0,,,,,True
injected,1.0,60.0,80,30,0.4018096923828125,2.0,9.0,7.0,False
injected,1.0,60.0,80,60,1.049041748046875e-05,3.0,20.0,1.0,True
injected,1.0,60.0,80,120,2.002716064453125e-05,3.0,19.0,1.0,True
injected_any,1.0,60.0,80,0,,,,,True
injected,1.0,60.0,81,30,0.4018096923828125,2.0,9.0,7.0,False
injected,1.0,60.0,81,60,2.002716064453125e-05,3.0,19.0,1.0,True
injected,1.0,60.0,81,120,1.049041748046875e-05,4.0,20.0,1.0,True
injected_any,1.0,60.0,81,0,,,,,True
injected,1.0,60.0,82,30,0.4999999999999999,2.0,8.0,7.0,False
injected,1.0,60.0,82,60,0.0317840576171875,3.0,14.0,5.0,False
injected,1.0,60.0,82,120,0.020694732666015625,3.0,15.0,5.0,False
injected_any,1.0,60.0,82,0,,,,,False
injected,1.0,60.0,83,30,0.4999999999999999,2.0,8.0,7.0,False
injected,1.0,60.0,83,60,0.001299738883972168,3.0,19.0,4.0,True
injected,1.0,60.0,83,120,0.000771939754486084,4.0,20.0,4.0,True
injected_any,1.0,60.0,83,0,,,,,True
injected,1.0,60.0,84,30,0.4018096923828125,2.0,9.0,7.0,False
injected,1.0,60.0,84,60,0.0012884140014648438,3.0,17.0,3.0,True
injected,1.0,60.0,84,120,0.0026114396750926976,4.0,23.0,7.0,True
injected_any,1.0,60.0,84,0,,,,,True
injected,1.0,60.0,85,30,0.4018096923828125,2.0,9.0,7.0,False
injected,1.0,60.0,85,60,0.0007448196411132812,3.0,18.0,3.0,True
injected,1.0,60.0,85,120,0.000110626220703125,4.0,19.0,2.0,True
injected_any,1.0,60.0,85,0,,,,,True
injected,1.0,60.0,86,30,0.4018096923828125,2.0,9.0,7.0,False
injected,1.0,60.0,86,60,6.0558319091796875e-05,3.0,20.0,2.0,True
injected,1.0,60.0,86,120,0.0001385807991027832,4.0,21.0,3.0,True
injected_any,1.0,60.0,86,0,,,,,True
injected,1.0,60.0,87,30,0.4018096923828125,2.0,9.0,7.0,False
injected,1.0,60.0,87,60,0.000110626220703125,3.0,19.0,2.0,True
injected,1.0,60.0,87,120,3.3020973205566406e-05,4.0,21.0,2.0,True
injected_any,1.0,60.0,87,0,,,,,True
injected,1.0,60.0,88,30,0.4999999999999999,2.0,8.0,7.0,False
injected,1.0,60.0,88,60,0.00845026969909668,3.0,17.0,5.0,True
injected,1.0,60.0,88,120,0.0012884140014648438,4.0,17.0,3.0,True
injected_any,1.0,60.0,88,0,,,,,True
injected,1.0,60.0,89,30,0.4018096923828125,2.0,9.0,7.0,False
injected,1.0,60.0,89,60,3.3020973205566406e-05,3.0,21.0,2.0,True
injected,1.0,60.0,89,120,6.0558319091796875e-05,4.0,20.0,2.0,True
injected_any,1.0,60.0,89,0,,,,,True
injected,1.0,60.0,90,30,0.4018096923828125,2.0,9.0,7.0,False
injected,1.0,60.0,90,60,0.00020122528076171875,3.0,18.0,2.0,True
injected,1.0,60.0,90,120,1.049041748046875e-05,4.0,20.0,1.0,True
injected_any,1.0,60.0,90,0,,,,,True
injected,1.0,60.0,91,30,0.4018096923828125,2.0,9.0,7.0,False
injected,1.0,60.0,91,60,6.0558319091796875e-05,3.0,20.0,2.0,True
injected,1.0,60.0,91,120,3.814697265625e-05,3.0,18.0,1.0,True
injected_any,1.0,60.0,91,0,,,,,True
injected,1.0,60.0,92,30,0.4018096923828125,2.0,9.0,7.0,False
injected,1.0,60.0,92,60,2.002716064453125e-05,3.0,19.0,1.0,True
injected,1.0,60.0,92,120,6.0558319091796875e-05,4.0,20.0,2.0,True
injected_any,1.0,60.0,92,0,,,,,True
injected,1.0,60.0,93,30,0.4999999999999999,2.0,8.0,7.0,False
injected,1.0,60.0,93,60,0.0037689208984375,3.0,15.0,3.0,True
injected,1.0,60.0,93,120,0.003305375576019287,4.0,19.0,5.0,True
injected_any,1.0,60.0,93,0,,,,,True
injected,1.0,60.0,94,30,0.4018096923828125,2.0,9.0,7.0,False
injected,1.0,60.0,94,60,2.002716064453125e-05,3.0,19.0,1.0,True
injected,1.0,60.0,94,120,2.002716064453125e-05,3.0,19.0,1.0,True
injected_any,1.0,60.0,94,0,,,,,True
injected,1.0,60.0,95,30,0.4999999999999999,2.0,8.0,7.0,False
injected,1.0,60.0,95,60,0.00020122528076171875,3.0,18.0,2.0,True
injected,1.0,60.0,95,120,0.00020122528076171875,3.0,18.0,2.0,True
injected_any,1.0,60.0,95,0,,,,,True
injected,1.0,60.0,96,30,0.4018096923828125,2.0,9.0,7.0,False
injected,1.0,60.0,96,60,0.0001385807991027832,3.0,21.0,3.0,True
injected,1.0,60.0,96,120,0.000244140625,4.0,20.0,3.0,True
injected_any,1.0,60.0,96,0,,,,,True
injected,1.0,60.0,97,30,0.4999999999999999,2.0,8.0,7.0,False
injected,1.0,60.0,97,60,0.0022125244140625,3.0,16.0,3.0,True
injected,1.0,60.0,97,120,0.0022125244140625,4.0,16.0,3.0,True
injected_any,1.0,60.0,97,0,,,,,True
injected,1.0,60.0,98,30,0.4018096923828125,2.0,9.0,7.0,False
injected,1.0,60.0,98,60,5.4836273193359375e-06,3.0,21.0,1.0,True
injected,1.0,60.0,98,120,9.715557098388672e-06,4.0,23.0,2.0,True
injected_any,1.0,60.0,98,0,,,,,True
injected,1.0,60.0,99,30,0.4999999999999999,2.0,8.0,7.0,False
injected,1.0,60.0,99,60,0.013301849365234375,3.0,16.0,5.0,True
injected,1.0,60.0,99,120,0.0037689208984375,3.0,15.0,3.0,True
injected_any,1.0,60.0,99,0,,,,,True
injected,1.5,15.0,0,30,3.958120942115784e-09,4.0,32.0,1.0,True
injected,1.5,15.0,0,60,1.516193151473999e-06,3.0,26.0,2.0,True
injected,1.5,15.0,0,120,2.4616718292236328e-05,4.0,24.0,3.0,True
injected_any,1.5,15.0,0,0,,,,,True
injected,1.5,15.0,1,30,4.215165972709656e-06,4.0,27.0,3.0,True
injected,1.5,15.0,1,60,7.826089859008789e-05,4.0,22.0,3.0,True
injected,1.5,15.0,1,120,0.0007448196411132812,3.0,18.0,3.0,True
injected_any,1.5,15.0,1,0,,,,,True
injected,1.5,15.0,2,30,2.314336597919464e-07,4.0,29.0,2.0,True
injected,1.5,15.0,2,60,2.4616718292236328e-05,3.0,24.0,3.0,True
injected,1.5,15.0,2,120,0.00045611709356307983,3.0,23.0,5.0,True
injected_any,1.5,15.0,2,0,,,,,True
injected,1.5,15.0,3,30,2.314336597919464e-07,4.0,29.0,2.0,True
injected,1.5,15.0,3,60,7.826089859008789e-05,4.0,22.0,3.0,True
injected,1.5,15.0,3,120,0.0012469589710235596,4.0,21.0,5.0,True
injected_any,1.5,15.0,3,0,,,,,True
injected,1.5,15.0,4,30,2.086162567138672e-07,4.0,26.0,1.0,True
injected,1.5,15.0,4,60,5.4836273193359375e-06,4.0,21.0,1.0,True
injected,1.5,15.0,4,120,0.0004277229309082031,3.0,19.0,3.0,True
injected_any,1.5,15.0,4,0,,,,,True
injected,1.5,15.0,5,30,1.4901161193847656e-08,4.0,30.0,1.0,True
injected,1.5,15.0,5,60,1.4901161193847656e-06,4.0,23.0,1.0,True
injected,1.5,15.0,5,120,0.000110626220703125,4.0,19.0,2.0,True
injected_any,1.5,15.0,5,0,,,,,True
injected,1.5,15.0,6,30,1.4901161193847656e-08,4.0,30.0,1.0,True
injected,1.5,15.0,6,60,2.823770046234131e-06,3.0,25.0,2.0,True
injected,1.5,15.0,6,120,6.0558319091796875e-05,3.0,20.0,2.0,True
injected_any,1.5,15.0,6,0,,,,,True
injected,1.5,15.0,7,30,2.3245811462402344e-06,4.0,28.0,3.0,True
injected,1.5,15.0,7,60,0.00026676058769226074,4.0,22.0,4.0,True
injected,1.5,15.0,7,120,0.001299738883972168,4.0,19.0,4.0,True
injected_any,1.5,15.0,7,0,,,,,True
injected,1.5,15.0,8,30,2.823770046234131e-06,4.0,25.0,2.0,True
injected,1.5,15.0,8,60,0.000110626220703125,3.0,19.0,2.0,True
injected,1.5,15.0,8,120,0.0007448196411132812,4.0,18.0,3.0,True
injected_any,1.5,15.0,8,0,,,,,True
injected,1.5,15.0,9,30,6.456742994487286e-06,4.0,31.0,5.0,True
injected,1.5,15.0,9,60,0.0002730563282966614,3.0,24.0,5.0,True
injected,1.5,15.0,9,120,0.0004552602767944336,4.0,21.0,4.0,True
injected_any,1.5,15.0,9,0,,,,,True
injected,1.5,15.0,10,30,2.0372681319713593e-09,4.0,33.0,1.0,True
injected,1.5,15.0,10,60,2.086162567138672e-07,4.0,26.0,1.0,True
injected,1.5,15.0,10,120,9.715557098388672e-06,4.0,23.0,2.0,True
injected_any,1.5,15.0,10,0,,,,,True
injected,1.5,15.0,11,30,1.0803341865539551e-07,4.0,27.0,1.0,True
injected,1.5,15.0,11,60,1.049041748046875e-05,3.0,20.0,1.0,True
injected,1.5,15.0,11,120,0.000244140625,4.0,20.0,3.0,True
injected_any,1.5,15.0,11,0,,,,,True
injected,1.5,15.0,12,30,1.4901161193847656e-08,4.0,30.0,1.0,True
injected,1.5,15.0,12,60,9.715557098388672e-06,3.0,23.0,2.0,True
injected,1.5,15.0,12,120,0.000771939754486084,3.0,20.0,4.0,True
injected_any,1.5,15.0,12,0,,,,,True
injected,1.5,15.0,13,30,9.732502803672105e-09,4.0,37.0,3.0,True
injected,1.5,15.0,13,60,1.2316741049289703e-07,4.0,30.0,2.0,True
injected,1.5,15.0,13,120,2.823770046234131e-06,4.0,25.0,2.0,True
injected_any,1.5,15.0,13,0,,,,,True
injected,1.5,15.0,14,30,2.086162567138672e-07,4.0,26.0,1.0,True
injected,1.5,15.0,14,60,2.86102294921875e-06,3.0,22.0,1.0,True
injected,1.5,15.0,14,120,4.398822784423828e-05,4.0,23.0,3.0,True
injected_any,1.5,15.0,14,0,,,,,True
injected,1.5,15.0,15,30,2.3283064365386963e-10,4.0,32.0,0.0,True
injected,1.5,15.0,15,60,1.0803341865539551e-07,4.0,27.0,1.0,True
injected,1.5,15.0,15,120,1.4901161193847656e-06,4.0,23.0,1.0,True
injected_any,1.5,15.0,15,0,,,,,True
injected,1.5,15.0,16,30,4.33996319770813e-07,4.0,28.0,2.0,True
injected,1.5,15.0,16,60,7.826089859008789e-05,3.0,22.0,3.0,True
injected,1.5,15.0,16,120,0.003305375576019287,3.0,19.0,5.0,True
injected_any,1.5,15.0,16,0,,,,,True
injected,1.5,15.0,17,30,6.542541086673737e-08,4.0,31.0,2.0,True
injected,1.5,15.0,17,60,4.023313522338867e-07,4.0,25.0,1.0,True
injected,1.5,15.0,17,120,1.7940998077392578e-05,4.0,22.0,2.0,True
injected_any,1.5,15.0,17,0,,,,,True
injected,1.5,15.0,18,30,2.8870999813079834e-08,4.0,29.0,1.0,True
injected,1.5,15.0,18,60,1.1920928955078125e-07,4.0,23.0,0.0,True
injected,1.5,15.0,18,120,3.3020973205566406e-05,4.0,21.0,2.0,True
injected_any,1.5,15.0,18,0,,,,,True
injected,1.5,15.0,19,30,7.683411240577698e-09,4.0,31.0,1.0,True
injected,1.5,15.0,19,60,1.516193151473999e-06,3.0,26.0,2.0,True
injected,1.5,15.0,19,120,7.826089859008789e-05,3.0,22.0,3.0,True
injected_any,1.5,15.0,19,0,,,,,True
injected,1.5,15.0,20,30,7.683411240577698e-09,4.0,31.0,1.0,True
injected,1.5,15.0,20,60,2.9802322387695312e-08,4.0,25.0,0.0,True
injected,1.5,15.0,20,120,2.384185791015625e-07,4.0,22.0,0.0,True
injected_any,1.5,15.0,20,0,,,,,True
injected,1.5,15.0,21,30,1.0477378964424133e-09,4.0,34.0,1.0,True
injected,1.5,15.0,21,60,1.4901161193847656e-08,4.0,26.0,0.0,True
injected,1.5,15.0,21,120,1.4901161193847656e-06,4.0,23.0,1.0,True
injected_any,1.5,15.0,21,0,,,,,True
injected,1.5,15.0,22,30,7.683411240577698e-09,4.0,31.0,1.0,True
injected,1.5,15.0,22,60,1.4901161193847656e-06,4.0,23.0,1.0,True
injected,1.5,15.0,22,120,3.3020973205566406e-05,4.0,21.0,2.0,True
injected_any,1.5,15.0,22,0,,,,,True
injected,1.5,15.0,23,30,5.464302375912666e-06,4.0,29.0,4.0,True
injected,1.5,15.0,23,60,4.398822784423828e-05,4.0,23.0,3.0,True
injected,1.5,15.0,23,120,0.000771939754486084,4.0,20.0,4.0,True
injected_any,1.5,15.0,23,0,,,,,True
injected,1.5,15.0,24,30,1.0477378964424133e-09,4.0,34.0,1.0,True
injected,1.5,15.0,24,60,4.33996319770813e-07,4.0,28.0,2.0,True
injected,1.5,15.0,24,120,2.823770046234131e-06,4.0,25.0,2.0,True
injected_any,1.5,15.0,24,0,,,,,True
injected,1.5,15.0,25,30,2.0884908735752106e-07,4.0,32.0,3.0,True
injected,1.5,15.0,25,60,1.516193151473999e-06,4.0,26.0,2.0,True
injected,1.5,15.0,25,120,3.3020973205566406e-05,4.0,21.0,2.0,True
injected_any,1.5,15.0,25,0,,,,,True
injected,1.5,15.0,26,30,3.958120942115784e-09,4.0,32.0,1.0,True
injected,1.5,15.0,26,60,1.4901161193847656e-08,4.0,26.0,0.0,True
injected,1.5,15.0,26,120,2.384185791015625e-07,4.0,22.0,0.0,True
injected_any,1.5,15.0,26,0,,,,,True
injected,1.5,15.0,27,30,7.683411240577698e-09,4.0,31.0,1.0,True
injected,1.5,15.0,27,60,1.4901161193847656e-06,4.0,23.0,1.0,True
injected,1.5,15.0,27,120,1.049041748046875e-05,4.0,20.0,1.0,True
injected_any,1.5,15.0,27,0,,,,,True
injected,1.5,15.0,28,30,4.656612873077393e-10,4.0,31.0,0.0,True
injected,1.5,15.0,28,60,5.960464477539063e-08,4.0,24.0,0.0,True
injected,1.5,15.0,28,120,9.715557098388672e-06,4.0,23.0,2.0,True
injected_any,1.5,15.0,28,0,,,,,True
injected,1.5,15.0,29,30,2.4616718292236328e-05,4.0,24.0,3.0,True
injected,1.5,15.0,29,60,0.0007448196411132812,4.0,18.0,3.0,True
injected,1.5,15.0,29,120,0.0063629150390625,4.0,14.0,3.0,True
injected_any,1.5,15.0,29,0,,,,,True
injected,1.5,15.0,30,30,1.0477378964424133e-09,4.0,34.0,1.0,True
injected,1.5,15.0,30,60,8.121132850646973e-07,3.0,27.0,2.0,True
injected,1.5,15.0,30,120,1.7940998077392578e-05,3.0,22.0,2.0,True
injected_any,1.5,15.0,30,0,,,,,True
injected,1.5,15.0,31,30,7.618218660354614e-06,4.0,26.0,3.0,True
injected,1.5,15.0,31,60,6.0558319091796875e-05,3.0,20.0,2.0,True
injected,1.5,15.0,31,120,0.0004277229309082031,3.0,19.0,3.0,True
injected_any,1.5,15.0,31,0,,,,,True
injected,1.5,15.0,32,30,2.823770046234131e-06,4.0,25.0,2.0,True
injected,1.5,15.0,32,60,0.0001385807991027832,4.0,21.0,3.0,True
injected,1.5,15.0,32,120,0.0020386576652526855,4.0,20.0,5.0,True
injected_any,1.5,15.0,32,0,,,,,True
injected,1.5,15.0,33,30,1.420630724169314e-09,4.0,37.0,2.0,True
injected,1.5,15.0,33,60,7.683411240577698e-09,4.0,31.0,1.0,True
injected,1.5,15.0,33,120,1.516193151473999e-06,4.0,26.0,2.0,True
injected_any,1.5,15.0,33,0,,,,,True
injected,1.5,15.0,34,30,2.8870999813079834e-08,4.0,29.0,1.0,True
injected,1.5,15.0,34,60,1.372024416923523e-05,3.0,25.0,3.0,True
injected,1.5,15.0,34,120,0.0001553744077682495,3.0,23.0,4.0,True
injected_any,1.5,15.0,34,0,,,,,True
injected,1.5,15.0,35,30,1.4901161193847656e-08,4.0,26.0,0.0,True
injected,1.5,15.0,35,60,1.049041748046875e-05,3.0,20.0,1.0,True
injected,1.5,15.0,35,120,0.000110626220703125,3.0,19.0,2.0,True
injected_any,1.5,15.0,35,0,,,,,True
injected,1.5,15.0,36,30,3.4691765904426575e-08,4.0,32.0,2.0,True
injected,1.5,15.0,36,60,4.215165972709656e-06,3.0,27.0,3.0,True
injected,1.5,15.0,36,120,7.826089859008789e-05,3.0,22.0,3.0,True
injected_any,1.5,15.0,36,0,,,,,True
injected,1.5,15.0,37,30,1.4901161193847656e-08,4.0,30.0,1.0,True
injected,1.5,15.0,37,60,1.1920928955078125e-07,4.0,23.0,0.0,True
injected,1.5,15.0,37,120,5.4836273193359375e-06,4.0,21.0,1.0,True
injected_any,1.5,15.0,37,0,,,,,True
injected,1.5,15.0,38,30,2.314336597919464e-07,4.0,29.0,2.0,True
injected,1.5,15.0,38,60,7.748603820800781e-07,4.0,24.0,1.0,True
injected,1.5,15.0,38,120,3.3020973205566406e-05,4.0,21.0,2.0,True
injected_any,1.5,15.0,38,0,,,,,True
injected,1.5,15.0,39,30,1.516193151473999e-06,4.0,26.0,2.0,True
injected,1.5,15.0,39,60,3.3020973205566406e-05,4.0,21.0,2.0,True
injected,1.5,15.0,39,120,0.0004277229309082031,4.0,19.0,3.0,True
injected_any,1.5,15.0,39,0,,,,,True
injected,1.5,15.0,40,30,3.08244489133358e-06,4.0,30.0,4.0,True
injected,1.5,15.0,40,60,8.999556303024292e-05,3.0,24.0,4.0,True
injected,1.5,15.0,40,120,0.0007154531776905061,3.0,24.0,6.0,True
injected_any,1.5,15.0,40,0,,,,,True
injected,1.5,15.0,41,30,9.313225746154785e-10,4.0,30.0,0.0,True
injected,1.5,15.0,41,60,7.748603820800781e-07,4.0,24.0,1.0,True
injected,1.5,15.0,41,120,9.715557098388672e-06,4.0,23.0,2.0,True
injected_any,1.5,15.0,41,0,,,,,True
injected,1.5,15.0,42,30,7.005874067544937e-07,4.0,30.0,3.0,True
injected,1.5,15.0,42,60,7.748603820800781e-07,4.0,24.0,1.0,True
injected,1.5,15.0,42,120,6.0558319091796875e-05,4.0,20.0,2.0,True
injected_any,1.5,15.0,42,0,,,,,True
injected,1.5,15.0,43,30,1.0803341865539551e-07,4.0,27.0,1.0,True
injected,1.5,15.0,43,60,6.0558319091796875e-05,4.0,20.0,2.0,True
injected,1.5,15.0,43,120,0.0003643035888671875,4.0,17.0,2.0,True
injected_any,1.5,15.0,43,0,,,,,True
injected,1.5,15.0,44,30,2.086162567138672e-07,4.0,26.0,1.0,True
injected,1.5,15.0,44,60,1.049041748046875e-05,4.0,20.0,1.0,True
injected,1.5,15.0,44,120,0.0004552602767944336,4.0,21.0,4.0,True
injected_any,1.5,15.0,44,0,,,,,True
injected,1.5,15.0,45,30,9.707873687148094e-07,4.0,32.0,4.0,True
injected,1.5,15.0,45,60,1.372024416923523e-05,4.0,25.0,3.0,True
injected,1.5,15.0,45,120,0.00045611709356307983,4.0,23.0,5.0,True
injected_any,1.5,15.0,45,0,,,,,True
injected,1.5,15.0,46,30,6.542541086673737e-08,4.0,31.0,2.0,True
injected,1.5,15.0,46,60,2.823770046234131e-06,4.0,25.0,2.0,True
injected,1.5,15.0,46,120,0.0001553744077682495,4.0,23.0,4.0,True
injected_any,1.5,15.0,46,0,,,,,True
injected,1.5,15.0,47,30,9.313225746154785e-10,4.0,30.0,0.0,True
injected,1.5,15.0,47,60,1.1920928955078125e-07,4.0,23.0,0.0,True
injected,1.5,15.0,47,120,7.62939453125e-06,4.0,17.0,0.0,True
injected_any,1.5,15.0,47,0,,,,,True
injected,1.5,15.0,48,30,2.0372681319713593e-09,4.0,33.0,1.0,True
injected,1.5,15.0,48,60,4.023313522338867e-07,4.0,25.0,1.0,True
injected,1.5,15.0,48,120,4.398822784423828e-05,4.0,23.0,3.0,True
injected_any,1.5,15.0,48,0,,,,,True
injected,1.5,15.0,49,30,2.8870999813079834e-08,4.0,29.0,1.0,True
injected,1.5,15.0,49,60,5.245208740234375e-06,4.0,24.0,2.0,True
injected,1.5,15.0,49,120,0.00045611709356307983,4.0,23.0,5.0,True
injected_any,1.5,15.0,49,0,,,,,True
injected,1.5,15.0,50,30,7.005874067544937e-07,4.0,30.0,3.0,True
injected,1.5,15.0,50,60,1.372024416923523e-05,3.0,25.0,3.0,True
injected,1.5,15.0,50,120,0.0012469589710235596,3.0,21.0,5.0,True
injected_any,1.5,15.0,50,0,,,,,True
injected,1.5,15.0,51,30,5.464302375912666e-06,4.0,29.0,4.0,True
injected,1.5,15.0,51,60,0.0002730563282966614,3.0,24.0,5.0,True
injected,1.5,15.0,51,120,0.004065029323101044,3.0,22.0,7.0,True
injected_any,1.5,15.0,51,0,,,,,True
injected,1.5,15.0,52,30,1.2149539543315768e-06,4.0,34.0,5.0,True
injected,1.5,15.0,52,60,2.3245811462402344e-06,3.0,28.0,3.0,True
injected,1.5,15.0,52,120,2.4616718292236328e-05,4.0,24.0,3.0,True
injected_any,1.5,15.0,52,0,,,,,True
injected,1.5,15.0,53,30,2.3283064365386963e-10,4.0,32.0,0.0,True
injected,1.5,15.0,53,60,5.960464477539063e-08,4.0,24.0,0.0,True
injected,1.5,15.0,53,120,2.86102294921875e-06,4.0,22.0,1.0,True
injected_any,1.5,15.0,53,0,,,,,True
injected,1.5,15.0,54,30,2.823770046234131e-06,4.0,25.0,2.0,True
injected,1.5,15.0,54,60,0.000110626220703125,3.0,19.0,2.0,True
injected,1.5,15.0,54,120,0.0006561279296875,3.0,16.0,2.0,True
injected_any,1.5,15.0,54,0,,,,,True
injected,1.5,15.0,55,30,4.33996319770813e-07,4.0,28.0,2.0,True
injected,1.5,15.0,55,60,1.7940998077392578e-05,3.0,22.0,2.0,True
injected,1.5,15.0,55,120,0.000771939754486084,4.0,20.0,4.0,True
injected_any,1.5,15.0,55,0,,,,,True
injected,1.5,15.0,56,30,1.0477378964424133e-09,4.0,34.0,1.0,True
injected,1.5,15.0,56,60,2.086162567138672e-07,4.0,26.0,1.0,True
injected,1.5,15.0,56,120,9.715557098388672e-06,4.0,23.0,2.0,True
injected_any,1.5,15.0,56,0,,,,,True
injected,1.5,15.0,57,30,4.656612873077393e-10,4.0,31.0,0.0,True
injected,1.5,15.0,57,60,7.748603820800781e-07,4.0,24.0,1.0,True
injected,1.5,15.0,57,120,1.049041748046875e-05,4.0,20.0,1.0,True
injected_any,1.5,15.0,57,0,,,,,True
injected,1.5,15.0,58,30,9.70612745732069e-09,4.0,34.0,2.0,True
injected,1.5,15.0,58,60,1.516193151473999e-06,4.0,26.0,2.0,True
injected,1.5,15.0,58,120,9.715557098388672e-06,4.0,23.0,2.0,True
injected_any,1.5,15.0,58,0,,,,,True
injected,1.5,15.0,59,30,7.450580596923828e-09,4.0,27.0,0.0,True
injected,1.5,15.0,59,60,5.4836273193359375e-06,3.0,21.0,1.0,True
injected,1.5,15.0,59,120,6.0558319091796875e-05,4.0,20.0,2.0,True
injected_any,1.5,15.0,59,0,,,,,True
injected,1.5,15.0,60,30,9.70612745732069e-09,4.0,34.0,2.0,True
injected,1.5,15.0,60,60,8.121132850646973e-07,4.0,27.0,2.0,True
injected,1.5,15.0,60,120,4.398822784423828e-05,4.0,23.0,3.0,True
injected_any,1.5,15.0,60,0,,,,,True
injected,1.5,15.0,61,30,1.0477378964424133e-09,4.0,34.0,1.0,True
injected,1.5,15.0,61,60,8.121132850646973e-07,4.0,27.0,2.0,True
injected,1.5,15.0,61,120,4.398822784423828e-05,4.0,23.0,3.0,True
injected_any,1.5,15.0,61,0,,,,,True
injected,1.5,15.0,62,30,3.4691765904426575e-08,4.0,32.0,2.0,True
injected,1.5,15.0,62,60,7.748603820800781e-07,4.0,24.0,1.0,True
injected,1.5,15.0,62,120,7.826089859008789e-05,4.0,22.0,3.0,True
injected_any,1.5,15.0,62,0,,,,,True
injected,1.5,15.0,63,30,6.542541086673737e-08,4.0,31.0,2.0,True
injected,1.5,15.0,63,60,1.516193151473999e-06,4.0,26.0,2.0,True
injected,1.5,15.0,63,120,7.826089859008789e-05,4.0,22.0,3.0,True
injected_any,1.5,15.0,63,0,,,,,True
injected,1.5,15.0,64,30,1.2316741049289703e-07,4.0,30.0,2.0,True
injected,1.5,15.0,64,60,5.245208740234375e-06,4.0,24.0,2.0,True
injected,1.5,15.0,64,120,0.0001553744077682495,4.0,23.0,4.0,True
injected_any,1.5,15.0,64,0,,,,,True
injected,1.5,15.0,65,30,1.2316741049289703e-07,4.0,30.0,2.0,True
injected,1.5,15.0,65,60,7.748603820800781e-07,4.0,24.0,1.0,True
injected,1.5,15.0,65,120,6.0558319091796875e-05,4.0,20.0,2.0,True
injected_any,1.5,15.0,65,0,,,,,True
injected,1.5,15.0,66,30,9.313225746154785e-10,4.0,30.0,0.0,True
injected,1.5,15.0,66,60,1.1920928955078125e-07,4.0,23.0,0.0,True
injected,1.5,15.0,66,120,0.0001385807991027832,4.0,21.0,3.0,True
injected_any,1.5,15.0,66,0,,,,,True
injected,1.5,15.0,67,30,1.2780074030160904e-06,4.0,29.0,3.0,True
injected,1.5,15.0,67,60,2.4616718292236328e-05,3.0,24.0,3.0,True
injected,1.5,15.0,67,120,0.000771939754486084,3.0,20.0,4.0,True
injected_any,1.5,15.0,67,0,,,,,True
injected,1.5,15.0,68,30,1.4901161193847656e-08,4.0,30.0,1.0,True
injected,1.5,15.0,68,60,2.823770046234131e-06,3.0,25.0,2.0,True
injected,1.5,15.0,68,120,0.0001385807991027832,3.0,21.0,3.0,True
injected_any,1.5,15.0,68,0,,,,,True
injected,1.5,15.0,69,30,1.0477378964424133e-09,4.0,34.0,1.0,True
injected,1.5,15.0,69,60,1.0803341865539551e-07,4.0,27.0,1.0,True
injected,1.5,15.0,69,120,5.245208740234375e-06,4.0,24.0,2.0,True
injected_any,1.5,15.0,69,0,,,,,True
injected,1.5,15.0,70,30,5.464302375912666e-06,4.0,29.0,4.0,True
injected,1.5,15.0,70,60,0.0001553744077682495,3.0,23.0,4.0,True
injected,1.5,15.0,70,120,0.0020386576652526855,3.0,20.0,5.0,True
injected_any,1.5,15.0,70,0,,,,,True
injected,1.5,15.0,71,30,5.960464477539063e-08,4.0,24.0,0.0,True
injected,1.5,15.0,71,60,1.049041748046875e-05,4.0,20.0,1.0,True
injected,1.5,15.0,71,120,0.0022125244140625,4.0,16.0,3.0,True
injected_any,1.5,15.0,71,0,,,,,True
injected,1.5,15.0,72,30,1.1920928955078125e-07,4.0,23.0,0.0,True
injected,1.5,15.0,72,60,2.002716064453125e-05,3.0,19.0,1.0,True
injected,1.5,15.0,72,120,0.00020122528076171875,3.0,18.0,2.0,True
injected_any,1.5,15.0,72,0,,,,,True
injected,1.5,15.0,73,30,1.8364517018198967e-08,4.0,33.0,2.0,True
injected,1.5,15.0,73,60,2.086162567138672e-07,4.0,26.0,1.0,True
injected,1.5,15.0,73,120,7.748603820800781e-07,4.0,24.0,1.0,True
injected_any,1.5,15.0,73,0,,,,,True
injected,1.5,15.0,74,30,2.823770046234131e-06,4.0,25.0,2.0,True
injected,1.5,15.0,74,60,1.049041748046875e-05,4.0,20.0,1.0,True
injected,1.5,15.0,74,120,0.0003643035888671875,4.0,17.0,2.0,True
injected_any,1.5,15.0,74,0,,,,,True
injected,1.5,15.0,75,30,4.33996319770813e-07,4.0,28.0,2.0,True
injected,1.5,15.0,75,60,1.4901161193847656e-06,3.0,23.0,1.0,True
injected,1.5,15.0,75,120,6.0558319091796875e-05,4.0,20.0,2.0,True
injected_any,1.5,15.0,75,0,,,,,True
injected,1.5,15.0,76,30,4.023313522338867e-07,4.0,25.0,1.0,True
injected,1.5,15.0,76,60,6.0558319091796875e-05,4.0,20.0,2.0,True
injected,1.5,15.0,76,120,0.002171754837036133,4.0,18.0,4.0,True
injected_any,1.5,15.0,76,0,,,,,True
injected,1.5,15.0,77,30,1.4901161193847656e-08,4.0,30.0,1.0,True
injected,1.5,15.0,77,60,2.9802322387695312e-08,4.0,25.0,0.0,True
injected,1.5,15.0,77,120,9.5367431640625e-07,4.0,20.0,0.0,True
injected_any,1.5,15.0,77,0,,,,,True
injected,1.5,15.0,78,30,2.0884908735752106e-07,4.0,32.0,3.0,True
injected,1.5,15.0,78,60,4.215165972709656e-06,4.0,27.0,3.0,True
injected,1.5,15.0,78,120,4.398822784423828e-05,4.0,23.0,3.0,True
injected_any,1.5,15.0,78,0,,,,,True
injected,1.5,15.0,79,30,1.0477378964424133e-09,4.0,34.0,1.0,True
injected,1.5,15.0,79,60,1.0803341865539551e-07,4.0,27.0,1.0,True
injected,1.5,15.0,79,120,2.4616718292236328e-05,4.0,24.0,3.0,True
injected_any,1.5,15.0,79,0,,,,,True
injected,1.5,15.0,80,30,3.958120942115784e-09,4.0,32.0,1.0,True
injected,1.5,15.0,80,60,1.516193151473999e-06,3.0,26.0,2.0,True
injected,1.5,15.0,80,120,3.3020973205566406e-05,3.0,21.0,2.0,True
injected_any,1.5,15.0,80,0,,,,,True
injected,1.5,15.0,81,30,1.0803341865539551e-07,4.0,27.0,1.0,True
injected,1.5,15.0,81,60,1.4901161193847656e-06,3.0,23.0,1.0,True
injected,1.5,15.0,81,120,0.0001385807991027832,4.0,21.0,3.0,True
injected_any,1.5,15.0,81,0,,,,,True
injected,1.5,15.0,82,30,5.464302375912666e-06,4.0,29.0,4.0,True
injected,1.5,15.0,82,60,0.0004552602767944336,3.0,21.0,4.0,True
injected,1.5,15.0,82,120,0.002171754837036133,3.0,18.0,4.0,True
injected_any,1.5,15.0,82,0,,,,,True
injected,1.5,15.0,83,30,3.0192677513696253e-07,4.0,34.0,4.0,True
injected,1.5,15.0,83,60,4.215165972709656e-06,4.0,27.0,3.0,True
injected,1.5,15.0,83,120,0.0001553744077682495,4.0,23.0,4.0,True
injected_any,1.5,15.0,83,0,,,,,True
injected,1.5,15.0,84,30,6.542541086673737e-08,4.0,31.0,2.0,True
injected,1.5,15.0,84,60,1.372024416923523e-05,4.0,25.0,3.0,True
injected,1.5,15.0,84,120,0.0007154531776905061,4.0,24.0,6.0,True
injected_any,1.5,15.0,84,0,,,,,True
injected,1.5,15.0,85,30,9.650597348809242e-06,4.0,28.0,4.0,True
injected,1.5,15.0,85,60,1.7940998077392578e-05,3.0,22.0,2.0,True
injected,1.5,15.0,85,120,0.0001385807991027832,4.0,21.0,3.0,True
injected_any,1.5,15.0,85,0,,,,,True
injected,1.5,15.0,86,30,3.4691765904426575e-08,4.0,32.0,2.0,True
injected,1.5,15.0,86,60,8.121132850646973e-07,4.0,27.0,2.0,True
injected,1.5,15.0,86,120,4.398822784423828e-05,4.0,23.0,3.0,True
injected_any,1.5,15.0,86,0,,,,,True
injected,1.5,15.0,87,30,1.0477378964424133e-09,4.0,34.0,1.0,True
injected,1.5,15.0,87,60,4.33996319770813e-07,4.0,28.0,2.0,True
injected,1.5,15.0,87,120,1.372024416923523e-05,4.0,25.0,3.0,True
injected_any,1.5,15.0,87,0,,,,,True
injected,1.5,15.0,88,30,5.464302375912666e-06,4.0,29.0,4.0,True
injected,1.5,15.0,88,60,4.398822784423828e-05,4.0,23.0,3.0,True
injected,1.5,15.0,88,120,0.000244140625,4.0,20.0,3.0,True
injected_any,1.5,15.0,88,0,,,,,True
injected,1.5,15.0,89,30,3.4691765904426575e-08,4.0,32.0,2.0,True
injected,1.5,15.0,89,60,2.823770046234131e-06,3.0,25.0,2.0,True
injected,1.5,15.0,89,120,1.7940998077392578e-05,4.0,22.0,2.0,True
injected_any,1.5,15.0,89,0,,,,,True
injected,1.5,15.0,90,30,3.958120942115784e-09,4.0,32.0,1.0,True
injected,1.5,15.0,90,60,4.023313522338867e-07,4.0,25.0,1.0,True
injected,1.5,15.0,90,120,1.4901161193847656e-06,4.0,23.0,1.0,True
injected_any,1.5,15.0,90,0,,,,,True
injected,1.5,15.0,91,30,6.542541086673737e-08,4.0,31.0,2.0,True
injected,1.5,15.0,91,60,2.823770046234131e-06,3.0,25.0,2.0,True
injected,1.5,15.0,91,120,3.3020973205566406e-05,3.0,21.0,2.0,True
injected_any,1.5,15.0,91,0,,,,,True
injected,1.5,15.0,92,30,7.683411240577698e-09,4.0,31.0,1.0,True
injected,1.5,15.0,92,60,2.823770046234131e-06,4.0,25.0,2.0,True
injected,1.5,15.0,92,120,7.826089859008789e-05,4.0,22.0,3.0,True
injected_any,1.5,15.0,92,0,,,,,True
injected,1.5,15.0,93,30,2.314336597919464e-07,4.0,29.0,2.0,True
injected,1.5,15.0,93,60,1.7940998077392578e-05,4.0,22.0,2.0,True
injected,1.5,15.0,93,120,0.0007568597793579102,4.0,22.0,5.0,True
injected_any,1.5,15.0,93,0,,,,,True
injected,1.5,15.0,94,30,2.8870999813079834e-08,4.0,29.0,1.0,True
injected,1.5,15.0,94,60,1.1920928955078125e-07,4.0,23.0,0.0,True
injected,1.5,15.0,94,120,5.4836273193359375e-06,4.0,21.0,1.0,True
injected_any,1.5,15.0,94,0,,,,,True
injected,1.5,15.0,95,30,1.516193151473999e-06,4.0,26.0,2.0,True
injected,1.5,15.0,95,60,1.049041748046875e-05,3.0,20.0,1.0,True
injected,1.5,15.0,95,120,0.0004277229309082031,3.0,19.0,3.0,True
injected_any,1.5,15.0,95,0,,,,,True
injected,1.5,15.0,96,30,3.958120942115784e-09,4.0,32.0,1.0,True
injected,1.5,15.0,96,60,2.823770046234131e-06,4.0,25.0,2.0,True
injected,1.5,15.0,96,120,7.826089859008789e-05,4.0,22.0,3.0,True
injected_any,1.5,15.0,96,0,,,,,True
injected,1.5,15.0,97,30,5.587935447692871e-08,4.0,28.0,1.0,True
injected,1.5,15.0,97,60,5.4836273193359375e-06,4.0,21.0,1.0,True
injected,1.5,15.0,97,120,0.0004277229309082031,4.0,19.0,3.0,True
injected_any,1.5,15.0,97,0,,,,,True
injected,1.5,15.0,98,30,1.2316741049289703e-07,4.0,30.0,2.0,True
injected,1.5,15.0,98,60,4.023313522338867e-07,4.0,25.0,1.0,True
injected,1.5,15.0,98,120,9.715557098388672e-06,4.0,23.0,2.0,True
injected_any,1.5,15.0,98,0,,,,,True
injected,1.5,15.0,99,30,3.309384919703007e-05,3.0,28.0,5.0,True
injected,1.5,15.0,99,60,0.0001385807991027832,3.0,21.0,3.0,True
injected,1.5,15.0,99,120,0.0007448196411132812,3.0,18.0,3.0,True
injected_any,1.5,15.0,99,0,,,,,True
injected,1.5,30.0,0,30,7.005874067544937e-07,4.0,30.0,3.0,True
injected,1.5,30.0,0,60,8.121132850646973e-07,3.0,27.0,2.0,True
injected,1.5,30.0,0,120,9.715557098388672e-06,4.0,23.0,2.0,True
injected_any,1.5,30.0,0,0,,,,,True
injected,1.5,30.0,1,30,1.372024416923523e-05,4.0,25.0,3.0,True
injected,1.5,30.0,1,60,9.715557098388672e-06,4.0,23.0,2.0,True
injected,1.5,30.0,1,120,0.00020122528076171875,3.0,18.0,2.0,True
injected_any,1.5,30.0,1,0,,,,,True
injected,1.5,30.0,2,30,1.1180760338902473e-05,4.0,30.0,5.0,True
injected,1.5,30.0,2,60,1.372024416923523e-05,4.0,25.0,3.0,True
injected,1.5,30.0,2,120,1.7940998077392578e-05,4.0,22.0,2.0,True
injected_any,1.5,30.0,2,0,,,,,True
injected,1.5,30.0,3,30,4.215165972709656e-06,4.0,27.0,3.0,True
injected,1.5,30.0,3,60,7.826089859008789e-05,4.0,22.0,3.0,True
injected,1.5,30.0,3,120,0.0012469589710235596,4.0,21.0,5.0,True
injected_any,1.5,30.0,3,0,,,,,True
injected,1.5,30.0,4,30,2.823770046234131e-06,4.0,25.0,2.0,True
injected,1.5,30.0,4,60,2.86102294921875e-06,4.0,22.0,1.0,True
injected,1.5,30.0,4,120,0.000110626220703125,3.0,19.0,2.0,True
injected_any,1.5,30.0,4,0,,,,,True
injected,1.5,30.0,5,30,2.3245811462402344e-06,4.0,28.0,3.0,True
injected,1.5,30.0,5,60,1.4901161193847656e-06,4.0,23.0,1.0,True
injected,1.5,30.0,5,120,0.000110626220703125,3.0,19.0,2.0,True
injected_any,1.5,30.0,5,0,,,,,True
injected,1.5,30.0,6,30,4.215165972709656e-06,4.0,27.0,3.0,True
injected,1.5,30.0,6,60,7.748603820800781e-07,3.0,24.0,1.0,True
injected,1.5,30.0,6,120,1.9073486328125e-06,4.0,19.0,0.0,True
injected_any,1.5,30.0,6,0,,,,,True
injected,1.5,30.0,7,30,0.00016245711594820025,4.0,25.0,5.0,True
injected,1.5,30.0,7,60,7.826089859008789e-05,4.0,22.0,3.0,True
injected,1.5,30.0,7,120,0.001299738883972168,4.0,19.0,4.0,True
injected_any,1.5,30.0,7,0,,,,,True
injected,1.5,30.0,8,30,0.0001553744077682495,4.0,23.0,4.0,True
injected,1.5,30.0,8,60,0.000110626220703125,3.0,19.0,2.0,True
injected,1.5,30.0,8,120,0.0003643035888671875,4.0,17.0,2.0,True
injected_any,1.5,30.0,8,0,,,,,True
injected,1.5,30.0,9,30,5.842093378305435e-05,4.0,29.0,6.0,True
injected,1.5,30.0,9,60,5.1857903599739075e-05,3.0,25.0,4.0,True
injected,1.5,30.0,9,120,0.0001385807991027832,4.0,21.0,3.0,True
injected_any,1.5,30.0,9,0,,,,,True
injected,1.5,30.0,10,30,7.005874067544937e-07,4.0,30.0,3.0,True
injected,1.5,30.0,10,60,2.086162567138672e-07,4.0,26.0,1.0,True
injected,1.5,30.0,10,120,1.7940998077392578e-05,4.0,22.0,2.0,True
injected_any,1.5,30.0,10,0,,,,,True
injected,1.5,30.0,11,30,2.9738061130046848e-05,4.0,26.0,4.0,True
injected,1.5,30.0,11,60,5.4836273193359375e-06,3.0,21.0,1.0,True
injected,1.5,30.0,11,120,3.814697265625e-05,4.0,18.0,1.0,True
injected_any,1.5,30.0,11,0,,,,,True
injected,1.5,30.0,12,30,2.3245811462402344e-06,4.0,28.0,3.0,True
injected,1.5,30.0,12,60,2.86102294921875e-06,4.0,22.0,1.0,True
injected,1.5,30.0,12,120,0.0004277229309082031,3.0,19.0,3.0,True
injected_any,1.5,30.0,12,0,,,,,True
injected,1.5,30.0,13,30,3.7137651816010475e-06,4.0,32.0,5.0,True
injected,1.5,30.0,13,60,7.005874067544937e-07,4.0,30.0,3.0,True
injected,1.5,30.0,13,120,1.372024416923523e-05,4.0,25.0,3.0,True
injected_any,1.5,30.0,13,0,,,,,True
injected,1.5,30.0,14,30,1.372024416923523e-05,4.0,25.0,3.0,True
injected,1.5,30.0,14,60,7.748603820800781e-07,4.0,24.0,1.0,True
injected,1.5,30.0,14,120,2.86102294921875e-06,4.0,22.0,1.0,True
injected_any,1.5,30.0,14,0,,,,,True
injected,1.5,30.0,15,30,2.314336597919464e-07,4.0,29.0,2.0,True
injected,1.5,30.0,15,60,1.0803341865539551e-07,4.0,27.0,1.0,True
injected,1.5,30.0,15,120,2.86102294921875e-06,4.0,22.0,1.0,True
injected_any,1.5,30.0,15,0,,,,,True
injected,1.5,30.0,16,30,1.697661355137825e-05,4.0,27.0,4.0,True
injected,1.5,30.0,16,60,9.715557098388672e-06,3.0,23.0,2.0,True
injected,1.5,30.0,16,120,0.000110626220703125,4.0,19.0,2.0,True
injected_any,1.5,30.0,16,0,,,,,True
injected,1.5,30.0,17,30,1.9279075786471367e-05,4.0,29.0,5.0,True
injected,1.5,30.0,17,60,1.516193151473999e-06,4.0,26.0,2.0,True
injected,1.5,30.0,17,120,9.5367431640625e-07,4.0,20.0,0.0,True
injected_any,1.5,30.0,17,0,,,,,True
injected,1.5,30.0,18,30,4.215165972709656e-06,4.0,27.0,3.0,True
injected,1.5,30.0,18,60,1.1920928955078125e-07,4.0,23.0,0.0,True
injected,1.5,30.0,18,120,6.0558319091796875e-05,4.0,20.0,2.0,True
injected_any,1.5,30.0,18,0,,,,,True
injected,1.5,30.0,19,30,1.2780074030160904e-06,4.0,29.0,3.0,True
injected,1.5,30.0,19,60,1.516193151473999e-06,3.0,26.0,2.0,True
injected,1.5,30.0,19,120,7.826089859008789e-05,3.0,22.0,3.0,True
injected_any,1.5,30.0,19,0,,,,,True
injected,1.5,30.0,20,30,9.650597348809242e-06,4.0,28.0,4.0,True
injected,1.5,30.0,20,60,4.023313522338867e-07,4.0,25.0,1.0,True
injected,1.5,30.0,20,120,4.76837158203125e-07,4.0,21.0,0.0,True
injected_any,1.5,30.0,20,0,,,,,True
injected,1.5,30.0,21,30,3.8300640881061554e-07,4.0,31.0,3.0,True
injected,1.5,30.0,21,60,1.4901161193847656e-08,4.0,26.0,0.0,True
injected,1.5,30.0,21,120,2.86102294921875e-06,4.0,22.0,1.0,True
injected_any,1.5,30.0,21,0,,,,,True
injected,1.5,30.0,22,30,2.3245811462402344e-06,4.0,28.0,3.0,True
injected,1.5,30.0,22,60,1.4901161193847656e-06,4.0,23.0,1.0,True
injected,1.5,30.0,22,120,6.0558319091796875e-05,3.0,20.0,2.0,True
injected_any,1.5,30.0,22,0,,,,,True
injected,1.5,30.0,23,30,3.309384919703007e-05,4.0,28.0,5.0,True
injected,1.5,30.0,23,60,4.398822784423828e-05,4.0,23.0,3.0,True
injected,1.5,30.0,23,120,0.000110626220703125,4.0,19.0,2.0,True
injected_any,1.5,30.0,23,0,,,,,True
injected,1.5,30.0,24,30,3.8300640881061554e-07,4.0,31.0,3.0,True
injected,1.5,30.0,24,60,4.33996319770813e-07,4.0,28.0,2.0,True
injected,1.5,30.0,24,120,5.245208740234375e-06,4.0,24.0,2.0,True
injected_any,1.5,30.0,24,0,,,,,True
injected,1.5,30.0,25,30,1.2780074030160904e-06,4.0,29.0,3.0,True
injected,1.5,30.0,25,60,2.823770046234131e-06,4.0,25.0,2.0,True
injected,1.5,30.0,25,120,6.0558319091796875e-05,3.0,20.0,2.0,True
injected_any,1.5,30.0,25,0,,,,,True
injected,1.5,30.0,26,30,4.33996319770813e-07,4.0,28.0,2.0,True
injected,1.5,30.0,26,60,1.4901161193847656e-08,4.0,26.0,0.0,True
injected,1.5,30.0,26,120,4.76837158203125e-07,4.0,21.0,0.0,True
injected_any,1.5,30.0,26,0,,,,,True
injected,1.5,30.0,27,30,2.3245811462402344e-06,4.0,28.0,3.0,True
injected,1.5,30.0,27,60,5.245208740234375e-06,4.0,24.0,2.0,True
injected,1.5,30.0,27,120,2.002716064453125e-05,4.0,19.0,1.0,True
injected_any,1.5,30.0,27,0,,,,,True
injected,1.5,30.0,28,30,4.33996319770813e-07,4.0,28.0,2.0,True
injected,1.5,30.0,28,60,1.1920928955078125e-07,4.0,23.0,0.0,True
injected,1.5,30.0,28,120,3.3020973205566406e-05,4.0,21.0,2.0,True
injected_any,1.5,30.0,28,0,,,,,True
injected,1.5,30.0,29,30,0.0007568597793579102,4.0,22.0,5.0,True
injected,1.5,30.0,29,60,0.001299738883972168,4.0,19.0,4.0,True
injected,1.5,30.0,29,120,0.0037689208984375,4.0,15.0,3.0,True
injected_any,1.5,30.0,29,0,,,,,True
injected,1.5,30.0,30,30,3.8300640881061554e-07,4.0,31.0,3.0,True
injected,1.5,30.0,30,60,8.121132850646973e-07,3.0,27.0,2.0,True
injected,1.5,30.0,30,120,3.3020973205566406e-05,3.0,21.0,2.0,True
injected_any,1.5,30.0,30,0,,,,,True
injected,1.5,30.0,31,30,0.0001553744077682495,4.0,23.0,4.0,True
injected,1.5,30.0,31,60,6.0558319091796875e-05,3.0,20.0,2.0,True
injected,1.5,30.0,31,120,0.0004277229309082031,3.0,19.0,3.0,True
injected_any,1.5,30.0,31,0,,,,,True
injected,1.5,30.0,32,30,8.999556303024292e-05,4.0,24.0,4.0,True
injected,1.5,30.0,32,60,1.7940998077392578e-05,4.0,22.0,2.0,True
injected,1.5,30.0,32,120,0.000771939754486084,4.0,20.0,4.0,True
injected_any,1.5,30.0,32,0,,,,,True
injected,1.5,30.0,33,30,1.7327256500720978e-06,4.0,31.0,4.0,True
injected,1.5,30.0,33,60,1.4901161193847656e-08,4.0,30.0,1.0,True
injected,1.5,30.0,33,120,2.823770046234131e-06,4.0,25.0,2.0,True
injected_any,1.5,30.0,33,0,,,,,True
injected,1.5,30.0,34,30,5.464302375912666e-06,4.0,29.0,4.0,True
injected,1.5,30.0,34,60,7.618218660354614e-06,3.0,26.0,3.0,True
injected,1.5,30.0,34,120,9.715557098388672e-06,3.0,23.0,2.0,True
injected_any,1.5,30.0,34,0,,,,,True
injected,1.5,30.0,35,30,1.372024416923523e-05,4.0,25.0,3.0,True
injected,1.5,30.0,35,60,5.4836273193359375e-06,3.0,21.0,1.0,True
injected,1.5,30.0,35,120,3.814697265625e-06,3.0,18.0,0.0,True
injected_any,1.5,30.0,35,0,,,,,True
injected,1.5,30.0,36,30,7.005874067544937e-07,3.0,30.0,3.0,True
injected,1.5,30.0,36,60,4.215165972709656e-06,3.0,27.0,3.0,True
injected,1.5,30.0,36,120,7.826089859008789e-05,3.0,22.0,3.0,True
injected_any,1.5,30.0,36,0,,,,,True
injected,1.5,30.0,37,30,8.121132850646973e-07,4.0,27.0,2.0,True
injected,1.5,30.0,37,60,1.1920928955078125e-07,4.0,23.0,0.0,True
injected,1.5,30.0,37,120,9.5367431640625e-07,4.0,20.0,0.0,True
injected_any,1.5,30.0,37,0,,,,,True
injected,1.5,30.0,38,30,7.618218660354614e-06,4.0,26.0,3.0,True
injected,1.5,30.0,38,60,7.748603820800781e-07,4.0,24.0,1.0,True
injected,1.5,30.0,38,120,1.049041748046875e-05,4.0,20.0,1.0,True
injected_any,1.5,30.0,38,0,,,,,True
injected,1.5,30.0,39,30,5.1857903599739075e-05,4.0,25.0,4.0,True
injected,1.5,30.0,39,60,1.7940998077392578e-05,4.0,22.0,2.0,True
injected,1.5,30.0,39,120,0.000110626220703125,4.0,19.0,2.0,True
injected_any,1.5,30.0,39,0,,,,,True
injected,1.5,30.0,40,30,9.553821291774511e-05,4.0,30.0,7.0,True
injected,1.5,30.0,40,60,5.1857903599739075e-05,3.0,25.0,4.0,True
injected,1.5,30.0,40,120,7.826089859008789e-05,4.0,22.0,3.0,True
injected_any,1.5,30.0,40,0,,,,,True
injected,1.5,30.0,41,30,4.33996319770813e-07,4.0,28.0,2.0,True
injected,1.5,30.0,41,60,7.748603820800781e-07,4.0,24.0,1.0,True
injected,1.5,30.0,41,120,9.715557098388672e-06,4.0,23.0,2.0,True
injected_any,1.5,30.0,41,0,,,,,True
injected,1.5,30.0,42,30,1.697661355137825e-05,4.0,27.0,4.0,True
injected,1.5,30.0,42,60,7.748603820800781e-07,4.0,24.0,1.0,True
injected,1.5,30.0,42,120,6.0558319091796875e-05,4.0,20.0,2.0,True
injected_any,1.5,30.0,42,0,,,,,True
injected,1.5,30.0,43,30,2.4616718292236328e-05,4.0,24.0,3.0,True
injected,1.5,30.0,43,60,1.049041748046875e-05,4.0,20.0,1.0,True
injected,1.5,30.0,43,120,0.0003643035888671875,4.0,17.0,2.0,True
injected_any,1.5,30.0,43,0,,,,,True
injected,1.5,30.0,44,30,1.372024416923523e-05,4.0,25.0,3.0,True
injected,1.5,30.0,44,60,1.049041748046875e-05,4.0,20.0,1.0,True
injected,1.5,30.0,44,120,0.0004277229309082031,4.0,19.0,3.0,True
injected_any,1.5,30.0,44,0,,,,,True
injected,1.5,30.0,45,30,3.480084706097841e-05,4.0,30.0,6.0,True
injected,1.5,30.0,45,60,1.372024416923523e-05,4.0,25.0,3.0,True
injected,1.5,30.0,45,120,0.0001385807991027832,4.0,21.0,3.0,True
injected_any,1.5,30.0,45,0,,,,,True
injected,1.5,30.0,46,30,5.464302375912666e-06,4.0,29.0,4.0,True
injected,1.5,30.0,46,60,5.245208740234375e-06,4.0,24.0,2.0,True
injected,1.5,30.0,46,120,0.0004552602767944336,4.0,21.0,4.0,True
injected_any,1.5,30.0,46,0,,,,,True
injected,1.5,30.0,47,30,1.516193151473999e-06,4.0,26.0,2.0,True
injected,1.5,30.0,47,60,1.1920928955078125e-07,4.0,23.0,0.0,True
injected,1.5,30.0,47,120,7.62939453125e-06,4.0,17.0,0.0,True
injected_any,1.5,30.0,47,0,,,,,True
injected,1.5,30.0,48,30,7.005874067544937e-07,4.0,30.0,3.0,True
injected,1.5,30.0,48,60,4.023313522338867e-07,4.0,25.0,1.0,True
injected,1.5,30.0,48,120,7.826089859008789e-05,4.0,22.0,3.0,True
injected_any,1.5,30.0,48,0,,,,,True
injected,1.5,30.0,49,30,2.3245811462402344e-06,4.0,28.0,3.0,True
injected,1.5,30.0,49,60,7.748603820800781e-07,4.0,24.0,1.0,True
injected,1.5,30.0,49,120,7.826089859008789e-05,4.0,22.0,3.0,True
injected_any,1.5,30.0,49,0,,,,,True
injected,1.5,30.0,50,30,9.650597348809242e-06,4.0,28.0,4.0,True
injected,1.5,30.0,50,60,7.618218660354614e-06,3.0,26.0,3.0,True
injected,1.5,30.0,50,120,7.826089859008789e-05,3.0,22.0,3.0,True
injected_any,1.5,30.0,50,0,,,,,True
injected,1.5,30.0,51,30,9.609758853912354e-05,4.0,26.0,5.0,True
injected,1.5,30.0,51,60,8.999556303024292e-05,4.0,24.0,4.0,True
injected,1.5,30.0,51,120,0.0004552602767944336,4.0,21.0,4.0,True
injected_any,1.5,30.0,51,0,,,,,True
injected,1.5,30.0,52,30,1.1180760338902473e-05,4.0,30.0,5.0,True
injected,1.5,30.0,52,60,4.215165972709656e-06,3.0,27.0,3.0,True
injected,1.5,30.0,52,120,9.715557098388672e-06,4.0,23.0,2.0,True
injected_any,1.5,30.0,52,0,,,,,True
injected,1.5,30.0,53,30,4.33996319770813e-07,4.0,28.0,2.0,True
injected,1.5,30.0,53,60,5.960464477539063e-08,4.0,24.0,0.0,True
injected,1.5,30.0,53,120,5.4836273193359375e-06,4.0,21.0,1.0,True
injected_any,1.5,30.0,53,0,,,,,True
injected,1.5,30.0,54,30,2.4616718292236328e-05,4.0,24.0,3.0,True
injected,1.5,30.0,54,60,6.0558319091796875e-05,3.0,20.0,2.0,True
injected,1.5,30.0,54,120,0.0001373291015625,3.0,16.0,1.0,True
injected_any,1.5,30.0,54,0,,,,,True
injected,1.5,30.0,55,30,7.618218660354614e-06,4.0,26.0,3.0,True
injected,1.5,30.0,55,60,2.86102294921875e-06,4.0,22.0,1.0,True
injected,1.5,30.0,55,120,0.000110626220703125,4.0,19.0,2.0,True
injected_any,1.5,30.0,55,0,,,,,True
injected,1.5,30.0,56,30,1.2316741049289703e-07,4.0,30.0,2.0,True
injected,1.5,30.0,56,60,2.086162567138672e-07,4.0,26.0,1.0,True
injected,1.5,30.0,56,120,1.7940998077392578e-05,4.0,22.0,2.0,True
injected_any,1.5,30.0,56,0,,,,,True
injected,1.5,30.0,57,30,1.2780074030160904e-06,4.0,29.0,3.0,True
injected,1.5,30.0,57,60,4.023313522338867e-07,4.0,25.0,1.0,True
injected,1.5,30.0,57,120,9.5367431640625e-07,4.0,20.0,0.0,True
injected_any,1.5,30.0,57,0,,,,,True
injected,1.5,30.0,58,30,7.005874067544937e-07,4.0,30.0,3.0,True
injected,1.5,30.0,58,60,1.516193151473999e-06,4.0,26.0,2.0,True
injected,1.5,30.0,58,120,1.7940998077392578e-05,4.0,22.0,2.0,True
injected_any,1.5,30.0,58,0,,,,,True
injected,1.5,30.0,59,30,7.618218660354614e-06,4.0,26.0,3.0,True
injected,1.5,30.0,59,60,9.715557098388672e-06,3.0,23.0,2.0,True
injected,1.5,30.0,59,120,1.049041748046875e-05,3.0,20.0,1.0,True
injected_any,1.5,30.0,59,0,,,,,True
injected,1.5,30.0,60,30,1.7327256500720978e-06,4.0,31.0,4.0,True
injected,1.5,30.0,60,60,8.121132850646973e-07,4.0,27.0,2.0,True
injected,1.5,30.0,60,120,7.826089859008789e-05,4.0,22.0,3.0,True
injected_any,1.5,30.0,60,0,,,,,True
injected,1.5,30.0,61,30,3.8300640881061554e-07,4.0,31.0,3.0,True
injected,1.5,30.0,61,60,8.121132850646973e-07,4.0,27.0,2.0,True
injected,1.5,30.0,61,120,7.826089859008789e-05,4.0,22.0,3.0,True
injected_any,1.5,30.0,61,0,,,,,True
injected,1.5,30.0,62,30,7.005874067544937e-07,4.0,30.0,3.0,True
injected,1.5,30.0,62,60,1.4901161193847656e-06,4.0,23.0,1.0,True
injected,1.5,30.0,62,120,0.000244140625,3.0,20.0,3.0,True
injected_any,1.5,30.0,62,0,,,,,True
injected,1.5,30.0,63,30,2.3245811462402344e-06,4.0,28.0,3.0,True
injected,1.5,30.0,63,60,1.516193151473999e-06,4.0,26.0,2.0,True
injected,1.5,30.0,63,120,0.0001385807991027832,4.0,21.0,3.0,True
injected_any,1.5,30.0,63,0,,,,,True
injected,1.5,30.0,64,30,3.08244489133358e-06,4.0,30.0,4.0,True
injected,1.5,30.0,64,60,5.245208740234375e-06,4.0,24.0,2.0,True
injected,1.5,30.0,64,120,0.0001385807991027832,4.0,21.0,3.0,True
injected_any,1.5,30.0,64,0,,,,,True
injected,1.5,30.0,65,30,4.215165972709656e-06,4.0,27.0,3.0,True
injected,1.5,30.0,65,60,7.748603820800781e-07,4.0,24.0,1.0,True
injected,1.5,30.0,65,120,6.0558319091796875e-05,4.0,20.0,2.0,True
injected_any,1.5,30.0,65,0,,,,,True
injected,1.5,30.0,66,30,8.121132850646973e-07,4.0,27.0,2.0,True
injected,1.5,30.0,66,60,1.1920928955078125e-07,4.0,23.0,0.0,True
injected,1.5,30.0,66,120,0.000244140625,4.0,20.0,3.0,True
injected_any,1.5,30.0,66,0,,,,,True
injected,1.5,30.0,67,30,9.650597348809242e-06,4.0,28.0,4.0,True
injected,1.5,30.0,67,60,2.823770046234131e-06,4.0,25.0,2.0,True
injected,1.5,30.0,67,120,0.000110626220703125,3.0,19.0,2.0,True
injected_any,1.5,30.0,67,0,,,,,True
injected,1.5,30.0,68,30,7.005874067544937e-07,4.0,30.0,3.0,True
injected,1.5,30.0,68,60,1.516193151473999e-06,4.0,26.0,2.0,True
injected,1.5,30.0,68,120,3.3020973205566406e-05,3.0,21.0,2.0,True
injected_any,1.5,30.0,68,0,,,,,True
injected,1.5,30.0,69,30,1.2316741049289703e-07,4.0,30.0,2.0,True
injected,1.5,30.0,69,60,1.0803341865539551e-07,4.0,27.0,1.0,True
injected,1.5,30.0,69,120,9.715557098388672e-06,4.0,23.0,2.0,True
injected_any,1.5,30.0,69,0,,,,,True
injected,1.5,30.0,70,30,5.653710104525089e-05,4.0,27.0,5.0,True
injected,1.5,30.0,70,60,4.398822784423828e-05,3.0,23.0,3.0,True
injected,1.5,30.0,70,120,0.000110626220703125,3.0,19.0,2.0,True
injected_any,1.5,30.0,70,0,,,,,True
injected,1.5,30.0,71,30,3.3020973205566406e-05,4.0,21.0,2.0,True
injected,1.5,30.0,71,60,1.049041748046875e-05,4.0,20.0,1.0,True
injected,1.5,30.0,71,120,0.0022125244140625,4.0,16.0,3.0,True
injected_any,1.5,30.0,71,0,,,,,True
injected,1.5,30.0,72,30,3.3020973205566406e-05,4.0,21.0,2.0,True
injected,1.5,30.0,72,60,2.002716064453125e-05,3.0,19.0,1.0,True
injected,1.5,30.0,72,120,0.00020122528076171875,3.0,18.0,2.0,True
injected_any,1.5,30.0,72,0,,,,,True
injected,1.5,30.0,73,30,2.314336597919464e-07,4.0,29.0,2.0,True
injected,1.5,30.0,73,60,2.086162567138672e-07,4.0,26.0,1.0,True
injected,1.5,30.0,73,120,1.4901161193847656e-06,4.0,23.0,1.0,True
injected_any,1.5,30.0,73,0,,,,,True
injected,1.5,30.0,74,30,4.398822784423828e-05,4.0,23.0,3.0,True
injected,1.5,30.0,74,60,5.4836273193359375e-06,4.0,21.0,1.0,True
injected,1.5,30.0,74,120,7.2479248046875e-05,4.0,17.0,1.0,True
injected_any,1.5,30.0,74,0,,,,,True
injected,1.5,30.0,75,30,7.618218660354614e-06,4.0,26.0,3.0,True
injected,1.5,30.0,75,60,7.748603820800781e-07,3.0,24.0,1.0,True
injected,1.5,30.0,75,120,2.002716064453125e-05,3.0,19.0,1.0,True
injected_any,1.5,30.0,75,0,,,,,True
injected,1.5,30.0,76,30,7.826089859008789e-05,4.0,22.0,3.0,True
injected,1.5,30.0,76,60,6.0558319091796875e-05,4.0,20.0,2.0,True
injected,1.5,30.0,76,120,0.002171754837036133,4.0,18.0,4.0,True
injected_any,1.5,30.0,76,0,,,,,True
injected,1.5,30.0,77,30,7.618218660354614e-06,4.0,26.0,3.0,True
injected,1.5,30.0,77,60,2.9802322387695312e-08,4.0,25.0,0.0,True
injected,1.5,30.0,77,120,9.5367431640625e-07,4.0,20.0,0.0,True
injected_any,1.5,30.0,77,0,,,,,True
injected,1.5,30.0,78,30,1.9279075786471367e-05,4.0,29.0,5.0,True
injected,1.5,30.0,78,60,7.618218660354614e-06,4.0,26.0,3.0,True
injected,1.5,30.0,78,120,7.826089859008789e-05,4.0,22.0,3.0,True
injected_any,1.5,30.0,78,0,,,,,True
injected,1.5,30.0,79,30,1.2316741049289703e-07,4.0,30.0,2.0,True
injected,1.5,30.0,79,60,2.086162567138672e-07,4.0,26.0,1.0,True
injected,1.5,30.0,79,120,4.398822784423828e-05,4.0,23.0,3.0,True
injected_any,1.5,30.0,79,0,,,,,True
injected,1.5,30.0,80,30,1.2316741049289703e-07,4.0,30.0,2.0,True
injected,1.5,30.0,80,60,1.516193151473999e-06,3.0,26.0,2.0,True
injected,1.5,30.0,80,120,6.0558319091796875e-05,3.0,20.0,2.0,True
injected_any,1.5,30.0,80,0,,,,,True
injected,1.5,30.0,81,30,1.516193151473999e-06,4.0,26.0,2.0,True
injected,1.5,30.0,81,60,1.1920928955078125e-07,4.0,23.0,0.0,True
injected,1.5,30.0,81,120,5.4836273193359375e-06,4.0,21.0,1.0,True
injected_any,1.5,30.0,81,0,,,,,True
injected,1.5,30.0,82,30,0.0004389551468193531,4.0,25.0,6.0,True
injected,1.5,30.0,82,60,0.0001385807991027832,3.0,21.0,3.0,True
injected,1.5,30.0,82,120,0.002171754837036133,3.0,18.0,4.0,True
injected_any,1.5,30.0,82,0,,,,,True
injected,1.5,30.0,83,30,6.456742994487286e-06,4.0,31.0,5.0,True
injected,1.5,30.0,83,60,7.618218660354614e-06,4.0,26.0,3.0,True
injected,1.5,30.0,83,120,0.0004552602767944336,4.0,21.0,4.0,True
injected_any,1.5,30.0,83,0,,,,,True
injected,1.5,30.0,84,30,1.2780074030160904e-06,4.0,29.0,3.0,True
injected,1.5,30.0,84,60,1.372024416923523e-05,4.0,25.0,3.0,True
injected,1.5,30.0,84,120,0.0011578500270843506,4.0,23.0,6.0,True
injected_any,1.5,30.0,84,0,,,,,True
injected,1.5,30.0,85,30,5.653710104525089e-05,4.0,27.0,5.0,True
injected,1.5,30.0,85,60,9.715557098388672e-06,3.0,23.0,2.0,True
injected,1.5,30.0,85,120,3.3020973205566406e-05,4.0,21.0,2.0,True
injected_any,1.5,30.0,85,0,,,,,True
injected,1.5,30.0,86,30,1.2780074030160904e-06,4.0,29.0,3.0,True
injected,1.5,30.0,86,60,8.121132850646973e-07,4.0,27.0,2.0,True
injected,1.5,30.0,86,120,7.826089859008789e-05,4.0,22.0,3.0,True
injected_any,1.5,30.0,86,0,,,,,True
injected,1.5,30.0,87,30,2.0884908735752106e-07,4.0,32.0,3.0,True
injected,1.5,30.0,87,60,4.33996319770813e-07,4.0,28.0,2.0,True
injected,1.5,30.0,87,120,2.4616718292236328e-05,4.0,24.0,3.0,True
injected_any,1.5,30.0,87,0,,,,,True
injected,1.5,30.0,88,30,0.00016245711594820025,4.0,25.0,5.0,True
injected,1.5,30.0,88,60,4.398822784423828e-05,4.0,23.0,3.0,True
injected,1.5,30.0,88,120,0.000244140625,4.0,20.0,3.0,True
injected_any,1.5,30.0,88,0,,,,,True
injected,1.5,30.0,89,30,1.2780074030160904e-06,4.0,29.0,3.0,True
injected,1.5,30.0,89,60,2.823770046234131e-06,3.0,25.0,2.0,True
injected,1.5,30.0,89,120,3.3020973205566406e-05,4.0,21.0,2.0,True
injected_any,1.5,30.0,89,0,,,,,True
injected,1.5,30.0,90,30,1.2780074030160904e-06,4.0,29.0,3.0,True
injected,1.5,30.0,90,60,4.023313522338867e-07,4.0,25.0,1.0,True
injected,1.5,30.0,90,120,2.86102294921875e-06,4.0,22.0,1.0,True
injected_any,1.5,30.0,90,0,,,,,True
injected,1.5,30.0,91,30,5.464302375912666e-06,4.0,29.0,4.0,True
injected,1.5,30.0,91,60,2.823770046234131e-06,4.0,25.0,2.0,True
injected,1.5,30.0,91,120,2.002716064453125e-05,3.0,19.0,1.0,True
injected_any,1.5,30.0,91,0,,,,,True
injected,1.5,30.0,92,30,1.2780074030160904e-06,4.0,29.0,3.0,True
injected,1.5,30.0,92,60,7.748603820800781e-07,4.0,24.0,1.0,True
injected,1.5,30.0,92,120,6.0558319091796875e-05,4.0,20.0,2.0,True
injected_any,1.5,30.0,92,0,,,,,True
injected,1.5,30.0,93,30,1.697661355137825e-05,4.0,27.0,4.0,True
injected,1.5,30.0,93,60,3.3020973205566406e-05,4.0,21.0,2.0,True
injected,1.5,30.0,93,120,0.0012469589710235596,4.0,21.0,5.0,True
injected_any,1.5,30.0,93,0,,,,,True
injected,1.5,30.0,94,30,4.215165972709656e-06,4.0,27.0,3.0,True
injected,1.5,30.0,94,60,1.1920928955078125e-07,4.0,23.0,0.0,True
injected,1.5,30.0,94,120,5.4836273193359375e-06,3.0,21.0,1.0,True
injected_any,1.5,30.0,94,0,,,,,True
injected,1.5,30.0,95,30,2.4616718292236328e-05,4.0,24.0,3.0,True
injected,1.5,30.0,95,60,5.4836273193359375e-06,3.0,21.0,1.0,True
injected,1.5,30.0,95,120,0.000110626220703125,3.0,19.0,2.0,True
injected_any,1.5,30.0,95,0,,,,,True
injected,1.5,30.0,96,30,1.2780074030160904e-06,4.0,29.0,3.0,True
injected,1.5,30.0,96,60,2.823770046234131e-06,4.0,25.0,2.0,True
injected,1.5,30.0,96,120,0.0001385807991027832,4.0,21.0,3.0,True
injected_any,1.5,30.0,96,0,,,,,True
injected,1.5,30.0,97,30,1.516193151473999e-06,4.0,26.0,2.0,True
injected,1.5,30.0,97,60,5.4836273193359375e-06,4.0,21.0,1.0,True
injected,1.5,30.0,97,120,0.0003643035888671875,4.0,17.0,2.0,True
injected_any,1.5,30.0,97,0,,,,,True
injected,1.5,30.0,98,30,9.650597348809242e-06,4.0,28.0,4.0,True
injected,1.5,30.0,98,60,1.516193151473999e-06,4.0,26.0,2.0,True
injected,1.5,30.0,98,120,9.715557098388672e-06,4.0,23.0,2.0,True
injected_any,1.5,30.0,98,0,,,,,True
injected,1.5,30.0,99,30,9.609758853912354e-05,3.0,26.0,5.0,True
injected,1.5,30.0,99,60,0.000244140625,3.0,20.0,3.0,True
injected,1.5,30.0,99,120,0.0006561279296875,3.0,16.0,2.0,True
injected_any,1.5,30.0,99,0,,,,,True
injected,1.5,60.0,0,30,0.395263671875,2.0,8.0,6.0,False
injected,1.5,60.0,0,60,1.516193151473999e-06,3.0,26.0,2.0,True
injected,1.5,60.0,0,120,9.715557098388672e-06,4.0,23.0,2.0,True
injected_any,1.5,60.0,0,0,,,,,True
injected,1.5,60.0,1,30,0.4018096923828125,2.0,9.0,7.0,False
injected,1.5,60.0,1,60,0.0001385807991027832,3.0,21.0,3.0,True
injected,1.5,60.0,1,120,0.0007448196411132812,3.0,18.0,3.0,True
injected_any,1.5,60.0,1,0,,,,,True
injected,1.5,60.0,2,30,0.395263671875,2.0,8.0,6.0,False
injected,1.5,60.0,2,60,7.826089859008789e-05,3.0,22.0,3.0,True
injected,1.5,60.0,2,120,0.0001553744077682495,3.0,23.0,4.0,True
injected_any,1.5,60.0,2,0,,,,,True
injected,1.5,60.0,3,30,0.4018096923828125,2.0,9.0,7.0,False
injected,1.5,60.0,3,60,0.000244140625,4.0,20.0,3.0,True
injected,1.5,60.0,3,120,0.0012469589710235596,4.0,21.0,5.0,True
injected_any,1.5,60.0,3,0,,,,,True
injected,1.5,60.0,4,30,0.4018096923828125,2.0,9.0,7.0,False
injected,1.5,60.0,4,60,2.002716064453125e-05,3.0,19.0,1.0,True
injected,1.5,60.0,4,120,0.00020122528076171875,3.0,18.0,2.0,True
injected_any,1.5,60.0,4,0,,,,,True
injected,1.5,60.0,5,30,0.395263671875,2.0,8.0,6.0,False
injected,1.5,60.0,5,60,5.4836273193359375e-06,3.0,21.0,1.0,True
injected,1.5,60.0,5,120,0.0012884140014648438,3.0,17.0,3.0,True
injected_any,1.5,60.0,5,0,,,,,True
injected,1.5,60.0,6,30,0.395263671875,2.0,8.0,6.0,False
injected,1.5,60.0,6,60,5.245208740234375e-06,3.0,24.0,2.0,True
injected,1.5,60.0,6,120,6.0558319091796875e-05,3.0,20.0,2.0,True
injected_any,1.5,60.0,6,0,,,,,True
injected,1.5,60.0,7,30,0.4018096923828125,2.0,9.0,7.0,False
injected,1.5,60.0,7,60,0.000771939754486084,4.0,20.0,4.0,True
injected,1.5,60.0,7,120,0.003305375576019287,4.0,19.0,5.0,True
injected_any,1.5,60.0,7,0,,,,,True
injected,1.5,60.0,8,30,0.4999999999999999,2.0,8.0,7.0,False
injected,1.5,60.0,8,60,0.00020122528076171875,3.0,18.0,2.0,True
injected,1.5,60.0,8,120,0.0007448196411132812,4.0,18.0,3.0,True
injected_any,1.5,60.0,8,0,,,,,True
injected,1.5,60.0,9,30,0.4018096923828125,2.0,9.0,7.0,False
injected,1.5,60.0,9,60,0.00045611709356307983,3.0,23.0,5.0,True
injected,1.5,60.0,9,120,0.0004552602767944336,4.0,21.0,4.0,True
injected_any,1.5,60.0,9,0,,,,,True
injected,1.5,60.0,10,30,0.395263671875,2.0,8.0,6.0,False
injected,1.5,60.0,10,60,1.4901161193847656e-06,4.0,23.0,1.0,True
injected,1.5,60.0,10,120,0.0001385807991027832,4.0,21.0,3.0,True
injected_any,1.5,60.0,10,0,,,,,True
injected,1.5,60.0,11,30,0.395263671875,2.0,8.0,6.0,False
injected,1.5,60.0,11,60,1.049041748046875e-05,3.0,20.0,1.0,True
injected,1.5,60.0,11,120,0.0004277229309082031,4.0,19.0,3.0,True
injected_any,1.5,60.0,11,0,,,,,True
injected,1.5,60.0,12,30,0.395263671875,2.0,8.0,6.0,False
injected,1.5,60.0,12,60,3.3020973205566406e-05,3.0,21.0,2.0,True
injected,1.5,60.0,12,120,0.0035986900329589844,3.0,17.0,4.0,True
injected_any,1.5,60.0,12,0,,,,,True
injected,1.5,60.0,13,30,0.395263671875,2.0,8.0,6.0,False
injected,1.5,60.0,13,60,8.121132850646973e-07,3.0,27.0,2.0,True
injected,1.5,60.0,13,120,9.715557098388672e-06,4.0,23.0,2.0,True
injected_any,1.5,60.0,13,0,,,,,True
injected,1.5,60.0,14,30,0.395263671875,2.0,8.0,6.0,False
injected,1.5,60.0,14,60,5.4836273193359375e-06,3.0,21.0,1.0,True
injected,1.5,60.0,14,120,6.0558319091796875e-05,3.0,20.0,2.0,True
injected_any,1.5,60.0,14,0,,,,,True
injected,1.5,60.0,15,30,0.395263671875,2.0,8.0,6.0,False
injected,1.5,60.0,15,60,7.748603820800781e-07,4.0,24.0,1.0,True
injected,1.5,60.0,15,120,3.3020973205566406e-05,4.0,21.0,2.0,True
injected_any,1.5,60.0,15,0,,,,,True
injected,1.5,60.0,16,30,0.395263671875,2.0,8.0,6.0,False
injected,1.5,60.0,16,60,7.826089859008789e-05,3.0,22.0,3.0,True
injected,1.5,60.0,16,120,0.001299738883972168,3.0,19.0,4.0,True
injected_any,1.5,60.0,16,0,,,,,True
injected,1.5,60.0,17,30,0.395263671875,2.0,8.0,6.0,False
injected,1.5,60.0,17,60,1.4901161193847656e-06,3.0,23.0,1.0,True
injected,1.5,60.0,17,120,5.4836273193359375e-06,4.0,21.0,1.0,True
injected_any,1.5,60.0,17,0,,,,,True
injected,1.5,60.0,18,30,0.395263671875,2.0,8.0,6.0,False
injected,1.5,60.0,18,60,9.5367431640625e-07,4.0,20.0,0.0,True
injected,1.5,60.0,18,120,0.00020122528076171875,4.0,18.0,2.0,True
injected_any,1.5,60.0,18,0,,,,,True
injected,1.5,60.0,19,30,0.395263671875,2.0,8.0,6.0,False
injected,1.5,60.0,19,60,1.516193151473999e-06,3.0,26.0,2.0,True
injected,1.5,60.0,19,120,7.826089859008789e-05,3.0,22.0,3.0,True
injected_any,1.5,60.0,19,0,,,,,True
injected,1.5,60.0,20,30,0.395263671875,2.0,8.0,6.0,False
injected,1.5,60.0,20,60,5.960464477539063e-08,4.0,24.0,0.0,True
injected,1.5,60.0,20,120,1.049041748046875e-05,4.0,20.0,1.0,True
injected_any,1.5,60.0,20,0,,,,,True
injected,1.5,60.0,21,30,0.395263671875,2.0,8.0,6.0,False
injected,1.5,60.0,21,60,1.1920928955078125e-07,3.0,23.0,0.0,True
injected,1.5,60.0,21,120,5.4836273193359375e-06,3.0,21.0,1.0,True
injected_any,1.5,60.0,21,0,,,,,True
injected,1.5,60.0,22,30,0.395263671875,2.0,8.0,6.0,False
injected,1.5,60.0,22,60,1.049041748046875e-05,3.0,20.0,1.0,True
injected,1.5,60.0,22,120,0.00020122528076171875,3.0,18.0,2.0,True
injected_any,1.5,60.0,22,0,,,,,True
injected,1.5,60.0,23,30,0.395263671875,2.0,8.0,6.0,False
injected,1.5,60.0,23,60,7.826089859008789e-05,3.0,22.0,3.0,True
injected,1.5,60.0,23,120,0.0004277229309082031,4.0,19.0,3.0,True
injected_any,1.5,60.0,23,0,,,,,True
injected,1.5,60.0,24,30,0.395263671875,2.0,8.0,6.0,False
injected,1.5,60.0,24,60,1.516193151473999e-06,3.0,26.0,2.0,True
injected,1.5,60.0,24,120,1.7940998077392578e-05,3.0,22.0,2.0,True
injected_any,1.5,60.0,24,0,,,,,True
injected,1.5,60.0,25,30,0.395263671875,2.0,8.0,6.0,False
injected,1.5,60.0,25,60,9.715557098388672e-06,3.0,23.0,2.0,True
injected,1.5,60.0,25,120,0.000110626220703125,3.0,19.0,2.0,True
injected_any,1.5,60.0,25,0,,,,,True
injected,1.5,60.0,26,30,0.395263671875,2.0,8.0,6.0,False
injected,1.5,60.0,26,60,5.960464477539063e-08,4.0,24.0,0.0,True
injected,1.5,60.0,26,120,1.049041748046875e-05,4.0,20.0,1.0,True
injected_any,1.5,60.0,26,0,,,,,True
injected,1.5,60.0,27,30,0.395263671875,2.0,8.0,6.0,False
injected,1.5,60.0,27,60,5.4836273193359375e-06,4.0,21.0,1.0,True
injected,1.5,60.0,27,120,7.2479248046875e-05,4.0,17.0,1.0,True
injected_any,1.5,60.0,27,0,,,,,True
injected,1.5,60.0,28,30,0.395263671875,2.0,8.0,6.0,False
injected,1.5,60.0,28,60,2.384185791015625e-07,4.0,22.0,0.0,True
injected,1.5,60.0,28,120,0.0001385807991027832,4.0,21.0,3.0,True
injected_any,1.5,60.0,28,0,,,,,True
injected,1.5,60.0,29,30,0.4999999999999999,2.0,8.0,7.0,False
injected,1.5,60.0,29,60,0.0012884140014648438,3.0,17.0,3.0,True
injected,1.5,60.0,29,120,0.003692626953125,4.0,13.0,2.0,True
injected_any,1.5,60.0,29,0,,,,,True
injected,1.5,60.0,30,30,0.395263671875,2.0,8.0,6.0,False
injected,1.5,60.0,30,60,5.245208740234375e-06,3.0,24.0,2.0,True
injected,1.5,60.0,30,120,3.3020973205566406e-05,3.0,21.0,2.0,True
injected_any,1.5,60.0,30,0,,,,,True
injected,1.5,60.0,31,30,0.4018096923828125,2.0,9.0,7.0,False
injected,1.5,60.0,31,60,0.00020122528076171875,3.0,18.0,2.0,True
injected,1.5,60.0,31,120,0.0007448196411132812,3.0,18.0,3.0,True
injected_any,1.5,60.0,31,0,,,,,True
injected,1.5,60.0,32,30,0.4018096923828125,2.0,9.0,7.0,False
injected,1.5,60.0,32,60,0.000244140625,4.0,20.0,3.0,True
injected,1.5,60.0,32,120,0.0020386576652526855,4.0,20.0,5.0,True
injected_any,1.5,60.0,32,0,,,,,True
injected,1.5,60.0,33,30,0.5,2.0,7.0,6.0,False
injected,1.5,60.0,33,60,2.8870999813079834e-08,4.0,29.0,1.0,True
injected,1.5,60.0,33,120,1.516193151473999e-06,4.0,26.0,2.0,True
injected_any,1.5,60.0,33,0,,,,,True
injected,1.5,60.0,34,30,0.395263671875,2.0,8.0,6.0,False
injected,1.5,60.0,34,60,4.398822784423828e-05,3.0,23.0,3.0,True
injected,1.5,60.0,34,120,0.00026676058769226074,3.0,22.0,4.0,True
injected_any,1.5,60.0,34,0,,,,,True
injected,1.5,60.0,35,30,0.395263671875,2.0,8.0,6.0,False
injected,1.5,60.0,35,60,5.4836273193359375e-06,3.0,21.0,1.0,True
injected,1.5,60.0,35,120,0.0001373291015625,3.0,16.0,1.0,True
injected_any,1.5,60.0,35,0,,,,,True
injected,1.5,60.0,36,30,0.395263671875,2.0,8.0,6.0,False
injected,1.5,60.0,36,60,1.372024416923523e-05,3.0,25.0,3.0,True
injected,1.5,60.0,36,120,0.000244140625,3.0,20.0,3.0,True
injected_any,1.5,60.0,36,0,,,,,True
injected,1.5,60.0,37,30,0.395263671875,2.0,8.0,6.0,False
injected,1.5,60.0,37,60,1.1920928955078125e-07,4.0,23.0,0.0,True
injected,1.5,60.0,37,120,3.814697265625e-06,4.0,18.0,0.0,True
injected_any,1.5,60.0,37,0,,,,,True
injected,1.5,60.0,38,30,0.395263671875,2.0,8.0,6.0,False
injected,1.5,60.0,38,60,1.4901161193847656e-06,4.0,23.0,1.0,True
injected,1.5,60.0,38,120,2.002716064453125e-05,4.0,19.0,1.0,True
injected_any,1.5,60.0,38,0,,,,,True
injected,1.5,60.0,39,30,0.4018096923828125,2.0,9.0,7.0,False
injected,1.5,60.0,39,60,3.3020973205566406e-05,4.0,21.0,2.0,True
injected,1.5,60.0,39,120,0.0004277229309082031,4.0,19.0,3.0,True
injected_any,1.5,60.0,39,0,,,,,True
injected,1.5,60.0,40,30,0.395263671875,2.0,8.0,6.0,False
injected,1.5,60.0,40,60,0.0001553744077682495,3.0,23.0,4.0,True
injected,1.5,60.0,40,120,0.00045611709356307983,3.0,23.0,5.0,True
injected_any,1.5,60.0,40,0,,,,,True
injected,1.5,60.0,41,30,0.395263671875,2.0,8.0,6.0,False
injected,1.5,60.0,41,60,1.4901161193847656e-06,4.0,23.0,1.0,True
injected,1.5,60.0,41,120,6.0558319091796875e-05,4.0,20.0,2.0,True
injected_any,1.5,60.0,41,0,,,,,True
injected,1.5,60.0,42,30,0.4018096923828125,2.0,9.0,7.0,False
injected,1.5,60.0,42,60,5.4836273193359375e-06,4.0,21.0,1.0,True
injected,1.5,60.0,42,120,0.000110626220703125,4.0,19.0,2.0,True
injected_any,1.5,60.0,42,0,,,,,True
injected,1.5,60.0,43,30,0.4018096923828125,2.0,9.0,7.0,False
injected,1.5,60.0,43,60,0.00020122528076171875,4.0,18.0,2.0,True
injected,1.5,60.0,43,120,0.0006561279296875,4.0,16.0,2.0,True
injected_any,1.5,60.0,43,0,,,,,True
injected,1.5,60.0,44,30,0.395263671875,2.0,8.0,6.0,False
injected,1.5,60.0,44,60,2.002716064453125e-05,4.0,19.0,1.0,True
injected,1.5,60.0,44,120,0.001299738883972168,4.0,19.0,4.0,True
injected_any,1.5,60.0,44,0,,,,,True
injected,1.5,60.0,45,30,0.395263671875,2.0,8.0,6.0,False
injected,1.5,60.0,45,60,4.398822784423828e-05,3.0,23.0,3.0,True
injected,1.5,60.0,45,120,0.00026676058769226074,4.0,22.0,4.0,True
injected_any,1.5,60.0,45,0,,,,,True
injected,1.5,60.0,46,30,0.395263671875,2.0,8.0,6.0,False
injected,1.5,60.0,46,60,9.715557098388672e-06,4.0,23.0,2.0,True
injected,1.5,60.0,46,120,0.000771939754486084,4.0,20.0,4.0,True
injected_any,1.5,60.0,46,0,,,,,True
injected,1.5,60.0,47,30,0.395263671875,2.0,8.0,6.0,False
injected,1.5,60.0,47,60,4.76837158203125e-07,4.0,21.0,0.0,True
injected,1.5,60.0,47,120,3.0517578125e-05,4.0,15.0,0.0,True
injected_any,1.5,60.0,47,0,,,,,True
injected,1.5,60.0,48,30,0.395263671875,2.0,8.0,6.0,False
injected,1.5,60.0,48,60,2.86102294921875e-06,3.0,22.0,1.0,True
injected,1.5,60.0,48,120,7.826089859008789e-05,4.0,22.0,3.0,True
injected_any,1.5,60.0,48,0,,,,,True
injected,1.5,60.0,49,30,0.4018096923828125,2.0,9.0,7.0,False
injected,1.5,60.0,49,60,2.86102294921875e-06,4.0,22.0,1.0,True
injected,1.5,60.0,49,120,7.826089859008789e-05,4.0,22.0,3.0,True
injected_any,1.5,60.0,49,0,,,,,True
injected,1.5,60.0,50,30,0.395263671875,2.0,8.0,6.0,False
injected,1.5,60.0,50,60,1.372024416923523e-05,3.0,25.0,3.0,True
injected,1.5,60.0,50,120,0.000771939754486084,3.0,20.0,4.0,True
injected_any,1.5,60.0,50,0,,,,,True
injected,1.5,60.0,51,30,0.395263671875,2.0,8.0,6.0,False
injected,1.5,60.0,51,60,0.00045611709356307983,3.0,23.0,5.0,True
injected,1.5,60.0,51,120,0.0046776533126831055,3.0,20.0,6.0,True
injected_any,1.5,60.0,51,0,,,,,True
injected,1.5,60.0,52,30,0.395263671875,2.0,8.0,6.0,False
injected,1.5,60.0,52,60,7.618218660354614e-06,3.0,26.0,3.0,True
injected,1.5,60.0,52,120,4.398822784423828e-05,4.0,23.0,3.0,True
injected_any,1.5,60.0,52,0,,,,,True
injected,1.5,60.0,53,30,0.395263671875,2.0,8.0,6.0,False
injected,1.5,60.0,53,60,2.9802322387695312e-08,4.0,25.0,0.0,True
injected,1.5,60.0,53,120,2.002716064453125e-05,4.0,19.0,1.0,True
injected_any,1.5,60.0,53,0,,,,,True
injected,1.5,60.0,54,30,0.4018096923828125,2.0,9.0,7.0,False
injected,1.5,60.0,54,60,0.0003643035888671875,3.0,17.0,2.0,True
injected,1.5,60.0,54,120,0.0002593994140625,3.0,15.0,1.0,True
injected_any,1.5,60.0,54,0,,,,,True
injected,1.5,60.0,55,30,0.395263671875,2.0,8.0,6.0,False
injected,1.5,60.0,55,60,1.7940998077392578e-05,3.0,22.0,2.0,True
injected,1.5,60.0,55,120,0.0012884140014648438,3.0,17.0,3.0,True
injected_any,1.5,60.0,55,0,,,,,True
injected,1.5,60.0,56,30,0.395263671875,2.0,8.0,6.0,False
injected,1.5,60.0,56,60,1.4901161193847656e-06,4.0,23.0,1.0,True
injected,1.5,60.0,56,120,6.0558319091796875e-05,4.0,20.0,2.0,True
injected_any,1.5,60.0,56,0,,,,,True
injected,1.5,60.0,57,30,0.395263671875,2.0,8.0,6.0,False
injected,1.5,60.0,57,60,2.86102294921875e-06,3.0,22.0,1.0,True
injected,1.5,60.0,57,120,3.814697265625e-05,3.0,18.0,1.0,True
injected_any,1.5,60.0,57,0,,,,,True
injected,1.5,60.0,58,30,0.395263671875,2.0,8.0,6.0,False
injected,1.5,60.0,58,60,5.245208740234375e-06,4.0,24.0,2.0,True
injected,1.5,60.0,58,120,6.0558319091796875e-05,4.0,20.0,2.0,True
injected_any,1.5,60.0,58,0,,,,,True
injected,1.5,60.0,59,30,0.395263671875,2.0,8.0,6.0,False
injected,1.5,60.0,59,60,5.4836273193359375e-06,3.0,21.0,1.0,True
injected,1.5,60.0,59,120,7.2479248046875e-05,3.0,17.0,1.0,True
injected_any,1.5,60.0,59,0,,,,,True
injected,1.5,60.0,60,30,0.395263671875,2.0,8.0,6.0,False
injected,1.5,60.0,60,60,5.245208740234375e-06,3.0,24.0,2.0,True
injected,1.5,60.0,60,120,0.0001385807991027832,4.0,21.0,3.0,True
injected_any,1.5,60.0,60,0,,,,,True
injected,1.5,60.0,61,30,0.395263671875,2.0,8.0,6.0,False
injected,1.5,60.0,61,60,5.245208740234375e-06,4.0,24.0,2.0,True
injected,1.5,60.0,61,120,0.0004552602767944336,4.0,21.0,4.0,True
injected_any,1.5,60.0,61,0,,,,,True
injected,1.5,60.0,62,30,0.395263671875,2.0,8.0,6.0,False
injected,1.5,60.0,62,60,2.86102294921875e-06,3.0,22.0,1.0,True
injected,1.5,60.0,62,120,0.000771939754486084,3.0,20.0,4.0,True
injected_any,1.5,60.0,62,0,,,,,True
injected,1.5,60.0,63,30,0.395263671875,2.0,8.0,6.0,False
injected,1.5,60.0,63,60,5.245208740234375e-06,3.0,24.0,2.0,True
injected,1.5,60.0,63,120,0.0004277229309082031,3.0,19.0,3.0,True
injected_any,1.5,60.0,63,0,,,,,True
injected,1.5,60.0,64,30,0.395263671875,2.0,8.0,6.0,False
injected,1.5,60.0,64,60,3.3020973205566406e-05,3.0,21.0,2.0,True
injected,1.5,60.0,64,120,0.000771939754486084,3.0,20.0,4.0,True
injected_any,1.5,60.0,64,0,,,,,True
injected,1.5,60.0,65,30,0.395263671875,2.0,8.0,6.0,False
injected,1.5,60.0,65,60,2.86102294921875e-06,4.0,22.0,1.0,True
injected,1.5,60.0,65,120,0.000110626220703125,4.0,19.0,2.0,True
injected_any,1.5,60.0,65,0,,,,,True
injected,1.5,60.0,66,30,0.395263671875,2.0,8.0,6.0,False
injected,1.5,60.0,66,60,9.5367431640625e-07,4.0,20.0,0.0,True
injected,1.5,60.0,66,120,0.0007448196411132812,4.0,18.0,3.0,True
injected_any,1.5,60.0,66,0,,,,,True
injected,1.5,60.0,67,30,0.395263671875,2.0,8.0,6.0,False
injected,1.5,60.0,67,60,7.826089859008789e-05,3.0,22.0,3.0,True
injected,1.5,60.0,67,120,0.0007448196411132812,3.0,18.0,3.0,True
injected_any,1.5,60.0,67,0,,,,,True
injected,1.5,60.0,68,30,0.395263671875,2.0,8.0,6.0,False
injected,1.5,60.0,68,60,1.7940998077392578e-05,3.0,22.0,2.0,True
injected,1.5,60.0,68,120,0.000771939754486084,3.0,20.0,4.0,True
injected_any,1.5,60.0,68,0,,,,,True
injected,1.5,60.0,69,30,0.395263671875,2.0,8.0,6.0,False
injected,1.5,60.0,69,60,7.748603820800781e-07,4.0,24.0,1.0,True
injected,1.5,60.0,69,120,3.3020973205566406e-05,4.0,21.0,2.0,True
injected_any,1.5,60.0,69,0,,,,,True
injected,1.5,60.0,70,30,0.395263671875,2.0,8.0,6.0,False
injected,1.5,60.0,70,60,0.00026676058769226074,3.0,22.0,4.0,True
injected,1.5,60.0,70,120,0.003305375576019287,3.0,19.0,5.0,True
injected_any,1.5,60.0,70,0,,,,,True
injected,1.5,60.0,71,30,0.4018096923828125,2.0,9.0,7.0,False
injected,1.5,60.0,71,60,7.2479248046875e-05,4.0,17.0,1.0,True
injected,1.5,60.0,71,120,0.005908966064453125,4.0,16.0,4.0,True
injected_any,1.5,60.0,71,0,,,,,True
injected,1.5,60.0,72,30,0.4018096923828125,2.0,9.0,7.0,False
injected,1.5,60.0,72,60,3.814697265625e-05,3.0,18.0,1.0,True
injected,1.5,60.0,72,120,0.0003643035888671875,3.0,17.0,2.0,True
injected_any,1.5,60.0,72,0,,,,,True
injected,1.5,60.0,73,30,0.395263671875,2.0,8.0,6.0,False
injected,1.5,60.0,73,60,7.748603820800781e-07,4.0,24.0,1.0,True
injected,1.5,60.0,73,120,5.4836273193359375e-06,4.0,21.0,1.0,True
injected_any,1.5,60.0,73,0,,,,,True
injected,1.5,60.0,74,30,0.4018096923828125,2.0,9.0,7.0,False
injected,1.5,60.0,74,60,2.002716064453125e-05,4.0,19.0,1.0,True
injected,1.5,60.0,74,120,0.0003643035888671875,4.0,17.0,2.0,True
injected_any,1.5,60.0,74,0,,,,,True
injected,1.5,60.0,75,30,0.395263671875,2.0,8.0,6.0,False
injected,1.5,60.0,75,60,2.86102294921875e-06,3.0,22.0,1.0,True
injected,1.5,60.0,75,120,0.00020122528076171875,3.0,18.0,2.0,True
injected_any,1.5,60.0,75,0,,,,,True
injected,1.5,60.0,76,30,0.4018096923828125,2.0,9.0,7.0,False
injected,1.5,60.0,76,60,0.00020122528076171875,4.0,18.0,2.0,True
injected,1.5,60.0,76,120,0.002171754837036133,4.0,18.0,4.0,True
injected_any,1.5,60.0,76,0,,,,,True
injected,1.5,60.0,77,30,0.395263671875,2.0,8.0,6.0,False
injected,1.5,60.0,77,60,2.384185791015625e-07,4.0,22.0,0.0,True
injected,1.5,60.0,77,120,3.814697265625e-06,4.0,18.0,0.0,True
injected_any,1.5,60.0,77,0,,,,,True
injected,1.5,60.0,78,30,0.395263671875,2.0,8.0,6.0,False
injected,1.5,60.0,78,60,7.618218660354614e-06,4.0,26.0,3.0,True
injected,1.5,60.0,78,120,0.000244140625,4.0,20.0,3.0,True
injected_any,1.5,60.0,78,0,,,,,True
injected,1.5,60.0,79,30,0.395263671875,2.0,8.0,6.0,False
injected,1.5,60.0,79,60,7.748603820800781e-07,4.0,24.0,1.0,True
injected,1.5,60.0,79,120,0.0001385807991027832,4.0,21.0,3.0,True
injected_any,1.5,60.0,79,0,,,,,True
injected,1.5,60.0,80,30,0.395263671875,2.0,8.0,6.0,False
injected,1.5,60.0,80,60,9.715557098388672e-06,3.0,23.0,2.0,True
injected,1.5,60.0,80,120,0.000110626220703125,3.0,19.0,2.0,True
injected_any,1.5,60.0,80,0,,,,,True
injected,1.5,60.0,81,30,0.395263671875,2.0,8.0,6.0,False
injected,1.5,60.0,81,60,7.748603820800781e-07,3.0,24.0,1.0,True
injected,1.5,60.0,81,120,6.0558319091796875e-05,3.0,20.0,2.0,True
injected_any,1.5,60.0,81,0,,,,,True
injected,1.5,60.0,82,30,0.4018096923828125,2.0,9.0,7.0,False
injected,1.5,60.0,82,60,0.0007448196411132812,3.0,18.0,3.0,True
injected,1.5,60.0,82,120,0.005311012268066406,3.0,18.0,5.0,True
injected_any,1.5,60.0,82,0,,,,,True
injected,1.5,60.0,83,30,0.395263671875,2.0,8.0,6.0,False
injected,1.5,60.0,83,60,2.4616718292236328e-05,4.0,24.0,3.0,True
injected,1.5,60.0,83,120,0.0004552602767944336,4.0,21.0,4.0,True
injected_any,1.5,60.0,83,0,,,,,True
injected,1.5,60.0,84,30,0.395263671875,2.0,8.0,6.0,False
injected,1.5,60.0,84,60,4.398822784423828e-05,4.0,23.0,3.0,True
injected,1.5,60.0,84,120,0.004065029323101044,4.0,22.0,7.0,True
injected_any,1.5,60.0,84,0,,,,,True
injected,1.5,60.0,85,30,0.395263671875,2.0,8.0,6.0,False
injected,1.5,60.0,85,60,1.7940998077392578e-05,3.0,22.0,2.0,True
injected,1.5,60.0,85,120,0.0001385807991027832,4.0,21.0,3.0,True
injected_any,1.5,60.0,85,0,,,,,True
injected,1.5,60.0,86,30,0.395263671875,2.0,8.0,6.0,False
injected,1.5,60.0,86,60,2.823770046234131e-06,3.0,25.0,2.0,True
injected,1.5,60.0,86,120,0.000244140625,3.0,20.0,3.0,True
injected_any,1.5,60.0,86,0,,,,,True
injected,1.5,60.0,87,30,0.395263671875,2.0,8.0,6.0,False
injected,1.5,60.0,87,60,2.823770046234131e-06,3.0,25.0,2.0,True
injected,1.5,60.0,87,120,4.398822784423828e-05,4.0,23.0,3.0,True
injected_any,1.5,60.0,87,0,,,,,True
injected,1.5,60.0,88,30,0.4018096923828125,2.0,9.0,7.0,False
injected,1.5,60.0,88,60,0.000244140625,3.0,20.0,3.0,True
injected,1.5,60.0,88,120,0.0004277229309082031,4.0,19.0,3.0,True
injected_any,1.5,60.0,88,0,,,,,True
injected,1.5,60.0,89,30,0.395263671875,2.0,8.0,6.0,False
injected,1.5,60.0,89,60,5.245208740234375e-06,3.0,24.0,2.0,True
injected,1.5,60.0,89,120,6.0558319091796875e-05,3.0,20.0,2.0,True
injected_any,1.5,60.0,89,0,,,,,True
injected,1.5,60.0,90,30,0.395263671875,2.0,8.0,6.0,False
injected,1.5,60.0,90,60,2.86102294921875e-06,3.0,22.0,1.0,True
injected,1.5,60.0,90,120,1.7940998077392578e-05,4.0,22.0,2.0,True
injected_any,1.5,60.0,90,0,,,,,True
injected,1.5,60.0,91,30,0.395263671875,2.0,8.0,6.0,False
injected,1.5,60.0,91,60,9.715557098388672e-06,3.0,23.0,2.0,True
injected,1.5,60.0,91,120,0.000110626220703125,3.0,19.0,2.0,True
injected_any,1.5,60.0,91,0,,,,,True
injected,1.5,60.0,92,30,0.395263671875,2.0,8.0,6.0,False
injected,1.5,60.0,92,60,9.715557098388672e-06,3.0,23.0,2.0,True
injected,1.5,60.0,92,120,0.000244140625,3.0,20.0,3.0,True
injected_any,1.5,60.0,92,0,,,,,True
injected,1.5,60.0,93,30,0.395263671875,2.0,8.0,6.0,False
injected,1.5,60.0,93,60,6.0558319091796875e-05,4.0,20.0,2.0,True
injected,1.5,60.0,93,120,0.0020386576652526855,4.0,20.0,5.0,True
injected_any,1.5,60.0,93,0,,,,,True
injected,1.5,60.0,94,30,0.395263671875,2.0,8.0,6.0,False
injected,1.5,60.0,94,60,4.76837158203125e-07,3.0,21.0,0.0,True
injected,1.5,60.0,94,120,3.814697265625e-05,3.0,18.0,1.0,True
injected_any,1.5,60.0,94,0,,,,,True
injected,1.5,60.0,95,30,0.4018096923828125,2.0,9.0,7.0,False
injected,1.5,60.0,95,60,1.049041748046875e-05,3.0,20.0,1.0,True
injected,1.5,60.0,95,120,0.000110626220703125,3.0,19.0,2.0,True
injected_any,1.5,60.0,95,0,,,,,True
injected,1.5,60.0,96,30,0.395263671875,2.0,8.0,6.0,False
injected,1.5,60.0,96,60,9.715557098388672e-06,4.0,23.0,2.0,True
injected,1.5,60.0,96,120,0.0004277229309082031,4.0,19.0,3.0,True
injected_any,1.5,60.0,96,0,,,,,True
injected,1.5,60.0,97,30,0.4018096923828125,2.0,9.0,7.0,False
injected,1.5,60.0,97,60,3.814697265625e-05,4.0,18.0,1.0,True
injected,1.5,60.0,97,120,0.0006561279296875,4.0,16.0,2.0,True
injected_any,1.5,60.0,97,0,,,,,True
injected,1.5,60.0,98,30,0.4018096923828125,2.0,9.0,7.0,False
injected,1.5,60.0,98,60,5.245208740234375e-06,4.0,24.0,2.0,True
injected,1.5,60.0,98,120,9.715557098388672e-06,4.0,23.0,2.0,True
injected_any,1.5,60.0,98,0,,,,,True
injected,1.5,60.0,99,30,0.4018096923828125,2.0,9.0,7.0,False
injected,1.5,60.0,99,60,0.000244140625,3.0,20.0,3.0,True
injected,1.5,60.0,99,120,0.0007448196411132812,3.0,18.0,3.0,True
injected_any,1.5,60.0,99,0,,,,,True
injected,2.0,15.0,0,30,2.0372681319713593e-09,4.0,33.0,1.0,True
injected,2.0,15.0,0,60,8.121132850646973e-07,3.0,27.0,2.0,True
injected,2.0,15.0,0,120,5.245208740234375e-06,4.0,24.0,2.0,True
injected_any,2.0,15.0,0,0,,,,,True
injected,2.0,15.0,1,30,4.215165972709656e-06,4.0,27.0,3.0,True
injected,2.0,15.0,1,60,7.826089859008789e-05,4.0,22.0,3.0,True
injected,2.0,15.0,1,120,0.0007448196411132812,3.0,18.0,3.0,True
injected_any,2.0,15.0,1,0,,,,,True
injected,2.0,15.0,2,30,1.2316741049289703e-07,4.0,30.0,2.0,True
injected,2.0,15.0,2,60,1.372024416923523e-05,3.0,25.0,3.0,True
injected,2.0,15.0,2,120,0.0001553744077682495,3.0,23.0,4.0,True
injected_any,2.0,15.0,2,0,,,,,True
injected,2.0,15.0,3,30,2.314336597919464e-07,4.0,29.0,2.0,True
injected,2.0,15.0,3,60,7.826089859008789e-05,4.0,22.0,3.0,True
injected,2.0,15.0,3,120,0.0012469589710235596,4.0,21.0,5.0,True
injected_any,2.0,15.0,3,0,,,,,True
injected,2.0,15.0,4,30,2.086162567138672e-07,4.0,26.0,1.0,True
injected,2.0,15.0,4,60,5.4836273193359375e-06,4.0,21.0,1.0,True
injected,2.0,15.0,4,120,0.0004277229309082031,3.0,19.0,3.0,True
injected_any,2.0,15.0,4,0,,,,,True
injected,2.0,15.0,5,30,1.4901161193847656e-08,4.0,30.0,1.0,True
injected,2.0,15.0,5,60,1.4901161193847656e-06,4.0,23.0,1.0,True
injected,2.0,15.0,5,120,0.000110626220703125,4.0,19.0,2.0,True
injected_any,2.0,15.0,5,0,,,,,True
injected,2.0,15.0,6,30,1.4901161193847656e-08,4.0,30.0,1.0,True
injected,2.0,15.0,6,60,2.823770046234131e-06,3.0,25.0,2.0,True
injected,2.0,15.0,6,120,6.0558319091796875e-05,3.0,20.0,2.0,True
injected_any,2.0,15.0,6,0,,,,,True
injected,2.0,15.0,7,30,2.3245811462402344e-06,4.0,28.0,3.0,True
injected,2.0,15.0,7,60,0.00026676058769226074,4.0,22.0,4.0,True
injected,2.0,15.0,7,120,0.001299738883972168,4.0,19.0,4.0,True
injected_any,2.0,15.0,7,0,,,,,True
injected,2.0,15.0,8,30,2.823770046234131e-06,4.0,25.0,2.0,True
injected,2.0,15.0,8,60,0.000110626220703125,3.0,19.0,2.0,True
injected,2.0,15.0,8,120,0.0007448196411132812,4.0,18.0,3.0,True
injected_any,2.0,15.0,8,0,,,,,True
injected,2.0,15.0,9,30,3.08244489133358e-06,4.0,30.0,4.0,True
injected,2.0,15.0,9,60,0.0002730563282966614,3.0,24.0,5.0,True
injected,2.0,15.0,9,120,0.0011578500270843506,3.0,23.0,6.0,True
injected_any,2.0,15.0,9,0,,,,,True
injected,2.0,15.0,10,30,2.0372681319713593e-09,4.0,33.0,1.0,True
injected,2.0,15.0,10,60,2.086162567138672e-07,4.0,26.0,1.0,True
injected,2.0,15.0,10,120,9.715557098388672e-06,4.0,23.0,2.0,True
injected_any,2.0,15.0,10,0,,,,,True
injected,2.0,15.0,11,30,1.0803341865539551e-07,4.0,27.0,1.0,True
injected,2.0,15.0,11,60,1.049041748046875e-05,3.0,20.0,1.0,True
injected,2.0,15.0,11,120,0.000244140625,4.0,20.0,3.0,True
injected_any,2.0,15.0,11,0,,,,,True
injected,2.0,15.0,12,30,1.4901161193847656e-08,4.0,30.0,1.0,True
injected,2.0,15.0,12,60,9.715557098388672e-06,3.0,23.0,2.0,True
injected,2.0,15.0,12,120,0.000771939754486084,3.0,20.0,4.0,True
injected_any,2.0,15.0,12,0,,,,,True
injected,2.0,15.0,13,30,9.732502803672105e-09,4.0,37.0,3.0,True
injected,2.0,15.0,13,60,6.542541086673737e-08,4.0,31.0,2.0,True
injected,2.0,15.0,13,120,1.516193151473999e-06,4.0,26.0,2.0,True
injected_any,2.0,15.0,13,0,,,,,True
injected,2.0,15.0,14,30,1.0803341865539551e-07,4.0,27.0,1.0,True
injected,2.0,15.0,14,60,1.4901161193847656e-06,3.0,23.0,1.0,True
injected,2.0,15.0,14,120,9.715557098388672e-06,4.0,23.0,2.0,True
injected_any,2.0,15.0,14,0,,,,,True
injected,2.0,15.0,15,30,2.3283064365386963e-10,4.0,32.0,0.0,True
injected,2.0,15.0,15,60,1.4901161193847656e-08,4.0,26.0,0.0,True
injected,2.0,15.0,15,120,2.384185791015625e-07,4.0,22.0,0.0,True
injected_any,2.0,15.0,15,0,,,,,True
injected,2.0,15.0,16,30,2.314336597919464e-07,4.0,29.0,2.0,True
injected,2.0,15.0,16,60,4.398822784423828e-05,3.0,23.0,3.0,True
injected,2.0,15.0,16,120,0.001299738883972168,3.0,19.0,4.0,True
injected_any,2.0,15.0,16,0,,,,,True
injected,2.0,15.0,17,30,3.4691765904426575e-08,4.0,32.0,2.0,True
injected,2.0,15.0,17,60,2.086162567138672e-07,4.0,26.0,1.0,True
injected,2.0,15.0,17,120,2.86102294921875e-06,4.0,22.0,1.0,True
injected_any,2.0,15.0,17,0,,,,,True
injected,2.0,15.0,18,30,2.8870999813079834e-08,4.0,29.0,1.0,True
injected,2.0,15.0,18,60,1.1920928955078125e-07,4.0,23.0,0.0,True
injected,2.0,15.0,18,120,3.3020973205566406e-05,4.0,21.0,2.0,True
injected_any,2.0,15.0,18,0,,,,,True
injected,2.0,15.0,19,30,7.683411240577698e-09,4.0,31.0,1.0,True
injected,2.0,15.0,19,60,1.516193151473999e-06,3.0,26.0,2.0,True
injected,2.0,15.0,19,120,7.826089859008789e-05,3.0,22.0,3.0,True
injected_any,2.0,15.0,19,0,,,,,True
injected,2.0,15.0,20,30,7.683411240577698e-09,4.0,31.0,1.0,True
injected,2.0,15.0,20,60,2.9802322387695312e-08,4.0,25.0,0.0,True
injected,2.0,15.0,20,120,2.384185791015625e-07,4.0,22.0,0.0,True
injected_any,2.0,15.0,20,0,,,,,True
injected,2.0,15.0,21,30,1.0477378964424133e-09,4.0,34.0,1.0,True
injected,2.0,15.0,21,60,7.450580596923828e-09,4.0,27.0,0.0,True
injected,2.0,15.0,21,120,7.748603820800781e-07,4.0,24.0,1.0,True
injected_any,2.0,15.0,21,0,,,,,True
injected,2.0,15.0,22,30,7.683411240577698e-09,4.0,31.0,1.0,True
injected,2.0,15.0,22,60,1.4901161193847656e-06,4.0,23.0,1.0,True
injected,2.0,15.0,22,120,3.3020973205566406e-05,4.0,21.0,2.0,True
injected_any,2.0,15.0,22,0,,,,,True
injected,2.0,15.0,23,30,5.464302375912666e-06,4.0,29.0,4.0,True
injected,2.0,15.0,23,60,4.398822784423828e-05,4.0,23.0,3.0,True
injected,2.0,15.0,23,120,0.000771939754486084,4.0,20.0,4.0,True
injected_any,2.0,15.0,23,0,,,,,True
injected,2.0,15.0,24,30,1.0477378964424133e-09,4.0,34.0,1.0,True
injected,2.0,15.0,24,60,4.33996319770813e-07,4.0,28.0,2.0,True
injected,2.0,15.0,24,120,2.823770046234131e-06,4.0,25.0,2.0,True
injected_any,2.0,15.0,24,0,,,,,True
injected,2.0,15.0,25,30,2.0884908735752106e-07,4.0,32.0,3.0,True
injected,2.0,15.0,25,60,1.516193151473999e-06,4.0,26.0,2.0,True
injected,2.0,15.0,25,120,3.3020973205566406e-05,4.0,21.0,2.0,True
injected_any,2.0,15.0,25,0,,,,,True
injected,2.0,15.0,26,30,3.958120942115784e-09,4.0,32.0,1.0,True
injected,2.0,15.0,26,60,1.4901161193847656e-08,4.0,26.0,0.0,True
injected,2.0,15.0,26,120,2.384185791015625e-07,4.0,22.0,0.0,True
injected_any,2.0,15.0,26,0,,,,,True
injected,2.0,15.0,27,30,7.683411240577698e-09,4.0,31.0,1.0,True
injected,2.0,15.0,27,60,1.4901161193847656e-06,4.0,23.0,1.0,True
injected,2.0,15.0,27,120,1.049041748046875e-05,4.0,20.0,1.0,True
injected_any,2.0,15.0,27,0,,,,,True
injected,2.0,15.0,28,30,4.656612873077393e-10,4.0,31.0,0.0,True
injected,2.0,15.0,28,60,5.960464477539063e-08,4.0,24.0,0.0,True
injected,2.0,15.0,28,120,9.715557098388672e-06,4.0,23.0,2.0,True
injected_any,2.0,15.0,28,0,,,,,True
injected,2.0,15.0,29,30,2.4616718292236328e-05,4.0,24.0,3.0,True
injected,2.0,15.0,29,60,0.0007448196411132812,4.0,18.0,3.0,True
injected,2.0,15.0,29,120,0.0063629150390625,4.0,14.0,3.0,True
injected_any,2.0,15.0,29,0,,,,,True
injected,2.0,15.0,30,30,1.0477378964424133e-09,4.0,34.0,1.0,True
injected,2.0,15.0,30,60,4.33996319770813e-07,3.0,28.0,2.0,True
injected,2.0,15.0,30,120,9.715557098388672e-06,3.0,23.0,2.0,True
injected_any,2.0,15.0,30,0,,,,,True
injected,2.0,15.0,31,30,4.215165972709656e-06,4.0,27.0,3.0,True
injected,2.0,15.0,31,60,6.0558319091796875e-05,3.0,20.0,2.0,True
injected,2.0,15.0,31,120,0.001299738883972168,3.0,19.0,4.0,True
injected_any,2.0,15.0,31,0,,,,,True
injected,2.0,15.0,32,30,2.823770046234131e-06,4.0,25.0,2.0,True
injected,2.0,15.0,32,60,0.0001385807991027832,4.0,21.0,3.0,True
injected,2.0,15.0,32,120,0.0020386576652526855,4.0,20.0,5.0,True
injected_any,2.0,15.0,32,0,,,,,True
injected,2.0,15.0,33,30,1.420630724169314e-09,4.0,37.0,2.0,True
injected,2.0,15.0,33,60,3.958120942115784e-09,4.0,32.0,1.0,True
injected,2.0,15.0,33,120,4.33996319770813e-07,4.0,28.0,2.0,True
injected_any,2.0,15.0,33,0,,,,,True
injected,2.0,15.0,34,30,2.8870999813079834e-08,4.0,29.0,1.0,True
injected,2.0,15.0,34,60,1.372024416923523e-05,3.0,25.0,3.0,True
injected,2.0,15.0,34,120,0.0001553744077682495,3.0,23.0,4.0,True
injected_any,2.0,15.0,34,0,,,,,True
injected,2.0,15.0,35,30,1.4901161193847656e-08,4.0,26.0,0.0,True
injected,2.0,15.0,35,60,1.049041748046875e-05,3.0,20.0,1.0,True
injected,2.0,15.0,35,120,0.000110626220703125,3.0,19.0,2.0,True
injected_any,2.0,15.0,35,0,,,,,True
injected,2.0,15.0,36,30,3.4691765904426575e-08,4.0,32.0,2.0,True
injected,2.0,15.0,36,60,4.215165972709656e-06,3.0,27.0,3.0,True
injected,2.0,15.0,36,120,7.826089859008789e-05,3.0,22.0,3.0,True
injected_any,2.0,15.0,36,0,,,,,True
injected,2.0,15.0,37,30,7.683411240577698e-09,4.0,31.0,1.0,True
injected,2.0,15.0,37,60,5.960464477539063e-08,4.0,24.0,0.0,True
injected,2.0,15.0,37,120,4.76837158203125e-07,4.0,21.0,0.0,True
injected_any,2.0,15.0,37,0,,,,,True
injected,2.0,15.0,38,30,1.2316741049289703e-07,4.0,30.0,2.0,True
injected,2.0,15.0,38,60,4.023313522338867e-07,4.0,25.0,1.0,True
injected,2.0,15.0,38,120,5.4836273193359375e-06,4.0,21.0,1.0,True
injected_any,2.0,15.0,38,0,,,,,True
injected,2.0,15.0,39,30,1.516193151473999e-06,4.0,26.0,2.0,True
injected,2.0,15.0,39,60,3.3020973205566406e-05,4.0,21.0,2.0,True
injected,2.0,15.0,39,120,0.0004277229309082031,4.0,19.0,3.0,True
injected_any,2.0,15.0,39,0,,,,,True
injected,2.0,15.0,40,30,1.7327256500720978e-06,4.0,31.0,4.0,True
injected,2.0,15.0,40,60,5.1857903599739075e-05,3.0,25.0,4.0,True
injected,2.0,15.0,40,120,0.0002730563282966614,3.0,24.0,5.0,True
injected_any,2.0,15.0,40,0,,,,,True
injected,2.0,15.0,41,30,9.313225746154785e-10,4.0,30.0,0.0,True
injected,2.0,15.0,41,60,7.748603820800781e-07,4.0,24.0,1.0,True
injected,2.0,15.0,41,120,9.715557098388672e-06,4.0,23.0,2.0,True
injected_any,2.0,15.0,41,0,,,,,True
injected,2.0,15.0,42,30,7.005874067544937e-07,4.0,30.0,3.0,True
injected,2.0,15.0,42,60,2.823770046234131e-06,4.0,25.0,2.0,True
injected,2.0,15.0,42,120,7.826089859008789e-05,4.0,22.0,3.0,True
injected_any,2.0,15.0,42,0,,,,,True
injected,2.0,15.0,43,30,7.450580596923828e-09,4.0,27.0,0.0,True
injected,2.0,15.0,43,60,1.049041748046875e-05,4.0,20.0,1.0,True
injected,2.0,15.0,43,120,0.00020122528076171875,4.0,18.0,2.0,True
injected_any,2.0,15.0,43,0,,,,,True
injected,2.0,15.0,44,30,2.086162567138672e-07,4.0,26.0,1.0,True
injected,2.0,15.0,44,60,1.049041748046875e-05,4.0,20.0,1.0,True
injected,2.0,15.0,44,120,0.0004552602767944336,4.0,21.0,4.0,True
injected_any,2.0,15.0,44,0,,,,,True
injected,2.0,15.0,45,30,5.421970854513347e-07,4.0,33.0,4.0,True
injected,2.0,15.0,45,60,7.618218660354614e-06,4.0,26.0,3.0,True
injected,2.0,15.0,45,120,0.0001553744077682495,4.0,23.0,4.0,True
injected_any,2.0,15.0,45,0,,,,,True
injected,2.0,15.0,46,30,6.542541086673737e-08,4.0,31.0,2.0,True
injected,2.0,15.0,46,60,2.823770046234131e-06,4.0,25.0,2.0,True
injected,2.0,15.0,46,120,0.0001553744077682495,4.0,23.0,4.0,True
injected_any,2.0,15.0,46,0,,,,,True
injected,2.0,15.0,47,30,9.313225746154785e-10,4.0,30.0,0.0,True
injected,2.0,15.0,47,60,1.1920928955078125e-07,4.0,23.0,0.0,True
injected,2.0,15.0,47,120,7.62939453125e-06,4.0,17.0,0.0,True
injected_any,2.0,15.0,47,0,,,,,True
injected,2.0,15.0,48,30,2.0372681319713593e-09,4.0,33.0,1.0,True
injected,2.0,15.0,48,60,4.023313522338867e-07,4.0,25.0,1.0,True
injected,2.0,15.0,48,120,4.398822784423828e-05,4.0,23.0,3.0,True
injected_any,2.0,15.0,48,0,,,,,True
injected,2.0,15.0,49,30,1.4901161193847656e-08,4.0,30.0,1.0,True
injected,2.0,15.0,49,60,2.823770046234131e-06,4.0,25.0,2.0,True
injected,2.0,15.0,49,120,0.0001553744077682495,4.0,23.0,4.0,True
injected_any,2.0,15.0,49,0,,,,,True
injected,2.0,15.0,50,30,3.8300640881061554e-07,4.0,31.0,3.0,True
injected,2.0,15.0,50,60,7.618218660354614e-06,3.0,26.0,3.0,True
injected,2.0,15.0,50,120,0.0004552602767944336,3.0,21.0,4.0,True
injected_any,2.0,15.0,50,0,,,,,True
injected,2.0,15.0,51,30,5.464302375912666e-06,4.0,29.0,4.0,True
injected,2.0,15.0,51,60,0.0002730563282966614,3.0,24.0,5.0,True
injected,2.0,15.0,51,120,0.004065029323101044,3.0,22.0,7.0,True
injected_any,2.0,15.0,51,0,,,,,True
injected,2.0,15.0,52,30,1.2149539543315768e-06,4.0,34.0,5.0,True
injected,2.0,15.0,52,60,2.3245811462402344e-06,3.0,28.0,3.0,True
injected,2.0,15.0,52,120,2.4616718292236328e-05,4.0,24.0,3.0,True
injected_any,2.0,15.0,52,0,,,,,True
injected,2.0,15.0,53,30,2.3283064365386963e-10,4.0,32.0,0.0,True
injected,2.0,15.0,53,60,2.9802322387695312e-08,4.0,25.0,0.0,True
injected,2.0,15.0,53,120,2.86102294921875e-06,4.0,22.0,1.0,True
injected_any,2.0,15.0,53,0,,,,,True
injected,2.0,15.0,54,30,2.823770046234131e-06,4.0,25.0,2.0,True
injected,2.0,15.0,54,60,0.000110626220703125,3.0,19.0,2.0,True
injected,2.0,15.0,54,120,0.0006561279296875,3.0,16.0,2.0,True
injected_any,2.0,15.0,54,0,,,,,True
injected,2.0,15.0,55,30,4.33996319770813e-07,4.0,28.0,2.0,True
injected,2.0,15.0,55,60,1.7940998077392578e-05,3.0,22.0,2.0,True
injected,2.0,15.0,55,120,0.000771939754486084,4.0,20.0,4.0,True
injected_any,2.0,15.0,55,0,,,,,True
injected,2.0,15.0,56,30,1.0477378964424133e-09,4.0,34.0,1.0,True
injected,2.0,15.0,56,60,1.0803341865539551e-07,4.0,27.0,1.0,True
injected,2.0,15.0,56,120,5.245208740234375e-06,4.0,24.0,2.0,True
injected_any,2.0,15.0,56,0,,,,,True
injected,2.0,15.0,57,30,4.656612873077393e-10,4.0,31.0,0.0,True
injected,2.0,15.0,57,60,7.748603820800781e-07,4.0,24.0,1.0,True
injected,2.0,15.0,57,120,1.049041748046875e-05,4.0,20.0,1.0,True
injected_any,2.0,15.0,57,0,,,,,True
injected,2.0,15.0,58,30,9.70612745732069e-09,4.0,34.0,2.0,True
injected,2.0,15.0,58,60,8.121132850646973e-07,4.0,27.0,2.0,True
injected,2.0,15.0,58,120,9.715557098388672e-06,4.0,23.0,2.0,True
injected_any,2.0,15.0,58,0,,,,,True
injected,2.0,15.0,59,30,3.725290298461914e-09,4.0,28.0,0.0,True
injected,2.0,15.0,59,60,2.86102294921875e-06,3.0,22.0,1.0,True
injected,2.0,15.0,59,120,1.049041748046875e-05,4.0,20.0,1.0,True
injected_any,2.0,15.0,59,0,,,,,True
injected,2.0,15.0,60,30,9.70612745732069e-09,4.0,34.0,2.0,True
injected,2.0,15.0,60,60,1.0803341865539551e-07,4.0,27.0,1.0,True
injected,2.0,15.0,60,120,9.715557098388672e-06,4.0,23.0,2.0,True
injected_any,2.0,15.0,60,0,,,,,True
injected,2.0,15.0,61,30,1.0477378964424133e-09,4.0,34.0,1.0,True
injected,2.0,15.0,61,60,8.121132850646973e-07,4.0,27.0,2.0,True
injected,2.0,15.0,61,120,4.398822784423828e-05,4.0,23.0,3.0,True
injected_any,2.0,15.0,61,0,,,,,True
injected,2.0,15.0,62,30,3.4691765904426575e-08,4.0,32.0,2.0,True
injected,2.0,15.0,62,60,7.748603820800781e-07,4.0,24.0,1.0,True
injected,2.0,15.0,62,120,7.826089859008789e-05,4.0,22.0,3.0,True
injected_any,2.0,15.0,62,0,,,,,True
injected,2.0,15.0,63,30,6.542541086673737e-08,4.0,31.0,2.0,True
injected,2.0,15.0,63,60,1.516193151473999e-06,4.0,26.0,2.0,True
injected,2.0,15.0,63,120,7.826089859008789e-05,4.0,22.0,3.0,True
injected_any,2.0,15.0,63,0,,,,,True
injected,2.0,15.0,64,30,1.2316741049289703e-07,4.0,30.0,2.0,True
injected,2.0,15.0,64,60,5.245208740234375e-06,4.0,24.0,2.0,True
injected,2.0,15.0,64,120,0.0001553744077682495,4.0,23.0,4.0,True
injected_any,2.0,15.0,64,0,,,,,True
injected,2.0,15.0,65,30,1.2316741049289703e-07,4.0,30.0,2.0,True
injected,2.0,15.0,65,60,7.748603820800781e-07,4.0,24.0,1.0,True
injected,2.0,15.0,65,120,6.0558319091796875e-05,4.0,20.0,2.0,True
injected_any,2.0,15.0,65,0,,,,,True
injected,2.0,15.0,66,30,9.313225746154785e-10,4.0,30.0,0.0,True
injected,2.0,15.0,66,60,1.1920928955078125e-07,4.0,23.0,0.0,True
injected,2.0,15.0,66,120,0.0001385807991027832,4.0,21.0,3.0,True
injected_any,2.0,15.0,66,0,,,,,True
injected,2.0,15.0,67,30,1.2780074030160904e-06,4.0,29.0,3.0,True
injected,2.0,15.0,67,60,2.4616718292236328e-05,3.0,24.0,3.0,True
injected,2.0,15.0,67,120,0.000771939754486084,3.0,20.0,4.0,True
injected_any,2.0,15.0,67,0,,,,,True
injected,2.0,15.0,68,30,1.4901161193847656e-08,4.0,30.0,1.0,True
injected,2.0,15.0,68,60,2.823770046234131e-06,3.0,25.0,2.0,True
injected,2.0,15.0,68,120,0.0001385807991027832,3.0,21.0,3.0,True
injected_any,2.0,15.0,68,0,,,,,True
injected,2.0,15.0,69,30,1.0477378964424133e-09,4.0,34.0,1.0,True
injected,2.0,15.0,69,60,5.587935447692871e-08,4.0,28.0,1.0,True
injected,2.0,15.0,69,120,2.823770046234131e-06,4.0,25.0,2.0,True
injected_any,2.0,15.0,69,0,,,,,True
injected,2.0,15.0,70,30,5.464302375912666e-06,4.0,29.0,4.0,True
injected,2.0,15.0,70,60,0.0001553744077682495,3.0,23.0,4.0,True
injected,2.0,15.0,70,120,0.0020386576652526855,3.0,20.0,5.0,True
injected_any,2.0,15.0,70,0,,,,,True
injected,2.0,15.0,71,30,5.960464477539063e-08,4.0,24.0,0.0,True
injected,2.0,15.0,71,60,1.049041748046875e-05,4.0,20.0,1.0,True
injected,2.0,15.0,71,120,0.0022125244140625,4.0,16.0,3.0,True
injected_any,2.0,15.0,71,0,,,,,True
injected,2.0,15.0,72,30,1.1920928955078125e-07,4.0,23.0,0.0,True
injected,2.0,15.0,72,60,2.002716064453125e-05,3.0,19.0,1.0,True
injected,2.0,15.0,72,120,0.00020122528076171875,3.0,18.0,2.0,True
injected_any,2.0,15.0,72,0,,,,,True
injected,2.0,15.0,73,30,1.8364517018198967e-08,4.0,33.0,2.0,True
injected,2.0,15.0,73,60,2.086162567138672e-07,4.0,26.0,1.0,True
injected,2.0,15.0,73,120,7.748603820800781e-07,4.0,24.0,1.0,True
injected_any,2.0,15.0,73,0,,,,,True
injected,2.0,15.0,74,30,2.823770046234131e-06,4.0,25.0,2.0,True
injected,2.0,15.0,74,60,1.049041748046875e-05,4.0,20.0,1.0,True
injected,2.0,15.0,74,120,0.0003643035888671875,4.0,17.0,2.0,True
injected_any,2.0,15.0,74,0,,,,,True
injected,2.0,15.0,75,30,4.33996319770813e-07,4.0,28.0,2.0,True
injected,2.0,15.0,75,60,1.4901161193847656e-06,3.0,23.0,1.0,True
injected,2.0,15.0,75,120,6.0558319091796875e-05,4.0,20.0,2.0,True
injected_any,2.0,15.0,75,0,,,,,True
injected,2.0,15.0,76,30,4.023313522338867e-07,4.0,25.0,1.0,True
injected,2.0,15.0,76,60,6.0558319091796875e-05,4.0,20.0,2.0,True
injected,2.0,15.0,76,120,0.002171754837036133,4.0,18.0,4.0,True
injected_any,2.0,15.0,76,0,,,,,True
injected,2.0,15.0,77,30,1.4901161193847656e-08,4.0,30.0,1.0,True
injected,2.0,15.0,77,60,2.9802322387695312e-08,4.0,25.0,0.0,True
injected,2.0,15.0,77,120,9.5367431640625e-07,4.0,20.0,0.0,True
injected_any,2.0,15.0,77,0,,,,,True
injected,2.0,15.0,78,30,2.0884908735752106e-07,4.0,32.0,3.0,True
injected,2.0,15.0,78,60,4.215165972709656e-06,4.0,27.0,3.0,True
injected,2.0,15.0,78,120,4.398822784423828e-05,4.0,23.0,3.0,True
injected_any,2.0,15.0,78,0,,,,,True
injected,2.0,15.0,79,30,1.0477378964424133e-09,4.0,34.0,1.0,True
injected,2.0,15.0,79,60,5.587935447692871e-08,4.0,28.0,1.0,True
injected,2.0,15.0,79,120,1.372024416923523e-05,4.0,25.0,3.0,True
injected_any,2.0,15.0,79,0,,,,,True
injected,2.0,15.0,80,30,3.958120942115784e-09,4.0,32.0,1.0,True
injected,2.0,15.0,80,60,1.516193151473999e-06,3.0,26.0,2.0,True
injected,2.0,15.0,80,120,3.3020973205566406e-05,3.0,21.0,2.0,True
injected_any,2.0,15.0,80,0,,,,,True
injected,2.0,15.0,81,30,1.0803341865539551e-07,4.0,27.0,1.0,True
injected,2.0,15.0,81,60,1.4901161193847656e-06,3.0,23.0,1.0,True
injected,2.0,15.0,81,120,0.0001385807991027832,4.0,21.0,3.0,True
injected_any,2.0,15.0,81,0,,,,,True
injected,2.0,15.0,82,30,5.464302375912666e-06,4.0,29.0,4.0,True
injected,2.0,15.0,82,60,0.0004552602767944336,3.0,21.0,4.0,True
injected,2.0,15.0,82,120,0.002171754837036133,3.0,18.0,4.0,True
injected_any,2.0,15.0,82,0,,,,,True
injected,2.0,15.0,83,30,3.0192677513696253e-07,4.0,34.0,4.0,True
injected,2.0,15.0,83,60,4.215165972709656e-06,4.0,27.0,3.0,True
injected,2.0,15.0,83,120,0.0001553744077682495,4.0,23.0,4.0,True
injected_any,2.0,15.0,83,0,,,,,True
injected,2.0,15.0,84,30,6.542541086673737e-08,4.0,31.0,2.0,True
injected,2.0,15.0,84,60,1.372024416923523e-05,4.0,25.0,3.0,True
injected,2.0,15.0,84,120,0.0007154531776905061,4.0,24.0,6.0,True
injected_any,2.0,15.0,84,0,,,,,True
injected,2.0,15.0,85,30,9.650597348809242e-06,4.0,28.0,4.0,True
injected,2.0,15.0,85,60,1.7940998077392578e-05,3.0,22.0,2.0,True
injected,2.0,15.0,85,120,0.0001385807991027832,4.0,21.0,3.0,True
injected_any,2.0,15.0,85,0,,,,,True
injected,2.0,15.0,86,30,3.4691765904426575e-08,4.0,32.0,2.0,True
injected,2.0,15.0,86,60,8.121132850646973e-07,4.0,27.0,2.0,True
injected,2.0,15.0,86,120,4.398822784423828e-05,4.0,23.0,3.0,True
injected_any,2.0,15.0,86,0,,,,,True
injected,2.0,15.0,87,30,1.0477378964424133e-09,4.0,34.0,1.0,True
injected,2.0,15.0,87,60,4.33996319770813e-07,4.0,28.0,2.0,True
injected,2.0,15.0,87,120,1.372024416923523e-05,4.0,25.0,3.0,True
injected_any,2.0,15.0,87,0,,,,,True
injected,2.0,15.0,88,30,5.464302375912666e-06,4.0,29.0,4.0,True
injected,2.0,15.0,88,60,4.398822784423828e-05,4.0,23.0,3.0,True
injected,2.0,15.0,88,120,0.000244140625,4.0,20.0,3.0,True
injected_any,2.0,15.0,88,0,,,,,True
injected,2.0,15.0,89,30,3.4691765904426575e-08,4.0,32.0,2.0,True
injected,2.0,15.0,89,60,2.823770046234131e-06,3.0,25.0,2.0,True
injected,2.0,15.0,89,120,1.7940998077392578e-05,4.0,22.0,2.0,True
injected_any,2.0,15.0,89,0,,,,,True
injected,2.0,15.0,90,30,3.958120942115784e-09,4.0,32.0,1.0,True
injected,2.0,15.0,90,60,4.023313522338867e-07,4.0,25.0,1.0,True
injected,2.0,15.0,90,120,1.4901161193847656e-06,4.0,23.0,1.0,True
injected_any,2.0,15.0,90,0,,,,,True
injected,2.0,15.0,91,30,6.542541086673737e-08,4.0,31.0,2.0,True
injected,2.0,15.0,91,60,2.823770046234131e-06,3.0,25.0,2.0,True
injected,2.0,15.0,91,120,3.3020973205566406e-05,3.0,21.0,2.0,True
injected_any,2.0,15.0,91,0,,,,,True
injected,2.0,15.0,92,30,7.683411240577698e-09,4.0,31.0,1.0,True
injected,2.0,15.0,92,60,2.823770046234131e-06,4.0,25.0,2.0,True
injected,2.0,15.0,92,120,7.826089859008789e-05,4.0,22.0,3.0,True
injected_any,2.0,15.0,92,0,,,,,True
injected,2.0,15.0,93,30,2.314336597919464e-07,4.0,29.0,2.0,True
injected,2.0,15.0,93,60,1.7940998077392578e-05,4.0,22.0,2.0,True
injected,2.0,15.0,93,120,0.0007568597793579102,4.0,22.0,5.0,True
injected_any,2.0,15.0,93,0,,,,,True
injected,2.0,15.0,94,30,2.8870999813079834e-08,4.0,29.0,1.0,True
injected,2.0,15.0,94,60,1.1920928955078125e-07,4.0,23.0,0.0,True
injected,2.0,15.0,94,120,5.4836273193359375e-06,4.0,21.0,1.0,True
injected_any,2.0,15.0,94,0,,,,,True
injected,2.0,15.0,95,30,8.121132850646973e-07,4.0,27.0,2.0,True
injected,2.0,15.0,95,60,1.049041748046875e-05,3.0,20.0,1.0,True
injected,2.0,15.0,95,120,0.0004277229309082031,4.0,19.0,3.0,True
injected_any,2.0,15.0,95,0,,,,,True
injected,2.0,15.0,96,30,3.958120942115784e-09,4.0,32.0,1.0,True
injected,2.0,15.0,96,60,4.023313522338867e-07,4.0,25.0,1.0,True
injected,2.0,15.0,96,120,1.7940998077392578e-05,4.0,22.0,2.0,True
injected_any,2.0,15.0,96,0,,,,,True
injected,2.0,15.0,97,30,2.8870999813079834e-08,4.0,29.0,1.0,True
injected,2.0,15.0,97,60,2.86102294921875e-06,4.0,22.0,1.0,True
injected,2.0,15.0,97,120,0.000110626220703125,4.0,19.0,2.0,True
injected_any,2.0,15.0,97,0,,,,,True
injected,2.0,15.0,98,30,1.2316741049289703e-07,4.0,30.0,2.0,True
injected,2.0,15.0,98,60,4.023313522338867e-07,4.0,25.0,1.0,True
injected,2.0,15.0,98,120,9.715557098388672e-06,4.0,23.0,2.0,True
injected_any,2.0,15.0,98,0,,,,,True
injected,2.0,15.0,99,30,3.309384919703007e-05,3.0,28.0,5.0,True
injected,2.0,15.0,99,60,0.0001385807991027832,3.0,21.0,3.0,True
injected,2.0,15.0,99,120,0.0007448196411132812,3.0,18.0,3.0,True
injected_any,2.0,15.0,99,0,,,,,True
injected,2.0,30.0,0,30,3.8300640881061554e-07,4.0,31.0,3.0,True
injected,2.0,30.0,0,60,8.121132850646973e-07,3.0,27.0,2.0,True
injected,2.0,30.0,0,120,9.715557098388672e-06,4.0,23.0,2.0,True
injected_any,2.0,30.0,0,0,,,,,True
injected,2.0,30.0,1,30,4.215165972709656e-06,4.0,27.0,3.0,True
injected,2.0,30.0,1,60,4.398822784423828e-05,4.0,23.0,3.0,True
injected,2.0,30.0,1,120,0.00020122528076171875,3.0,18.0,2.0,True
injected_any,2.0,30.0,1,0,,,,,True
injected,2.0,30.0,2,30,1.1180760338902473e-05,4.0,30.0,5.0,True
injected,2.0,30.0,2,60,1.372024416923523e-05,4.0,25.0,3.0,True
injected,2.0,30.0,2,120,1.7940998077392578e-05,4.0,22.0,2.0,True
injected_any,2.0,30.0,2,0,,,,,True
injected,2.0,30.0,3,30,4.215165972709656e-06,4.0,27.0,3.0,True
injected,2.0,30.0,3,60,7.826089859008789e-05,4.0,22.0,3.0,True
injected,2.0,30.0,3,120,0.0012469589710235596,4.0,21.0,5.0,True
injected_any,2.0,30.0,3,0,,,,,True
injected,2.0,30.0,4,30,2.823770046234131e-06,4.0,25.0,2.0,True
injected,2.0,30.0,4,60,2.86102294921875e-06,4.0,22.0,1.0,True
injected,2.0,30.0,4,120,0.000110626220703125,3.0,19.0,2.0,True
injected_any,2.0,30.0,4,0,,,,,True
injected,2.0,30.0,5,30,1.2780074030160904e-06,4.0,29.0,3.0,True
injected,2.0,30.0,5,60,1.4901161193847656e-06,4.0,23.0,1.0,True
injected,2.0,30.0,5,120,0.00020122528076171875,4.0,18.0,2.0,True
injected_any,2.0,30.0,5,0,,,,,True
injected,2.0,30.0,6,30,2.3245811462402344e-06,4.0,28.0,3.0,True
injected,2.0,30.0,6,60,7.748603820800781e-07,3.0,24.0,1.0,True
injected,2.0,30.0,6,120,1.9073486328125e-06,4.0,19.0,0.0,True
injected_any,2.0,30.0,6,0,,,,,True
injected,2.0,30.0,7,30,9.609758853912354e-05,4.0,26.0,5.0,True
injected,2.0,30.0,7,60,7.826089859008789e-05,4.0,22.0,3.0,True
injected,2.0,30.0,7,120,0.001299738883972168,4.0,19.0,4.0,True
injected_any,2.0,30.0,7,0,,,,,True
injected,2.0,30.0,8,30,0.0001553744077682495,4.0,23.0,4.0,True
injected,2.0,30.0,8,60,0.000110626220703125,3.0,19.0,2.0,True
injected,2.0,30.0,8,120,0.0003643035888671875,4.0,17.0,2.0,True
injected_any,2.0,30.0,8,0,,,,,True
injected,2.0,30.0,9,30,3.480084706097841e-05,4.0,30.0,6.0,True
injected,2.0,30.0,9,60,0.00016245711594820025,3.0,25.0,5.0,True
injected,2.0,30.0,9,120,0.0001385807991027832,4.0,21.0,3.0,True
injected_any,2.0,30.0,9,0,,,,,True
injected,2.0,30.0,10,30,3.8300640881061554e-07,4.0,31.0,3.0,True
injected,2.0,30.0,10,60,2.086162567138672e-07,4.0,26.0,1.0,True
injected,2.0,30.0,10,120,1.7940998077392578e-05,4.0,22.0,2.0,True
injected_any,2.0,30.0,10,0,,,,,True
injected,2.0,30.0,11,30,1.697661355137825e-05,4.0,27.0,4.0,True
injected,2.0,30.0,11,60,3.3020973205566406e-05,3.0,21.0,2.0,True
injected,2.0,30.0,11,120,3.814697265625e-05,4.0,18.0,1.0,True
injected_any,2.0,30.0,11,0,,,,,True
injected,2.0,30.0,12,30,1.2780074030160904e-06,4.0,29.0,3.0,True
injected,2.0,30.0,12,60,9.715557098388672e-06,3.0,23.0,2.0,True
injected,2.0,30.0,12,120,0.001299738883972168,3.0,19.0,4.0,True
injected_any,2.0,30.0,12,0,,,,,True
injected,2.0,30.0,13,30,6.91306013322901e-07,4.0,35.0,5.0,True
injected,2.0,30.0,13,60,7.005874067544937e-07,4.0,30.0,3.0,True
injected,2.0,30.0,13,120,1.372024416923523e-05,4.0,25.0,3.0,True
injected_any,2.0,30.0,13,0,,,,,True
injected,2.0,30.0,14,30,2.823770046234131e-06,4.0,25.0,2.0,True
injected,2.0,30.0,14,60,1.4901161193847656e-06,3.0,23.0,1.0,True
injected,2.0,30.0,14,120,1.7940998077392578e-05,4.0,22.0,2.0,True
injected_any,2.0,30.0,14,0,,,,,True
injected,2.0,30.0,15,30,1.2316741049289703e-07,4.0,30.0,2.0,True
injected,2.0,30.0,15,60,1.0803341865539551e-07,4.0,27.0,1.0,True
injected,2.0,30.0,15,120,2.86102294921875e-06,4.0,22.0,1.0,True
injected_any,2.0,30.0,15,0,,,,,True
injected,2.0,30.0,16,30,9.650597348809242e-06,4.0,28.0,4.0,True
injected,2.0,30.0,16,60,9.715557098388672e-06,3.0,23.0,2.0,True
injected,2.0,30.0,16,120,0.000110626220703125,4.0,19.0,2.0,True
injected_any,2.0,30.0,16,0,,,,,True
injected,2.0,30.0,17,30,5.464302375912666e-06,4.0,29.0,4.0,True
injected,2.0,30.0,17,60,2.086162567138672e-07,4.0,26.0,1.0,True
injected,2.0,30.0,17,120,5.4836273193359375e-06,4.0,21.0,1.0,True
injected_any,2.0,30.0,17,0,,,,,True
injected,2.0,30.0,18,30,4.215165972709656e-06,4.0,27.0,3.0,True
injected,2.0,30.0,18,60,1.1920928955078125e-07,4.0,23.0,0.0,True
injected,2.0,30.0,18,120,6.0558319091796875e-05,4.0,20.0,2.0,True
injected_any,2.0,30.0,18,0,,,,,True
injected,2.0,30.0,19,30,7.005874067544937e-07,4.0,30.0,3.0,True
injected,2.0,30.0,19,60,1.516193151473999e-06,3.0,26.0,2.0,True
injected,2.0,30.0,19,120,7.826089859008789e-05,3.0,22.0,3.0,True
injected_any,2.0,30.0,19,0,,,,,True
injected,2.0,30.0,20,30,2.3245811462402344e-06,4.0,28.0,3.0,True
injected,2.0,30.0,20,60,2.9802322387695312e-08,4.0,25.0,0.0,True
injected,2.0,30.0,20,120,4.76837158203125e-07,4.0,21.0,0.0,True
injected_any,2.0,30.0,20,0,,,,,True
injected,2.0,30.0,21,30,3.8300640881061554e-07,4.0,31.0,3.0,True
injected,2.0,30.0,21,60,1.4901161193847656e-08,4.0,26.0,0.0,True
injected,2.0,30.0,21,120,2.86102294921875e-06,4.0,22.0,1.0,True
injected_any,2.0,30.0,21,0,,,,,True
injected,2.0,30.0,22,30,2.3245811462402344e-06,4.0,28.0,3.0,True
injected,2.0,30.0,22,60,1.4901161193847656e-06,4.0,23.0,1.0,True
injected,2.0,30.0,22,120,6.0558319091796875e-05,3.0,20.0,2.0,True
injected_any,2.0,30.0,22,0,,,,,True
injected,2.0,30.0,23,30,3.309384919703007e-05,4.0,28.0,5.0,True
injected,2.0,30.0,23,60,4.398822784423828e-05,4.0,23.0,3.0,True
injected,2.0,30.0,23,120,0.000110626220703125,4.0,19.0,2.0,True
injected_any,2.0,30.0,23,0,,,,,True
injected,2.0,30.0,24,30,2.0884908735752106e-07,4.0,32.0,3.0,True
injected,2.0,30.0,24,60,4.33996319770813e-07,4.0,28.0,2.0,True
injected,2.0,30.0,24,120,5.245208740234375e-06,4.0,24.0,2.0,True
injected_any,2.0,30.0,24,0,,,,,True
injected,2.0,30.0,25,30,1.2780074030160904e-06,4.0,29.0,3.0,True
injected,2.0,30.0,25,60,1.516193151473999e-06,4.0,26.0,2.0,True
injected,2.0,30.0,25,120,3.3020973205566406e-05,4.0,21.0,2.0,True
injected_any,2.0,30.0,25,0,,,,,True
injected,2.0,30.0,26,30,2.314336597919464e-07,4.0,29.0,2.0,True
injected,2.0,30.0,26,60,1.4901161193847656e-08,4.0,26.0,0.0,True
injected,2.0,30.0,26,120,4.76837158203125e-07,4.0,21.0,0.0,True
injected_any,2.0,30.0,26,0,,,,,True
injected,2.0,30.0,27,30,4.33996319770813e-07,4.0,28.0,2.0,True
injected,2.0,30.0,27,60,1.4901161193847656e-06,4.0,23.0,1.0,True
injected,2.0,30.0,27,120,2.002716064453125e-05,4.0,19.0,1.0,True
injected_any,2.0,30.0,27,0,,,,,True
injected,2.0,30.0,28,30,4.33996319770813e-07,4.0,28.0,2.0,True
injected,2.0,30.0,28,60,5.960464477539063e-08,4.0,24.0,0.0,True
injected,2.0,30.0,28,120,1.7940998077392578e-05,4.0,22.0,2.0,True
injected_any,2.0,30.0,28,0,,,,,True
injected,2.0,30.0,29,30,0.0007568597793579102,4.0,22.0,5.0,True
injected,2.0,30.0,29,60,0.001299738883972168,4.0,19.0,4.0,True
injected,2.0,30.0,29,120,0.0037689208984375,4.0,15.0,3.0,True
injected_any,2.0,30.0,29,0,,,,,True
injected,2.0,30.0,30,30,2.0884908735752106e-07,4.0,32.0,3.0,True
injected,2.0,30.0,30,60,8.121132850646973e-07,3.0,27.0,2.0,True
injected,2.0,30.0,30,120,3.3020973205566406e-05,3.0,21.0,2.0,True
injected_any,2.0,30.0,30,0,,,,,True
injected,2.0,30.0,31,30,0.0001553744077682495,4.0,23.0,4.0,True
injected,2.0,30.0,31,60,6.0558319091796875e-05,3.0,20.0,2.0,True
injected,2.0,30.0,31,120,0.0004277229309082031,3.0,19.0,3.0,True
injected_any,2.0,30.0,31,0,,,,,True
injected,2.0,30.0,32,30,5.1857903599739075e-05,4.0,25.0,4.0,True
injected,2.0,30.0,32,60,1.7940998077392578e-05,4.0,22.0,2.0,True
injected,2.0,30.0,32,120,0.000771939754486084,4.0,20.0,4.0,True
injected_any,2.0,30.0,32,0,,,,,True
injected,2.0,30.0,33,30,3.0192677513696253e-07,4.0,34.0,4.0,True
injected,2.0,30.0,33,60,7.683411240577698e-09,4.0,31.0,1.0,True
injected,2.0,30.0,33,120,1.516193151473999e-06,4.0,26.0,2.0,True
injected_any,2.0,30.0,33,0,,,,,True
injected,2.0,30.0,34,30,2.3245811462402344e-06,3.0,28.0,3.0,True
injected,2.0,30.0,34,60,1.372024416923523e-05,3.0,25.0,3.0,True
injected,2.0,30.0,34,120,0.0001553744077682495,3.0,23.0,4.0,True
injected_any,2.0,30.0,34,0,,,,,True
injected,2.0,30.0,35,30,7.618218660354614e-06,4.0,26.0,3.0,True
injected,2.0,30.0,35,60,5.4836273193359375e-06,3.0,21.0,1.0,True
injected,2.0,30.0,35,120,3.814697265625e-06,3.0,18.0,0.0,True
injected_any,2.0,30.0,35,0,,,,,True
injected,2.0,30.0,36,30,3.8300640881061554e-07,3.0,31.0,3.0,True
injected,2.0,30.0,36,60,4.215165972709656e-06,3.0,27.0,3.0,True
injected,2.0,30.0,36,120,7.826089859008789e-05,3.0,22.0,3.0,True
injected_any,2.0,30.0,36,0,,,,,True
injected,2.0,30.0,37,30,4.33996319770813e-07,4.0,28.0,2.0,True
injected,2.0,30.0,37,60,5.960464477539063e-08,4.0,24.0,0.0,True
injected,2.0,30.0,37,120,9.5367431640625e-07,4.0,20.0,0.0,True
injected_any,2.0,30.0,37,0,,,,,True
injected,2.0,30.0,38,30,4.215165972709656e-06,4.0,27.0,3.0,True
injected,2.0,30.0,38,60,7.748603820800781e-07,4.0,24.0,1.0,True
injected,2.0,30.0,38,120,1.049041748046875e-05,4.0,20.0,1.0,True
injected_any,2.0,30.0,38,0,,,,,True
injected,2.0,30.0,39,30,5.1857903599739075e-05,4.0,25.0,4.0,True
injected,2.0,30.0,39,60,1.7940998077392578e-05,4.0,22.0,2.0,True
injected,2.0,30.0,39,120,0.000110626220703125,4.0,19.0,2.0,True
injected_any,2.0,30.0,39,0,,,,,True
injected,2.0,30.0,40,30,5.808350397273898e-05,4.0,31.0,7.0,True
injected,2.0,30.0,40,60,5.1857903599739075e-05,3.0,25.0,4.0,True
injected,2.0,30.0,40,120,7.826089859008789e-05,4.0,22.0,3.0,True
injected_any,2.0,30.0,40,0,,,,,True
injected,2.0,30.0,41,30,4.33996319770813e-07,4.0,28.0,2.0,True
injected,2.0,30.0,41,60,7.748603820800781e-07,4.0,24.0,1.0,True
injected,2.0,30.0,41,120,1.7940998077392578e-05,4.0,22.0,2.0,True
injected_any,2.0,30.0,41,0,,,,,True
injected,2.0,30.0,42,30,9.650597348809242e-06,4.0,28.0,4.0,True
injected,2.0,30.0,42,60,7.748603820800781e-07,4.0,24.0,1.0,True
injected,2.0,30.0,42,120,6.0558319091796875e-05,4.0,20.0,2.0,True
injected_any,2.0,30.0,42,0,,,,,True
injected,2.0,30.0,43,30,7.618218660354614e-06,4.0,26.0,3.0,True
injected,2.0,30.0,43,60,6.0558319091796875e-05,4.0,20.0,2.0,True
injected,2.0,30.0,43,120,0.0003643035888671875,4.0,17.0,2.0,True
injected_any,2.0,30.0,43,0,,,,,True
injected,2.0,30.0,44,30,1.372024416923523e-05,4.0,25.0,3.0,True
injected,2.0,30.0,44,60,1.049041748046875e-05,4.0,20.0,1.0,True
injected,2.0,30.0,44,120,0.0004277229309082031,4.0,19.0,3.0,True
injected_any,2.0,30.0,44,0,,,,,True
injected,2.0,30.0,45,30,2.062879502773285e-05,4.0,31.0,6.0,True
injected,2.0,30.0,45,60,1.372024416923523e-05,4.0,25.0,3.0,True
injected,2.0,30.0,45,120,0.0001385807991027832,4.0,21.0,3.0,True
injected_any,2.0,30.0,45,0,,,,,True
injected,2.0,30.0,46,30,3.08244489133358e-06,4.0,30.0,4.0,True
injected,2.0,30.0,46,60,5.245208740234375e-06,4.0,24.0,2.0,True
injected,2.0,30.0,46,120,0.0004552602767944336,4.0,21.0,4.0,True
injected_any,2.0,30.0,46,0,,,,,True
injected,2.0,30.0,47,30,8.121132850646973e-07,4.0,27.0,2.0,True
injected,2.0,30.0,47,60,1.1920928955078125e-07,4.0,23.0,0.0,True
injected,2.0,30.0,47,120,7.62939453125e-06,4.0,17.0,0.0,True
injected_any,2.0,30.0,47,0,,,,,True
injected,2.0,30.0,48,30,3.8300640881061554e-07,4.0,31.0,3.0,True
injected,2.0,30.0,48,60,4.023313522338867e-07,4.0,25.0,1.0,True
injected,2.0,30.0,48,120,7.826089859008789e-05,4.0,22.0,3.0,True
injected_any,2.0,30.0,48,0,,,,,True
injected,2.0,30.0,49,30,1.2780074030160904e-06,4.0,29.0,3.0,True
injected,2.0,30.0,49,60,7.748603820800781e-07,4.0,24.0,1.0,True
injected,2.0,30.0,49,120,7.826089859008789e-05,4.0,22.0,3.0,True
injected_any,2.0,30.0,49,0,,,,,True
injected,2.0,30.0,50,30,5.464302375912666e-06,4.0,29.0,4.0,True
injected,2.0,30.0,50,60,7.618218660354614e-06,3.0,26.0,3.0,True
injected,2.0,30.0,50,120,7.826089859008789e-05,3.0,22.0,3.0,True
injected_any,2.0,30.0,50,0,,,,,True
injected,2.0,30.0,51,30,3.309384919703007e-05,4.0,28.0,5.0,True
injected,2.0,30.0,51,60,8.999556303024292e-05,4.0,24.0,4.0,True
injected,2.0,30.0,51,120,0.0004552602767944336,4.0,21.0,4.0,True
injected_any,2.0,30.0,51,0,,,,,True
injected,2.0,30.0,52,30,6.456742994487286e-06,4.0,31.0,5.0,True
injected,2.0,30.0,52,60,4.215165972709656e-06,3.0,27.0,3.0,True
injected,2.0,30.0,52,120,9.715557098388672e-06,4.0,23.0,2.0,True
injected_any,2.0,30.0,52,0,,,,,True
injected,2.0,30.0,53,30,2.314336597919464e-07,4.0,29.0,2.0,True
injected,2.0,30.0,53,60,5.960464477539063e-08,4.0,24.0,0.0,True
injected,2.0,30.0,53,120,5.4836273193359375e-06,4.0,21.0,1.0,True
injected_any,2.0,30.0,53,0,,,,,True
injected,2.0,30.0,54,30,2.4616718292236328e-05,4.0,24.0,3.0,True
injected,2.0,30.0,54,60,6.0558319091796875e-05,3.0,20.0,2.0,True
injected,2.0,30.0,54,120,0.0001373291015625,3.0,16.0,1.0,True
injected_any,2.0,30.0,54,0,,,,,True
injected,2.0,30.0,55,30,4.215165972709656e-06,4.0,27.0,3.0,True
injected,2.0,30.0,55,60,2.86102294921875e-06,4.0,22.0,1.0,True
injected,2.0,30.0,55,120,0.000110626220703125,4.0,19.0,2.0,True
injected_any,2.0,30.0,55,0,,,,,True
injected,2.0,30.0,56,30,6.542541086673737e-08,4.0,31.0,2.0,True
injected,2.0,30.0,56,60,2.086162567138672e-07,4.0,26.0,1.0,True
injected,2.0,30.0,56,120,1.7940998077392578e-05,4.0,22.0,2.0,True
injected_any,2.0,30.0,56,0,,,,,True
injected,2.0,30.0,57,30,2.314336597919464e-07,4.0,29.0,2.0,True
injected,2.0,30.0,57,60,7.748603820800781e-07,4.0,24.0,1.0,True
injected,2.0,30.0,57,120,2.002716064453125e-05,4.0,19.0,1.0,True
injected_any,2.0,30.0,57,0,,,,,True
injected,2.0,30.0,58,30,3.8300640881061554e-07,4.0,31.0,3.0,True
injected,2.0,30.0,58,60,1.516193151473999e-06,4.0,26.0,2.0,True
injected,2.0,30.0,58,120,1.7940998077392578e-05,4.0,22.0,2.0,True
injected_any,2.0,30.0,58,0,,,,,True
injected,2.0,30.0,59,30,4.215165972709656e-06,4.0,27.0,3.0,True
injected,2.0,30.0,59,60,9.715557098388672e-06,3.0,23.0,2.0,True
injected,2.0,30.0,59,120,1.049041748046875e-05,3.0,20.0,1.0,True
injected_any,2.0,30.0,59,0,,,,,True
injected,2.0,30.0,60,30,9.707873687148094e-07,4.0,32.0,4.0,True
injected,2.0,30.0,60,60,8.121132850646973e-07,4.0,27.0,2.0,True
injected,2.0,30.0,60,120,7.826089859008789e-05,4.0,22.0,3.0,True
injected_any,2.0,30.0,60,0,,,,,True
injected,2.0,30.0,61,30,2.0884908735752106e-07,4.0,32.0,3.0,True
injected,2.0,30.0,61,60,8.121132850646973e-07,4.0,27.0,2.0,True
injected,2.0,30.0,61,120,7.826089859008789e-05,4.0,22.0,3.0,True
injected_any,2.0,30.0,61,0,,,,,True
injected,2.0,30.0,62,30,7.005874067544937e-07,4.0,30.0,3.0,True
injected,2.0,30.0,62,60,7.748603820800781e-07,4.0,24.0,1.0,True
injected,2.0,30.0,62,120,0.0001385807991027832,4.0,21.0,3.0,True
injected_any,2.0,30.0,62,0,,,,,True
injected,2.0,30.0,63,30,1.2780074030160904e-06,4.0,29.0,3.0,True
injected,2.0,30.0,63,60,1.516193151473999e-06,4.0,26.0,2.0,True
injected,2.0,30.0,63,120,0.0001385807991027832,4.0,21.0,3.0,True
injected_any,2.0,30.0,63,0,,,,,True
injected,2.0,30.0,64,30,7.005874067544937e-07,4.0,30.0,3.0,True
injected,2.0,30.0,64,60,5.245208740234375e-06,4.0,24.0,2.0,True
injected,2.0,30.0,64,120,0.00026676058769226074,4.0,22.0,4.0,True
injected_any,2.0,30.0,64,0,,,,,True
injected,2.0,30.0,65,30,4.215165972709656e-06,4.0,27.0,3.0,True
injected,2.0,30.0,65,60,7.748603820800781e-07,4.0,24.0,1.0,True
injected,2.0,30.0,65,120,6.0558319091796875e-05,4.0,20.0,2.0,True
injected_any,2.0,30.0,65,0,,,,,True
injected,2.0,30.0,66,30,4.33996319770813e-07,4.0,28.0,2.0,True
injected,2.0,30.0,66,60,1.1920928955078125e-07,4.0,23.0,0.0,True
injected,2.0,30.0,66,120,0.000244140625,4.0,20.0,3.0,True
injected_any,2.0,30.0,66,0,,,,,True
injected,2.0,30.0,67,30,5.464302375912666e-06,4.0,29.0,4.0,True
injected,2.0,30.0,67,60,1.372024416923523e-05,3.0,25.0,3.0,True
injected,2.0,30.0,67,120,0.0004277229309082031,3.0,19.0,3.0,True
injected_any,2.0,30.0,67,0,,,,,True
injected,2.0,30.0,68,30,1.2316741049289703e-07,4.0,30.0,2.0,True
injected,2.0,30.0,68,60,2.823770046234131e-06,3.0,25.0,2.0,True
injected,2.0,30.0,68,120,0.0001385807991027832,3.0,21.0,3.0,True
injected_any,2.0,30.0,68,0,,,,,True
injected,2.0,30.0,69,30,6.542541086673737e-08,4.0,31.0,2.0,True
injected,2.0,30.0,69,60,1.0803341865539551e-07,4.0,27.0,1.0,True
injected,2.0,30.0,69,120,9.715557098388672e-06,4.0,23.0,2.0,True
injected_any,2.0,30.0,69,0,,,,,True
injected,2.0,30.0,70,30,3.309384919703007e-05,4.0,28.0,5.0,True
injected,2.0,30.0,70,60,4.398822784423828e-05,3.0,23.0,3.0,True
injected,2.0,30.0,70,120,0.000110626220703125,3.0,19.0,2.0,True
injected_any,2.0,30.0,70,0,,,,,True
injected,2.0,30.0,71,30,1.7940998077392578e-05,4.0,22.0,2.0,True
injected,2.0,30.0,71,60,1.049041748046875e-05,4.0,20.0,1.0,True
injected,2.0,30.0,71,120,0.0022125244140625,4.0,16.0,3.0,True
injected_any,2.0,30.0,71,0,,,,,True
injected,2.0,30.0,72,30,3.3020973205566406e-05,4.0,21.0,2.0,True
injected,2.0,30.0,72,60,2.002716064453125e-05,3.0,19.0,1.0,True
injected,2.0,30.0,72,120,0.00020122528076171875,3.0,18.0,2.0,True
injected_any,2.0,30.0,72,0,,,,,True
injected,2.0,30.0,73,30,1.2316741049289703e-07,4.0,30.0,2.0,True
injected,2.0,30.0,73,60,2.086162567138672e-07,4.0,26.0,1.0,True
injected,2.0,30.0,73,120,1.4901161193847656e-06,4.0,23.0,1.0,True
injected_any,2.0,30.0,73,0,,,,,True
injected,2.0,30.0,74,30,2.4616718292236328e-05,4.0,24.0,3.0,True
injected,2.0,30.0,74,60,5.4836273193359375e-06,4.0,21.0,1.0,True
injected,2.0,30.0,74,120,7.2479248046875e-05,4.0,17.0,1.0,True
injected_any,2.0,30.0,74,0,,,,,True
injected,2.0,30.0,75,30,4.215165972709656e-06,3.0,27.0,3.0,True
injected,2.0,30.0,75,60,7.748603820800781e-07,3.0,24.0,1.0,True
injected,2.0,30.0,75,120,2.002716064453125e-05,4.0,19.0,1.0,True
injected_any,2.0,30.0,75,0,,,,,True
injected,2.0,30.0,76,30,4.398822784423828e-05,4.0,23.0,3.0,True
injected,2.0,30.0,76,60,6.0558319091796875e-05,4.0,20.0,2.0,True
injected,2.0,30.0,76,120,0.002171754837036133,4.0,18.0,4.0,True
injected_any,2.0,30.0,76,0,,,,,True
injected,2.0,30.0,77,30,4.215165972709656e-06,4.0,27.0,3.0,True
injected,2.0,30.0,77,60,2.9802322387695312e-08,4.0,25.0,0.0,True
injected,2.0,30.0,77,120,9.5367431640625e-07,4.0,20.0,0.0,True
injected_any,2.0,30.0,77,0,,,,,True
injected,2.0,30.0,78,30,1.1180760338902473e-05,4.0,30.0,5.0,True
injected,2.0,30.0,78,60,4.215165972709656e-06,4.0,27.0,3.0,True
injected,2.0,30.0,78,120,7.826089859008789e-05,4.0,22.0,3.0,True
injected_any,2.0,30.0,78,0,,,,,True
injected,2.0,30.0,79,30,3.4691765904426575e-08,4.0,32.0,2.0,True
injected,2.0,30.0,79,60,2.086162567138672e-07,4.0,26.0,1.0,True
injected,2.0,30.0,79,120,4.398822784423828e-05,4.0,23.0,3.0,True
injected_any,2.0,30.0,79,0,,,,,True
injected,2.0,30.0,80,30,6.542541086673737e-08,4.0,31.0,2.0,True
injected,2.0,30.0,80,60,1.516193151473999e-06,3.0,26.0,2.0,True
injected,2.0,30.0,80,120,6.0558319091796875e-05,3.0,20.0,2.0,True
injected_any,2.0,30.0,80,0,,,,,True
injected,2.0,30.0,81,30,8.121132850646973e-07,4.0,27.0,2.0,True
injected,2.0,30.0,81,60,1.1920928955078125e-07,4.0,23.0,0.0,True
injected,2.0,30.0,81,120,5.4836273193359375e-06,4.0,21.0,1.0,True
injected_any,2.0,30.0,81,0,,,,,True
injected,2.0,30.0,82,30,0.0002675263676792383,4.0,26.0,6.0,True
injected,2.0,30.0,82,60,0.0001385807991027832,3.0,21.0,3.0,True
injected,2.0,30.0,82,120,0.002171754837036133,3.0,18.0,4.0,True
injected_any,2.0,30.0,82,0,,,,,True
injected,2.0,30.0,83,30,3.7137651816010475e-06,4.0,32.0,5.0,True
injected,2.0,30.0,83,60,4.215165972709656e-06,4.0,27.0,3.0,True
injected,2.0,30.0,83,120,0.00026676058769226074,4.0,22.0,4.0,True
injected_any,2.0,30.0,83,0,,,,,True
injected,2.0,30.0,84,30,7.005874067544937e-07,4.0,30.0,3.0,True
injected,2.0,30.0,84,60,1.372024416923523e-05,4.0,25.0,3.0,True
injected,2.0,30.0,84,120,0.0011578500270843506,4.0,23.0,6.0,True
injected_any,2.0,30.0,84,0,,,,,True
injected,2.0,30.0,85,30,5.653710104525089e-05,4.0,27.0,5.0,True
injected,2.0,30.0,85,60,9.715557098388672e-06,3.0,23.0,2.0,True
injected,2.0,30.0,85,120,3.3020973205566406e-05,4.0,21.0,2.0,True
injected_any,2.0,30.0,85,0,,,,,True
injected,2.0,30.0,86,30,7.005874067544937e-07,4.0,30.0,3.0,True
injected,2.0,30.0,86,60,8.121132850646973e-07,4.0,27.0,2.0,True
injected,2.0,30.0,86,120,7.826089859008789e-05,4.0,22.0,3.0,True
injected_any,2.0,30.0,86,0,,,,,True
injected,2.0,30.0,87,30,2.0884908735752106e-07,4.0,32.0,3.0,True
injected,2.0,30.0,87,60,4.33996319770813e-07,4.0,28.0,2.0,True
injected,2.0,30.0,87,120,2.4616718292236328e-05,4.0,24.0,3.0,True
injected_any,2.0,30.0,87,0,,,,,True
injected,2.0,30.0,88,30,9.609758853912354e-05,4.0,26.0,5.0,True
injected,2.0,30.0,88,60,4.398822784423828e-05,4.0,23.0,3.0,True
injected,2.0,30.0,88,120,0.000244140625,4.0,20.0,3.0,True
injected_any,2.0,30.0,88,0,,,,,True
injected,2.0,30.0,89,30,7.005874067544937e-07,4.0,30.0,3.0,True
injected,2.0,30.0,89,60,2.823770046234131e-06,3.0,25.0,2.0,True
injected,2.0,30.0,89,120,3.3020973205566406e-05,4.0,21.0,2.0,True
injected_any,2.0,30.0,89,0,,,,,True
injected,2.0,30.0,90,30,1.2780074030160904e-06,4.0,29.0,3.0,True
injected,2.0,30.0,90,60,4.023313522338867e-07,4.0,25.0,1.0,True
injected,2.0,30.0,90,120,2.86102294921875e-06,4.0,22.0,1.0,True
injected_any,2.0,30.0,90,0,,,,,True
injected,2.0,30.0,91,30,1.2780074030160904e-06,4.0,29.0,3.0,True
injected,2.0,30.0,91,60,2.823770046234131e-06,3.0,25.0,2.0,True
injected,2.0,30.0,91,120,6.0558319091796875e-05,3.0,20.0,2.0,True
injected_any,2.0,30.0,91,0,,,,,True
injected,2.0,30.0,92,30,7.005874067544937e-07,4.0,30.0,3.0,True
injected,2.0,30.0,92,60,2.823770046234131e-06,4.0,25.0,2.0,True
injected,2.0,30.0,92,120,0.0001385807991027832,4.0,21.0,3.0,True
injected_any,2.0,30.0,92,0,,,,,True
injected,2.0,30.0,93,30,1.697661355137825e-05,4.0,27.0,4.0,True
injected,2.0,30.0,93,60,3.3020973205566406e-05,4.0,21.0,2.0,True
injected,2.0,30.0,93,120,0.0012469589710235596,4.0,21.0,5.0,True
injected_any,2.0,30.0,93,0,,,,,True
injected,2.0,30.0,94,30,4.215165972709656e-06,4.0,27.0,3.0,True
injected,2.0,30.0,94,60,1.1920928955078125e-07,4.0,23.0,0.0,True
injected,2.0,30.0,94,120,1.049041748046875e-05,4.0,20.0,1.0,True
injected_any,2.0,30.0,94,0,,,,,True
injected,2.0,30.0,95,30,7.618218660354614e-06,4.0,26.0,3.0,True
injected,2.0,30.0,95,60,5.4836273193359375e-06,3.0,21.0,1.0,True
injected,2.0,30.0,95,120,0.000110626220703125,3.0,19.0,2.0,True
injected_any,2.0,30.0,95,0,,,,,True
injected,2.0,30.0,96,30,7.005874067544937e-07,4.0,30.0,3.0,True
injected,2.0,30.0,96,60,2.823770046234131e-06,4.0,25.0,2.0,True
injected,2.0,30.0,96,120,0.0001385807991027832,4.0,21.0,3.0,True
injected_any,2.0,30.0,96,0,,,,,True
injected,2.0,30.0,97,30,1.516193151473999e-06,4.0,26.0,2.0,True
injected,2.0,30.0,97,60,5.4836273193359375e-06,4.0,21.0,1.0,True
injected,2.0,30.0,97,120,0.0003643035888671875,4.0,17.0,2.0,True
injected_any,2.0,30.0,97,0,,,,,True
injected,2.0,30.0,98,30,5.464302375912666e-06,4.0,29.0,4.0,True
injected,2.0,30.0,98,60,1.516193151473999e-06,4.0,26.0,2.0,True
injected,2.0,30.0,98,120,9.715557098388672e-06,4.0,23.0,2.0,True
injected_any,2.0,30.0,98,0,,,,,True
injected,2.0,30.0,99,30,9.609758853912354e-05,3.0,26.0,5.0,True
injected,2.0,30.0,99,60,0.000244140625,3.0,20.0,3.0,True
injected,2.0,30.0,99,120,0.0006561279296875,3.0,16.0,2.0,True
injected_any,2.0,30.0,99,0,,,,,True
injected,2.0,60.0,0,30,0.395263671875,2.0,8.0,6.0,False
injected,2.0,60.0,0,60,8.121132850646973e-07,3.0,27.0,2.0,True
injected,2.0,60.0,0,120,9.715557098388672e-06,4.0,23.0,2.0,True
injected_any,2.0,60.0,0,0,,,,,True
injected,2.0,60.0,1,30,0.4018096923828125,2.0,9.0,7.0,False
injected,2.0,60.0,1,60,0.0001385807991027832,3.0,21.0,3.0,True
injected,2.0,60.0,1,120,0.0007448196411132812,3.0,18.0,3.0,True
injected_any,2.0,60.0,1,0,,,,,True
injected,2.0,60.0,2,30,0.395263671875,2.0,8.0,6.0,False
injected,2.0,60.0,2,60,4.398822784423828e-05,3.0,23.0,3.0,True
injected,2.0,60.0,2,120,0.0001553744077682495,3.0,23.0,4.0,True
injected_any,2.0,60.0,2,0,,,,,True
injected,2.0,60.0,3,30,0.4018096923828125,2.0,9.0,7.0,False
injected,2.0,60.0,3,60,0.0001385807991027832,4.0,21.0,3.0,True
injected,2.0,60.0,3,120,0.0012469589710235596,4.0,21.0,5.0,True
injected_any,2.0,60.0,3,0,,,,,True
injected,2.0,60.0,4,30,0.4018096923828125,2.0,9.0,7.0,False
injected,2.0,60.0,4,60,1.049041748046875e-05,3.0,20.0,1.0,True
injected,2.0,60.0,4,120,0.00020122528076171875,3.0,18.0,2.0,True
injected_any,2.0,60.0,4,0,,,,,True
injected,2.0,60.0,5,30,0.395263671875,2.0,8.0,6.0,False
injected,2.0,60.0,5,60,5.4836273193359375e-06,3.0,21.0,1.0,True
injected,2.0,60.0,5,120,0.0012884140014648438,3.0,17.0,3.0,True
injected_any,2.0,60.0,5,0,,,,,True
injected,2.0,60.0,6,30,0.395263671875,2.0,8.0,6.0,False
injected,2.0,60.0,6,60,2.823770046234131e-06,3.0,25.0,2.0,True
injected,2.0,60.0,6,120,6.0558319091796875e-05,3.0,20.0,2.0,True
injected_any,2.0,60.0,6,0,,,,,True
injected,2.0,60.0,7,30,0.4018096923828125,2.0,9.0,7.0,False
injected,2.0,60.0,7,60,0.0004552602767944336,4.0,21.0,4.0,True
injected,2.0,60.0,7,120,0.003305375576019287,4.0,19.0,5.0,True
injected_any,2.0,60.0,7,0,,,,,True
injected,2.0,60.0,8,30,0.4018096923828125,2.0,9.0,7.0,False
injected,2.0,60.0,8,60,0.000110626220703125,3.0,19.0,2.0,True
injected,2.0,60.0,8,120,0.0007448196411132812,4.0,18.0,3.0,True
injected_any,2.0,60.0,8,0,,,,,True
injected,2.0,60.0,9,30,0.395263671875,2.0,8.0,6.0,False
injected,2.0,60.0,9,60,0.0002730563282966614,3.0,24.0,5.0,True
injected,2.0,60.0,9,120,0.0018595829606056213,3.0,22.0,6.0,True
injected_any,2.0,60.0,9,0,,,,,True
injected,2.0,60.0,10,30,0.395263671875,2.0,8.0,6.0,False
injected,2.0,60.0,10,60,7.748603820800781e-07,4.0,24.0,1.0,True
injected,2.0,60.0,10,120,0.0001385807991027832,4.0,21.0,3.0,True
injected_any,2.0,60.0,10,0,,,,,True
injected,2.0,60.0,11,30,0.395263671875,2.0,8.0,6.0,False
injected,2.0,60.0,11,60,5.4836273193359375e-06,3.0,21.0,1.0,True
injected,2.0,60.0,11,120,0.0004277229309082031,4.0,19.0,3.0,True
injected_any,2.0,60.0,11,0,,,,,True
injected,2.0,60.0,12,30,0.395263671875,2.0,8.0,6.0,False
injected,2.0,60.0,12,60,3.3020973205566406e-05,3.0,21.0,2.0,True
injected,2.0,60.0,12,120,0.0035986900329589844,3.0,17.0,4.0,True
injected_any,2.0,60.0,12,0,,,,,True
injected,2.0,60.0,13,30,0.395263671875,2.0,8.0,6.0,False
injected,2.0,60.0,13,60,4.33996319770813e-07,3.0,28.0,2.0,True
injected,2.0,60.0,13,120,9.715557098388672e-06,4.0,23.0,2.0,True
injected_any,2.0,60.0,13,0,,,,,True
injected,2.0,60.0,14,30,0.395263671875,2.0,8.0,6.0,False
injected,2.0,60.0,14,60,2.86102294921875e-06,3.0,22.0,1.0,True
injected,2.0,60.0,14,120,6.0558319091796875e-05,3.0,20.0,2.0,True
injected_any,2.0,60.0,14,0,,,,,True
injected,2.0,60.0,15,30,0.395263671875,2.0,8.0,6.0,False
injected,2.0,60.0,15,60,4.023313522338867e-07,4.0,25.0,1.0,True
injected,2.0,60.0,15,120,3.3020973205566406e-05,4.0,21.0,2.0,True
injected_any,2.0,60.0,15,0,,,,,True
injected,2.0,60.0,16,30,0.395263671875,2.0,8.0,6.0,False
injected,2.0,60.0,16,60,4.398822784423828e-05,3.0,23.0,3.0,True
injected,2.0,60.0,16,120,0.001299738883972168,3.0,19.0,4.0,True
injected_any,2.0,60.0,16,0,,,,,True
injected,2.0,60.0,17,30,0.395263671875,2.0,8.0,6.0,False
injected,2.0,60.0,17,60,7.748603820800781e-07,3.0,24.0,1.0,True
injected,2.0,60.0,17,120,5.4836273193359375e-06,4.0,21.0,1.0,True
injected_any,2.0,60.0,17,0,,,,,True
injected,2.0,60.0,18,30,0.395263671875,2.0,8.0,6.0,False
injected,2.0,60.0,18,60,4.76837158203125e-07,4.0,21.0,0.0,True
injected,2.0,60.0,18,120,0.00020122528076171875,4.0,18.0,2.0,True
injected_any,2.0,60.0,18,0,,,,,True
injected,2.0,60.0,19,30,0.395263671875,2.0,8.0,6.0,False
injected,2.0,60.0,19,60,8.121132850646973e-07,3.0,27.0,2.0,True
injected,2.0,60.0,19,120,4.398822784423828e-05,3.0,23.0,3.0,True
injected_any,2.0,60.0,19,0,,,,,True
injected,2.0,60.0,20,30,0.395263671875,2.0,8.0,6.0,False
injected,2.0,60.0,20,60,5.960464477539063e-08,4.0,24.0,0.0,True
injected,2.0,60.0,20,120,1.049041748046875e-05,4.0,20.0,1.0,True
injected_any,2.0,60.0,20,0,,,,,True
injected,2.0,60.0,21,30,0.395263671875,2.0,8.0,6.0,False
injected,2.0,60.0,21,60,5.960464477539063e-08,3.0,24.0,0.0,True
injected,2.0,60.0,21,120,5.4836273193359375e-06,3.0,21.0,1.0,True
injected_any,2.0,60.0,21,0,,,,,True
injected,2.0,60.0,22,30,0.395263671875,2.0,8.0,6.0,False
injected,2.0,60.0,22,60,5.4836273193359375e-06,3.0,21.0,1.0,True
injected,2.0,60.0,22,120,0.00020122528076171875,3.0,18.0,2.0,True
injected_any,2.0,60.0,22,0,,,,,True
injected,2.0,60.0,23,30,0.395263671875,2.0,8.0,6.0,False
injected,2.0,60.0,23,60,7.826089859008789e-05,3.0,22.0,3.0,True
injected,2.0,60.0,23,120,0.0004277229309082031,4.0,19.0,3.0,True
injected_any,2.0,60.0,23,0,,,,,True
injected,2.0,60.0,24,30,0.395263671875,2.0,8.0,6.0,False
injected,2.0,60.0,24,60,1.516193151473999e-06,3.0,26.0,2.0,True
injected,2.0,60.0,24,120,1.7940998077392578e-05,3.0,22.0,2.0,True
injected_any,2.0,60.0,24,0,,,,,True
injected,2.0,60.0,25,30,0.395263671875,2.0,8.0,6.0,False
injected,2.0,60.0,25,60,5.245208740234375e-06,3.0,24.0,2.0,True
injected,2.0,60.0,25,120,0.000110626220703125,3.0,19.0,2.0,True
injected_any,2.0,60.0,25,0,,,,,True
injected,2.0,60.0,26,30,0.395263671875,2.0,8.0,6.0,False
injected,2.0,60.0,26,60,5.960464477539063e-08,4.0,24.0,0.0,True
injected,2.0,60.0,26,120,1.049041748046875e-05,4.0,20.0,1.0,True
injected_any,2.0,60.0,26,0,,,,,True
injected,2.0,60.0,27,30,0.395263671875,2.0,8.0,6.0,False
injected,2.0,60.0,27,60,2.86102294921875e-06,4.0,22.0,1.0,True
injected,2.0,60.0,27,120,7.2479248046875e-05,4.0,17.0,1.0,True
injected_any,2.0,60.0,27,0,,,,,True
injected,2.0,60.0,28,30,0.395263671875,2.0,8.0,6.0,False
injected,2.0,60.0,28,60,1.1920928955078125e-07,4.0,23.0,0.0,True
injected,2.0,60.0,28,120,0.0001385807991027832,4.0,21.0,3.0,True
injected_any,2.0,60.0,28,0,,,,,True
injected,2.0,60.0,29,30,0.4018096923828125,2.0,9.0,7.0,False
injected,2.0,60.0,29,60,0.0007448196411132812,3.0,18.0,3.0,True
injected,2.0,60.0,29,120,0.003692626953125,4.0,13.0,2.0,True
injected_any,2.0,60.0,29,0,,,,,True
injected,2.0,60.0,30,30,0.395263671875,2.0,8.0,6.0,False
injected,2.0,60.0,30,60,2.823770046234131e-06,3.0,25.0,2.0,True
injected,2.0,60.0,30,120,3.3020973205566406e-05,3.0,21.0,2.0,True
injected_any,2.0,60.0,30,0,,,,,True
injected,2.0,60.0,31,30,0.395263671875,2.0,8.0,6.0,False
injected,2.0,60.0,31,60,0.00020122528076171875,3.0,18.0,2.0,True
injected,2.0,60.0,31,120,0.0035986900329589844,3.0,17.0,4.0,True
injected_any,2.0,60.0,31,0,,,,,True
injected,2.0,60.0,32,30,0.4018096923828125,2.0,9.0,7.0,False
injected,2.0,60.0,32,60,0.0001385807991027832,4.0,21.0,3.0,True
injected,2.0,60.0,32,120,0.0020386576652526855,4.0,20.0,5.0,True
injected_any,2.0,60.0,32,0,,,,,True
injected,2.0,60.0,33,30,0.5,2.0,7.0,6.0,False
injected,2.0,60.0,33,60,1.4901161193847656e-08,4.0,30.0,1.0,True
injected,2.0,60.0,33,120,1.516193151473999e-06,4.0,26.0,2.0,True
injected_any,2.0,60.0,33,0,,,,,True
injected,2.0,60.0,34,30,0.395263671875,2.0,8.0,6.0,False
injected,2.0,60.0,34,60,2.4616718292236328e-05,3.0,24.0,3.0,True
injected,2.0,60.0,34,120,0.00026676058769226074,3.0,22.0,4.0,True
injected_any,2.0,60.0,34,0,,,,,True
injected,2.0,60.0,35,30,0.395263671875,2.0,8.0,6.0,False
injected,2.0,60.0,35,60,5.4836273193359375e-06,3.0,21.0,1.0,True
injected,2.0,60.0,35,120,0.0001373291015625,3.0,16.0,1.0,True
injected_any,2.0,60.0,35,0,,,,,True
injected,2.0,60.0,36,30,0.395263671875,2.0,8.0,6.0,False
injected,2.0,60.0,36,60,7.618218660354614e-06,3.0,26.0,3.0,True
injected,2.0,60.0,36,120,0.000244140625,3.0,20.0,3.0,True
injected_any,2.0,60.0,36,0,,,,,True
injected,2.0,60.0,37,30,0.395263671875,2.0,8.0,6.0,False
injected,2.0,60.0,37,60,1.1920928955078125e-07,4.0,23.0,0.0,True
injected,2.0,60.0,37,120,3.814697265625e-06,4.0,18.0,0.0,True
injected_any,2.0,60.0,37,0,,,,,True
injected,2.0,60.0,38,30,0.395263671875,2.0,8.0,6.0,False
injected,2.0,60.0,38,60,1.4901161193847656e-06,4.0,23.0,1.0,True
injected,2.0,60.0,38,120,2.002716064453125e-05,4.0,19.0,1.0,True
injected_any,2.0,60.0,38,0,,,,,True
injected,2.0,60.0,39,30,0.4018096923828125,2.0,9.0,7.0,False
injected,2.0,60.0,39,60,3.3020973205566406e-05,4.0,21.0,2.0,True
injected,2.0,60.0,39,120,0.0004277229309082031,4.0,19.0,3.0,True
injected_any,2.0,60.0,39,0,,,,,True
injected,2.0,60.0,40,30,0.395263671875,2.0,8.0,6.0,False
injected,2.0,60.0,40,60,8.999556303024292e-05,3.0,24.0,4.0,True
injected,2.0,60.0,40,120,0.00045611709356307983,3.0,23.0,5.0,True
injected_any,2.0,60.0,40,0,,,,,True
injected,2.0,60.0,41,30,0.395263671875,2.0,8.0,6.0,False
injected,2.0,60.0,41,60,1.4901161193847656e-06,4.0,23.0,1.0,True
injected,2.0,60.0,41,120,6.0558319091796875e-05,4.0,20.0,2.0,True
injected_any,2.0,60.0,41,0,,,,,True
injected,2.0,60.0,42,30,0.395263671875,2.0,8.0,6.0,False
injected,2.0,60.0,42,60,9.715557098388672e-06,3.0,23.0,2.0,True
injected,2.0,60.0,42,120,0.0004277229309082031,3.0,19.0,3.0,True
injected_any,2.0,60.0,42,0,,,,,True
injected,2.0,60.0,43,30,0.4018096923828125,2.0,9.0,7.0,False
injected,2.0,60.0,43,60,0.00020122528076171875,4.0,18.0,2.0,True
injected,2.0,60.0,43,120,0.0006561279296875,4.0,16.0,2.0,True
injected_any,2.0,60.0,43,0,,,,,True
injected,2.0,60.0,44,30,0.395263671875,2.0,8.0,6.0,False
injected,2.0,60.0,44,60,1.049041748046875e-05,4.0,20.0,1.0,True
injected,2.0,60.0,44,120,0.001299738883972168,4.0,19.0,4.0,True
injected_any,2.0,60.0,44,0,,,,,True
injected,2.0,60.0,45,30,0.395263671875,2.0,8.0,6.0,False
injected,2.0,60.0,45,60,2.4616718292236328e-05,3.0,24.0,3.0,True
injected,2.0,60.0,45,120,0.00026676058769226074,4.0,22.0,4.0,True
injected_any,2.0,60.0,45,0,,,,,True
injected,2.0,60.0,46,30,0.395263671875,2.0,8.0,6.0,False
injected,2.0,60.0,46,60,5.245208740234375e-06,4.0,24.0,2.0,True
injected,2.0,60.0,46,120,0.000771939754486084,4.0,20.0,4.0,True
injected_any,2.0,60.0,46,0,,,,,True
injected,2.0,60.0,47,30,0.395263671875,2.0,8.0,6.0,False
injected,2.0,60.0,47,60,2.384185791015625e-07,4.0,22.0,0.0,True
injected,2.0,60.0,47,120,3.0517578125e-05,4.0,15.0,0.0,True
injected_any,2.0,60.0,47,0,,,,,True
injected,2.0,60.0,48,30,0.395263671875,2.0,8.0,6.0,False
injected,2.0,60.0,48,60,1.4901161193847656e-06,3.0,23.0,1.0,True
injected,2.0,60.0,48,120,7.826089859008789e-05,4.0,22.0,3.0,True
injected_any,2.0,60.0,48,0,,,,,True
injected,2.0,60.0,49,30,0.4018096923828125,2.0,9.0,7.0,False
injected,2.0,60.0,49,60,2.86102294921875e-06,4.0,22.0,1.0,True
injected,2.0,60.0,49,120,7.826089859008789e-05,4.0,22.0,3.0,True
injected_any,2.0,60.0,49,0,,,,,True
injected,2.0,60.0,50,30,0.395263671875,2.0,8.0,6.0,False
injected,2.0,60.0,50,60,1.372024416923523e-05,3.0,25.0,3.0,True
injected,2.0,60.0,50,120,0.000771939754486084,3.0,20.0,4.0,True
injected_any,2.0,60.0,50,0,,,,,True
injected,2.0,60.0,51,30,0.395263671875,2.0,8.0,6.0,False
injected,2.0,60.0,51,60,0.00045611709356307983,3.0,23.0,5.0,True
injected,2.0,60.0,51,120,0.0046776533126831055,3.0,20.0,6.0,True
injected_any,2.0,60.0,51,0,,,,,True
injected,2.0,60.0,52,30,0.395263671875,2.0,8.0,6.0,False
injected,2.0,60.0,52,60,4.215165972709656e-06,3.0,27.0,3.0,True
injected,2.0,60.0,52,120,4.398822784423828e-05,4.0,23.0,3.0,True
injected_any,2.0,60.0,52,0,,,,,True
injected,2.0,60.0,53,30,0.395263671875,2.0,8.0,6.0,False
injected,2.0,60.0,53,60,2.9802322387695312e-08,4.0,25.0,0.0,True
injected,2.0,60.0,53,120,2.002716064453125e-05,4.0,19.0,1.0,True
injected_any,2.0,60.0,53,0,,,,,True
injected,2.0,60.0,54,30,0.4018096923828125,2.0,9.0,7.0,False
injected,2.0,60.0,54,60,0.00020122528076171875,3.0,18.0,2.0,True
injected,2.0,60.0,54,120,0.0002593994140625,3.0,15.0,1.0,True
injected_any,2.0,60.0,54,0,,,,,True
injected,2.0,60.0,55,30,0.395263671875,2.0,8.0,6.0,False
injected,2.0,60.0,55,60,1.7940998077392578e-05,3.0,22.0,2.0,True
injected,2.0,60.0,55,120,0.0012884140014648438,3.0,17.0,3.0,True
injected_any,2.0,60.0,55,0,,,,,True
injected,2.0,60.0,56,30,0.395263671875,2.0,8.0,6.0,False
injected,2.0,60.0,56,60,4.023313522338867e-07,4.0,25.0,1.0,True
injected,2.0,60.0,56,120,3.3020973205566406e-05,4.0,21.0,2.0,True
injected_any,2.0,60.0,56,0,,,,,True
injected,2.0,60.0,57,30,0.395263671875,2.0,8.0,6.0,False
injected,2.0,60.0,57,60,2.86102294921875e-06,3.0,22.0,1.0,True
injected,2.0,60.0,57,120,3.814697265625e-05,3.0,18.0,1.0,True
injected_any,2.0,60.0,57,0,,,,,True
injected,2.0,60.0,58,30,0.395263671875,2.0,8.0,6.0,False
injected,2.0,60.0,58,60,2.823770046234131e-06,4.0,25.0,2.0,True
injected,2.0,60.0,58,120,6.0558319091796875e-05,4.0,20.0,2.0,True
injected_any,2.0,60.0,58,0,,,,,True
injected,2.0,60.0,59,30,0.395263671875,2.0,8.0,6.0,False
injected,2.0,60.0,59,60,5.4836273193359375e-06,3.0,21.0,1.0,True
injected,2.0,60.0,59,120,7.2479248046875e-05,3.0,17.0,1.0,True
injected_any,2.0,60.0,59,0,,,,,True
injected,2.0,60.0,60,30,0.395263671875,2.0,8.0,6.0,False
injected,2.0,60.0,60,60,4.023313522338867e-07,3.0,25.0,1.0,True
injected,2.0,60.0,60,120,3.3020973205566406e-05,4.0,21.0,2.0,True
injected_any,2.0,60.0,60,0,,,,,True
injected,2.0,60.0,61,30,0.395263671875,2.0,8.0,6.0,False
injected,2.0,60.0,61,60,2.823770046234131e-06,4.0,25.0,2.0,True
injected,2.0,60.0,61,120,0.0004552602767944336,4.0,21.0,4.0,True
injected_any,2.0,60.0,61,0,,,,,True
injected,2.0,60.0,62,30,0.395263671875,2.0,8.0,6.0,False
injected,2.0,60.0,62,60,1.4901161193847656e-06,3.0,23.0,1.0,True
injected,2.0,60.0,62,120,0.000771939754486084,3.0,20.0,4.0,True
injected_any,2.0,60.0,62,0,,,,,True
injected,2.0,60.0,63,30,0.395263671875,2.0,8.0,6.0,False
injected,2.0,60.0,63,60,5.245208740234375e-06,3.0,24.0,2.0,True
injected,2.0,60.0,63,120,0.0004277229309082031,3.0,19.0,3.0,True
injected_any,2.0,60.0,63,0,,,,,True
injected,2.0,60.0,64,30,0.395263671875,2.0,8.0,6.0,False
injected,2.0,60.0,64,60,1.7940998077392578e-05,3.0,22.0,2.0,True
injected,2.0,60.0,64,120,0.000771939754486084,3.0,20.0,4.0,True
injected_any,2.0,60.0,64,0,,,,,True
injected,2.0,60.0,65,30,0.395263671875,2.0,8.0,6.0,False
injected,2.0,60.0,65,60,1.4901161193847656e-06,4.0,23.0,1.0,True
injected,2.0,60.0,65,120,0.000110626220703125,4.0,19.0,2.0,True
injected_any,2.0,60.0,65,0,,,,,True
injected,2.0,60.0,66,30,0.395263671875,2.0,8.0,6.0,False
injected,2.0,60.0,66,60,4.76837158203125e-07,4.0,21.0,0.0,True
injected,2.0,60.0,66,120,0.0007448196411132812,4.0,18.0,3.0,True
injected_any,2.0,60.0,66,0,,,,,True
injected,2.0,60.0,67,30,0.395263671875,2.0,8.0,6.0,False
injected,2.0,60.0,67,60,4.398822784423828e-05,3.0,23.0,3.0,True
injected,2.0,60.0,67,120,0.0007448196411132812,3.0,18.0,3.0,True
injected_any,2.0,60.0,67,0,,,,,True
injected,2.0,60.0,68,30,0.395263671875,2.0,8.0,6.0,False
injected,2.0,60.0,68,60,9.715557098388672e-06,3.0,23.0,2.0,True
injected,2.0,60.0,68,120,0.000771939754486084,3.0,20.0,4.0,True
injected_any,2.0,60.0,68,0,,,,,True
injected,2.0,60.0,69,30,0.395263671875,2.0,8.0,6.0,False
injected,2.0,60.0,69,60,4.023313522338867e-07,4.0,25.0,1.0,True
injected,2.0,60.0,69,120,3.3020973205566406e-05,4.0,21.0,2.0,True
injected_any,2.0,60.0,69,0,,,,,True
injected,2.0,60.0,70,30,0.395263671875,2.0,8.0,6.0,False
injected,2.0,60.0,70,60,0.00026676058769226074,3.0,22.0,4.0,True
injected,2.0,60.0,70,120,0.003305375576019287,3.0,19.0,5.0,True
injected_any,2.0,60.0,70,0,,,,,True
injected,2.0,60.0,71,30,0.4018096923828125,2.0,9.0,7.0,False
injected,2.0,60.0,71,60,3.814697265625e-05,4.0,18.0,1.0,True
injected,2.0,60.0,71,120,0.005908966064453125,4.0,16.0,4.0,True
injected_any,2.0,60.0,71,0,,,,,True
injected,2.0,60.0,72,30,0.4018096923828125,2.0,9.0,7.0,False
injected,2.0,60.0,72,60,3.814697265625e-05,3.0,18.0,1.0,True
injected,2.0,60.0,72,120,0.0003643035888671875,3.0,17.0,2.0,True
injected_any,2.0,60.0,72,0,,,,,True
injected,2.0,60.0,73,30,0.395263671875,2.0,8.0,6.0,False
injected,2.0,60.0,73,60,4.023313522338867e-07,4.0,25.0,1.0,True
injected,2.0,60.0,73,120,5.4836273193359375e-06,4.0,21.0,1.0,True
injected_any,2.0,60.0,73,0,,,,,True
injected,2.0,60.0,74,30,0.395263671875,2.0,8.0,6.0,False
injected,2.0,60.0,74,60,1.049041748046875e-05,4.0,20.0,1.0,True
injected,2.0,60.0,74,120,0.0006561279296875,4.0,16.0,2.0,True
injected_any,2.0,60.0,74,0,,,,,True
injected,2.0,60.0,75,30,0.395263671875,2.0,8.0,6.0,False
injected,2.0,60.0,75,60,1.4901161193847656e-06,3.0,23.0,1.0,True
injected,2.0,60.0,75,120,0.00020122528076171875,3.0,18.0,2.0,True
injected_any,2.0,60.0,75,0,,,,,True
injected,2.0,60.0,76,30,0.4018096923828125,2.0,9.0,7.0,False
injected,2.0,60.0,76,60,0.000110626220703125,4.0,19.0,2.0,True
injected,2.0,60.0,76,120,0.002171754837036133,4.0,18.0,4.0,True
injected_any,2.0,60.0,76,0,,,,,True
injected,2.0,60.0,77,30,0.395263671875,2.0,8.0,6.0,False
injected,2.0,60.0,77,60,1.1920928955078125e-07,4.0,23.0,0.0,True
injected,2.0,60.0,77,120,3.814697265625e-06,4.0,18.0,0.0,True
injected_any,2.0,60.0,77,0,,,,,True
injected,2.0,60.0,78,30,0.395263671875,2.0,8.0,6.0,False
injected,2.0,60.0,78,60,7.618218660354614e-06,4.0,26.0,3.0,True
injected,2.0,60.0,78,120,0.000244140625,4.0,20.0,3.0,True
injected_any,2.0,60.0,78,0,,,,,True
injected,2.0,60.0,79,30,0.395263671875,2.0,8.0,6.0,False
injected,2.0,60.0,79,60,4.023313522338867e-07,4.0,25.0,1.0,True
injected,2.0,60.0,79,120,0.0001385807991027832,4.0,21.0,3.0,True
injected_any,2.0,60.0,79,0,,,,,True
injected,2.0,60.0,80,30,0.395263671875,2.0,8.0,6.0,False
injected,2.0,60.0,80,60,5.245208740234375e-06,3.0,24.0,2.0,True
injected,2.0,60.0,80,120,0.000110626220703125,3.0,19.0,2.0,True
injected_any,2.0,60.0,80,0,,,,,True
injected,2.0,60.0,81,30,0.395263671875,2.0,8.0,6.0,False
injected,2.0,60.0,81,60,7.748603820800781e-07,3.0,24.0,1.0,True
injected,2.0,60.0,81,120,6.0558319091796875e-05,3.0,20.0,2.0,True
injected_any,2.0,60.0,81,0,,,,,True
injected,2.0,60.0,82,30,0.4018096923828125,2.0,9.0,7.0,False
injected,2.0,60.0,82,60,0.001299738883972168,3.0,19.0,4.0,True
injected,2.0,60.0,82,120,0.005311012268066406,3.0,18.0,5.0,True
injected_any,2.0,60.0,82,0,,,,,True
injected,2.0,60.0,83,30,0.395263671875,2.0,8.0,6.0,False
injected,2.0,60.0,83,60,1.372024416923523e-05,4.0,25.0,3.0,True
injected,2.0,60.0,83,120,0.0004552602767944336,4.0,21.0,4.0,True
injected_any,2.0,60.0,83,0,,,,,True
injected,2.0,60.0,84,30,0.395263671875,2.0,8.0,6.0,False
injected,2.0,60.0,84,60,4.398822784423828e-05,4.0,23.0,3.0,True
injected,2.0,60.0,84,120,0.004065029323101044,4.0,22.0,7.0,True
injected_any,2.0,60.0,84,0,,,,,True
injected,2.0,60.0,85,30,0.395263671875,2.0,8.0,6.0,False
injected,2.0,60.0,85,60,9.715557098388672e-06,3.0,23.0,2.0,True
injected,2.0,60.0,85,120,0.0001385807991027832,4.0,21.0,3.0,True
injected_any,2.0,60.0,85,0,,,,,True
injected,2.0,60.0,86,30,0.395263671875,2.0,8.0,6.0,False
injected,2.0,60.0,86,60,2.823770046234131e-06,3.0,25.0,2.0,True
injected,2.0,60.0,86,120,0.000244140625,3.0,20.0,3.0,True
injected_any,2.0,60.0,86,0,,,,,True
injected,2.0,60.0,87,30,0.395263671875,2.0,8.0,6.0,False
injected,2.0,60.0,87,60,1.516193151473999e-06,3.0,26.0,2.0,True
injected,2.0,60.0,87,120,4.398822784423828e-05,4.0,23.0,3.0,True
injected_any,2.0,60.0,87,0,,,,,True
injected,2.0,60.0,88,30,0.4018096923828125,2.0,9.0,7.0,False
injected,2.0,60.0,88,60,0.0001385807991027832,3.0,21.0,3.0,True
injected,2.0,60.0,88,120,0.0004277229309082031,4.0,19.0,3.0,True
injected_any,2.0,60.0,88,0,,,,,True
injected,2.0,60.0,89,30,0.395263671875,2.0,8.0,6.0,False
injected,2.0,60.0,89,60,2.823770046234131e-06,3.0,25.0,2.0,True
injected,2.0,60.0,89,120,6.0558319091796875e-05,3.0,20.0,2.0,True
injected_any,2.0,60.0,89,0,,,,,True
injected,2.0,60.0,90,30,0.395263671875,2.0,8.0,6.0,False
injected,2.0,60.0,90,60,1.4901161193847656e-06,3.0,23.0,1.0,True
injected,2.0,60.0,90,120,1.7940998077392578e-05,4.0,22.0,2.0,True
injected_any,2.0,60.0,90,0,,,,,True
injected,2.0,60.0,91,30,0.395263671875,2.0,8.0,6.0,False
injected,2.0,60.0,91,60,5.245208740234375e-06,3.0,24.0,2.0,True
injected,2.0,60.0,91,120,0.000110626220703125,3.0,19.0,2.0,True
injected_any,2.0,60.0,91,0,,,,,True
injected,2.0,60.0,92,30,0.395263671875,2.0,8.0,6.0,False
injected,2.0,60.0,92,60,5.245208740234375e-06,3.0,24.0,2.0,True
injected,2.0,60.0,92,120,0.000244140625,3.0,20.0,3.0,True
injected_any,2.0,60.0,92,0,,,,,True
injected,2.0,60.0,93,30,0.395263671875,2.0,8.0,6.0,False
injected,2.0,60.0,93,60,3.3020973205566406e-05,4.0,21.0,2.0,True
injected,2.0,60.0,93,120,0.0020386576652526855,4.0,20.0,5.0,True
injected_any,2.0,60.0,93,0,,,,,True
injected,2.0,60.0,94,30,0.395263671875,2.0,8.0,6.0,False
injected,2.0,60.0,94,60,4.76837158203125e-07,3.0,21.0,0.0,True
injected,2.0,60.0,94,120,3.814697265625e-05,3.0,18.0,1.0,True
injected_any,2.0,60.0,94,0,,,,,True
injected,2.0,60.0,95,30,0.4018096923828125,2.0,9.0,7.0,False
injected,2.0,60.0,95,60,1.049041748046875e-05,3.0,20.0,1.0,True
injected,2.0,60.0,95,120,0.000110626220703125,3.0,19.0,2.0,True
injected_any,2.0,60.0,95,0,,,,,True
injected,2.0,60.0,96,30,0.395263671875,2.0,8.0,6.0,False
injected,2.0,60.0,96,60,5.245208740234375e-06,4.0,24.0,2.0,True
injected,2.0,60.0,96,120,0.0004277229309082031,4.0,19.0,3.0,True
injected_any,2.0,60.0,96,0,,,,,True
injected,2.0,60.0,97,30,0.395263671875,2.0,8.0,6.0,False
injected,2.0,60.0,97,60,1.049041748046875e-05,4.0,20.0,1.0,True
injected,2.0,60.0,97,120,0.0006561279296875,4.0,16.0,2.0,True
injected_any,2.0,60.0,97,0,,,,,True
injected,2.0,60.0,98,30,0.395263671875,2.0,8.0,6.0,False
injected,2.0,60.0,98,60,1.4901161193847656e-06,4.0,23.0,1.0,True
injected,2.0,60.0,98,120,3.3020973205566406e-05,4.0,21.0,2.0,True
injected_any,2.0,60.0,98,0,,,,,True
injected,2.0,60.0,99,30,0.4018096923828125,2.0,9.0,7.0,False
injected,2.0,60.0,99,60,0.0001385807991027832,3.0,21.0,3.0,True
injected,2.0,60.0,99,120,0.0007448196411132812,3.0,18.0,3.0,True
injected_any,2.0,60.0,99,0,,,,,True
null,0.0,,0,30,0.5,1.0,10.0,9.0,False
null,0.0,,0,60,0.41190147399902344,2.0,11.0,9.0,False
null,0.0,,0,120,0.171875,3.0,7.0,3.0,False
null_any,0.0,,0,0,,,,,False
null,0.0,,1,30,0.3145294189453125,2.0,10.0,7.0,False
null,0.0,,1,60,0.0384063720703125,3.0,12.0,4.0,False
null,0.0,,1,120,0.395263671875,2.0,8.0,6.0,False
null_any,0.0,,1,0,,,,,False
null,0.0,,2,30,0.27062809467315674,3.0,14.0,10.0,False
null,0.0,,2,60,0.5747229903936386,2.0,14.0,14.0,False
null,0.0,,2,120,0.84912109375,0.0,6.0,9.0,False
null_any,0.0,,2,0,,,,,False
null,0.0,,3,30,0.8338470458984375,1.0,7.0,10.0,False
null,0.0,,3,60,0.6854705810546875,1.0,8.0,9.0,False
null,0.0,,3,120,0.91015625,1.0,3.0,6.0,False
null_any,0.0,,3,0,,,,,False
null,0.0,,4,30,0.8568606376647949,1.0,9.0,13.0,False
null,0.0,,4,60,0.9330997467041016,0.0,8.0,14.0,False
null,0.0,,4,120,0.9615936279296875,1.0,5.0,11.0,False
null_any,0.0,,4,0,,,,,False
null,0.0,,5,30,0.2272491455078125,2.0,10.0,6.0,False
null,0.0,,5,60,0.41190147399902344,1.0,11.0,9.0,False
null,0.0,,5,120,0.5,2.0,9.0,8.0,False
null_any,0.0,,5,0,,,,,False
null,0.0,,6,30,0.6761970520019531,2.0,9.0,10.0,False
null,0.0,,6,60,0.7293719053268433,1.0,11.0,13.0,False
null,0.0,,6,120,0.604736328125,2.0,7.0,7.0,False
null_any,0.0,,6,0,,,,,False
null,0.0,,7,30,0.1661529541015625,3.0,11.0,6.0,False
null,0.0,,7,60,0.7293719053268433,0.0,11.0,13.0,False
null,0.0,,7,120,0.91021728515625,1.0,5.0,9.0,False
null_any,0.0,,7,0,,,,,False
null,0.0,,8,30,0.808344841003418,2.0,9.0,12.0,False
null,0.0,,8,60,0.940765380859375,1.0,5.0,10.0,False
null,0.0,,8,120,0.80615234375,1.0,5.0,7.0,False
null_any,0.0,,8,0,,,,,False
null,0.0,,9,30,0.953857421875,0.0,4.0,9.0,False
null,0.0,,9,60,0.940765380859375,1.0,5.0,10.0,False
null,0.0,,9,120,0.376953125,2.0,6.0,4.0,False
null_any,0.0,,9,0,,,,,False
null,0.0,,10,30,0.8684120178222656,1.0,8.0,12.0,False
null,0.0,,10,60,0.7482776641845703,1.0,9.0,11.0,False
null,0.0,,10,120,0.7255859375,0.0,5.0,6.0,False
null_any,0.0,,10,0,,,,,False
null,0.0,,11,30,0.5880985260009766,2.0,10.0,10.0,False
null,0.0,,11,60,0.3238029479980469,2.0,11.0,8.0,False
null,0.0,,11,120,0.70947265625,1.0,6.0,7.0,False
null_any,0.0,,11,0,,,,,False
null,0.0,,12,30,0.2272491455078125,2.0,10.0,6.0,False
null,0.0,,12,60,0.3145294189453125,2.0,10.0,7.0,False
null,0.0,,12,120,0.623046875,1.0,5.0,5.0,False
null_any,0.0,,12,0,,,,,False
null,0.0,,13,30,0.7596588134765625,1.0,8.0,10.0,False
null,0.0,,13,60,0.7482776641845703,1.0,9.0,11.0,False
null,0.0,,13,120,0.171875,3.0,7.0,3.0,False
null_any,0.0,,13,0,,,,,False
null,0.0,,14,30,0.6854705810546875,1.0,8.0,9.0,False
null,0.0,,14,60,0.8684120178222656,1.0,8.0,12.0,False
null,0.0,,14,120,0.91021728515625,0.0,5.0,9.0,False
null_any,0.0,,14,0,,,,,False
null,0.0,,15,30,0.7596588134765625,0.0,8.0,10.0,False
null,0.0,,15,60,0.4159059524536133,2.0,12.0,10.0,False
null,0.0,,15,120,0.808344841003418,1.0,9.0,12.0,False
null_any,0.0,,15,0,,,,,False
null,0.0,,16,30,0.2617335319519043,3.0,13.0,9.0,False
null,0.0,,16,60,0.13158798217773438,3.0,13.0,7.0,False
null,0.0,,16,120,0.11328125,3.0,8.0,3.0,False
null_any,0.0,,16,0,,,,,False
null,0.0,,17,30,0.7596588134765625,1.0,8.0,10.0,False
null,0.0,,17,60,0.6854705810546875,1.0,8.0,9.0,False
null,0.0,,17,120,0.91021728515625,0.0,5.0,9.0,False
null_any,0.0,,17,0,,,,,False
null,0.0,,18,30,0.8949432373046875,1.0,6.0,10.0,False
null,0.0,,18,60,0.8203582763671875,0.0,8.0,11.0,False
null,0.0,,18,120,0.7596588134765625,1.0,8.0,10.0,False
null_any,0.0,,18,0,,,,,False
null,0.0,,19,30,0.6854705810546875,2.0,8.0,9.0,False
null,0.0,,19,60,0.7727508544921875,2.0,7.0,9.0,False
null,0.0,,19,120,0.7734375,0.0,3.0,4.0,False
null_any,0.0,,19,0,,,,,False
null,0.0,,20,30,0.9977874755859375,0.0,4.0,15.0,False
null,0.0,,20,60,0.8462718725204468,0.0,10.0,14.0,False
null,0.0,,20,120,0.5,2.0,9.0,8.0,False
null_any,0.0,,20,0,,,,,False
null,0.0,,21,30,0.5,2.0,10.0,9.0,False
null,0.0,,21,60,0.15087890624999997,3.0,10.0,5.0,False
null,0.0,,21,120,0.1334228515625,2.0,9.0,4.0,False
null_any,0.0,,21,0,,,,,False
null,0.0,,22,30,0.84912109375,1.0,6.0,9.0,False
null,0.0,,22,60,0.6761970520019531,3.0,9.0,10.0,False
null,0.0,,22,120,0.8949432373046875,1.0,6.0,10.0,False
null_any,0.0,,22,0,,,,,False
null,0.0,,23,30,0.395263671875,2.0,8.0,6.0,False
null,0.0,,23,60,0.4999999999999999,2.0,8.0,7.0,False
null,0.0,,23,120,0.38720703125,2.0,7.0,5.0,False
null_any,0.0,,23,0,,,,,False
null,0.0,,24,30,0.3238029479980469,3.0,11.0,8.0,False
null,0.0,,24,60,0.5,1.0,10.0,9.0,False
null,0.0,,24,120,0.9453125,0.0,3.0,7.0,False
null_any,0.0,,24,0,,,,,False
null,0.0,,25,30,0.8338470458984375,1.0,7.0,10.0,False
null,0.0,,25,60,0.8949432373046875,2.0,6.0,10.0,False
null,0.0,,25,120,0.696380615234375,2.0,7.0,8.0,False
null_any,0.0,,25,0,,,,,False
null,0.0,,26,30,0.6681880950927734,1.0,10.0,11.0,False
null,0.0,,26,60,0.5840940475463867,2.0,11.0,11.0,False
null,0.0,,26,120,0.5880985260009766,2.0,10.0,10.0,False
null_any,0.0,,26,0,,,,,False
null,0.0,,27,30,0.7382664680480957,1.0,10.0,12.0,False
null,0.0,,27,60,0.3388197422027588,2.0,13.0,10.0,False
null,0.0,,27,120,0.395263671875,2.0,8.0,6.0,False
null_any,0.0,,27,0,,,,,False
null,0.0,,28,30,0.9793052673339844,0.0,6.0,14.0,False
null,0.0,,28,60,0.84912109375,2.0,6.0,9.0,False
null,0.0,,28,120,0.5,2.0,5.0,4.0,False
null_any,0.0,,28,0,,,,,False
null,0.0,,29,30,0.6854705810546875,1.0,8.0,9.0,False
null,0.0,,29,60,0.8949432373046875,0.0,6.0,10.0,False
null,0.0,,29,120,0.9282684326171875,1.0,6.0,11.0,False
null_any,0.0,,29,0,,,,,False
null,0.0,,30,30,0.604736328125,2.0,7.0,7.0,False
null,0.0,,30,60,0.7293719053268433,0.0,11.0,13.0,False
null,0.0,,30,120,0.78802490234375,0.0,6.0,8.0,False
null_any,0.0,,30,0,,,,,False
null,0.0,,31,30,0.91021728515625,1.0,5.0,9.0,False
null,0.0,,31,60,0.80615234375,2.0,5.0,7.0,False
null,0.0,,31,120,0.0286865234375,3.0,11.0,3.0,False
null_any,0.0,,31,0,,,,,False
null,0.0,,32,30,0.9615936279296875,1.0,5.0,11.0,False
null,0.0,,32,60,0.7596588134765625,2.0,8.0,10.0,False
null,0.0,,32,120,0.940765380859375,0.0,5.0,10.0,False
null_any,0.0,,32,0,,,,,False
null,0.0,,33,30,0.5927352905273438,1.0,9.0,9.0,False
null,0.0,,33,60,0.5,3.0,10.0,9.0,False
null,0.0,,33,120,0.8684120178222656,1.0,8.0,12.0,False
null_any,0.0,,33,0,,,,,False
null,0.0,,34,30,0.1050567626953125,2.0,11.0,5.0,False
null,0.0,,34,60,0.4159059524536133,1.0,12.0,10.0,False
null,0.0,,34,120,0.7727508544921875,1.0,7.0,9.0,False
null_any,0.0,,34,0,,,,,False
null,0.0,,35,30,0.6761970520019531,1.0,9.0,10.0,False
null,0.0,,35,60,0.5,2.0,10.0,9.0,False
null,0.0,,35,120,0.19384765625,2.0,8.0,4.0,False
null_any,0.0,,35,0,,,,,False
null,0.0,,36,30,0.5927352905273438,3.0,9.0,9.0,False
null,0.0,,36,60,0.7727508544921875,1.0,7.0,9.0,False
null,0.0,,36,120,0.70947265625,0.0,6.0,7.0,False
null_any,0.0,,36,0,,,,,False
null,0.0,,37,30,0.696380615234375,1.0,7.0,8.0,False
null,0.0,,37,60,0.9164657592773438,1.0,7.0,12.0,False
null,0.0,,37,120,0.9615936279296875,0.0,5.0,11.0,False
null_any,0.0,,37,0,,,,,False
null,0.0,,38,30,0.38720703125,2.0,7.0,5.0,False
null,0.0,,38,60,0.7596588134765625,1.0,8.0,10.0,False
null,0.0,,38,120,0.7727508544921875,1.0,7.0,9.0,False
null_any,0.0,,38,0,,,,,False
null,0.0,,39,30,0.2272491455078125,2.0,10.0,6.0,False
null,0.0,,39,60,0.05923461914062499,4.0,11.0,4.0,False
null,0.0,,39,120,0.5,2.0,7.0,6.0,False
null_any,0.0,,39,0,,,,,False
null,0.0,,40,30,0.84912109375,1.0,6.0,9.0,False
null,0.0,,40,60,0.9903945922851562,1.0,5.0,14.0,False
null,0.0,,40,120,0.953857421875,1.0,4.0,9.0,False
null_any,0.0,,40,0,,,,,False
null,0.0,,41,30,0.40726470947265625,2.0,10.0,8.0,False
null,0.0,,41,60,0.41190147399902344,2.0,11.0,9.0,False
null,0.0,,41,120,0.7727508544921875,1.0,7.0,9.0,False
null_any,0.0,,41,0,,,,,False
null,0.0,,42,30,0.9423408508300781,0.0,7.0,13.0,False
null,0.0,,42,60,0.982421875,0.0,4.0,11.0,False
null,0.0,,42,120,0.953857421875,0.0,4.0,9.0,False
null_any,0.0,,42,0,,,,,False
null,0.0,,43,30,0.7975635528564453,1.0,10.0,13.0,False
null,0.0,,43,60,0.9855203628540039,1.0,8.0,18.0,False
null,0.0,,43,120,0.9282684326171875,0.0,6.0,11.0,False
null_any,0.0,,43,0,,,,,False
null,0.0,,44,30,0.5840940475463867,2.0,11.0,11.0,False
null,0.0,,44,60,0.8810577392578125,1.0,7.0,11.0,False
null,0.0,,44,120,0.7255859375,1.0,5.0,6.0,False
null_any,0.0,,44,0,,,,,False
null,0.0,,45,30,0.9826551675796509,0.0,7.0,16.0,False
null,0.0,,45,60,0.6611802577972412,1.0,11.0,12.0,False
null,0.0,,45,120,0.5,2.0,7.0,6.0,False
null_any,0.0,,45,0,,,,,False
null,0.0,,46,30,0.2617335319519043,2.0,13.0,9.0,False
null,0.0,,46,60,0.19165515899658203,3.0,13.0,8.0,False
null,0.0,,46,120,0.40726470947265625,2.0,10.0,8.0,False
null_any,0.0,,46,0,,,,,False
null,0.0,,47,30,0.1334228515625,2.0,9.0,4.0,False
null,0.0,,47,60,0.5,2.0,10.0,9.0,False
null,0.0,,47,120,0.5981903076171875,2.0,8.0,8.0,False
null_any,0.0,,47,0,,,,,False
null,0.0,,48,30,0.7382664680480957,1.0,10.0,12.0,False
null,0.0,,48,60,0.9242051839828491,0.0,9.0,15.0,False
null,0.0,,48,120,0.9282684326171875,0.0,6.0,11.0,False
null_any,0.0,,48,0,,,,,False
null,0.0,,49,30,0.0717315673828125,3.0,12.0,5.0,False
null,0.0,,49,60,0.33181190490722656,2.0,12.0,9.0,False
null,0.0,,49,120,0.70947265625,2.0,6.0,7.0,False
null_any,0.0,,49,0,,,,,False
null,0.0,,50,30,0.5880985260009766,1.0,10.0,10.0,False
null,0.0,,50,60,0.8684120178222656,1.0,8.0,12.0,False
null,0.0,,50,120,0.9164657592773438,1.0,7.0,12.0,False
null_any,0.0,,50,0,,,,,False
null,0.0,,51,30,0.34501898288726807,1.0,14.0,11.0,False
null,0.0,,51,60,0.41190147399902344,3.0,11.0,9.0,False
null,0.0,,51,120,0.4999999999999999,2.0,8.0,7.0,False
null_any,0.0,,51,0,,,,,False
null,0.0,,52,30,0.40726470947265625,2.0,10.0,8.0,False
null,0.0,,52,60,0.7482776641845703,1.0,9.0,11.0,False
null,0.0,,52,120,0.4999999999999999,2.0,8.0,7.0,False
null_any,0.0,,52,0,,,,,False
null,0.0,,53,30,0.1796417236328125,3.0,12.0,7.0,False
null,0.0,,53,60,0.5805901288986206,2.0,12.0,12.0,False
null,0.0,,53,120,0.604736328125,1.0,7.0,7.0,False
null_any,0.0,,53,0,,,,,False
null,0.0,,54,30,0.9423408508300781,1.0,7.0,13.0,False
null,0.0,,54,60,0.7214014530181885,1.0,12.0,14.0,False
null,0.0,,54,120,0.5981903076171875,2.0,8.0,8.0,False
null_any,0.0,,54,0,,,,,False
null,0.0,,55,30,0.4018096923828125,3.0,9.0,7.0,False
null,0.0,,55,60,0.7382664680480957,2.0,10.0,12.0,False
null,0.0,,55,120,0.9164657592773438,1.0,7.0,12.0,False
null_any,0.0,,55,0,,,,,False
null,0.0,,56,30,0.7382664680480957,2.0,10.0,12.0,False
null,0.0,,56,60,0.5,2.0,12.0,11.0,False
null,0.0,,56,120,0.5981903076171875,2.0,8.0,8.0,False
null_any,0.0,,56,0,,,,,False
null,0.0,,57,30,0.8949432373046875,1.0,6.0,10.0,False
null,0.0,,57,60,0.808344841003418,2.0,9.0,12.0,False
null,0.0,,57,120,0.40726470947265625,2.0,10.0,8.0,False
null_any,0.0,,57,0,,,,,False
null,0.0,,58,30,0.30361938476562494,3.0,9.0,6.0,False
null,0.0,,58,60,0.696380615234375,2.0,7.0,8.0,False
null,0.0,,58,120,0.8338470458984375,2.0,7.0,10.0,False
null_any,0.0,,58,0,,,,,False
null,0.0,,59,30,0.3388197422027588,2.0,13.0,10.0,False
null,0.0,,59,60,0.5880985260009766,1.0,10.0,10.0,False
null,0.0,,59,120,0.604736328125,2.0,7.0,7.0,False
null_any,0.0,,59,0,,,,,False
null,0.0,,60,30,0.15087890624999997,2.0,10.0,5.0,False
null,0.0,,60,60,0.2403411865234375,3.0,11.0,7.0,False
null,0.0,,60,120,0.8665771484375,1.0,5.0,8.0,False
null_any,0.0,,60,0,,,,,False
null,0.0,,61,30,0.2617335319519043,2.0,13.0,9.0,False
null,0.0,,61,60,0.6761970520019531,1.0,9.0,10.0,False
null,0.0,,61,120,0.70947265625,1.0,6.0,7.0,False
null_any,0.0,,61,0,,,,,False
null,0.0,,62,30,0.048126220703125,3.0,13.0,5.0,False
null,0.0,,62,60,0.05923461914062499,3.0,11.0,4.0,False
null,0.0,,62,120,0.395263671875,2.0,8.0,6.0,False
null_any,0.0,,62,0,,,,,False
null,0.0,,63,30,0.7482776641845703,1.0,9.0,11.0,False
null,0.0,,63,60,0.8810577392578125,1.0,7.0,11.0,False
null,0.0,,63,120,0.98876953125,0.0,3.0,10.0,False
null_any,0.0,,63,0,,,,,False
null,0.0,,64,30,0.1189422607421875,4.0,12.0,6.0,False
null,0.0,,64,60,0.3145294189453125,2.0,10.0,7.0,False
null,0.0,,64,120,0.5,2.0,7.0,6.0,False
null_any,0.0,,64,0,,,,,False
null,0.0,,65,30,0.5880985260009766,2.0,10.0,10.0,False
null,0.0,,65,60,0.5,1.0,12.0,11.0,False
null,0.0,,65,120,0.9977874755859375,0.0,4.0,15.0,False
null_any,0.0,,65,0,,,,,False
null,0.0,,66,30,0.072998046875,3.0,9.0,3.0,False
null,0.0,,66,60,0.1796417236328125,2.0,12.0,7.0,False
null,0.0,,66,120,0.30361938476562494,3.0,9.0,6.0,False
null_any,0.0,,66,0,,,,,False
null,0.0,,67,30,0.5,2.0,9.0,8.0,False
null,0.0,,67,60,0.2403411865234375,2.0,11.0,7.0,False
null,0.0,,67,120,0.40726470947265625,1.0,10.0,8.0,False
null_any,0.0,,67,0,,,,,False
null,0.0,,68,30,0.9680426716804504,0.0,8.0,16.0,False
null,0.0,,68,60,0.8275357745587826,1.0,12.0,16.0,False
null,0.0,,68,120,0.696380615234375,1.0,7.0,8.0,False
null_any,0.0,,68,0,,,,,False
null,0.0,,69,30,0.29052734375,3.0,8.0,5.0,False
null,0.0,,69,60,0.048126220703125,3.0,13.0,5.0,False
null,0.0,,69,120,0.5,2.0,9.0,8.0,False
null_any,0.0,,69,0,,,,,False
null,0.0,,70,30,0.8338470458984375,1.0,7.0,10.0,False
null,0.0,,70,60,0.08353424072265625,3.0,13.0,6.0,False
null,0.0,,70,120,0.08353424072265625,3.0,13.0,6.0,False
null_any,0.0,,70,0,,,,,False
null,0.0,,71,30,0.7727508544921875,1.0,7.0,9.0,False
null,0.0,,71,60,0.9615936279296875,1.0,5.0,11.0,False
null,0.0,,71,120,0.63671875,2.0,4.0,4.0,False
null_any,0.0,,71,0,,,,,False
null,0.0,,72,30,0.9977874755859375,0.0,4.0,15.0,False
null,0.0,,72,60,0.9999275207519531,0.0,2.0,16.0,False
null,0.0,,72,120,0.940765380859375,1.0,5.0,10.0,False
null_any,0.0,,72,0,,,,,False
null,0.0,,73,30,0.9282684326171875,0.0,6.0,11.0,False
null,0.0,,73,60,0.7596588134765625,1.0,8.0,10.0,False
null,0.0,,73,120,0.951873779296875,1.0,6.0,12.0,False
null_any,0.0,,73,0,,,,,False
null,0.0,,74,30,0.1796417236328125,2.0,12.0,7.0,False
null,0.0,,74,60,0.33181190490722656,2.0,12.0,9.0,False
null,0.0,,74,120,0.3388197422027588,2.0,13.0,10.0,False
null_any,0.0,,74,0,,,,,False
null,0.0,,75,30,0.6611802577972412,2.0,11.0,12.0,False
null,0.0,,75,60,0.4159059524536133,1.0,12.0,10.0,False
null,0.0,,75,120,0.7727508544921875,1.0,7.0,9.0,False
null_any,0.0,,75,0,,,,,False
null,0.0,,76,30,0.940765380859375,0.0,5.0,10.0,False
null,0.0,,76,60,0.5,1.0,10.0,9.0,False
null,0.0,,76,120,0.3238029479980469,2.0,11.0,8.0,False
null_any,0.0,,76,0,,,,,False
null,0.0,,77,30,0.2517223358154297,2.0,12.0,8.0,False
null,0.0,,77,60,0.33181190490722656,2.0,12.0,9.0,False
null,0.0,,77,120,0.696380615234375,2.0,7.0,8.0,False
null_any,0.0,,77,0,,,,,False
null,0.0,,78,30,0.9423408508300781,0.0,7.0,13.0,False
null,0.0,,78,60,0.9793052673339844,0.0,6.0,14.0,False
null,0.0,,78,120,0.9962310791015625,0.0,4.0,14.0,False
null_any,0.0,,78,0,,,,,False
null,0.0,,79,30,0.5880985260009766,1.0,10.0,10.0,False
null,0.0,,79,60,0.7293719053268433,2.0,11.0,13.0,False
null,0.0,,79,120,0.7727508544921875,1.0,7.0,9.0,False
null_any,0.0,,79,0,,,,,False
null,0.0,,80,30,0.7482776641845703,1.0,9.0,11.0,False
null,0.0,,80,60,0.7482776641845703,1.0,9.0,11.0,False
null,0.0,,80,120,0.5,2.0,6.0,5.0,False
null_any,0.0,,80,0,,,,,False
null,0.0,,81,30,0.9893646240234375,0.0,4.0,12.0,False
null,0.0,,81,60,0.7727508544921875,1.0,7.0,9.0,False
null,0.0,,81,120,0.78802490234375,1.0,6.0,8.0,False
null_any,0.0,,81,0,,,,,False
null,0.0,,82,30,0.7482776641845703,1.0,9.0,11.0,False
null,0.0,,82,60,0.5805901288986206,1.0,12.0,12.0,False
null,0.0,,82,120,0.808344841003418,1.0,9.0,12.0,False
null_any,0.0,,82,0,,,,,False
null,0.0,,83,30,0.9680426716804504,0.0,8.0,16.0,False
null,0.0,,83,60,0.9737606048583984,0.0,7.0,15.0,False
null,0.0,,83,120,0.70947265625,1.0,6.0,7.0,False
null_any,0.0,,83,0,,,,,False
null,0.0,,84,30,0.9423408508300781,0.0,7.0,13.0,False
null,0.0,,84,60,0.9783573746681213,1.0,8.0,17.0,False
null,0.0,,84,120,0.7255859375,1.0,5.0,6.0,False
null_any,0.0,,84,0,,,,,False
null,0.0,,85,30,0.808344841003418,1.0,9.0,12.0,False
null,0.0,,85,60,0.8949801921844482,1.0,9.0,14.0,False
null,0.0,,85,120,0.5981903076171875,3.0,8.0,8.0,False
null_any,0.0,,85,0,,,,,False
null,0.0,,86,30,0.2517223358154297,3.0,12.0,8.0,False
null,0.0,,86,60,0.5,2.0,10.0,9.0,False
null,0.0,,86,120,0.70947265625,1.0,6.0,7.0,False
null_any,0.0,,86,0,,,,,False
null,0.0,,87,30,0.98876953125,1.0,3.0,10.0,False
null,0.0,,87,60,0.940765380859375,0.0,5.0,10.0,False
null,0.0,,87,120,0.6761970520019531,2.0,9.0,10.0,False
null_any,0.0,,87,0,,,,,False
null,0.0,,88,30,0.5,1.0,10.0,9.0,False
null,0.0,,88,60,0.15087890624999997,1.0,10.0,5.0,False
null,0.0,,88,120,0.072998046875,4.0,9.0,3.0,False
null_any,0.0,,88,0,,,,,False
null,0.0,,89,30,0.5840940475463867,1.0,11.0,11.0,False
null,0.0,,89,60,0.5805901288986206,2.0,12.0,12.0,False
null,0.0,,89,120,0.4999999999999999,2.0,8.0,7.0,False
null_any,0.0,,89,0,,,,,False
null,0.0,,90,30,0.5927352905273438,1.0,9.0,9.0,False
null,0.0,,90,60,0.3145294189453125,2.0,10.0,7.0,False
null,0.0,,90,120,0.828125,0.0,4.0,6.0,False
null_any,0.0,,90,0,,,,,False
null,0.0,,91,30,0.2403411865234375,1.0,11.0,7.0,False
null,0.0,,91,60,0.4194098711013794,2.0,13.0,11.0,False
null,0.0,,91,120,0.3145294189453125,2.0,10.0,7.0,False
null_any,0.0,,91,0,,,,,False
null,0.0,,92,30,0.9053764343261719,1.0,8.0,13.0,False
null,0.0,,92,60,0.9330997467041016,1.0,8.0,14.0,False
null,0.0,,92,120,0.91021728515625,1.0,5.0,9.0,False
null_any,0.0,,92,0,,,,,False
null,0.0,,93,30,0.5805901288986206,1.0,12.0,12.0,False
null,0.0,,93,60,0.6549810171127319,1.0,12.0,13.0,False
null,0.0,,93,120,0.5981903076171875,2.0,8.0,8.0,False
null_any,0.0,,93,0,,,,,False
null,0.0,,94,30,0.3238029479980469,3.0,11.0,8.0,False
null,0.0,,94,60,0.3145294189453125,2.0,10.0,7.0,False
null,0.0,,94,120,0.8338470458984375,1.0,7.0,10.0,False
null_any,0.0,,94,0,,,,,False
null,0.0,,95,30,0.6761970520019531,1.0,9.0,10.0,False
null,0.0,,95,60,0.7596588134765625,2.0,8.0,10.0,False
null,0.0,,95,120,0.7482776641845703,2.0,9.0,11.0,False
null_any,0.0,,95,0,,,,,False
null,0.0,,96,30,0.5,2.0,11.0,10.0,False
null,0.0,,96,60,0.395263671875,2.0,8.0,6.0,False
null,0.0,,96,120,0.65625,0.0,3.0,3.0,False
null_any,0.0,,96,0,,,,,False
null,0.0,,97,30,0.7482776641845703,1.0,9.0,11.0,False
null,0.0,,97,60,0.4159059524536133,3.0,12.0,10.0,False
null,0.0,,97,120,0.395263671875,2.0,8.0,6.0,False
null_any,0.0,,97,0,,,,,False
null,0.0,,98,30,0.5,1.0,11.0,10.0,False
null,0.0,,98,60,0.2517223358154297,2.0,12.0,8.0,False
null,0.0,,98,120,0.30361938476562494,2.0,9.0,6.0,False
null_any,0.0,,98,0,,,,,False
null,0.0,,99,30,0.2403411865234375,3.0,11.0,7.0,False
null,0.0,,99,60,0.34501898288726807,2.0,14.0,11.0,False
null,0.0,,99,120,0.3388197422027588,1.0,13.0,10.0,False
null_any,0.0,,99,0,,,,,False
null,0.0,,100,30,0.0717315673828125,4.0,12.0,5.0,False
null,0.0,,100,60,0.5805901288986206,2.0,12.0,12.0,False
null,0.0,,100,120,0.8338470458984375,1.0,7.0,10.0,False
null_any,0.0,,100,0,,,,,False
null,0.0,,101,30,0.808344841003418,1.0,9.0,12.0,False
null,0.0,,101,60,0.7482776641845703,2.0,9.0,11.0,False
null,0.0,,101,120,0.91021728515625,1.0,5.0,9.0,False
null_any,0.0,,101,0,,,,,False
null,0.0,,102,30,0.5,1.0,12.0,11.0,False
null,0.0,,102,60,0.6494459807872772,2.0,13.0,14.0,False
null,0.0,,102,120,0.13158798217773438,2.0,13.0,7.0,False
null_any,0.0,,102,0,,,,,False
null,0.0,,103,30,0.5,2.0,7.0,6.0,False
null,0.0,,103,60,0.2617335319519043,3.0,13.0,9.0,False
null,0.0,,103,120,0.15087890624999997,4.0,10.0,5.0,False
null_any,0.0,,103,0,,,,,False
null,0.0,,104,30,0.11476147174835205,2.0,16.0,9.0,False
null,0.0,,104,60,0.5,1.0,13.0,12.0,False
null,0.0,,104,120,0.3145294189453125,2.0,10.0,7.0,False
null_any,0.0,,104,0,,,,,False
null,0.0,,105,30,0.9713134765625,0.0,4.0,10.0,False
null,0.0,,105,60,0.7975635528564453,1.0,10.0,13.0,False
null,0.0,,105,120,0.5981903076171875,1.0,8.0,8.0,False
null_any,0.0,,105,0,,,,,False
null,0.0,,106,30,0.29052734375,2.0,8.0,5.0,False
null,0.0,,106,60,0.9164657592773438,1.0,7.0,12.0,False
null,0.0,,106,120,0.9164657592773438,1.0,7.0,12.0,False
null_any,0.0,,106,0,,,,,False
null,0.0,,107,30,0.9979095458984375,0.0,3.0,13.0,False
null,0.0,,107,60,0.9608230590820312,0.0,7.0,14.0,False
null,0.0,,107,120,0.9893646240234375,0.0,4.0,12.0,False
null_any,0.0,,107,0,,,,,False
null,0.0,,108,30,0.5981903076171875,2.0,8.0,8.0,False
null,0.0,,108,60,0.4999999999999999,1.0,8.0,7.0,False
null,0.0,,108,120,0.5,1.0,5.0,4.0,False
null_any,0.0,,108,0,,,,,False
null,0.0,,109,30,0.5840940475463867,1.0,11.0,11.0,False
null,0.0,,109,60,0.5927352905273438,1.0,9.0,9.0,False
null,0.0,,109,120,0.5,1.0,6.0,5.0,False
null_any,0.0,,109,0,,,,,False
null,0.0,,110,30,0.7596588134765625,1.0,8.0,10.0,False
null,0.0,,110,60,0.9423408508300781,1.0,7.0,13.0,False
null,0.0,,110,120,0.8665771484375,1.0,5.0,8.0,False
null_any,0.0,,110,0,,,,,False
null,0.0,,111,30,0.9940910339355469,1.0,5.0,15.0,False
null,0.0,,111,60,0.9979095458984375,0.0,3.0,13.0,False
null,0.0,,111,120,0.980712890625,1.0,3.0,9.0,False
null_any,0.0,,111,0,,,,,False
null,0.0,,112,30,0.7596588134765625,1.0,8.0,10.0,False
null,0.0,,112,60,0.4159059524536133,2.0,12.0,10.0,False
null,0.0,,112,120,0.5,3.0,10.0,9.0,False
null_any,0.0,,112,0,,,,,False
null,0.0,,113,30,0.2024364471435547,2.0,14.0,9.0,False
null,0.0,,113,60,0.13158798217773438,3.0,13.0,7.0,False
null,0.0,,113,120,0.3145294189453125,2.0,10.0,7.0,False
null_any,0.0,,113,0,,,,,False
null,0.0,,114,30,0.7596588134765625,1.0,8.0,10.0,False
null,0.0,,114,60,0.982421875,1.0,4.0,11.0,False
null,0.0,,114,120,0.98876953125,0.0,3.0,10.0,False
null_any,0.0,,114,0,,,,,False
null,0.0,,115,30,0.14313936233520508,3.0,14.0,8.0,False
null,0.0,,115,60,0.0717315673828125,4.0,12.0,5.0,False
null,0.0,,115,120,0.29052734375,2.0,8.0,5.0,False
null_any,0.0,,115,0,,,,,False
null,0.0,,116,30,0.940765380859375,1.0,5.0,10.0,False
null,0.0,,116,60,0.9423408508300781,1.0,7.0,13.0,False
null,0.0,,116,120,0.70947265625,0.0,6.0,7.0,False
null_any,0.0,,116,0,,,,,False
null,0.0,,117,30,0.6761970520019531,3.0,9.0,10.0,False
null,0.0,,117,60,0.5,3.0,9.0,8.0,False
null,0.0,,117,120,0.2744140625,3.0,7.0,4.0,False
null_any,0.0,,117,0,,,,,False
null,0.0,,118,30,0.4159059524536133,2.0,12.0,10.0,False
null,0.0,,118,60,0.33181190490722656,2.0,12.0,9.0,False
null,0.0,,118,120,0.046142578125,4.0,10.0,3.0,False
null_any,0.0,,118,0,,,,,False
null,0.0,,119,30,0.9615936279296875,0.0,5.0,11.0,False
null,0.0,,119,60,0.5981903076171875,1.0,8.0,8.0,False
null,0.0,,119,120,0.9282684326171875,1.0,6.0,11.0,False
null_any,0.0,,119,0,,,,,False
null,0.0,,120,30,0.9682159423828125,1.0,6.0,13.0,False
null,0.0,,120,60,0.9754791259765625,0.0,5.0,12.0,False
null,0.0,,120,120,0.9282684326171875,1.0,6.0,11.0,False
null_any,0.0,,120,0,,,,,False
null,0.0,,121,30,0.057659149169921875,4.0,14.0,6.0,False
null,0.0,,121,60,0.1796417236328125,3.0,12.0,7.0,False
null,0.0,,121,120,0.1050567626953125,4.0,11.0,5.0,False
null_any,0.0,,121,0,,,,,False
null,0.0,,122,30,0.171875,3.0,7.0,3.0,False
null,0.0,,122,60,0.017578125,4.0,12.0,3.0,False
null,0.0,,122,120,0.29052734375,2.0,8.0,5.0,False
null_any,0.0,,122,0,,,,,False
null,0.0,,123,30,0.953857421875,0.0,4.0,9.0,False
null,0.0,,123,60,0.3145294189453125,2.0,10.0,7.0,False
null,0.0,,123,120,0.5,2.0,9.0,8.0,False
null_any,0.0,,123,0,,,,,False
null,0.0,,124,30,0.4018096923828125,3.0,9.0,7.0,False
null,0.0,,124,60,0.7382664680480957,2.0,10.0,12.0,False
null,0.0,,124,120,0.9164657592773438,1.0,7.0,12.0,False
null_any,0.0,,124,0,,,,,False
null,0.0,,125,30,0.6549810171127319,1.0,12.0,13.0,False
null,0.0,,125,60,0.13158798217773438,2.0,13.0,7.0,False
null,0.0,,125,120,0.1050567626953125,3.0,11.0,5.0,False
null_any,0.0,,125,0,,,,,False
null,0.0,,126,30,0.9978282451629639,0.0,5.0,17.0,False
null,0.0,,126,60,0.9886720776557922,0.0,7.0,17.0,False
null,0.0,,126,120,0.8338470458984375,2.0,7.0,10.0,False
null_any,0.0,,126,0,,,,,False
null,0.0,,127,30,0.3238029479980469,3.0,11.0,8.0,False
null,0.0,,127,60,0.19165515899658203,2.0,13.0,8.0,False
null,0.0,,127,120,0.4018096923828125,2.0,9.0,7.0,False
null_any,0.0,,127,0,,,,,False
null,0.0,,128,30,0.808344841003418,1.0,9.0,12.0,False
null,0.0,,128,60,0.8810577392578125,1.0,7.0,11.0,False
null,0.0,,128,120,0.604736328125,1.0,7.0,7.0,False
null_any,0.0,,128,0,,,,,False
null,0.0,,129,30,0.940765380859375,1.0,5.0,10.0,False
null,0.0,,129,60,0.9164657592773438,0.0,7.0,12.0,False
null,0.0,,129,120,0.940765380859375,0.0,5.0,10.0,False
null_any,0.0,,129,0,,,,,False
null,0.0,,130,30,0.70947265625,0.0,6.0,7.0,False
null,0.0,,130,60,0.5927352905273438,1.0,9.0,9.0,False
null,0.0,,130,120,0.927001953125,1.0,4.0,8.0,False
null_any,0.0,,130,0,,,,,False
null,0.0,,131,30,0.7727508544921875,1.0,7.0,9.0,False
null,0.0,,131,60,0.5,3.0,10.0,9.0,False
null,0.0,,131,120,0.15087890624999997,2.0,10.0,5.0,False
null_any,0.0,,131,0,,,,,False
null,0.0,,132,30,0.19165515899658203,2.0,13.0,8.0,False
null,0.0,,132,60,0.5,2.0,11.0,10.0,False
null,0.0,,132,120,0.696380615234375,1.0,7.0,8.0,False
null_any,0.0,,132,0,,,,,False
null,0.0,,133,30,0.696380615234375,1.0,7.0,8.0,False
null,0.0,,133,60,0.5981903076171875,0.0,8.0,8.0,False
null,0.0,,133,120,0.7727508544921875,2.0,7.0,9.0,False
null_any,0.0,,133,0,,,,,False
null,0.0,,134,30,0.8203582763671875,2.0,8.0,11.0,False
null,0.0,,134,60,0.8684120178222656,1.0,8.0,12.0,False
null,0.0,,134,120,0.5981903076171875,1.0,8.0,8.0,False
null_any,0.0,,134,0,,,,,False
null,0.0,,135,30,0.4018096923828125,2.0,9.0,7.0,False
null,0.0,,135,60,0.40726470947265625,2.0,10.0,8.0,False
null,0.0,,135,120,0.15087890624999997,3.0,10.0,5.0,False
null_any,0.0,,135,0,,,,,False
null,0.0,,136,30,0.2024364471435547,2.0,14.0,9.0,False
null,0.0,,136,60,0.7214014530181885,1.0,12.0,14.0,False
null,0.0,,136,120,0.4999999999999999,2.0,8.0,7.0,False
null_any,0.0,,136,0,,,,,False
null,0.0,,137,30,0.19165515899658203,4.0,13.0,8.0,False
null,0.0,,137,60,0.1796417236328125,4.0,12.0,7.0,False
null,0.0,,137,120,0.1334228515625,3.0,9.0,4.0,False
null_any,0.0,,137,0,,,,,False
null,0.0,,138,30,0.7727508544921875,1.0,7.0,9.0,False
null,0.0,,138,60,0.6611802577972412,2.0,11.0,12.0,False
null,0.0,,138,120,0.7727508544921875,1.0,7.0,9.0,False
null_any,0.0,,138,0,,,,,False
null,0.0,,139,30,0.40726470947265625,2.0,10.0,8.0,False
null,0.0,,139,60,0.8203582763671875,2.0,8.0,11.0,False
null,0.0,,139,120,0.9164657592773438,1.0,7.0,12.0,False
null_any,0.0,,139,0,,,,,False
null,0.0,,140,30,0.5,2.0,11.0,10.0,False
null,0.0,,140,60,0.5981903076171875,2.0,8.0,8.0,False
null,0.0,,140,120,0.376953125,2.0,6.0,4.0,False
null_any,0.0,,140,0,,,,,False
null,0.0,,141,30,0.9953223466873169,1.0,7.0,19.0,False
null,0.0,,141,60,0.7975635528564453,1.0,10.0,13.0,False
null,0.0,,141,120,0.9608230590820312,1.0,7.0,14.0,False
null_any,0.0,,141,0,,,,,False
null,0.0,,142,30,0.951873779296875,1.0,6.0,12.0,False
null,0.0,,142,60,0.696380615234375,1.0,7.0,8.0,False
null,0.0,,142,120,0.08984375,3.0,7.0,2.0,False
null_any,0.0,,142,0,,,,,False
null,0.0,,143,30,0.2517223358154297,2.0,12.0,8.0,False
null,0.0,,143,60,0.4159059524536133,2.0,12.0,10.0,False
null,0.0,,143,120,0.2272491455078125,1.0,10.0,6.0,False
null_any,0.0,,143,0,,,,,False
null,0.0,,144,30,0.1796417236328125,2.0,12.0,7.0,False
null,0.0,,144,60,0.5880985260009766,2.0,10.0,10.0,False
null,0.0,,144,120,0.376953125,2.0,6.0,4.0,False
null_any,0.0,,144,0,,,,,False
null,0.0,,145,30,0.5927352905273438,2.0,9.0,9.0,False
null,0.0,,145,60,0.7975635528564453,1.0,10.0,13.0,False
null,0.0,,145,120,0.9164657592773438,1.0,7.0,12.0,False
null_any,0.0,,145,0,,,,,False
null,0.0,,146,30,0.29052734375,2.0,8.0,5.0,False
null,0.0,,146,60,0.5880985260009766,1.0,10.0,10.0,False
null,0.0,,146,120,0.5,1.0,5.0,4.0,False
null_any,0.0,,146,0,,,,,False
null,0.0,,147,30,0.072998046875,2.0,9.0,3.0,False
null,0.0,,147,60,0.0717315673828125,2.0,12.0,5.0,False
null,0.0,,147,120,0.7596588134765625,1.0,8.0,10.0,False
null_any,0.0,,147,0,,,,,False
null,0.0,,148,30,0.2272491455078125,3.0,10.0,6.0,False
null,0.0,,148,60,0.7482776641845703,0.0,9.0,11.0,False
null,0.0,,148,120,0.61279296875,1.0,6.0,6.0,False
null_any,0.0,,148,0,,,,,False
null,0.0,,149,30,0.8338470458984375,1.0,7.0,10.0,False
null,0.0,,149,60,0.27062809467315674,2.0,14.0,10.0,False
null,0.0,,149,120,0.4018096923828125,1.0,9.0,7.0,False
null_any,0.0,,149,0,,,,,False
null,0.0,,150,30,0.9893646240234375,0.0,4.0,12.0,False
null,0.0,,150,60,0.7727508544921875,1.0,7.0,9.0,False
null,0.0,,150,120,0.78802490234375,1.0,6.0,8.0,False
null_any,0.0,,150,0,,,,,False
null,0.0,,151,30,0.2517223358154297,2.0,12.0,8.0,False
null,0.0,,151,60,0.5,1.0,9.0,8.0,False
null,0.0,,151,120,0.4999999999999999,2.0,8.0,7.0,False
null_any,0.0,,151,0,,,,,False
null,0.0,,152,30,0.34501898288726807,1.0,14.0,11.0,False
null,0.0,,152,60,0.7975635528564453,1.0,10.0,13.0,False
null,0.0,,152,120,0.84912109375,1.0,6.0,9.0,False
null_any,0.0,,152,0,,,,,False
null,0.0,,153,30,0.40726470947265625,2.0,10.0,8.0,False
null,0.0,,153,60,0.05923461914062499,3.0,11.0,4.0,False
null,0.0,,153,120,0.376953125,2.0,6.0,4.0,False
null_any,0.0,,153,0,,,,,False
null,0.0,,154,30,0.2403411865234375,2.0,11.0,7.0,False
null,0.0,,154,60,0.08431877195835114,3.0,17.0,9.0,False
null,0.0,,154,120,0.15087890624999997,3.0,10.0,5.0,False
null_any,0.0,,154,0,,,,,False
null,0.0,,155,30,0.1796417236328125,3.0,12.0,7.0,False
null,0.0,,155,60,0.19165515899658203,2.0,13.0,8.0,False
null,0.0,,155,120,0.2024364471435547,3.0,14.0,9.0,False
null_any,0.0,,155,0,,,,,False
null,0.0,,156,30,0.8810577392578125,0.0,7.0,11.0,False
null,0.0,,156,60,0.84912109375,1.0,6.0,9.0,False
null,0.0,,156,120,0.5,2.0,5.0,4.0,False
null_any,0.0,,156,0,,,,,False
null,0.0,,157,30,0.9615936279296875,0.0,5.0,11.0,False
null,0.0,,157,60,0.9682159423828125,0.0,6.0,13.0,False
null,0.0,,157,120,0.9282684326171875,0.0,6.0,11.0,False
null_any,0.0,,157,0,,,,,False
null,0.0,,158,30,0.3238029479980469,3.0,11.0,8.0,False
null,0.0,,158,60,0.3145294189453125,2.0,10.0,7.0,False
null,0.0,,158,120,0.8338470458984375,1.0,7.0,10.0,False
null_any,0.0,,158,0,,,,,False
null,0.0,,159,30,0.7482776641845703,1.0,9.0,11.0,False
null,0.0,,159,60,0.7727508544921875,1.0,7.0,9.0,False
null,0.0,,159,120,0.84912109375,0.0,6.0,9.0,False
null_any,0.0,,159,0,,,,,False
null,0.0,,160,30,0.6681880950927734,3.0,10.0,11.0,False
null,0.0,,160,60,0.6681880950927734,1.0,10.0,11.0,False
null,0.0,,160,120,0.9282684326171875,0.0,6.0,11.0,False
null_any,0.0,,160,0,,,,,False
null,0.0,,161,30,0.808344841003418,2.0,9.0,12.0,False
null,0.0,,161,60,0.3238029479980469,3.0,11.0,8.0,False
null,0.0,,161,120,0.96484375,0.0,2.0,6.0,False
null_any,0.0,,161,0,,,,,False
null,0.0,,162,30,0.8203582763671875,1.0,8.0,11.0,False
null,0.0,,162,60,0.7596588134765625,1.0,8.0,10.0,False
null,0.0,,162,120,0.940765380859375,1.0,5.0,10.0,False
null_any,0.0,,162,0,,,,,False
null,0.0,,163,30,0.5,2.0,7.0,6.0,False
null,0.0,,163,60,0.4159059524536133,2.0,12.0,10.0,False
null,0.0,,163,120,0.927001953125,1.0,4.0,8.0,False
null_any,0.0,,163,0,,,,,False
null,0.0,,164,30,0.982421875,0.0,4.0,11.0,False
null,0.0,,164,60,0.9282684326171875,1.0,6.0,11.0,False
null,0.0,,164,120,0.5981903076171875,2.0,8.0,8.0,False
null_any,0.0,,164,0,,,,,False
null,0.0,,165,30,0.30361938476562494,3.0,9.0,6.0,False
null,0.0,,165,60,0.1661529541015625,3.0,11.0,6.0,False
null,0.0,,165,120,0.61279296875,3.0,6.0,6.0,False
null_any,0.0,,165,0,,,,,False
null,0.0,,166,30,0.3388197422027588,3.0,13.0,10.0,False
null,0.0,,166,60,0.6761970520019531,2.0,9.0,10.0,False
null,0.0,,166,120,0.61279296875,1.0,6.0,6.0,False
null_any,0.0,,166,0,,,,,False
null,0.0,,167,30,0.98455810546875,1.0,5.0,13.0,False
null,0.0,,167,60,0.9754791259765625,0.0,5.0,12.0,False
null,0.0,,167,120,0.9615936279296875,0.0,5.0,11.0,False
null_any,0.0,,167,0,,,,,False
null,0.0,,168,30,0.9423408508300781,0.0,7.0,13.0,False
null,0.0,,168,60,0.8338470458984375,1.0,7.0,10.0,False
null,0.0,,168,120,0.88671875,0.0,4.0,7.0,False
null_any,0.0,,168,0,,,,,False
null,0.0,,169,30,0.06690025329589844,3.0,15.0,7.0,False
null,0.0,,169,60,0.3388197422027588,3.0,13.0,10.0,False
null,0.0,,169,120,0.6854705810546875,2.0,8.0,9.0,False
null_any,0.0,,169,0,,,,,False
null,0.0,,170,30,0.2403411865234375,2.0,11.0,7.0,False
null,0.0,,170,60,0.1189422607421875,2.0,12.0,6.0,False
null,0.0,,170,120,0.395263671875,2.0,8.0,6.0,False
null_any,0.0,,170,0,,,,,False
null,0.0,,171,30,0.7482776641845703,1.0,9.0,11.0,False
null,0.0,,171,60,0.9903945922851562,0.0,5.0,14.0,False
null,0.0,,171,120,0.96728515625,0.0,3.0,8.0,False
null_any,0.0,,171,0,,,,,False
null,0.0,,172,30,0.980712890625,0.0,3.0,9.0,False
null,0.0,,172,60,0.84912109375,0.0,6.0,9.0,False
null,0.0,,172,120,0.828125,0.0,4.0,6.0,False
null_any,0.0,,172,0,,,,,False
null,0.0,,173,30,0.78802490234375,1.0,6.0,8.0,False
null,0.0,,173,60,0.8462718725204468,0.0,10.0,14.0,False
null,0.0,,173,120,0.4999999999999999,2.0,8.0,7.0,False
null_any,0.0,,173,0,,,,,False
null,0.0,,174,30,0.33181190490722656,2.0,12.0,9.0,False
null,0.0,,174,60,0.41190147399902344,1.0,11.0,9.0,False
null,0.0,,174,120,0.9997406005859375,0.0,2.0,14.0,False
null_any,0.0,,174,0,,,,,False
null,0.0,,175,30,0.2617335319519043,2.0,13.0,9.0,False
null,0.0,,175,60,0.19165515899658203,3.0,13.0,8.0,False
null,0.0,,175,120,0.40726470947265625,2.0,10.0,8.0,False
null_any,0.0,,175,0,,,,,False
null,0.0,,176,30,0.2024364471435547,3.0,14.0,9.0,False
null,0.0,,176,60,0.19165515899658203,2.0,13.0,8.0,False
null,0.0,,176,120,0.29052734375,3.0,8.0,5.0,False
null_any,0.0,,176,0,,,,,False
null,0.0,,177,30,0.6761970520019531,2.0,9.0,10.0,False
null,0.0,,177,60,0.9053764343261719,0.0,8.0,13.0,False
null,0.0,,177,120,0.953857421875,1.0,4.0,9.0,False
null_any,0.0,,177,0,,,,,False
null,0.0,,178,30,0.9713134765625,0.0,4.0,10.0,False
null,0.0,,178,60,0.7596588134765625,2.0,8.0,10.0,False
null,0.0,,178,120,0.696380615234375,2.0,7.0,8.0,False
null_any,0.0,,178,0,,,,,False
null,0.0,,179,30,0.8684120178222656,1.0,8.0,12.0,False
null,0.0,,179,60,0.9053764343261719,0.0,8.0,13.0,False
null,0.0,,179,120,0.996307373046875,0.0,3.0,12.0,False
null_any,0.0,,179,0,,,,,False
null,0.0,,180,30,0.9282684326171875,2.0,6.0,11.0,False
null,0.0,,180,60,0.7482776641845703,1.0,9.0,11.0,False
null,0.0,,180,120,0.6854705810546875,2.0,8.0,9.0,False
null_any,0.0,,180,0,,,,,False
null,0.0,,181,30,0.5927352905273438,2.0,9.0,9.0,False
null,0.0,,181,60,0.1796417236328125,1.0,12.0,7.0,False
null,0.0,,181,120,0.0286865234375,2.0,11.0,3.0,False
null_any,0.0,,181,0,,,,,False
null,0.0,,182,30,0.4999999999999999,2.0,8.0,7.0,False
null,0.0,,182,60,0.41190147399902344,2.0,11.0,9.0,False
null,0.0,,182,120,0.395263671875,1.0,8.0,6.0,False
null_any,0.0,,182,0,,,,,False
null,0.0,,183,30,0.4999999999999999,2.0,8.0,7.0,False
null,0.0,,183,60,0.6681880950927734,1.0,10.0,11.0,False
null,0.0,,183,120,0.5,1.0,7.0,6.0,False
null_any,0.0,,183,0,,,,,False
null,0.0,,184,30,0.996401309967041,0.0,5.0,16.0,False
null,0.0,,184,60,0.9608230590820312,0.0,7.0,14.0,False
null,0.0,,184,120,0.91021728515625,0.0,5.0,9.0,False
null_any,0.0,,184,0,,,,,False
null,0.0,,185,30,0.5880985260009766,2.0,10.0,10.0,False
null,0.0,,185,60,0.7975635528564453,1.0,10.0,13.0,False
null,0.0,,185,120,0.70947265625,1.0,6.0,7.0,False
null_any,0.0,,185,0,,,,,False
null,0.0,,186,30,0.6854705810546875,2.0,8.0,9.0,False
null,0.0,,186,60,0.2403411865234375,2.0,11.0,7.0,False
null,0.0,,186,120,0.40726470947265625,2.0,10.0,8.0,False
null_any,0.0,,186,0,,,,,False
null,0.0,,187,30,0.1661529541015625,3.0,11.0,6.0,False
null,0.0,,187,60,0.15087890624999997,3.0,10.0,5.0,False
null,0.0,,187,120,0.3145294189453125,3.0,10.0,7.0,False
null_any,0.0,,187,0,,,,,False
null,0.0,,188,30,0.0717315673828125,3.0,12.0,5.0,False
null,0.0,,188,60,0.3145294189453125,3.0,10.0,7.0,False
null,0.0,,188,120,0.25390625,1.0,6.0,3.0,False
null_any,0.0,,188,0,,,,,False
null,0.0,,189,30,0.29052734375,2.0,8.0,5.0,False
null,0.0,,189,60,0.4999999999999999,2.0,8.0,7.0,False
null,0.0,,189,120,0.88671875,0.0,4.0,7.0,False
null_any,0.0,,189,0,,,,,False
null,0.0,,190,30,0.30361938476562494,2.0,9.0,6.0,False
null,0.0,,190,60,0.5927352905273438,1.0,9.0,9.0,False
null,0.0,,190,120,0.41190147399902344,2.0,11.0,9.0,False
null_any,0.0,,190,0,,,,,False
null,0.0,,191,30,0.8568606376647949,1.0,9.0,13.0,False
null,0.0,,191,60,0.9156812280416489,1.0,10.0,16.0,False
null,0.0,,191,120,0.9282684326171875,1.0,6.0,11.0,False
null_any,0.0,,191,0,,,,,False
null,0.0,,192,30,0.34501898288726807,1.0,14.0,11.0,False
null,0.0,,192,60,0.5840940475463867,1.0,11.0,11.0,False
null,0.0,,192,120,0.4018096923828125,2.0,9.0,7.0,False
null_any,0.0,,192,0,,,,,False
null,0.0,,193,30,0.5,2.0,10.0,9.0,False
null,0.0,,193,60,0.3505540192127228,3.0,15.0,12.0,False
null,0.0,,193,120,0.9793052673339844,0.0,6.0,14.0,False
null_any,0.0,,193,0,,,,,False
null,0.0,,194,30,0.8810577392578125,1.0,7.0,11.0,False
null,0.0,,194,60,0.8203582763671875,2.0,8.0,11.0,False
null,0.0,,194,120,0.98455810546875,0.0,5.0,13.0,False
null_any,0.0,,194,0,,,,,False
null,0.0,,195,30,0.40726470947265625,2.0,10.0,8.0,False
null,0.0,,195,60,0.5,2.0,12.0,11.0,False
null,0.0,,195,120,0.604736328125,1.0,7.0,7.0,False
null_any,0.0,,195,0,,,,,False
null,0.0,,196,30,0.6761970520019531,1.0,9.0,10.0,False
null,0.0,,196,60,0.7789658308029175,2.0,12.0,15.0,False
null,0.0,,196,120,0.5981903076171875,1.0,8.0,8.0,False
null_any,0.0,,196,0,,,,,False
null,0.0,,197,30,0.7596588134765625,1.0,8.0,10.0,False
null,0.0,,197,60,0.7789658308029175,1.0,12.0,15.0,False
null,0.0,,197,120,0.9608230590820312,0.0,7.0,14.0,False
null_any,0.0,,197,0,,,,,False
null,0.0,,198,30,0.5,1.0,13.0,12.0,False
null,0.0,,198,60,0.4159059524536133,2.0,12.0,10.0,False
null,0.0,,198,120,0.2403411865234375,3.0,11.0,7.0,False
null_any,0.0,,198,0,,,,,False
null,0.0,,199,30,0.3145294189453125,2.0,10.0,7.0,False
null,0.0,,199,60,0.5,1.0,12.0,11.0,False
null,0.0,,199,120,0.6681880950927734,1.0,10.0,11.0,False
null_any,0.0,,199,0,,,,,False
null,0.0,,200,30,0.8338470458984375,2.0,7.0,10.0,False
null,0.0,,200,60,0.808344841003418,1.0,9.0,12.0,False
null,0.0,,200,120,0.38720703125,2.0,7.0,5.0,False
null_any,0.0,,200,0,,,,,False
null,0.0,,201,30,0.8665771484375,1.0,5.0,8.0,False
null,0.0,,201,60,0.1796417236328125,3.0,12.0,7.0,False
null,0.0,,201,120,0.15087890624999997,3.0,10.0,5.0,False
null_any,0.0,,201,0,,,,,False
null,0.0,,202,30,0.5981903076171875,2.0,8.0,8.0,False
null,0.0,,202,60,0.9330997467041016,0.0,8.0,14.0,False
null,0.0,,202,120,0.96728515625,0.0,3.0,8.0,False
null_any,0.0,,202,0,,,,,False
null,0.0,,203,30,0.5927352905273438,3.0,9.0,9.0,False
null,0.0,,203,60,0.8949432373046875,1.0,6.0,10.0,False
null,0.0,,203,120,0.8949432373046875,0.0,6.0,10.0,False
null_any,0.0,,203,0,,,,,False
null,0.0,,204,30,0.0245208740234375,3.0,13.0,4.0,False
null,0.0,,204,60,0.30361938476562494,2.0,9.0,6.0,False
null,0.0,,204,120,0.2272491455078125,2.0,10.0,6.0,False
null_any,0.0,,204,0,,,,,False
null,0.0,,205,30,0.940765380859375,1.0,5.0,10.0,False
null,0.0,,205,60,0.1189422607421875,3.0,12.0,6.0,False
null,0.0,,205,120,0.21197509765625,2.0,9.0,5.0,False
null_any,0.0,,205,0,,,,,False
null,0.0,,206,30,0.78802490234375,1.0,6.0,8.0,False
null,0.0,,206,60,0.40726470947265625,2.0,10.0,8.0,False
null,0.0,,206,120,0.91015625,1.0,3.0,6.0,False
null_any,0.0,,206,0,,,,,False
null,0.0,,207,30,0.9977874755859375,0.0,4.0,15.0,False
null,0.0,,207,60,0.9793052673339844,0.0,6.0,14.0,False
null,0.0,,207,120,0.84912109375,0.0,6.0,9.0,False
null_any,0.0,,207,0,,,,,False
null,0.0,,208,30,0.6854705810546875,2.0,8.0,9.0,False
null,0.0,,208,60,0.21197509765625,3.0,9.0,5.0,False
null,0.0,,208,120,0.29052734375,2.0,8.0,5.0,False
null_any,0.0,,208,0,,,,,False
null,0.0,,209,30,0.808344841003418,1.0,9.0,12.0,False
null,0.0,,209,60,0.4999999999999999,1.0,8.0,7.0,False
null,0.0,,209,120,0.5981903076171875,3.0,8.0,8.0,False
null_any,0.0,,209,0,,,,,False
null,0.0,,210,30,0.7293719053268433,1.0,11.0,13.0,False
null,0.0,,210,60,0.8568606376647949,1.0,9.0,13.0,False
null,0.0,,210,120,0.84912109375,0.0,6.0,9.0,False
null_any,0.0,,210,0,,,,,False
null,0.0,,211,30,0.1796417236328125,2.0,12.0,7.0,False
null,0.0,,211,60,0.10501980781555176,3.0,15.0,8.0,False
null,0.0,,211,120,0.1189422607421875,4.0,12.0,6.0,False
null_any,0.0,,211,0,,,,,False
null,0.0,,212,30,0.9423408508300781,1.0,7.0,13.0,False
null,0.0,,212,60,0.9915497303009033,1.0,6.0,16.0,False
null,0.0,,212,120,0.84912109375,1.0,6.0,9.0,False
null_any,0.0,,212,0,,,,,False
null,0.0,,213,30,0.9987002611160278,0.0,5.0,18.0,False
null,0.0,,213,60,0.9680426716804504,0.0,8.0,16.0,False
null,0.0,,213,120,0.951873779296875,0.0,6.0,12.0,False
null_any,0.0,,213,0,,,,,False
null,0.0,,214,30,0.5,3.0,11.0,10.0,False
null,0.0,,214,60,0.9053764343261719,1.0,8.0,13.0,False
null,0.0,,214,120,0.6681880950927734,1.0,10.0,11.0,False
null_any,0.0,,214,0,,,,,False
null,0.0,,215,30,0.6761970520019531,2.0,9.0,10.0,False
null,0.0,,215,60,0.4018096923828125,2.0,9.0,7.0,False
null,0.0,,215,120,0.15087890624999997,3.0,10.0,5.0,False
null_any,0.0,,215,0,,,,,False
null,0.0,,216,30,0.3145294189453125,3.0,10.0,7.0,False
null,0.0,,216,60,0.15372812747955322,3.0,15.0,9.0,False
null,0.0,,216,120,0.0384063720703125,2.0,12.0,4.0,False
null_any,0.0,,216,0,,,,,False
null,0.0,,217,30,0.9423408508300781,0.0,7.0,13.0,False
null,0.0,,217,60,0.8338470458984375,1.0,7.0,10.0,False
null,0.0,,217,120,0.88671875,0.0,4.0,7.0,False
null_any,0.0,,217,0,,,,,False
null,0.0,,218,30,0.6761970520019531,2.0,9.0,10.0,False
null,0.0,,218,60,0.5,2.0,10.0,9.0,False
null,0.0,,218,120,0.30361938476562494,3.0,9.0,6.0,False
null_any,0.0,,218,0,,,,,False
null,0.0,,219,30,0.1661529541015625,2.0,11.0,6.0,False
null,0.0,,219,60,0.1796417236328125,3.0,12.0,7.0,False
null,0.0,,219,120,0.15087890624999997,3.0,10.0,5.0,False
null_any,0.0,,219,0,,,,,False
null,0.0,,220,30,0.6761970520019531,2.0,9.0,10.0,False
null,0.0,,220,60,0.787821888923645,1.0,11.0,14.0,False
null,0.0,,220,120,0.9682159423828125,0.0,6.0,13.0,False
null_any,0.0,,220,0,,,,,False
null,0.0,,221,30,0.0106353759765625,4.0,13.0,3.0,True
null,0.0,,221,60,0.026239395141601562,4.0,16.0,6.0,False
null,0.0,,221,120,0.0717315673828125,4.0,12.0,5.0,False
null_any,0.0,,221,0,,,,,True
null,0.0,,222,30,0.4194098711013794,2.0,13.0,11.0,False
null,0.0,,222,60,0.41190147399902344,2.0,11.0,9.0,False
null,0.0,,222,120,0.2517223358154297,2.0,12.0,8.0,False
null_any,0.0,,222,0,,,,,False
null,0.0,,223,30,0.3145294189453125,2.0,10.0,7.0,False
null,0.0,,223,60,0.6761970520019531,2.0,9.0,10.0,False
null,0.0,,223,120,0.5,2.0,9.0,8.0,False
null_any,0.0,,223,0,,,,,False
null,0.0,,224,30,0.5880985260009766,1.0,10.0,10.0,False
null,0.0,,224,60,0.7975635528564453,1.0,10.0,13.0,False
null,0.0,,224,120,0.84912109375,1.0,6.0,9.0,False
null_any,0.0,,224,0,,,,,False
null,0.0,,225,30,0.7727508544921875,0.0,7.0,9.0,False
null,0.0,,225,60,0.696380615234375,1.0,7.0,8.0,False
null,0.0,,225,120,0.8949432373046875,1.0,6.0,10.0,False
null_any,0.0,,225,0,,,,,False
null,0.0,,226,30,0.5927352905273438,1.0,9.0,9.0,False
null,0.0,,226,60,0.95343017578125,0.0,8.0,15.0,False
null,0.0,,226,120,0.5927352905273438,1.0,9.0,9.0,False
null_any,0.0,,226,0,,,,,False
null,0.0,,227,30,0.7482776641845703,1.0,9.0,11.0,False
null,0.0,,227,60,0.951873779296875,1.0,6.0,12.0,False
null,0.0,,227,120,0.927001953125,0.0,4.0,8.0,False
null_any,0.0,,227,0,,,,,False
null,0.0,,228,30,0.6854705810546875,1.0,8.0,9.0,False
null,0.0,,228,60,0.7596588134765625,1.0,8.0,10.0,False
null,0.0,,228,120,0.29052734375,2.0,8.0,5.0,False
null_any,0.0,,228,0,,,,,False
null,0.0,,229,30,0.940765380859375,0.0,5.0,10.0,False
null,0.0,,229,60,0.91021728515625,1.0,5.0,9.0,False
null,0.0,,229,120,0.8338470458984375,1.0,7.0,10.0,False
null_any,0.0,,229,0,,,,,False
null,0.0,,230,30,0.3238029479980469,2.0,11.0,8.0,False
null,0.0,,230,60,0.8203582763671875,1.0,8.0,11.0,False
null,0.0,,230,120,0.9935302734375,0.0,3.0,11.0,False
null_any,0.0,,230,0,,,,,False
null,0.0,,231,30,0.6761970520019531,2.0,9.0,10.0,False
null,0.0,,231,60,0.41190147399902344,2.0,11.0,9.0,False
null,0.0,,231,120,0.70947265625,1.0,6.0,7.0,False
null_any,0.0,,231,0,,,,,False
null,0.0,,232,30,0.5981903076171875,3.0,8.0,8.0,False
null,0.0,,232,60,0.6549810171127319,1.0,12.0,13.0,False
null,0.0,,232,120,0.9793052673339844,0.0,6.0,14.0,False
null_any,0.0,,232,0,,,,,False
null,0.0,,233,30,0.8568606376647949,1.0,9.0,13.0,False
null,0.0,,233,60,0.9793052673339844,1.0,6.0,14.0,False
null,0.0,,233,120,0.9754791259765625,1.0,5.0,12.0,False
null_any,0.0,,233,0,,,,,False
null,0.0,,234,30,0.8203582763671875,1.0,8.0,11.0,False
null,0.0,,234,60,0.9682159423828125,1.0,6.0,13.0,False
null,0.0,,234,120,0.9979095458984375,0.0,3.0,13.0,False
null_any,0.0,,234,0,,,,,False
null,0.0,,235,30,0.1050567626953125,3.0,11.0,5.0,False
null,0.0,,235,60,0.5,2.0,11.0,10.0,False
null,0.0,,235,120,0.3145294189453125,2.0,10.0,7.0,False
null_any,0.0,,235,0,,,,,False
null,0.0,,236,30,0.808344841003418,2.0,9.0,12.0,False
null,0.0,,236,60,0.3238029479980469,3.0,11.0,8.0,False
null,0.0,,236,120,0.96484375,0.0,2.0,6.0,False
null_any,0.0,,236,0,,,,,False
null,0.0,,237,30,0.41190147399902344,3.0,11.0,9.0,False
null,0.0,,237,60,0.6761970520019531,2.0,9.0,10.0,False
null,0.0,,237,120,0.6854705810546875,2.0,8.0,9.0,False
null_any,0.0,,237,0,,,,,False
null,0.0,,238,30,0.8338470458984375,1.0,7.0,10.0,False
null,0.0,,238,60,0.7596588134765625,1.0,8.0,10.0,False
null,0.0,,238,120,0.8949432373046875,1.0,6.0,10.0,False
null_any,0.0,,238,0,,,,,False
null,0.0,,239,30,0.7596588134765625,1.0,8.0,10.0,False
null,0.0,,239,60,0.5880985260009766,1.0,10.0,10.0,False
null,0.0,,239,120,0.2744140625,2.0,7.0,4.0,False
null_any,0.0,,239,0,,,,,False
null,0.0,,240,30,0.9903945922851562,0.0,5.0,14.0,False
null,0.0,,240,60,0.95343017578125,0.0,8.0,15.0,False
null,0.0,,240,120,0.7727508544921875,1.0,7.0,9.0,False
null_any,0.0,,240,0,,,,,False
null,0.0,,241,30,0.5981903076171875,2.0,8.0,8.0,False
null,0.0,,241,60,0.5927352905273438,2.0,9.0,9.0,False
null,0.0,,241,120,0.61279296875,1.0,6.0,6.0,False
null_any,0.0,,241,0,,,,,False
null,0.0,,242,30,0.4018096923828125,2.0,9.0,7.0,False
null,0.0,,242,60,0.1189422607421875,2.0,12.0,6.0,False
null,0.0,,242,120,0.171875,2.0,7.0,3.0,False
null_any,0.0,,242,0,,,,,False
null,0.0,,243,30,0.5,2.0,7.0,6.0,False
null,0.0,,243,60,0.8810577392578125,1.0,7.0,11.0,False
null,0.0,,243,120,0.696380615234375,1.0,7.0,8.0,False
null_any,0.0,,243,0,,,,,False
null,0.0,,244,30,0.7596588134765625,1.0,8.0,10.0,False
null,0.0,,244,60,0.8684120178222656,1.0,8.0,12.0,False
null,0.0,,244,120,0.70947265625,1.0,6.0,7.0,False
null_any,0.0,,244,0,,,,,False
null,0.0,,245,30,0.048126220703125,3.0,13.0,5.0,False
null,0.0,,245,60,0.19165515899658203,3.0,13.0,8.0,False
null,0.0,,245,120,0.61279296875,2.0,6.0,6.0,False
null_any,0.0,,245,0,,,,,False
null,0.0,,246,30,0.5,2.0,10.0,9.0,False
null,0.0,,246,60,0.3505540192127228,3.0,15.0,12.0,False
null,0.0,,246,120,0.9793052673339844,0.0,6.0,14.0,False
null_any,0.0,,246,0,,,,,False
null,0.0,,247,30,0.7727508544921875,2.0,7.0,9.0,False
null,0.0,,247,60,0.5880985260009766,2.0,10.0,10.0,False
null,0.0,,247,120,0.951873779296875,0.0,6.0,12.0,False
null_any,0.0,,247,0,,,,,False
null,0.0,,248,30,0.1661529541015625,3.0,11.0,6.0,False
null,0.0,,248,60,0.005311012268066406,3.0,18.0,5.0,True
null,0.0,,248,120,0.38720703125,2.0,7.0,5.0,False
null_any,0.0,,248,0,,,,,True
null,0.0,,249,30,0.40726470947265625,3.0,10.0,8.0,False
null,0.0,,249,60,0.604736328125,2.0,7.0,7.0,False
null,0.0,,249,120,0.08978271484375,3.0,10.0,4.0,False
null_any,0.0,,249,0,,,,,False
null,0.0,,250,30,0.40726470947265625,2.0,10.0,8.0,False
null,0.0,,250,60,0.7727508544921875,1.0,7.0,9.0,False
null,0.0,,250,120,0.7734375,1.0,3.0,4.0,False
null_any,0.0,,250,0,,,,,False
null,0.0,,251,30,0.7382664680480957,0.0,10.0,12.0,False
null,0.0,,251,60,0.6761970520019531,1.0,9.0,10.0,False
null,0.0,,251,120,0.6681880950927734,2.0,10.0,11.0,False
null_any,0.0,,251,0,,,,,False
null,0.0,,252,30,0.7382664680480957,0.0,10.0,12.0,False
null,0.0,,252,60,0.42250949144363403,2.0,14.0,12.0,False
null,0.0,,252,120,0.2617335319519043,2.0,13.0,9.0,False
null_any,0.0,,252,0,,,,,False
null,0.0,,253,30,0.40726470947265625,1.0,10.0,8.0,False
null,0.0,,253,60,0.8684120178222656,1.0,8.0,12.0,False
null,0.0,,253,120,0.38720703125,2.0,7.0,5.0,False
null_any,0.0,,253,0,,,,,False
null,0.0,,254,30,0.34501898288726807,1.0,14.0,11.0,False
null,0.0,,254,60,0.41190147399902344,3.0,11.0,9.0,False
null,0.0,,254,120,0.4999999999999999,2.0,8.0,7.0,False
null_any,0.0,,254,0,,,,,False
null,0.0,,255,30,0.2517223358154297,3.0,12.0,8.0,False
null,0.0,,255,60,0.395263671875,2.0,8.0,6.0,False
null,0.0,,255,120,0.940765380859375,1.0,5.0,10.0,False
null_any,0.0,,255,0,,,,,False
null,0.0,,256,30,0.08978271484375,4.0,10.0,4.0,False
null,0.0,,256,60,0.08978271484375,3.0,10.0,4.0,False
null,0.0,,256,120,0.7255859375,1.0,5.0,6.0,False
null_any,0.0,,256,0,,,,,False
null,0.0,,257,30,0.8949801921844482,0.0,9.0,14.0,False
null,0.0,,257,60,0.42250949144363403,2.0,14.0,12.0,False
null,0.0,,257,120,0.604736328125,1.0,7.0,7.0,False
null_any,0.0,,257,0,,,,,False
null,0.0,,258,30,0.5981903076171875,2.0,8.0,8.0,False
null,0.0,,258,60,0.5,2.0,7.0,6.0,False
null,0.0,,258,120,0.01123046875,4.0,11.0,2.0,True
null_any,0.0,,258,0,,,,,True
null,0.0,,259,30,0.808344841003418,1.0,9.0,12.0,False
null,0.0,,259,60,0.8810577392578125,1.0,7.0,11.0,False
null,0.0,,259,120,0.604736328125,1.0,7.0,7.0,False
null_any,0.0,,259,0,,,,,False
null,0.0,,260,30,0.99951171875,0.0,1.0,10.0,False
null,0.0,,260,60,0.9988250732421875,0.0,3.0,14.0,False
null,0.0,,260,120,0.7727508544921875,1.0,7.0,9.0,False
null_any,0.0,,260,0,,,,,False
null,0.0,,261,30,0.9903945922851562,0.0,5.0,14.0,False
null,0.0,,261,60,0.9793052673339844,0.0,6.0,14.0,False
null,0.0,,261,120,0.9164657592773438,0.0,7.0,12.0,False
null_any,0.0,,261,0,,,,,False
null,0.0,,262,30,0.2617335319519043,3.0,13.0,9.0,False
null,0.0,,262,60,0.04656982421875,3.0,16.0,7.0,False
null,0.0,,262,120,0.30361938476562494,2.0,9.0,6.0,False
null_any,0.0,,262,0,,,,,False
null,0.0,,263,30,0.80615234375,1.0,5.0,7.0,False
null,0.0,,263,60,0.3145294189453125,3.0,10.0,7.0,False
null,0.0,,263,120,0.019287109375,3.0,10.0,2.0,False
null_any,0.0,,263,0,,,,,False
null,0.0,,264,30,0.3145294189453125,2.0,10.0,7.0,False
null,0.0,,264,60,0.2517223358154297,3.0,12.0,8.0,False
null,0.0,,264,120,0.29052734375,3.0,8.0,5.0,False
null_any,0.0,,264,0,,,,,False
null,0.0,,265,30,0.9282684326171875,2.0,6.0,11.0,False
null,0.0,,265,60,0.7482776641845703,1.0,9.0,11.0,False
null,0.0,,265,120,0.6854705810546875,2.0,8.0,9.0,False
null_any,0.0,,265,0,,,,,False
null,0.0,,266,30,0.9940910339355469,0.0,5.0,15.0,False
null,0.0,,266,60,0.98455810546875,0.0,5.0,13.0,False
null,0.0,,266,120,0.927001953125,0.0,4.0,8.0,False
null_any,0.0,,266,0,,,,,False
null,0.0,,267,30,0.78802490234375,1.0,6.0,8.0,False
null,0.0,,267,60,0.1334228515625,3.0,9.0,4.0,False
null,0.0,,267,120,0.29052734375,3.0,8.0,5.0,False
null_any,0.0,,267,0,,,,,False
null,0.0,,268,30,0.40726470947265625,1.0,10.0,8.0,False
null,0.0,,268,60,0.5805901288986206,1.0,12.0,12.0,False
null,0.0,,268,120,0.8665771484375,1.0,5.0,8.0,False
null_any,0.0,,268,0,,,,,False
null,0.0,,269,30,0.4999999999999999,3.0,8.0,7.0,False
null,0.0,,269,60,0.9164657592773438,0.0,7.0,12.0,False
null,0.0,,269,120,0.21197509765625,3.0,9.0,5.0,False
null_any,0.0,,269,0,,,,,False
null,0.0,,270,30,0.9680426716804504,1.0,8.0,16.0,False
null,0.0,,270,60,0.4159059524536133,2.0,12.0,10.0,False
null,0.0,,270,120,0.604736328125,2.0,7.0,7.0,False
null_any,0.0,,270,0,,,,,False
null,0.0,,271,30,0.7293719053268433,2.0,11.0,13.0,False
null,0.0,,271,60,0.885238528251648,1.0,10.0,15.0,False
null,0.0,,271,120,0.9615936279296875,0.0,5.0,11.0,False
null_any,0.0,,271,0,,,,,False
null,0.0,,272,30,0.9053764343261719,2.0,8.0,13.0,False
null,0.0,,272,60,0.9682159423828125,0.0,6.0,13.0,False
null,0.0,,272,120,0.8338470458984375,1.0,7.0,10.0,False
null_any,0.0,,272,0,,,,,False
null,0.0,,273,30,0.2617335319519043,3.0,13.0,9.0,False
null,0.0,,273,60,0.04656982421875,3.0,16.0,7.0,False
null,0.0,,273,120,0.30361938476562494,2.0,9.0,6.0,False
null_any,0.0,,273,0,,,,,False
null,0.0,,274,30,0.951873779296875,1.0,6.0,12.0,False
null,0.0,,274,60,0.8684120178222656,1.0,8.0,12.0,False
null,0.0,,274,120,0.953857421875,1.0,4.0,9.0,False
null_any,0.0,,274,0,,,,,False
null,0.0,,275,30,0.8684120178222656,1.0,8.0,12.0,False
null,0.0,,275,60,0.8810577392578125,1.0,7.0,11.0,False
null,0.0,,275,120,0.80615234375,0.0,5.0,7.0,False
null_any,0.0,,275,0,,,,,False
null,0.0,,276,30,0.78802490234375,1.0,6.0,8.0,False
null,0.0,,276,60,0.2403411865234375,2.0,11.0,7.0,False
null,0.0,,276,120,0.1661529541015625,3.0,11.0,6.0,False
null_any,0.0,,276,0,,,,,False
null,0.0,,277,30,0.16346979141235352,3.0,16.0,10.0,False
null,0.0,,277,60,0.08431877195835114,3.0,17.0,9.0,False
null,0.0,,277,120,0.604736328125,2.0,7.0,7.0,False
null_any,0.0,,277,0,,,,,False
null,0.0,,278,30,0.6854705810546875,2.0,8.0,9.0,False
null,0.0,,278,60,0.4159059524536133,3.0,12.0,10.0,False
null,0.0,,278,120,0.7727508544921875,1.0,7.0,9.0,False
null_any,0.0,,278,0,,,,,False
null,0.0,,279,30,0.7727508544921875,1.0,7.0,9.0,False
null,0.0,,279,60,0.5880985260009766,2.0,10.0,10.0,False
null,0.0,,279,120,0.6854705810546875,1.0,8.0,9.0,False
null_any,0.0,,279,0,,,,,False
null,0.0,,280,30,0.9680426716804504,0.0,8.0,16.0,False
null,0.0,,280,60,0.5805901288986206,2.0,12.0,12.0,False
null,0.0,,280,120,0.84912109375,1.0,6.0,9.0,False
null_any,0.0,,280,0,,,,,False
null,0.0,,281,30,0.3238029479980469,2.0,11.0,8.0,False
null,0.0,,281,60,0.5981903076171875,2.0,8.0,8.0,False
null,0.0,,281,120,0.63671875,1.0,4.0,4.0,False
null_any,0.0,,281,0,,,,,False
null,0.0,,282,30,0.1050567626953125,3.0,11.0,5.0,False
null,0.0,,282,60,0.171875,2.0,7.0,3.0,False
null,0.0,,282,120,0.5,1.0,7.0,6.0,False
null_any,0.0,,282,0,,,,,False
null,0.0,,283,30,0.2272491455078125,1.0,10.0,6.0,False
null,0.0,,283,60,0.8462718725204468,1.0,10.0,14.0,False
null,0.0,,283,120,0.21197509765625,2.0,9.0,5.0,False
null_any,0.0,,283,0,,,,,False
null,0.0,,284,30,0.7382664680480957,0.0,10.0,12.0,False
null,0.0,,284,60,0.6761970520019531,1.0,9.0,10.0,False
null,0.0,,284,120,0.6681880950927734,2.0,10.0,11.0,False
null_any,0.0,,284,0,,,,,False
null,0.0,,285,30,0.7975635528564453,1.0,10.0,13.0,False
null,0.0,,285,60,0.6761970520019531,1.0,9.0,10.0,False
null,0.0,,285,120,0.2517223358154297,3.0,12.0,8.0,False
null_any,0.0,,285,0,,,,,False
null,0.0,,286,30,0.1661529541015625,3.0,11.0,6.0,False
null,0.0,,286,60,0.1796417236328125,3.0,12.0,7.0,False
null,0.0,,286,120,0.38720703125,2.0,7.0,5.0,False
null_any,0.0,,286,0,,,,,False
null,0.0,,287,30,0.7596588134765625,1.0,8.0,10.0,False
null,0.0,,287,60,0.9826551675796509,0.0,7.0,16.0,False
null,0.0,,287,120,0.982421875,0.0,4.0,11.0,False
null_any,0.0,,287,0,,,,,False
null,0.0,,288,30,0.2403411865234375,2.0,11.0,7.0,False
null,0.0,,288,60,0.5840940475463867,2.0,11.0,11.0,False
null,0.0,,288,120,0.4018096923828125,2.0,9.0,7.0,False
null_any,0.0,,288,0,,,,,False
null,0.0,,289,30,0.5880985260009766,2.0,10.0,10.0,False
null,0.0,,289,60,0.5840940475463867,2.0,11.0,11.0,False
null,0.0,,289,120,0.4999999999999999,1.0,8.0,7.0,False
null_any,0.0,,289,0,,,,,False
null,0.0,,290,30,0.5981903076171875,1.0,8.0,8.0,False
null,0.0,,290,60,0.8810577392578125,0.0,7.0,11.0,False
null,0.0,,290,120,0.4999999999999999,2.0,8.0,7.0,False
null_any,0.0,,290,0,,,,,False
null,0.0,,291,30,0.9615936279296875,1.0,5.0,11.0,False
null,0.0,,291,60,0.5927352905273438,2.0,9.0,9.0,False
null,0.0,,291,120,0.9453125,1.0,3.0,7.0,False
null_any,0.0,,291,0,,,,,False
null,0.0,,292,30,0.91021728515625,0.0,5.0,9.0,False
null,0.0,,292,60,0.7727508544921875,1.0,7.0,9.0,False
null,0.0,,292,120,0.5,1.0,9.0,8.0,False
null_any,0.0,,292,0,,,,,False
null,0.0,,293,30,0.41190147399902344,2.0,11.0,9.0,False
null,0.0,,293,60,0.5927352905273438,1.0,9.0,9.0,False
null,0.0,,293,120,0.604736328125,3.0,7.0,7.0,False
null_any,0.0,,293,0,,,,,False
null,0.0,,294,30,0.8684120178222656,1.0,8.0,12.0,False
null,0.0,,294,60,0.41190147399902344,3.0,11.0,9.0,False
null,0.0,,294,120,0.696380615234375,0.0,7.0,8.0,False
null_any,0.0,,294,0,,,,,False
null,0.0,,295,30,0.8810577392578125,1.0,7.0,11.0,False
null,0.0,,295,60,0.98876953125,0.0,3.0,10.0,False
null,0.0,,295,120,0.7727508544921875,2.0,7.0,9.0,False
null_any,0.0,,295,0,,,,,False
null,0.0,,296,30,0.10501980781555176,3.0,15.0,8.0,False
null,0.0,,296,60,0.003305375576019287,4.0,19.0,5.0,True
null,0.0,,296,120,0.29052734375,2.0,8.0,5.0,False
null_any,0.0,,296,0,,,,,True
null,0.0,,297,30,0.4018096923828125,3.0,9.0,7.0,False
null,0.0,,297,60,0.30361938476562494,3.0,9.0,6.0,False
null,0.0,,297,120,0.0286865234375,3.0,11.0,3.0,False
null_any,0.0,,297,0,,,,,False
null,0.0,,298,30,0.9423408508300781,0.0,7.0,13.0,False
null,0.0,,298,60,0.8338470458984375,1.0,7.0,10.0,False
null,0.0,,298,120,0.88671875,0.0,4.0,7.0,False
null_any,0.0,,298,0,,,,,False
null,0.0,,299,30,0.395263671875,2.0,8.0,6.0,False
null,0.0,,299,60,0.2272491455078125,3.0,10.0,6.0,False
null,0.0,,299,120,0.5,2.0,9.0,8.0,False
null_any,0.0,,299,0,,,,,False
null,0.0,,300,30,0.13158798217773438,4.0,13.0,7.0,False
null,0.0,,300,60,0.1796417236328125,3.0,12.0,7.0,False
null,0.0,,300,120,0.4018096923828125,2.0,9.0,7.0,False
null_any,0.0,,300,0,,,,,False
null,0.0,,301,30,0.9682159423828125,1.0,6.0,13.0,False
null,0.0,,301,60,0.4999999999999999,2.0,8.0,7.0,False
null,0.0,,301,120,0.70947265625,2.0,6.0,7.0,False
null_any,0.0,,301,0,,,,,False
null,0.0,,302,30,0.5,2.0,11.0,10.0,False
null,0.0,,302,60,0.8810577392578125,1.0,7.0,11.0,False
null,0.0,,302,120,0.9903945922851562,1.0,5.0,14.0,False
null_any,0.0,,302,0,,,,,False
null,0.0,,303,30,0.5981903076171875,1.0,8.0,8.0,False
null,0.0,,303,60,0.8810577392578125,0.0,7.0,11.0,False
null,0.0,,303,120,0.4999999999999999,2.0,8.0,7.0,False
null_any,0.0,,303,0,,,,,False
null,0.0,,304,30,0.1050567626953125,2.0,11.0,5.0,False
null,0.0,,304,60,0.4159059524536133,1.0,12.0,10.0,False
null,0.0,,304,120,0.7727508544921875,1.0,7.0,9.0,False
null_any,0.0,,304,0,,,,,False
null,0.0,,305,30,0.5,1.0,10.0,9.0,False
null,0.0,,305,60,0.3388197422027588,1.0,13.0,10.0,False
null,0.0,,305,120,0.40726470947265625,1.0,10.0,8.0,False
null_any,0.0,,305,0,,,,,False
null,0.0,,306,30,0.15087890624999997,3.0,10.0,5.0,False
null,0.0,,306,60,0.8810577392578125,1.0,7.0,11.0,False
null,0.0,,306,120,0.30361938476562494,2.0,9.0,6.0,False
null_any,0.0,,306,0,,,,,False
null,0.0,,307,30,0.84912109375,0.0,6.0,9.0,False
null,0.0,,307,60,0.7482776641845703,1.0,9.0,11.0,False
null,0.0,,307,120,0.38720703125,2.0,7.0,5.0,False
null_any,0.0,,307,0,,,,,False
null,0.0,,308,30,0.8568606376647949,1.0,9.0,13.0,False
null,0.0,,308,60,0.3238029479980469,2.0,11.0,8.0,False
null,0.0,,308,120,0.5,2.0,9.0,8.0,False
null_any,0.0,,308,0,,,,,False
null,0.0,,309,30,0.98455810546875,0.0,5.0,13.0,False
null,0.0,,309,60,0.9886720776557922,0.0,7.0,17.0,False
null,0.0,,309,120,0.9608230590820312,1.0,7.0,14.0,False
null_any,0.0,,309,0,,,,,False
null,0.0,,310,30,0.3145294189453125,2.0,10.0,7.0,False
null,0.0,,310,60,0.3145294189453125,2.0,10.0,7.0,False
null,0.0,,310,120,0.8949432373046875,2.0,6.0,10.0,False
null_any,0.0,,310,0,,,,,False
null,0.0,,311,30,0.5,1.0,13.0,12.0,False
null,0.0,,311,60,0.5,2.0,11.0,10.0,False
null,0.0,,311,120,0.395263671875,1.0,8.0,6.0,False
null_any,0.0,,311,0,,,,,False
null,0.0,,312,30,0.1189422607421875,3.0,12.0,6.0,False
null,0.0,,312,60,0.5,1.0,9.0,8.0,False
null,0.0,,312,120,0.74609375,1.0,4.0,5.0,False
null_any,0.0,,312,0,,,,,False
null,0.0,,313,30,0.06690025329589844,2.0,15.0,7.0,False
null,0.0,,313,60,0.08431877195835114,2.0,17.0,9.0,False
null,0.0,,313,120,0.2272491455078125,3.0,10.0,6.0,False
null_any,0.0,,313,0,,,,,False
null,0.0,,314,30,0.9866981506347656,0.0,6.0,15.0,False
null,0.0,,314,60,0.95343017578125,0.0,8.0,15.0,False
null,0.0,,314,120,0.7596588134765625,0.0,8.0,10.0,False
null_any,0.0,,314,0,,,,,False
null,0.0,,315,30,0.017578125,3.0,12.0,3.0,False
null,0.0,,315,60,0.0717315673828125,3.0,12.0,5.0,False
null,0.0,,315,120,0.2272491455078125,3.0,10.0,6.0,False
null_any,0.0,,315,0,,,,,False
null,0.0,,316,30,0.9423408508300781,0.0,7.0,13.0,False
null,0.0,,316,60,0.7596588134765625,2.0,8.0,10.0,False
null,0.0,,316,120,0.1661529541015625,3.0,11.0,6.0,False
null_any,0.0,,316,0,,,,,False
null,0.0,,317,30,0.21197509765625,2.0,9.0,5.0,False
null,0.0,,317,60,0.33181190490722656,2.0,12.0,9.0,False
null,0.0,,317,120,0.696380615234375,2.0,7.0,8.0,False
null_any,0.0,,317,0,,,,,False
null,0.0,,318,30,0.7727508544921875,1.0,7.0,9.0,False
null,0.0,,318,60,0.5927352905273438,1.0,9.0,9.0,False
null,0.0,,318,120,0.2744140625,1.0,7.0,4.0,False
null_any,0.0,,318,0,,,,,False
null,0.0,,319,30,0.9053764343261719,1.0,8.0,13.0,False
null,0.0,,319,60,0.9793052673339844,1.0,6.0,14.0,False
null,0.0,,319,120,0.696380615234375,3.0,7.0,8.0,False
null_any,0.0,,319,0,,,,,False
null,0.0,,320,30,0.5880985260009766,2.0,10.0,10.0,False
null,0.0,,320,60,0.9682159423828125,1.0,6.0,13.0,False
null,0.0,,320,120,0.8665771484375,0.0,5.0,8.0,False
null_any,0.0,,320,0,,,,,False
null,0.0,,321,30,0.9164657592773438,0.0,7.0,12.0,False
null,0.0,,321,60,0.5981903076171875,1.0,8.0,8.0,False
null,0.0,,321,120,0.7727508544921875,1.0,7.0,9.0,False
null_any,0.0,,321,0,,,,,False
null,0.0,,322,30,0.020694732666015625,3.0,15.0,5.0,False
null,0.0,,322,60,0.06690025329589844,3.0,15.0,7.0,False
null,0.0,,322,120,0.3145294189453125,2.0,10.0,7.0,False
null_any,0.0,,322,0,,,,,False
null,0.0,,323,30,0.3238029479980469,3.0,11.0,8.0,False
null,0.0,,323,60,0.5981903076171875,1.0,8.0,8.0,False
null,0.0,,323,120,0.70947265625,0.0,6.0,7.0,False
null_any,0.0,,323,0,,,,,False
null,0.0,,324,30,0.9998893737792969,0.0,3.0,18.0,False
null,0.0,,324,60,0.9935302734375,1.0,3.0,11.0,False
null,0.0,,324,120,0.980712890625,0.0,3.0,9.0,False
null_any,0.0,,324,0,,,,,False
null,0.0,,325,30,0.06690025329589844,3.0,15.0,7.0,False
null,0.0,,325,60,0.41190147399902344,3.0,11.0,9.0,False
null,0.0,,325,120,0.98876953125,1.0,3.0,10.0,False
null_any,0.0,,325,0,,,,,False
null,0.0,,326,30,0.7482776641845703,2.0,9.0,11.0,False
null,0.0,,326,60,0.6681880950927734,1.0,10.0,11.0,False
null,0.0,,326,120,0.7482776641845703,1.0,9.0,11.0,False
null_any,0.0,,326,0,,,,,False
null,0.0,,327,30,0.41190147399902344,2.0,11.0,9.0,False
null,0.0,,327,60,0.29052734375,3.0,8.0,5.0,False
null,0.0,,327,120,0.376953125,2.0,6.0,4.0,False
null_any,0.0,,327,0,,,,,False
null,0.0,,328,30,0.5880985260009766,1.0,10.0,10.0,False
null,0.0,,328,60,0.2617335319519043,3.0,13.0,9.0,False
null,0.0,,328,120,0.6761970520019531,2.0,9.0,10.0,False
null_any,0.0,,328,0,,,,,False
null,0.0,,329,30,0.95343017578125,0.0,8.0,15.0,False
null,0.0,,329,60,0.9622406512498856,0.0,9.0,17.0,False
null,0.0,,329,120,0.5927352905273438,2.0,9.0,9.0,False
null_any,0.0,,329,0,,,,,False
null,0.0,,330,30,0.0245208740234375,4.0,13.0,4.0,False
null,0.0,,330,60,0.21197509765625,3.0,9.0,5.0,False
null,0.0,,330,120,0.91015625,1.0,3.0,6.0,False
null_any,0.0,,330,0,,,,,False
null,0.0,,331,30,0.00960540771484375,4.0,15.0,4.0,True
null,0.0,,331,60,0.1189422607421875,2.0,12.0,6.0,False
null,0.0,,331,120,0.38720703125,3.0,7.0,5.0,False
null_any,0.0,,331,0,,,,,True
null,0.0,,332,30,0.0717315673828125,2.0,12.0,5.0,False
null,0.0,,332,60,0.04656982421875,3.0,16.0,7.0,False
null,0.0,,332,120,0.1661529541015625,3.0,11.0,6.0,False
null_any,0.0,,332,0,,,,,False
null,0.0,,333,30,0.9608230590820312,1.0,7.0,14.0,False
null,0.0,,333,60,0.8949432373046875,1.0,6.0,10.0,False
null,0.0,,333,120,0.953857421875,0.0,4.0,9.0,False
null_any,0.0,,333,0,,,,,False
null,0.0,,334,30,0.940765380859375,1.0,5.0,10.0,False
null,0.0,,334,60,0.1189422607421875,3.0,12.0,6.0,False
null,0.0,,334,120,0.21197509765625,2.0,9.0,5.0,False
null_any,0.0,,334,0,,,,,False
null,0.0,,335,30,0.41190147399902344,2.0,11.0,9.0,False
null,0.0,,335,60,0.6761970520019531,0.0,9.0,10.0,False
null,0.0,,335,120,0.88671875,1.0,4.0,7.0,False
null_any,0.0,,335,0,,,,,False
null,0.0,,336,30,0.41190147399902344,1.0,11.0,9.0,False
null,0.0,,336,60,0.5880985260009766,1.0,10.0,10.0,False
null,0.0,,336,120,0.4999999999999999,2.0,8.0,7.0,False
null_any,0.0,,336,0,,,,,False
null,0.0,,337,30,0.6854705810546875,2.0,8.0,9.0,False
null,0.0,,337,60,0.5,1.0,9.0,8.0,False
null,0.0,,337,120,0.70947265625,1.0,6.0,7.0,False
null_any,0.0,,337,0,,,,,False
null,0.0,,338,30,0.1661529541015625,3.0,11.0,6.0,False
null,0.0,,338,60,0.5840940475463867,2.0,11.0,11.0,False
null,0.0,,338,120,0.828125,1.0,4.0,6.0,False
null_any,0.0,,338,0,,,,,False
null,0.0,,339,30,0.940765380859375,1.0,5.0,10.0,False
null,0.0,,339,60,0.6761970520019531,2.0,9.0,10.0,False
null,0.0,,339,120,0.5,3.0,10.0,9.0,False
null_any,0.0,,339,0,,,,,False
null,0.0,,340,30,0.1050567626953125,3.0,11.0,5.0,False
null,0.0,,340,60,0.5,2.0,11.0,10.0,False
null,0.0,,340,120,0.3145294189453125,2.0,10.0,7.0,False
null_any,0.0,,340,0,,,,,False
null,0.0,,341,30,0.13158798217773438,3.0,13.0,7.0,False
null,0.0,,341,60,0.1796417236328125,3.0,12.0,7.0,False
null,0.0,,341,120,0.29052734375,2.0,8.0,5.0,False
null_any,0.0,,341,0,,,,,False
null,0.0,,342,30,0.940765380859375,0.0,5.0,10.0,False
null,0.0,,342,60,0.5,1.0,10.0,9.0,False
null,0.0,,342,120,0.3238029479980469,2.0,11.0,8.0,False
null_any,0.0,,342,0,,,,,False
null,0.0,,343,30,0.2272491455078125,4.0,10.0,6.0,False
null,0.0,,343,60,0.8338470458984375,1.0,7.0,10.0,False
null,0.0,,343,120,0.8338470458984375,1.0,7.0,10.0,False
null_any,0.0,,343,0,,,,,False
null,0.0,,344,30,0.40726470947265625,2.0,10.0,8.0,False
null,0.0,,344,60,0.6854705810546875,2.0,8.0,9.0,False
null,0.0,,344,120,0.5,2.0,7.0,6.0,False
null_any,0.0,,344,0,,,,,False
null,0.0,,345,30,0.15087890624999997,2.0,10.0,5.0,False
null,0.0,,345,60,0.2403411865234375,3.0,11.0,7.0,False
null,0.0,,345,120,0.8665771484375,1.0,5.0,8.0,False
null_any,0.0,,345,0,,,,,False
null,0.0,,346,30,0.0317840576171875,3.0,14.0,5.0,False
null,0.0,,346,60,0.3145294189453125,2.0,10.0,7.0,False
null,0.0,,346,120,0.61279296875,2.0,6.0,6.0,False
null_any,0.0,,346,0,,,,,False
null,0.0,,347,30,0.996401309967041,1.0,5.0,16.0,False
null,0.0,,347,60,0.996401309967041,1.0,5.0,16.0,False
null,0.0,,347,120,0.9282684326171875,1.0,6.0,11.0,False
null_any,0.0,,347,0,,,,,False
null,0.0,,348,30,0.4159059524536133,1.0,12.0,10.0,False
null,0.0,,348,60,0.33181190490722656,2.0,12.0,9.0,False
null,0.0,,348,120,0.08978271484375,2.0,10.0,4.0,False
null_any,0.0,,348,0,,,,,False
null,0.0,,349,30,0.80615234375,1.0,5.0,7.0,False
null,0.0,,349,60,0.33181190490722656,1.0,12.0,9.0,False
null,0.0,,349,120,0.5,1.0,9.0,8.0,False
null_any,0.0,,349,0,,,,,False
null,0.0,,350,30,0.4159059524536133,2.0,12.0,10.0,False
null,0.0,,350,60,0.808344841003418,2.0,9.0,12.0,False
null,0.0,,350,120,0.7482776641845703,1.0,9.0,11.0,False
null_any,0.0,,350,0,,,,,False
null,0.0,,351,30,0.5,2.0,11.0,10.0,False
null,0.0,,351,60,0.3238029479980469,2.0,11.0,8.0,False
null,0.0,,351,120,0.5,3.0,7.0,6.0,False
null_any,0.0,,351,0,,,,,False
null,0.0,,352,30,0.5981903076171875,2.0,8.0,8.0,False
null,0.0,,352,60,0.5840940475463867,2.0,11.0,11.0,False
null,0.0,,352,120,0.08978271484375,3.0,10.0,4.0,False
null_any,0.0,,352,0,,,,,False
null,0.0,,353,30,0.29052734375,2.0,8.0,5.0,False
null,0.0,,353,60,0.4999999999999999,1.0,8.0,7.0,False
null,0.0,,353,120,0.696380615234375,1.0,7.0,8.0,False
null_any,0.0,,353,0,,,,,False
null,0.0,,354,30,0.9977874755859375,0.0,4.0,15.0,False
null,0.0,,354,60,0.9999275207519531,0.0,2.0,16.0,False
null,0.0,,354,120,0.940765380859375,1.0,5.0,10.0,False
null_any,0.0,,354,0,,,,,False
null,0.0,,355,30,0.8203582763671875,0.0,8.0,11.0,False
null,0.0,,355,60,0.8338470458984375,1.0,7.0,10.0,False
null,0.0,,355,120,0.953857421875,0.0,4.0,9.0,False
null_any,0.0,,355,0,,,,,False
null,0.0,,356,30,0.7482776641845703,0.0,9.0,11.0,False
null,0.0,,356,60,0.5,2.0,10.0,9.0,False
null,0.0,,356,120,0.696380615234375,2.0,7.0,8.0,False
null_any,0.0,,356,0,,,,,False
null,0.0,,357,30,0.5927352905273438,2.0,9.0,9.0,False
null,0.0,,357,60,0.33181190490722656,3.0,12.0,9.0,False
null,0.0,,357,120,0.7727508544921875,1.0,7.0,9.0,False
null_any,0.0,,357,0,,,,,False
null,0.0,,358,30,0.3505540192127228,2.0,15.0,12.0,False
null,0.0,,358,60,0.7382664680480957,1.0,10.0,12.0,False
null,0.0,,358,120,0.84912109375,1.0,6.0,9.0,False
null_any,0.0,,358,0,,,,,False
null,0.0,,359,30,0.29052734375,2.0,8.0,5.0,False
null,0.0,,359,60,0.41190147399902344,2.0,11.0,9.0,False
null,0.0,,359,120,0.828125,1.0,4.0,6.0,False
null_any,0.0,,359,0,,,,,False
null,0.0,,360,30,0.7727508544921875,1.0,7.0,9.0,False
null,0.0,,360,60,0.9282684326171875,0.0,6.0,11.0,False
null,0.0,,360,120,0.84912109375,0.0,6.0,9.0,False
null_any,0.0,,360,0,,,,,False
null,0.0,,361,30,0.34501898288726807,2.0,14.0,11.0,False
null,0.0,,361,60,0.5805901288986206,2.0,12.0,12.0,False
null,0.0,,361,120,0.5927352905273438,2.0,9.0,9.0,False
null_any,0.0,,361,0,,,,,False
null,0.0,,362,30,0.5,2.0,10.0,9.0,False
null,0.0,,362,60,0.9793052673339844,0.0,6.0,14.0,False
null,0.0,,362,120,0.78802490234375,0.0,6.0,8.0,False
null_any,0.0,,362,0,,,,,False
null,0.0,,363,30,0.1796417236328125,3.0,12.0,7.0,False
null,0.0,,363,60,0.13158798217773438,2.0,13.0,7.0,False
null,0.0,,363,120,0.21197509765625,3.0,9.0,5.0,False
null_any,0.0,,363,0,,,,,False
null,0.0,,364,30,0.7482776641845703,1.0,9.0,11.0,False
null,0.0,,364,60,0.4018096923828125,2.0,9.0,7.0,False
null,0.0,,364,120,0.5,1.0,5.0,4.0,False
null_any,0.0,,364,0,,,,,False
null,0.0,,365,30,0.3238029479980469,2.0,11.0,8.0,False
null,0.0,,365,60,0.41190147399902344,2.0,11.0,9.0,False
null,0.0,,365,120,0.61279296875,1.0,6.0,6.0,False
null_any,0.0,,365,0,,,,,False
null,0.0,,366,30,0.88671875,0.0,4.0,7.0,False
null,0.0,,366,60,0.9754791259765625,0.0,5.0,12.0,False
null,0.0,,366,120,0.5,1.0,7.0,6.0,False
null_any,0.0,,366,0,,,,,False
null,0.0,,367,30,0.9713134765625,0.0,4.0,10.0,False
null,0.0,,367,60,0.7596588134765625,2.0,8.0,10.0,False
null,0.0,,367,120,0.696380615234375,2.0,7.0,8.0,False
null_any,0.0,,367,0,,,,,False
null,0.0,,368,30,0.8684120178222656,1.0,8.0,12.0,False
null,0.0,,368,60,0.8338470458984375,1.0,7.0,10.0,False
null,0.0,,368,120,0.940765380859375,1.0,5.0,10.0,False
null_any,0.0,,368,0,,,,,False
null,0.0,,369,30,0.5840940475463867,0.0,11.0,11.0,False
null,0.0,,369,60,0.5,2.0,13.0,12.0,False
null,0.0,,369,120,0.2517223358154297,2.0,12.0,8.0,False
null_any,0.0,,369,0,,,,,False
null,0.0,,370,30,0.21197509765625,3.0,9.0,5.0,False
null,0.0,,370,60,0.5,2.0,15.0,14.0,False
null,0.0,,370,120,0.8810577392578125,1.0,7.0,11.0,False
null_any,0.0,,370,0,,,,,False
null,0.0,,371,30,0.98455810546875,0.0,5.0,13.0,False
null,0.0,,371,60,0.9979095458984375,0.0,3.0,13.0,False
null,0.0,,371,120,0.88671875,1.0,4.0,7.0,False
null_any,0.0,,371,0,,,,,False
null,0.0,,372,30,0.057659149169921875,2.0,14.0,6.0,False
null,0.0,,372,60,0.395263671875,1.0,8.0,6.0,False
null,0.0,,372,120,0.9615936279296875,1.0,5.0,11.0,False
null_any,0.0,,372,0,,,,,False
null,0.0,,373,30,0.41190147399902344,2.0,11.0,9.0,False
null,0.0,,373,60,0.8949801921844482,1.0,9.0,14.0,False
null,0.0,,373,120,0.604736328125,2.0,7.0,7.0,False
null_any,0.0,,373,0,,,,,False
null,0.0,,374,30,0.84912109375,1.0,6.0,9.0,False
null,0.0,,374,60,0.9866981506347656,0.0,6.0,15.0,False
null,0.0,,374,120,0.8810577392578125,1.0,7.0,11.0,False
null_any,0.0,,374,0,,,,,False
null,0.0,,375,30,0.0384063720703125,4.0,12.0,4.0,False
null,0.0,,375,60,0.5927352905273438,1.0,9.0,9.0,False
null,0.0,,375,120,0.3145294189453125,3.0,10.0,7.0,False
null_any,0.0,,375,0,,,,,False
null,0.0,,376,30,0.5,2.0,11.0,10.0,False
null,0.0,,376,60,0.5981903076171875,2.0,8.0,8.0,False
null,0.0,,376,120,0.376953125,2.0,6.0,4.0,False
null_any,0.0,,376,0,,,,,False
null,0.0,,377,30,0.395263671875,2.0,8.0,6.0,False
null,0.0,,377,60,0.6761970520019531,2.0,9.0,10.0,False
null,0.0,,377,120,0.8338470458984375,1.0,7.0,10.0,False
null_any,0.0,,377,0,,,,,False
null,0.0,,378,30,0.84912109375,1.0,6.0,9.0,False
null,0.0,,378,60,0.9866981506347656,0.0,6.0,15.0,False
null,0.0,,378,120,0.8810577392578125,1.0,7.0,11.0,False
null_any,0.0,,378,0,,,,,False
null,0.0,,379,30,0.5,2.0,10.0,9.0,False
null,0.0,,379,60,0.4159059524536133,2.0,12.0,10.0,False
null,0.0,,379,120,0.696380615234375,1.0,7.0,8.0,False
null_any,0.0,,379,0,,,,,False
null,0.0,,380,30,0.5981903076171875,2.0,8.0,8.0,False
null,0.0,,380,60,0.33181190490722656,2.0,12.0,9.0,False
null,0.0,,380,120,0.6854705810546875,2.0,8.0,9.0,False
null_any,0.0,,380,0,,,,,False
null,0.0,,381,30,0.08978271484375,3.0,10.0,4.0,False
null,0.0,,381,60,0.30361938476562494,2.0,9.0,6.0,False
null,0.0,,381,120,0.29052734375,3.0,8.0,5.0,False
null_any,0.0,,381,0,,,,,False
null,0.0,,382,30,0.3145294189453125,2.0,10.0,7.0,False
null,0.0,,382,60,0.1796417236328125,3.0,12.0,7.0,False
null,0.0,,382,120,0.5,2.0,10.0,9.0,False
null_any,0.0,,382,0,,,,,False
null,0.0,,383,30,0.4018096923828125,2.0,9.0,7.0,False
null,0.0,,383,60,0.0384063720703125,4.0,12.0,4.0,False
null,0.0,,383,120,0.61279296875,3.0,6.0,6.0,False
null_any,0.0,,383,0,,,,,False
null,0.0,,384,30,0.19165515899658203,2.0,13.0,8.0,False
null,0.0,,384,60,0.2517223358154297,3.0,12.0,8.0,False
null,0.0,,384,120,0.5,2.0,11.0,10.0,False
null_any,0.0,,384,0,,,,,False
null,0.0,,385,30,0.787821888923645,1.0,11.0,14.0,False
null,0.0,,385,60,0.5805901288986206,2.0,12.0,12.0,False
null,0.0,,385,120,0.696380615234375,2.0,7.0,8.0,False
null_any,0.0,,385,0,,,,,False
null,0.0,,386,30,0.6854705810546875,2.0,8.0,9.0,False
null,0.0,,386,60,0.33181190490722656,3.0,12.0,9.0,False
null,0.0,,386,120,0.21197509765625,3.0,9.0,5.0,False
null_any,0.0,,386,0,,,,,False
null,0.0,,387,30,0.98455810546875,0.0,5.0,13.0,False
null,0.0,,387,60,0.5880985260009766,2.0,10.0,10.0,False
null,0.0,,387,120,0.2272491455078125,3.0,10.0,6.0,False
null_any,0.0,,387,0,,,,,False
null,0.0,,388,30,0.15087890624999997,3.0,10.0,5.0,False
null,0.0,,388,60,0.5880985260009766,1.0,10.0,10.0,False
null,0.0,,388,120,0.29052734375,2.0,8.0,5.0,False
null_any,0.0,,388,0,,,,,False
null,0.0,,389,30,0.8568606376647949,1.0,9.0,13.0,False
null,0.0,,389,60,0.5,1.0,10.0,9.0,False
null,0.0,,389,120,0.8665771484375,1.0,5.0,8.0,False
null_any,0.0,,389,0,,,,,False
null,0.0,,390,30,0.013301849365234375,4.0,16.0,5.0,True
null,0.0,,390,60,0.6854705810546875,2.0,8.0,9.0,False
null,0.0,,390,120,0.604736328125,2.0,7.0,7.0,False
null_any,0.0,,390,0,,,,,True
null,0.0,,391,30,0.2517223358154297,2.0,12.0,8.0,False
null,0.0,,391,60,0.03917694091796875,3.0,15.0,6.0,False
null,0.0,,391,120,0.0064697265625,3.0,12.0,2.0,True
null_any,0.0,,391,0,,,,,True
null,0.0,,392,30,0.9282684326171875,0.0,6.0,11.0,False
null,0.0,,392,60,0.9053764343261719,0.0,8.0,13.0,False
null,0.0,,392,120,0.78802490234375,2.0,6.0,8.0,False
null_any,0.0,,392,0,,,,,False
null,0.0,,393,30,0.9962310791015625,0.0,4.0,14.0,False
null,0.0,,393,60,0.9998626708984375,0.0,2.0,15.0,False
null,0.0,,393,120,0.940765380859375,1.0,5.0,10.0,False
null_any,0.0,,393,0,,,,,False
null,0.0,,394,30,0.0717315673828125,3.0,12.0,5.0,False
null,0.0,,394,60,0.21197509765625,2.0,9.0,5.0,False
null,0.0,,394,120,0.828125,1.0,4.0,6.0,False
null_any,0.0,,394,0,,,,,False
null,0.0,,395,30,0.8949432373046875,1.0,6.0,10.0,False
null,0.0,,395,60,0.5981903076171875,2.0,8.0,8.0,False
null,0.0,,395,120,0.8665771484375,1.0,5.0,8.0,False
null_any,0.0,,395,0,,,,,False
null,0.0,,396,30,0.3238029479980469,2.0,11.0,8.0,False
null,0.0,,396,60,0.41190147399902344,2.0,11.0,9.0,False
null,0.0,,396,120,0.61279296875,1.0,6.0,6.0,False
null_any,0.0,,396,0,,,,,False
null,0.0,,397,30,0.19165515899658203,3.0,13.0,8.0,False
null,0.0,,397,60,0.14313936233520508,3.0,14.0,8.0,False
null,0.0,,397,120,0.19165515899658203,3.0,13.0,8.0,False
null_any,0.0,,397,0,,,,,False
null,0.0,,398,30,0.0384063720703125,2.0,12.0,4.0,False
null,0.0,,398,60,0.40726470947265625,3.0,10.0,8.0,False
null,0.0,,398,120,0.4999999999999999,2.0,8.0,7.0,False
null_any,0.0,,398,0,,,,,False
null,0.0,,399,30,0.1796417236328125,2.0,12.0,7.0,False
null,0.0,,399,60,0.5,1.0,16.0,15.0,False
null,0.0,,399,120,0.9682159423828125,0.0,6.0,13.0,False
null_any,0.0,,399,0,,,,,False
null,0.0,,400,30,0.5927352905273438,2.0,9.0,9.0,False
null,0.0,,400,60,0.41190147399902344,2.0,11.0,9.0,False
null,0.0,,400,120,0.9375,0.0,2.0,5.0,False
null_any,0.0,,400,0,,,,,False
null,0.0,,401,30,0.2403411865234375,3.0,11.0,7.0,False
null,0.0,,401,60,0.33181190490722656,2.0,12.0,9.0,False
null,0.0,,401,120,0.2272491455078125,3.0,10.0,6.0,False
null_any,0.0,,401,0,,,,,False
null,0.0,,402,30,0.40726470947265625,1.0,10.0,8.0,False
null,0.0,,402,60,0.8684120178222656,1.0,8.0,12.0,False
null,0.0,,402,120,0.38720703125,2.0,7.0,5.0,False
null_any,0.0,,402,0,,,,,False
null,0.0,,403,30,0.9793052673339844,1.0,6.0,14.0,False
null,0.0,,403,60,0.951873779296875,0.0,6.0,12.0,False
null,0.0,,403,120,0.84912109375,0.0,6.0,9.0,False
null_any,0.0,,403,0,,,,,False
null,0.0,,404,30,0.7482776641845703,1.0,9.0,11.0,False
null,0.0,,404,60,0.8810577392578125,1.0,7.0,11.0,False
null,0.0,,404,120,0.98876953125,0.0,3.0,10.0,False
null_any,0.0,,404,0,,,,,False
null,0.0,,405,30,0.0245208740234375,4.0,13.0,4.0,False
null,0.0,,405,60,0.048126220703125,3.0,13.0,5.0,False
null,0.0,,405,120,0.30361938476562494,2.0,9.0,6.0,False
null_any,0.0,,405,0,,,,,False
null,0.0,,406,30,0.29052734375,2.0,8.0,5.0,False
null,0.0,,406,60,0.3238029479980469,2.0,11.0,8.0,False
null,0.0,,406,120,0.696380615234375,1.0,7.0,8.0,False
null_any,0.0,,406,0,,,,,False
null,0.0,,407,30,0.4018096923828125,3.0,9.0,7.0,False
null,0.0,,407,60,0.6854705810546875,0.0,8.0,9.0,False
null,0.0,,407,120,0.6854705810546875,1.0,8.0,9.0,False
null_any,0.0,,407,0,,,,,False
null,0.0,,408,30,0.951873779296875,1.0,6.0,12.0,False
null,0.0,,408,60,0.9680426716804504,0.0,8.0,16.0,False
null,0.0,,408,120,0.9164657592773438,1.0,7.0,12.0,False
null_any,0.0,,408,0,,,,,False
null,0.0,,409,30,0.5,2.0,9.0,8.0,False
null,0.0,,409,60,0.5880985260009766,3.0,10.0,10.0,False
null,0.0,,409,120,0.19384765625,3.0,8.0,4.0,False
null_any,0.0,,409,0,,,,,False
null,0.0,,410,30,0.0286865234375,3.0,11.0,3.0,False
null,0.0,,410,60,0.5927352905273438,1.0,9.0,9.0,False
null,0.0,,410,120,0.604736328125,2.0,7.0,7.0,False
null_any,0.0,,410,0,,,,,False
null,0.0,,411,30,0.09462356567382812,3.0,14.0,7.0,False
null,0.0,,411,60,0.0717315673828125,3.0,12.0,5.0,False
null,0.0,,411,120,0.29052734375,3.0,8.0,5.0,False
null_any,0.0,,411,0,,,,,False
null,0.0,,412,30,0.8810577392578125,1.0,7.0,11.0,False
null,0.0,,412,60,0.7975635528564453,1.0,10.0,13.0,False
null,0.0,,412,120,0.5,2.0,9.0,8.0,False
null_any,0.0,,412,0,,,,,False
null,0.0,,413,30,0.5,3.0,12.0,11.0,False
null,0.0,,413,60,0.5,2.0,11.0,10.0,False
null,0.0,,413,120,0.623046875,1.0,5.0,5.0,False
null_any,0.0,,413,0,,,,,False
null,0.0,,414,30,0.002171754837036133,3.0,18.0,4.0,True
null,0.0,,414,60,0.026239395141601562,3.0,16.0,6.0,False
null,0.0,,414,120,0.1189422607421875,3.0,12.0,6.0,False
null_any,0.0,,414,0,,,,,True
null,0.0,,415,30,0.9682159423828125,1.0,6.0,13.0,False
null,0.0,,415,60,0.4999999999999999,2.0,8.0,7.0,False
null,0.0,,415,120,0.80615234375,1.0,5.0,7.0,False
null_any,0.0,,415,0,,,,,False
null,0.0,,416,30,0.41190147399902344,2.0,11.0,9.0,False
null,0.0,,416,60,0.33181190490722656,2.0,12.0,9.0,False
null,0.0,,416,120,0.29052734375,1.0,8.0,5.0,False
null_any,0.0,,416,0,,,,,False
null,0.0,,417,30,0.09462356567382812,3.0,14.0,7.0,False
null,0.0,,417,60,0.0717315673828125,3.0,12.0,5.0,False
null,0.0,,417,120,0.29052734375,3.0,8.0,5.0,False
null_any,0.0,,417,0,,,,,False
null,0.0,,418,30,0.9282684326171875,1.0,6.0,11.0,False
null,0.0,,418,60,0.8684120178222656,2.0,8.0,12.0,False
null,0.0,,418,120,0.5,1.0,9.0,8.0,False
null_any,0.0,,418,0,,,,,False
null,0.0,,419,30,0.8949432373046875,0.0,6.0,10.0,False
null,0.0,,419,60,0.9423408508300781,0.0,7.0,13.0,False
null,0.0,,419,120,0.696380615234375,1.0,7.0,8.0,False
null_any,0.0,,419,0,,,,,False
null,0.0,,420,30,0.8810577392578125,1.0,7.0,11.0,False
null,0.0,,420,60,0.8684120178222656,2.0,8.0,12.0,False
null,0.0,,420,120,0.940765380859375,1.0,5.0,10.0,False
null_any,0.0,,420,0,,,,,False
null,0.0,,421,30,0.9053764343261719,1.0,8.0,13.0,False
null,0.0,,421,60,0.355535551905632,3.0,16.0,13.0,False
null,0.0,,421,120,0.696380615234375,1.0,7.0,8.0,False
null_any,0.0,,421,0,,,,,False
null,0.0,,422,30,0.6854705810546875,2.0,8.0,9.0,False
null,0.0,,422,60,0.3145294189453125,2.0,10.0,7.0,False
null,0.0,,422,120,0.30361938476562494,2.0,9.0,6.0,False
null_any,0.0,,422,0,,,,,False
null,0.0,,423,30,0.4159059524536133,2.0,12.0,10.0,False
null,0.0,,423,60,0.7293719053268433,1.0,11.0,13.0,False
null,0.0,,423,120,0.40726470947265625,2.0,10.0,8.0,False
null_any,0.0,,423,0,,,,,False
null,0.0,,424,30,0.5,2.0,11.0,10.0,False
null,0.0,,424,60,0.5805901288986206,3.0,12.0,12.0,False
null,0.0,,424,120,0.5,1.0,7.0,6.0,False
null_any,0.0,,424,0,,,,,False
null,0.0,,425,30,0.5,1.0,5.0,4.0,False
null,0.0,,425,60,0.3145294189453125,2.0,10.0,7.0,False
null,0.0,,425,120,0.828125,0.0,4.0,6.0,False
null_any,0.0,,425,0,,,,,False
null,0.0,,426,30,0.3145294189453125,2.0,10.0,7.0,False
null,0.0,,426,60,0.2517223358154297,1.0,12.0,8.0,False
null,0.0,,426,120,0.5927352905273438,1.0,9.0,9.0,False
null_any,0.0,,426,0,,,,,False
null,0.0,,427,30,0.2517223358154297,3.0,12.0,8.0,False
null,0.0,,427,60,0.19165515899658203,2.0,13.0,8.0,False
null,0.0,,427,120,0.5,1.0,10.0,9.0,False
null_any,0.0,,427,0,,,,,False
null,0.0,,428,30,0.7596588134765625,1.0,8.0,10.0,False
null,0.0,,428,60,0.7482776641845703,1.0,9.0,11.0,False
null,0.0,,428,120,0.78802490234375,1.0,6.0,8.0,False
null_any,0.0,,428,0,,,,,False
null,0.0,,429,30,0.7482776641845703,0.0,9.0,11.0,False
null,0.0,,429,60,0.8568606376647949,0.0,9.0,13.0,False
null,0.0,,429,120,0.8203582763671875,1.0,8.0,11.0,False
null_any,0.0,,429,0,,,,,False
null,0.0,,430,30,0.1189422607421875,2.0,12.0,6.0,False
null,0.0,,430,60,0.395263671875,1.0,8.0,6.0,False
null,0.0,,430,120,0.0063629150390625,4.0,14.0,3.0,True
null_any,0.0,,430,0,,,,,True
null,0.0,,431,30,0.3145294189453125,2.0,10.0,7.0,False
null,0.0,,431,60,0.3238029479980469,2.0,11.0,8.0,False
null,0.0,,431,120,0.5,2.0,7.0,6.0,False
null_any,0.0,,431,0,,,,,False
null,0.0,,432,30,0.2024364471435547,3.0,14.0,9.0,False
null,0.0,,432,60,0.04656982421875,2.0,16.0,7.0,False
null,0.0,,432,120,0.1334228515625,3.0,9.0,4.0,False
null_any,0.0,,432,0,,,,,False
null,0.0,,433,30,0.8810577392578125,1.0,7.0,11.0,False
null,0.0,,433,60,0.7482776641845703,1.0,9.0,11.0,False
null,0.0,,433,120,0.19384765625,2.0,8.0,4.0,False
null_any,0.0,,433,0,,,,,False
null,0.0,,434,30,0.808344841003418,1.0,9.0,12.0,False
null,0.0,,434,60,0.7214014530181885,2.0,12.0,14.0,False
null,0.0,,434,120,0.5981903076171875,2.0,8.0,8.0,False
null_any,0.0,,434,0,,,,,False
null,0.0,,435,30,0.3145294189453125,2.0,10.0,7.0,False
null,0.0,,435,60,0.3238029479980469,2.0,11.0,8.0,False
null,0.0,,435,120,0.5,2.0,7.0,6.0,False
null_any,0.0,,435,0,,,,,False
null,0.0,,436,30,0.2517223358154297,2.0,12.0,8.0,False
null,0.0,,436,60,0.4999999999999999,1.0,8.0,7.0,False
null,0.0,,436,120,0.7255859375,1.0,5.0,6.0,False
null_any,0.0,,436,0,,,,,False
null,0.0,,437,30,0.5880985260009766,2.0,10.0,10.0,False
null,0.0,,437,60,0.5927352905273438,2.0,9.0,9.0,False
null,0.0,,437,120,0.696380615234375,3.0,7.0,8.0,False
null_any,0.0,,437,0,,,,,False
null,0.0,,438,30,0.01544189453125,4.0,14.0,4.0,True
null,0.0,,438,60,0.048126220703125,3.0,13.0,5.0,False
null,0.0,,438,120,0.29052734375,3.0,8.0,5.0,False
null_any,0.0,,438,0,,,,,True
null,0.0,,439,30,0.4999999999999999,2.0,8.0,7.0,False
null,0.0,,439,60,0.6681880950927734,1.0,10.0,11.0,False
null,0.0,,439,120,0.5,1.0,7.0,6.0,False
null_any,0.0,,439,0,,,,,False
null,0.0,,440,30,0.9053764343261719,2.0,8.0,13.0,False
null,0.0,,440,60,0.9754791259765625,0.0,5.0,12.0,False
null,0.0,,440,120,0.8810577392578125,2.0,7.0,11.0,False
null_any,0.0,,440,0,,,,,False
null,0.0,,441,30,0.5,1.0,9.0,8.0,False
null,0.0,,441,60,0.03917694091796875,4.0,15.0,6.0,False
null,0.0,,441,120,0.048126220703125,3.0,13.0,5.0,False
null_any,0.0,,441,0,,,,,False
null,0.0,,442,30,0.7727508544921875,2.0,7.0,9.0,False
null,0.0,,442,60,0.9282684326171875,1.0,6.0,11.0,False
null,0.0,,442,120,0.8338470458984375,1.0,7.0,10.0,False
null_any,0.0,,442,0,,,,,False
null,0.0,,443,30,0.9713134765625,1.0,4.0,10.0,False
null,0.0,,443,60,0.940765380859375,0.0,5.0,10.0,False
null,0.0,,443,120,0.7596588134765625,2.0,8.0,10.0,False
null_any,0.0,,443,0,,,,,False
null,0.0,,444,30,0.7382664680480957,0.0,10.0,12.0,False
null,0.0,,444,60,0.6761970520019531,1.0,9.0,10.0,False
null,0.0,,444,120,0.6681880950927734,2.0,10.0,11.0,False
null_any,0.0,,444,0,,,,,False
null,0.0,,445,30,0.8949432373046875,0.0,6.0,10.0,False
null,0.0,,445,60,0.5927352905273438,2.0,9.0,9.0,False
null,0.0,,445,120,0.38720703125,2.0,7.0,5.0,False
null_any,0.0,,445,0,,,,,False
null,0.0,,446,30,0.2272491455078125,2.0,10.0,6.0,False
null,0.0,,446,60,0.3238029479980469,1.0,11.0,8.0,False
null,0.0,,446,120,0.376953125,2.0,6.0,4.0,False
null_any,0.0,,446,0,,,,,False
null,0.0,,447,30,0.9615936279296875,1.0,5.0,11.0,False
null,0.0,,447,60,0.9423408508300781,0.0,7.0,13.0,False
null,0.0,,447,120,0.8949432373046875,1.0,6.0,10.0,False
null_any,0.0,,447,0,,,,,False
null,0.0,,448,30,0.30361938476562494,3.0,9.0,6.0,False
null,0.0,,448,60,0.1661529541015625,3.0,11.0,6.0,False
null,0.0,,448,120,0.61279296875,3.0,6.0,6.0,False
null_any,0.0,,448,0,,,,,False
null,0.0,,449,30,0.9936370849609375,0.0,4.0,13.0,False
null,0.0,,449,60,0.8568606376647949,1.0,9.0,13.0,False
null,0.0,,449,120,0.8665771484375,0.0,5.0,8.0,False
null_any,0.0,,449,0,,,,,False
null,0.0,,450,30,0.13158798217773438,4.0,13.0,7.0,False
null,0.0,,450,60,0.787821888923645,1.0,11.0,14.0,False
null,0.0,,450,120,0.91021728515625,0.0,5.0,9.0,False
null_any,0.0,,450,0,,,,,False
null,0.0,,451,30,0.4999999999999999,1.0,8.0,7.0,False
null,0.0,,451,60,0.5,2.0,12.0,11.0,False
null,0.0,,451,120,0.696380615234375,2.0,7.0,8.0,False
null_any,0.0,,451,0,,,,,False
null,0.0,,452,30,0.8338470458984375,0.0,7.0,10.0,False
null,0.0,,452,60,0.91021728515625,1.0,5.0,9.0,False
null,0.0,,452,120,0.40726470947265625,2.0,10.0,8.0,False
null_any,0.0,,452,0,,,,,False
null,0.0,,453,30,0.696380615234375,1.0,7.0,8.0,False
null,0.0,,453,60,0.7596588134765625,1.0,8.0,10.0,False
null,0.0,,453,120,0.30361938476562494,2.0,9.0,6.0,False
null_any,0.0,,453,0,,,,,False
null,0.0,,454,30,0.30361938476562494,3.0,9.0,6.0,False
null,0.0,,454,60,0.08353424072265625,4.0,13.0,6.0,False
null,0.0,,454,120,0.08978271484375,3.0,10.0,4.0,False
null_any,0.0,,454,0,,,,,False
null,0.0,,455,30,0.6854705810546875,1.0,8.0,9.0,False
null,0.0,,455,60,0.5,2.0,9.0,8.0,False
null,0.0,,455,120,0.696380615234375,1.0,7.0,8.0,False
null_any,0.0,,455,0,,,,,False
null,0.0,,456,30,0.9423408508300781,1.0,7.0,13.0,False
null,0.0,,456,60,0.9461239278316498,1.0,9.0,16.0,False
null,0.0,,456,120,0.982421875,0.0,4.0,11.0,False
null_any,0.0,,456,0,,,,,False
null,0.0,,457,30,0.8810577392578125,1.0,7.0,11.0,False
null,0.0,,457,60,0.7382664680480957,2.0,10.0,12.0,False
null,0.0,,457,120,0.8203582763671875,1.0,8.0,11.0,False
null_any,0.0,,457,0,,,,,False
null,0.0,,458,30,0.27062809467315674,2.0,14.0,10.0,False
null,0.0,,458,60,0.33181190490722656,1.0,12.0,9.0,False
null,0.0,,458,120,0.4018096923828125,1.0,9.0,7.0,False
null_any,0.0,,458,0,,,,,False
null,0.0,,459,30,0.696380615234375,1.0,7.0,8.0,False
null,0.0,,459,60,0.41190147399902344,2.0,11.0,9.0,False
null,0.0,,459,120,0.395263671875,3.0,8.0,6.0,False
null_any,0.0,,459,0,,,,,False
null,0.0,,460,30,0.5,2.0,6.0,5.0,False
null,0.0,,460,60,0.5981903076171875,1.0,8.0,8.0,False
null,0.0,,460,120,0.7596588134765625,1.0,8.0,10.0,False
null_any,0.0,,460,0,,,,,False
null,0.0,,461,30,0.6761970520019531,0.0,9.0,10.0,False
null,0.0,,461,60,0.4159059524536133,1.0,12.0,10.0,False
null,0.0,,461,120,0.9682159423828125,0.0,6.0,13.0,False
null_any,0.0,,461,0,,,,,False
null,0.0,,462,30,0.9979095458984375,0.0,3.0,13.0,False
null,0.0,,462,60,0.9330997467041016,1.0,8.0,14.0,False
null,0.0,,462,120,0.9282684326171875,0.0,6.0,11.0,False
null_any,0.0,,462,0,,,,,False
null,0.0,,463,30,0.9946889877319336,0.0,6.0,17.0,False
null,0.0,,463,60,0.9940910339355469,0.0,5.0,15.0,False
null,0.0,,463,120,0.5,2.0,6.0,5.0,False
null_any,0.0,,463,0,,,,,False
null,0.0,,464,30,0.3505540192127228,2.0,15.0,12.0,False
null,0.0,,464,60,0.7382664680480957,1.0,10.0,12.0,False
null,0.0,,464,120,0.84912109375,1.0,6.0,9.0,False
null_any,0.0,,464,0,,,,,False
null,0.0,,465,30,0.6854705810546875,2.0,8.0,9.0,False
null,0.0,,465,60,0.9680426716804504,0.0,8.0,16.0,False
null,0.0,,465,120,0.8810577392578125,1.0,7.0,11.0,False
null_any,0.0,,465,0,,,,,False
null,0.0,,466,30,0.41190147399902344,1.0,11.0,9.0,False
null,0.0,,466,60,0.21217811107635498,2.0,15.0,10.0,False
null,0.0,,466,120,0.1189422607421875,4.0,12.0,6.0,False
null_any,0.0,,466,0,,,,,False
null,0.0,,467,30,0.84912109375,1.0,6.0,9.0,False
null,0.0,,467,60,0.84912109375,0.0,6.0,9.0,False
null,0.0,,467,120,0.8665771484375,1.0,5.0,8.0,False
null_any,0.0,,467,0,,,,,False
null,0.0,,468,30,0.5880985260009766,1.0,10.0,10.0,False
null,0.0,,468,60,0.33181190490722656,3.0,12.0,9.0,False
null,0.0,,468,120,0.70947265625,1.0,6.0,7.0,False
null_any,0.0,,468,0,,,,,False
null,0.0,,469,30,0.33181190490722656,1.0,12.0,9.0,False
null,0.0,,469,60,0.5,2.0,11.0,10.0,False
null,0.0,,469,120,0.11328125,3.0,8.0,3.0,False
null_any,0.0,,469,0,,,,,False
null,0.0,,470,30,0.10501980781555176,3.0,15.0,8.0,False
null,0.0,,470,60,0.2024364471435547,2.0,14.0,9.0,False
null,0.0,,470,120,0.3145294189453125,2.0,10.0,7.0,False
null_any,0.0,,470,0,,,,,False
null,0.0,,471,30,0.2272491455078125,2.0,10.0,6.0,False
null,0.0,,471,60,0.5927352905273438,2.0,9.0,9.0,False
null,0.0,,471,120,0.80615234375,2.0,5.0,7.0,False
null_any,0.0,,471,0,,,,,False
null,0.0,,472,30,0.8203582763671875,2.0,8.0,11.0,False
null,0.0,,472,60,0.8684120178222656,1.0,8.0,12.0,False
null,0.0,,472,120,0.5981903076171875,1.0,8.0,8.0,False
null_any,0.0,,472,0,,,,,False
null,0.0,,473,30,0.30361938476562494,2.0,9.0,6.0,False
null,0.0,,473,60,0.5927352905273438,1.0,9.0,9.0,False
null,0.0,,473,120,0.41190147399902344,2.0,11.0,9.0,False
null_any,0.0,,473,0,,,,,False
null,0.0,,474,30,0.98876953125,0.0,3.0,10.0,False
null,0.0,,474,60,0.9936370849609375,1.0,4.0,13.0,False
null,0.0,,474,120,0.951873779296875,1.0,6.0,12.0,False
null_any,0.0,,474,0,,,,,False
null,0.0,,475,30,0.048126220703125,2.0,13.0,5.0,False
null,0.0,,475,60,0.10501980781555176,3.0,15.0,8.0,False
null,0.0,,475,120,0.13158798217773438,3.0,13.0,7.0,False
null_any,0.0,,475,0,,,,,False
null,0.0,,476,30,0.40726470947265625,1.0,10.0,8.0,False
null,0.0,,476,60,0.8338470458984375,1.0,7.0,10.0,False
null,0.0,,476,120,0.604736328125,2.0,7.0,7.0,False
null_any,0.0,,476,0,,,,,False
null,0.0,,477,30,0.5880985260009766,2.0,10.0,10.0,False
null,0.0,,477,60,0.5840940475463867,2.0,11.0,11.0,False
null,0.0,,477,120,0.4999999999999999,1.0,8.0,7.0,False
null_any,0.0,,477,0,,,,,False
null,0.0,,478,30,0.5,1.0,6.0,5.0,False
null,0.0,,478,60,0.7727508544921875,1.0,7.0,9.0,False
null,0.0,,478,120,0.7727508544921875,2.0,7.0,9.0,False
null_any,0.0,,478,0,,,,,False
null,0.0,,479,30,0.34501898288726807,1.0,14.0,11.0,False
null,0.0,,479,60,0.7975635528564453,1.0,10.0,13.0,False
null,0.0,,479,120,0.84912109375,1.0,6.0,9.0,False
null_any,0.0,,479,0,,,,,False
null,0.0,,480,30,0.6761970520019531,1.0,9.0,10.0,False
null,0.0,,480,60,0.5927352905273438,2.0,9.0,9.0,False
null,0.0,,480,120,0.7482776641845703,2.0,9.0,11.0,False
null_any,0.0,,480,0,,,,,False
null,0.0,,481,30,0.5981903076171875,2.0,8.0,8.0,False
null,0.0,,481,60,0.9330997467041016,0.0,8.0,14.0,False
null,0.0,,481,120,0.96728515625,0.0,3.0,8.0,False
null_any,0.0,,481,0,,,,,False
null,0.0,,482,30,0.5927352905273438,2.0,9.0,9.0,False
null,0.0,,482,60,0.4159059524536133,1.0,12.0,10.0,False
null,0.0,,482,120,0.5981903076171875,1.0,8.0,8.0,False
null_any,0.0,,482,0,,,,,False
null,0.0,,483,30,0.5,1.0,10.0,9.0,False
null,0.0,,483,60,0.5,2.0,9.0,8.0,False
null,0.0,,483,120,0.5981903076171875,2.0,8.0,8.0,False
null_any,0.0,,483,0,,,,,False
null,0.0,,484,30,0.16346979141235352,4.0,16.0,10.0,False
null,0.0,,484,60,0.2617335319519043,2.0,13.0,9.0,False
null,0.0,,484,120,0.03271484375,3.0,9.0,2.0,False
null_any,0.0,,484,0,,,,,False
null,0.0,,485,30,0.30361938476562494,2.0,9.0,6.0,False
null,0.0,,485,60,0.5927352905273438,2.0,9.0,9.0,False
null,0.0,,485,120,0.4999999999999999,2.0,8.0,7.0,False
null_any,0.0,,485,0,,,,,False
null,0.0,,486,30,0.7214014530181885,2.0,12.0,14.0,False
null,0.0,,486,60,0.9319770261645317,1.0,11.0,18.0,False
null,0.0,,486,120,0.9615936279296875,0.0,5.0,11.0,False
null_any,0.0,,486,0,,,,,False
null,0.0,,487,30,0.7727508544921875,1.0,7.0,9.0,False
null,0.0,,487,60,0.5880985260009766,2.0,10.0,10.0,False
null,0.0,,487,120,0.4999999999999999,2.0,8.0,7.0,False
null_any,0.0,,487,0,,,,,False
null,0.0,,488,30,0.8810577392578125,0.0,7.0,11.0,False
null,0.0,,488,60,0.6611802577972412,2.0,11.0,12.0,False
null,0.0,,488,120,0.61279296875,1.0,6.0,6.0,False
null_any,0.0,,488,0,,,,,False
null,0.0,,489,30,0.9053764343261719,0.0,8.0,13.0,False
null,0.0,,489,60,0.808344841003418,0.0,9.0,12.0,False
null,0.0,,489,120,0.29052734375,2.0,8.0,5.0,False
null_any,0.0,,489,0,,,,,False
null,0.0,,490,30,0.5,3.0,10.0,9.0,False
null,0.0,,490,60,0.3238029479980469,2.0,11.0,8.0,False
null,0.0,,490,120,0.5,2.0,6.0,5.0,False
null_any,0.0,,490,0,,,,,False
null,0.0,,491,30,0.5,3.0,10.0,9.0,False
null,0.0,,491,60,0.3238029479980469,2.0,11.0,8.0,False
null,0.0,,491,120,0.5,2.0,6.0,5.0,False
null_any,0.0,,491,0,,,,,False
null,0.0,,492,30,0.1189422607421875,3.0,12.0,6.0,False
null,0.0,,492,60,0.41190147399902344,2.0,11.0,9.0,False
null,0.0,,492,120,0.70947265625,1.0,6.0,7.0,False
null_any,0.0,,492,0,,,,,False
null,0.0,,493,30,0.940765380859375,1.0,5.0,10.0,False
null,0.0,,493,60,0.78802490234375,0.0,6.0,8.0,False
null,0.0,,493,120,0.2403411865234375,2.0,11.0,7.0,False
null_any,0.0,,493,0,,,,,False
null,0.0,,494,30,0.84912109375,1.0,6.0,9.0,False
null,0.0,,494,60,0.940765380859375,0.0,5.0,10.0,False
null,0.0,,494,120,0.9990234375,0.0,1.0,9.0,False
null_any,0.0,,494,0,,,,,False
null,0.0,,495,30,0.21217811107635498,2.0,15.0,10.0,False
null,0.0,,495,60,0.4159059524536133,2.0,12.0,10.0,False
null,0.0,,495,120,0.7727508544921875,2.0,7.0,9.0,False
null_any,0.0,,495,0,,,,,False
null,0.0,,496,30,0.808344841003418,1.0,9.0,12.0,False
null,0.0,,496,60,0.8203582763671875,2.0,8.0,11.0,False
null,0.0,,496,120,0.376953125,1.0,6.0,4.0,False
null_any,0.0,,496,0,,,,,False
null,0.0,,497,30,0.8568606376647949,1.0,9.0,13.0,False
null,0.0,,497,60,0.4159059524536133,2.0,12.0,10.0,False
null,0.0,,497,120,0.25390625,3.0,6.0,3.0,False
null_any,0.0,,497,0,,,,,False
null,0.0,,498,30,0.2403411865234375,2.0,11.0,7.0,False
null,0.0,,498,60,0.5840940475463867,2.0,11.0,11.0,False
null,0.0,,498,120,0.4018096923828125,2.0,9.0,7.0,False
null_any,0.0,,498,0,,,,,False
null,0.0,,499,30,0.9164657592773438,1.0,7.0,12.0,False
null,0.0,,499,60,0.8810577392578125,1.0,7.0,11.0,False
null,0.0,,499,120,0.91015625,1.0,3.0,6.0,False
null_any,0.0,,499,0,,,,,False
null,0.0,,500,30,0.8568606376647949,2.0,9.0,13.0,False
null,0.0,,500,60,0.9886720776557922,1.0,7.0,17.0,False
null,0.0,,500,120,0.98455810546875,0.0,5.0,13.0,False
null_any,0.0,,500,0,,,,,False
null,0.0,,501,30,0.5981903076171875,1.0,8.0,8.0,False
null,0.0,,501,60,0.8810577392578125,0.0,7.0,11.0,False
null,0.0,,501,120,0.4999999999999999,2.0,8.0,7.0,False
null_any,0.0,,501,0,,,,,False
null,0.0,,502,30,0.9962310791015625,1.0,4.0,14.0,False
null,0.0,,502,60,0.9915497303009033,1.0,6.0,16.0,False
null,0.0,,502,120,0.9903945922851562,0.0,5.0,14.0,False
null_any,0.0,,502,0,,,,,False
null,0.0,,503,30,0.05923461914062499,3.0,11.0,4.0,False
null,0.0,,503,60,0.0245208740234375,3.0,13.0,4.0,False
null,0.0,,503,120,0.11328125,3.0,8.0,3.0,False
null_any,0.0,,503,0,,,,,False
null,0.0,,504,30,0.9053764343261719,1.0,8.0,13.0,False
null,0.0,,504,60,0.8684120178222656,1.0,8.0,12.0,False
null,0.0,,504,120,0.8203582763671875,2.0,8.0,11.0,False
null_any,0.0,,504,0,,,,,False
null,0.0,,505,30,0.40726470947265625,2.0,10.0,8.0,False
null,0.0,,505,60,0.40726470947265625,2.0,10.0,8.0,False
null,0.0,,505,120,0.78802490234375,0.0,6.0,8.0,False
null_any,0.0,,505,0,,,,,False
null,0.0,,506,30,0.2272491455078125,1.0,10.0,6.0,False
null,0.0,,506,60,0.8462718725204468,1.0,10.0,14.0,False
null,0.0,,506,120,0.21197509765625,2.0,9.0,5.0,False
null_any,0.0,,506,0,,,,,False
null,0.0,,507,30,0.3238029479980469,2.0,11.0,8.0,False
null,0.0,,507,60,0.19165515899658203,3.0,13.0,8.0,False
null,0.0,,507,120,0.5981903076171875,1.0,8.0,8.0,False
null_any,0.0,,507,0,,,,,False
null,0.0,,508,30,0.2517223358154297,2.0,12.0,8.0,False
null,0.0,,508,60,0.33181190490722656,2.0,12.0,9.0,False
null,0.0,,508,120,0.5,2.0,7.0,6.0,False
null_any,0.0,,508,0,,,,,False
null,0.0,,509,30,0.2272491455078125,2.0,10.0,6.0,False
null,0.0,,509,60,0.3388197422027588,2.0,13.0,10.0,False
null,0.0,,509,120,0.15087890624999997,2.0,10.0,5.0,False
null_any,0.0,,509,0,,,,,False
null,0.0,,510,30,0.9737606048583984,1.0,7.0,15.0,False
null,0.0,,510,60,0.5981903076171875,1.0,8.0,8.0,False
null,0.0,,510,120,0.696380615234375,0.0,7.0,8.0,False
null_any,0.0,,510,0,,,,,False
null,0.0,,511,30,0.09246667101979256,2.0,18.0,10.0,False
null,0.0,,511,60,0.11476147174835205,2.0,16.0,9.0,False
null,0.0,,511,120,0.4018096923828125,2.0,9.0,7.0,False
null_any,0.0,,511,0,,,,,False
null,0.0,,512,30,0.8338470458984375,1.0,7.0,10.0,False
null,0.0,,512,60,0.9936370849609375,0.0,4.0,13.0,False
null,0.0,,512,120,0.99951171875,0.0,1.0,10.0,False
null_any,0.0,,512,0,,,,,False
null,0.0,,513,30,0.8338470458984375,1.0,7.0,10.0,False
null,0.0,,513,60,0.8203582763671875,2.0,8.0,11.0,False
null,0.0,,513,120,0.84912109375,0.0,6.0,9.0,False
null_any,0.0,,513,0,,,,,False
null,0.0,,514,30,0.13158798217773438,3.0,13.0,7.0,False
null,0.0,,514,60,0.4194098711013794,2.0,13.0,11.0,False
null,0.0,,514,120,0.4018096923828125,1.0,9.0,7.0,False
null_any,0.0,,514,0,,,,,False
null,0.0,,515,30,0.11476147174835205,3.0,16.0,9.0,False
null,0.0,,515,60,0.19165515899658203,3.0,13.0,8.0,False
null,0.0,,515,120,0.05923461914062499,3.0,11.0,4.0,False
null_any,0.0,,515,0,,,,,False
null,0.0,,516,30,0.1796417236328125,3.0,12.0,7.0,False
null,0.0,,516,60,0.2024364471435547,2.0,14.0,9.0,False
null,0.0,,516,120,0.4999999999999999,2.0,8.0,7.0,False
null_any,0.0,,516,0,,,,,False
null,0.0,,517,30,0.4018096923828125,1.0,9.0,7.0,False
null,0.0,,517,60,0.6681880950927734,1.0,10.0,11.0,False
null,0.0,,517,120,0.696380615234375,1.0,7.0,8.0,False
null_any,0.0,,517,0,,,,,False
null,0.0,,518,30,0.21197509765625,2.0,9.0,5.0,False
null,0.0,,518,60,0.3145294189453125,2.0,10.0,7.0,False
null,0.0,,518,120,0.6854705810546875,2.0,8.0,9.0,False
null_any,0.0,,518,0,,,,,False
null,0.0,,519,30,0.1189422607421875,3.0,12.0,6.0,False
null,0.0,,519,60,0.09462356567382812,4.0,14.0,7.0,False
null,0.0,,519,120,0.29052734375,3.0,8.0,5.0,False
null_any,0.0,,519,0,,,,,False
null,0.0,,520,30,0.8810577392578125,2.0,7.0,11.0,False
null,0.0,,520,60,0.696380615234375,2.0,7.0,8.0,False
null,0.0,,520,120,0.80615234375,1.0,5.0,7.0,False
null_any,0.0,,520,0,,,,,False
null,0.0,,521,30,0.19165515899658203,4.0,13.0,8.0,False
null,0.0,,521,60,0.1796417236328125,4.0,12.0,7.0,False
null,0.0,,521,120,0.1334228515625,3.0,9.0,4.0,False
null_any,0.0,,521,0,,,,,False
null,0.0,,522,30,0.2403411865234375,3.0,11.0,7.0,False
null,0.0,,522,60,0.7727508544921875,1.0,7.0,9.0,False
null,0.0,,522,120,0.98046875,0.0,2.0,7.0,False
null_any,0.0,,522,0,,,,,False
null,0.0,,523,30,0.808344841003418,1.0,9.0,12.0,False
null,0.0,,523,60,0.6681880950927734,1.0,10.0,11.0,False
null,0.0,,523,120,0.40726470947265625,3.0,10.0,8.0,False
null_any,0.0,,523,0,,,,,False
null,0.0,,524,30,0.6854705810546875,1.0,8.0,9.0,False
null,0.0,,524,60,0.8203582763671875,0.0,8.0,11.0,False
null,0.0,,524,120,0.70947265625,1.0,6.0,7.0,False
null_any,0.0,,524,0,,,,,False
null,0.0,,525,30,0.84912109375,2.0,6.0,9.0,False
null,0.0,,525,60,0.7596588134765625,1.0,8.0,10.0,False
null,0.0,,525,120,0.88671875,1.0,4.0,7.0,False
null_any,0.0,,525,0,,,,,False
null,0.0,,526,30,0.15087890624999997,2.0,10.0,5.0,False
null,0.0,,526,60,0.2403411865234375,3.0,11.0,7.0,False
null,0.0,,526,120,0.8665771484375,1.0,5.0,8.0,False
null_any,0.0,,526,0,,,,,False
null,0.0,,527,30,0.6611802577972412,2.0,11.0,12.0,False
null,0.0,,527,60,0.4159059524536133,1.0,12.0,10.0,False
null,0.0,,527,120,0.7727508544921875,1.0,7.0,9.0,False
null_any,0.0,,527,0,,,,,False
null,0.0,,528,30,0.7727508544921875,1.0,7.0,9.0,False
null,0.0,,528,60,0.9164657592773438,0.0,7.0,12.0,False
null,0.0,,528,120,0.5,2.0,7.0,6.0,False
null_any,0.0,,528,0,,,,,False
null,0.0,,529,30,0.048126220703125,3.0,13.0,5.0,False
null,0.0,,529,60,0.171875,2.0,7.0,3.0,False
null,0.0,,529,120,0.74609375,0.0,4.0,5.0,False
null_any,0.0,,529,0,,,,,False
null,0.0,,530,30,0.2272491455078125,2.0,10.0,6.0,False
null,0.0,,530,60,0.046142578125,2.0,10.0,3.0,False
null,0.0,,530,120,0.2744140625,2.0,7.0,4.0,False
null_any,0.0,,530,0,,,,,False
null,0.0,,531,30,0.21197509765625,3.0,9.0,5.0,False
null,0.0,,531,60,0.3145294189453125,2.0,10.0,7.0,False
null,0.0,,531,120,0.38720703125,2.0,7.0,5.0,False
null_any,0.0,,531,0,,,,,False
null,0.0,,532,30,0.9615936279296875,1.0,5.0,11.0,False
null,0.0,,532,60,0.9793052673339844,0.0,6.0,14.0,False
null,0.0,,532,120,0.9754791259765625,0.0,5.0,12.0,False
null_any,0.0,,532,0,,,,,False
null,0.0,,533,30,0.29052734375,2.0,8.0,5.0,False
null,0.0,,533,60,0.5840940475463867,3.0,11.0,11.0,False
null,0.0,,533,120,0.4999999999999999,2.0,8.0,7.0,False
null_any,0.0,,533,0,,,,,False
null,0.0,,534,30,0.3145294189453125,2.0,10.0,7.0,False
null,0.0,,534,60,0.2517223358154297,2.0,12.0,8.0,False
null,0.0,,534,120,0.604736328125,1.0,7.0,7.0,False
null_any,0.0,,534,0,,,,,False
null,0.0,,535,30,0.1050567626953125,2.0,11.0,5.0,False
null,0.0,,535,60,0.0384063720703125,2.0,12.0,4.0,False
null,0.0,,535,120,0.11328125,2.0,8.0,3.0,False
null_any,0.0,,535,0,,,,,False
null,0.0,,536,30,0.9893646240234375,0.0,4.0,12.0,False
null,0.0,,536,60,0.9793052673339844,0.0,6.0,14.0,False
null,0.0,,536,120,0.982421875,0.0,4.0,11.0,False
null_any,0.0,,536,0,,,,,False
null,0.0,,537,30,0.6761970520019531,0.0,9.0,10.0,False
null,0.0,,537,60,0.4159059524536133,1.0,12.0,10.0,False
null,0.0,,537,120,0.9682159423828125,0.0,6.0,13.0,False
null_any,0.0,,537,0,,,,,False
null,0.0,,538,30,0.7596588134765625,2.0,8.0,10.0,False
null,0.0,,538,60,0.7482776641845703,1.0,9.0,11.0,False
null,0.0,,538,120,0.696380615234375,2.0,7.0,8.0,False
null_any,0.0,,538,0,,,,,False
null,0.0,,539,30,0.927001953125,1.0,4.0,8.0,False
null,0.0,,539,60,0.6761970520019531,0.0,9.0,10.0,False
null,0.0,,539,120,0.19384765625,3.0,8.0,4.0,False
null_any,0.0,,539,0,,,,,False
null,0.0,,540,30,0.9330997467041016,0.0,8.0,14.0,False
null,0.0,,540,60,0.2617335319519043,4.0,13.0,9.0,False
null,0.0,,540,120,0.2403411865234375,3.0,11.0,7.0,False
null_any,0.0,,540,0,,,,,False
null,0.0,,541,30,0.6761970520019531,1.0,9.0,10.0,False
null,0.0,,541,60,0.8338470458984375,1.0,7.0,10.0,False
null,0.0,,541,120,0.9682159423828125,1.0,6.0,13.0,False
null_any,0.0,,541,0,,,,,False
null,0.0,,542,30,0.1661529541015625,2.0,11.0,6.0,False
null,0.0,,542,60,0.5,2.0,9.0,8.0,False
null,0.0,,542,120,0.88671875,1.0,4.0,7.0,False
null_any,0.0,,542,0,,,,,False
null,0.0,,543,30,0.7727508544921875,1.0,7.0,9.0,False
null,0.0,,543,60,0.2272491455078125,3.0,10.0,6.0,False
null,0.0,,543,120,0.4018096923828125,3.0,9.0,7.0,False
null_any,0.0,,543,0,,,,,False
null,0.0,,544,30,0.5981903076171875,2.0,8.0,8.0,False
null,0.0,,544,60,0.1796417236328125,3.0,12.0,7.0,False
null,0.0,,544,120,0.623046875,1.0,5.0,5.0,False
null_any,0.0,,544,0,,,,,False
null,0.0,,545,30,0.7596588134765625,1.0,8.0,10.0,False
null,0.0,,545,60,0.5,1.0,11.0,10.0,False
null,0.0,,545,120,0.5,2.0,6.0,5.0,False
null_any,0.0,,545,0,,,,,False
null,0.0,,546,30,0.8338470458984375,1.0,7.0,10.0,False
null,0.0,,546,60,0.7596588134765625,1.0,8.0,10.0,False
null,0.0,,546,120,0.8949432373046875,1.0,6.0,10.0,False
null_any,0.0,,546,0,,,,,False
null,0.0,,547,30,0.6854705810546875,1.0,8.0,9.0,False
null,0.0,,547,60,0.5981903076171875,1.0,8.0,8.0,False
null,0.0,,547,120,0.5,1.0,5.0,4.0,False
null_any,0.0,,547,0,,,,,False
null,0.0,,548,30,0.5,1.0,14.0,13.0,False
null,0.0,,548,60,0.19165515899658203,2.0,13.0,8.0,False
null,0.0,,548,120,0.4018096923828125,2.0,9.0,7.0,False
null_any,0.0,,548,0,,,,,False
null,0.0,,549,30,0.1661529541015625,4.0,11.0,6.0,False
null,0.0,,549,60,0.10501980781555176,2.0,15.0,8.0,False
null,0.0,,549,120,0.21197509765625,3.0,9.0,5.0,False
null_any,0.0,,549,0,,,,,False
null,0.0,,550,30,0.9940910339355469,0.0,5.0,15.0,False
null,0.0,,550,60,0.9423408508300781,1.0,7.0,13.0,False
null,0.0,,550,120,0.6854705810546875,1.0,8.0,9.0,False
null_any,0.0,,550,0,,,,,False
null,0.0,,551,30,0.0286865234375,3.0,11.0,3.0,False
null,0.0,,551,60,0.5927352905273438,1.0,9.0,9.0,False
null,0.0,,551,120,0.604736328125,2.0,7.0,7.0,False
null_any,0.0,,551,0,,,,,False
null,0.0,,552,30,0.696380615234375,1.0,7.0,8.0,False
null,0.0,,552,60,0.6611802577972412,1.0,11.0,12.0,False
null,0.0,,552,120,0.5927352905273438,2.0,9.0,9.0,False
null_any,0.0,,552,0,,,,,False
null,0.0,,553,30,0.9903945922851562,0.0,5.0,14.0,False
null,0.0,,553,60,0.7975635528564453,2.0,10.0,13.0,False
null,0.0,,553,120,0.5981903076171875,2.0,8.0,8.0,False
null_any,0.0,,553,0,,,,,False
null,0.0,,554,30,0.8568606376647949,1.0,9.0,13.0,False
null,0.0,,554,60,0.4159059524536133,2.0,12.0,10.0,False
null,0.0,,554,120,0.25390625,3.0,6.0,3.0,False
null_any,0.0,,554,0,,,,,False
null,0.0,,555,30,0.33181190490722656,2.0,12.0,9.0,False
null,0.0,,555,60,0.5,1.0,11.0,10.0,False
null,0.0,,555,120,0.30361938476562494,2.0,9.0,6.0,False
null_any,0.0,,555,0,,,,,False
null,0.0,,556,30,0.3145294189453125,3.0,10.0,7.0,False
null,0.0,,556,60,0.70947265625,1.0,6.0,7.0,False
null,0.0,,556,120,0.828125,1.0,4.0,6.0,False
null_any,0.0,,556,0,,,,,False
null,0.0,,557,30,0.1189422607421875,4.0,12.0,6.0,False
null,0.0,,557,60,0.3145294189453125,2.0,10.0,7.0,False
null,0.0,,557,120,0.5,2.0,7.0,6.0,False
null_any,0.0,,557,0,,,,,False
null,0.0,,558,30,0.14313936233520508,3.0,14.0,8.0,False
null,0.0,,558,60,0.5805901288986206,1.0,12.0,12.0,False
null,0.0,,558,120,0.8338470458984375,1.0,7.0,10.0,False
null_any,0.0,,558,0,,,,,False
null,0.0,,559,30,0.40726470947265625,2.0,10.0,8.0,False
null,0.0,,559,60,0.604736328125,1.0,7.0,7.0,False
null,0.0,,559,120,0.4018096923828125,3.0,9.0,7.0,False
null_any,0.0,,559,0,,,,,False
null,0.0,,560,30,0.1796417236328125,3.0,12.0,7.0,False
null,0.0,,560,60,0.2517223358154297,3.0,12.0,8.0,False
null,0.0,,560,120,0.29052734375,2.0,8.0,5.0,False
null_any,0.0,,560,0,,,,,False
null,0.0,,561,30,0.13158798217773438,3.0,13.0,7.0,False
null,0.0,,561,60,0.3388197422027588,2.0,13.0,10.0,False
null,0.0,,561,120,0.4999999999999999,2.0,8.0,7.0,False
null_any,0.0,,561,0,,,,,False
null,0.0,,562,30,0.6761970520019531,1.0,9.0,10.0,False
null,0.0,,562,60,0.41190147399902344,2.0,11.0,9.0,False
null,0.0,,562,120,0.940765380859375,1.0,5.0,10.0,False
null_any,0.0,,562,0,,,,,False
null,0.0,,563,30,0.6854705810546875,2.0,8.0,9.0,False
null,0.0,,563,60,0.7975635528564453,2.0,10.0,13.0,False
null,0.0,,563,120,0.5981903076171875,2.0,8.0,8.0,False
null_any,0.0,,563,0,,,,,False
null,0.0,,564,30,0.8810577392578125,1.0,7.0,11.0,False
null,0.0,,564,60,0.6854705810546875,1.0,8.0,9.0,False
null,0.0,,564,120,0.4999999999999999,2.0,8.0,7.0,False
null_any,0.0,,564,0,,,,,False
null,0.0,,565,30,0.8462718725204468,1.0,10.0,14.0,False
null,0.0,,565,60,0.5,2.0,9.0,8.0,False
null,0.0,,565,120,0.4999999999999999,2.0,8.0,7.0,False
null_any,0.0,,565,0,,,,,False
null,0.0,,566,30,0.927001953125,0.0,4.0,8.0,False
null,0.0,,566,60,0.9164657592773438,1.0,7.0,12.0,False
null,0.0,,566,120,0.8665771484375,1.0,5.0,8.0,False
null_any,0.0,,566,0,,,,,False
null,0.0,,567,30,0.5981903076171875,2.0,8.0,8.0,False
null,0.0,,567,60,0.9282684326171875,1.0,6.0,11.0,False
null,0.0,,567,120,0.78802490234375,0.0,6.0,8.0,False
null_any,0.0,,567,0,,,,,False
null,0.0,,568,30,0.19165515899658203,2.0,13.0,8.0,False
null,0.0,,568,60,0.41190147399902344,2.0,11.0,9.0,False
null,0.0,,568,120,0.604736328125,1.0,7.0,7.0,False
null_any,0.0,,568,0,,,,,False
null,0.0,,569,30,0.6681880950927734,1.0,10.0,11.0,False
null,0.0,,569,60,0.9423408508300781,1.0,7.0,13.0,False
null,0.0,,569,120,0.940765380859375,1.0,5.0,10.0,False
null_any,0.0,,569,0,,,,,False
null,0.0,,570,30,0.98455810546875,0.0,5.0,13.0,False
null,0.0,,570,60,0.9608230590820312,1.0,7.0,14.0,False
null,0.0,,570,120,0.982421875,0.0,4.0,11.0,False
null_any,0.0,,570,0,,,,,False
null,0.0,,571,30,0.9164657592773438,1.0,7.0,12.0,False
null,0.0,,571,60,0.7482776641845703,0.0,9.0,11.0,False
null,0.0,,571,120,0.78802490234375,1.0,6.0,8.0,False
null_any,0.0,,571,0,,,,,False
null,0.0,,572,30,0.9053764343261719,0.0,8.0,13.0,False
null,0.0,,572,60,0.808344841003418,0.0,9.0,12.0,False
null,0.0,,572,120,0.29052734375,2.0,8.0,5.0,False
null_any,0.0,,572,0,,,,,False
null,0.0,,573,30,0.9998893737792969,0.0,3.0,18.0,False
null,0.0,,573,60,0.9936370849609375,0.0,4.0,13.0,False
null,0.0,,573,120,0.982421875,0.0,4.0,11.0,False
null_any,0.0,,573,0,,,,,False
null,0.0,,574,30,0.980712890625,0.0,3.0,9.0,False
null,0.0,,574,60,0.7975635528564453,2.0,10.0,13.0,False
null,0.0,,574,120,0.8949432373046875,1.0,6.0,10.0,False
null_any,0.0,,574,0,,,,,False
null,0.0,,575,30,0.5880985260009766,1.0,10.0,10.0,False
null,0.0,,575,60,0.6854705810546875,1.0,8.0,9.0,False
null,0.0,,575,120,0.80615234375,1.0,5.0,7.0,False
null_any,0.0,,575,0,,,,,False
null,0.0,,576,30,0.5880985260009766,1.0,10.0,10.0,False
null,0.0,,576,60,0.7727508544921875,1.0,7.0,9.0,False
null,0.0,,576,120,0.951873779296875,1.0,6.0,12.0,False
null_any,0.0,,576,0,,,,,False
null,0.0,,577,30,0.96728515625,0.0,3.0,8.0,False
null,0.0,,577,60,0.5,1.0,9.0,8.0,False
null,0.0,,577,120,0.05923461914062499,4.0,11.0,4.0,False
null_any,0.0,,577,0,,,,,False
null,0.0,,578,30,0.1796417236328125,2.0,12.0,7.0,False
null,0.0,,578,60,0.2617335319519043,2.0,13.0,9.0,False
null,0.0,,578,120,0.33181190490722656,2.0,12.0,9.0,False
null_any,0.0,,578,0,,,,,False
null,0.0,,579,30,0.2272491455078125,2.0,10.0,6.0,False
null,0.0,,579,60,0.08978271484375,4.0,10.0,4.0,False
null,0.0,,579,120,0.61279296875,1.0,6.0,6.0,False
null_any,0.0,,579,0,,,,,False
null,0.0,,580,30,0.2403411865234375,2.0,11.0,7.0,False
null,0.0,,580,60,0.026239395141601562,4.0,16.0,6.0,False
null,0.0,,580,120,0.1050567626953125,3.0,11.0,5.0,False
null_any,0.0,,580,0,,,,,False
null,0.0,,581,30,0.8203582763671875,1.0,8.0,11.0,False
null,0.0,,581,60,0.4159059524536133,2.0,12.0,10.0,False
null,0.0,,581,120,0.2403411865234375,3.0,11.0,7.0,False
null_any,0.0,,581,0,,,,,False
null,0.0,,582,30,0.5927352905273438,1.0,9.0,9.0,False
null,0.0,,582,60,0.40726470947265625,2.0,10.0,8.0,False
null,0.0,,582,120,0.08984375,2.0,7.0,2.0,False
null_any,0.0,,582,0,,,,,False
null,0.0,,583,30,0.10501980781555176,3.0,15.0,8.0,False
null,0.0,,583,60,0.003305375576019287,4.0,19.0,5.0,True
null,0.0,,583,120,0.29052734375,2.0,8.0,5.0,False
null_any,0.0,,583,0,,,,,True
null,0.0,,584,30,0.88671875,2.0,4.0,7.0,False
null,0.0,,584,60,0.8949432373046875,0.0,6.0,10.0,False
null,0.0,,584,120,0.8338470458984375,1.0,7.0,10.0,False
null_any,0.0,,584,0,,,,,False
null,0.0,,585,30,0.8684120178222656,1.0,8.0,12.0,False
null,0.0,,585,60,0.9608230590820312,1.0,7.0,14.0,False
null,0.0,,585,120,0.999755859375,0.0,1.0,11.0,False
null_any,0.0,,585,0,,,,,False
null,0.0,,586,30,0.6854705810546875,1.0,8.0,9.0,False
null,0.0,,586,60,0.8810577392578125,0.0,7.0,11.0,False
null,0.0,,586,120,0.828125,1.0,4.0,6.0,False
null_any,0.0,,586,0,,,,,False
null,0.0,,587,30,0.70947265625,1.0,6.0,7.0,False
null,0.0,,587,60,0.5927352905273438,1.0,9.0,9.0,False
null,0.0,,587,120,0.80615234375,1.0,5.0,7.0,False
null_any,0.0,,587,0,,,,,False
null,0.0,,588,30,0.19165515899658203,4.0,13.0,8.0,False
null,0.0,,588,60,0.604736328125,2.0,7.0,7.0,False
null,0.0,,588,120,0.70947265625,1.0,6.0,7.0,False
null_any,0.0,,588,0,,,,,False
null,0.0,,589,30,0.5,3.0,10.0,9.0,False
null,0.0,,589,60,0.9754791259765625,0.0,5.0,12.0,False
null,0.0,,589,120,0.98046875,0.0,2.0,7.0,False
null_any,0.0,,589,0,,,,,False
null,0.0,,590,30,0.9242051839828491,2.0,9.0,15.0,False
null,0.0,,590,60,0.9608230590820312,1.0,7.0,14.0,False
null,0.0,,590,120,0.84912109375,1.0,6.0,9.0,False
null_any,0.0,,590,0,,,,,False
null,0.0,,591,30,0.9935302734375,0.0,3.0,11.0,False
null,0.0,,591,60,0.9330997467041016,1.0,8.0,14.0,False
null,0.0,,591,120,0.9282684326171875,1.0,6.0,11.0,False
null_any,0.0,,591,0,,,,,False
null,0.0,,592,30,0.2517223358154297,3.0,12.0,8.0,False
null,0.0,,592,60,0.7482776641845703,1.0,9.0,11.0,False
null,0.0,,592,120,0.15087890624999997,3.0,10.0,5.0,False
null_any,0.0,,592,0,,,,,False
null,0.0,,593,30,0.6611802577972412,1.0,11.0,12.0,False
null,0.0,,593,60,0.787821888923645,1.0,11.0,14.0,False
null,0.0,,593,120,0.6854705810546875,2.0,8.0,9.0,False
null_any,0.0,,593,0,,,,,False
null,0.0,,594,30,0.14313936233520508,2.0,14.0,8.0,False
null,0.0,,594,60,0.5840940475463867,2.0,11.0,11.0,False
null,0.0,,594,120,0.6761970520019531,1.0,9.0,10.0,False
null_any,0.0,,594,0,,,,,False
null,0.0,,595,30,0.6681880950927734,0.0,10.0,11.0,False
null,0.0,,595,60,0.7382664680480957,1.0,10.0,12.0,False
null,0.0,,595,120,0.38720703125,2.0,7.0,5.0,False
null_any,0.0,,595,0,,,,,False
null,0.0,,596,30,0.15087890624999997,3.0,10.0,5.0,False
null,0.0,,596,60,0.40726470947265625,1.0,10.0,8.0,False
null,0.0,,596,120,0.6854705810546875,1.0,8.0,9.0,False
null_any,0.0,,596,0,,,,,False
null,0.0,,597,30,0.4159059524536133,2.0,12.0,10.0,False
null,0.0,,597,60,0.5,1.0,15.0,14.0,False
null,0.0,,597,120,0.8949432373046875,0.0,6.0,10.0,False
null_any,0.0,,597,0,,,,,False
null,0.0,,598,30,0.5880985260009766,3.0,10.0,10.0,False
null,0.0,,598,60,0.5981903076171875,2.0,8.0,8.0,False
null,0.0,,598,120,0.5,2.0,6.0,5.0,False
null_any,0.0,,598,0,,,,,False
null,0.0,,599,30,0.08353424072265625,4.0,13.0,6.0,False
null,0.0,,599,60,0.1189422607421875,3.0,12.0,6.0,False
null,0.0,,599,120,0.1661529541015625,4.0,11.0,6.0,False
null_any,0.0,,599,0,,,,,False
null,0.0,,600,30,0.6681880950927734,0.0,10.0,11.0,False
null,0.0,,600,60,0.7382664680480957,0.0,10.0,12.0,False
null,0.0,,600,120,0.29052734375,2.0,8.0,5.0,False
null_any,0.0,,600,0,,,,,False
null,0.0,,601,30,0.8949801921844482,1.0,9.0,14.0,False
null,0.0,,601,60,0.9680426716804504,0.0,8.0,16.0,False
null,0.0,,601,120,0.8949432373046875,1.0,6.0,10.0,False
null_any,0.0,,601,0,,,,,False
null,0.0,,602,30,0.8365302085876465,2.0,11.0,15.0,False
null,0.0,,602,60,0.4159059524536133,1.0,12.0,10.0,False
null,0.0,,602,120,0.8949432373046875,1.0,6.0,10.0,False
null_any,0.0,,602,0,,,,,False
null,0.0,,603,30,0.6854705810546875,1.0,8.0,9.0,False
null,0.0,,603,60,0.3145294189453125,2.0,10.0,7.0,False
null,0.0,,603,120,0.30361938476562494,2.0,9.0,6.0,False
null_any,0.0,,603,0,,,,,False
null,0.0,,604,30,0.9713134765625,0.0,4.0,10.0,False
null,0.0,,604,60,0.8203582763671875,1.0,8.0,11.0,False
null,0.0,,604,120,0.80615234375,1.0,5.0,7.0,False
null_any,0.0,,604,0,,,,,False
null,0.0,,605,30,0.16346979141235352,4.0,16.0,10.0,False
null,0.0,,605,60,0.2617335319519043,2.0,13.0,9.0,False
null,0.0,,605,120,0.03271484375,3.0,9.0,2.0,False
null_any,0.0,,605,0,,,,,False
null,0.0,,606,30,0.048126220703125,4.0,13.0,5.0,False
null,0.0,,606,60,0.5927352905273438,2.0,9.0,9.0,False
null,0.0,,606,120,0.7255859375,1.0,5.0,6.0,False
null_any,0.0,,606,0,,,,,False
null,0.0,,607,30,0.70947265625,2.0,6.0,7.0,False
null,0.0,,607,60,0.1796417236328125,2.0,12.0,7.0,False
null,0.0,,607,120,0.61279296875,1.0,6.0,6.0,False
null_any,0.0,,607,0,,,,,False
null,0.0,,608,30,0.9282684326171875,1.0,6.0,11.0,False
null,0.0,,608,60,0.9423408508300781,1.0,7.0,13.0,False
null,0.0,,608,120,0.91021728515625,0.0,5.0,9.0,False
null_any,0.0,,608,0,,,,,False
null,0.0,,609,30,0.40726470947265625,2.0,10.0,8.0,False
null,0.0,,609,60,0.91021728515625,1.0,5.0,9.0,False
null,0.0,,609,120,0.29052734375,2.0,8.0,5.0,False
null_any,0.0,,609,0,,,,,False
null,0.0,,610,30,0.5880985260009766,2.0,10.0,10.0,False
null,0.0,,610,60,0.8203582763671875,1.0,8.0,11.0,False
null,0.0,,610,120,0.2272491455078125,3.0,10.0,6.0,False
null_any,0.0,,610,0,,,,,False
null,0.0,,611,30,0.7727508544921875,1.0,7.0,9.0,False
null,0.0,,611,60,0.08978271484375,2.0,10.0,4.0,False
null,0.0,,611,120,0.70947265625,1.0,6.0,7.0,False
null_any,0.0,,611,0,,,,,False
null,0.0,,612,30,0.29052734375,2.0,8.0,5.0,False
null,0.0,,612,60,0.6854705810546875,2.0,8.0,9.0,False
null,0.0,,612,120,0.8338470458984375,2.0,7.0,10.0,False
null_any,0.0,,612,0,,,,,False
null,0.0,,613,30,0.84912109375,1.0,6.0,9.0,False
null,0.0,,613,60,0.91021728515625,1.0,5.0,9.0,False
null,0.0,,613,120,0.8810577392578125,1.0,7.0,11.0,False
null_any,0.0,,613,0,,,,,False
null,0.0,,614,30,0.95343017578125,0.0,8.0,15.0,False
null,0.0,,614,60,0.885238528251648,0.0,10.0,15.0,False
null,0.0,,614,120,0.40726470947265625,1.0,10.0,8.0,False
null_any,0.0,,614,0,,,,,False
null,0.0,,615,30,0.29052734375,2.0,8.0,5.0,False
null,0.0,,615,60,0.41190147399902344,2.0,11.0,9.0,False
null,0.0,,615,120,0.828125,1.0,4.0,6.0,False
null_any,0.0,,615,0,,,,,False
null,0.0,,616,30,0.3388197422027588,1.0,13.0,10.0,False
null,0.0,,616,60,0.15087890624999997,2.0,10.0,5.0,False
null,0.0,,616,120,0.171875,4.0,7.0,3.0,False
null_any,0.0,,616,0,,,,,False
null,0.0,,617,30,0.5,2.0,10.0,9.0,False
null,0.0,,617,60,0.7482776641845703,1.0,9.0,11.0,False
null,0.0,,617,120,0.7255859375,1.0,5.0,6.0,False
null_any,0.0,,617,0,,,,,False
null,0.0,,618,30,0.41190147399902344,2.0,11.0,9.0,False
null,0.0,,618,60,0.5927352905273438,0.0,9.0,9.0,False
null,0.0,,618,120,0.21197509765625,3.0,9.0,5.0,False
null_any,0.0,,618,0,,,,,False
null,0.0,,619,30,0.8462718725204468,1.0,10.0,14.0,False
null,0.0,,619,60,0.9793052673339844,0.0,6.0,14.0,False
null,0.0,,619,120,0.80615234375,1.0,5.0,7.0,False
null_any,0.0,,619,0,,,,,False
null,0.0,,620,30,0.41190147399902344,3.0,11.0,9.0,False
null,0.0,,620,60,0.95343017578125,0.0,8.0,15.0,False
null,0.0,,620,120,0.980712890625,0.0,3.0,9.0,False
null_any,0.0,,620,0,,,,,False
null,0.0,,621,30,0.3145294189453125,3.0,10.0,7.0,False
null,0.0,,621,60,0.15372812747955322,3.0,15.0,9.0,False
null,0.0,,621,120,0.0384063720703125,2.0,12.0,4.0,False
null_any,0.0,,621,0,,,,,False
null,0.0,,622,30,0.1796417236328125,3.0,12.0,7.0,False
null,0.0,,622,60,0.5,2.0,12.0,11.0,False
null,0.0,,622,120,0.3145294189453125,3.0,10.0,7.0,False
null_any,0.0,,622,0,,,,,False
null,0.0,,623,30,0.8810577392578125,2.0,7.0,11.0,False
null,0.0,,623,60,0.7482776641845703,0.0,9.0,11.0,False
null,0.0,,623,120,0.8338470458984375,1.0,7.0,10.0,False
null_any,0.0,,623,0,,,,,False
null,0.0,,624,30,0.2517223358154297,2.0,12.0,8.0,False
null,0.0,,624,60,0.4999999999999999,1.0,8.0,7.0,False
null,0.0,,624,120,0.7255859375,1.0,5.0,6.0,False
null_any,0.0,,624,0,,,,,False
null,0.0,,625,30,0.4018096923828125,3.0,9.0,7.0,False
null,0.0,,625,60,0.7382664680480957,2.0,10.0,12.0,False
null,0.0,,625,120,0.9164657592773438,1.0,7.0,12.0,False
null_any,0.0,,625,0,,,,,False
null,0.0,,626,30,0.78802490234375,1.0,6.0,8.0,False
null,0.0,,626,60,0.03917694091796875,3.0,15.0,6.0,False
null,0.0,,626,120,0.0384063720703125,3.0,12.0,4.0,False
null_any,0.0,,626,0,,,,,False
null,0.0,,627,30,0.88671875,1.0,4.0,7.0,False
null,0.0,,627,60,0.3238029479980469,1.0,11.0,8.0,False
null,0.0,,627,120,0.5,1.0,9.0,8.0,False
null_any,0.0,,627,0,,,,,False
null,0.0,,628,30,0.1796417236328125,3.0,12.0,7.0,False
null,0.0,,628,60,0.13158798217773438,2.0,13.0,7.0,False
null,0.0,,628,120,0.21197509765625,3.0,9.0,5.0,False
null_any,0.0,,628,0,,,,,False
null,0.0,,629,30,0.8338470458984375,1.0,7.0,10.0,False
null,0.0,,629,60,0.6854705810546875,1.0,8.0,9.0,False
null,0.0,,629,120,0.91015625,1.0,3.0,6.0,False
null_any,0.0,,629,0,,,,,False
null,0.0,,630,30,0.7727508544921875,1.0,7.0,9.0,False
null,0.0,,630,60,0.9282684326171875,0.0,6.0,11.0,False
null,0.0,,630,120,0.84912109375,0.0,6.0,9.0,False
null_any,0.0,,630,0,,,,,False
null,0.0,,631,30,0.5927352905273438,1.0,9.0,9.0,False
null,0.0,,631,60,0.808344841003418,0.0,9.0,12.0,False
null,0.0,,631,120,0.9615936279296875,0.0,5.0,11.0,False
null_any,0.0,,631,0,,,,,False
null,0.0,,632,30,0.11328125,2.0,8.0,3.0,False
null,0.0,,632,60,0.41190147399902344,2.0,11.0,9.0,False
null,0.0,,632,120,0.6854705810546875,0.0,8.0,9.0,False
null_any,0.0,,632,0,,,,,False
null,0.0,,633,30,0.4999999999999999,2.0,8.0,7.0,False
null,0.0,,633,60,0.5,1.0,11.0,10.0,False
null,0.0,,633,120,0.40726470947265625,2.0,10.0,8.0,False
null_any,0.0,,633,0,,,,,False
null,0.0,,634,30,0.9330997467041016,0.0,8.0,14.0,False
null,0.0,,634,60,0.2617335319519043,4.0,13.0,9.0,False
null,0.0,,634,120,0.2403411865234375,3.0,11.0,7.0,False
null_any,0.0,,634,0,,,,,False
null,0.0,,635,30,0.2517223358154297,2.0,12.0,8.0,False
null,0.0,,635,60,0.4999999999999999,1.0,8.0,7.0,False
null,0.0,,635,120,0.7255859375,1.0,5.0,6.0,False
null_any,0.0,,635,0,,,,,False
null,0.0,,636,30,0.7596588134765625,1.0,8.0,10.0,False
null,0.0,,636,60,0.03917694091796875,4.0,15.0,6.0,False
null,0.0,,636,120,0.08353424072265625,3.0,13.0,6.0,False
null_any,0.0,,636,0,,,,,False
null,0.0,,637,30,0.6681880950927734,1.0,10.0,11.0,False
null,0.0,,637,60,0.98455810546875,0.0,5.0,13.0,False
null,0.0,,637,120,0.5,2.0,7.0,6.0,False
null_any,0.0,,637,0,,,,,False
null,0.0,,638,30,0.5880985260009766,2.0,10.0,10.0,False
null,0.0,,638,60,0.8684120178222656,2.0,8.0,12.0,False
null,0.0,,638,120,0.980712890625,1.0,3.0,9.0,False
null_any,0.0,,638,0,,,,,False
null,0.0,,639,30,0.8949801921844482,1.0,9.0,14.0,False
null,0.0,,639,60,0.9330997467041016,1.0,8.0,14.0,False
null,0.0,,639,120,0.70947265625,2.0,6.0,7.0,False
null_any,0.0,,639,0,,,,,False
null,0.0,,640,30,0.6854705810546875,2.0,8.0,9.0,False
null,0.0,,640,60,0.2403411865234375,2.0,11.0,7.0,False
null,0.0,,640,120,0.40726470947265625,2.0,10.0,8.0,False
null_any,0.0,,640,0,,,,,False
null,0.0,,641,30,0.5,1.0,7.0,6.0,False
null,0.0,,641,60,0.9423408508300781,1.0,7.0,13.0,False
null,0.0,,641,120,0.8810577392578125,1.0,7.0,11.0,False
null_any,0.0,,641,0,,,,,False
null,0.0,,642,30,0.8203582763671875,1.0,8.0,11.0,False
null,0.0,,642,60,0.99951171875,0.0,2.0,13.0,False
null,0.0,,642,120,0.9935302734375,0.0,3.0,11.0,False
null_any,0.0,,642,0,,,,,False
null,0.0,,643,30,0.29052734375,3.0,8.0,5.0,False
null,0.0,,643,60,0.5840940475463867,1.0,11.0,11.0,False
null,0.0,,643,120,0.88671875,1.0,4.0,7.0,False
null_any,0.0,,643,0,,,,,False
null,0.0,,644,30,0.5,3.0,10.0,9.0,False
null,0.0,,644,60,0.08353424072265625,2.0,13.0,6.0,False
null,0.0,,644,120,0.21197509765625,3.0,9.0,5.0,False
null_any,0.0,,644,0,,,,,False
null,0.0,,645,30,0.6854705810546875,2.0,8.0,9.0,False
null,0.0,,645,60,0.6681880950927734,1.0,10.0,11.0,False
null,0.0,,645,120,0.38720703125,2.0,7.0,5.0,False
null_any,0.0,,645,0,,,,,False
null,0.0,,646,30,0.2024364471435547,3.0,14.0,9.0,False
null,0.0,,646,60,0.19165515899658203,2.0,13.0,8.0,False
null,0.0,,646,120,0.29052734375,3.0,8.0,5.0,False
null_any,0.0,,646,0,,,,,False
null,0.0,,647,30,0.5981903076171875,1.0,8.0,8.0,False
null,0.0,,647,60,0.80615234375,1.0,5.0,7.0,False
null,0.0,,647,120,0.9921875,0.0,1.0,6.0,False
null_any,0.0,,647,0,,,,,False
null,0.0,,648,30,0.3145294189453125,2.0,10.0,7.0,False
null,0.0,,648,60,0.07579481601715088,2.0,16.0,8.0,False
null,0.0,,648,120,0.3145294189453125,2.0,10.0,7.0,False
null_any,0.0,,648,0,,,,,False
null,0.0,,649,30,0.2024364471435547,2.0,14.0,9.0,False
null,0.0,,649,60,0.5,2.0,9.0,8.0,False
null,0.0,,649,120,0.19384765625,2.0,8.0,4.0,False
null_any,0.0,,649,0,,,,,False
null,0.0,,650,30,0.1661529541015625,3.0,11.0,6.0,False
null,0.0,,650,60,0.5,1.0,9.0,8.0,False
null,0.0,,650,120,0.80615234375,0.0,5.0,7.0,False
null_any,0.0,,650,0,,,,,False
null,0.0,,651,30,0.940765380859375,0.0,5.0,10.0,False
null,0.0,,651,60,0.9330997467041016,0.0,8.0,14.0,False
null,0.0,,651,120,0.84912109375,1.0,6.0,9.0,False
null_any,0.0,,651,0,,,,,False
null,0.0,,652,30,0.5,2.0,11.0,10.0,False
null,0.0,,652,60,0.40726470947265625,3.0,10.0,8.0,False
null,0.0,,652,120,0.828125,0.0,4.0,6.0,False
null_any,0.0,,652,0,,,,,False
null,0.0,,653,30,0.7596588134765625,1.0,8.0,10.0,False
null,0.0,,653,60,0.048126220703125,3.0,13.0,5.0,False
null,0.0,,653,120,0.1189422607421875,3.0,12.0,6.0,False
null_any,0.0,,653,0,,,,,False
null,0.0,,654,30,0.78802490234375,1.0,6.0,8.0,False
null,0.0,,654,60,0.9754791259765625,0.0,5.0,12.0,False
null,0.0,,654,120,0.8665771484375,0.0,5.0,8.0,False
null_any,0.0,,654,0,,,,,False
null,0.0,,655,30,0.6681880950927734,1.0,10.0,11.0,False
null,0.0,,655,60,0.7596588134765625,1.0,8.0,10.0,False
null,0.0,,655,120,0.9615936279296875,1.0,5.0,11.0,False
null_any,0.0,,655,0,,,,,False
null,0.0,,656,30,0.38720703125,2.0,7.0,5.0,False
null,0.0,,656,60,0.5,2.0,9.0,8.0,False
null,0.0,,656,120,0.5981903076171875,2.0,8.0,8.0,False
null_any,0.0,,656,0,,,,,False
null,0.0,,657,30,0.09462356567382812,3.0,14.0,7.0,False
null,0.0,,657,60,0.19165515899658203,3.0,13.0,8.0,False
null,0.0,,657,120,0.5,2.0,11.0,10.0,False
null_any,0.0,,657,0,,,,,False
null,0.0,,658,30,0.7596588134765625,1.0,8.0,10.0,False
null,0.0,,658,60,0.6681880950927734,2.0,10.0,11.0,False
null,0.0,,658,120,0.9754791259765625,1.0,5.0,12.0,False
null_any,0.0,,658,0,,,,,False
null,0.0,,659,30,0.33181190490722656,2.0,12.0,9.0,False
null,0.0,,659,60,0.5927352905273438,0.0,9.0,9.0,False
null,0.0,,659,120,0.7727508544921875,0.0,7.0,9.0,False
null_any,0.0,,659,0,,,,,False
null,0.0,,660,30,0.40726470947265625,2.0,10.0,8.0,False
null,0.0,,660,60,0.604736328125,1.0,7.0,7.0,False
null,0.0,,660,120,0.4018096923828125,3.0,9.0,7.0,False
null_any,0.0,,660,0,,,,,False
null,0.0,,661,30,0.6611802577972412,1.0,11.0,12.0,False
null,0.0,,661,60,0.8684120178222656,1.0,8.0,12.0,False
null,0.0,,661,120,0.998291015625,0.0,2.0,11.0,False
null_any,0.0,,661,0,,,,,False
null,0.0,,662,30,0.33181190490722656,2.0,12.0,9.0,False
null,0.0,,662,60,0.5927352905273438,0.0,9.0,9.0,False
null,0.0,,662,120,0.7727508544921875,0.0,7.0,9.0,False
null_any,0.0,,662,0,,,,,False
null,0.0,,663,30,0.5840940475463867,2.0,11.0,11.0,False
null,0.0,,663,60,0.19165515899658203,2.0,13.0,8.0,False
null,0.0,,663,120,0.395263671875,1.0,8.0,6.0,False
null_any,0.0,,663,0,,,,,False
null,0.0,,664,30,0.13158798217773438,2.0,13.0,7.0,False
null,0.0,,664,60,0.19165515899658203,2.0,13.0,8.0,False
null,0.0,,664,120,0.2272491455078125,2.0,10.0,6.0,False
null_any,0.0,,664,0,,,,,False
null,0.0,,665,30,0.9826551675796509,0.0,7.0,16.0,False
null,0.0,,665,60,0.6611802577972412,1.0,11.0,12.0,False
null,0.0,,665,120,0.5,2.0,7.0,6.0,False
null_any,0.0,,665,0,,,,,False
null,0.0,,666,30,0.808344841003418,1.0,9.0,12.0,False
null,0.0,,666,60,0.9793052673339844,0.0,6.0,14.0,False
null,0.0,,666,120,0.84912109375,1.0,6.0,9.0,False
null_any,0.0,,666,0,,,,,False
null,0.0,,667,30,0.7975635528564453,1.0,10.0,13.0,False
null,0.0,,667,60,0.6761970520019531,1.0,9.0,10.0,False
null,0.0,,667,120,0.61279296875,1.0,6.0,6.0,False
null_any,0.0,,667,0,,,,,False
null,0.0,,668,30,0.0717315673828125,4.0,12.0,5.0,False
null,0.0,,668,60,0.017578125,3.0,12.0,3.0,False
null,0.0,,668,120,0.05923461914062499,3.0,11.0,4.0,False
null_any,0.0,,668,0,,,,,False
null,0.0,,669,30,0.5,1.0,10.0,9.0,False
null,0.0,,669,60,0.4159059524536133,1.0,12.0,10.0,False
null,0.0,,669,120,0.696380615234375,1.0,7.0,8.0,False
null_any,0.0,,669,0,,,,,False
null,0.0,,670,30,0.2403411865234375,2.0,11.0,7.0,False
null,0.0,,670,60,0.33181190490722656,2.0,12.0,9.0,False
null,0.0,,670,120,0.1050567626953125,2.0,11.0,5.0,False
null_any,0.0,,670,0,,,,,False
null,0.0,,671,30,0.41190147399902344,2.0,11.0,9.0,False
null,0.0,,671,60,0.6681880950927734,1.0,10.0,11.0,False
null,0.0,,671,120,0.604736328125,1.0,7.0,7.0,False
null_any,0.0,,671,0,,,,,False
null,0.0,,672,30,0.2024364471435547,2.0,14.0,9.0,False
null,0.0,,672,60,0.5,2.0,11.0,10.0,False
null,0.0,,672,120,0.9615936279296875,0.0,5.0,11.0,False
null_any,0.0,,672,0,,,,,False
null,0.0,,673,30,0.6681880950927734,1.0,10.0,11.0,False
null,0.0,,673,60,0.9682159423828125,2.0,6.0,13.0,False
null,0.0,,673,120,0.8665771484375,1.0,5.0,8.0,False
null_any,0.0,,673,0,,,,,False
null,0.0,,674,30,0.808344841003418,1.0,9.0,12.0,False
null,0.0,,674,60,0.7975635528564453,1.0,10.0,13.0,False
null,0.0,,674,120,0.9754791259765625,0.0,5.0,12.0,False
null_any,0.0,,674,0,,,,,False
null,0.0,,675,30,0.3388197422027588,3.0,13.0,10.0,False
null,0.0,,675,60,0.8684120178222656,2.0,8.0,12.0,False
null,0.0,,675,120,0.9282684326171875,1.0,6.0,11.0,False
null_any,0.0,,675,0,,,,,False
null,0.0,,676,30,0.8949801921844482,0.0,9.0,14.0,False
null,0.0,,676,60,0.9053764343261719,1.0,8.0,13.0,False
null,0.0,,676,120,0.5,1.0,7.0,6.0,False
null_any,0.0,,676,0,,,,,False
null,0.0,,677,30,0.9330997467041016,1.0,8.0,14.0,False
null,0.0,,677,60,0.4194098711013794,2.0,13.0,11.0,False
null,0.0,,677,120,0.171875,3.0,7.0,3.0,False
null_any,0.0,,677,0,,,,,False
null,0.0,,678,30,0.7596588134765625,1.0,8.0,10.0,False
null,0.0,,678,60,0.7482776641845703,1.0,9.0,11.0,False
null,0.0,,678,120,0.696380615234375,0.0,7.0,8.0,False
null_any,0.0,,678,0,,,,,False
null,0.0,,679,30,0.4018096923828125,1.0,9.0,7.0,False
null,0.0,,679,60,0.19165515899658203,3.0,13.0,8.0,False
null,0.0,,679,120,0.2272491455078125,2.0,10.0,6.0,False
null_any,0.0,,679,0,,,,,False
null,0.0,,680,30,0.30361938476562494,2.0,9.0,6.0,False
null,0.0,,680,60,0.6549810171127319,2.0,12.0,13.0,False
null,0.0,,680,120,0.8684120178222656,1.0,8.0,12.0,False
null_any,0.0,,680,0,,,,,False
null,0.0,,681,30,0.7975635528564453,2.0,10.0,13.0,False
null,0.0,,681,60,0.6761970520019531,2.0,9.0,10.0,False
null,0.0,,681,120,0.4999999999999999,2.0,8.0,7.0,False
null_any,0.0,,681,0,,,,,False
null,0.0,,682,30,0.8810577392578125,1.0,7.0,11.0,False
null,0.0,,682,60,0.9164657592773438,1.0,7.0,12.0,False
null,0.0,,682,120,0.5,1.0,7.0,6.0,False
null_any,0.0,,682,0,,,,,False
null,0.0,,683,30,0.5927352905273438,2.0,9.0,9.0,False
null,0.0,,683,60,0.8338470458984375,1.0,7.0,10.0,False
null,0.0,,683,120,0.980712890625,0.0,3.0,9.0,False
null_any,0.0,,683,0,,,,,False
null,0.0,,684,30,0.8949432373046875,1.0,6.0,10.0,False
null,0.0,,684,60,0.7596588134765625,2.0,8.0,10.0,False
null,0.0,,684,120,0.7727508544921875,2.0,7.0,9.0,False
null_any,0.0,,684,0,,,,,False
null,0.0,,685,30,0.2403411865234375,3.0,11.0,7.0,False
null,0.0,,685,60,0.5,2.0,10.0,9.0,False
null,0.0,,685,120,0.5,2.0,6.0,5.0,False
null_any,0.0,,685,0,,,,,False
null,0.0,,686,30,0.5927352905273438,1.0,9.0,9.0,False
null,0.0,,686,60,0.13158798217773438,4.0,13.0,7.0,False
null,0.0,,686,120,0.4999999999999999,1.0,8.0,7.0,False
null_any,0.0,,686,0,,,,,False
null,0.0,,687,30,0.8665771484375,1.0,5.0,8.0,False
null,0.0,,687,60,0.2403411865234375,3.0,11.0,7.0,False
null,0.0,,687,120,0.1050567626953125,3.0,11.0,5.0,False
null_any,0.0,,687,0,,,,,False
null,0.0,,688,30,0.6761970520019531,3.0,9.0,10.0,False
null,0.0,,688,60,0.8568606376647949,2.0,9.0,13.0,False
null,0.0,,688,120,0.5840940475463867,2.0,11.0,11.0,False
null_any,0.0,,688,0,,,,,False
null,0.0,,689,30,0.057659149169921875,3.0,14.0,6.0,False
null,0.0,,689,60,0.3145294189453125,3.0,10.0,7.0,False
null,0.0,,689,120,0.5,1.0,6.0,5.0,False
null_any,0.0,,689,0,,,,,False
null,0.0,,690,30,0.7975635528564453,2.0,10.0,13.0,False
null,0.0,,690,60,0.5,2.0,11.0,10.0,False
null,0.0,,690,120,0.30361938476562494,2.0,9.0,6.0,False
null_any,0.0,,690,0,,,,,False
null,0.0,,691,30,0.2517223358154297,3.0,12.0,8.0,False
null,0.0,,691,60,0.395263671875,2.0,8.0,6.0,False
null,0.0,,691,120,0.940765380859375,1.0,5.0,10.0,False
null_any,0.0,,691,0,,,,,False
null,0.0,,692,30,0.2272491455078125,3.0,10.0,6.0,False
null,0.0,,692,60,0.1189422607421875,3.0,12.0,6.0,False
null,0.0,,692,120,0.2403411865234375,3.0,11.0,7.0,False
null_any,0.0,,692,0,,,,,False
null,0.0,,693,30,0.5,3.0,11.0,10.0,False
null,0.0,,693,60,0.5805901288986206,2.0,12.0,12.0,False
null,0.0,,693,120,0.21197509765625,3.0,9.0,5.0,False
null_any,0.0,,693,0,,,,,False
null,0.0,,694,30,0.8203582763671875,1.0,8.0,11.0,False
null,0.0,,694,60,0.3145294189453125,2.0,10.0,7.0,False
null,0.0,,694,120,0.0717315673828125,3.0,12.0,5.0,False
null_any,0.0,,694,0,,,,,False
null,0.0,,695,30,0.8568606376647949,1.0,9.0,13.0,False
null,0.0,,695,60,0.9156812280416489,1.0,10.0,16.0,False
null,0.0,,695,120,0.9282684326171875,1.0,6.0,11.0,False
null_any,0.0,,695,0,,,,,False
null,0.0,,696,30,0.5,2.0,10.0,9.0,False
null,0.0,,696,60,0.5,2.0,10.0,9.0,False
null,0.0,,696,120,0.0717315673828125,2.0,12.0,5.0,False
null_any,0.0,,696,0,,,,,False
null,0.0,,697,30,0.3238029479980469,3.0,11.0,8.0,False
null,0.0,,697,60,0.27062809467315674,2.0,14.0,10.0,False
null,0.0,,697,120,0.5880985260009766,2.0,10.0,10.0,False
null_any,0.0,,697,0,,,,,False
null,0.0,,698,30,0.5927352905273438,1.0,9.0,9.0,False
null,0.0,,698,60,0.5880985260009766,1.0,10.0,10.0,False
null,0.0,,698,120,0.84912109375,0.0,6.0,9.0,False
null_any,0.0,,698,0,,,,,False
null,0.0,,699,30,0.953857421875,0.0,4.0,9.0,False
null,0.0,,699,60,0.3145294189453125,2.0,10.0,7.0,False
null,0.0,,699,120,0.5,2.0,9.0,8.0,False
null_any,0.0,,699,0,,,,,False
null,0.0,,700,30,0.13158798217773438,3.0,13.0,7.0,False
null,0.0,,700,60,0.014479637145996094,4.0,19.0,7.0,True
null,0.0,,700,120,0.21197509765625,2.0,9.0,5.0,False
null_any,0.0,,700,0,,,,,True
null,0.0,,701,30,0.8338470458984375,1.0,7.0,10.0,False
null,0.0,,701,60,0.8949432373046875,2.0,6.0,10.0,False
null,0.0,,701,120,0.696380615234375,2.0,7.0,8.0,False
null_any,0.0,,701,0,,,,,False
null,0.0,,702,30,0.01544189453125,3.0,14.0,4.0,True
null,0.0,,702,60,0.2617335319519043,1.0,13.0,9.0,False
null,0.0,,702,120,0.70947265625,1.0,6.0,7.0,False
null_any,0.0,,702,0,,,,,True
null,0.0,,703,30,0.98455810546875,0.0,5.0,13.0,False
null,0.0,,703,60,0.9979095458984375,0.0,3.0,13.0,False
null,0.0,,703,120,0.88671875,1.0,4.0,7.0,False
null_any,0.0,,703,0,,,,,False
null,0.0,,704,30,0.19165515899658203,2.0,13.0,8.0,False
null,0.0,,704,60,0.5880985260009766,2.0,10.0,10.0,False
null,0.0,,704,120,0.5,2.0,7.0,6.0,False
null_any,0.0,,704,0,,,,,False
null,0.0,,705,30,0.70947265625,1.0,6.0,7.0,False
null,0.0,,705,60,0.1796417236328125,2.0,12.0,7.0,False
null,0.0,,705,120,0.15087890624999997,3.0,10.0,5.0,False
null_any,0.0,,705,0,,,,,False
null,0.0,,706,30,0.6761970520019531,2.0,9.0,10.0,False
null,0.0,,706,60,0.7293719053268433,1.0,11.0,13.0,False
null,0.0,,706,120,0.604736328125,2.0,7.0,7.0,False
null_any,0.0,,706,0,,,,,False
null,0.0,,707,30,0.29052734375,3.0,8.0,5.0,False
null,0.0,,707,60,0.048126220703125,3.0,13.0,5.0,False
null,0.0,,707,120,0.5,2.0,9.0,8.0,False
null_any,0.0,,707,0,,,,,False
null,0.0,,708,30,0.5927352905273438,2.0,9.0,9.0,False
null,0.0,,708,60,0.7975635528564453,1.0,10.0,13.0,False
null,0.0,,708,120,0.9164657592773438,1.0,7.0,12.0,False
null_any,0.0,,708,0,,,,,False
null,0.0,,709,30,0.09462356567382812,3.0,14.0,7.0,False
null,0.0,,709,60,0.33181190490722656,3.0,12.0,9.0,False
null,0.0,,709,120,0.5981903076171875,2.0,8.0,8.0,False
null_any,0.0,,709,0,,,,,False
null,0.0,,710,30,0.696380615234375,2.0,7.0,8.0,False
null,0.0,,710,60,0.7596588134765625,1.0,8.0,10.0,False
null,0.0,,710,120,0.80615234375,0.0,5.0,7.0,False
null_any,0.0,,710,0,,,,,False
null,0.0,,711,30,0.2517223358154297,2.0,12.0,8.0,False
null,0.0,,711,60,0.5,1.0,9.0,8.0,False
null,0.0,,711,120,0.4999999999999999,2.0,8.0,7.0,False
null_any,0.0,,711,0,,,,,False
null,0.0,,712,30,0.30361938476562494,3.0,9.0,6.0,False
null,0.0,,712,60,0.08353424072265625,4.0,13.0,6.0,False
null,0.0,,712,120,0.08978271484375,3.0,10.0,4.0,False
null_any,0.0,,712,0,,,,,False
null,0.0,,713,30,0.5927352905273438,2.0,9.0,9.0,False
null,0.0,,713,60,0.7382664680480957,2.0,10.0,12.0,False
null,0.0,,713,120,0.7596588134765625,0.0,8.0,10.0,False
null_any,0.0,,713,0,,,,,False
null,0.0,,714,30,0.9903945922851562,0.0,5.0,14.0,False
null,0.0,,714,60,0.6761970520019531,2.0,9.0,10.0,False
null,0.0,,714,120,0.9615936279296875,1.0,5.0,11.0,False
null_any,0.0,,714,0,,,,,False
null,0.0,,715,30,0.2617335319519043,3.0,13.0,9.0,False
null,0.0,,715,60,0.5,2.0,10.0,9.0,False
null,0.0,,715,120,0.88671875,1.0,4.0,7.0,False
null_any,0.0,,715,0,,,,,False
null,0.0,,716,30,0.9053764343261719,2.0,8.0,13.0,False
null,0.0,,716,60,0.9754791259765625,0.0,5.0,12.0,False
null,0.0,,716,120,0.8810577392578125,2.0,7.0,11.0,False
null_any,0.0,,716,0,,,,,False
null,0.0,,717,30,0.08978271484375,3.0,10.0,4.0,False
null,0.0,,717,60,0.40726470947265625,2.0,10.0,8.0,False
null,0.0,,717,120,0.8949432373046875,0.0,6.0,10.0,False
null_any,0.0,,717,0,,,,,False
null,0.0,,718,30,0.6761970520019531,1.0,9.0,10.0,False
null,0.0,,718,60,0.7789658308029175,2.0,12.0,15.0,False
null,0.0,,718,120,0.5981903076171875,1.0,8.0,8.0,False
null_any,0.0,,718,0,,,,,False
null,0.0,,719,30,0.6681880950927734,1.0,10.0,11.0,False
null,0.0,,719,60,0.5,1.0,10.0,9.0,False
null,0.0,,719,120,0.30361938476562494,2.0,9.0,6.0,False
null_any,0.0,,719,0,,,,,False
null,0.0,,720,30,0.9053764343261719,1.0,8.0,13.0,False
null,0.0,,720,60,0.8594792424701154,2.0,13.0,18.0,False
null,0.0,,720,120,0.7596588134765625,1.0,8.0,10.0,False
null_any,0.0,,720,0,,,,,False
null,0.0,,721,30,0.08978271484375,3.0,10.0,4.0,False
null,0.0,,721,60,0.03917694091796875,3.0,15.0,6.0,False
null,0.0,,721,120,0.30361938476562494,1.0,9.0,6.0,False
null_any,0.0,,721,0,,,,,False
null,0.0,,722,30,0.8810577392578125,1.0,7.0,11.0,False
null,0.0,,722,60,0.8684120178222656,0.0,8.0,12.0,False
null,0.0,,722,120,0.74609375,2.0,4.0,5.0,False
null_any,0.0,,722,0,,,,,False
null,0.0,,723,30,0.2617335319519043,2.0,13.0,9.0,False
null,0.0,,723,60,0.5981903076171875,1.0,8.0,8.0,False
null,0.0,,723,120,0.395263671875,2.0,8.0,6.0,False
null_any,0.0,,723,0,,,,,False
null,0.0,,724,30,0.072998046875,2.0,9.0,3.0,False
null,0.0,,724,60,0.84912109375,2.0,6.0,9.0,False
null,0.0,,724,120,0.7727508544921875,2.0,7.0,9.0,False
null_any,0.0,,724,0,,,,,False
null,0.0,,725,30,0.4018096923828125,2.0,9.0,7.0,False
null,0.0,,725,60,0.0384063720703125,4.0,12.0,4.0,False
null,0.0,,725,120,0.61279296875,3.0,6.0,6.0,False
null_any,0.0,,725,0,,,,,False
null,0.0,,726,30,0.2517223358154297,2.0,12.0,8.0,False
null,0.0,,726,60,0.33181190490722656,3.0,12.0,9.0,False
null,0.0,,726,120,0.395263671875,1.0,8.0,6.0,False
null_any,0.0,,726,0,,,,,False
null,0.0,,727,30,0.03917694091796875,4.0,15.0,6.0,False
null,0.0,,727,60,0.03917694091796875,3.0,15.0,6.0,False
null,0.0,,727,120,0.08353424072265625,3.0,13.0,6.0,False
null_any,0.0,,727,0,,,,,False
null,0.0,,728,30,0.0717315673828125,3.0,12.0,5.0,False
null,0.0,,728,60,0.21197509765625,2.0,9.0,5.0,False
null,0.0,,728,120,0.828125,1.0,4.0,6.0,False
null_any,0.0,,728,0,,,,,False
null,0.0,,729,30,0.7596588134765625,1.0,8.0,10.0,False
null,0.0,,729,60,0.7596588134765625,1.0,8.0,10.0,False
null,0.0,,729,120,0.61279296875,1.0,6.0,6.0,False
null_any,0.0,,729,0,,,,,False
null,0.0,,730,30,0.8949801921844482,0.0,9.0,14.0,False
null,0.0,,730,60,0.9053764343261719,1.0,8.0,13.0,False
null,0.0,,730,120,0.5,1.0,7.0,6.0,False
null_any,0.0,,730,0,,,,,False
null,0.0,,731,30,0.5,1.0,10.0,9.0,False
null,0.0,,731,60,0.15087890624999997,1.0,10.0,5.0,False
null,0.0,,731,120,0.072998046875,4.0,9.0,3.0,False
null_any,0.0,,731,0,,,,,False
null,0.0,,732,30,0.9423408508300781,0.0,7.0,13.0,False
null,0.0,,732,60,0.9783573746681213,1.0,8.0,17.0,False
null,0.0,,732,120,0.7255859375,1.0,5.0,6.0,False
null_any,0.0,,732,0,,,,,False
null,0.0,,733,30,0.40726470947265625,2.0,10.0,8.0,False
null,0.0,,733,60,0.6854705810546875,2.0,8.0,9.0,False
null,0.0,,733,120,0.5,2.0,7.0,6.0,False
null_any,0.0,,733,0,,,,,False
null,0.0,,734,30,0.2517223358154297,2.0,12.0,8.0,False
null,0.0,,734,60,0.2024364471435547,2.0,14.0,9.0,False
null,0.0,,734,120,0.003692626953125,4.0,13.0,2.0,True
null_any,0.0,,734,0,,,,,True
null,0.0,,735,30,0.6681880950927734,1.0,10.0,11.0,False
null,0.0,,735,60,0.7596588134765625,1.0,8.0,10.0,False
null,0.0,,735,120,0.9615936279296875,1.0,5.0,11.0,False
null_any,0.0,,735,0,,,,,False
null,0.0,,736,30,0.8684120178222656,2.0,8.0,12.0,False
null,0.0,,736,60,0.808344841003418,0.0,9.0,12.0,False
null,0.0,,736,120,0.80615234375,2.0,5.0,7.0,False
null_any,0.0,,736,0,,,,,False
null,0.0,,737,30,0.1796417236328125,2.0,12.0,7.0,False
null,0.0,,737,60,0.7975635528564453,1.0,10.0,13.0,False
null,0.0,,737,120,0.940765380859375,0.0,5.0,10.0,False
null_any,0.0,,737,0,,,,,False
null,0.0,,738,30,0.951873779296875,1.0,6.0,12.0,False
null,0.0,,738,60,0.8684120178222656,1.0,8.0,12.0,False
null,0.0,,738,120,0.953857421875,1.0,4.0,9.0,False
null_any,0.0,,738,0,,,,,False
null,0.0,,739,30,0.1189422607421875,3.0,12.0,6.0,False
null,0.0,,739,60,0.09462356567382812,4.0,14.0,7.0,False
null,0.0,,739,120,0.29052734375,3.0,8.0,5.0,False
null_any,0.0,,739,0,,,,,False
null,0.0,,740,30,0.78802490234375,1.0,6.0,8.0,False
null,0.0,,740,60,0.6681880950927734,1.0,10.0,11.0,False
null,0.0,,740,120,0.3238029479980469,2.0,11.0,8.0,False
null_any,0.0,,740,0,,,,,False
null,0.0,,741,30,0.8810577392578125,1.0,7.0,11.0,False
null,0.0,,741,60,0.7293719053268433,1.0,11.0,13.0,False
null,0.0,,741,120,0.8338470458984375,1.0,7.0,10.0,False
null_any,0.0,,741,0,,,,,False
null,0.0,,742,30,0.19165515899658203,2.0,13.0,8.0,False
null,0.0,,742,60,0.1189422607421875,4.0,12.0,6.0,False
null,0.0,,742,120,0.08984375,3.0,7.0,2.0,False
null_any,0.0,,742,0,,,,,False
null,0.0,,743,30,0.5,2.0,7.0,6.0,False
null,0.0,,743,60,0.40726470947265625,2.0,10.0,8.0,False
null,0.0,,743,120,0.376953125,2.0,6.0,4.0,False
null_any,0.0,,743,0,,,,,False
null,0.0,,744,30,0.5,1.0,9.0,8.0,False
null,0.0,,744,60,0.33181190490722656,2.0,12.0,9.0,False
null,0.0,,744,120,0.05923461914062499,3.0,11.0,4.0,False
null_any,0.0,,744,0,,,,,False
null,0.0,,745,30,0.0717315673828125,4.0,12.0,5.0,False
null,0.0,,745,60,0.2272491455078125,3.0,10.0,6.0,False
null,0.0,,745,120,0.29052734375,3.0,8.0,5.0,False
null_any,0.0,,745,0,,,,,False
null,0.0,,746,30,0.40726470947265625,2.0,10.0,8.0,False
null,0.0,,746,60,0.5,2.0,12.0,11.0,False
null,0.0,,746,120,0.604736328125,1.0,7.0,7.0,False
null_any,0.0,,746,0,,,,,False
null,0.0,,747,30,0.6611802577972412,1.0,11.0,12.0,False
null,0.0,,747,60,0.34501898288726807,1.0,14.0,11.0,False
null,0.0,,747,120,0.1661529541015625,2.0,11.0,6.0,False
null_any,0.0,,747,0,,,,,False
null,0.0,,748,30,0.1796417236328125,2.0,12.0,7.0,False
null,0.0,,748,60,0.8949432373046875,1.0,6.0,10.0,False
null,0.0,,748,120,0.61279296875,2.0,6.0,6.0,False
null_any,0.0,,748,0,,,,,False
null,0.0,,749,30,0.8338470458984375,0.0,7.0,10.0,False
null,0.0,,749,60,0.91021728515625,1.0,5.0,9.0,False
null,0.0,,749,120,0.40726470947265625,2.0,10.0,8.0,False
null_any,0.0,,749,0,,,,,False
null,0.0,,750,30,0.4159059524536133,1.0,12.0,10.0,False
null,0.0,,750,60,0.33181190490722656,2.0,12.0,9.0,False
null,0.0,,750,120,0.08978271484375,2.0,10.0,4.0,False
null_any,0.0,,750,0,,,,,False
null,0.0,,751,30,0.2517223358154297,2.0,12.0,8.0,False
null,0.0,,751,60,0.13158798217773438,2.0,13.0,7.0,False
null,0.0,,751,120,0.5,1.0,6.0,5.0,False
null_any,0.0,,751,0,,,,,False
null,0.0,,752,30,0.5927352905273438,1.0,9.0,9.0,False
null,0.0,,752,60,0.1661529541015625,3.0,11.0,6.0,False
null,0.0,,752,120,0.21197509765625,2.0,9.0,5.0,False
null_any,0.0,,752,0,,,,,False
null,0.0,,753,30,0.7727508544921875,1.0,7.0,9.0,False
null,0.0,,753,60,0.5880985260009766,2.0,10.0,10.0,False
null,0.0,,753,120,0.4999999999999999,2.0,8.0,7.0,False
null_any,0.0,,753,0,,,,,False
null,0.0,,754,30,0.01544189453125,4.0,14.0,4.0,True
null,0.0,,754,60,0.048126220703125,3.0,13.0,5.0,False
null,0.0,,754,120,0.29052734375,3.0,8.0,5.0,False
null_any,0.0,,754,0,,,,,True
null,0.0,,755,30,0.13158798217773438,3.0,13.0,7.0,False
null,0.0,,755,60,0.41190147399902344,3.0,11.0,9.0,False
null,0.0,,755,120,0.7255859375,2.0,5.0,6.0,False
null_any,0.0,,755,0,,,,,False
null,0.0,,756,30,0.953857421875,2.0,4.0,9.0,False
null,0.0,,756,60,0.70947265625,3.0,6.0,7.0,False
null,0.0,,756,120,0.01123046875,4.0,11.0,2.0,True
null_any,0.0,,756,0,,,,,True
null,0.0,,757,30,0.9615936279296875,0.0,5.0,11.0,False
null,0.0,,757,60,0.9164657592773438,1.0,7.0,12.0,False
null,0.0,,757,120,0.9423408508300781,2.0,7.0,13.0,False
null_any,0.0,,757,0,,,,,False
null,0.0,,758,30,0.8949432373046875,0.0,6.0,10.0,False
null,0.0,,758,60,0.5927352905273438,2.0,9.0,9.0,False
null,0.0,,758,120,0.38720703125,2.0,7.0,5.0,False
null_any,0.0,,758,0,,,,,False
null,0.0,,759,30,0.0106353759765625,4.0,13.0,3.0,True
null,0.0,,759,60,0.14313936233520508,2.0,14.0,8.0,False
null,0.0,,759,120,0.4018096923828125,2.0,9.0,7.0,False
null_any,0.0,,759,0,,,,,True
null,0.0,,760,30,0.1661529541015625,3.0,11.0,6.0,False
null,0.0,,760,60,0.2272491455078125,2.0,10.0,6.0,False
null,0.0,,760,120,0.0106353759765625,4.0,13.0,3.0,True
null_any,0.0,,760,0,,,,,True
null,0.0,,761,30,0.88671875,0.0,4.0,7.0,False
null,0.0,,761,60,0.9754791259765625,0.0,5.0,12.0,False
null,0.0,,761,120,0.5,1.0,7.0,6.0,False
null_any,0.0,,761,0,,,,,False
null,0.0,,762,30,0.7727508544921875,1.0,7.0,9.0,False
null,0.0,,762,60,0.1189422607421875,2.0,12.0,6.0,False
null,0.0,,762,120,0.21197509765625,3.0,9.0,5.0,False
null_any,0.0,,762,0,,,,,False
null,0.0,,763,30,0.7596588134765625,1.0,8.0,10.0,False
null,0.0,,763,60,0.787821888923645,2.0,11.0,14.0,False
null,0.0,,763,120,0.5,1.0,9.0,8.0,False
null_any,0.0,,763,0,,,,,False
null,0.0,,764,30,0.2785985469818115,2.0,15.0,11.0,False
null,0.0,,764,60,0.4159059524536133,2.0,12.0,10.0,False
null,0.0,,764,120,0.1334228515625,3.0,9.0,4.0,False
null_any,0.0,,764,0,,,,,False
null,0.0,,765,30,0.9903945922851562,0.0,5.0,14.0,False
null,0.0,,765,60,0.9793052673339844,0.0,6.0,14.0,False
null,0.0,,765,120,0.9164657592773438,0.0,7.0,12.0,False
null_any,0.0,,765,0,,,,,False
null,0.0,,766,30,0.3238029479980469,2.0,11.0,8.0,False
null,0.0,,766,60,0.8338470458984375,1.0,7.0,10.0,False
null,0.0,,766,120,0.98876953125,0.0,3.0,10.0,False
null_any,0.0,,766,0,,,,,False
null,0.0,,767,30,0.5880985260009766,1.0,10.0,10.0,False
null,0.0,,767,60,0.8684120178222656,1.0,8.0,12.0,False
null,0.0,,767,120,0.9164657592773438,1.0,7.0,12.0,False
null_any,0.0,,767,0,,,,,False
null,0.0,,768,30,0.7596588134765625,1.0,8.0,10.0,False
null,0.0,,768,60,0.5,1.0,11.0,10.0,False
null,0.0,,768,120,0.5,2.0,6.0,5.0,False
null_any,0.0,,768,0,,,,,False
null,0.0,,769,30,0.7727508544921875,1.0,7.0,9.0,False
null,0.0,,769,60,0.808344841003418,2.0,9.0,12.0,False
null,0.0,,769,120,0.4018096923828125,3.0,9.0,7.0,False
null_any,0.0,,769,0,,,,,False
null,0.0,,770,30,0.05923461914062499,3.0,11.0,4.0,False
null,0.0,,770,60,0.33181190490722656,1.0,12.0,9.0,False
null,0.0,,770,120,0.696380615234375,1.0,7.0,8.0,False
null_any,0.0,,770,0,,,,,False
null,0.0,,771,30,0.5981903076171875,2.0,8.0,8.0,False
null,0.0,,771,60,0.5981903076171875,1.0,8.0,8.0,False
null,0.0,,771,120,0.8949432373046875,0.0,6.0,10.0,False
null_any,0.0,,771,0,,,,,False
null,0.0,,772,30,0.7596588134765625,1.0,8.0,10.0,False
null,0.0,,772,60,0.2517223358154297,2.0,12.0,8.0,False
null,0.0,,772,120,0.21197509765625,3.0,9.0,5.0,False
null_any,0.0,,772,0,,,,,False
null,0.0,,773,30,0.9608230590820312,1.0,7.0,14.0,False
null,0.0,,773,60,0.7975635528564453,2.0,10.0,13.0,False
null,0.0,,773,120,0.88671875,0.0,4.0,7.0,False
null_any,0.0,,773,0,,,,,False
null,0.0,,774,30,0.8684120178222656,0.0,8.0,12.0,False
null,0.0,,774,60,0.9826551675796509,1.0,7.0,16.0,False
null,0.0,,774,120,0.5,1.0,10.0,9.0,False
null_any,0.0,,774,0,,,,,False
null,0.0,,775,30,0.0245208740234375,4.0,13.0,4.0,False
null,0.0,,775,60,0.21197509765625,3.0,9.0,5.0,False
null,0.0,,775,120,0.91015625,1.0,3.0,6.0,False
null_any,0.0,,775,0,,,,,False
null,0.0,,776,30,0.8949432373046875,0.0,6.0,10.0,False
null,0.0,,776,60,0.5927352905273438,2.0,9.0,9.0,False
null,0.0,,776,120,0.38720703125,2.0,7.0,5.0,False
null_any,0.0,,776,0,,,,,False
null,0.0,,777,30,0.4018096923828125,2.0,9.0,7.0,False
null,0.0,,777,60,0.4018096923828125,2.0,9.0,7.0,False
null,0.0,,777,120,0.9754791259765625,0.0,5.0,12.0,False
null_any,0.0,,777,0,,,,,False
null,0.0,,778,30,0.6761970520019531,2.0,9.0,10.0,False
null,0.0,,778,60,0.7596588134765625,1.0,8.0,10.0,False
null,0.0,,778,120,0.61279296875,1.0,6.0,6.0,False
null_any,0.0,,778,0,,,,,False
null,0.0,,779,30,0.7727508544921875,2.0,7.0,9.0,False
null,0.0,,779,60,0.98455810546875,0.0,5.0,13.0,False
null,0.0,,779,120,0.9936370849609375,0.0,4.0,13.0,False
null_any,0.0,,779,0,,,,,False
null,0.0,,780,30,0.9988250732421875,0.0,3.0,14.0,False
null,0.0,,780,60,0.9608230590820312,1.0,7.0,14.0,False
null,0.0,,780,120,0.5981903076171875,2.0,8.0,8.0,False
null_any,0.0,,780,0,,,,,False
null,0.0,,781,30,0.7482776641845703,2.0,9.0,11.0,False
null,0.0,,781,60,0.6681880950927734,1.0,10.0,11.0,False
null,0.0,,781,120,0.6854705810546875,2.0,8.0,9.0,False
null_any,0.0,,781,0,,,,,False
null,0.0,,782,30,0.9793052673339844,1.0,6.0,14.0,False
null,0.0,,782,60,0.996401309967041,0.0,5.0,16.0,False
null,0.0,,782,120,0.8949432373046875,1.0,6.0,10.0,False
null_any,0.0,,782,0,,,,,False
null,0.0,,783,30,0.604736328125,2.0,7.0,7.0,False
null,0.0,,783,60,0.808344841003418,1.0,9.0,12.0,False
null,0.0,,783,120,0.9164657592773438,0.0,7.0,12.0,False
null_any,0.0,,783,0,,,,,False
null,0.0,,784,30,0.4018096923828125,3.0,9.0,7.0,False
null,0.0,,784,60,0.06690025329589844,3.0,15.0,7.0,False
null,0.0,,784,120,0.1334228515625,2.0,9.0,4.0,False
null_any,0.0,,784,0,,,,,False
null,0.0,,785,30,0.9053764343261719,0.0,8.0,13.0,False
null,0.0,,785,60,0.808344841003418,0.0,9.0,12.0,False
null,0.0,,785,120,0.29052734375,2.0,8.0,5.0,False
null_any,0.0,,785,0,,,,,False
null,0.0,,786,30,0.0245208740234375,4.0,13.0,4.0,False
null,0.0,,786,60,0.04656982421875,2.0,16.0,7.0,False
null,0.0,,786,120,0.4999999999999999,2.0,8.0,7.0,False
null_any,0.0,,786,0,,,,,False
null,0.0,,787,30,0.6549810171127319,1.0,12.0,13.0,False
null,0.0,,787,60,0.13158798217773438,2.0,13.0,7.0,False
null,0.0,,787,120,0.1050567626953125,3.0,11.0,5.0,False
null_any,0.0,,787,0,,,,,False
null,0.0,,788,30,0.940765380859375,0.0,5.0,10.0,False
null,0.0,,788,60,0.9940910339355469,0.0,5.0,15.0,False
null,0.0,,788,120,0.8949432373046875,1.0,6.0,10.0,False
null_any,0.0,,788,0,,,,,False
null,0.0,,789,30,0.8665771484375,2.0,5.0,8.0,False
null,0.0,,789,60,0.6854705810546875,1.0,8.0,9.0,False
null,0.0,,789,120,0.29052734375,2.0,8.0,5.0,False
null_any,0.0,,789,0,,,,,False
null,0.0,,790,30,0.996401309967041,0.0,5.0,16.0,False
null,0.0,,790,60,0.9737606048583984,0.0,7.0,15.0,False
null,0.0,,790,120,0.91021728515625,1.0,5.0,9.0,False
null_any,0.0,,790,0,,,,,False
null,0.0,,791,30,0.808344841003418,1.0,9.0,12.0,False
null,0.0,,791,60,0.048126220703125,3.0,13.0,5.0,False
null,0.0,,791,120,0.0717315673828125,3.0,12.0,5.0,False
null_any,0.0,,791,0,,,,,False
null,0.0,,792,30,0.29052734375,2.0,8.0,5.0,False
null,0.0,,792,60,0.9164657592773438,1.0,7.0,12.0,False
null,0.0,,792,120,0.9164657592773438,1.0,7.0,12.0,False
null_any,0.0,,792,0,,,,,False
null,0.0,,793,30,0.9053764343261719,1.0,8.0,13.0,False
null,0.0,,793,60,0.6681880950927734,2.0,10.0,11.0,False
null,0.0,,793,120,0.5,2.0,10.0,9.0,False
null_any,0.0,,793,0,,,,,False
null,0.0,,794,30,0.6761970520019531,1.0,9.0,10.0,False
null,0.0,,794,60,0.9737606048583984,0.0,7.0,15.0,False
null,0.0,,794,120,0.940765380859375,1.0,5.0,10.0,False
null_any,0.0,,794,0,,,,,False
null,0.0,,795,30,0.5981903076171875,2.0,8.0,8.0,False
null,0.0,,795,60,0.5981903076171875,1.0,8.0,8.0,False
null,0.0,,795,120,0.38720703125,1.0,7.0,5.0,False
null_any,0.0,,795,0,,,,,False
null,0.0,,796,30,0.19165515899658203,2.0,13.0,8.0,False
null,0.0,,796,60,0.5880985260009766,2.0,10.0,10.0,False
null,0.0,,796,120,0.80615234375,1.0,5.0,7.0,False
null_any,0.0,,796,0,,,,,False
null,0.0,,797,30,0.15087890624999997,3.0,10.0,5.0,False
null,0.0,,797,60,0.2024364471435547,2.0,14.0,9.0,False
null,0.0,,797,120,0.696380615234375,2.0,7.0,8.0,False
null_any,0.0,,797,0,,,,,False
null,0.0,,798,30,0.2403411865234375,1.0,11.0,7.0,False
null,0.0,,798,60,0.5805901288986206,1.0,12.0,12.0,False
null,0.0,,798,120,0.4018096923828125,3.0,9.0,7.0,False
null_any,0.0,,798,0,,,,,False
null,0.0,,799,30,0.9282684326171875,1.0,6.0,11.0,False
null,0.0,,799,60,0.5927352905273438,2.0,9.0,9.0,False
null,0.0,,799,120,0.3145294189453125,2.0,10.0,7.0,False
null_any,0.0,,799,0,,,,,False
null,0.0,,800,30,0.2272491455078125,3.0,10.0,6.0,False
null,0.0,,800,60,0.13158798217773438,3.0,13.0,7.0,False
null,0.0,,800,120,0.5,1.0,7.0,6.0,False
null_any,0.0,,800,0,,,,,False
null,0.0,,801,30,0.8684120178222656,0.0,8.0,12.0,False
null,0.0,,801,60,0.8949801921844482,2.0,9.0,14.0,False
null,0.0,,801,120,0.9893646240234375,0.0,4.0,12.0,False
null_any,0.0,,801,0,,,,,False
null,0.0,,802,30,0.78802490234375,1.0,6.0,8.0,False
null,0.0,,802,60,0.7727508544921875,2.0,7.0,9.0,False
null,0.0,,802,120,0.7596588134765625,2.0,8.0,10.0,False
null_any,0.0,,802,0,,,,,False
null,0.0,,803,30,0.8665771484375,1.0,5.0,8.0,False
null,0.0,,803,60,0.9053764343261719,0.0,8.0,13.0,False
null,0.0,,803,120,0.8338470458984375,1.0,7.0,10.0,False
null_any,0.0,,803,0,,,,,False
null,0.0,,804,30,0.9242051839828491,1.0,9.0,15.0,False
null,0.0,,804,60,0.808344841003418,1.0,9.0,12.0,False
null,0.0,,804,120,0.7727508544921875,0.0,7.0,9.0,False
null_any,0.0,,804,0,,,,,False
null,0.0,,805,30,0.78802490234375,1.0,6.0,8.0,False
null,0.0,,805,60,0.7482776641845703,1.0,9.0,11.0,False
null,0.0,,805,120,0.5,2.0,9.0,8.0,False
null_any,0.0,,805,0,,,,,False
null,0.0,,806,30,0.1189422607421875,2.0,12.0,6.0,False
null,0.0,,806,60,0.395263671875,1.0,8.0,6.0,False
null,0.0,,806,120,0.0063629150390625,4.0,14.0,3.0,True
null_any,0.0,,806,0,,,,,True
null,0.0,,807,30,0.6854705810546875,2.0,8.0,9.0,False
null,0.0,,807,60,0.5,1.0,9.0,8.0,False
null,0.0,,807,120,0.70947265625,1.0,6.0,7.0,False
null_any,0.0,,807,0,,,,,False
null,0.0,,808,30,0.05923461914062499,3.0,11.0,4.0,False
null,0.0,,808,60,0.01544189453125,3.0,14.0,4.0,True
null,0.0,,808,120,0.1334228515625,2.0,9.0,4.0,False
null_any,0.0,,808,0,,,,,True
null,0.0,,809,30,0.5,2.0,9.0,8.0,False
null,0.0,,809,60,0.7727508544921875,1.0,7.0,9.0,False
null,0.0,,809,120,0.5,1.0,7.0,6.0,False
null_any,0.0,,809,0,,,,,False
null,0.0,,810,30,0.5880985260009766,2.0,10.0,10.0,False
null,0.0,,810,60,0.808344841003418,1.0,9.0,12.0,False
null,0.0,,810,120,0.927001953125,1.0,4.0,8.0,False
null_any,0.0,,810,0,,,,,False
null,0.0,,811,30,0.9999820590019226,0.0,3.0,21.0,False
null,0.0,,811,60,0.9682159423828125,0.0,6.0,13.0,False
null,0.0,,811,120,0.70947265625,1.0,6.0,7.0,False
null_any,0.0,,811,0,,,,,False
null,0.0,,812,30,0.8949801921844482,1.0,9.0,14.0,False
null,0.0,,812,60,0.9330997467041016,1.0,8.0,14.0,False
null,0.0,,812,120,0.70947265625,2.0,6.0,7.0,False
null_any,0.0,,812,0,,,,,False
null,0.0,,813,30,0.5927352905273438,1.0,9.0,9.0,False
null,0.0,,813,60,0.808344841003418,1.0,9.0,12.0,False
null,0.0,,813,120,0.91021728515625,1.0,5.0,9.0,False
null_any,0.0,,813,0,,,,,False
null,0.0,,814,30,0.3145294189453125,2.0,10.0,7.0,False
null,0.0,,814,60,0.06690025329589844,2.0,15.0,7.0,False
null,0.0,,814,120,0.5981903076171875,2.0,8.0,8.0,False
null_any,0.0,,814,0,,,,,False
null,0.0,,815,30,0.7596588134765625,1.0,8.0,10.0,False
null,0.0,,815,60,0.7482776641845703,1.0,9.0,11.0,False
null,0.0,,815,120,0.9866981506347656,0.0,6.0,15.0,False
null_any,0.0,,815,0,,,,,False
null,0.0,,816,30,0.4018096923828125,3.0,9.0,7.0,False
null,0.0,,816,60,0.6854705810546875,0.0,8.0,9.0,False
null,0.0,,816,120,0.6854705810546875,1.0,8.0,9.0,False
null_any,0.0,,816,0,,,,,False
null,0.0,,817,30,0.30361938476562494,2.0,9.0,6.0,False
null,0.0,,817,60,0.5927352905273438,2.0,9.0,9.0,False
null,0.0,,817,120,0.4999999999999999,2.0,8.0,7.0,False
null_any,0.0,,817,0,,,,,False
null,0.0,,818,30,0.3238029479980469,2.0,11.0,8.0,False
null,0.0,,818,60,0.3238029479980469,2.0,11.0,8.0,False
null,0.0,,818,120,0.2272491455078125,3.0,10.0,6.0,False
null_any,0.0,,818,0,,,,,False
null,0.0,,819,30,0.78802490234375,1.0,6.0,8.0,False
null,0.0,,819,60,0.9164657592773438,1.0,7.0,12.0,False
null,0.0,,819,120,0.623046875,1.0,5.0,5.0,False
null_any,0.0,,819,0,,,,,False
null,0.0,,820,30,0.13158798217773438,4.0,13.0,7.0,False
null,0.0,,820,60,0.1796417236328125,3.0,12.0,7.0,False
null,0.0,,820,120,0.4018096923828125,2.0,9.0,7.0,False
null_any,0.0,,820,0,,,,,False
null,0.0,,821,30,0.5927352905273438,2.0,9.0,9.0,False
null,0.0,,821,60,0.33181190490722656,2.0,12.0,9.0,False
null,0.0,,821,120,0.3145294189453125,2.0,10.0,7.0,False
null_any,0.0,,821,0,,,,,False
null,0.0,,822,30,0.6854705810546875,2.0,8.0,9.0,False
null,0.0,,822,60,0.9615936279296875,1.0,5.0,11.0,False
null,0.0,,822,120,0.982421875,0.0,4.0,11.0,False
null_any,0.0,,822,0,,,,,False
null,0.0,,823,30,0.808344841003418,1.0,9.0,12.0,False
null,0.0,,823,60,0.8810577392578125,1.0,7.0,11.0,False
null,0.0,,823,120,0.604736328125,1.0,7.0,7.0,False
null_any,0.0,,823,0,,,,,False
null,0.0,,824,30,0.9423408508300781,1.0,7.0,13.0,False
null,0.0,,824,60,0.6761970520019531,1.0,9.0,10.0,False
null,0.0,,824,120,0.1334228515625,3.0,9.0,4.0,False
null_any,0.0,,824,0,,,,,False
null,0.0,,825,30,0.2517223358154297,3.0,12.0,8.0,False
null,0.0,,825,60,0.696380615234375,1.0,7.0,8.0,False
null,0.0,,825,120,0.8665771484375,0.0,5.0,8.0,False
null_any,0.0,,825,0,,,,,False
null,0.0,,826,30,0.8684120178222656,1.0,8.0,12.0,False
null,0.0,,826,60,0.41190147399902344,3.0,11.0,9.0,False
null,0.0,,826,120,0.696380615234375,0.0,7.0,8.0,False
null_any,0.0,,826,0,,,,,False
null,0.0,,827,30,0.5,2.0,11.0,10.0,False
null,0.0,,827,60,0.395263671875,2.0,8.0,6.0,False
null,0.0,,827,120,0.65625,0.0,3.0,3.0,False
null_any,0.0,,827,0,,,,,False
null,0.0,,828,30,0.8665771484375,0.0,5.0,8.0,False
null,0.0,,828,60,0.9423408508300781,0.0,7.0,13.0,False
null,0.0,,828,120,0.78802490234375,1.0,6.0,8.0,False
null_any,0.0,,828,0,,,,,False
null,0.0,,829,30,0.2617335319519043,2.0,13.0,9.0,False
null,0.0,,829,60,0.3238029479980469,3.0,11.0,8.0,False
null,0.0,,829,120,0.1661529541015625,3.0,11.0,6.0,False
null_any,0.0,,829,0,,,,,False
null,0.0,,830,30,0.19165515899658203,2.0,13.0,8.0,False
null,0.0,,830,60,0.6611802577972412,2.0,11.0,12.0,False
null,0.0,,830,120,0.2272491455078125,3.0,10.0,6.0,False
null_any,0.0,,830,0,,,,,False
null,0.0,,831,30,0.3238029479980469,2.0,11.0,8.0,False
null,0.0,,831,60,0.2517223358154297,1.0,12.0,8.0,False
null,0.0,,831,120,0.08978271484375,4.0,10.0,4.0,False
null_any,0.0,,831,0,,,,,False
null,0.0,,832,30,0.7596588134765625,1.0,8.0,10.0,False
null,0.0,,832,60,0.982421875,1.0,4.0,11.0,False
null,0.0,,832,120,0.98876953125,0.0,3.0,10.0,False
null_any,0.0,,832,0,,,,,False
null,0.0,,833,30,0.6681880950927734,2.0,10.0,11.0,False
null,0.0,,833,60,0.5,2.0,11.0,10.0,False
null,0.0,,833,120,0.30361938476562494,2.0,9.0,6.0,False
null_any,0.0,,833,0,,,,,False
null,0.0,,834,30,0.5840940475463867,1.0,11.0,11.0,False
null,0.0,,834,60,0.2403411865234375,2.0,11.0,7.0,False
null,0.0,,834,120,0.41190147399902344,2.0,11.0,9.0,False
null_any,0.0,,834,0,,,,,False
null,0.0,,835,30,0.8338470458984375,1.0,7.0,10.0,False
null,0.0,,835,60,0.5981903076171875,2.0,8.0,8.0,False
null,0.0,,835,120,0.84912109375,1.0,6.0,9.0,False
null_any,0.0,,835,0,,,,,False
null,0.0,,836,30,0.7382664680480957,2.0,10.0,12.0,False
null,0.0,,836,60,0.5,2.0,11.0,10.0,False
null,0.0,,836,120,0.4999999999999999,2.0,8.0,7.0,False
null_any,0.0,,836,0,,,,,False
null,0.0,,837,30,0.171875,1.0,7.0,3.0,False
null,0.0,,837,60,0.19165515899658203,3.0,13.0,8.0,False
null,0.0,,837,120,0.4999999999999999,2.0,8.0,7.0,False
null_any,0.0,,837,0,,,,,False
null,0.0,,838,30,0.7727508544921875,1.0,7.0,9.0,False
null,0.0,,838,60,0.3145294189453125,3.0,10.0,7.0,False
null,0.0,,838,120,0.7727508544921875,1.0,7.0,9.0,False
null_any,0.0,,838,0,,,,,False
null,0.0,,839,30,0.30361938476562494,3.0,9.0,6.0,False
null,0.0,,839,60,0.08353424072265625,4.0,13.0,6.0,False
null,0.0,,839,120,0.08978271484375,3.0,10.0,4.0,False
null_any,0.0,,839,0,,,,,False
null,0.0,,840,30,0.6761970520019531,1.0,9.0,10.0,False
null,0.0,,840,60,0.7596588134765625,2.0,8.0,10.0,False
null,0.0,,840,120,0.7482776641845703,2.0,9.0,11.0,False
null_any,0.0,,840,0,,,,,False
null,0.0,,841,30,0.9053764343261719,1.0,8.0,13.0,False
null,0.0,,841,60,0.355535551905632,3.0,16.0,13.0,False
null,0.0,,841,120,0.696380615234375,1.0,7.0,8.0,False
null_any,0.0,,841,0,,,,,False
null,0.0,,842,30,0.80615234375,1.0,5.0,7.0,False
null,0.0,,842,60,0.9682159423828125,0.0,6.0,13.0,False
null,0.0,,842,120,0.9754791259765625,1.0,5.0,12.0,False
null_any,0.0,,842,0,,,,,False
null,0.0,,843,30,0.5,1.0,7.0,6.0,False
null,0.0,,843,60,0.8810577392578125,1.0,7.0,11.0,False
null,0.0,,843,120,0.91021728515625,0.0,5.0,9.0,False
null_any,0.0,,843,0,,,,,False
null,0.0,,844,30,0.940765380859375,1.0,5.0,10.0,False
null,0.0,,844,60,0.604736328125,1.0,7.0,7.0,False
null,0.0,,844,120,0.5981903076171875,1.0,8.0,8.0,False
null_any,0.0,,844,0,,,,,False
null,0.0,,845,30,0.8949801921844482,0.0,9.0,14.0,False
null,0.0,,845,60,0.42250949144363403,2.0,14.0,12.0,False
null,0.0,,845,120,0.604736328125,1.0,7.0,7.0,False
null_any,0.0,,845,0,,,,,False
null,0.0,,846,30,0.10501980781555176,4.0,15.0,8.0,False
null,0.0,,846,60,0.5,2.0,13.0,12.0,False
null,0.0,,846,120,0.376953125,2.0,6.0,4.0,False
null_any,0.0,,846,0,,,,,False
null,0.0,,847,30,0.8810577392578125,1.0,7.0,11.0,False
null,0.0,,847,60,0.8684120178222656,0.0,8.0,12.0,False
null,0.0,,847,120,0.74609375,2.0,4.0,5.0,False
null_any,0.0,,847,0,,,,,False
null,0.0,,848,30,0.2403411865234375,3.0,11.0,7.0,False
null,0.0,,848,60,0.5,2.0,9.0,8.0,False
null,0.0,,848,120,0.4018096923828125,2.0,9.0,7.0,False
null_any,0.0,,848,0,,,,,False
null,0.0,,849,30,0.6681880950927734,1.0,10.0,11.0,False
null,0.0,,849,60,0.4159059524536133,3.0,12.0,10.0,False
null,0.0,,849,120,0.696380615234375,1.0,7.0,8.0,False
null_any,0.0,,849,0,,,,,False
null,0.0,,850,30,0.5,1.0,11.0,10.0,False
null,0.0,,850,60,0.5981903076171875,1.0,8.0,8.0,False
null,0.0,,850,120,0.78802490234375,2.0,6.0,8.0,False
null_any,0.0,,850,0,,,,,False
null,0.0,,851,30,0.604736328125,1.0,7.0,7.0,False
null,0.0,,851,60,0.808344841003418,1.0,9.0,12.0,False
null,0.0,,851,120,0.2272491455078125,3.0,10.0,6.0,False
null_any,0.0,,851,0,,,,,False
null,0.0,,852,30,0.0384063720703125,2.0,12.0,4.0,False
null,0.0,,852,60,0.40726470947265625,3.0,10.0,8.0,False
null,0.0,,852,120,0.4999999999999999,2.0,8.0,7.0,False
null_any,0.0,,852,0,,,,,False
null,0.0,,853,30,0.8203582763671875,2.0,8.0,11.0,False
null,0.0,,853,60,0.41190147399902344,2.0,11.0,9.0,False
null,0.0,,853,120,0.21197509765625,1.0,9.0,5.0,False
null_any,0.0,,853,0,,,,,False
null,0.0,,854,30,0.9962310791015625,0.0,4.0,14.0,False
null,0.0,,854,60,0.9903945922851562,1.0,5.0,14.0,False
null,0.0,,854,120,0.8810577392578125,0.0,7.0,11.0,False
null_any,0.0,,854,0,,,,,False
null,0.0,,855,30,0.3238029479980469,3.0,11.0,8.0,False
null,0.0,,855,60,0.7214014530181885,1.0,12.0,14.0,False
null,0.0,,855,120,0.8684120178222656,1.0,8.0,12.0,False
null_any,0.0,,855,0,,,,,False
null,0.0,,856,30,0.4194098711013794,2.0,13.0,11.0,False
null,0.0,,856,60,0.7482776641845703,1.0,9.0,11.0,False
null,0.0,,856,120,0.7482776641845703,1.0,9.0,11.0,False
null_any,0.0,,856,0,,,,,False
null,0.0,,857,30,0.940765380859375,0.0,5.0,10.0,False
null,0.0,,857,60,0.2403411865234375,2.0,11.0,7.0,False
null,0.0,,857,120,0.046142578125,3.0,10.0,3.0,False
null_any,0.0,,857,0,,,,,False
null,0.0,,858,30,0.5,1.0,7.0,6.0,False
null,0.0,,858,60,0.9423408508300781,1.0,7.0,13.0,False
null,0.0,,858,120,0.8810577392578125,1.0,7.0,11.0,False
null_any,0.0,,858,0,,,,,False
null,0.0,,859,30,0.9999820590019226,0.0,3.0,21.0,False
null,0.0,,859,60,0.9682159423828125,0.0,6.0,13.0,False
null,0.0,,859,120,0.70947265625,1.0,6.0,7.0,False
null_any,0.0,,859,0,,,,,False
null,0.0,,860,30,0.96728515625,0.0,3.0,8.0,False
null,0.0,,860,60,0.5,1.0,9.0,8.0,False
null,0.0,,860,120,0.05923461914062499,4.0,11.0,4.0,False
null_any,0.0,,860,0,,,,,False
null,0.0,,861,30,0.1189422607421875,3.0,12.0,6.0,False
null,0.0,,861,60,0.4159059524536133,1.0,12.0,10.0,False
null,0.0,,861,120,0.4999999999999999,1.0,8.0,7.0,False
null_any,0.0,,861,0,,,,,False
null,0.0,,862,30,0.6854705810546875,2.0,8.0,9.0,False
null,0.0,,862,60,0.604736328125,2.0,7.0,7.0,False
null,0.0,,862,120,0.36328125,1.0,5.0,3.0,False
null_any,0.0,,862,0,,,,,False
null,0.0,,863,30,0.1796417236328125,2.0,12.0,7.0,False
null,0.0,,863,60,0.8203582763671875,1.0,8.0,11.0,False
null,0.0,,863,120,0.3145294189453125,1.0,10.0,7.0,False
null_any,0.0,,863,0,,,,,False
null,0.0,,864,30,0.057659149169921875,3.0,14.0,6.0,False
null,0.0,,864,60,0.04656982421875,3.0,16.0,7.0,False
null,0.0,,864,120,0.3145294189453125,2.0,10.0,7.0,False
null_any,0.0,,864,0,,,,,False
null,0.0,,865,30,0.3238029479980469,2.0,11.0,8.0,False
null,0.0,,865,60,0.3238029479980469,2.0,11.0,8.0,False
null,0.0,,865,120,0.2272491455078125,3.0,10.0,6.0,False
null_any,0.0,,865,0,,,,,False
null,0.0,,866,30,0.3238029479980469,2.0,11.0,8.0,False
null,0.0,,866,60,0.057659149169921875,3.0,14.0,6.0,False
null,0.0,,866,120,0.08978271484375,3.0,10.0,4.0,False
null_any,0.0,,866,0,,,,,False
null,0.0,,867,30,0.40726470947265625,1.0,10.0,8.0,False
null,0.0,,867,60,0.5,2.0,10.0,9.0,False
null,0.0,,867,120,0.9282684326171875,0.0,6.0,11.0,False
null_any,0.0,,867,0,,,,,False
null,0.0,,868,30,0.7596588134765625,1.0,8.0,10.0,False
null,0.0,,868,60,0.787821888923645,2.0,11.0,14.0,False
null,0.0,,868,120,0.5,1.0,9.0,8.0,False
null_any,0.0,,868,0,,,,,False
null,0.0,,869,30,0.6611802577972412,1.0,11.0,12.0,False
null,0.0,,869,60,0.4194098711013794,3.0,13.0,11.0,False
null,0.0,,869,120,0.808344841003418,2.0,9.0,12.0,False
null_any,0.0,,869,0,,,,,False
null,0.0,,870,30,0.5,2.0,9.0,8.0,False
null,0.0,,870,60,0.9423408508300781,1.0,7.0,13.0,False
null,0.0,,870,120,0.63671875,1.0,4.0,4.0,False
null_any,0.0,,870,0,,,,,False
null,0.0,,871,30,0.5981903076171875,2.0,8.0,8.0,False
null,0.0,,871,60,0.5,1.0,10.0,9.0,False
null,0.0,,871,120,0.5,2.0,9.0,8.0,False
null_any,0.0,,871,0,,,,,False
null,0.0,,872,30,0.020694732666015625,3.0,15.0,5.0,False
null,0.0,,872,60,0.06690025329589844,3.0,15.0,7.0,False
null,0.0,,872,120,0.3145294189453125,2.0,10.0,7.0,False
null_any,0.0,,872,0,,,,,False
null,0.0,,873,30,0.08978271484375,2.0,10.0,4.0,False
null,0.0,,873,60,0.2517223358154297,3.0,12.0,8.0,False
null,0.0,,873,120,0.4159059524536133,3.0,12.0,10.0,False
null_any,0.0,,873,0,,,,,False
null,0.0,,874,30,0.5,1.0,10.0,9.0,False
null,0.0,,874,60,0.7727508544921875,1.0,7.0,9.0,False
null,0.0,,874,120,0.21197509765625,2.0,9.0,5.0,False
null_any,0.0,,874,0,,,,,False
null,0.0,,875,30,0.05923461914062499,3.0,11.0,4.0,False
null,0.0,,875,60,0.2403411865234375,2.0,11.0,7.0,False
null,0.0,,875,120,0.5981903076171875,2.0,8.0,8.0,False
null_any,0.0,,875,0,,,,,False
null,0.0,,876,30,0.30361938476562494,1.0,9.0,6.0,False
null,0.0,,876,60,0.6549810171127319,2.0,12.0,13.0,False
null,0.0,,876,120,0.8684120178222656,1.0,8.0,12.0,False
null_any,0.0,,876,0,,,,,False
null,0.0,,877,30,0.5840940475463867,2.0,11.0,11.0,False
null,0.0,,877,60,0.15087890624999997,2.0,10.0,5.0,False
null,0.0,,877,120,0.4018096923828125,2.0,9.0,7.0,False
null_any,0.0,,877,0,,,,,False
null,0.0,,878,30,0.91021728515625,1.0,5.0,9.0,False
null,0.0,,878,60,0.8684120178222656,1.0,8.0,12.0,False
null,0.0,,878,120,0.84912109375,1.0,6.0,9.0,False
null_any,0.0,,878,0,,,,,False
null,0.0,,879,30,0.5981903076171875,2.0,8.0,8.0,False
null,0.0,,879,60,0.1796417236328125,3.0,12.0,7.0,False
null,0.0,,879,120,0.623046875,1.0,5.0,5.0,False
null_any,0.0,,879,0,,,,,False
null,0.0,,880,30,0.61279296875,2.0,6.0,6.0,False
null,0.0,,880,60,0.1189422607421875,3.0,12.0,6.0,False
null,0.0,,880,120,0.1050567626953125,3.0,11.0,5.0,False
null_any,0.0,,880,0,,,,,False
null,0.0,,881,30,0.2272491455078125,2.0,10.0,6.0,False
null,0.0,,881,60,0.10501980781555176,2.0,15.0,8.0,False
null,0.0,,881,120,0.4999999999999999,2.0,8.0,7.0,False
null_any,0.0,,881,0,,,,,False
null,0.0,,882,30,0.5,3.0,12.0,11.0,False
null,0.0,,882,60,0.5840940475463867,2.0,11.0,11.0,False
null,0.0,,882,120,0.8338470458984375,0.0,7.0,10.0,False
null_any,0.0,,882,0,,,,,False
null,0.0,,883,30,0.9282684326171875,0.0,6.0,11.0,False
null,0.0,,883,60,0.6681880950927734,1.0,10.0,11.0,False
null,0.0,,883,120,0.7255859375,1.0,5.0,6.0,False
null_any,0.0,,883,0,,,,,False
null,0.0,,884,30,0.5,1.0,10.0,9.0,False
null,0.0,,884,60,0.7727508544921875,1.0,7.0,9.0,False
null,0.0,,884,120,0.21197509765625,2.0,9.0,5.0,False
null_any,0.0,,884,0,,,,,False
null,0.0,,885,30,0.9682159423828125,0.0,6.0,13.0,False
null,0.0,,885,60,0.7727508544921875,1.0,7.0,9.0,False
null,0.0,,885,120,0.940765380859375,0.0,5.0,10.0,False
null_any,0.0,,885,0,,,,,False
null,0.0,,886,30,0.5,1.0,10.0,9.0,False
null,0.0,,886,60,0.6549810171127319,2.0,12.0,13.0,False
null,0.0,,886,120,0.4018096923828125,2.0,9.0,7.0,False
null_any,0.0,,886,0,,,,,False
null,0.0,,887,30,0.2024364471435547,2.0,14.0,9.0,False
null,0.0,,887,60,0.13158798217773438,3.0,13.0,7.0,False
null,0.0,,887,120,0.3145294189453125,2.0,10.0,7.0,False
null_any,0.0,,887,0,,,,,False
null,0.0,,888,30,0.9713134765625,1.0,4.0,10.0,False
null,0.0,,888,60,0.84912109375,1.0,6.0,9.0,False
null,0.0,,888,120,0.6854705810546875,1.0,8.0,9.0,False
null_any,0.0,,888,0,,,,,False
null,0.0,,889,30,0.5840940475463867,2.0,11.0,11.0,False
null,0.0,,889,60,0.8810577392578125,1.0,7.0,11.0,False
null,0.0,,889,120,0.7255859375,1.0,5.0,6.0,False
null_any,0.0,,889,0,,,,,False
null,0.0,,890,30,0.8810577392578125,1.0,7.0,11.0,False
null,0.0,,890,60,0.8684120178222656,2.0,8.0,12.0,False
null,0.0,,890,120,0.940765380859375,1.0,5.0,10.0,False
null_any,0.0,,890,0,,,,,False
null,0.0,,891,30,0.5927352905273438,2.0,9.0,9.0,False
null,0.0,,891,60,0.5927352905273438,2.0,9.0,9.0,False
null,0.0,,891,120,0.395263671875,2.0,8.0,6.0,False
null_any,0.0,,891,0,,,,,False
null,0.0,,892,30,0.2617335319519043,3.0,13.0,9.0,False
null,0.0,,892,60,0.5805901288986206,2.0,12.0,12.0,False
null,0.0,,892,120,0.4018096923828125,1.0,9.0,7.0,False
null_any,0.0,,892,0,,,,,False
null,0.0,,893,30,0.9754791259765625,1.0,5.0,12.0,False
null,0.0,,893,60,0.9615936279296875,2.0,5.0,11.0,False
null,0.0,,893,120,0.5981903076171875,0.0,8.0,8.0,False
null_any,0.0,,893,0,,,,,False
null,0.0,,894,30,0.5,2.0,11.0,10.0,False
null,0.0,,894,60,0.06690025329589844,3.0,15.0,7.0,False
null,0.0,,894,120,0.15087890624999997,2.0,10.0,5.0,False
null_any,0.0,,894,0,,,,,False
null,0.0,,895,30,0.8684120178222656,1.0,8.0,12.0,False
null,0.0,,895,60,0.7482776641845703,2.0,9.0,11.0,False
null,0.0,,895,120,0.84912109375,2.0,6.0,9.0,False
null_any,0.0,,895,0,,,,,False
null,0.0,,896,30,0.7727508544921875,1.0,7.0,9.0,False
null,0.0,,896,60,0.3145294189453125,3.0,10.0,7.0,False
null,0.0,,896,120,0.7727508544921875,1.0,7.0,9.0,False
null_any,0.0,,896,0,,,,,False
null,0.0,,897,30,0.06690025329589844,2.0,15.0,7.0,False
null,0.0,,897,60,0.08431877195835114,2.0,17.0,9.0,False
null,0.0,,897,120,0.2272491455078125,3.0,10.0,6.0,False
null_any,0.0,,897,0,,,,,False
null,0.0,,898,30,0.3388197422027588,2.0,13.0,10.0,False
null,0.0,,898,60,0.19165515899658203,3.0,13.0,8.0,False
null,0.0,,898,120,0.4999999999999999,2.0,8.0,7.0,False
null_any,0.0,,898,0,,,,,False
null,0.0,,899,30,0.4018096923828125,3.0,9.0,7.0,False
null,0.0,,899,60,0.30361938476562494,3.0,9.0,6.0,False
null,0.0,,899,120,0.0286865234375,3.0,11.0,3.0,False
null_any,0.0,,899,0,,,,,False
null,0.0,,900,30,0.696380615234375,0.0,7.0,8.0,False
null,0.0,,900,60,0.5927352905273438,1.0,9.0,9.0,False
null,0.0,,900,120,0.08978271484375,1.0,10.0,4.0,False
null_any,0.0,,900,0,,,,,False
null,0.0,,901,30,0.1189422607421875,2.0,12.0,6.0,False
null,0.0,,901,60,0.15372812747955322,3.0,15.0,9.0,False
null,0.0,,901,120,0.1050567626953125,4.0,11.0,5.0,False
null_any,0.0,,901,0,,,,,False
null,0.0,,902,30,0.4018096923828125,2.0,9.0,7.0,False
null,0.0,,902,60,0.0245208740234375,3.0,13.0,4.0,False
null,0.0,,902,120,0.29052734375,3.0,8.0,5.0,False
null_any,0.0,,902,0,,,,,False
null,0.0,,903,30,0.15087890624999997,3.0,10.0,5.0,False
null,0.0,,903,60,0.048126220703125,4.0,13.0,5.0,False
null,0.0,,903,120,0.5981903076171875,1.0,8.0,8.0,False
null_any,0.0,,903,0,,,,,False
null,0.0,,904,30,0.5,2.0,9.0,8.0,False
null,0.0,,904,60,0.7727508544921875,1.0,7.0,9.0,False
null,0.0,,904,120,0.88671875,1.0,4.0,7.0,False
null_any,0.0,,904,0,,,,,False
null,0.0,,905,30,0.30361938476562494,2.0,9.0,6.0,False
null,0.0,,905,60,0.70947265625,2.0,6.0,7.0,False
null,0.0,,905,120,0.9615936279296875,0.0,5.0,11.0,False
null_any,0.0,,905,0,,,,,False
null,0.0,,906,30,0.9893646240234375,0.0,4.0,12.0,False
null,0.0,,906,60,0.9793052673339844,0.0,6.0,14.0,False
null,0.0,,906,120,0.982421875,0.0,4.0,11.0,False
null_any,0.0,,906,0,,,,,False
null,0.0,,907,30,0.13158798217773438,3.0,13.0,7.0,False
null,0.0,,907,60,0.057659149169921875,3.0,14.0,6.0,False
null,0.0,,907,120,0.2272491455078125,3.0,10.0,6.0,False
null_any,0.0,,907,0,,,,,False
null,0.0,,908,30,0.9282684326171875,1.0,6.0,11.0,False
null,0.0,,908,60,0.8684120178222656,2.0,8.0,12.0,False
null,0.0,,908,120,0.5,1.0,9.0,8.0,False
null_any,0.0,,908,0,,,,,False
null,0.0,,909,30,0.5,3.0,9.0,8.0,False
null,0.0,,909,60,0.1661529541015625,2.0,11.0,6.0,False
null,0.0,,909,120,0.15087890624999997,3.0,10.0,5.0,False
null_any,0.0,,909,0,,,,,False
null,0.0,,910,30,0.5,1.0,12.0,11.0,False
null,0.0,,910,60,0.5,2.0,9.0,8.0,False
null,0.0,,910,120,0.4999999999999999,2.0,8.0,7.0,False
null_any,0.0,,910,0,,,,,False
null,0.0,,911,30,0.08353424072265625,3.0,13.0,6.0,False
null,0.0,,911,60,0.9682159423828125,0.0,6.0,13.0,False
null,0.0,,911,120,0.940765380859375,0.0,5.0,10.0,False
null_any,0.0,,911,0,,,,,False
null,0.0,,912,30,0.696380615234375,2.0,7.0,8.0,False
null,0.0,,912,60,0.6854705810546875,1.0,8.0,9.0,False
null,0.0,,912,120,0.70947265625,0.0,6.0,7.0,False
null_any,0.0,,912,0,,,,,False
null,0.0,,913,30,0.7975635528564453,1.0,10.0,13.0,False
null,0.0,,913,60,0.7975635528564453,1.0,10.0,13.0,False
null,0.0,,913,120,0.8338470458984375,1.0,7.0,10.0,False
null_any,0.0,,913,0,,,,,False
null,0.0,,914,30,0.5880985260009766,1.0,10.0,10.0,False
null,0.0,,914,60,0.6611802577972412,2.0,11.0,12.0,False
null,0.0,,914,120,0.4018096923828125,2.0,9.0,7.0,False
null_any,0.0,,914,0,,,,,False
null,0.0,,915,30,0.05923461914062499,3.0,11.0,4.0,False
null,0.0,,915,60,0.2403411865234375,2.0,11.0,7.0,False
null,0.0,,915,120,0.5981903076171875,2.0,8.0,8.0,False
null_any,0.0,,915,0,,,,,False
null,0.0,,916,30,0.2517223358154297,3.0,12.0,8.0,False
null,0.0,,916,60,0.8568606376647949,1.0,9.0,13.0,False
null,0.0,,916,120,0.8203582763671875,1.0,8.0,11.0,False
null_any,0.0,,916,0,,,,,False
null,0.0,,917,30,0.8665771484375,0.0,5.0,8.0,False
null,0.0,,917,60,0.8810577392578125,0.0,7.0,11.0,False
null,0.0,,917,120,0.91021728515625,0.0,5.0,9.0,False
null_any,0.0,,917,0,,,,,False
null,0.0,,918,30,0.3238029479980469,3.0,11.0,8.0,False
null,0.0,,918,60,0.4018096923828125,3.0,9.0,7.0,False
null,0.0,,918,120,0.8810577392578125,1.0,7.0,11.0,False
null_any,0.0,,918,0,,,,,False
null,0.0,,919,30,0.7727508544921875,1.0,7.0,9.0,False
null,0.0,,919,60,0.5805901288986206,2.0,12.0,12.0,False
null,0.0,,919,120,0.6681880950927734,1.0,10.0,11.0,False
null_any,0.0,,919,0,,,,,False
null,0.0,,920,30,0.6761970520019531,1.0,9.0,10.0,False
null,0.0,,920,60,0.2617335319519043,2.0,13.0,9.0,False
null,0.0,,920,120,0.604736328125,2.0,7.0,7.0,False
null_any,0.0,,920,0,,,,,False
null,0.0,,921,30,0.020694732666015625,3.0,15.0,5.0,False
null,0.0,,921,60,0.06690025329589844,3.0,15.0,7.0,False
null,0.0,,921,120,0.3145294189453125,2.0,10.0,7.0,False
null_any,0.0,,921,0,,,,,False
null,0.0,,922,30,0.1796417236328125,3.0,12.0,7.0,False
null,0.0,,922,60,0.08353424072265625,4.0,13.0,6.0,False
null,0.0,,922,120,0.171875,3.0,7.0,3.0,False
null_any,0.0,,922,0,,,,,False
null,0.0,,923,30,0.00960540771484375,4.0,15.0,4.0,True
null,0.0,,923,60,0.0317840576171875,3.0,14.0,5.0,False
null,0.0,,923,120,0.6761970520019531,2.0,9.0,10.0,False
null_any,0.0,,923,0,,,,,True
null,0.0,,924,30,0.9423408508300781,1.0,7.0,13.0,False
null,0.0,,924,60,0.9461239278316498,1.0,9.0,16.0,False
null,0.0,,924,120,0.982421875,0.0,4.0,11.0,False
null_any,0.0,,924,0,,,,,False
null,0.0,,925,30,0.5,2.0,11.0,10.0,False
null,0.0,,925,60,0.5840940475463867,2.0,11.0,11.0,False
null,0.0,,925,120,0.11328125,3.0,8.0,3.0,False
null_any,0.0,,925,0,,,,,False
null,0.0,,926,30,0.5,1.0,7.0,6.0,False
null,0.0,,926,60,0.7382664680480957,1.0,10.0,12.0,False
null,0.0,,926,120,0.395263671875,2.0,8.0,6.0,False
null_any,0.0,,926,0,,,,,False
null,0.0,,927,30,0.7596588134765625,1.0,8.0,10.0,False
null,0.0,,927,60,0.98455810546875,1.0,5.0,13.0,False
null,0.0,,927,120,0.828125,1.0,4.0,6.0,False
null_any,0.0,,927,0,,,,,False
null,0.0,,928,30,0.84912109375,1.0,6.0,9.0,False
null,0.0,,928,60,0.940765380859375,0.0,5.0,10.0,False
null,0.0,,928,120,0.9990234375,0.0,1.0,9.0,False
null_any,0.0,,928,0,,,,,False
null,0.0,,929,30,0.9826551675796509,1.0,7.0,16.0,False
null,0.0,,929,60,0.9461239278316498,0.0,9.0,16.0,False
null,0.0,,929,120,0.5,1.0,9.0,8.0,False
null_any,0.0,,929,0,,,,,False
null,0.0,,930,30,0.7382664680480957,1.0,10.0,12.0,False
null,0.0,,930,60,0.1796417236328125,2.0,12.0,7.0,False
null,0.0,,930,120,0.91021728515625,0.0,5.0,9.0,False
null_any,0.0,,930,0,,,,,False
null,0.0,,931,30,0.604736328125,1.0,7.0,7.0,False
null,0.0,,931,60,0.1661529541015625,4.0,11.0,6.0,False
null,0.0,,931,120,0.5,1.0,9.0,8.0,False
null_any,0.0,,931,0,,,,,False
null,0.0,,932,30,0.13158798217773438,3.0,13.0,7.0,False
null,0.0,,932,60,0.33181190490722656,2.0,12.0,9.0,False
null,0.0,,932,120,0.7727508544921875,1.0,7.0,9.0,False
null_any,0.0,,932,0,,,,,False
null,0.0,,933,30,0.9242051839828491,0.0,9.0,15.0,False
null,0.0,,933,60,0.8365302085876465,0.0,11.0,15.0,False
null,0.0,,933,120,0.6681880950927734,2.0,10.0,11.0,False
null_any,0.0,,933,0,,,,,False
null,0.0,,934,30,0.8810577392578125,1.0,7.0,11.0,False
null,0.0,,934,60,0.1796417236328125,2.0,12.0,7.0,False
null,0.0,,934,120,0.376953125,2.0,6.0,4.0,False
null_any,0.0,,934,0,,,,,False
null,0.0,,935,30,0.395263671875,3.0,8.0,6.0,False
null,0.0,,935,60,0.9282684326171875,0.0,6.0,11.0,False
null,0.0,,935,120,0.29052734375,3.0,8.0,5.0,False
null_any,0.0,,935,0,,,,,False
null,0.0,,936,30,0.41190147399902344,1.0,11.0,9.0,False
null,0.0,,936,60,0.6681880950927734,1.0,10.0,11.0,False
null,0.0,,936,120,0.78802490234375,1.0,6.0,8.0,False
null_any,0.0,,936,0,,,,,False
null,0.0,,937,30,0.41190147399902344,3.0,11.0,9.0,False
null,0.0,,937,60,0.808344841003418,2.0,9.0,12.0,False
null,0.0,,937,120,0.9423408508300781,1.0,7.0,13.0,False
null_any,0.0,,937,0,,,,,False
null,0.0,,938,30,0.9615936279296875,0.0,5.0,11.0,False
null,0.0,,938,60,0.9164657592773438,1.0,7.0,12.0,False
null,0.0,,938,120,0.9423408508300781,2.0,7.0,13.0,False
null_any,0.0,,938,0,,,,,False
null,0.0,,939,30,0.40726470947265625,2.0,10.0,8.0,False
null,0.0,,939,60,0.08353424072265625,2.0,13.0,6.0,False
null,0.0,,939,120,0.5,1.0,9.0,8.0,False
null_any,0.0,,939,0,,,,,False
null,0.0,,940,30,0.7727508544921875,2.0,7.0,9.0,False
null,0.0,,940,60,0.5880985260009766,2.0,10.0,10.0,False
null,0.0,,940,120,0.7727508544921875,0.0,7.0,9.0,False
null_any,0.0,,940,0,,,,,False
null,0.0,,941,30,0.5927352905273438,3.0,9.0,9.0,False
null,0.0,,941,60,0.8275357745587826,1.0,12.0,16.0,False
null,0.0,,941,120,0.9608230590820312,0.0,7.0,14.0,False
null_any,0.0,,941,0,,,,,False
null,0.0,,942,30,0.6681880950927734,1.0,10.0,11.0,False
null,0.0,,942,60,0.5927352905273438,1.0,9.0,9.0,False
null,0.0,,942,120,0.5,3.0,6.0,5.0,False
null_any,0.0,,942,0,,,,,False
null,0.0,,943,30,0.395263671875,3.0,8.0,6.0,False
null,0.0,,943,60,0.61279296875,2.0,6.0,6.0,False
null,0.0,,943,120,0.15087890624999997,3.0,10.0,5.0,False
null_any,0.0,,943,0,,,,,False
null,0.0,,944,30,0.5981903076171875,2.0,8.0,8.0,False
null,0.0,,944,60,0.9330997467041016,0.0,8.0,14.0,False
null,0.0,,944,120,0.96728515625,0.0,3.0,8.0,False
null_any,0.0,,944,0,,,,,False
null,0.0,,945,30,0.9423408508300781,1.0,7.0,13.0,False
null,0.0,,945,60,0.8203582763671875,1.0,8.0,11.0,False
null,0.0,,945,120,0.88671875,0.0,4.0,7.0,False
null_any,0.0,,945,0,,,,,False
null,0.0,,946,30,0.8462718725204468,1.0,10.0,14.0,False
null,0.0,,946,60,0.40726470947265625,2.0,10.0,8.0,False
null,0.0,,946,120,0.21197509765625,2.0,9.0,5.0,False
null_any,0.0,,946,0,,,,,False
null,0.0,,947,30,0.1661529541015625,3.0,11.0,6.0,False
null,0.0,,947,60,0.5,3.0,11.0,10.0,False
null,0.0,,947,120,0.395263671875,3.0,8.0,6.0,False
null_any,0.0,,947,0,,,,,False
null,0.0,,948,30,0.3145294189453125,3.0,10.0,7.0,False
null,0.0,,948,60,0.9615936279296875,0.0,5.0,11.0,False
null,0.0,,948,120,0.5,2.0,7.0,6.0,False
null_any,0.0,,948,0,,,,,False
null,0.0,,949,30,0.3145294189453125,3.0,10.0,7.0,False
null,0.0,,949,60,0.9615936279296875,0.0,5.0,11.0,False
null,0.0,,949,120,0.5,2.0,7.0,6.0,False
null_any,0.0,,949,0,,,,,False
null,0.0,,950,30,0.2517223358154297,2.0,12.0,8.0,False
null,0.0,,950,60,0.8203582763671875,2.0,8.0,11.0,False
null,0.0,,950,120,0.9713134765625,1.0,4.0,10.0,False
null_any,0.0,,950,0,,,,,False
null,0.0,,951,30,0.7596588134765625,1.0,8.0,10.0,False
null,0.0,,951,60,0.5,2.0,10.0,9.0,False
null,0.0,,951,120,0.171875,3.0,7.0,3.0,False
null_any,0.0,,951,0,,,,,False
null,0.0,,952,30,0.604736328125,1.0,7.0,7.0,False
null,0.0,,952,60,0.5,2.0,9.0,8.0,False
null,0.0,,952,120,0.1661529541015625,3.0,11.0,6.0,False
null_any,0.0,,952,0,,,,,False
null,0.0,,953,30,0.78802490234375,1.0,6.0,8.0,False
null,0.0,,953,60,0.2517223358154297,3.0,12.0,8.0,False
null,0.0,,953,120,0.5,1.0,7.0,6.0,False
null_any,0.0,,953,0,,,,,False
null,0.0,,954,30,0.8949432373046875,1.0,6.0,10.0,False
null,0.0,,954,60,0.808344841003418,2.0,9.0,12.0,False
null,0.0,,954,120,0.40726470947265625,2.0,10.0,8.0,False
null_any,0.0,,954,0,,,,,False
null,0.0,,955,30,0.9053764343261719,1.0,8.0,13.0,False
null,0.0,,955,60,0.9330997467041016,1.0,8.0,14.0,False
null,0.0,,955,120,0.91021728515625,1.0,5.0,9.0,False
null_any,0.0,,955,0,,,,,False
null,0.0,,956,30,0.4194098711013794,2.0,13.0,11.0,False
null,0.0,,956,60,0.5,1.0,12.0,11.0,False
null,0.0,,956,120,0.84912109375,1.0,6.0,9.0,False
null_any,0.0,,956,0,,,,,False
null,0.0,,957,30,0.2403411865234375,3.0,11.0,7.0,False
null,0.0,,957,60,0.33181190490722656,2.0,12.0,9.0,False
null,0.0,,957,120,0.2272491455078125,3.0,10.0,6.0,False
null_any,0.0,,957,0,,,,,False
null,0.0,,958,30,0.80615234375,1.0,5.0,7.0,False
null,0.0,,958,60,0.953857421875,1.0,4.0,9.0,False
null,0.0,,958,120,0.5981903076171875,1.0,8.0,8.0,False
null_any,0.0,,958,0,,,,,False
null,0.0,,959,30,0.40726470947265625,2.0,10.0,8.0,False
null,0.0,,959,60,0.8203582763671875,2.0,8.0,11.0,False
null,0.0,,959,120,0.9164657592773438,1.0,7.0,12.0,False
null_any,0.0,,959,0,,,,,False
null,0.0,,960,30,0.6761970520019531,1.0,9.0,10.0,False
null,0.0,,960,60,0.696380615234375,1.0,7.0,8.0,False
null,0.0,,960,120,0.8338470458984375,1.0,7.0,10.0,False
null_any,0.0,,960,0,,,,,False
null,0.0,,961,30,0.9682159423828125,1.0,6.0,13.0,False
null,0.0,,961,60,0.9164657592773438,0.0,7.0,12.0,False
null,0.0,,961,120,0.8949432373046875,1.0,6.0,10.0,False
null_any,0.0,,961,0,,,,,False
null,0.0,,962,30,0.5927352905273438,1.0,9.0,9.0,False
null,0.0,,962,60,0.808344841003418,1.0,9.0,12.0,False
null,0.0,,962,120,0.91021728515625,1.0,5.0,9.0,False
null_any,0.0,,962,0,,,,,False
null,0.0,,963,30,0.3238029479980469,2.0,11.0,8.0,False
null,0.0,,963,60,0.1189422607421875,2.0,12.0,6.0,False
null,0.0,,963,120,0.0286865234375,3.0,11.0,3.0,False
null_any,0.0,,963,0,,,,,False
null,0.0,,964,30,0.5,2.0,11.0,10.0,False
null,0.0,,964,60,0.06690025329589844,3.0,15.0,7.0,False
null,0.0,,964,120,0.15087890624999997,2.0,10.0,5.0,False
null_any,0.0,,964,0,,,,,False
null,0.0,,965,30,0.5,3.0,7.0,6.0,False
null,0.0,,965,60,0.4018096923828125,2.0,9.0,7.0,False
null,0.0,,965,120,0.5,2.0,9.0,8.0,False
null_any,0.0,,965,0,,,,,False
null,0.0,,966,30,0.7727508544921875,2.0,7.0,9.0,False
null,0.0,,966,60,0.4018096923828125,1.0,9.0,7.0,False
null,0.0,,966,120,0.7255859375,1.0,5.0,6.0,False
null_any,0.0,,966,0,,,,,False
null,0.0,,967,30,0.5880985260009766,2.0,10.0,10.0,False
null,0.0,,967,60,0.8684120178222656,2.0,8.0,12.0,False
null,0.0,,967,120,0.980712890625,1.0,3.0,9.0,False
null_any,0.0,,967,0,,,,,False
null,0.0,,968,30,0.4194098711013794,2.0,13.0,11.0,False
null,0.0,,968,60,0.5840940475463867,1.0,11.0,11.0,False
null,0.0,,968,120,0.4018096923828125,2.0,9.0,7.0,False
null_any,0.0,,968,0,,,,,False
null,0.0,,969,30,0.5981903076171875,2.0,8.0,8.0,False
null,0.0,,969,60,0.5981903076171875,1.0,8.0,8.0,False
null,0.0,,969,120,0.8949432373046875,0.0,6.0,10.0,False
null_any,0.0,,969,0,,,,,False
null,0.0,,970,30,0.5,2.0,9.0,8.0,False
null,0.0,,970,60,0.4194098711013794,2.0,13.0,11.0,False
null,0.0,,970,120,0.3238029479980469,2.0,11.0,8.0,False
null_any,0.0,,970,0,,,,,False
null,0.0,,971,30,0.7727508544921875,1.0,7.0,9.0,False
null,0.0,,971,60,0.0384063720703125,3.0,12.0,4.0,False
null,0.0,,971,120,0.61279296875,2.0,6.0,6.0,False
null_any,0.0,,971,0,,,,,False
null,0.0,,972,30,0.696380615234375,2.0,7.0,8.0,False
null,0.0,,972,60,0.3238029479980469,3.0,11.0,8.0,False
null,0.0,,972,120,0.61279296875,1.0,6.0,6.0,False
null_any,0.0,,972,0,,,,,False
null,0.0,,973,30,0.30361938476562494,2.0,9.0,6.0,False
null,0.0,,973,60,0.3238029479980469,1.0,11.0,8.0,False
null,0.0,,973,120,0.9754791259765625,0.0,5.0,12.0,False
null_any,0.0,,973,0,,,,,False
null,0.0,,974,30,0.020694732666015625,3.0,15.0,5.0,False
null,0.0,,974,60,0.06690025329589844,3.0,15.0,7.0,False
null,0.0,,974,120,0.3145294189453125,2.0,10.0,7.0,False
null_any,0.0,,974,0,,,,,False
null,0.0,,975,30,0.11476147174835205,3.0,16.0,9.0,False
null,0.0,,975,60,0.4194098711013794,1.0,13.0,11.0,False
null,0.0,,975,120,0.61279296875,2.0,6.0,6.0,False
null_any,0.0,,975,0,,,,,False
null,0.0,,976,30,0.8810577392578125,0.0,7.0,11.0,False
null,0.0,,976,60,0.6611802577972412,2.0,11.0,12.0,False
null,0.0,,976,120,0.61279296875,1.0,6.0,6.0,False
null_any,0.0,,976,0,,,,,False
null,0.0,,977,30,0.5,2.0,11.0,10.0,False
null,0.0,,977,60,0.6854705810546875,1.0,8.0,9.0,False
null,0.0,,977,120,0.604736328125,0.0,7.0,7.0,False
null_any,0.0,,977,0,,,,,False
null,0.0,,978,30,0.7596588134765625,1.0,8.0,10.0,False
null,0.0,,978,60,0.7482776641845703,1.0,9.0,11.0,False
null,0.0,,978,120,0.9866981506347656,0.0,6.0,15.0,False
null_any,0.0,,978,0,,,,,False
null,0.0,,979,30,0.7482776641845703,2.0,9.0,11.0,False
null,0.0,,979,60,0.6681880950927734,1.0,10.0,11.0,False
null,0.0,,979,120,0.7482776641845703,1.0,9.0,11.0,False
null_any,0.0,,979,0,,,,,False
null,0.0,,980,30,0.7596588134765625,1.0,8.0,10.0,False
null,0.0,,980,60,0.9423408508300781,1.0,7.0,13.0,False
null,0.0,,980,120,0.8665771484375,1.0,5.0,8.0,False
null_any,0.0,,980,0,,,,,False
null,0.0,,981,30,0.95343017578125,0.0,8.0,15.0,False
null,0.0,,981,60,0.98455810546875,1.0,5.0,13.0,False
null,0.0,,981,120,0.9990234375,0.0,1.0,9.0,False
null_any,0.0,,981,0,,,,,False
null,0.0,,982,30,0.9282684326171875,1.0,6.0,11.0,False
null,0.0,,982,60,0.953857421875,0.0,4.0,9.0,False
null,0.0,,982,120,0.8949432373046875,0.0,6.0,10.0,False
null_any,0.0,,982,0,,,,,False
null,0.0,,983,30,0.2617335319519043,2.0,13.0,9.0,False
null,0.0,,983,60,0.41190147399902344,2.0,11.0,9.0,False
null,0.0,,983,120,0.5981903076171875,1.0,8.0,8.0,False
null_any,0.0,,983,0,,,,,False
null,0.0,,984,30,0.9282684326171875,1.0,6.0,11.0,False
null,0.0,,984,60,0.5927352905273438,2.0,9.0,9.0,False
null,0.0,,984,120,0.5,2.0,5.0,4.0,False
null_any,0.0,,984,0,,,,,False
null,0.0,,985,30,0.1334228515625,2.0,9.0,4.0,False
null,0.0,,985,60,0.5,2.0,9.0,8.0,False
null,0.0,,985,120,0.80615234375,1.0,5.0,7.0,False
null_any,0.0,,985,0,,,,,False
null,0.0,,986,30,0.696380615234375,1.0,7.0,8.0,False
null,0.0,,986,60,0.5981903076171875,0.0,8.0,8.0,False
null,0.0,,986,120,0.7727508544921875,2.0,7.0,9.0,False
null_any,0.0,,986,0,,,,,False
null,0.0,,987,30,0.08978271484375,3.0,10.0,4.0,False
null,0.0,,987,60,0.05387607216835022,4.0,17.0,8.0,False
null,0.0,,987,120,0.21197509765625,2.0,9.0,5.0,False
null_any,0.0,,987,0,,,,,False
null,0.0,,988,30,0.33181190490722656,2.0,12.0,9.0,False
null,0.0,,988,60,0.4999999999999999,1.0,8.0,7.0,False
null,0.0,,988,120,0.7255859375,1.0,5.0,6.0,False
null_any,0.0,,988,0,,,,,False
null,0.0,,989,30,0.048126220703125,3.0,13.0,5.0,False
null,0.0,,989,60,0.5,2.0,7.0,6.0,False
null,0.0,,989,120,0.072998046875,3.0,9.0,3.0,False
null_any,0.0,,989,0,,,,,False
null,0.0,,990,30,0.5,2.0,9.0,8.0,False
null,0.0,,990,60,0.8203582763671875,1.0,8.0,11.0,False
null,0.0,,990,120,0.9893646240234375,0.0,4.0,12.0,False
null_any,0.0,,990,0,,,,,False
null,0.0,,991,30,0.5981903076171875,2.0,8.0,8.0,False
null,0.0,,991,60,0.21197509765625,1.0,9.0,5.0,False
null,0.0,,991,120,0.08984375,2.0,7.0,2.0,False
null_any,0.0,,991,0,,,,,False
null,0.0,,992,30,0.8684120178222656,2.0,8.0,12.0,False
null,0.0,,992,60,0.982421875,0.0,4.0,11.0,False
null,0.0,,992,120,0.9453125,0.0,3.0,7.0,False
null_any,0.0,,992,0,,,,,False
null,0.0,,993,30,0.9330997467041016,1.0,8.0,14.0,False
null,0.0,,993,60,0.5,2.0,9.0,8.0,False
null,0.0,,993,120,0.696380615234375,1.0,7.0,8.0,False
null_any,0.0,,993,0,,,,,False
null,0.0,,994,30,0.9866981506347656,0.0,6.0,15.0,False
null,0.0,,994,60,0.95343017578125,0.0,8.0,15.0,False
null,0.0,,994,120,0.7596588134765625,0.0,8.0,10.0,False
null_any,0.0,,994,0,,,,,False
null,0.0,,995,30,0.9754791259765625,1.0,5.0,12.0,False
null,0.0,,995,60,0.98455810546875,0.0,5.0,13.0,False
null,0.0,,995,120,0.9282684326171875,0.0,6.0,11.0,False
null_any,0.0,,995,0,,,,,False
null,0.0,,996,30,0.9866981506347656,1.0,6.0,15.0,False
null,0.0,,996,60,0.33181190490722656,2.0,12.0,9.0,False
null,0.0,,996,120,0.25390625,3.0,6.0,3.0,False
null_any,0.0,,996,0,,,,,False
null,0.0,,997,30,0.9053764343261719,1.0,8.0,13.0,False
null,0.0,,997,60,0.808344841003418,1.0,9.0,12.0,False
null,0.0,,997,120,0.8949432373046875,1.0,6.0,10.0,False
null_any,0.0,,997,0,,,,,False
null,0.0,,998,30,0.2272491455078125,3.0,10.0,6.0,False
null,0.0,,998,60,0.5,2.0,11.0,10.0,False
null,0.0,,998,120,0.1050567626953125,3.0,11.0,5.0,False
null_any,0.0,,998,0,,,,,False
null,0.0,,999,30,0.5880985260009766,1.0,10.0,10.0,False
null,0.0,,999,60,0.2785985469818115,3.0,15.0,11.0,False
null,0.0,,999,120,0.5,1.0,9.0,8.0,False
null_any,0.0,,999,0,,,,,False
