timestamp,kind,t_s,raw_len,leading_ff,minute
2026-09-22 00:04:10+00:00,VALID,182048.0,85,0,2026-09-22 00:04:00+00:00
2026-09-22 00:05:10+00:00,VALID,182108.0,85,0,2026-09-22 00:05:00+00:00
2026-09-22 00:06:10+00:00,VALID,182168.0,85,0,2026-09-22 00:06:00+00:00
2026-09-22 00:07:10+00:00,FF64,,117,64,2026-09-22 00:07:00+00:00
2026-09-22 00:08:10+00:00,VALID,182288.0,85,0,2026-09-22 00:08:00+00:00
2026-09-22 00:09:10+00:00,FF64,,117,64,2026-09-22 00:09:00+00:00
2026-09-22 00:10:10+00:00,VALID,182408.0,85,0,2026-09-22 00:10:00+00:00
2026-09-22 00:11:10+00:00,FF64,,117,64,2026-09-22 00:11:00+00:00
2026-09-22 00:12:10+00:00,VALID,182528.0,85,0,2026-09-22 00:12:00+00:00
2026-09-22 00:13:10+00:00,VALID,182588.0,85,0,2026-09-22 00:13:00+00:00
2026-09-22 00:14:10+00:00,VALID,182648.0,85,0,2026-09-22 00:14:00+00:00
2026-09-22 00:15:10+00:00,VALID,182708.0,85,0,2026-09-22 00:15:00+00:00
2026-09-22 00:16:10+00:00,VALID,182768.0,85,0,2026-09-22 00:16:00+00:00
2026-09-22 00:17:10+00:00,FF64,,117,64,2026-09-22 00:17:00+00:00
2026-09-22 00:18:10+00:00,VALID,182888.0,85,0,2026-09-22 00:18:00+00:00
2026-09-22 00:19:10+00:00,VALID,182948.0,85,0,2026-09-22 00:19:00+00:00
2026-09-22 00:20:10+00:00,VALID,183008.0,85,0,2026-09-22 00:20:00+00:00
2026-09-22 00:21:10+00:00,FF64,,117,64,2026-09-22 00:21:00+00:00
2026-09-22 00:22:10+00:00,VALID,183128.0,85,0,2026-09-22 00:22:00+00:00
2026-09-22 00:23:10+00:00,FF64,,117,64,2026-09-22 00:23:00+00:00
2026-09-22 00:24:10+00:00,VALID,183248.0,85,0,2026-09-22 00:24:00+00:00
2026-09-22 00:25:10+00:00,FF64,,117,64,2026-09-22 00:25:00+00:00
2026-09-22 00:26:10+00:00,VALID,183368.0,85,0,2026-09-22 00:26:00+00:00
2026-09-22 00:27:10+00:00,FF64,,117,64,2026-09-22 00:27:00+00:00
2026-09-22 00:28:10+00:00,VALID,183488.0,85,0,2026-09-22 00:28:00+00:00
2026-09-22 00:29:10+00:00,VALID,183548.0,85,0,2026-09-22 00:29:00+00:00
2026-09-22 00:30:10+00:00,VALID,183608.0,85,0,2026-09-22 00:30:00+00:00
2026-09-22 00:31:10+00:00,FF64,,117,64,2026-09-22 00:31:00+00:00
2026-09-22 00:32:10+00:00,VALID,183728.0,85,0,2026-09-22 00:32:00+00:00
2026-09-22 00:33:10+00:00,FF64,,117,64,2026-09-22 00:33:00+00:00
2026-09-22 00:34:10+00:00,VALID,183848.0,85,0,2026-09-22 00:34:00+00:00
2026-09-22 00:35:10+00:00,FF64,,117,64,2026-09-22 00:35:00+00:00
2026-09-22 00:36:10+00:00,VALID,183968.0,85,0,2026-09-22 00:36:00+00:00
2026-09-22 00:37:10+00:00,VALID,184028.0,85,0,2026-09-22 00:37:00+00:00
2026-09-22 00:38:10+00:00,VALID,184088.0,85,0,2026-09-22 00:38:00+00:00
2026-09-22 00:39:10+00:00,FF64,,117,64,2026-09-22 00:39:00+00:00
2026-09-22 00:40:10+00:00,VALID,184208.0,85,0,2026-09-22 00:40:00+00:00
2026-09-22 00:41:10+00:00,FF64,,117,64,2026-09-22 00:41:00+00:00
2026-09-22 00:42:10+00:00,VALID,184328.0,85,0,2026-09-22 00:42:00+00:00
2026-09-22 00:43:10+00:00,FF64,,117,64,2026-09-22 00:43:00+00:00
2026-09-22 00:44:10+00:00,VALID,184448.0,85,0,2026-09-22 00:44:00+00:00
2026-09-22 00:45:10+00:00,VALID,184508.0,85,0,2026-09-22 00:45:00+00:00
2026-09-22 00:46:10+00:00,VALID,184568.0,85,0,2026-09-22 00:46:00+00:00
2026-09-22 00:47:10+00:00,FF64,,117,64,2026-09-22 00:47:00+00:00
2026-09-22 00:48:10+00:00,VALID,184688.0,85,0,2026-09-22 00:48:00+00:00
2026-09-22 00:49:10+00:00,FF64,,117,64,2026-09-22 00:49:00+00:00
2026-09-22 00:50:10+00:00,VALID,184808.0,85,0,2026-09-22 00:50:00+00:00
2026-09-22 00:51:10+00:00,VALID,184868.0,85,0,2026-09-22 00:51:00+00:00
2026-09-22 00:52:10+00:00,VALID,184928.0,85,0,2026-09-22 00:52:00+00:00
2026-09-22 00:53:10+00:00,FF64,,117,64,2026-09-22 00:53:00+00:00
2026-09-22 00:54:10+00:00,VALID,185048.0,85,0,2026-09-22 00:54:00+00:00
2026-09-22 00:55:10+00:00,FF64,,117,64,2026-09-22 00:55:00+00:00
2026-09-22 00:56:10+00:00,VALID,185168.0,85,0,2026-09-22 00:56:00+00:00
2026-09-22 00:57:10+00:00,FF64,,117,64,2026-09-22 00:57:00+00:00
2026-09-22 00:58:10+00:00,VALID,185288.0,85,0,2026-09-22 00:58:00+00:00
2026-09-22 00:59:10+00:00,VALID,185348.0,85,0,2026-09-22 00:59:00+00:00
2026-09-22 01:00:10+00:00,VALID,185408.0,85,0,2026-09-22 01:00:00+00:00
2026-09-22 01:01:10+00:00,VALID,185468.0,85,0,2026-09-22 01:01:00+00:00
2026-09-22 01:02:10+00:00,VALID,185528.0,85,0,2026-09-22 01:02:00+00:00
2026-09-22 01:03:10+00:00,FF64,,117,64,2026-09-22 01:03:00+00:00
2026-09-22 01:04:10+00:00,VALID,185648.0,85,0,2026-09-22 01:04:00+00:00
2026-09-22 01:05:10+00:00,VALID,185708.0,85,0,2026-09-22 01:05:00+00:00
2026-09-22 01:06:10+00:00,VALID,185768.0,85,0,2026-09-22 01:06:00+00:00
2026-09-22 01:07:10+00:00,FF64,,117,64,2026-09-22 01:07:00+00:00
2026-09-22 01:08:10+00:00,VALID,185888.0,85,0,2026-09-22 01:08:00+00:00
2026-09-22 01:09:10+00:00,FF64,,117,64,2026-09-22 01:09:00+00:00
2026-09-22 01:10:10+00:00,VALID,186008.0,85,0,2026-09-22 01:10:00+00:00
2026-09-22 01:11:10+00:00,VALID,186068.0,85,0,2026-09-22 01:11:00+00:00
2026-09-22 01:12:10+00:00,VALID,186128.0,85,0,2026-09-22 01:12:00+00:00
2026-09-22 01:13:10+00:00,FF64,,117,64,2026-09-22 01:13:00+00:00
2026-09-22 01:14:10+00:00,VALID,186248.0,85,0,2026-09-22 01:14:00+00:00
2026-09-22 01:15:10+00:00,VALID,186308.0,85,0,2026-09-22 01:15:00+00:00
2026-09-22 01:16:10+00:00,VALID,186368.0,85,0,2026-09-22 01:16:00+00:00
2026-09-22 01:17:10+00:00,FF64,,117,64,2026-09-22 01:17:00+00:00
2026-09-22 01:18:10+00:00,VALID,186488.0,85,0,2026-09-22 01:18:00+00:00
2026-09-22 01:19:10+00:00,FF64,,117,64,2026-09-22 01:19:00+00:00
2026-09-22 01:20:10+00:00,VALID,186608.0,85,0,2026-09-22 01:20:00+00:00
2026-09-22 01:21:10+00:00,VALID,186668.0,85,0,2026-09-22 01:21:00+00:00
2026-09-22 01:22:10+00:00,VALID,186728.0,85,0,2026-09-22 01:22:00+00:00
2026-09-22 01:23:10+00:00,FF64,,117,64,2026-09-22 01:23:00+00:00
2026-09-22 01:24:10+00:00,VALID,186848.0,85,0,2026-09-22 01:24:00+00:00
2026-09-22 01:25:10+00:00,VALID,186908.0,85,0,2026-09-22 01:25:00+00:00
2026-09-22 01:26:10+00:00,VALID,186968.0,85,0,2026-09-22 01:26:00+00:00
2026-09-22 01:27:10+00:00,FF64,,117,64,2026-09-22 01:27:00+00:00
2026-09-22 01:28:10+00:00,VALID,187088.0,85,0,2026-09-22 01:28:00+00:00
2026-09-22 01:29:10+00:00,VALID,187148.0,85,0,2026-09-22 01:29:00+00:00
2026-09-22 01:30:10+00:00,VALID,187208.0,85,0,2026-09-22 01:30:00+00:00
2026-09-22 01:31:10+00:00,FF64,,117,64,2026-09-22 01:31:00+00:00
2026-09-22 01:32:10+00:00,VALID,187328.0,85,0,2026-09-22 01:32:00+00:00
2026-09-22 01:33:10+00:00,VALID,187388.0,85,0,2026-09-22 01:33:00+00:00
2026-09-22 01:34:10+00:00,VALID,187448.0,85,0,2026-09-22 01:34:00+00:00
2026-09-22 01:35:10+00:00,VALID,187508.0,85,0,2026-09-22 01:35:00+00:00
2026-09-22 01:36:10+00:00,VALID,187568.0,85,0,2026-09-22 01:36:00+00:00
2026-09-22 01:37:10+00:00,VALID,187628.0,85,0,2026-09-22 01:37:00+00:00
2026-09-22 01:38:10+00:00,VALID,187688.0,85,0,2026-09-22 01:38:00+00:00
2026-09-22 01:39:10+00:00,VALID,187748.0,85,0,2026-09-22 01:39:00+00:00
2026-09-22 01:40:10+00:00,VALID,187808.0,85,0,2026-09-22 01:40:00+00:00
2026-09-22 01:41:10+00:00,FF64,,117,64,2026-09-22 01:41:00+00:00
2026-09-22 01:42:10+00:00,VALID,187928.0,85,0,2026-09-22 01:42:00+00:00
2026-09-22 01:43:10+00:00,FF64,,117,64,2026-09-22 01:43:00+00:00
2026-09-22 01:44:10+00:00,VALID,188048.0,85,0,2026-09-22 01:44:00+00:00
2026-09-22 01:45:10+00:00,FF64,,117,64,2026-09-22 01:45:00+00:00
2026-09-22 01:46:10+00:00,VALID,188168.0,85,0,2026-09-22 01:46:00+00:00
2026-09-22 01:47:10+00:00,FF64,,117,64,2026-09-22 01:47:00+00:00
2026-09-22 01:48:10+00:00,VALID,188288.0,85,0,2026-09-22 01:48:00+00:00
2026-09-22 01:49:11+00:00,FF64,,117,64,2026-09-22 01:49:00+00:00
2026-09-22 01:50:11+00:00,VALID,188408.0,85,0,2026-09-22 01:50:00+00:00
2026-09-22 01:51:11+00:00,FF64,,117,64,2026-09-22 01:51:00+00:00
2026-09-22 01:52:11+00:00,VALID,188528.0,85,0,2026-09-22 01:52:00+00:00
2026-09-22 01:53:11+00:00,VALID,188588.0,85,0,2026-09-22 01:53:00+00:00
2026-09-22 01:54:11+00:00,VALID,188648.0,85,0,2026-09-22 01:54:00+00:00
2026-09-22 01:55:11+00:00,FF64,,117,64,2026-09-22 01:55:00+00:00
2026-09-22 01:56:11+00:00,VALID,188768.0,85,0,2026-09-22 01:56:00+00:00
2026-09-22 01:57:11+00:00,FF64,,117,64,2026-09-22 01:57:00+00:00
2026-09-22 01:58:11+00:00,VALID,188888.0,85,0,2026-09-22 01:58:00+00:00
2026-09-22 01:59:11+00:00,VALID,188948.0,85,0,2026-09-22 01:59:00+00:00
2026-09-22 02:00:11+00:00,VALID,189008.0,85,0,2026-09-22 02:00:00+00:00
2026-09-22 02:01:11+00:00,FF64,,117,64,2026-09-22 02:01:00+00:00
2026-09-22 02:02:11+00:00,VALID,189128.0,85,0,2026-09-22 02:02:00+00:00
2026-09-22 02:03:11+00:00,FF64,,117,64,2026-09-22 02:03:00+00:00
2026-09-22 02:04:11+00:00,VALID,189248.0,85,0,2026-09-22 02:04:00+00:00
2026-09-22 02:05:11+00:00,VALID,189308.0,85,0,2026-09-22 02:05:00+00:00
2026-09-22 02:06:11+00:00,VALID,189368.0,85,0,2026-09-22 02:06:00+00:00
2026-09-22 02:07:11+00:00,FF64,,117,64,2026-09-22 02:07:00+00:00
2026-09-22 02:08:11+00:00,VALID,189488.0,85,0,2026-09-22 02:08:00+00:00
2026-09-22 02:09:11+00:00,FF64,,117,64,2026-09-22 02:09:00+00:00
2026-09-22 02:10:11+00:00,VALID,189608.0,85,0,2026-09-22 02:10:00+00:00
2026-09-22 02:11:11+00:00,FF64,,117,64,2026-09-22 02:11:00+00:00
2026-09-22 02:12:11+00:00,VALID,189728.0,85,0,2026-09-22 02:12:00+00:00
2026-09-22 02:13:11+00:00,FF64,,117,64,2026-09-22 02:13:00+00:00
2026-09-22 02:14:11+00:00,VALID,189848.0,85,0,2026-09-22 02:14:00+00:00
2026-09-22 02:15:11+00:00,FF64,,117,64,2026-09-22 02:15:00+00:00
2026-09-22 02:16:11+00:00,VALID,189968.0,85,0,2026-09-22 02:16:00+00:00
2026-09-22 02:17:11+00:00,VALID,190028.0,85,0,2026-09-22 02:17:00+00:00
2026-09-22 02:18:11+00:00,VALID,190088.0,85,0,2026-09-22 02:18:00+00:00
2026-09-22 02:19:11+00:00,FF64,,117,64,2026-09-22 02:19:00+00:00
2026-09-22 02:20:11+00:00,VALID,190208.0,85,0,2026-09-22 02:20:00+00:00
2026-09-22 02:21:11+00:00,FF64,,117,64,2026-09-22 02:21:00+00:00
2026-09-22 02:22:11+00:00,VALID,190328.0,85,0,2026-09-22 02:22:00+00:00
2026-09-22 02:23:11+00:00,FF64,,117,64,2026-09-22 02:23:00+00:00
2026-09-22 02:24:11+00:00,VALID,190448.0,85,0,2026-09-22 02:24:00+00:00
2026-09-22 02:25:11+00:00,FF64,,117,64,2026-09-22 02:25:00+00:00
2026-09-22 02:26:11+00:00,VALID,190568.0,85,0,2026-09-22 02:26:00+00:00
2026-09-22 02:27:11+00:00,FF64,,117,64,2026-09-22 02:27:00+00:00
2026-09-22 02:28:11+00:00,VALID,190688.0,85,0,2026-09-22 02:28:00+00:00
2026-09-22 02:29:11+00:00,FF64,,117,64,2026-09-22 02:29:00+00:00
2026-09-22 02:30:11+00:00,VALID,190808.0,85,0,2026-09-22 02:30:00+00:00
2026-09-22 02:31:11+00:00,VALID,190868.0,85,0,2026-09-22 02:31:00+00:00
2026-09-22 02:32:11+00:00,VALID,190928.0,85,0,2026-09-22 02:32:00+00:00
2026-09-22 02:33:11+00:00,FF64,,117,64,2026-09-22 02:33:00+00:00
2026-09-22 02:34:11+00:00,VALID,191048.0,85,0,2026-09-22 02:34:00+00:00
2026-09-22 02:35:11+00:00,FF64,,117,64,2026-09-22 02:35:00+00:00
2026-09-22 02:36:11+00:00,VALID,191168.0,85,0,2026-09-22 02:36:00+00:00
2026-09-22 02:37:11+00:00,FF64,,117,64,2026-09-22 02:37:00+00:00
2026-09-22 02:38:11+00:00,VALID,191288.0,85,0,2026-09-22 02:38:00+00:00
2026-09-22 02:39:11+00:00,FF64,,117,64,2026-09-22 02:39:00+00:00
2026-09-22 02:40:11+00:00,VALID,191408.0,85,0,2026-09-22 02:40:00+00:00
2026-09-22 02:41:11+00:00,FF64,,117,64,2026-09-22 02:41:00+00:00
2026-09-22 02:42:11+00:00,VALID,191528.0,85,0,2026-09-22 02:42:00+00:00
2026-09-22 02:43:11+00:00,FF64,,117,64,2026-09-22 02:43:00+00:00
2026-09-22 02:44:11+00:00,VALID,191648.0,85,0,2026-09-22 02:44:00+00:00
2026-09-22 02:45:11+00:00,FF64,,117,64,2026-09-22 02:45:00+00:00
2026-09-22 02:46:11+00:00,VALID,191768.0,85,0,2026-09-22 02:46:00+00:00
2026-09-22 02:47:11+00:00,FF64,,117,64,2026-09-22 02:47:00+00:00
2026-09-22 02:48:11+00:00,VALID,191888.0,85,0,2026-09-22 02:48:00+00:00
2026-09-22 02:49:11+00:00,FF64,,117,64,2026-09-22 02:49:00+00:00
2026-09-22 02:50:11+00:00,VALID,192008.0,85,0,2026-09-22 02:50:00+00:00
2026-09-22 02:51:11+00:00,FF64,,117,64,2026-09-22 02:51:00+00:00
2026-09-22 02:52:11+00:00,VALID,192128.0,85,0,2026-09-22 02:52:00+00:00
2026-09-22 02:53:11+00:00,FF64,,117,64,2026-09-22 02:53:00+00:00
2026-09-22 02:54:11+00:00,VALID,192248.0,85,0,2026-09-22 02:54:00+00:00
2026-09-22 02:55:11+00:00,FF64,,117,64,2026-09-22 02:55:00+00:00
2026-09-22 02:56:11+00:00,VALID,192368.0,85,0,2026-09-22 02:56:00+00:00
2026-09-22 02:57:11+00:00,FF64,,117,64,2026-09-22 02:57:00+00:00
2026-09-22 02:58:11+00:00,VALID,192488.0,85,0,2026-09-22 02:58:00+00:00
2026-09-22 02:59:11+00:00,FF64,,117,64,2026-09-22 02:59:00+00:00
2026-09-22 03:00:11+00:00,VALID,192608.0,85,0,2026-09-22 03:00:00+00:00
2026-09-22 03:01:11+00:00,FF64,,117,64,2026-09-22 03:01:00+00:00
2026-09-22 03:02:11+00:00,VALID,192728.0,85,0,2026-09-22 03:02:00+00:00
2026-09-22 03:03:11+00:00,VALID,192788.0,85,0,2026-09-22 03:03:00+00:00
2026-09-22 03:04:11+00:00,VALID,192848.0,85,0,2026-09-22 03:04:00+00:00
2026-09-22 03:05:11+00:00,VALID,192908.0,85,0,2026-09-22 03:05:00+00:00
2026-09-22 03:06:11+00:00,VALID,192968.0,85,0,2026-09-22 03:06:00+00:00
2026-09-22 03:07:11+00:00,VALID,193028.0,85,0,2026-09-22 03:07:00+00:00
2026-09-22 03:08:11+00:00,VALID,193088.0,85,0,2026-09-22 03:08:00+00:00
2026-09-22 03:09:11+00:00,FF64,,117,64,2026-09-22 03:09:00+00:00
2026-09-22 03:10:11+00:00,VALID,193208.0,85,0,2026-09-22 03:10:00+00:00
2026-09-22 03:11:11+00:00,FF64,,117,64,2026-09-22 03:11:00+00:00
2026-09-22 03:12:11+00:00,VALID,193328.0,86,0,2026-09-22 03:12:00+00:00
2026-09-22 03:13:11+00:00,VALID,193388.0,86,0,2026-09-22 03:13:00+00:00
2026-09-22 03:14:11+00:00,VALID,193448.0,86,0,2026-09-22 03:14:00+00:00
2026-09-22 03:15:11+00:00,VALID,193508.0,86,0,2026-09-22 03:15:00+00:00
2026-09-22 03:16:11+00:00,VALID,193568.0,86,0,2026-09-22 03:16:00+00:00
2026-09-22 03:17:11+00:00,FF64,,118,64,2026-09-22 03:17:00+00:00
2026-09-22 03:18:11+00:00,VALID,193688.0,86,0,2026-09-22 03:18:00+00:00
2026-09-22 03:19:11+00:00,FF64,,118,64,2026-09-22 03:19:00+00:00
2026-09-22 03:20:11+00:00,VALID,193808.0,86,0,2026-09-22 03:20:00+00:00
2026-09-22 03:21:11+00:00,FF64,,118,64,2026-09-22 03:21:00+00:00
2026-09-22 03:22:11+00:00,VALID,193928.0,86,0,2026-09-22 03:22:00+00:00
2026-09-22 03:23:11+00:00,FF64,,118,64,2026-09-22 03:23:00+00:00
2026-09-22 03:24:11+00:00,VALID,194048.0,86,0,2026-09-22 03:24:00+00:00
2026-09-22 03:25:11+00:00,VALID,194108.0,86,0,2026-09-22 03:25:00+00:00
2026-09-22 03:26:11+00:00,VALID,194168.0,86,0,2026-09-22 03:26:00+00:00
2026-09-22 03:27:11+00:00,FF64,,118,64,2026-09-22 03:27:00+00:00
2026-09-22 03:28:11+00:00,VALID,194288.0,86,0,2026-09-22 03:28:00+00:00
2026-09-22 03:29:11+00:00,VALID,194348.0,86,0,2026-09-22 03:29:00+00:00
2026-09-22 03:30:11+00:00,VALID,194408.0,86,0,2026-09-22 03:30:00+00:00
2026-09-22 03:31:11+00:00,FF64,,118,64,2026-09-22 03:31:00+00:00
2026-09-22 03:32:11+00:00,VALID,194528.0,86,0,2026-09-22 03:32:00+00:00
2026-09-22 03:33:11+00:00,FF64,,118,64,2026-09-22 03:33:00+00:00
2026-09-22 03:34:11+00:00,VALID,194648.0,86,0,2026-09-22 03:34:00+00:00
2026-09-22 03:35:11+00:00,VALID,194708.0,86,0,2026-09-22 03:35:00+00:00
2026-09-22 03:36:11+00:00,VALID,194768.0,86,0,2026-09-22 03:36:00+00:00
2026-09-22 03:37:11+00:00,VALID,194828.0,86,0,2026-09-22 03:37:00+00:00
2026-09-22 03:38:11+00:00,VALID,194888.0,86,0,2026-09-22 03:38:00+00:00
2026-09-22 03:39:11+00:00,VALID,194948.0,86,0,2026-09-22 03:39:00+00:00
2026-09-22 03:40:11+00:00,VALID,195008.0,86,0,2026-09-22 03:40:00+00:00
2026-09-22 03:41:11+00:00,FF64,,118,64,2026-09-22 03:41:00+00:00
2026-09-22 03:42:11+00:00,VALID,195128.0,86,0,2026-09-22 03:42:00+00:00
2026-09-22 03:43:11+00:00,FF64,,118,64,2026-09-22 03:43:00+00:00
2026-09-22 03:44:11+00:00,VALID,195248.0,86,0,2026-09-22 03:44:00+00:00
2026-09-22 03:45:11+00:00,FF64,,118,64,2026-09-22 03:45:00+00:00
2026-09-22 03:46:11+00:00,VALID,195368.0,86,0,2026-09-22 03:46:00+00:00
2026-09-22 03:47:11+00:00,FF64,,118,64,2026-09-22 03:47:00+00:00
2026-09-22 03:48:11+00:00,VALID,195488.0,86,0,2026-09-22 03:48:00+00:00
2026-09-22 03:49:11+00:00,FF64,,118,64,2026-09-22 03:49:00+00:00
2026-09-22 03:50:11+00:00,VALID,195608.0,86,0,2026-09-22 03:50:00+00:00
2026-09-22 03:51:11+00:00,FF64,,118,64,2026-09-22 03:51:00+00:00
2026-09-22 03:52:11+00:00,VALID,195728.0,86,0,2026-09-22 03:52:00+00:00
2026-09-22 03:53:11+00:00,FF64,,118,64,2026-09-22 03:53:00+00:00
2026-09-22 03:54:11+00:00,VALID,195848.0,86,0,2026-09-22 03:54:00+00:00
2026-09-22 03:55:11+00:00,FF64,,118,64,2026-09-22 03:55:00+00:00
2026-09-22 03:56:11+00:00,VALID,195968.0,86,0,2026-09-22 03:56:00+00:00
2026-09-22 03:57:11+00:00,VALID,196028.0,86,0,2026-09-22 03:57:00+00:00
2026-09-22 03:58:11+00:00,VALID,196088.0,86,0,2026-09-22 03:58:00+00:00
2026-09-22 03:59:11+00:00,FF64,,118,64,2026-09-22 03:59:00+00:00
2026-09-22 04:00:11+00:00,VALID,196208.0,86,0,2026-09-22 04:00:00+00:00
2026-09-22 04:01:11+00:00,VALID,196268.0,86,0,2026-09-22 04:01:00+00:00
2026-09-22 04:02:11+00:00,VALID,196328.0,86,0,2026-09-22 04:02:00+00:00
2026-09-22 04:03:11+00:00,VALID,196388.0,86,0,2026-09-22 04:03:00+00:00
2026-09-22 04:04:11+00:00,VALID,196448.0,86,0,2026-09-22 04:04:00+00:00
2026-09-22 04:05:11+00:00,FF64,,118,64,2026-09-22 04:05:00+00:00
2026-09-22 04:06:11+00:00,VALID,196568.0,86,0,2026-09-22 04:06:00+00:00
2026-09-22 04:07:11+00:00,VALID,196628.0,87,0,2026-09-22 04:07:00+00:00
2026-09-22 04:08:11+00:00,VALID,196688.0,89,0,2026-09-22 04:08:00+00:00
2026-09-22 04:09:11+00:00,VALID,196748.0,89,0,2026-09-22 04:09:00+00:00
2026-09-22 04:10:11+00:00,VALID,196808.0,89,0,2026-09-22 04:10:00+00:00
2026-09-22 04:11:11+00:00,FF64,,121,64,2026-09-22 04:11:00+00:00
2026-09-22 04:12:11+00:00,VALID,196928.0,89,0,2026-09-22 04:12:00+00:00
2026-09-22 04:13:11+00:00,FF64,,121,64,2026-09-22 04:13:00+00:00
2026-09-22 04:14:11+00:00,VALID,197048.0,89,0,2026-09-22 04:14:00+00:00
2026-09-22 04:15:11+00:00,FF64,,121,64,2026-09-22 04:15:00+00:00
2026-09-22 04:16:11+00:00,VALID,197168.0,89,0,2026-09-22 04:16:00+00:00
2026-09-22 04:17:11+00:00,FF64,,121,64,2026-09-22 04:17:00+00:00
2026-09-22 04:18:11+00:00,VALID,197288.0,89,0,2026-09-22 04:18:00+00:00
2026-09-22 04:19:11+00:00,VALID,197348.0,89,0,2026-09-22 04:19:00+00:00
2026-09-22 04:20:11+00:00,VALID,197408.0,89,0,2026-09-22 04:20:00+00:00
2026-09-22 04:21:11+00:00,VALID,197468.0,89,0,2026-09-22 04:21:00+00:00
2026-09-22 04:22:11+00:00,VALID,197528.0,89,0,2026-09-22 04:22:00+00:00
2026-09-22 04:23:11+00:00,VALID,197588.0,89,0,2026-09-22 04:23:00+00:00
2026-09-22 04:24:11+00:00,VALID,197648.0,89,0,2026-09-22 04:24:00+00:00
2026-09-22 04:25:11+00:00,VALID,197708.0,89,0,2026-09-22 04:25:00+00:00
2026-09-22 04:26:11+00:00,VALID,197768.0,89,0,2026-09-22 04:26:00+00:00
2026-09-22 04:27:11+00:00,FF64,,121,64,2026-09-22 04:27:00+00:00
2026-09-22 04:28:11+00:00,VALID,197888.0,89,0,2026-09-22 04:28:00+00:00
2026-09-22 04:29:11+00:00,FF64,,121,64,2026-09-22 04:29:00+00:00
2026-09-22 04:30:11+00:00,VALID,198008.0,89,0,2026-09-22 04:30:00+00:00
2026-09-22 04:31:11+00:00,VALID,198068.0,89,0,2026-09-22 04:31:00+00:00
2026-09-22 04:32:11+00:00,VALID,198128.0,89,0,2026-09-22 04:32:00+00:00
2026-09-22 04:33:11+00:00,FF64,,121,64,2026-09-22 04:33:00+00:00
2026-09-22 04:34:11+00:00,VALID,198248.0,89,0,2026-09-22 04:34:00+00:00
2026-09-22 04:35:11+00:00,VALID,198308.0,89,0,2026-09-22 04:35:00+00:00
2026-09-22 04:36:11+00:00,VALID,198368.0,89,0,2026-09-22 04:36:00+00:00
2026-09-22 04:37:11+00:00,VALID,198428.0,89,0,2026-09-22 04:37:00+00:00
2026-09-22 04:38:11+00:00,VALID,198488.0,89,0,2026-09-22 04:38:00+00:00
2026-09-22 04:39:11+00:00,FF64,,121,64,2026-09-22 04:39:00+00:00
2026-09-22 04:40:11+00:00,VALID,198608.0,89,0,2026-09-22 04:40:00+00:00
2026-09-22 04:41:11+00:00,VALID,198668.0,89,0,2026-09-22 04:41:00+00:00
2026-09-22 04:42:11+00:00,VALID,198728.0,89,0,2026-09-22 04:42:00+00:00
2026-09-22 04:43:11+00:00,FF64,,121,64,2026-09-22 04:43:00+00:00
2026-09-22 04:44:11+00:00,VALID,198848.0,89,0,2026-09-22 04:44:00+00:00
2026-09-22 04:45:11+00:00,VALID,198908.0,89,0,2026-09-22 04:45:00+00:00
2026-09-22 04:46:11+00:00,VALID,198968.0,89,0,2026-09-22 04:46:00+00:00
2026-09-22 04:47:11+00:00,FF64,,121,64,2026-09-22 04:47:00+00:00
2026-09-22 04:48:11+00:00,VALID,199088.0,89,0,2026-09-22 04:48:00+00:00
2026-09-22 04:49:11+00:00,FF64,,121,64,2026-09-22 04:49:00+00:00
2026-09-22 04:50:11+00:00,VALID,199208.0,89,0,2026-09-22 04:50:00+00:00
2026-09-22 04:51:11+00:00,FF64,,121,64,2026-09-22 04:51:00+00:00
2026-09-22 04:52:11+00:00,VALID,199329.0,89,0,2026-09-22 04:52:00+00:00
2026-09-22 04:53:11+00:00,VALID,199389.0,89,0,2026-09-22 04:53:00+00:00
2026-09-22 04:54:11+00:00,VALID,199449.0,89,0,2026-09-22 04:54:00+00:00
2026-09-22 04:55:11+00:00,VALID,199509.0,89,0,2026-09-22 04:55:00+00:00
2026-09-22 04:56:11+00:00,VALID,199569.0,89,0,2026-09-22 04:56:00+00:00
2026-09-22 04:57:11+00:00,VALID,199629.0,89,0,2026-09-22 04:57:00+00:00
2026-09-22 04:58:11+00:00,VALID,199689.0,89,0,2026-09-22 04:58:00+00:00
2026-09-22 04:59:11+00:00,VALID,199749.0,89,0,2026-09-22 04:59:00+00:00
2026-09-22 05:00:11+00:00,VALID,199809.0,89,0,2026-09-22 05:00:00+00:00
2026-09-22 05:01:11+00:00,FF64,,121,64,2026-09-22 05:01:00+00:00
2026-09-22 05:02:11+00:00,VALID,199929.0,89,0,2026-09-22 05:02:00+00:00
2026-09-22 05:03:11+00:00,FF64,,121,64,2026-09-22 05:03:00+00:00
2026-09-22 05:04:11+00:00,VALID,200049.0,89,0,2026-09-22 05:04:00+00:00
2026-09-22 05:05:11+00:00,FF64,,121,64,2026-09-22 05:05:00+00:00
2026-09-22 05:06:11+00:00,VALID,200169.0,89,0,2026-09-22 05:06:00+00:00
2026-09-22 05:07:11+00:00,VALID,200229.0,89,0,2026-09-22 05:07:00+00:00
2026-09-22 05:08:11+00:00,VALID,200289.0,89,0,2026-09-22 05:08:00+00:00
2026-09-22 05:09:11+00:00,FF64,,121,64,2026-09-22 05:09:00+00:00
2026-09-22 05:10:11+00:00,VALID,200409.0,89,0,2026-09-22 05:10:00+00:00
2026-09-22 05:11:11+00:00,FF64,,121,64,2026-09-22 05:11:00+00:00
2026-09-22 05:12:11+00:00,VALID,200529.0,89,0,2026-09-22 05:12:00+00:00
2026-09-22 05:13:11+00:00,FF64,,121,64,2026-09-22 05:13:00+00:00
2026-09-22 05:14:11+00:00,VALID,200649.0,89,0,2026-09-22 05:14:00+00:00
2026-09-22 05:15:11+00:00,VALID,200709.0,89,0,2026-09-22 05:15:00+00:00
2026-09-22 05:16:11+00:00,VALID,200769.0,89,0,2026-09-22 05:16:00+00:00
2026-09-22 05:17:11+00:00,VALID,200829.0,89,0,2026-09-22 05:17:00+00:00
2026-09-22 05:18:11+00:00,VALID,200889.0,89,0,2026-09-22 05:18:00+00:00
2026-09-22 05:19:11+00:00,FF64,,121,64,2026-09-22 05:19:00+00:00
2026-09-22 05:20:11+00:00,VALID,201009.0,89,0,2026-09-22 05:20:00+00:00
2026-09-22 05:21:11+00:00,FF64,,121,64,2026-09-22 05:21:00+00:00
2026-09-22 05:22:11+00:00,VALID,201129.0,89,0,2026-09-22 05:22:00+00:00
2026-09-22 05:23:11+00:00,FF64,,121,64,2026-09-22 05:23:00+00:00
2026-09-22 05:24:11+00:00,VALID,201249.0,89,0,2026-09-22 05:24:00+00:00
2026-09-22 05:25:11+00:00,FF64,,121,64,2026-09-22 05:25:00+00:00
2026-09-22 05:26:11+00:00,VALID,201369.0,89,0,2026-09-22 05:26:00+00:00
2026-09-22 05:27:11+00:00,FF64,,121,64,2026-09-22 05:27:00+00:00
2026-09-22 05:28:11+00:00,VALID,201489.0,89,0,2026-09-22 05:28:00+00:00
2026-09-22 05:29:11+00:00,FF64,,121,64,2026-09-22 05:29:00+00:00
2026-09-22 05:30:11+00:00,VALID,201609.0,89,0,2026-09-22 05:30:00+00:00
2026-09-22 05:31:11+00:00,VALID,201669.0,89,0,2026-09-22 05:31:00+00:00
2026-09-22 05:32:11+00:00,VALID,201729.0,89,0,2026-09-22 05:32:00+00:00
2026-09-22 05:33:11+00:00,FF64,,121,64,2026-09-22 05:33:00+00:00
2026-09-22 05:34:11+00:00,VALID,201849.0,89,0,2026-09-22 05:34:00+00:00
2026-09-22 05:35:11+00:00,FF64,,121,64,2026-09-22 05:35:00+00:00
2026-09-22 05:36:11+00:00,VALID,201969.0,89,0,2026-09-22 05:36:00+00:00
2026-09-22 05:37:11+00:00,FF64,,121,64,2026-09-22 05:37:00+00:00
2026-09-22 05:38:11+00:00,VALID,202089.0,89,0,2026-09-22 05:38:00+00:00
2026-09-22 05:39:11+00:00,VALID,202149.0,89,0,2026-09-22 05:39:00+00:00
2026-09-22 05:40:11+00:00,VALID,202209.0,89,0,2026-09-22 05:40:00+00:00
2026-09-22 05:41:11+00:00,VALID,202269.0,89,0,2026-09-22 05:41:00+00:00
2026-09-22 05:42:11+00:00,VALID,202329.0,89,0,2026-09-22 05:42:00+00:00
2026-09-22 05:43:11+00:00,VALID,202389.0,89,0,2026-09-22 05:43:00+00:00
2026-09-22 05:44:11+00:00,VALID,202449.0,89,0,2026-09-22 05:44:00+00:00
2026-09-22 05:45:11+00:00,VALID,202509.0,89,0,2026-09-22 05:45:00+00:00
2026-09-22 05:46:11+00:00,VALID,202569.0,89,0,2026-09-22 05:46:00+00:00
2026-09-22 05:47:11+00:00,FF64,,121,64,2026-09-22 05:47:00+00:00
2026-09-22 05:48:11+00:00,VALID,202689.0,89,0,2026-09-22 05:48:00+00:00
2026-09-22 05:49:11+00:00,FF64,,121,64,2026-09-22 05:49:00+00:00
2026-09-22 05:50:11+00:00,VALID,202809.0,89,0,2026-09-22 05:50:00+00:00
2026-09-22 05:51:11+00:00,FF64,,121,64,2026-09-22 05:51:00+00:00
2026-09-22 05:52:11+00:00,VALID,202929.0,89,0,2026-09-22 05:52:00+00:00
2026-09-22 05:53:11+00:00,VALID,202989.0,89,0,2026-09-22 05:53:00+00:00
2026-09-22 05:54:11+00:00,VALID,203049.0,89,0,2026-09-22 05:54:00+00:00
2026-09-22 05:55:11+00:00,FF64,,121,64,2026-09-22 05:55:00+00:00
2026-09-22 05:56:11+00:00,VALID,203169.0,89,0,2026-09-22 05:56:00+00:00
2026-09-22 05:57:11+00:00,FF64,,121,64,2026-09-22 05:57:00+00:00
2026-09-22 05:58:11+00:00,VALID,203289.0,89,0,2026-09-22 05:58:00+00:00
2026-09-22 05:59:11+00:00,FF64,,121,64,2026-09-22 05:59:00+00:00
2026-09-22 06:00:11+00:00,VALID,203409.0,89,0,2026-09-22 06:00:00+00:00
2026-09-22 06:01:11+00:00,FF64,,121,64,2026-09-22 06:01:00+00:00
2026-09-22 06:02:11+00:00,VALID,203529.0,89,0,2026-09-22 06:02:00+00:00
2026-09-22 06:03:11+00:00,FF64,,121,64,2026-09-22 06:03:00+00:00
2026-09-22 06:04:11+00:00,VALID,203649.0,89,0,2026-09-22 06:04:00+00:00
2026-09-22 06:05:11+00:00,VALID,203709.0,89,0,2026-09-22 06:05:00+00:00
2026-09-22 06:06:11+00:00,VALID,203769.0,89,0,2026-09-22 06:06:00+00:00
2026-09-22 06:07:11+00:00,FF64,,121,64,2026-09-22 06:07:00+00:00
2026-09-22 06:08:11+00:00,VALID,203889.0,89,0,2026-09-22 06:08:00+00:00
2026-09-22 06:09:11+00:00,FF64,,121,64,2026-09-22 06:09:00+00:00
2026-09-22 06:10:11+00:00,VALID,204009.0,89,0,2026-09-22 06:10:00+00:00
2026-09-22 06:11:11+00:00,VALID,204069.0,89,0,2026-09-22 06:11:00+00:00
2026-09-22 06:12:11+00:00,VALID,204129.0,89,0,2026-09-22 06:12:00+00:00
2026-09-22 06:13:11+00:00,VALID,204189.0,89,0,2026-09-22 06:13:00+00:00
2026-09-22 06:14:11+00:00,VALID,204249.0,89,0,2026-09-22 06:14:00+00:00
2026-09-22 06:15:11+00:00,FF64,,121,64,2026-09-22 06:15:00+00:00
2026-09-22 06:16:11+00:00,VALID,204369.0,89,0,2026-09-22 06:16:00+00:00
2026-09-22 06:17:11+00:00,VALID,204429.0,89,0,2026-09-22 06:17:00+00:00
2026-09-22 06:18:11+00:00,VALID,204489.0,89,0,2026-09-22 06:18:00+00:00
2026-09-22 06:19:11+00:00,FF64,,121,64,2026-09-22 06:19:00+00:00
2026-09-22 06:20:11+00:00,VALID,204609.0,89,0,2026-09-22 06:20:00+00:00
2026-09-22 06:21:11+00:00,FF64,,121,64,2026-09-22 06:21:00+00:00
2026-09-22 06:22:11+00:00,VALID,204729.0,89,0,2026-09-22 06:22:00+00:00
2026-09-22 06:23:11+00:00,FF64,,121,64,2026-09-22 06:23:00+00:00
2026-09-22 06:24:11+00:00,VALID,204849.0,89,0,2026-09-22 06:24:00+00:00
2026-09-22 06:25:11+00:00,VALID,204909.0,89,0,2026-09-22 06:25:00+00:00
2026-09-22 06:26:11+00:00,VALID,204969.0,89,0,2026-09-22 06:26:00+00:00
2026-09-22 06:27:11+00:00,VALID,205029.0,89,0,2026-09-22 06:27:00+00:00
2026-09-22 06:28:11+00:00,VALID,205089.0,89,0,2026-09-22 06:28:00+00:00
2026-09-22 06:29:11+00:00,FF64,,121,64,2026-09-22 06:29:00+00:00
2026-09-22 06:30:11+00:00,VALID,205209.0,89,0,2026-09-22 06:30:00+00:00
2026-09-22 06:31:11+00:00,FF64,,121,64,2026-09-22 06:31:00+00:00
2026-09-22 06:32:11+00:00,VALID,205329.0,89,0,2026-09-22 06:32:00+00:00
2026-09-22 06:33:11+00:00,FF64,,121,64,2026-09-22 06:33:00+00:00
2026-09-22 06:34:11+00:00,VALID,205449.0,89,0,2026-09-22 06:34:00+00:00
2026-09-22 06:35:11+00:00,FF64,,121,64,2026-09-22 06:35:00+00:00
2026-09-22 06:36:11+00:00,VALID,205569.0,89,0,2026-09-22 06:36:00+00:00
2026-09-22 06:37:11+00:00,FF64,,121,64,2026-09-22 06:37:00+00:00
2026-09-22 06:38:11+00:00,VALID,205689.0,89,0,2026-09-22 06:38:00+00:00
2026-09-22 06:39:11+00:00,FF64,,121,64,2026-09-22 06:39:00+00:00
2026-09-22 06:40:11+00:00,VALID,205809.0,89,0,2026-09-22 06:40:00+00:00
2026-09-22 06:41:11+00:00,FF64,,121,64,2026-09-22 06:41:00+00:00
2026-09-22 06:42:11+00:00,VALID,205929.0,89,0,2026-09-22 06:42:00+00:00
2026-09-22 06:43:11+00:00,VALID,205989.0,89,0,2026-09-22 06:43:00+00:00
2026-09-22 06:44:11+00:00,VALID,206049.0,89,0,2026-09-22 06:44:00+00:00
2026-09-22 06:45:11+00:00,FF64,,121,64,2026-09-22 06:45:00+00:00
2026-09-22 06:46:11+00:00,VALID,206169.0,89,0,2026-09-22 06:46:00+00:00
2026-09-22 06:47:11+00:00,FF64,,121,64,2026-09-22 06:47:00+00:00
2026-09-22 06:48:11+00:00,VALID,206289.0,89,0,2026-09-22 06:48:00+00:00
2026-09-22 06:49:11+00:00,VALID,206349.0,89,0,2026-09-22 06:49:00+00:00
2026-09-22 06:50:11+00:00,VALID,206409.0,89,0,2026-09-22 06:50:00+00:00
2026-09-22 06:51:11+00:00,FF64,,121,64,2026-09-22 06:51:00+00:00
2026-09-22 06:52:11+00:00,VALID,206529.0,89,0,2026-09-22 06:52:00+00:00
2026-09-22 06:53:11+00:00,FF64,,121,64,2026-09-22 06:53:00+00:00
2026-09-22 06:54:11+00:00,VALID,206649.0,89,0,2026-09-22 06:54:00+00:00
2026-09-22 06:55:11+00:00,VALID,206709.0,89,0,2026-09-22 06:55:00+00:00
2026-09-22 06:56:11+00:00,VALID,206769.0,89,0,2026-09-22 06:56:00+00:00
2026-09-22 06:57:11+00:00,FF64,,121,64,2026-09-22 06:57:00+00:00
2026-09-22 06:58:11+00:00,VALID,206889.0,89,0,2026-09-22 06:58:00+00:00
2026-09-22 06:59:11+00:00,VALID,206949.0,89,0,2026-09-22 06:59:00+00:00
2026-09-22 07:00:11+00:00,VALID,207009.0,89,0,2026-09-22 07:00:00+00:00
2026-09-22 07:01:11+00:00,FF64,,121,64,2026-09-22 07:01:00+00:00
2026-09-22 07:02:11+00:00,VALID,207129.0,89,0,2026-09-22 07:02:00+00:00
2026-09-22 07:03:11+00:00,FF64,,121,64,2026-09-22 07:03:00+00:00
2026-09-22 07:04:11+00:00,VALID,207249.0,89,0,2026-09-22 07:04:00+00:00
2026-09-22 07:05:11+00:00,VALID,207309.0,89,0,2026-09-22 07:05:00+00:00
2026-09-22 07:06:11+00:00,VALID,207369.0,89,0,2026-09-22 07:06:00+00:00
2026-09-22 07:07:11+00:00,FF64,,121,64,2026-09-22 07:07:00+00:00
2026-09-22 07:08:11+00:00,VALID,207489.0,89,0,2026-09-22 07:08:00+00:00
2026-09-22 07:09:11+00:00,FF64,,121,64,2026-09-22 07:09:00+00:00
2026-09-22 07:10:11+00:00,VALID,207609.0,89,0,2026-09-22 07:10:00+00:00
2026-09-22 07:11:11+00:00,FF64,,121,64,2026-09-22 07:11:00+00:00
2026-09-22 07:12:11+00:00,VALID,207729.0,89,0,2026-09-22 07:12:00+00:00
2026-09-22 07:13:11+00:00,FF64,,121,64,2026-09-22 07:13:00+00:00
2026-09-22 07:14:11+00:00,VALID,207849.0,89,0,2026-09-22 07:14:00+00:00
2026-09-22 07:15:11+00:00,FF64,,121,64,2026-09-22 07:15:00+00:00
2026-09-22 07:16:11+00:00,VALID,207969.0,89,0,2026-09-22 07:16:00+00:00
2026-09-22 07:17:11+00:00,VALID,208029.0,89,0,2026-09-22 07:17:00+00:00
2026-09-22 07:18:11+00:00,VALID,208089.0,89,0,2026-09-22 07:18:00+00:00
2026-09-22 07:19:11+00:00,VALID,208149.0,89,0,2026-09-22 07:19:00+00:00
2026-09-22 07:20:11+00:00,VALID,208209.0,88,0,2026-09-22 07:20:00+00:00
2026-09-22 07:21:11+00:00,FF64,,121,64,2026-09-22 07:21:00+00:00
2026-09-22 07:22:11+00:00,VALID,208329.0,88,0,2026-09-22 07:22:00+00:00
2026-09-22 07:23:11+00:00,VALID,208389.0,88,0,2026-09-22 07:23:00+00:00
2026-09-22 07:24:11+00:00,VALID,208449.0,88,0,2026-09-22 07:24:00+00:00
2026-09-22 07:25:11+00:00,FF64,,120,64,2026-09-22 07:25:00+00:00
2026-09-22 07:26:11+00:00,VALID,208569.0,88,0,2026-09-22 07:26:00+00:00
2026-09-22 07:27:11+00:00,FF64,,120,64,2026-09-22 07:27:00+00:00
2026-09-22 07:28:11+00:00,VALID,208689.0,88,0,2026-09-22 07:28:00+00:00
2026-09-22 07:29:11+00:00,FF64,,120,64,2026-09-22 07:29:00+00:00
2026-09-22 07:30:11+00:00,VALID,208809.0,88,0,2026-09-22 07:30:00+00:00
2026-09-22 07:31:11+00:00,VALID,208869.0,88,0,2026-09-22 07:31:00+00:00
2026-09-22 07:32:11+00:00,VALID,208929.0,88,0,2026-09-22 07:32:00+00:00
2026-09-22 07:33:11+00:00,VALID,208989.0,88,0,2026-09-22 07:33:00+00:00
2026-09-22 07:34:11+00:00,VALID,209049.0,88,0,2026-09-22 07:34:00+00:00
2026-09-22 07:35:11+00:00,VALID,209109.0,88,0,2026-09-22 07:35:00+00:00
2026-09-22 07:36:11+00:00,VALID,209169.0,88,0,2026-09-22 07:36:00+00:00
2026-09-22 07:37:11+00:00,FF64,,120,64,2026-09-22 07:37:00+00:00
2026-09-22 07:38:11+00:00,VALID,209289.0,88,0,2026-09-22 07:38:00+00:00
2026-09-22 07:39:11+00:00,FF64,,120,64,2026-09-22 07:39:00+00:00
2026-09-22 07:40:11+00:00,VALID,209409.0,88,0,2026-09-22 07:40:00+00:00
2026-09-22 07:41:11+00:00,FF64,,120,64,2026-09-22 07:41:00+00:00
2026-09-22 07:42:11+00:00,VALID,209529.0,88,0,2026-09-22 07:42:00+00:00
2026-09-22 07:43:11+00:00,VALID,209589.0,88,0,2026-09-22 07:43:00+00:00
2026-09-22 07:44:11+00:00,VALID,209649.0,88,0,2026-09-22 07:44:00+00:00
2026-09-22 07:45:11+00:00,FF64,,120,64,2026-09-22 07:45:00+00:00
2026-09-22 07:46:11+00:00,VALID,209769.0,88,0,2026-09-22 07:46:00+00:00
2026-09-22 07:47:11+00:00,FF64,,120,64,2026-09-22 07:47:00+00:00
2026-09-22 07:48:11+00:00,VALID,209889.0,88,0,2026-09-22 07:48:00+00:00
2026-09-22 07:49:11+00:00,FF64,,120,64,2026-09-22 07:49:00+00:00
2026-09-22 07:50:11+00:00,VALID,210009.0,88,0,2026-09-22 07:50:00+00:00
2026-09-22 07:51:11+00:00,FF64,,120,64,2026-09-22 07:51:00+00:00
2026-09-22 07:52:11+00:00,VALID,210129.0,88,0,2026-09-22 07:52:00+00:00
2026-09-22 07:53:11+00:00,FF64,,120,64,2026-09-22 07:53:00+00:00
2026-09-22 07:54:11+00:00,VALID,210249.0,88,0,2026-09-22 07:54:00+00:00
2026-09-22 07:55:11+00:00,FF64,,120,64,2026-09-22 07:55:00+00:00
2026-09-22 07:56:11+00:00,VALID,210369.0,88,0,2026-09-22 07:56:00+00:00
2026-09-22 07:57:11+00:00,FF64,,120,64,2026-09-22 07:57:00+00:00
2026-09-22 07:58:11+00:00,VALID,210489.0,88,0,2026-09-22 07:58:00+00:00
2026-09-22 07:59:11+00:00,FF64,,120,64,2026-09-22 07:59:00+00:00
2026-09-22 08:00:11+00:00,VALID,210609.0,88,0,2026-09-22 08:00:00+00:00
2026-09-22 08:01:11+00:00,FF64,,120,64,2026-09-22 08:01:00+00:00
2026-09-22 08:02:11+00:00,VALID,210729.0,88,0,2026-09-22 08:02:00+00:00
2026-09-22 08:03:11+00:00,FF64,,120,64,2026-09-22 08:03:00+00:00
2026-09-22 08:04:11+00:00,VALID,210849.0,89,0,2026-09-22 08:04:00+00:00
2026-09-22 08:05:11+00:00,FF64,,121,64,2026-09-22 08:05:00+00:00
2026-09-22 08:06:11+00:00,VALID,210969.0,89,0,2026-09-22 08:06:00+00:00
2026-09-22 08:07:11+00:00,FF64,,120,64,2026-09-22 08:07:00+00:00
2026-09-22 08:08:11+00:00,VALID,211089.0,88,0,2026-09-22 08:08:00+00:00
2026-09-22 08:09:11+00:00,FF64,,120,64,2026-09-22 08:09:00+00:00
2026-09-22 08:10:11+00:00,VALID,211209.0,88,0,2026-09-22 08:10:00+00:00
2026-09-22 08:11:11+00:00,FF64,,120,64,2026-09-22 08:11:00+00:00
2026-09-22 08:12:11+00:00,VALID,211329.0,88,0,2026-09-22 08:12:00+00:00
2026-09-22 08:13:11+00:00,VALID,211389.0,88,0,2026-09-22 08:13:00+00:00
2026-09-22 08:14:11+00:00,VALID,211449.0,88,0,2026-09-22 08:14:00+00:00
2026-09-22 08:15:11+00:00,FF64,,120,64,2026-09-22 08:15:00+00:00
2026-09-22 08:16:11+00:00,VALID,211569.0,88,0,2026-09-22 08:16:00+00:00
2026-09-22 08:17:11+00:00,FF64,,120,64,2026-09-22 08:17:00+00:00
2026-09-22 08:18:11+00:00,VALID,211689.0,88,0,2026-09-22 08:18:00+00:00
2026-09-22 08:19:11+00:00,VALID,211749.0,88,0,2026-09-22 08:19:00+00:00
2026-09-22 08:20:11+00:00,VALID,211809.0,88,0,2026-09-22 08:20:00+00:00
2026-09-22 08:21:11+00:00,FF64,,120,64,2026-09-22 08:21:00+00:00
2026-09-22 08:22:11+00:00,VALID,211929.0,88,0,2026-09-22 08:22:00+00:00
2026-09-22 08:23:11+00:00,FF64,,120,64,2026-09-22 08:23:00+00:00
2026-09-22 08:24:11+00:00,VALID,212049.0,88,0,2026-09-22 08:24:00+00:00
2026-09-22 08:25:11+00:00,FF64,,120,64,2026-09-22 08:25:00+00:00
2026-09-22 08:26:11+00:00,VALID,212169.0,88,0,2026-09-22 08:26:00+00:00
2026-09-22 08:27:11+00:00,FF64,,120,64,2026-09-22 08:27:00+00:00
2026-09-22 08:28:11+00:00,VALID,212289.0,89,0,2026-09-22 08:28:00+00:00
2026-09-22 08:29:11+00:00,FF64,,121,64,2026-09-22 08:29:00+00:00
2026-09-22 08:30:11+00:00,VALID,212409.0,89,0,2026-09-22 08:30:00+00:00
2026-09-22 08:31:11+00:00,FF64,,121,64,2026-09-22 08:31:00+00:00
2026-09-22 08:32:11+00:00,VALID,212529.0,89,0,2026-09-22 08:32:00+00:00
2026-09-22 08:33:11+00:00,FF64,,121,64,2026-09-22 08:33:00+00:00
2026-09-22 08:34:11+00:00,VALID,212649.0,89,0,2026-09-22 08:34:00+00:00
2026-09-22 08:35:11+00:00,FF64,,121,64,2026-09-22 08:35:00+00:00
2026-09-22 08:36:11+00:00,VALID,212769.0,89,0,2026-09-22 08:36:00+00:00
2026-09-22 08:37:11+00:00,VALID,212829.0,89,0,2026-09-22 08:37:00+00:00
2026-09-22 08:38:11+00:00,VALID,212889.0,89,0,2026-09-22 08:38:00+00:00
2026-09-22 08:39:11+00:00,FF64,,121,64,2026-09-22 08:39:00+00:00
2026-09-22 08:40:11+00:00,VALID,213009.0,89,0,2026-09-22 08:40:00+00:00
2026-09-22 08:41:11+00:00,FF64,,121,64,2026-09-22 08:41:00+00:00
2026-09-22 08:42:11+00:00,VALID,213129.0,88,0,2026-09-22 08:42:00+00:00
2026-09-22 08:43:11+00:00,VALID,213189.0,88,0,2026-09-22 08:43:00+00:00
2026-09-22 08:44:11+00:00,VALID,213249.0,88,0,2026-09-22 08:44:00+00:00
2026-09-22 08:45:11+00:00,VALID,213309.0,88,0,2026-09-22 08:45:00+00:00
2026-09-22 08:46:11+00:00,VALID,213369.0,88,0,2026-09-22 08:46:00+00:00
2026-09-22 08:47:11+00:00,FF64,,120,64,2026-09-22 08:47:00+00:00
2026-09-22 08:48:11+00:00,VALID,213489.0,88,0,2026-09-22 08:48:00+00:00
2026-09-22 08:49:11+00:00,FF64,,120,64,2026-09-22 08:49:00+00:00
2026-09-22 08:50:11+00:00,VALID,213609.0,88,0,2026-09-22 08:50:00+00:00
2026-09-22 08:51:11+00:00,VALID,213669.0,88,0,2026-09-22 08:51:00+00:00
2026-09-22 08:52:11+00:00,VALID,213729.0,88,0,2026-09-22 08:52:00+00:00
2026-09-22 08:53:11+00:00,FF64,,120,64,2026-09-22 08:53:00+00:00
2026-09-22 08:54:11+00:00,VALID,213849.0,88,0,2026-09-22 08:54:00+00:00
2026-09-22 08:55:11+00:00,FF64,,120,64,2026-09-22 08:55:00+00:00
2026-09-22 08:56:11+00:00,VALID,213969.0,88,0,2026-09-22 08:56:00+00:00
2026-09-22 08:57:11+00:00,FF64,,120,64,2026-09-22 08:57:00+00:00
2026-09-22 08:58:11+00:00,VALID,214089.0,88,0,2026-09-22 08:58:00+00:00
2026-09-22 08:59:11+00:00,FF64,,120,64,2026-09-22 08:59:00+00:00
2026-09-22 09:00:11+00:00,VALID,214209.0,88,0,2026-09-22 09:00:00+00:00
2026-09-22 09:01:11+00:00,VALID,214269.0,88,0,2026-09-22 09:01:00+00:00
2026-09-22 09:02:11+00:00,VALID,214329.0,88,0,2026-09-22 09:02:00+00:00
2026-09-22 09:03:11+00:00,FF64,,120,64,2026-09-22 09:03:00+00:00
2026-09-22 09:04:11+00:00,VALID,214449.0,88,0,2026-09-22 09:04:00+00:00
2026-09-22 09:05:11+00:00,FF64,,120,64,2026-09-22 09:05:00+00:00
2026-09-22 09:06:11+00:00,VALID,214569.0,88,0,2026-09-22 09:06:00+00:00
2026-09-22 09:07:11+00:00,FF64,,120,64,2026-09-22 09:07:00+00:00
2026-09-22 09:08:11+00:00,VALID,214689.0,88,0,2026-09-22 09:08:00+00:00
2026-09-22 09:09:11+00:00,FF64,,120,64,2026-09-22 09:09:00+00:00
2026-09-22 09:10:11+00:00,VALID,214809.0,88,0,2026-09-22 09:10:00+00:00
2026-09-22 09:11:11+00:00,FF64,,120,64,2026-09-22 09:11:00+00:00
2026-09-22 09:12:11+00:00,VALID,214929.0,88,0,2026-09-22 09:12:00+00:00
2026-09-22 09:13:11+00:00,VALID,214989.0,88,0,2026-09-22 09:13:00+00:00
2026-09-22 09:14:11+00:00,VALID,215049.0,88,0,2026-09-22 09:14:00+00:00
2026-09-22 09:15:11+00:00,VALID,215109.0,88,0,2026-09-22 09:15:00+00:00
2026-09-22 09:16:11+00:00,VALID,215169.0,88,0,2026-09-22 09:16:00+00:00
2026-09-22 09:17:12+00:00,FF64,,120,64,2026-09-22 09:17:00+00:00
2026-09-22 09:18:12+00:00,VALID,215289.0,88,0,2026-09-22 09:18:00+00:00
2026-09-22 09:19:12+00:00,FF64,,120,64,2026-09-22 09:19:00+00:00
2026-09-22 09:20:12+00:00,VALID,215409.0,88,0,2026-09-22 09:20:00+00:00
2026-09-22 09:21:12+00:00,FF64,,120,64,2026-09-22 09:21:00+00:00
2026-09-22 09:22:12+00:00,VALID,215529.0,88,0,2026-09-22 09:22:00+00:00
2026-09-22 09:23:12+00:00,FF64,,120,64,2026-09-22 09:23:00+00:00
2026-09-22 09:24:12+00:00,VALID,215649.0,88,0,2026-09-22 09:24:00+00:00
2026-09-22 09:25:12+00:00,FF64,,120,64,2026-09-22 09:25:00+00:00
2026-09-22 09:26:12+00:00,VALID,215769.0,88,0,2026-09-22 09:26:00+00:00
2026-09-22 09:27:12+00:00,FF64,,120,64,2026-09-22 09:27:00+00:00
2026-09-22 09:28:12+00:00,VALID,215889.0,88,0,2026-09-22 09:28:00+00:00
2026-09-22 09:29:12+00:00,FF64,,120,64,2026-09-22 09:29:00+00:00
2026-09-22 09:30:12+00:00,VALID,216009.0,88,0,2026-09-22 09:30:00+00:00
2026-09-22 09:31:12+00:00,FF64,,120,64,2026-09-22 09:31:00+00:00
2026-09-22 09:32:12+00:00,VALID,216129.0,88,0,2026-09-22 09:32:00+00:00
2026-09-22 09:33:12+00:00,FF64,,120,64,2026-09-22 09:33:00+00:00
2026-09-22 09:34:12+00:00,VALID,216249.0,88,0,2026-09-22 09:34:00+00:00
2026-09-22 09:35:12+00:00,VALID,216309.0,88,0,2026-09-22 09:35:00+00:00
2026-09-22 09:36:12+00:00,VALID,216369.0,88,0,2026-09-22 09:36:00+00:00
2026-09-22 09:37:12+00:00,FF64,,120,64,2026-09-22 09:37:00+00:00
2026-09-22 09:38:12+00:00,VALID,216489.0,88,0,2026-09-22 09:38:00+00:00
2026-09-22 09:39:12+00:00,FF64,,120,64,2026-09-22 09:39:00+00:00
2026-09-22 09:40:12+00:00,VALID,216609.0,88,0,2026-09-22 09:40:00+00:00
2026-09-22 09:41:12+00:00,FF64,,120,64,2026-09-22 09:41:00+00:00
2026-09-22 09:42:12+00:00,VALID,216729.0,88,0,2026-09-22 09:42:00+00:00
2026-09-22 09:43:12+00:00,VALID,216789.0,88,0,2026-09-22 09:43:00+00:00
2026-09-22 09:44:12+00:00,VALID,216849.0,88,0,2026-09-22 09:44:00+00:00
2026-09-22 09:45:12+00:00,VALID,216909.0,88,0,2026-09-22 09:45:00+00:00
2026-09-22 09:46:12+00:00,VALID,216969.0,88,0,2026-09-22 09:46:00+00:00
2026-09-22 09:47:12+00:00,FF64,,120,64,2026-09-22 09:47:00+00:00
2026-09-22 09:48:12+00:00,VALID,217089.0,88,0,2026-09-22 09:48:00+00:00
2026-09-22 09:49:12+00:00,FF64,,120,64,2026-09-22 09:49:00+00:00
2026-09-22 09:50:12+00:00,VALID,217209.0,88,0,2026-09-22 09:50:00+00:00
2026-09-22 09:51:12+00:00,VALID,217269.0,88,0,2026-09-22 09:51:00+00:00
2026-09-22 09:52:12+00:00,VALID,217329.0,88,0,2026-09-22 09:52:00+00:00
2026-09-22 09:53:12+00:00,FF64,,120,64,2026-09-22 09:53:00+00:00
2026-09-22 09:54:12+00:00,VALID,217449.0,88,0,2026-09-22 09:54:00+00:00
2026-09-22 09:55:12+00:00,FF64,,120,64,2026-09-22 09:55:00+00:00
2026-09-22 09:56:12+00:00,VALID,217569.0,88,0,2026-09-22 09:56:00+00:00
2026-09-22 09:57:12+00:00,FF64,,120,64,2026-09-22 09:57:00+00:00
2026-09-22 09:58:12+00:00,VALID,217689.0,88,0,2026-09-22 09:58:00+00:00
2026-09-22 09:59:12+00:00,VALID,217749.0,88,0,2026-09-22 09:59:00+00:00
2026-09-22 10:00:12+00:00,VALID,217809.0,88,0,2026-09-22 10:00:00+00:00
2026-09-22 10:01:12+00:00,FF64,,120,64,2026-09-22 10:01:00+00:00
2026-09-22 10:02:12+00:00,VALID,217929.0,88,0,2026-09-22 10:02:00+00:00
2026-09-22 10:03:12+00:00,VALID,217989.0,88,0,2026-09-22 10:03:00+00:00
2026-09-22 10:04:12+00:00,VALID,218049.0,88,0,2026-09-22 10:04:00+00:00
2026-09-22 10:05:12+00:00,FF64,,120,64,2026-09-22 10:05:00+00:00
2026-09-22 10:06:12+00:00,VALID,218169.0,88,0,2026-09-22 10:06:00+00:00
2026-09-22 10:07:12+00:00,VALID,218229.0,88,0,2026-09-22 10:07:00+00:00
2026-09-22 10:08:12+00:00,VALID,218289.0,88,0,2026-09-22 10:08:00+00:00
2026-09-22 10:09:12+00:00,FF64,,120,64,2026-09-22 10:09:00+00:00
2026-09-22 10:10:12+00:00,VALID,218409.0,88,0,2026-09-22 10:10:00+00:00
2026-09-22 10:11:12+00:00,VALID,218469.0,88,0,2026-09-22 10:11:00+00:00
2026-09-22 10:12:12+00:00,VALID,218529.0,88,0,2026-09-22 10:12:00+00:00
2026-09-22 10:13:12+00:00,FF64,,120,64,2026-09-22 10:13:00+00:00
2026-09-22 10:14:12+00:00,VALID,218649.0,88,0,2026-09-22 10:14:00+00:00
2026-09-22 10:15:12+00:00,VALID,218709.0,88,0,2026-09-22 10:15:00+00:00
2026-09-22 10:16:12+00:00,VALID,218769.0,88,0,2026-09-22 10:16:00+00:00
2026-09-22 10:17:12+00:00,FF64,,120,64,2026-09-22 10:17:00+00:00
2026-09-22 10:18:12+00:00,VALID,218889.0,88,0,2026-09-22 10:18:00+00:00
2026-09-22 10:19:12+00:00,FF64,,120,64,2026-09-22 10:19:00+00:00
2026-09-22 10:20:12+00:00,VALID,219009.0,88,0,2026-09-22 10:20:00+00:00
2026-09-22 10:21:12+00:00,FF64,,120,64,2026-09-22 10:21:00+00:00
2026-09-22 10:22:12+00:00,VALID,219129.0,88,0,2026-09-22 10:22:00+00:00
2026-09-22 10:23:12+00:00,FF64,,120,64,2026-09-22 10:23:00+00:00
2026-09-22 10:24:12+00:00,VALID,219249.0,88,0,2026-09-22 10:24:00+00:00
2026-09-22 10:25:12+00:00,VALID,219309.0,88,0,2026-09-22 10:25:00+00:00
2026-09-22 10:26:12+00:00,VALID,219369.0,88,0,2026-09-22 10:26:00+00:00
2026-09-22 10:27:12+00:00,FF64,,120,64,2026-09-22 10:27:00+00:00
2026-09-22 10:28:12+00:00,VALID,219489.0,88,0,2026-09-22 10:28:00+00:00
2026-09-22 10:29:12+00:00,VALID,219549.0,88,0,2026-09-22 10:29:00+00:00
2026-09-22 10:30:12+00:00,VALID,219609.0,88,0,2026-09-22 10:30:00+00:00
2026-09-22 10:31:12+00:00,VALID,219669.0,88,0,2026-09-22 10:31:00+00:00
2026-09-22 10:32:12+00:00,VALID,219729.0,88,0,2026-09-22 10:32:00+00:00
2026-09-22 10:33:12+00:00,FF64,,120,64,2026-09-22 10:33:00+00:00
2026-09-22 10:34:12+00:00,VALID,219849.0,88,0,2026-09-22 10:34:00+00:00
2026-09-22 10:35:12+00:00,VALID,219909.0,88,0,2026-09-22 10:35:00+00:00
2026-09-22 10:36:12+00:00,VALID,219969.0,88,0,2026-09-22 10:36:00+00:00
2026-09-22 10:37:12+00:00,FF64,,120,64,2026-09-22 10:37:00+00:00
2026-09-22 10:38:12+00:00,VALID,220089.0,88,0,2026-09-22 10:38:00+00:00
2026-09-22 10:39:12+00:00,FF64,,120,64,2026-09-22 10:39:00+00:00
2026-09-22 10:40:12+00:00,VALID,220209.0,88,0,2026-09-22 10:40:00+00:00
2026-09-22 10:41:12+00:00,VALID,220269.0,88,0,2026-09-22 10:41:00+00:00
2026-09-22 10:42:12+00:00,VALID,220329.0,88,0,2026-09-22 10:42:00+00:00
2026-09-22 10:43:12+00:00,VALID,220389.0,88,0,2026-09-22 10:43:00+00:00
2026-09-22 10:44:12+00:00,VALID,220449.0,88,0,2026-09-22 10:44:00+00:00
2026-09-22 10:45:12+00:00,FF64,,120,64,2026-09-22 10:45:00+00:00
2026-09-22 10:46:12+00:00,VALID,220569.0,88,0,2026-09-22 10:46:00+00:00
2026-09-22 10:47:12+00:00,FF64,,120,64,2026-09-22 10:47:00+00:00
2026-09-22 10:48:12+00:00,VALID,220689.0,88,0,2026-09-22 10:48:00+00:00
2026-09-22 10:49:12+00:00,FF64,,120,64,2026-09-22 10:49:00+00:00
2026-09-22 10:50:12+00:00,VALID,220809.0,88,0,2026-09-22 10:50:00+00:00
2026-09-22 10:51:12+00:00,FF64,,120,64,2026-09-22 10:51:00+00:00
2026-09-22 10:52:12+00:00,VALID,220929.0,88,0,2026-09-22 10:52:00+00:00
2026-09-22 10:53:12+00:00,VALID,220989.0,88,0,2026-09-22 10:53:00+00:00
2026-09-22 10:54:12+00:00,VALID,221049.0,88,0,2026-09-22 10:54:00+00:00
2026-09-22 10:55:12+00:00,FF64,,120,64,2026-09-22 10:55:00+00:00
2026-09-22 10:56:12+00:00,VALID,221169.0,88,0,2026-09-22 10:56:00+00:00
2026-09-22 10:57:12+00:00,FF64,,120,64,2026-09-22 10:57:00+00:00
2026-09-22 10:58:12+00:00,VALID,221289.0,88,0,2026-09-22 10:58:00+00:00
2026-09-22 10:59:12+00:00,FF64,,120,64,2026-09-22 10:59:00+00:00
2026-09-22 11:00:12+00:00,VALID,221409.0,88,0,2026-09-22 11:00:00+00:00
2026-09-22 11:01:12+00:00,FF64,,120,64,2026-09-22 11:01:00+00:00
2026-09-22 11:02:12+00:00,VALID,221529.0,88,0,2026-09-22 11:02:00+00:00
2026-09-22 11:03:12+00:00,FF64,,120,64,2026-09-22 11:03:00+00:00
2026-09-22 11:04:12+00:00,VALID,221649.0,88,0,2026-09-22 11:04:00+00:00
2026-09-22 11:05:12+00:00,FF64,,120,64,2026-09-22 11:05:00+00:00
2026-09-22 11:06:12+00:00,VALID,221769.0,88,0,2026-09-22 11:06:00+00:00
2026-09-22 11:07:12+00:00,VALID,221829.0,88,0,2026-09-22 11:07:00+00:00
2026-09-22 11:08:12+00:00,VALID,221889.0,88,0,2026-09-22 11:08:00+00:00
2026-09-22 11:09:12+00:00,FF64,,120,64,2026-09-22 11:09:00+00:00
2026-09-22 11:10:12+00:00,VALID,222009.0,88,0,2026-09-22 11:10:00+00:00
2026-09-22 11:11:12+00:00,FF64,,120,64,2026-09-22 11:11:00+00:00
2026-09-22 11:12:12+00:00,VALID,222129.0,88,0,2026-09-22 11:12:00+00:00
2026-09-22 11:13:12+00:00,FF64,,120,64,2026-09-22 11:13:00+00:00
2026-09-22 11:14:12+00:00,VALID,222249.0,88,0,2026-09-22 11:14:00+00:00
2026-09-22 11:15:12+00:00,FF64,,120,64,2026-09-22 11:15:00+00:00
2026-09-22 11:16:12+00:00,VALID,222369.0,88,0,2026-09-22 11:16:00+00:00
2026-09-22 11:17:12+00:00,FF64,,120,64,2026-09-22 11:17:00+00:00
2026-09-22 11:18:12+00:00,VALID,222489.0,88,0,2026-09-22 11:18:00+00:00
2026-09-22 11:19:12+00:00,VALID,222549.0,88,0,2026-09-22 11:19:00+00:00
2026-09-22 11:20:12+00:00,VALID,222609.0,88,0,2026-09-22 11:20:00+00:00
2026-09-22 11:21:12+00:00,VALID,222669.0,88,0,2026-09-22 11:21:00+00:00
2026-09-22 11:22:12+00:00,VALID,222729.0,88,0,2026-09-22 11:22:00+00:00
2026-09-22 11:23:12+00:00,FF64,,120,64,2026-09-22 11:23:00+00:00
2026-09-22 11:24:12+00:00,VALID,222849.0,88,0,2026-09-22 11:24:00+00:00
2026-09-22 11:25:12+00:00,FF64,,120,64,2026-09-22 11:25:00+00:00
2026-09-22 11:26:12+00:00,VALID,222969.0,88,0,2026-09-22 11:26:00+00:00
2026-09-22 11:27:12+00:00,VALID,223029.0,88,0,2026-09-22 11:27:00+00:00
2026-09-22 11:28:12+00:00,VALID,223089.0,88,0,2026-09-22 11:28:00+00:00
2026-09-22 11:29:12+00:00,FF64,,120,64,2026-09-22 11:29:00+00:00
2026-09-22 11:30:12+00:00,VALID,223209.0,88,0,2026-09-22 11:30:00+00:00
2026-09-22 11:31:12+00:00,FF64,,120,64,2026-09-22 11:31:00+00:00
2026-09-22 11:32:12+00:00,VALID,223329.0,88,0,2026-09-22 11:32:00+00:00
2026-09-22 11:33:12+00:00,FF64,,120,64,2026-09-22 11:33:00+00:00
2026-09-22 11:34:12+00:00,VALID,223449.0,88,0,2026-09-22 11:34:00+00:00
2026-09-22 11:35:12+00:00,FF64,,120,64,2026-09-22 11:35:00+00:00
2026-09-22 11:36:12+00:00,VALID,223569.0,88,0,2026-09-22 11:36:00+00:00
2026-09-22 11:37:12+00:00,FF64,,120,64,2026-09-22 11:37:00+00:00
2026-09-22 11:38:12+00:00,VALID,223689.0,88,0,2026-09-22 11:38:00+00:00
2026-09-22 11:39:12+00:00,FF64,,120,64,2026-09-22 11:39:00+00:00
2026-09-22 11:40:12+00:00,VALID,223809.0,88,0,2026-09-22 11:40:00+00:00
2026-09-22 11:41:12+00:00,FF64,,120,64,2026-09-22 11:41:00+00:00
2026-09-22 11:42:12+00:00,VALID,223929.0,88,0,2026-09-22 11:42:00+00:00
2026-09-22 11:43:12+00:00,FF64,,120,64,2026-09-22 11:43:00+00:00
2026-09-22 11:44:12+00:00,VALID,224049.0,88,0,2026-09-22 11:44:00+00:00
2026-09-22 11:45:12+00:00,VALID,224109.0,88,0,2026-09-22 11:45:00+00:00
2026-09-22 11:46:12+00:00,VALID,224169.0,88,0,2026-09-22 11:46:00+00:00
2026-09-22 11:47:12+00:00,FF64,,120,64,2026-09-22 11:47:00+00:00
2026-09-22 11:48:12+00:00,VALID,224289.0,88,0,2026-09-22 11:48:00+00:00
2026-09-22 11:49:12+00:00,FF64,,120,64,2026-09-22 11:49:00+00:00
2026-09-22 11:50:12+00:00,VALID,224409.0,88,0,2026-09-22 11:50:00+00:00
2026-09-22 11:51:12+00:00,FF64,,120,64,2026-09-22 11:51:00+00:00
2026-09-22 11:52:12+00:00,VALID,224529.0,88,0,2026-09-22 11:52:00+00:00
2026-09-22 11:53:12+00:00,FF64,,120,64,2026-09-22 11:53:00+00:00
2026-09-22 11:54:12+00:00,VALID,224649.0,88,0,2026-09-22 11:54:00+00:00
2026-09-22 11:55:12+00:00,VALID,224709.0,88,0,2026-09-22 11:55:00+00:00
2026-09-22 11:56:12+00:00,VALID,224769.0,88,0,2026-09-22 11:56:00+00:00
2026-09-22 11:57:12+00:00,FF64,,120,64,2026-09-22 11:57:00+00:00
2026-09-22 11:58:12+00:00,VALID,224889.0,88,0,2026-09-22 11:58:00+00:00
2026-09-22 11:59:12+00:00,VALID,224949.0,88,0,2026-09-22 11:59:00+00:00
2026-09-22 12:00:12+00:00,VALID,225009.0,88,0,2026-09-22 12:00:00+00:00
2026-09-22 12:01:12+00:00,VALID,225069.0,88,0,2026-09-22 12:01:00+00:00
2026-09-22 12:02:12+00:00,VALID,225129.0,88,0,2026-09-22 12:02:00+00:00
2026-09-22 12:03:12+00:00,FF64,,120,64,2026-09-22 12:03:00+00:00
2026-09-22 12:04:12+00:00,VALID,225249.0,88,0,2026-09-22 12:04:00+00:00
2026-09-22 12:05:12+00:00,FF64,,120,64,2026-09-22 12:05:00+00:00
2026-09-22 12:06:12+00:00,VALID,225369.0,88,0,2026-09-22 12:06:00+00:00
2026-09-22 12:07:12+00:00,VALID,225429.0,88,0,2026-09-22 12:07:00+00:00
2026-09-22 12:08:12+00:00,VALID,225489.0,88,0,2026-09-22 12:08:00+00:00
2026-09-22 12:09:12+00:00,VALID,225549.0,88,0,2026-09-22 12:09:00+00:00
2026-09-22 12:10:12+00:00,VALID,225609.0,88,0,2026-09-22 12:10:00+00:00
2026-09-22 12:11:12+00:00,VALID,225669.0,88,0,2026-09-22 12:11:00+00:00
2026-09-22 12:12:12+00:00,VALID,225729.0,88,0,2026-09-22 12:12:00+00:00
2026-09-22 12:13:12+00:00,VALID,225789.0,88,0,2026-09-22 12:13:00+00:00
2026-09-22 12:14:12+00:00,VALID,225849.0,88,0,2026-09-22 12:14:00+00:00
2026-09-22 12:15:12+00:00,FF64,,120,64,2026-09-22 12:15:00+00:00
2026-09-22 12:16:12+00:00,VALID,225969.0,88,0,2026-09-22 12:16:00+00:00
2026-09-22 12:17:12+00:00,VALID,226029.0,88,0,2026-09-22 12:17:00+00:00
2026-09-22 12:18:12+00:00,VALID,226089.0,88,0,2026-09-22 12:18:00+00:00
2026-09-22 12:19:12+00:00,FF64,,120,64,2026-09-22 12:19:00+00:00
2026-09-22 12:20:12+00:00,VALID,226209.0,88,0,2026-09-22 12:20:00+00:00
2026-09-22 12:21:12+00:00,FF64,,120,64,2026-09-22 12:21:00+00:00
2026-09-22 12:22:12+00:00,VALID,226329.0,88,0,2026-09-22 12:22:00+00:00
2026-09-22 12:23:12+00:00,FF64,,120,64,2026-09-22 12:23:00+00:00
2026-09-22 12:24:12+00:00,VALID,226449.0,88,0,2026-09-22 12:24:00+00:00
2026-09-22 12:25:12+00:00,FF64,,120,64,2026-09-22 12:25:00+00:00
2026-09-22 12:26:12+00:00,VALID,226569.0,88,0,2026-09-22 12:26:00+00:00
2026-09-22 12:27:12+00:00,FF64,,120,64,2026-09-22 12:27:00+00:00
2026-09-22 12:28:12+00:00,VALID,226689.0,88,0,2026-09-22 12:28:00+00:00
2026-09-22 12:29:12+00:00,FF64,,120,64,2026-09-22 12:29:00+00:00
2026-09-22 12:30:12+00:00,VALID,226809.0,88,0,2026-09-22 12:30:00+00:00
2026-09-22 12:31:12+00:00,VALID,226869.0,88,0,2026-09-22 12:31:00+00:00
2026-09-22 12:32:12+00:00,VALID,226929.0,88,0,2026-09-22 12:32:00+00:00
2026-09-22 12:33:12+00:00,FF64,,120,64,2026-09-22 12:33:00+00:00
2026-09-22 12:34:12+00:00,VALID,227049.0,88,0,2026-09-22 12:34:00+00:00
2026-09-22 12:35:12+00:00,FF64,,120,64,2026-09-22 12:35:00+00:00
2026-09-22 12:36:12+00:00,VALID,227169.0,88,0,2026-09-22 12:36:00+00:00
2026-09-22 12:37:12+00:00,VALID,227229.0,88,0,2026-09-22 12:37:00+00:00
2026-09-22 12:38:12+00:00,VALID,227289.0,88,0,2026-09-22 12:38:00+00:00
2026-09-22 12:39:12+00:00,VALID,227349.0,88,0,2026-09-22 12:39:00+00:00
2026-09-22 12:40:12+00:00,VALID,227409.0,88,0,2026-09-22 12:40:00+00:00
2026-09-22 12:41:12+00:00,FF64,,120,64,2026-09-22 12:41:00+00:00
2026-09-22 12:42:12+00:00,VALID,227529.0,88,0,2026-09-22 12:42:00+00:00
2026-09-22 12:43:12+00:00,FF64,,120,64,2026-09-22 12:43:00+00:00
2026-09-22 12:44:12+00:00,VALID,227649.0,88,0,2026-09-22 12:44:00+00:00
2026-09-22 12:45:12+00:00,VALID,227709.0,88,0,2026-09-22 12:45:00+00:00
2026-09-22 12:46:12+00:00,VALID,227769.0,88,0,2026-09-22 12:46:00+00:00
2026-09-22 12:47:12+00:00,VALID,227829.0,88,0,2026-09-22 12:47:00+00:00
2026-09-22 12:48:12+00:00,VALID,227889.0,88,0,2026-09-22 12:48:00+00:00
2026-09-22 12:49:12+00:00,FF64,,120,64,2026-09-22 12:49:00+00:00
2026-09-22 12:50:12+00:00,VALID,228009.0,88,0,2026-09-22 12:50:00+00:00
2026-09-22 12:51:12+00:00,FF64,,120,64,2026-09-22 12:51:00+00:00
2026-09-22 12:52:12+00:00,VALID,228129.0,88,0,2026-09-22 12:52:00+00:00
2026-09-22 12:53:12+00:00,VALID,228189.0,88,0,2026-09-22 12:53:00+00:00
2026-09-22 12:54:12+00:00,VALID,228249.0,88,0,2026-09-22 12:54:00+00:00
2026-09-22 12:55:12+00:00,VALID,228309.0,88,0,2026-09-22 12:55:00+00:00
2026-09-22 12:56:12+00:00,VALID,228369.0,88,0,2026-09-22 12:56:00+00:00
2026-09-22 12:57:12+00:00,VALID,228429.0,88,0,2026-09-22 12:57:00+00:00
2026-09-22 12:58:12+00:00,VALID,228489.0,88,0,2026-09-22 12:58:00+00:00
2026-09-22 12:59:12+00:00,VALID,228549.0,89,0,2026-09-22 12:59:00+00:00
2026-09-22 13:00:12+00:00,VALID,228609.0,88,0,2026-09-22 13:00:00+00:00
2026-09-22 13:01:12+00:00,FF64,,120,64,2026-09-22 13:01:00+00:00
2026-09-22 13:02:12+00:00,VALID,228729.0,89,0,2026-09-22 13:02:00+00:00
2026-09-22 13:03:12+00:00,FF64,,121,64,2026-09-22 13:03:00+00:00
2026-09-22 13:04:12+00:00,VALID,228849.0,89,0,2026-09-22 13:04:00+00:00
2026-09-22 13:05:12+00:00,FF64,,120,64,2026-09-22 13:05:00+00:00
2026-09-22 13:06:12+00:00,VALID,228969.0,89,0,2026-09-22 13:06:00+00:00
2026-09-22 13:07:12+00:00,FF64,,121,64,2026-09-22 13:07:00+00:00
2026-09-22 13:08:12+00:00,VALID,229090.0,89,0,2026-09-22 13:08:00+00:00
2026-09-22 13:09:12+00:00,VALID,229150.0,89,0,2026-09-22 13:09:00+00:00
2026-09-22 13:10:12+00:00,VALID,229210.0,89,0,2026-09-22 13:10:00+00:00
2026-09-22 13:11:12+00:00,VALID,229270.0,89,0,2026-09-22 13:11:00+00:00
2026-09-22 13:12:12+00:00,VALID,229330.0,89,0,2026-09-22 13:12:00+00:00
2026-09-22 13:13:12+00:00,FF64,,120,64,2026-09-22 13:13:00+00:00
2026-09-22 13:14:12+00:00,VALID,229450.0,88,0,2026-09-22 13:14:00+00:00
2026-09-22 13:15:12+00:00,FF64,,120,64,2026-09-22 13:15:00+00:00
2026-09-22 13:16:12+00:00,VALID,229570.0,88,0,2026-09-22 13:16:00+00:00
2026-09-22 13:17:12+00:00,FF64,,120,64,2026-09-22 13:17:00+00:00
2026-09-22 13:18:12+00:00,VALID,229690.0,88,0,2026-09-22 13:18:00+00:00
2026-09-22 13:19:12+00:00,FF64,,120,64,2026-09-22 13:19:00+00:00
2026-09-22 13:20:12+00:00,VALID,229810.0,88,0,2026-09-22 13:20:00+00:00
2026-09-22 13:21:12+00:00,FF64,,120,64,2026-09-22 13:21:00+00:00
2026-09-22 13:22:12+00:00,VALID,229930.0,88,0,2026-09-22 13:22:00+00:00
2026-09-22 13:23:12+00:00,FF64,,120,64,2026-09-22 13:23:00+00:00
2026-09-22 13:24:12+00:00,VALID,230050.0,88,0,2026-09-22 13:24:00+00:00
2026-09-22 13:25:12+00:00,FF64,,120,64,2026-09-22 13:25:00+00:00
2026-09-22 13:26:12+00:00,VALID,230170.0,88,0,2026-09-22 13:26:00+00:00
2026-09-22 13:27:12+00:00,FF64,,120,64,2026-09-22 13:27:00+00:00
2026-09-22 13:28:12+00:00,VALID,230290.0,88,0,2026-09-22 13:28:00+00:00
2026-09-22 13:29:12+00:00,FF64,,120,64,2026-09-22 13:29:00+00:00
2026-09-22 13:30:12+00:00,VALID,230410.0,88,0,2026-09-22 13:30:00+00:00
2026-09-22 13:31:12+00:00,FF64,,120,64,2026-09-22 13:31:00+00:00
2026-09-22 13:32:12+00:00,VALID,230530.0,88,0,2026-09-22 13:32:00+00:00
2026-09-22 13:33:12+00:00,FF64,,120,64,2026-09-22 13:33:00+00:00
2026-09-22 13:34:12+00:00,VALID,230650.0,88,0,2026-09-22 13:34:00+00:00
2026-09-22 13:35:12+00:00,VALID,230710.0,88,0,2026-09-22 13:35:00+00:00
2026-09-22 13:36:12+00:00,VALID,230770.0,88,0,2026-09-22 13:36:00+00:00
2026-09-22 13:37:12+00:00,FF64,,120,64,2026-09-22 13:37:00+00:00
2026-09-22 13:38:12+00:00,VALID,230890.0,88,0,2026-09-22 13:38:00+00:00
2026-09-22 13:39:12+00:00,VALID,230950.0,88,0,2026-09-22 13:39:00+00:00
2026-09-22 13:40:12+00:00,VALID,231010.0,88,0,2026-09-22 13:40:00+00:00
2026-09-22 13:41:12+00:00,VALID,231070.0,88,0,2026-09-22 13:41:00+00:00
2026-09-22 13:42:12+00:00,VALID,231130.0,88,0,2026-09-22 13:42:00+00:00
2026-09-22 13:43:12+00:00,FF64,,120,64,2026-09-22 13:43:00+00:00
2026-09-22 13:44:12+00:00,VALID,231250.0,88,0,2026-09-22 13:44:00+00:00
2026-09-22 13:45:12+00:00,FF64,,120,64,2026-09-22 13:45:00+00:00
2026-09-22 13:46:12+00:00,VALID,231370.0,88,0,2026-09-22 13:46:00+00:00
2026-09-22 13:47:12+00:00,FF64,,120,64,2026-09-22 13:47:00+00:00
2026-09-22 13:48:12+00:00,VALID,231490.0,88,0,2026-09-22 13:48:00+00:00
2026-09-22 13:49:12+00:00,FF64,,121,64,2026-09-22 13:49:00+00:00
2026-09-22 13:50:12+00:00,VALID,231610.0,89,0,2026-09-22 13:50:00+00:00
2026-09-22 13:51:12+00:00,FF64,,120,64,2026-09-22 13:51:00+00:00
2026-09-22 13:52:12+00:00,VALID,231730.0,88,0,2026-09-22 13:52:00+00:00
2026-09-22 13:53:12+00:00,VALID,231790.0,88,0,2026-09-22 13:53:00+00:00
2026-09-22 13:54:12+00:00,VALID,231850.0,88,0,2026-09-22 13:54:00+00:00
2026-09-22 13:55:12+00:00,FF64,,120,64,2026-09-22 13:55:00+00:00
2026-09-22 13:56:12+00:00,VALID,231970.0,88,0,2026-09-22 13:56:00+00:00
2026-09-22 13:57:12+00:00,FF64,,120,64,2026-09-22 13:57:00+00:00
2026-09-22 13:58:12+00:00,VALID,232090.0,88,0,2026-09-22 13:58:00+00:00
2026-09-22 13:59:12+00:00,FF64,,120,64,2026-09-22 13:59:00+00:00
2026-09-22 14:00:12+00:00,VALID,232210.0,88,0,2026-09-22 14:00:00+00:00
2026-09-22 14:01:12+00:00,VALID,232270.0,89,0,2026-09-22 14:01:00+00:00
2026-09-22 14:02:12+00:00,VALID,232330.0,89,0,2026-09-22 14:02:00+00:00
2026-09-22 14:03:12+00:00,FF64,,121,64,2026-09-22 14:03:00+00:00
2026-09-22 14:04:12+00:00,VALID,232450.0,89,0,2026-09-22 14:04:00+00:00
2026-09-22 14:05:12+00:00,VALID,232510.0,89,0,2026-09-22 14:05:00+00:00
2026-09-22 14:06:12+00:00,VALID,232570.0,86,0,2026-09-22 14:06:00+00:00
2026-09-22 14:07:12+00:00,FF64,,117,64,2026-09-22 14:07:00+00:00
2026-09-22 14:08:12+00:00,VALID,232690.0,86,0,2026-09-22 14:08:00+00:00
2026-09-22 14:09:12+00:00,FF64,,118,64,2026-09-22 14:09:00+00:00
2026-09-22 14:10:12+00:00,VALID,232810.0,86,0,2026-09-22 14:10:00+00:00
2026-09-22 14:11:12+00:00,FF64,,119,64,2026-09-22 14:11:00+00:00
2026-09-22 14:12:12+00:00,VALID,232930.0,86,0,2026-09-22 14:12:00+00:00
2026-09-22 14:13:12+00:00,FF64,,118,64,2026-09-22 14:13:00+00:00
2026-09-22 14:14:12+00:00,VALID,233050.0,86,0,2026-09-22 14:14:00+00:00
2026-09-22 14:15:12+00:00,FF64,,118,64,2026-09-22 14:15:00+00:00
2026-09-22 14:16:12+00:00,VALID,233170.0,87,0,2026-09-22 14:16:00+00:00
2026-09-22 14:17:12+00:00,FF64,,119,64,2026-09-22 14:17:00+00:00
2026-09-22 14:18:12+00:00,VALID,233290.0,86,0,2026-09-22 14:18:00+00:00
2026-09-22 14:19:12+00:00,VALID,233350.0,86,0,2026-09-22 14:19:00+00:00
2026-09-22 14:20:12+00:00,VALID,233410.0,86,0,2026-09-22 14:20:00+00:00
2026-09-22 14:21:12+00:00,FF64,,118,64,2026-09-22 14:21:00+00:00
2026-09-22 14:22:12+00:00,VALID,233530.0,86,0,2026-09-22 14:22:00+00:00
2026-09-22 14:23:12+00:00,FF64,,118,64,2026-09-22 14:23:00+00:00
2026-09-22 14:24:12+00:00,VALID,233650.0,86,0,2026-09-22 14:24:00+00:00
2026-09-22 14:25:12+00:00,FF64,,118,64,2026-09-22 14:25:00+00:00
2026-09-22 14:26:12+00:00,VALID,233770.0,86,0,2026-09-22 14:26:00+00:00
2026-09-22 14:27:12+00:00,FF64,,118,64,2026-09-22 14:27:00+00:00
2026-09-22 14:28:12+00:00,VALID,233890.0,86,0,2026-09-22 14:28:00+00:00
2026-09-22 14:29:12+00:00,VALID,233950.0,86,0,2026-09-22 14:29:00+00:00
2026-09-22 14:30:12+00:00,VALID,234010.0,86,0,2026-09-22 14:30:00+00:00
2026-09-22 14:31:12+00:00,FF64,,118,64,2026-09-22 14:31:00+00:00
2026-09-22 14:32:12+00:00,VALID,234130.0,86,0,2026-09-22 14:32:00+00:00
2026-09-22 14:33:12+00:00,FF64,,118,64,2026-09-22 14:33:00+00:00
2026-09-22 14:34:12+00:00,VALID,234250.0,86,0,2026-09-22 14:34:00+00:00
2026-09-22 14:35:12+00:00,FF64,,118,64,2026-09-22 14:35:00+00:00
2026-09-22 14:36:12+00:00,VALID,234370.0,86,0,2026-09-22 14:36:00+00:00
2026-09-22 14:37:12+00:00,FF64,,118,64,2026-09-22 14:37:00+00:00
2026-09-22 14:38:12+00:00,VALID,234490.0,85,0,2026-09-22 14:38:00+00:00
2026-09-22 14:39:12+00:00,FF64,,117,64,2026-09-22 14:39:00+00:00
2026-09-22 14:40:12+00:00,VALID,234610.0,85,0,2026-09-22 14:40:00+00:00
2026-09-22 14:41:12+00:00,VALID,234670.0,85,0,2026-09-22 14:41:00+00:00
2026-09-22 14:42:12+00:00,VALID,234730.0,85,0,2026-09-22 14:42:00+00:00
2026-09-22 14:43:12+00:00,FF64,,117,64,2026-09-22 14:43:00+00:00
2026-09-22 14:44:12+00:00,VALID,234850.0,85,0,2026-09-22 14:44:00+00:00
2026-09-22 14:45:12+00:00,FF64,,117,64,2026-09-22 14:45:00+00:00
2026-09-22 14:46:12+00:00,VALID,234970.0,85,0,2026-09-22 14:46:00+00:00
2026-09-22 14:47:12+00:00,FF64,,117,64,2026-09-22 14:47:00+00:00
2026-09-22 14:48:12+00:00,VALID,235090.0,85,0,2026-09-22 14:48:00+00:00
2026-09-22 14:49:12+00:00,FF64,,117,64,2026-09-22 14:49:00+00:00
2026-09-22 14:50:12+00:00,VALID,235210.0,85,0,2026-09-22 14:50:00+00:00
2026-09-22 14:51:12+00:00,FF64,,117,64,2026-09-22 14:51:00+00:00
2026-09-22 14:52:12+00:00,VALID,235330.0,86,0,2026-09-22 14:52:00+00:00
2026-09-22 14:53:12+00:00,FF64,,118,64,2026-09-22 14:53:00+00:00
2026-09-22 14:54:12+00:00,VALID,235450.0,85,0,2026-09-22 14:54:00+00:00
2026-09-22 14:55:12+00:00,FF64,,117,64,2026-09-22 14:55:00+00:00
2026-09-22 14:56:12+00:00,VALID,235570.0,85,0,2026-09-22 14:56:00+00:00
2026-09-22 14:57:12+00:00,VALID,235630.0,85,0,2026-09-22 14:57:00+00:00
2026-09-22 14:58:12+00:00,VALID,235690.0,85,0,2026-09-22 14:58:00+00:00
2026-09-22 14:59:12+00:00,FF64,,117,64,2026-09-22 14:59:00+00:00
2026-09-22 15:00:12+00:00,VALID,235810.0,85,0,2026-09-22 15:00:00+00:00
2026-09-22 15:01:12+00:00,FF64,,117,64,2026-09-22 15:01:00+00:00
2026-09-22 15:02:12+00:00,VALID,235930.0,86,0,2026-09-22 15:02:00+00:00
2026-09-22 15:03:12+00:00,FF64,,118,64,2026-09-22 15:03:00+00:00
2026-09-22 15:04:12+00:00,VALID,236050.0,85,0,2026-09-22 15:04:00+00:00
2026-09-22 15:05:12+00:00,FF64,,117,64,2026-09-22 15:05:00+00:00
2026-09-22 15:06:12+00:00,VALID,236170.0,85,0,2026-09-22 15:06:00+00:00
2026-09-22 15:07:12+00:00,FF64,,117,64,2026-09-22 15:07:00+00:00
2026-09-22 15:08:12+00:00,VALID,236290.0,85,0,2026-09-22 15:08:00+00:00
2026-09-22 15:09:12+00:00,FF64,,117,64,2026-09-22 15:09:00+00:00
2026-09-22 15:10:12+00:00,VALID,236410.0,85,0,2026-09-22 15:10:00+00:00
2026-09-22 15:11:12+00:00,FF64,,117,64,2026-09-22 15:11:00+00:00
2026-09-22 15:12:12+00:00,VALID,236530.0,85,0,2026-09-22 15:12:00+00:00
2026-09-22 15:13:12+00:00,VALID,236590.0,85,0,2026-09-22 15:13:00+00:00
2026-09-22 15:14:12+00:00,VALID,236650.0,85,0,2026-09-22 15:14:00+00:00
2026-09-22 15:15:12+00:00,VALID,236710.0,85,0,2026-09-22 15:15:00+00:00
2026-09-22 15:16:12+00:00,VALID,236770.0,85,0,2026-09-22 15:16:00+00:00
2026-09-22 15:17:12+00:00,FF64,,117,64,2026-09-22 15:17:00+00:00
2026-09-22 15:18:12+00:00,VALID,236890.0,85,0,2026-09-22 15:18:00+00:00
2026-09-22 15:19:12+00:00,FF64,,117,64,2026-09-22 15:19:00+00:00
2026-09-22 15:20:12+00:00,VALID,237010.0,85,0,2026-09-22 15:20:00+00:00
2026-09-22 15:21:12+00:00,FF64,,117,64,2026-09-22 15:21:00+00:00
2026-09-22 15:22:12+00:00,VALID,237130.0,85,0,2026-09-22 15:22:00+00:00
2026-09-22 15:23:12+00:00,FF64,,118,64,2026-09-22 15:23:00+00:00
2026-09-22 15:24:12+00:00,VALID,237250.0,86,0,2026-09-22 15:24:00+00:00
2026-09-22 15:25:12+00:00,VALID,237310.0,86,0,2026-09-22 15:25:00+00:00
2026-09-22 15:26:12+00:00,VALID,237370.0,87,0,2026-09-22 15:26:00+00:00
2026-09-22 15:27:12+00:00,FF64,,121,64,2026-09-22 15:27:00+00:00
2026-09-22 15:28:12+00:00,VALID,237490.0,89,0,2026-09-22 15:28:00+00:00
2026-09-22 15:29:12+00:00,VALID,237550.0,89,0,2026-09-22 15:29:00+00:00
2026-09-22 15:30:12+00:00,VALID,237610.0,89,0,2026-09-22 15:30:00+00:00
2026-09-22 15:31:12+00:00,VALID,237670.0,89,0,2026-09-22 15:31:00+00:00
2026-09-22 15:32:12+00:00,VALID,237730.0,89,0,2026-09-22 15:32:00+00:00
2026-09-22 15:33:12+00:00,FF64,,120,64,2026-09-22 15:33:00+00:00
2026-09-22 15:34:12+00:00,VALID,237850.0,85,0,2026-09-22 15:34:00+00:00
2026-09-22 15:35:12+00:00,FF64,,117,64,2026-09-22 15:35:00+00:00
2026-09-22 15:36:12+00:00,VALID,237970.0,85,0,2026-09-22 15:36:00+00:00
2026-09-22 15:37:12+00:00,FF64,,117,64,2026-09-22 15:37:00+00:00
2026-09-22 15:38:12+00:00,VALID,238090.0,85,0,2026-09-22 15:38:00+00:00
2026-09-22 15:39:12+00:00,FF64,,117,64,2026-09-22 15:39:00+00:00
2026-09-22 15:40:12+00:00,VALID,238210.0,85,0,2026-09-22 15:40:00+00:00
2026-09-22 15:41:12+00:00,FF64,,117,64,2026-09-22 15:41:00+00:00
2026-09-22 15:42:12+00:00,VALID,238330.0,85,0,2026-09-22 15:42:00+00:00
2026-09-22 15:43:12+00:00,FF64,,117,64,2026-09-22 15:43:00+00:00
2026-09-22 15:44:12+00:00,VALID,238450.0,85,0,2026-09-22 15:44:00+00:00
2026-09-22 15:45:12+00:00,FF64,,117,64,2026-09-22 15:45:00+00:00
2026-09-22 15:46:12+00:00,VALID,238570.0,85,0,2026-09-22 15:46:00+00:00
2026-09-22 15:47:12+00:00,VALID,238630.0,85,0,2026-09-22 15:47:00+00:00
2026-09-22 15:48:12+00:00,VALID,238690.0,85,0,2026-09-22 15:48:00+00:00
2026-09-22 15:49:12+00:00,VALID,238750.0,85,0,2026-09-22 15:49:00+00:00
2026-09-22 15:50:12+00:00,VALID,238810.0,85,0,2026-09-22 15:50:00+00:00
2026-09-22 15:51:12+00:00,FF64,,117,64,2026-09-22 15:51:00+00:00
2026-09-22 15:52:12+00:00,VALID,238930.0,85,0,2026-09-22 15:52:00+00:00
2026-09-22 15:53:12+00:00,VALID,238990.0,85,0,2026-09-22 15:53:00+00:00
2026-09-22 15:54:12+00:00,VALID,239050.0,85,0,2026-09-22 15:54:00+00:00
2026-09-22 15:55:12+00:00,VALID,239110.0,88,0,2026-09-22 15:55:00+00:00
2026-09-22 15:56:12+00:00,VALID,239170.0,88,0,2026-09-22 15:56:00+00:00
2026-09-22 15:57:12+00:00,FF64,,121,64,2026-09-22 15:57:00+00:00
2026-09-22 15:58:12+00:00,VALID,239290.0,89,0,2026-09-22 15:58:00+00:00
2026-09-22 15:59:12+00:00,FF64,,121,64,2026-09-22 15:59:00+00:00
2026-09-22 16:00:12+00:00,VALID,239410.0,88,0,2026-09-22 16:00:00+00:00
2026-09-22 16:01:12+00:00,FF64,,120,64,2026-09-22 16:01:00+00:00
2026-09-22 16:02:12+00:00,VALID,239530.0,88,0,2026-09-22 16:02:00+00:00
2026-09-22 16:03:12+00:00,FF64,,120,64,2026-09-22 16:03:00+00:00
2026-09-22 16:04:12+00:00,VALID,239650.0,88,0,2026-09-22 16:04:00+00:00
2026-09-22 16:05:12+00:00,VALID,239710.0,88,0,2026-09-22 16:05:00+00:00
2026-09-22 16:06:12+00:00,VALID,239770.0,89,0,2026-09-22 16:06:00+00:00
2026-09-22 16:07:12+00:00,FF64,,121,64,2026-09-22 16:07:00+00:00
2026-09-22 16:08:12+00:00,VALID,239890.0,88,0,2026-09-22 16:08:00+00:00
2026-09-22 16:09:12+00:00,FF64,,120,64,2026-09-22 16:09:00+00:00
2026-09-22 16:10:12+00:00,VALID,240010.0,88,0,2026-09-22 16:10:00+00:00
2026-09-22 16:11:12+00:00,VALID,240070.0,88,0,2026-09-22 16:11:00+00:00
2026-09-22 16:12:12+00:00,VALID,240130.0,88,0,2026-09-22 16:12:00+00:00
2026-09-22 16:13:12+00:00,FF64,,120,64,2026-09-22 16:13:00+00:00
2026-09-22 16:14:12+00:00,VALID,240250.0,88,0,2026-09-22 16:14:00+00:00
2026-09-22 16:15:12+00:00,FF64,,120,64,2026-09-22 16:15:00+00:00
2026-09-22 16:16:12+00:00,VALID,240370.0,88,0,2026-09-22 16:16:00+00:00
2026-09-22 16:17:12+00:00,VALID,240430.0,88,0,2026-09-22 16:17:00+00:00
2026-09-22 16:18:12+00:00,VALID,240490.0,89,0,2026-09-22 16:18:00+00:00
2026-09-22 16:19:12+00:00,FF64,,120,64,2026-09-22 16:19:00+00:00
2026-09-22 16:20:12+00:00,VALID,240610.0,88,0,2026-09-22 16:20:00+00:00
2026-09-22 16:21:12+00:00,VALID,240670.0,89,0,2026-09-22 16:21:00+00:00
2026-09-22 16:22:12+00:00,VALID,240730.0,88,0,2026-09-22 16:22:00+00:00
2026-09-22 16:23:12+00:00,FF64,,120,64,2026-09-22 16:23:00+00:00
2026-09-22 16:24:12+00:00,VALID,240850.0,88,0,2026-09-22 16:24:00+00:00
2026-09-22 16:25:12+00:00,FF64,,120,64,2026-09-22 16:25:00+00:00
2026-09-22 16:26:12+00:00,VALID,240970.0,88,0,2026-09-22 16:26:00+00:00
2026-09-22 16:27:12+00:00,VALID,241030.0,88,0,2026-09-22 16:27:00+00:00
2026-09-22 16:28:12+00:00,VALID,241090.0,88,0,2026-09-22 16:28:00+00:00
2026-09-22 16:29:12+00:00,VALID,241150.0,88,0,2026-09-22 16:29:00+00:00
2026-09-22 16:30:12+00:00,VALID,241210.0,88,0,2026-09-22 16:30:00+00:00
2026-09-22 16:31:12+00:00,FF64,,120,64,2026-09-22 16:31:00+00:00
2026-09-22 16:32:12+00:00,VALID,241330.0,88,0,2026-09-22 16:32:00+00:00
2026-09-22 16:33:12+00:00,FF64,,120,64,2026-09-22 16:33:00+00:00
2026-09-22 16:34:12+00:00,VALID,241450.0,88,0,2026-09-22 16:34:00+00:00
2026-09-22 16:35:12+00:00,FF64,,120,64,2026-09-22 16:35:00+00:00
2026-09-22 16:36:12+00:00,VALID,241570.0,88,0,2026-09-22 16:36:00+00:00
2026-09-22 16:37:12+00:00,FF64,,120,64,2026-09-22 16:37:00+00:00
2026-09-22 16:38:12+00:00,VALID,241690.0,89,0,2026-09-22 16:38:00+00:00
2026-09-22 16:39:12+00:00,FF64,,120,64,2026-09-22 16:39:00+00:00
2026-09-22 16:40:12+00:00,VALID,241810.0,88,0,2026-09-22 16:40:00+00:00
2026-09-22 16:41:12+00:00,FF64,,120,64,2026-09-22 16:41:00+00:00
2026-09-22 16:42:12+00:00,VALID,241930.0,88,0,2026-09-22 16:42:00+00:00
2026-09-22 16:43:12+00:00,VALID,241990.0,88,0,2026-09-22 16:43:00+00:00
2026-09-22 16:44:12+00:00,VALID,242050.0,89,0,2026-09-22 16:44:00+00:00
2026-09-22 16:45:12+00:00,FF64,,121,64,2026-09-22 16:45:00+00:00
2026-09-22 16:46:12+00:00,VALID,242170.0,88,0,2026-09-22 16:46:00+00:00
2026-09-22 16:47:12+00:00,FF64,,120,64,2026-09-22 16:47:00+00:00
2026-09-22 16:48:12+00:00,VALID,242290.0,88,0,2026-09-22 16:48:00+00:00
2026-09-22 16:49:13+00:00,FF64,,121,64,2026-09-22 16:49:00+00:00
2026-09-22 16:50:13+00:00,VALID,242410.0,88,0,2026-09-22 16:50:00+00:00
2026-09-22 16:51:13+00:00,FF64,,120,64,2026-09-22 16:51:00+00:00
2026-09-22 16:52:13+00:00,VALID,242530.0,88,0,2026-09-22 16:52:00+00:00
2026-09-22 16:53:13+00:00,FF64,,121,64,2026-09-22 16:53:00+00:00
2026-09-22 16:54:13+00:00,VALID,242650.0,89,0,2026-09-22 16:54:00+00:00
2026-09-22 16:55:13+00:00,FF64,,121,64,2026-09-22 16:55:00+00:00
2026-09-22 16:56:13+00:00,VALID,242770.0,89,0,2026-09-22 16:56:00+00:00
2026-09-22 16:57:13+00:00,FF64,,121,64,2026-09-22 16:57:00+00:00
2026-09-22 16:58:13+00:00,VALID,242890.0,89,0,2026-09-22 16:58:00+00:00
2026-09-22 16:59:13+00:00,VALID,242950.0,89,0,2026-09-22 16:59:00+00:00
2026-09-22 17:00:13+00:00,VALID,243010.0,89,0,2026-09-22 17:00:00+00:00
2026-09-22 17:01:13+00:00,VALID,243070.0,88,0,2026-09-22 17:01:00+00:00
2026-09-22 17:02:13+00:00,VALID,243130.0,89,0,2026-09-22 17:02:00+00:00
2026-09-22 17:03:13+00:00,FF64,,121,64,2026-09-22 17:03:00+00:00
2026-09-22 17:04:13+00:00,VALID,243250.0,88,0,2026-09-22 17:04:00+00:00
2026-09-22 17:05:13+00:00,FF64,,120,64,2026-09-22 17:05:00+00:00
2026-09-22 17:06:13+00:00,VALID,243370.0,88,0,2026-09-22 17:06:00+00:00
2026-09-22 17:07:13+00:00,FF64,,120,64,2026-09-22 17:07:00+00:00
2026-09-22 17:08:13+00:00,VALID,243490.0,89,0,2026-09-22 17:08:00+00:00
2026-09-22 17:09:13+00:00,FF64,,120,64,2026-09-22 17:09:00+00:00
2026-09-22 17:10:13+00:00,VALID,243610.0,88,0,2026-09-22 17:10:00+00:00
2026-09-22 17:11:13+00:00,FF64,,120,64,2026-09-22 17:11:00+00:00
2026-09-22 17:12:13+00:00,VALID,243730.0,88,0,2026-09-22 17:12:00+00:00
2026-09-22 17:13:13+00:00,VALID,243790.0,88,0,2026-09-22 17:13:00+00:00
2026-09-22 17:14:13+00:00,VALID,243850.0,88,0,2026-09-22 17:14:00+00:00
2026-09-22 17:15:13+00:00,VALID,243910.0,88,0,2026-09-22 17:15:00+00:00
2026-09-22 17:16:13+00:00,VALID,243970.0,89,0,2026-09-22 17:16:00+00:00
2026-09-22 17:17:13+00:00,VALID,244030.0,89,0,2026-09-22 17:17:00+00:00
2026-09-22 17:18:13+00:00,VALID,244090.0,89,0,2026-09-22 17:18:00+00:00
2026-09-22 17:19:13+00:00,FF64,,121,64,2026-09-22 17:19:00+00:00
2026-09-22 17:20:13+00:00,VALID,244210.0,89,0,2026-09-22 17:20:00+00:00
2026-09-22 17:21:13+00:00,VALID,244270.0,88,0,2026-09-22 17:21:00+00:00
2026-09-22 17:22:13+00:00,VALID,244330.0,88,0,2026-09-22 17:22:00+00:00
2026-09-22 17:23:13+00:00,VALID,244390.0,88,0,2026-09-22 17:23:00+00:00
2026-09-22 17:24:13+00:00,VALID,244450.0,88,0,2026-09-22 17:24:00+00:00
2026-09-22 17:25:13+00:00,VALID,244510.0,88,0,2026-09-22 17:25:00+00:00
2026-09-22 17:26:13+00:00,VALID,244570.0,88,0,2026-09-22 17:26:00+00:00
2026-09-22 17:27:13+00:00,VALID,244630.0,88,0,2026-09-22 17:27:00+00:00
2026-09-22 17:28:13+00:00,VALID,244690.0,88,0,2026-09-22 17:28:00+00:00
2026-09-22 17:29:13+00:00,VALID,244750.0,88,0,2026-09-22 17:29:00+00:00
2026-09-22 17:30:13+00:00,VALID,244810.0,88,0,2026-09-22 17:30:00+00:00
2026-09-22 17:31:13+00:00,VALID,244870.0,88,0,2026-09-22 17:31:00+00:00
2026-09-22 17:32:13+00:00,VALID,244930.0,88,0,2026-09-22 17:32:00+00:00
2026-09-22 17:33:13+00:00,VALID,244990.0,88,0,2026-09-22 17:33:00+00:00
2026-09-22 17:34:13+00:00,VALID,245050.0,88,0,2026-09-22 17:34:00+00:00
2026-09-22 17:35:13+00:00,FF64,,120,64,2026-09-22 17:35:00+00:00
2026-09-22 17:36:13+00:00,VALID,245170.0,88,0,2026-09-22 17:36:00+00:00
2026-09-22 17:37:13+00:00,FF64,,120,64,2026-09-22 17:37:00+00:00
2026-09-22 17:38:13+00:00,VALID,245290.0,88,0,2026-09-22 17:38:00+00:00
2026-09-22 17:39:13+00:00,VALID,245350.0,88,0,2026-09-22 17:39:00+00:00
2026-09-22 17:40:13+00:00,VALID,245410.0,88,0,2026-09-22 17:40:00+00:00
2026-09-22 17:41:13+00:00,VALID,245470.0,88,0,2026-09-22 17:41:00+00:00
2026-09-22 17:42:13+00:00,VALID,245530.0,88,0,2026-09-22 17:42:00+00:00
2026-09-22 17:43:13+00:00,FF64,,120,64,2026-09-22 17:43:00+00:00
2026-09-22 17:44:13+00:00,VALID,245650.0,88,0,2026-09-22 17:44:00+00:00
2026-09-22 17:45:13+00:00,VALID,245710.0,88,0,2026-09-22 17:45:00+00:00
2026-09-22 17:46:13+00:00,VALID,245770.0,88,0,2026-09-22 17:46:00+00:00
2026-09-22 17:47:13+00:00,VALID,245830.0,88,0,2026-09-22 17:47:00+00:00
2026-09-22 17:48:13+00:00,VALID,245890.0,88,0,2026-09-22 17:48:00+00:00
2026-09-22 17:49:13+00:00,FF64,,120,64,2026-09-22 17:49:00+00:00
2026-09-22 17:50:13+00:00,VALID,246010.0,88,0,2026-09-22 17:50:00+00:00
2026-09-22 17:51:13+00:00,VALID,246070.0,88,0,2026-09-22 17:51:00+00:00
2026-09-22 17:52:13+00:00,VALID,246130.0,88,0,2026-09-22 17:52:00+00:00
2026-09-22 17:53:13+00:00,VALID,246190.0,88,0,2026-09-22 17:53:00+00:00
2026-09-22 17:54:13+00:00,VALID,246250.0,88,0,2026-09-22 17:54:00+00:00
2026-09-22 17:55:13+00:00,VALID,246310.0,88,0,2026-09-22 17:55:00+00:00
2026-09-22 17:56:13+00:00,VALID,246370.0,89,0,2026-09-22 17:56:00+00:00
2026-09-22 17:57:13+00:00,FF64,,120,64,2026-09-22 17:57:00+00:00
2026-09-22 17:58:13+00:00,VALID,246490.0,89,0,2026-09-22 17:58:00+00:00
2026-09-22 17:59:13+00:00,VALID,246550.0,88,0,2026-09-22 17:59:00+00:00
2026-09-22 18:00:13+00:00,VALID,246610.0,88,0,2026-09-22 18:00:00+00:00
2026-09-22 18:01:13+00:00,VALID,246670.0,88,0,2026-09-22 18:01:00+00:00
2026-09-22 18:02:13+00:00,VALID,246730.0,88,0,2026-09-22 18:02:00+00:00
2026-09-22 18:03:13+00:00,FF64,,121,64,2026-09-22 18:03:00+00:00
2026-09-22 18:04:13+00:00,VALID,246850.0,89,0,2026-09-22 18:04:00+00:00
2026-09-22 18:05:13+00:00,FF64,,121,64,2026-09-22 18:05:00+00:00
2026-09-22 18:06:13+00:00,VALID,246970.0,89,0,2026-09-22 18:06:00+00:00
2026-09-22 18:07:13+00:00,FF64,,121,64,2026-09-22 18:07:00+00:00
2026-09-22 18:08:13+00:00,VALID,247090.0,89,0,2026-09-22 18:08:00+00:00
2026-09-22 18:09:13+00:00,FF64,,121,64,2026-09-22 18:09:00+00:00
2026-09-22 18:10:13+00:00,VALID,247210.0,89,0,2026-09-22 18:10:00+00:00
2026-09-22 18:11:13+00:00,FF64,,120,64,2026-09-22 18:11:00+00:00
2026-09-22 18:12:13+00:00,VALID,247330.0,89,0,2026-09-22 18:12:00+00:00
2026-09-22 18:13:13+00:00,FF64,,120,64,2026-09-22 18:13:00+00:00
2026-09-22 18:14:13+00:00,VALID,247450.0,89,0,2026-09-22 18:14:00+00:00
2026-09-22 18:15:13+00:00,FF64,,121,64,2026-09-22 18:15:00+00:00
2026-09-22 18:16:13+00:00,VALID,247570.0,89,0,2026-09-22 18:16:00+00:00
2026-09-22 18:17:13+00:00,VALID,247630.0,89,0,2026-09-22 18:17:00+00:00
2026-09-22 18:18:13+00:00,VALID,247690.0,88,0,2026-09-22 18:18:00+00:00
2026-09-22 18:19:13+00:00,FF64,,120,64,2026-09-22 18:19:00+00:00
2026-09-22 18:20:13+00:00,VALID,247810.0,88,0,2026-09-22 18:20:00+00:00
2026-09-22 18:21:13+00:00,FF64,,120,64,2026-09-22 18:21:00+00:00
2026-09-22 18:22:13+00:00,VALID,247930.0,88,0,2026-09-22 18:22:00+00:00
2026-09-22 18:23:13+00:00,FF64,,120,64,2026-09-22 18:23:00+00:00
2026-09-22 18:24:13+00:00,VALID,248050.0,88,0,2026-09-22 18:24:00+00:00
2026-09-22 18:25:13+00:00,FF64,,121,64,2026-09-22 18:25:00+00:00
2026-09-22 18:26:13+00:00,VALID,248170.0,88,0,2026-09-22 18:26:00+00:00
2026-09-22 18:27:13+00:00,FF64,,120,64,2026-09-22 18:27:00+00:00
2026-09-22 18:28:13+00:00,VALID,248290.0,88,0,2026-09-22 18:28:00+00:00
2026-09-22 18:29:13+00:00,FF64,,120,64,2026-09-22 18:29:00+00:00
2026-09-22 18:30:13+00:00,VALID,248410.0,88,0,2026-09-22 18:30:00+00:00
2026-09-22 18:31:13+00:00,VALID,248470.0,88,0,2026-09-22 18:31:00+00:00
2026-09-22 18:32:13+00:00,VALID,248530.0,88,0,2026-09-22 18:32:00+00:00
2026-09-22 18:33:13+00:00,VALID,248590.0,88,0,2026-09-22 18:33:00+00:00
2026-09-22 18:34:13+00:00,VALID,248650.0,88,0,2026-09-22 18:34:00+00:00
2026-09-22 18:35:13+00:00,FF64,,120,64,2026-09-22 18:35:00+00:00
2026-09-22 18:36:13+00:00,VALID,248770.0,88,0,2026-09-22 18:36:00+00:00
2026-09-22 18:37:13+00:00,FF64,,120,64,2026-09-22 18:37:00+00:00
2026-09-22 18:38:13+00:00,VALID,248890.0,88,0,2026-09-22 18:38:00+00:00
2026-09-22 18:39:13+00:00,VALID,248950.0,88,0,2026-09-22 18:39:00+00:00
2026-09-22 18:40:13+00:00,VALID,249010.0,89,0,2026-09-22 18:40:00+00:00
2026-09-22 18:41:13+00:00,FF64,,121,64,2026-09-22 18:41:00+00:00
2026-09-22 18:42:13+00:00,VALID,249130.0,88,0,2026-09-22 18:42:00+00:00
2026-09-22 18:43:13+00:00,VALID,249190.0,88,0,2026-09-22 18:43:00+00:00
2026-09-22 18:44:13+00:00,VALID,249250.0,89,0,2026-09-22 18:44:00+00:00
2026-09-22 18:45:13+00:00,FF64,,121,64,2026-09-22 18:45:00+00:00
2026-09-22 18:46:13+00:00,VALID,249370.0,89,0,2026-09-22 18:46:00+00:00
2026-09-22 18:47:13+00:00,FF64,,120,64,2026-09-22 18:47:00+00:00
2026-09-22 18:48:13+00:00,VALID,249490.0,88,0,2026-09-22 18:48:00+00:00
2026-09-22 18:49:13+00:00,VALID,249550.0,88,0,2026-09-22 18:49:00+00:00
2026-09-22 18:50:13+00:00,VALID,249610.0,88,0,2026-09-22 18:50:00+00:00
2026-09-22 18:51:13+00:00,VALID,249670.0,88,0,2026-09-22 18:51:00+00:00
2026-09-22 18:52:13+00:00,VALID,249730.0,88,0,2026-09-22 18:52:00+00:00
2026-09-22 18:53:13+00:00,VALID,249790.0,88,0,2026-09-22 18:53:00+00:00
2026-09-22 18:54:13+00:00,VALID,249850.0,88,0,2026-09-22 18:54:00+00:00
2026-09-22 18:55:13+00:00,FF64,,120,64,2026-09-22 18:55:00+00:00
2026-09-22 18:56:13+00:00,VALID,249970.0,88,0,2026-09-22 18:56:00+00:00
2026-09-22 18:57:13+00:00,FF64,,120,64,2026-09-22 18:57:00+00:00
2026-09-22 18:58:13+00:00,VALID,250090.0,88,0,2026-09-22 18:58:00+00:00
2026-09-22 18:59:13+00:00,VALID,250150.0,88,0,2026-09-22 18:59:00+00:00
2026-09-22 19:00:13+00:00,VALID,250210.0,88,0,2026-09-22 19:00:00+00:00
2026-09-22 19:01:13+00:00,VALID,250270.0,88,0,2026-09-22 19:01:00+00:00
2026-09-22 19:02:13+00:00,VALID,250330.0,88,0,2026-09-22 19:02:00+00:00
2026-09-22 19:03:13+00:00,FF64,,120,64,2026-09-22 19:03:00+00:00
2026-09-22 19:04:13+00:00,VALID,250450.0,88,0,2026-09-22 19:04:00+00:00
2026-09-22 19:05:13+00:00,FF64,,120,64,2026-09-22 19:05:00+00:00
2026-09-22 19:06:13+00:00,VALID,250570.0,88,0,2026-09-22 19:06:00+00:00
2026-09-22 19:07:13+00:00,VALID,250630.0,88,0,2026-09-22 19:07:00+00:00
2026-09-22 19:08:13+00:00,VALID,250690.0,88,0,2026-09-22 19:08:00+00:00
2026-09-22 19:09:13+00:00,FF64,,120,64,2026-09-22 19:09:00+00:00
2026-09-22 19:10:13+00:00,VALID,250810.0,88,0,2026-09-22 19:10:00+00:00
2026-09-22 19:11:13+00:00,FF64,,120,64,2026-09-22 19:11:00+00:00
2026-09-22 19:12:13+00:00,VALID,250930.0,88,0,2026-09-22 19:12:00+00:00
2026-09-22 19:13:13+00:00,FF64,,120,64,2026-09-22 19:13:00+00:00
2026-09-22 19:14:13+00:00,VALID,251050.0,88,0,2026-09-22 19:14:00+00:00
2026-09-22 19:15:13+00:00,VALID,251110.0,89,0,2026-09-22 19:15:00+00:00
2026-09-22 19:16:13+00:00,VALID,251170.0,88,0,2026-09-22 19:16:00+00:00
2026-09-22 19:17:13+00:00,VALID,251230.0,88,0,2026-09-22 19:17:00+00:00
2026-09-22 19:18:13+00:00,VALID,251290.0,88,0,2026-09-22 19:18:00+00:00
2026-09-22 19:19:13+00:00,FF64,,120,64,2026-09-22 19:19:00+00:00
2026-09-22 19:20:13+00:00,VALID,251410.0,88,0,2026-09-22 19:20:00+00:00
2026-09-22 19:21:13+00:00,VALID,251470.0,88,0,2026-09-22 19:21:00+00:00
2026-09-22 19:22:13+00:00,VALID,251530.0,88,0,2026-09-22 19:22:00+00:00
2026-09-22 19:23:13+00:00,FF64,,121,64,2026-09-22 19:23:00+00:00
2026-09-22 19:24:13+00:00,VALID,251650.0,88,0,2026-09-22 19:24:00+00:00
2026-09-22 19:25:13+00:00,FF64,,120,64,2026-09-22 19:25:00+00:00
2026-09-22 19:26:13+00:00,VALID,251770.0,88,0,2026-09-22 19:26:00+00:00
2026-09-22 19:27:13+00:00,FF64,,120,64,2026-09-22 19:27:00+00:00
2026-09-22 19:28:13+00:00,VALID,251890.0,89,0,2026-09-22 19:28:00+00:00
2026-09-22 19:29:13+00:00,FF64,,121,64,2026-09-22 19:29:00+00:00
2026-09-22 19:30:13+00:00,VALID,252010.0,88,0,2026-09-22 19:30:00+00:00
2026-09-22 19:31:13+00:00,VALID,252070.0,88,0,2026-09-22 19:31:00+00:00
2026-09-22 19:32:13+00:00,VALID,252130.0,88,0,2026-09-22 19:32:00+00:00
2026-09-22 19:33:13+00:00,VALID,252190.0,88,0,2026-09-22 19:33:00+00:00
2026-09-22 19:34:13+00:00,VALID,252250.0,88,0,2026-09-22 19:34:00+00:00
2026-09-22 19:35:13+00:00,FF64,,120,64,2026-09-22 19:35:00+00:00
2026-09-22 19:36:13+00:00,VALID,252370.0,88,0,2026-09-22 19:36:00+00:00
2026-09-22 19:37:13+00:00,FF64,,120,64,2026-09-22 19:37:00+00:00
2026-09-22 19:38:13+00:00,VALID,252490.0,88,0,2026-09-22 19:38:00+00:00
2026-09-22 19:39:13+00:00,FF64,,120,64,2026-09-22 19:39:00+00:00
2026-09-22 19:40:13+00:00,VALID,252610.0,88,0,2026-09-22 19:40:00+00:00
2026-09-22 19:41:13+00:00,FF64,,120,64,2026-09-22 19:41:00+00:00
2026-09-22 19:42:13+00:00,VALID,252730.0,88,0,2026-09-22 19:42:00+00:00
2026-09-22 19:43:13+00:00,FF64,,120,64,2026-09-22 19:43:00+00:00
2026-09-22 19:44:13+00:00,VALID,252850.0,88,0,2026-09-22 19:44:00+00:00
2026-09-22 19:45:13+00:00,FF64,,120,64,2026-09-22 19:45:00+00:00
2026-09-22 19:46:13+00:00,VALID,252970.0,88,0,2026-09-22 19:46:00+00:00
2026-09-22 19:47:13+00:00,FF64,,120,64,2026-09-22 19:47:00+00:00
2026-09-22 19:48:13+00:00,VALID,253090.0,88,0,2026-09-22 19:48:00+00:00
2026-09-22 19:49:13+00:00,FF64,,120,64,2026-09-22 19:49:00+00:00
2026-09-22 19:50:13+00:00,VALID,253210.0,88,0,2026-09-22 19:50:00+00:00
2026-09-22 19:51:13+00:00,VALID,253270.0,88,0,2026-09-22 19:51:00+00:00
2026-09-22 19:52:13+00:00,VALID,253330.0,88,0,2026-09-22 19:52:00+00:00
2026-09-22 19:53:13+00:00,FF64,,120,64,2026-09-22 19:53:00+00:00
2026-09-22 19:54:13+00:00,VALID,253450.0,88,0,2026-09-22 19:54:00+00:00
2026-09-22 19:55:13+00:00,FF64,,120,64,2026-09-22 19:55:00+00:00
2026-09-22 19:56:13+00:00,VALID,253570.0,88,0,2026-09-22 19:56:00+00:00
2026-09-22 19:57:13+00:00,FF64,,120,64,2026-09-22 19:57:00+00:00
2026-09-22 19:58:13+00:00,VALID,253690.0,88,0,2026-09-22 19:58:00+00:00
2026-09-22 19:59:13+00:00,FF64,,120,64,2026-09-22 19:59:00+00:00
2026-09-22 20:00:13+00:00,VALID,253810.0,89,0,2026-09-22 20:00:00+00:00
2026-09-22 20:01:13+00:00,FF64,,121,64,2026-09-22 20:01:00+00:00
2026-09-22 20:02:13+00:00,VALID,253930.0,88,0,2026-09-22 20:02:00+00:00
2026-09-22 20:03:13+00:00,VALID,253990.0,89,0,2026-09-22 20:03:00+00:00
2026-09-22 20:04:13+00:00,VALID,254050.0,89,0,2026-09-22 20:04:00+00:00
2026-09-22 20:05:13+00:00,VALID,254110.0,88,0,2026-09-22 20:05:00+00:00
2026-09-22 20:06:13+00:00,VALID,254170.0,88,0,2026-09-22 20:06:00+00:00
2026-09-22 20:07:13+00:00,FF64,,120,64,2026-09-22 20:07:00+00:00
2026-09-22 20:08:13+00:00,VALID,254290.0,88,0,2026-09-22 20:08:00+00:00
2026-09-22 20:09:13+00:00,VALID,254350.0,88,0,2026-09-22 20:09:00+00:00
2026-09-22 20:10:13+00:00,VALID,254410.0,88,0,2026-09-22 20:10:00+00:00
2026-09-22 20:11:13+00:00,FF64,,120,64,2026-09-22 20:11:00+00:00
2026-09-22 20:12:13+00:00,VALID,254530.0,88,0,2026-09-22 20:12:00+00:00
2026-09-22 20:13:13+00:00,VALID,254590.0,88,0,2026-09-22 20:13:00+00:00
2026-09-22 20:14:13+00:00,VALID,254650.0,88,0,2026-09-22 20:14:00+00:00
2026-09-22 20:15:13+00:00,FF64,,120,64,2026-09-22 20:15:00+00:00
2026-09-22 20:16:13+00:00,VALID,254770.0,88,0,2026-09-22 20:16:00+00:00
2026-09-22 20:17:13+00:00,VALID,254830.0,88,0,2026-09-22 20:17:00+00:00
2026-09-22 20:18:13+00:00,VALID,254890.0,88,0,2026-09-22 20:18:00+00:00
2026-09-22 20:19:13+00:00,FF64,,120,64,2026-09-22 20:19:00+00:00
2026-09-22 20:20:13+00:00,VALID,255010.0,88,0,2026-09-22 20:20:00+00:00
2026-09-22 20:21:13+00:00,VALID,255070.0,88,0,2026-09-22 20:21:00+00:00
2026-09-22 20:22:13+00:00,VALID,255130.0,88,0,2026-09-22 20:22:00+00:00
2026-09-22 20:23:13+00:00,FF64,,120,64,2026-09-22 20:23:00+00:00
2026-09-22 20:24:13+00:00,VALID,255250.0,88,0,2026-09-22 20:24:00+00:00
2026-09-22 20:25:13+00:00,FF64,,120,64,2026-09-22 20:25:00+00:00
2026-09-22 20:26:13+00:00,VALID,255370.0,88,0,2026-09-22 20:26:00+00:00
2026-09-22 20:27:13+00:00,VALID,255430.0,88,0,2026-09-22 20:27:00+00:00
2026-09-22 20:28:13+00:00,VALID,255490.0,88,0,2026-09-22 20:28:00+00:00
2026-09-22 20:29:13+00:00,FF64,,120,64,2026-09-22 20:29:00+00:00
2026-09-22 20:30:13+00:00,VALID,255610.0,88,0,2026-09-22 20:30:00+00:00
2026-09-22 20:31:13+00:00,FF64,,120,64,2026-09-22 20:31:00+00:00
2026-09-22 20:32:13+00:00,VALID,255730.0,88,0,2026-09-22 20:32:00+00:00
2026-09-22 20:33:13+00:00,FF64,,120,64,2026-09-22 20:33:00+00:00
2026-09-22 20:34:13+00:00,VALID,255850.0,88,0,2026-09-22 20:34:00+00:00
2026-09-22 20:35:13+00:00,FF64,,120,64,2026-09-22 20:35:00+00:00
2026-09-22 20:36:13+00:00,VALID,255970.0,88,0,2026-09-22 20:36:00+00:00
2026-09-22 20:37:13+00:00,FF64,,120,64,2026-09-22 20:37:00+00:00
2026-09-22 20:38:13+00:00,VALID,256090.0,88,0,2026-09-22 20:38:00+00:00
2026-09-22 20:39:13+00:00,FF64,,120,64,2026-09-22 20:39:00+00:00
2026-09-22 20:40:13+00:00,VALID,256210.0,88,0,2026-09-22 20:40:00+00:00
2026-09-22 20:41:13+00:00,VALID,256270.0,88,0,2026-09-22 20:41:00+00:00
2026-09-22 20:42:13+00:00,VALID,256330.0,88,0,2026-09-22 20:42:00+00:00
2026-09-22 20:43:13+00:00,FF64,,120,64,2026-09-22 20:43:00+00:00
2026-09-22 20:44:13+00:00,VALID,256450.0,88,0,2026-09-22 20:44:00+00:00
2026-09-22 20:45:13+00:00,FF64,,120,64,2026-09-22 20:45:00+00:00
2026-09-22 20:46:13+00:00,VALID,256570.0,88,0,2026-09-22 20:46:00+00:00
2026-09-22 20:47:13+00:00,FF64,,120,64,2026-09-22 20:47:00+00:00
2026-09-22 20:48:13+00:00,VALID,256690.0,88,0,2026-09-22 20:48:00+00:00
2026-09-22 20:49:13+00:00,FF64,,120,64,2026-09-22 20:49:00+00:00
2026-09-22 20:50:13+00:00,VALID,256810.0,88,0,2026-09-22 20:50:00+00:00
2026-09-22 20:51:13+00:00,FF64,,120,64,2026-09-22 20:51:00+00:00
2026-09-22 20:52:13+00:00,VALID,256930.0,88,0,2026-09-22 20:52:00+00:00
2026-09-22 20:53:13+00:00,VALID,256990.0,89,0,2026-09-22 20:53:00+00:00
2026-09-22 20:54:13+00:00,VALID,257050.0,88,0,2026-09-22 20:54:00+00:00
2026-09-22 20:55:13+00:00,FF64,,120,64,2026-09-22 20:55:00+00:00
2026-09-22 20:56:13+00:00,VALID,257170.0,89,0,2026-09-22 20:56:00+00:00
2026-09-22 20:57:13+00:00,FF64,,120,64,2026-09-22 20:57:00+00:00
2026-09-22 20:58:13+00:00,VALID,257290.0,89,0,2026-09-22 20:58:00+00:00
2026-09-22 20:59:13+00:00,FF64,,121,64,2026-09-22 20:59:00+00:00
2026-09-22 21:00:13+00:00,VALID,257410.0,89,0,2026-09-22 21:00:00+00:00
2026-09-22 21:01:13+00:00,FF64,,121,64,2026-09-22 21:01:00+00:00
2026-09-22 21:02:13+00:00,VALID,257530.0,88,0,2026-09-22 21:02:00+00:00
2026-09-22 21:03:13+00:00,FF64,,121,64,2026-09-22 21:03:00+00:00
2026-09-22 21:04:13+00:00,VALID,257650.0,89,0,2026-09-22 21:04:00+00:00
2026-09-22 21:05:13+00:00,FF64,,121,64,2026-09-22 21:05:00+00:00
2026-09-22 21:06:13+00:00,VALID,257770.0,89,0,2026-09-22 21:06:00+00:00
2026-09-22 21:07:13+00:00,FF64,,121,64,2026-09-22 21:07:00+00:00
2026-09-22 21:08:13+00:00,VALID,257890.0,88,0,2026-09-22 21:08:00+00:00
2026-09-22 21:09:13+00:00,VALID,257950.0,89,0,2026-09-22 21:09:00+00:00
2026-09-22 21:10:13+00:00,VALID,258010.0,88,0,2026-09-22 21:10:00+00:00
2026-09-22 21:11:13+00:00,FF64,,121,64,2026-09-22 21:11:00+00:00
2026-09-22 21:12:13+00:00,VALID,258130.0,89,0,2026-09-22 21:12:00+00:00
2026-09-22 21:13:13+00:00,FF64,,120,64,2026-09-22 21:13:00+00:00
2026-09-22 21:14:13+00:00,VALID,258250.0,88,0,2026-09-22 21:14:00+00:00
2026-09-22 21:15:13+00:00,FF64,,120,64,2026-09-22 21:15:00+00:00
2026-09-22 21:16:13+00:00,VALID,258370.0,88,0,2026-09-22 21:16:00+00:00
2026-09-22 21:17:13+00:00,FF64,,120,64,2026-09-22 21:17:00+00:00
2026-09-22 21:18:13+00:00,VALID,258490.0,89,0,2026-09-22 21:18:00+00:00
2026-09-22 21:19:13+00:00,VALID,258550.0,88,0,2026-09-22 21:19:00+00:00
2026-09-22 21:20:13+00:00,VALID,258610.0,88,0,2026-09-22 21:20:00+00:00
2026-09-22 21:21:13+00:00,FF64,,120,64,2026-09-22 21:21:00+00:00
2026-09-22 21:22:13+00:00,VALID,258730.0,88,0,2026-09-22 21:22:00+00:00
2026-09-22 21:23:13+00:00,VALID,258790.0,88,0,2026-09-22 21:23:00+00:00
2026-09-22 21:24:13+00:00,VALID,258850.0,88,0,2026-09-22 21:24:00+00:00
2026-09-22 21:25:13+00:00,VALID,258911.0,88,0,2026-09-22 21:25:00+00:00
2026-09-22 21:26:13+00:00,VALID,258971.0,88,0,2026-09-22 21:26:00+00:00
2026-09-22 21:27:13+00:00,VALID,259031.0,88,0,2026-09-22 21:27:00+00:00
2026-09-22 21:28:13+00:00,VALID,259091.0,89,0,2026-09-22 21:28:00+00:00
2026-09-22 21:29:13+00:00,FF64,,120,64,2026-09-22 21:29:00+00:00
2026-09-22 21:30:13+00:00,VALID,259211.0,88,0,2026-09-22 21:30:00+00:00
2026-09-22 21:31:13+00:00,VALID,259271.0,88,0,2026-09-22 21:31:00+00:00
2026-09-22 21:32:13+00:00,VALID,259331.0,88,0,2026-09-22 21:32:00+00:00
2026-09-22 21:33:13+00:00,FF64,,120,64,2026-09-22 21:33:00+00:00
2026-09-22 21:34:13+00:00,VALID,259451.0,88,0,2026-09-22 21:34:00+00:00
2026-09-22 21:35:13+00:00,FF64,,120,64,2026-09-22 21:35:00+00:00
2026-09-22 21:36:13+00:00,VALID,259571.0,88,0,2026-09-22 21:36:00+00:00
2026-09-22 21:37:13+00:00,FF64,,120,64,2026-09-22 21:37:00+00:00
2026-09-22 21:38:13+00:00,VALID,259691.0,88,0,2026-09-22 21:38:00+00:00
2026-09-22 21:39:13+00:00,FF64,,120,64,2026-09-22 21:39:00+00:00
2026-09-22 21:40:13+00:00,VALID,259811.0,88,0,2026-09-22 21:40:00+00:00
2026-09-22 21:41:13+00:00,VALID,259871.0,88,0,2026-09-22 21:41:00+00:00
2026-09-22 21:42:13+00:00,VALID,259931.0,89,0,2026-09-22 21:42:00+00:00
2026-09-22 21:43:13+00:00,FF64,,121,64,2026-09-22 21:43:00+00:00
2026-09-22 21:44:13+00:00,VALID,260051.0,89,0,2026-09-22 21:44:00+00:00
2026-09-22 21:45:13+00:00,FF64,,120,64,2026-09-22 21:45:00+00:00
2026-09-22 21:46:13+00:00,VALID,260171.0,88,0,2026-09-22 21:46:00+00:00
2026-09-22 21:47:13+00:00,FF64,,120,64,2026-09-22 21:47:00+00:00
2026-09-22 21:48:13+00:00,VALID,260291.0,88,0,2026-09-22 21:48:00+00:00
2026-09-22 21:49:13+00:00,VALID,260351.0,88,0,2026-09-22 21:49:00+00:00
2026-09-22 21:50:13+00:00,VALID,260411.0,88,0,2026-09-22 21:50:00+00:00
2026-09-22 21:51:13+00:00,FF64,,120,64,2026-09-22 21:51:00+00:00
2026-09-22 21:52:13+00:00,VALID,260531.0,88,0,2026-09-22 21:52:00+00:00
2026-09-22 21:53:13+00:00,VALID,260591.0,88,0,2026-09-22 21:53:00+00:00
2026-09-22 21:54:13+00:00,VALID,260651.0,88,0,2026-09-22 21:54:00+00:00
2026-09-22 21:55:13+00:00,FF64,,120,64,2026-09-22 21:55:00+00:00
2026-09-22 21:56:13+00:00,VALID,260771.0,88,0,2026-09-22 21:56:00+00:00
2026-09-22 21:57:13+00:00,FF64,,120,64,2026-09-22 21:57:00+00:00
2026-09-22 21:58:13+00:00,VALID,260891.0,88,0,2026-09-22 21:58:00+00:00
2026-09-22 21:59:13+00:00,FF64,,120,64,2026-09-22 21:59:00+00:00
2026-09-22 22:00:13+00:00,VALID,261011.0,88,0,2026-09-22 22:00:00+00:00
2026-09-22 22:01:13+00:00,FF64,,120,64,2026-09-22 22:01:00+00:00
2026-09-22 22:02:13+00:00,VALID,261131.0,88,0,2026-09-22 22:02:00+00:00
2026-09-22 22:03:13+00:00,FF64,,120,64,2026-09-22 22:03:00+00:00
2026-09-22 22:04:13+00:00,VALID,261251.0,88,0,2026-09-22 22:04:00+00:00
2026-09-22 22:05:13+00:00,FF64,,120,64,2026-09-22 22:05:00+00:00
2026-09-22 22:06:13+00:00,VALID,261371.0,88,0,2026-09-22 22:06:00+00:00
2026-09-22 22:07:13+00:00,FF64,,120,64,2026-09-22 22:07:00+00:00
2026-09-22 22:08:13+00:00,VALID,261491.0,88,0,2026-09-22 22:08:00+00:00
2026-09-22 22:09:13+00:00,VALID,261551.0,88,0,2026-09-22 22:09:00+00:00
2026-09-22 22:10:13+00:00,VALID,261611.0,88,0,2026-09-22 22:10:00+00:00
2026-09-22 22:11:13+00:00,FF64,,120,64,2026-09-22 22:11:00+00:00
2026-09-22 22:12:13+00:00,VALID,261731.0,88,0,2026-09-22 22:12:00+00:00
2026-09-22 22:13:13+00:00,VALID,261791.0,88,0,2026-09-22 22:13:00+00:00
2026-09-22 22:14:13+00:00,VALID,261851.0,88,0,2026-09-22 22:14:00+00:00
2026-09-22 22:15:13+00:00,FF64,,120,64,2026-09-22 22:15:00+00:00
2026-09-22 22:16:13+00:00,VALID,261971.0,88,0,2026-09-22 22:16:00+00:00
2026-09-22 22:17:13+00:00,VALID,262031.0,88,0,2026-09-22 22:17:00+00:00
2026-09-22 22:18:13+00:00,VALID,262091.0,88,0,2026-09-22 22:18:00+00:00
2026-09-22 22:19:13+00:00,FF64,,120,64,2026-09-22 22:19:00+00:00
2026-09-22 22:20:13+00:00,VALID,262211.0,88,0,2026-09-22 22:20:00+00:00
2026-09-22 22:21:13+00:00,VALID,262271.0,88,0,2026-09-22 22:21:00+00:00
2026-09-22 22:22:13+00:00,VALID,262331.0,88,0,2026-09-22 22:22:00+00:00
2026-09-22 22:23:13+00:00,FF64,,120,64,2026-09-22 22:23:00+00:00
2026-09-22 22:24:13+00:00,VALID,262451.0,88,0,2026-09-22 22:24:00+00:00
2026-09-22 22:25:13+00:00,FF64,,120,64,2026-09-22 22:25:00+00:00
2026-09-22 22:26:13+00:00,VALID,262571.0,88,0,2026-09-22 22:26:00+00:00
2026-09-22 22:27:13+00:00,FF64,,120,64,2026-09-22 22:27:00+00:00
2026-09-22 22:28:13+00:00,VALID,262691.0,88,0,2026-09-22 22:28:00+00:00
2026-09-22 22:29:13+00:00,VALID,262751.0,88,0,2026-09-22 22:29:00+00:00
2026-09-22 22:30:13+00:00,VALID,262811.0,88,0,2026-09-22 22:30:00+00:00
2026-09-22 22:31:13+00:00,VALID,262871.0,88,0,2026-09-22 22:31:00+00:00
2026-09-22 22:32:13+00:00,VALID,262931.0,88,0,2026-09-22 22:32:00+00:00
2026-09-22 22:33:13+00:00,FF64,,120,64,2026-09-22 22:33:00+00:00
2026-09-22 22:34:13+00:00,VALID,263051.0,88,0,2026-09-22 22:34:00+00:00
2026-09-22 22:35:13+00:00,FF64,,120,64,2026-09-22 22:35:00+00:00
2026-09-22 22:36:13+00:00,VALID,263171.0,88,0,2026-09-22 22:36:00+00:00
2026-09-22 22:37:13+00:00,VALID,263231.0,88,0,2026-09-22 22:37:00+00:00
2026-09-22 22:38:13+00:00,VALID,263291.0,88,0,2026-09-22 22:38:00+00:00
2026-09-22 22:39:13+00:00,FF64,,120,64,2026-09-22 22:39:00+00:00
2026-09-22 22:40:13+00:00,VALID,263411.0,88,0,2026-09-22 22:40:00+00:00
2026-09-22 22:41:13+00:00,FF64,,120,64,2026-09-22 22:41:00+00:00
2026-09-22 22:42:13+00:00,VALID,263531.0,88,0,2026-09-22 22:42:00+00:00
2026-09-22 22:43:13+00:00,FF64,,120,64,2026-09-22 22:43:00+00:00
2026-09-22 22:44:13+00:00,VALID,263651.0,88,0,2026-09-22 22:44:00+00:00
2026-09-22 22:45:13+00:00,FF64,,120,64,2026-09-22 22:45:00+00:00
2026-09-22 22:46:13+00:00,VALID,263771.0,88,0,2026-09-22 22:46:00+00:00
2026-09-22 22:47:13+00:00,FF64,,120,64,2026-09-22 22:47:00+00:00
2026-09-22 22:48:13+00:00,VALID,263891.0,88,0,2026-09-22 22:48:00+00:00
2026-09-22 22:49:13+00:00,FF64,,120,64,2026-09-22 22:49:00+00:00
2026-09-22 22:50:13+00:00,VALID,264011.0,88,0,2026-09-22 22:50:00+00:00
2026-09-22 22:51:13+00:00,FF64,,120,64,2026-09-22 22:51:00+00:00
2026-09-22 22:52:13+00:00,VALID,264131.0,88,0,2026-09-22 22:52:00+00:00
2026-09-22 22:53:13+00:00,VALID,264191.0,88,0,2026-09-22 22:53:00+00:00
2026-09-22 22:54:13+00:00,VALID,264251.0,88,0,2026-09-22 22:54:00+00:00
2026-09-22 22:55:13+00:00,FF64,,120,64,2026-09-22 22:55:00+00:00
2026-09-22 22:56:13+00:00,VALID,264371.0,88,0,2026-09-22 22:56:00+00:00
2026-09-22 22:57:13+00:00,VALID,264431.0,88,0,2026-09-22 22:57:00+00:00
2026-09-22 22:58:13+00:00,VALID,264491.0,88,0,2026-09-22 22:58:00+00:00
2026-09-22 22:59:13+00:00,VALID,264551.0,88,0,2026-09-22 22:59:00+00:00
2026-09-22 23:00:13+00:00,VALID,264611.0,86,0,2026-09-22 23:00:00+00:00
2026-09-22 23:01:13+00:00,VALID,264671.0,85,0,2026-09-22 23:01:00+00:00
2026-09-22 23:02:13+00:00,VALID,264731.0,85,0,2026-09-22 23:02:00+00:00
2026-09-22 23:03:13+00:00,VALID,264791.0,85,0,2026-09-22 23:03:00+00:00
2026-09-22 23:04:13+00:00,VALID,264851.0,85,0,2026-09-22 23:04:00+00:00
2026-09-22 23:05:13+00:00,FF64,,117,64,2026-09-22 23:05:00+00:00
2026-09-22 23:06:13+00:00,VALID,264971.0,85,0,2026-09-22 23:06:00+00:00
2026-09-22 23:07:13+00:00,VALID,265031.0,85,0,2026-09-22 23:07:00+00:00
2026-09-22 23:08:13+00:00,VALID,265091.0,85,0,2026-09-22 23:08:00+00:00
2026-09-22 23:09:13+00:00,VALID,265151.0,85,0,2026-09-22 23:09:00+00:00
2026-09-22 23:10:13+00:00,VALID,265211.0,85,0,2026-09-22 23:10:00+00:00
2026-09-22 23:11:13+00:00,FF64,,117,64,2026-09-22 23:11:00+00:00
2026-09-22 23:12:13+00:00,VALID,265331.0,85,0,2026-09-22 23:12:00+00:00
2026-09-22 23:13:13+00:00,VALID,265391.0,85,0,2026-09-22 23:13:00+00:00
2026-09-22 23:14:13+00:00,VALID,265451.0,85,0,2026-09-22 23:14:00+00:00
2026-09-22 23:15:13+00:00,FF64,,117,64,2026-09-22 23:15:00+00:00
2026-09-22 23:16:13+00:00,VALID,265571.0,85,0,2026-09-22 23:16:00+00:00
2026-09-22 23:17:13+00:00,FF64,,117,64,2026-09-22 23:17:00+00:00
2026-09-22 23:18:13+00:00,VALID,265691.0,85,0,2026-09-22 23:18:00+00:00
2026-09-22 23:19:13+00:00,VALID,265751.0,85,0,2026-09-22 23:19:00+00:00
2026-09-22 23:20:13+00:00,VALID,265811.0,85,0,2026-09-22 23:20:00+00:00
2026-09-22 23:21:13+00:00,VALID,265871.0,85,0,2026-09-22 23:21:00+00:00
2026-09-22 23:22:13+00:00,VALID,265931.0,85,0,2026-09-22 23:22:00+00:00
2026-09-22 23:23:13+00:00,FF64,,117,64,2026-09-22 23:23:00+00:00
2026-09-22 23:24:13+00:00,VALID,266051.0,85,0,2026-09-22 23:24:00+00:00
2026-09-22 23:25:13+00:00,FF64,,117,64,2026-09-22 23:25:00+00:00
2026-09-22 23:26:13+00:00,VALID,266171.0,85,0,2026-09-22 23:26:00+00:00
2026-09-22 23:27:13+00:00,VALID,266231.0,85,0,2026-09-22 23:27:00+00:00
2026-09-22 23:28:13+00:00,VALID,266291.0,85,0,2026-09-22 23:28:00+00:00
2026-09-22 23:29:13+00:00,VALID,266351.0,85,0,2026-09-22 23:29:00+00:00
2026-09-22 23:30:13+00:00,VALID,266411.0,85,0,2026-09-22 23:30:00+00:00
2026-09-22 23:31:13+00:00,FF64,,117,64,2026-09-22 23:31:00+00:00
2026-09-22 23:32:13+00:00,VALID,266531.0,85,0,2026-09-22 23:32:00+00:00
2026-09-22 23:33:13+00:00,FF64,,117,64,2026-09-22 23:33:00+00:00
2026-09-22 23:34:13+00:00,VALID,266651.0,85,0,2026-09-22 23:34:00+00:00
2026-09-22 23:35:13+00:00,VALID,266711.0,85,0,2026-09-22 23:35:00+00:00
2026-09-22 23:36:13+00:00,VALID,266771.0,85,0,2026-09-22 23:36:00+00:00
2026-09-22 23:37:13+00:00,FF64,,117,64,2026-09-22 23:37:00+00:00
2026-09-22 23:38:13+00:00,VALID,266891.0,85,0,2026-09-22 23:38:00+00:00
2026-09-22 23:39:13+00:00,VALID,266951.0,85,0,2026-09-22 23:39:00+00:00
2026-09-22 23:40:13+00:00,VALID,267011.0,85,0,2026-09-22 23:40:00+00:00
2026-09-22 23:41:13+00:00,FF64,,117,64,2026-09-22 23:41:00+00:00
2026-09-22 23:42:13+00:00,VALID,267131.0,85,0,2026-09-22 23:42:00+00:00
2026-09-22 23:43:13+00:00,VALID,267191.0,85,0,2026-09-22 23:43:00+00:00
2026-09-22 23:44:13+00:00,VALID,267251.0,85,0,2026-09-22 23:44:00+00:00
2026-09-22 23:45:13+00:00,FF64,,117,64,2026-09-22 23:45:00+00:00
2026-09-22 23:46:13+00:00,VALID,267371.0,85,0,2026-09-22 23:46:00+00:00
2026-09-22 23:47:13+00:00,FF64,,117,64,2026-09-22 23:47:00+00:00
2026-09-22 23:48:13+00:00,VALID,267491.0,85,0,2026-09-22 23:48:00+00:00
2026-09-22 23:49:13+00:00,FF64,,117,64,2026-09-22 23:49:00+00:00
2026-09-22 23:50:13+00:00,VALID,267611.0,85,0,2026-09-22 23:50:00+00:00
2026-09-22 23:51:13+00:00,FF64,,117,64,2026-09-22 23:51:00+00:00
2026-09-22 23:52:13+00:00,VALID,267731.0,85,0,2026-09-22 23:52:00+00:00
2026-09-22 23:53:13+00:00,FF64,,117,64,2026-09-22 23:53:00+00:00
2026-09-22 23:54:13+00:00,VALID,267851.0,85,0,2026-09-22 23:54:00+00:00
2026-09-22 23:55:13+00:00,FF64,,117,64,2026-09-22 23:55:00+00:00
2026-09-22 23:56:13+00:00,VALID,267971.0,86,0,2026-09-22 23:56:00+00:00
2026-09-22 23:57:13+00:00,VALID,268031.0,86,0,2026-09-22 23:57:00+00:00
2026-09-22 23:58:13+00:00,VALID,268091.0,86,0,2026-09-22 23:58:00+00:00
2026-09-22 23:59:14+00:00,FF64,,118,64,2026-09-22 23:59:00+00:00
2026-09-23 00:00:14+00:00,VALID,268211.0,86,0,2026-09-23 00:00:00+00:00
2026-09-23 00:01:14+00:00,VALID,268271.0,86,0,2026-09-23 00:01:00+00:00
2026-09-23 00:02:14+00:00,VALID,268331.0,86,0,2026-09-23 00:02:00+00:00
2026-09-23 00:03:14+00:00,FF64,,118,64,2026-09-23 00:03:00+00:00
2026-09-23 00:04:14+00:00,VALID,268451.0,86,0,2026-09-23 00:04:00+00:00
2026-09-23 00:05:14+00:00,FF64,,118,64,2026-09-23 00:05:00+00:00
2026-09-23 00:06:14+00:00,VALID,268571.0,86,0,2026-09-23 00:06:00+00:00
2026-09-23 00:07:14+00:00,VALID,268631.0,86,0,2026-09-23 00:07:00+00:00
2026-09-23 00:08:14+00:00,VALID,268691.0,86,0,2026-09-23 00:08:00+00:00
2026-09-23 00:09:14+00:00,VALID,268751.0,86,0,2026-09-23 00:09:00+00:00
2026-09-23 00:10:14+00:00,VALID,268811.0,86,0,2026-09-23 00:10:00+00:00
2026-09-23 00:11:14+00:00,FF64,,118,64,2026-09-23 00:11:00+00:00
2026-09-23 00:12:14+00:00,VALID,268931.0,86,0,2026-09-23 00:12:00+00:00
2026-09-23 00:13:14+00:00,VALID,268991.0,86,0,2026-09-23 00:13:00+00:00
2026-09-23 00:14:14+00:00,VALID,269051.0,86,0,2026-09-23 00:14:00+00:00
2026-09-23 00:15:14+00:00,FF64,,118,64,2026-09-23 00:15:00+00:00
2026-09-23 00:16:14+00:00,VALID,269171.0,86,0,2026-09-23 00:16:00+00:00
2026-09-23 00:17:14+00:00,FF64,,118,64,2026-09-23 00:17:00+00:00
2026-09-23 00:18:14+00:00,VALID,269291.0,86,0,2026-09-23 00:18:00+00:00
2026-09-23 00:19:14+00:00,FF64,,118,64,2026-09-23 00:19:00+00:00
2026-09-23 00:20:14+00:00,VALID,269411.0,86,0,2026-09-23 00:20:00+00:00
2026-09-23 00:21:14+00:00,FF64,,118,64,2026-09-23 00:21:00+00:00
2026-09-23 00:22:14+00:00,VALID,269531.0,86,0,2026-09-23 00:22:00+00:00
2026-09-23 00:23:14+00:00,FF64,,118,64,2026-09-23 00:23:00+00:00
2026-09-23 00:24:14+00:00,VALID,269651.0,86,0,2026-09-23 00:24:00+00:00
2026-09-23 00:25:14+00:00,VALID,269711.0,86,0,2026-09-23 00:25:00+00:00
2026-09-23 00:26:14+00:00,VALID,269771.0,86,0,2026-09-23 00:26:00+00:00
2026-09-23 00:27:14+00:00,VALID,269831.0,86,0,2026-09-23 00:27:00+00:00
2026-09-23 00:28:14+00:00,VALID,269891.0,86,0,2026-09-23 00:28:00+00:00
2026-09-23 00:29:14+00:00,VALID,269951.0,86,0,2026-09-23 00:29:00+00:00
2026-09-23 00:30:14+00:00,VALID,270011.0,86,0,2026-09-23 00:30:00+00:00
2026-09-23 00:31:14+00:00,FF64,,118,64,2026-09-23 00:31:00+00:00
2026-09-23 00:32:14+00:00,VALID,270131.0,86,0,2026-09-23 00:32:00+00:00
2026-09-23 00:33:14+00:00,FF64,,118,64,2026-09-23 00:33:00+00:00
2026-09-23 00:34:14+00:00,VALID,270251.0,86,0,2026-09-23 00:34:00+00:00
2026-09-23 00:35:14+00:00,VALID,270311.0,86,0,2026-09-23 00:35:00+00:00
2026-09-23 00:36:14+00:00,VALID,270371.0,86,0,2026-09-23 00:36:00+00:00
2026-09-23 00:37:14+00:00,FF64,,118,64,2026-09-23 00:37:00+00:00
2026-09-23 00:38:14+00:00,VALID,270491.0,86,0,2026-09-23 00:38:00+00:00
2026-09-23 00:39:14+00:00,FF64,,118,64,2026-09-23 00:39:00+00:00
2026-09-23 00:40:14+00:00,VALID,270611.0,86,0,2026-09-23 00:40:00+00:00
2026-09-23 00:41:14+00:00,VALID,270671.0,86,0,2026-09-23 00:41:00+00:00
2026-09-23 00:42:14+00:00,VALID,270731.0,86,0,2026-09-23 00:42:00+00:00
2026-09-23 00:43:14+00:00,FF64,,118,64,2026-09-23 00:43:00+00:00
2026-09-23 00:44:14+00:00,VALID,270851.0,86,0,2026-09-23 00:44:00+00:00
2026-09-23 00:45:14+00:00,FF64,,118,64,2026-09-23 00:45:00+00:00
2026-09-23 00:46:14+00:00,VALID,270971.0,86,0,2026-09-23 00:46:00+00:00
2026-09-23 00:47:14+00:00,FF64,,118,64,2026-09-23 00:47:00+00:00
2026-09-23 00:48:14+00:00,VALID,271091.0,86,0,2026-09-23 00:48:00+00:00
2026-09-23 00:49:14+00:00,FF64,,118,64,2026-09-23 00:49:00+00:00
2026-09-23 00:50:14+00:00,VALID,271211.0,86,0,2026-09-23 00:50:00+00:00
2026-09-23 00:51:14+00:00,VALID,271271.0,86,0,2026-09-23 00:51:00+00:00
2026-09-23 00:52:14+00:00,VALID,271331.0,86,0,2026-09-23 00:52:00+00:00
2026-09-23 00:53:14+00:00,VALID,271391.0,86,0,2026-09-23 00:53:00+00:00
2026-09-23 00:54:14+00:00,VALID,271451.0,86,0,2026-09-23 00:54:00+00:00
2026-09-23 00:55:14+00:00,FF64,,118,64,2026-09-23 00:55:00+00:00
2026-09-23 00:56:14+00:00,VALID,271571.0,86,0,2026-09-23 00:56:00+00:00
2026-09-23 00:57:14+00:00,VALID,271631.0,86,0,2026-09-23 00:57:00+00:00
2026-09-23 00:58:14+00:00,VALID,271691.0,86,0,2026-09-23 00:58:00+00:00
2026-09-23 00:59:14+00:00,VALID,271751.0,86,0,2026-09-23 00:59:00+00:00
2026-09-23 01:00:14+00:00,VALID,271811.0,86,0,2026-09-23 01:00:00+00:00
2026-09-23 01:01:14+00:00,FF64,,118,64,2026-09-23 01:01:00+00:00
2026-09-23 01:02:14+00:00,VALID,271931.0,86,0,2026-09-23 01:02:00+00:00
2026-09-23 01:03:14+00:00,FF64,,118,64,2026-09-23 01:03:00+00:00
2026-09-23 01:04:14+00:00,VALID,272051.0,86,0,2026-09-23 01:04:00+00:00
2026-09-23 01:05:14+00:00,FF64,,118,64,2026-09-23 01:05:00+00:00
2026-09-23 01:06:14+00:00,VALID,272171.0,86,0,2026-09-23 01:06:00+00:00
2026-09-23 01:07:14+00:00,FF64,,118,64,2026-09-23 01:07:00+00:00
2026-09-23 01:08:14+00:00,VALID,272291.0,86,0,2026-09-23 01:08:00+00:00
2026-09-23 01:09:14+00:00,VALID,272351.0,86,0,2026-09-23 01:09:00+00:00
2026-09-23 01:10:14+00:00,VALID,272411.0,86,0,2026-09-23 01:10:00+00:00
2026-09-23 01:11:14+00:00,FF64,,118,64,2026-09-23 01:11:00+00:00
2026-09-23 01:12:14+00:00,VALID,272531.0,86,0,2026-09-23 01:12:00+00:00
2026-09-23 01:13:14+00:00,FF64,,118,64,2026-09-23 01:13:00+00:00
2026-09-23 01:14:14+00:00,VALID,272651.0,86,0,2026-09-23 01:14:00+00:00
2026-09-23 01:15:14+00:00,FF64,,118,64,2026-09-23 01:15:00+00:00
2026-09-23 01:16:14+00:00,VALID,272771.0,86,0,2026-09-23 01:16:00+00:00
2026-09-23 01:17:14+00:00,VALID,272831.0,86,0,2026-09-23 01:17:00+00:00
2026-09-23 01:18:14+00:00,VALID,272891.0,86,0,2026-09-23 01:18:00+00:00
2026-09-23 01:19:14+00:00,FF64,,118,64,2026-09-23 01:19:00+00:00
2026-09-23 01:20:14+00:00,VALID,273011.0,86,0,2026-09-23 01:20:00+00:00
2026-09-23 01:21:14+00:00,FF64,,118,64,2026-09-23 01:21:00+00:00
2026-09-23 01:22:14+00:00,VALID,273131.0,86,0,2026-09-23 01:22:00+00:00
2026-09-23 01:23:14+00:00,FF64,,118,64,2026-09-23 01:23:00+00:00
2026-09-23 01:24:14+00:00,VALID,273251.0,86,0,2026-09-23 01:24:00+00:00
2026-09-23 01:25:14+00:00,VALID,273311.0,86,0,2026-09-23 01:25:00+00:00
2026-09-23 01:26:14+00:00,VALID,273371.0,86,0,2026-09-23 01:26:00+00:00
2026-09-23 01:27:14+00:00,FF64,,118,64,2026-09-23 01:27:00+00:00
2026-09-23 01:28:14+00:00,VALID,273491.0,86,0,2026-09-23 01:28:00+00:00
2026-09-23 01:29:14+00:00,FF64,,118,64,2026-09-23 01:29:00+00:00
2026-09-23 01:30:14+00:00,VALID,273611.0,86,0,2026-09-23 01:30:00+00:00
2026-09-23 01:31:14+00:00,FF64,,118,64,2026-09-23 01:31:00+00:00
2026-09-23 01:32:14+00:00,VALID,273731.0,86,0,2026-09-23 01:32:00+00:00
2026-09-23 01:33:14+00:00,FF64,,118,64,2026-09-23 01:33:00+00:00
2026-09-23 01:34:14+00:00,VALID,273851.0,86,0,2026-09-23 01:34:00+00:00
2026-09-23 01:35:14+00:00,VALID,273911.0,86,0,2026-09-23 01:35:00+00:00
2026-09-23 01:36:14+00:00,VALID,273971.0,86,0,2026-09-23 01:36:00+00:00
2026-09-23 01:37:14+00:00,FF64,,118,64,2026-09-23 01:37:00+00:00
2026-09-23 01:38:14+00:00,VALID,274091.0,86,0,2026-09-23 01:38:00+00:00
2026-09-23 01:39:14+00:00,FF64,,118,64,2026-09-23 01:39:00+00:00
2026-09-23 01:40:14+00:00,VALID,274211.0,86,0,2026-09-23 01:40:00+00:00
2026-09-23 01:41:14+00:00,FF64,,118,64,2026-09-23 01:41:00+00:00
2026-09-23 01:42:14+00:00,VALID,274331.0,86,0,2026-09-23 01:42:00+00:00
2026-09-23 01:43:14+00:00,FF64,,118,64,2026-09-23 01:43:00+00:00
2026-09-23 01:44:14+00:00,VALID,274451.0,86,0,2026-09-23 01:44:00+00:00
2026-09-23 01:45:14+00:00,VALID,274511.0,86,0,2026-09-23 01:45:00+00:00
2026-09-23 01:46:14+00:00,VALID,274571.0,86,0,2026-09-23 01:46:00+00:00
2026-09-23 01:47:14+00:00,FF64,,118,64,2026-09-23 01:47:00+00:00
2026-09-23 01:48:14+00:00,VALID,274691.0,86,0,2026-09-23 01:48:00+00:00
2026-09-23 01:49:14+00:00,FF64,,118,64,2026-09-23 01:49:00+00:00
2026-09-23 01:50:14+00:00,VALID,274811.0,86,0,2026-09-23 01:50:00+00:00
2026-09-23 01:51:14+00:00,FF64,,118,64,2026-09-23 01:51:00+00:00
2026-09-23 01:52:14+00:00,VALID,274931.0,86,0,2026-09-23 01:52:00+00:00
2026-09-23 01:53:14+00:00,FF64,,118,64,2026-09-23 01:53:00+00:00
2026-09-23 01:54:14+00:00,VALID,275051.0,86,0,2026-09-23 01:54:00+00:00
2026-09-23 01:55:14+00:00,VALID,275111.0,86,0,2026-09-23 01:55:00+00:00
2026-09-23 01:56:14+00:00,VALID,275171.0,87,0,2026-09-23 01:56:00+00:00
2026-09-23 01:57:14+00:00,FF64,,121,64,2026-09-23 01:57:00+00:00
2026-09-23 01:58:14+00:00,VALID,275291.0,89,0,2026-09-23 01:58:00+00:00
2026-09-23 01:59:14+00:00,FF64,,121,64,2026-09-23 01:59:00+00:00
2026-09-23 02:00:14+00:00,VALID,275411.0,89,0,2026-09-23 02:00:00+00:00
2026-09-23 02:01:14+00:00,VALID,275471.0,89,0,2026-09-23 02:01:00+00:00
2026-09-23 02:02:14+00:00,VALID,275531.0,89,0,2026-09-23 02:02:00+00:00
2026-09-23 02:03:14+00:00,FF64,,121,64,2026-09-23 02:03:00+00:00
2026-09-23 02:04:14+00:00,VALID,275651.0,89,0,2026-09-23 02:04:00+00:00
2026-09-23 02:05:14+00:00,FF64,,121,64,2026-09-23 02:05:00+00:00
2026-09-23 02:06:14+00:00,VALID,275771.0,89,0,2026-09-23 02:06:00+00:00
2026-09-23 02:07:14+00:00,FF64,,121,64,2026-09-23 02:07:00+00:00
2026-09-23 02:08:14+00:00,VALID,275891.0,89,0,2026-09-23 02:08:00+00:00
2026-09-23 02:09:14+00:00,VALID,275951.0,89,0,2026-09-23 02:09:00+00:00
2026-09-23 02:10:14+00:00,VALID,276011.0,89,0,2026-09-23 02:10:00+00:00
2026-09-23 02:11:14+00:00,FF64,,121,64,2026-09-23 02:11:00+00:00
2026-09-23 02:12:14+00:00,VALID,276131.0,89,0,2026-09-23 02:12:00+00:00
2026-09-23 02:13:14+00:00,FF64,,121,64,2026-09-23 02:13:00+00:00
2026-09-23 02:14:14+00:00,VALID,276251.0,89,0,2026-09-23 02:14:00+00:00
2026-09-23 02:15:14+00:00,VALID,276311.0,89,0,2026-09-23 02:15:00+00:00
2026-09-23 02:16:14+00:00,VALID,276371.0,89,0,2026-09-23 02:16:00+00:00
2026-09-23 02:17:14+00:00,FF64,,121,64,2026-09-23 02:17:00+00:00
2026-09-23 02:18:14+00:00,VALID,276491.0,89,0,2026-09-23 02:18:00+00:00
2026-09-23 02:19:14+00:00,VALID,276551.0,89,0,2026-09-23 02:19:00+00:00
2026-09-23 02:20:14+00:00,VALID,276611.0,89,0,2026-09-23 02:20:00+00:00
2026-09-23 02:21:14+00:00,FF64,,121,64,2026-09-23 02:21:00+00:00
2026-09-23 02:22:14+00:00,VALID,276731.0,89,0,2026-09-23 02:22:00+00:00
2026-09-23 02:23:14+00:00,VALID,276791.0,89,0,2026-09-23 02:23:00+00:00
2026-09-23 02:24:14+00:00,VALID,276851.0,89,0,2026-09-23 02:24:00+00:00
2026-09-23 02:25:14+00:00,FF64,,121,64,2026-09-23 02:25:00+00:00
2026-09-23 02:26:14+00:00,VALID,276971.0,89,0,2026-09-23 02:26:00+00:00
2026-09-23 02:27:14+00:00,FF64,,121,64,2026-09-23 02:27:00+00:00
2026-09-23 02:28:14+00:00,VALID,277091.0,89,0,2026-09-23 02:28:00+00:00
2026-09-23 02:29:14+00:00,FF64,,121,64,2026-09-23 02:29:00+00:00
2026-09-23 02:30:14+00:00,VALID,277211.0,89,0,2026-09-23 02:30:00+00:00
2026-09-23 02:31:14+00:00,FF64,,121,64,2026-09-23 02:31:00+00:00
2026-09-23 02:32:14+00:00,VALID,277331.0,89,0,2026-09-23 02:32:00+00:00
2026-09-23 02:33:14+00:00,FF64,,121,64,2026-09-23 02:33:00+00:00
2026-09-23 02:34:14+00:00,VALID,277451.0,89,0,2026-09-23 02:34:00+00:00
2026-09-23 02:35:14+00:00,VALID,277511.0,89,0,2026-09-23 02:35:00+00:00
2026-09-23 02:36:14+00:00,VALID,277571.0,89,0,2026-09-23 02:36:00+00:00
2026-09-23 02:37:14+00:00,VALID,277631.0,89,0,2026-09-23 02:37:00+00:00
2026-09-23 02:38:14+00:00,VALID,277691.0,89,0,2026-09-23 02:38:00+00:00
2026-09-23 02:39:14+00:00,FF64,,121,64,2026-09-23 02:39:00+00:00
2026-09-23 02:40:14+00:00,VALID,277811.0,89,0,2026-09-23 02:40:00+00:00
2026-09-23 02:41:14+00:00,VALID,277871.0,89,0,2026-09-23 02:41:00+00:00
2026-09-23 02:42:14+00:00,VALID,277931.0,89,0,2026-09-23 02:42:00+00:00
2026-09-23 02:43:14+00:00,VALID,277991.0,89,0,2026-09-23 02:43:00+00:00
2026-09-23 02:44:14+00:00,VALID,278051.0,89,0,2026-09-23 02:44:00+00:00
2026-09-23 02:45:14+00:00,FF64,,121,64,2026-09-23 02:45:00+00:00
2026-09-23 02:46:14+00:00,VALID,278171.0,89,0,2026-09-23 02:46:00+00:00
2026-09-23 02:47:14+00:00,VALID,278231.0,89,0,2026-09-23 02:47:00+00:00
2026-09-23 02:48:14+00:00,VALID,278291.0,89,0,2026-09-23 02:48:00+00:00
2026-09-23 02:49:14+00:00,VALID,278351.0,89,0,2026-09-23 02:49:00+00:00
2026-09-23 02:50:14+00:00,VALID,278411.0,89,0,2026-09-23 02:50:00+00:00
2026-09-23 02:51:14+00:00,VALID,278471.0,89,0,2026-09-23 02:51:00+00:00
2026-09-23 02:52:14+00:00,VALID,278531.0,89,0,2026-09-23 02:52:00+00:00
2026-09-23 02:53:14+00:00,FF64,,121,64,2026-09-23 02:53:00+00:00
2026-09-23 02:54:14+00:00,VALID,278651.0,89,0,2026-09-23 02:54:00+00:00
2026-09-23 02:55:14+00:00,FF64,,121,64,2026-09-23 02:55:00+00:00
2026-09-23 02:56:14+00:00,VALID,278771.0,89,0,2026-09-23 02:56:00+00:00
2026-09-23 02:57:14+00:00,FF64,,121,64,2026-09-23 02:57:00+00:00
2026-09-23 02:58:14+00:00,VALID,278891.0,89,0,2026-09-23 02:58:00+00:00
2026-09-23 02:59:14+00:00,FF64,,121,64,2026-09-23 02:59:00+00:00
2026-09-23 03:00:14+00:00,VALID,279011.0,89,0,2026-09-23 03:00:00+00:00
2026-09-23 03:01:14+00:00,FF64,,121,64,2026-09-23 03:01:00+00:00
2026-09-23 03:02:14+00:00,VALID,279131.0,89,0,2026-09-23 03:02:00+00:00
2026-09-23 03:03:14+00:00,FF64,,121,64,2026-09-23 03:03:00+00:00
2026-09-23 03:04:14+00:00,VALID,279251.0,89,0,2026-09-23 03:04:00+00:00
2026-09-23 03:05:14+00:00,FF64,,121,64,2026-09-23 03:05:00+00:00
2026-09-23 03:06:14+00:00,VALID,279371.0,89,0,2026-09-23 03:06:00+00:00
2026-09-23 03:07:14+00:00,FF64,,121,64,2026-09-23 03:07:00+00:00
2026-09-23 03:08:14+00:00,VALID,279491.0,89,0,2026-09-23 03:08:00+00:00
2026-09-23 03:09:14+00:00,FF64,,121,64,2026-09-23 03:09:00+00:00
2026-09-23 03:10:14+00:00,VALID,279611.0,89,0,2026-09-23 03:10:00+00:00
2026-09-23 03:11:14+00:00,VALID,279671.0,89,0,2026-09-23 03:11:00+00:00
2026-09-23 03:12:14+00:00,VALID,279731.0,89,0,2026-09-23 03:12:00+00:00
2026-09-23 03:13:14+00:00,FF64,,121,64,2026-09-23 03:13:00+00:00
2026-09-23 03:14:14+00:00,VALID,279851.0,89,0,2026-09-23 03:14:00+00:00
2026-09-23 03:15:14+00:00,FF64,,121,64,2026-09-23 03:15:00+00:00
2026-09-23 03:16:14+00:00,VALID,279971.0,89,0,2026-09-23 03:16:00+00:00
2026-09-23 03:17:14+00:00,FF64,,121,64,2026-09-23 03:17:00+00:00
2026-09-23 03:18:14+00:00,VALID,280091.0,89,0,2026-09-23 03:18:00+00:00
2026-09-23 03:19:14+00:00,FF64,,121,64,2026-09-23 03:19:00+00:00
2026-09-23 03:20:14+00:00,VALID,280211.0,89,0,2026-09-23 03:20:00+00:00
2026-09-23 03:21:14+00:00,FF64,,121,64,2026-09-23 03:21:00+00:00
2026-09-23 03:22:14+00:00,VALID,280331.0,89,0,2026-09-23 03:22:00+00:00
2026-09-23 03:23:14+00:00,FF64,,121,64,2026-09-23 03:23:00+00:00
2026-09-23 03:24:14+00:00,VALID,280451.0,89,0,2026-09-23 03:24:00+00:00
2026-09-23 03:25:14+00:00,FF64,,121,64,2026-09-23 03:25:00+00:00
2026-09-23 03:26:14+00:00,VALID,280571.0,89,0,2026-09-23 03:26:00+00:00
2026-09-23 03:27:14+00:00,FF64,,121,64,2026-09-23 03:27:00+00:00
2026-09-23 03:28:14+00:00,VALID,280691.0,89,0,2026-09-23 03:28:00+00:00
2026-09-23 03:29:14+00:00,VALID,280751.0,89,0,2026-09-23 03:29:00+00:00
2026-09-23 03:30:14+00:00,VALID,280811.0,89,0,2026-09-23 03:30:00+00:00
2026-09-23 03:31:14+00:00,VALID,280871.0,89,0,2026-09-23 03:31:00+00:00
2026-09-23 03:32:14+00:00,VALID,280931.0,89,0,2026-09-23 03:32:00+00:00
2026-09-23 03:33:14+00:00,VALID,280991.0,89,0,2026-09-23 03:33:00+00:00
2026-09-23 03:34:14+00:00,VALID,281051.0,89,0,2026-09-23 03:34:00+00:00
2026-09-23 03:35:14+00:00,FF64,,121,64,2026-09-23 03:35:00+00:00
2026-09-23 03:36:14+00:00,VALID,281171.0,89,0,2026-09-23 03:36:00+00:00
2026-09-23 03:37:14+00:00,FF64,,121,64,2026-09-23 03:37:00+00:00
2026-09-23 03:38:14+00:00,VALID,281291.0,89,0,2026-09-23 03:38:00+00:00
2026-09-23 03:39:14+00:00,VALID,281351.0,89,0,2026-09-23 03:39:00+00:00
2026-09-23 03:40:14+00:00,VALID,281411.0,89,0,2026-09-23 03:40:00+00:00
2026-09-23 03:41:14+00:00,FF64,,121,64,2026-09-23 03:41:00+00:00
2026-09-23 03:42:14+00:00,VALID,281531.0,89,0,2026-09-23 03:42:00+00:00
2026-09-23 03:43:14+00:00,FF64,,121,64,2026-09-23 03:43:00+00:00
2026-09-23 03:44:14+00:00,VALID,281651.0,89,0,2026-09-23 03:44:00+00:00
2026-09-23 03:45:14+00:00,VALID,281711.0,89,0,2026-09-23 03:45:00+00:00
2026-09-23 03:46:14+00:00,VALID,281771.0,89,0,2026-09-23 03:46:00+00:00
2026-09-23 03:47:14+00:00,VALID,281831.0,89,0,2026-09-23 03:47:00+00:00
2026-09-23 03:48:14+00:00,VALID,281891.0,89,0,2026-09-23 03:48:00+00:00
2026-09-23 03:49:14+00:00,VALID,281951.0,89,0,2026-09-23 03:49:00+00:00
2026-09-23 03:50:14+00:00,VALID,282011.0,89,0,2026-09-23 03:50:00+00:00
2026-09-23 03:51:14+00:00,VALID,282071.0,89,0,2026-09-23 03:51:00+00:00
2026-09-23 03:52:14+00:00,VALID,282131.0,89,0,2026-09-23 03:52:00+00:00
2026-09-23 03:53:14+00:00,FF64,,121,64,2026-09-23 03:53:00+00:00
2026-09-23 03:54:14+00:00,VALID,282251.0,89,0,2026-09-23 03:54:00+00:00
2026-09-23 03:55:14+00:00,FF64,,121,64,2026-09-23 03:55:00+00:00
2026-09-23 03:56:14+00:00,VALID,282371.0,89,0,2026-09-23 03:56:00+00:00
2026-09-23 03:57:14+00:00,FF64,,121,64,2026-09-23 03:57:00+00:00
2026-09-23 03:58:14+00:00,VALID,282491.0,89,0,2026-09-23 03:58:00+00:00
2026-09-23 03:59:14+00:00,FF64,,121,64,2026-09-23 03:59:00+00:00
2026-09-23 04:00:14+00:00,VALID,282611.0,89,0,2026-09-23 04:00:00+00:00
2026-09-23 04:01:14+00:00,FF64,,121,64,2026-09-23 04:01:00+00:00
2026-09-23 04:02:14+00:00,VALID,282731.0,89,0,2026-09-23 04:02:00+00:00
2026-09-23 04:03:14+00:00,FF64,,121,64,2026-09-23 04:03:00+00:00
2026-09-23 04:04:14+00:00,VALID,282851.0,89,0,2026-09-23 04:04:00+00:00
2026-09-23 04:05:14+00:00,VALID,282911.0,89,0,2026-09-23 04:05:00+00:00
2026-09-23 04:06:14+00:00,VALID,282971.0,89,0,2026-09-23 04:06:00+00:00
2026-09-23 04:07:14+00:00,VALID,283031.0,89,0,2026-09-23 04:07:00+00:00
2026-09-23 04:08:14+00:00,VALID,283091.0,89,0,2026-09-23 04:08:00+00:00
2026-09-23 04:09:14+00:00,FF64,,121,64,2026-09-23 04:09:00+00:00
2026-09-23 04:10:14+00:00,VALID,283211.0,89,0,2026-09-23 04:10:00+00:00
2026-09-23 04:11:14+00:00,FF64,,121,64,2026-09-23 04:11:00+00:00
2026-09-23 04:12:14+00:00,VALID,283331.0,89,0,2026-09-23 04:12:00+00:00
2026-09-23 04:13:14+00:00,FF64,,121,64,2026-09-23 04:13:00+00:00
2026-09-23 04:14:14+00:00,VALID,283451.0,89,0,2026-09-23 04:14:00+00:00
2026-09-23 04:15:14+00:00,FF64,,121,64,2026-09-23 04:15:00+00:00
2026-09-23 04:16:14+00:00,VALID,283571.0,89,0,2026-09-23 04:16:00+00:00
2026-09-23 04:17:14+00:00,FF64,,121,64,2026-09-23 04:17:00+00:00
2026-09-23 04:18:14+00:00,VALID,283691.0,89,0,2026-09-23 04:18:00+00:00
2026-09-23 04:19:14+00:00,FF64,,121,64,2026-09-23 04:19:00+00:00
2026-09-23 04:20:14+00:00,VALID,283811.0,89,0,2026-09-23 04:20:00+00:00
2026-09-23 04:21:14+00:00,FF64,,121,64,2026-09-23 04:21:00+00:00
2026-09-23 04:22:14+00:00,VALID,283931.0,89,0,2026-09-23 04:22:00+00:00
2026-09-23 04:23:14+00:00,FF64,,121,64,2026-09-23 04:23:00+00:00
2026-09-23 04:24:14+00:00,VALID,284051.0,89,0,2026-09-23 04:24:00+00:00
2026-09-23 04:25:14+00:00,FF64,,121,64,2026-09-23 04:25:00+00:00
2026-09-23 04:26:14+00:00,VALID,284171.0,89,0,2026-09-23 04:26:00+00:00
2026-09-23 04:27:14+00:00,FF64,,121,64,2026-09-23 04:27:00+00:00
2026-09-23 04:28:14+00:00,VALID,284291.0,89,0,2026-09-23 04:28:00+00:00
2026-09-23 04:29:14+00:00,FF64,,121,64,2026-09-23 04:29:00+00:00
2026-09-23 04:30:14+00:00,VALID,284411.0,89,0,2026-09-23 04:30:00+00:00
2026-09-23 04:31:14+00:00,FF64,,121,64,2026-09-23 04:31:00+00:00
2026-09-23 04:32:14+00:00,VALID,284531.0,89,0,2026-09-23 04:32:00+00:00
2026-09-23 04:33:14+00:00,VALID,284591.0,89,0,2026-09-23 04:33:00+00:00
2026-09-23 04:34:14+00:00,VALID,284651.0,89,0,2026-09-23 04:34:00+00:00
2026-09-23 04:35:14+00:00,FF64,,121,64,2026-09-23 04:35:00+00:00
2026-09-23 04:36:14+00:00,VALID,284771.0,89,0,2026-09-23 04:36:00+00:00
2026-09-23 04:37:14+00:00,FF64,,121,64,2026-09-23 04:37:00+00:00
2026-09-23 04:38:14+00:00,VALID,284891.0,89,0,2026-09-23 04:38:00+00:00
2026-09-23 04:39:14+00:00,VALID,284951.0,89,0,2026-09-23 04:39:00+00:00
2026-09-23 04:40:14+00:00,VALID,285011.0,89,0,2026-09-23 04:40:00+00:00
2026-09-23 04:41:14+00:00,VALID,285071.0,89,0,2026-09-23 04:41:00+00:00
2026-09-23 04:42:14+00:00,VALID,285131.0,89,0,2026-09-23 04:42:00+00:00
2026-09-23 04:43:14+00:00,VALID,285191.0,89,0,2026-09-23 04:43:00+00:00
2026-09-23 04:44:14+00:00,VALID,285251.0,89,0,2026-09-23 04:44:00+00:00
2026-09-23 04:45:14+00:00,VALID,285311.0,89,0,2026-09-23 04:45:00+00:00
2026-09-23 04:46:14+00:00,VALID,285371.0,89,0,2026-09-23 04:46:00+00:00
2026-09-23 04:47:14+00:00,FF64,,121,64,2026-09-23 04:47:00+00:00
2026-09-23 04:48:14+00:00,VALID,285491.0,89,0,2026-09-23 04:48:00+00:00
2026-09-23 04:49:14+00:00,VALID,285551.0,89,0,2026-09-23 04:49:00+00:00
2026-09-23 04:50:14+00:00,VALID,285611.0,89,0,2026-09-23 04:50:00+00:00
2026-09-23 04:51:14+00:00,VALID,285671.0,89,0,2026-09-23 04:51:00+00:00
2026-09-23 04:52:14+00:00,VALID,285731.0,89,0,2026-09-23 04:52:00+00:00
2026-09-23 04:53:14+00:00,FF64,,121,64,2026-09-23 04:53:00+00:00
2026-09-23 04:54:14+00:00,VALID,285851.0,89,0,2026-09-23 04:54:00+00:00
2026-09-23 04:55:14+00:00,FF64,,121,64,2026-09-23 04:55:00+00:00
2026-09-23 04:56:14+00:00,VALID,285971.0,89,0,2026-09-23 04:56:00+00:00
2026-09-23 04:57:14+00:00,FF64,,121,64,2026-09-23 04:57:00+00:00
2026-09-23 04:58:14+00:00,VALID,286091.0,89,0,2026-09-23 04:58:00+00:00
2026-09-23 04:59:14+00:00,FF64,,121,64,2026-09-23 04:59:00+00:00
2026-09-23 05:00:14+00:00,VALID,286211.0,89,0,2026-09-23 05:00:00+00:00
2026-09-23 05:01:14+00:00,FF64,,121,64,2026-09-23 05:01:00+00:00
2026-09-23 05:02:14+00:00,VALID,286331.0,89,0,2026-09-23 05:02:00+00:00
2026-09-23 05:03:14+00:00,VALID,286391.0,89,0,2026-09-23 05:03:00+00:00
2026-09-23 05:04:14+00:00,VALID,286451.0,89,0,2026-09-23 05:04:00+00:00
2026-09-23 05:05:14+00:00,FF64,,121,64,2026-09-23 05:05:00+00:00
2026-09-23 05:06:14+00:00,VALID,286571.0,89,0,2026-09-23 05:06:00+00:00
2026-09-23 05:07:14+00:00,FF64,,121,64,2026-09-23 05:07:00+00:00
2026-09-23 05:08:14+00:00,VALID,286691.0,89,0,2026-09-23 05:08:00+00:00
2026-09-23 05:09:14+00:00,FF64,,121,64,2026-09-23 05:09:00+00:00
2026-09-23 05:10:14+00:00,VALID,286811.0,89,0,2026-09-23 05:10:00+00:00
2026-09-23 05:11:14+00:00,FF64,,121,64,2026-09-23 05:11:00+00:00
2026-09-23 05:12:14+00:00,VALID,286931.0,89,0,2026-09-23 05:12:00+00:00
2026-09-23 05:13:14+00:00,VALID,286991.0,89,0,2026-09-23 05:13:00+00:00
2026-09-23 05:14:14+00:00,VALID,287051.0,89,0,2026-09-23 05:14:00+00:00
2026-09-23 05:15:14+00:00,VALID,287111.0,89,0,2026-09-23 05:15:00+00:00
2026-09-23 05:16:14+00:00,VALID,287171.0,89,0,2026-09-23 05:16:00+00:00
2026-09-23 05:17:14+00:00,FF64,,121,64,2026-09-23 05:17:00+00:00
2026-09-23 05:18:14+00:00,VALID,287291.0,89,0,2026-09-23 05:18:00+00:00
2026-09-23 05:19:14+00:00,FF64,,121,64,2026-09-23 05:19:00+00:00
2026-09-23 05:20:14+00:00,VALID,287411.0,89,0,2026-09-23 05:20:00+00:00
2026-09-23 05:21:14+00:00,FF64,,121,64,2026-09-23 05:21:00+00:00
2026-09-23 05:22:14+00:00,VALID,287531.0,89,0,2026-09-23 05:22:00+00:00
2026-09-23 05:23:14+00:00,FF64,,121,64,2026-09-23 05:23:00+00:00
2026-09-23 05:24:14+00:00,VALID,287651.0,89,0,2026-09-23 05:24:00+00:00
2026-09-23 05:25:14+00:00,VALID,287711.0,89,0,2026-09-23 05:25:00+00:00
2026-09-23 05:26:14+00:00,VALID,287771.0,89,0,2026-09-23 05:26:00+00:00
2026-09-23 05:27:14+00:00,FF64,,121,64,2026-09-23 05:27:00+00:00
2026-09-23 05:28:14+00:00,VALID,287891.0,89,0,2026-09-23 05:28:00+00:00
2026-09-23 05:29:14+00:00,FF64,,121,64,2026-09-23 05:29:00+00:00
2026-09-23 05:30:14+00:00,VALID,288011.0,89,0,2026-09-23 05:30:00+00:00
2026-09-23 05:31:14+00:00,VALID,288071.0,89,0,2026-09-23 05:31:00+00:00
2026-09-23 05:32:14+00:00,VALID,288131.0,89,0,2026-09-23 05:32:00+00:00
2026-09-23 05:33:14+00:00,FF64,,121,64,2026-09-23 05:33:00+00:00
2026-09-23 05:34:14+00:00,VALID,288251.0,89,0,2026-09-23 05:34:00+00:00
2026-09-23 05:35:14+00:00,FF64,,121,64,2026-09-23 05:35:00+00:00
2026-09-23 05:36:14+00:00,VALID,288371.0,89,0,2026-09-23 05:36:00+00:00
2026-09-23 05:37:14+00:00,FF64,,121,64,2026-09-23 05:37:00+00:00
2026-09-23 05:38:14+00:00,VALID,288491.0,89,0,2026-09-23 05:38:00+00:00
2026-09-23 05:39:14+00:00,FF64,,121,64,2026-09-23 05:39:00+00:00
2026-09-23 05:40:14+00:00,VALID,288611.0,89,0,2026-09-23 05:40:00+00:00
2026-09-23 05:41:14+00:00,FF64,,121,64,2026-09-23 05:41:00+00:00
2026-09-23 05:42:14+00:00,VALID,288732.0,89,0,2026-09-23 05:42:00+00:00
2026-09-23 05:43:14+00:00,FF64,,121,64,2026-09-23 05:43:00+00:00
2026-09-23 05:44:14+00:00,VALID,288852.0,89,0,2026-09-23 05:44:00+00:00
2026-09-23 05:45:14+00:00,FF64,,121,64,2026-09-23 05:45:00+00:00
2026-09-23 05:46:14+00:00,VALID,288972.0,89,0,2026-09-23 05:46:00+00:00
2026-09-23 05:47:14+00:00,FF64,,121,64,2026-09-23 05:47:00+00:00
2026-09-23 05:48:14+00:00,VALID,289092.0,89,0,2026-09-23 05:48:00+00:00
2026-09-23 05:49:14+00:00,FF64,,121,64,2026-09-23 05:49:00+00:00
2026-09-23 05:50:14+00:00,VALID,289212.0,89,0,2026-09-23 05:50:00+00:00
2026-09-23 05:51:14+00:00,FF64,,121,64,2026-09-23 05:51:00+00:00
2026-09-23 05:52:14+00:00,VALID,289332.0,89,0,2026-09-23 05:52:00+00:00
2026-09-23 05:53:14+00:00,FF64,,121,64,2026-09-23 05:53:00+00:00
2026-09-23 05:54:14+00:00,VALID,289452.0,89,0,2026-09-23 05:54:00+00:00
2026-09-23 05:55:14+00:00,FF64,,121,64,2026-09-23 05:55:00+00:00
2026-09-23 05:56:14+00:00,VALID,289572.0,89,0,2026-09-23 05:56:00+00:00
2026-09-23 05:57:14+00:00,VALID,289632.0,89,0,2026-09-23 05:57:00+00:00
2026-09-23 05:58:14+00:00,VALID,289692.0,89,0,2026-09-23 05:58:00+00:00
2026-09-23 05:59:14+00:00,VALID,289752.0,89,0,2026-09-23 05:59:00+00:00
2026-09-23 06:00:14+00:00,VALID,289812.0,89,0,2026-09-23 06:00:00+00:00
2026-09-23 06:01:14+00:00,FF64,,121,64,2026-09-23 06:01:00+00:00
2026-09-23 06:02:14+00:00,VALID,289932.0,89,0,2026-09-23 06:02:00+00:00
2026-09-23 06:03:14+00:00,FF64,,121,64,2026-09-23 06:03:00+00:00
2026-09-23 06:04:14+00:00,VALID,290052.0,89,0,2026-09-23 06:04:00+00:00
2026-09-23 06:05:14+00:00,FF64,,121,64,2026-09-23 06:05:00+00:00
2026-09-23 06:06:14+00:00,VALID,290172.0,89,0,2026-09-23 06:06:00+00:00
2026-09-23 06:07:14+00:00,FF64,,121,64,2026-09-23 06:07:00+00:00
2026-09-23 06:08:14+00:00,VALID,290292.0,89,0,2026-09-23 06:08:00+00:00
2026-09-23 06:09:14+00:00,FF64,,121,64,2026-09-23 06:09:00+00:00
2026-09-23 06:10:14+00:00,VALID,290412.0,89,0,2026-09-23 06:10:00+00:00
2026-09-23 06:11:14+00:00,FF64,,121,64,2026-09-23 06:11:00+00:00
2026-09-23 06:12:14+00:00,VALID,290532.0,89,0,2026-09-23 06:12:00+00:00
2026-09-23 06:13:14+00:00,FF64,,121,64,2026-09-23 06:13:00+00:00
2026-09-23 06:14:14+00:00,VALID,290652.0,89,0,2026-09-23 06:14:00+00:00
2026-09-23 06:15:14+00:00,FF64,,121,64,2026-09-23 06:15:00+00:00
2026-09-23 06:16:14+00:00,VALID,290772.0,89,0,2026-09-23 06:16:00+00:00
2026-09-23 06:17:14+00:00,VALID,290832.0,89,0,2026-09-23 06:17:00+00:00
2026-09-23 06:18:14+00:00,VALID,290892.0,89,0,2026-09-23 06:18:00+00:00
2026-09-23 06:19:14+00:00,VALID,290952.0,89,0,2026-09-23 06:19:00+00:00
2026-09-23 06:20:14+00:00,VALID,291012.0,89,0,2026-09-23 06:20:00+00:00
2026-09-23 06:21:14+00:00,VALID,291072.0,89,0,2026-09-23 06:21:00+00:00
2026-09-23 06:22:14+00:00,VALID,291132.0,89,0,2026-09-23 06:22:00+00:00
2026-09-23 06:23:14+00:00,FF64,,121,64,2026-09-23 06:23:00+00:00
2026-09-23 06:24:14+00:00,VALID,291252.0,89,0,2026-09-23 06:24:00+00:00
2026-09-23 06:25:14+00:00,FF64,,121,64,2026-09-23 06:25:00+00:00
2026-09-23 06:26:14+00:00,VALID,291372.0,89,0,2026-09-23 06:26:00+00:00
2026-09-23 06:27:14+00:00,FF64,,121,64,2026-09-23 06:27:00+00:00
2026-09-23 06:28:14+00:00,VALID,291492.0,89,0,2026-09-23 06:28:00+00:00
2026-09-23 06:29:14+00:00,FF64,,121,64,2026-09-23 06:29:00+00:00
2026-09-23 06:30:14+00:00,VALID,291612.0,89,0,2026-09-23 06:30:00+00:00
2026-09-23 06:31:14+00:00,FF64,,121,64,2026-09-23 06:31:00+00:00
2026-09-23 06:32:14+00:00,VALID,291732.0,89,0,2026-09-23 06:32:00+00:00
2026-09-23 06:33:14+00:00,VALID,291792.0,89,0,2026-09-23 06:33:00+00:00
2026-09-23 06:34:14+00:00,VALID,291852.0,89,0,2026-09-23 06:34:00+00:00
2026-09-23 06:35:14+00:00,VALID,291912.0,89,0,2026-09-23 06:35:00+00:00
2026-09-23 06:36:14+00:00,VALID,291972.0,89,0,2026-09-23 06:36:00+00:00
2026-09-23 06:37:14+00:00,FF64,,121,64,2026-09-23 06:37:00+00:00
2026-09-23 06:38:14+00:00,VALID,292092.0,89,0,2026-09-23 06:38:00+00:00
2026-09-23 06:39:14+00:00,VALID,292152.0,89,0,2026-09-23 06:39:00+00:00
2026-09-23 06:40:14+00:00,VALID,292212.0,89,0,2026-09-23 06:40:00+00:00
2026-09-23 06:41:14+00:00,VALID,292272.0,89,0,2026-09-23 06:41:00+00:00
2026-09-23 06:42:14+00:00,VALID,292332.0,89,0,2026-09-23 06:42:00+00:00
2026-09-23 06:43:14+00:00,FF64,,121,64,2026-09-23 06:43:00+00:00
2026-09-23 06:44:14+00:00,VALID,292452.0,89,0,2026-09-23 06:44:00+00:00
2026-09-23 06:45:14+00:00,VALID,292512.0,89,0,2026-09-23 06:45:00+00:00
2026-09-23 06:46:14+00:00,VALID,292572.0,89,0,2026-09-23 06:46:00+00:00
2026-09-23 06:47:14+00:00,FF64,,121,64,2026-09-23 06:47:00+00:00
2026-09-23 06:48:14+00:00,VALID,292692.0,89,0,2026-09-23 06:48:00+00:00
2026-09-23 06:49:14+00:00,FF64,,121,64,2026-09-23 06:49:00+00:00
2026-09-23 06:50:14+00:00,VALID,292812.0,89,0,2026-09-23 06:50:00+00:00
2026-09-23 06:51:14+00:00,FF64,,121,64,2026-09-23 06:51:00+00:00
2026-09-23 06:52:14+00:00,VALID,292932.0,89,0,2026-09-23 06:52:00+00:00
2026-09-23 06:53:14+00:00,VALID,292992.0,89,0,2026-09-23 06:53:00+00:00
2026-09-23 06:54:14+00:00,VALID,293052.0,89,0,2026-09-23 06:54:00+00:00
2026-09-23 06:55:14+00:00,VALID,293112.0,89,0,2026-09-23 06:55:00+00:00
2026-09-23 06:56:14+00:00,VALID,293172.0,89,0,2026-09-23 06:56:00+00:00
2026-09-23 06:57:14+00:00,VALID,293232.0,89,0,2026-09-23 06:57:00+00:00
2026-09-23 06:58:14+00:00,VALID,293292.0,89,0,2026-09-23 06:58:00+00:00
2026-09-23 06:59:14+00:00,VALID,293352.0,89,0,2026-09-23 06:59:00+00:00
2026-09-23 07:00:14+00:00,VALID,293412.0,89,0,2026-09-23 07:00:00+00:00
2026-09-23 07:01:14+00:00,FF64,,121,64,2026-09-23 07:01:00+00:00
2026-09-23 07:02:14+00:00,VALID,293532.0,89,0,2026-09-23 07:02:00+00:00
2026-09-23 07:03:14+00:00,FF64,,121,64,2026-09-23 07:03:00+00:00
2026-09-23 07:04:14+00:00,VALID,293652.0,89,0,2026-09-23 07:04:00+00:00
2026-09-23 07:05:14+00:00,FF64,,121,64,2026-09-23 07:05:00+00:00
2026-09-23 07:06:14+00:00,VALID,293772.0,89,0,2026-09-23 07:06:00+00:00
2026-09-23 07:07:14+00:00,VALID,293832.0,89,0,2026-09-23 07:07:00+00:00
2026-09-23 07:08:14+00:00,VALID,293892.0,89,0,2026-09-23 07:08:00+00:00
2026-09-23 07:09:14+00:00,FF64,,121,64,2026-09-23 07:09:00+00:00
2026-09-23 07:10:14+00:00,VALID,294012.0,89,0,2026-09-23 07:10:00+00:00
2026-09-23 07:11:14+00:00,FF64,,121,64,2026-09-23 07:11:00+00:00
2026-09-23 07:12:14+00:00,VALID,294132.0,89,0,2026-09-23 07:12:00+00:00
2026-09-23 07:13:14+00:00,FF64,,121,64,2026-09-23 07:13:00+00:00
2026-09-23 07:14:14+00:00,VALID,294252.0,89,0,2026-09-23 07:14:00+00:00
2026-09-23 07:15:14+00:00,VALID,294312.0,89,0,2026-09-23 07:15:00+00:00
2026-09-23 07:16:14+00:00,VALID,294372.0,89,0,2026-09-23 07:16:00+00:00
2026-09-23 07:17:14+00:00,FF64,,121,64,2026-09-23 07:17:00+00:00
2026-09-23 07:18:14+00:00,VALID,294492.0,89,0,2026-09-23 07:18:00+00:00
2026-09-23 07:19:14+00:00,FF64,,121,64,2026-09-23 07:19:00+00:00
2026-09-23 07:20:14+00:00,VALID,294612.0,89,0,2026-09-23 07:20:00+00:00
2026-09-23 07:21:14+00:00,FF64,,121,64,2026-09-23 07:21:00+00:00
2026-09-23 07:22:14+00:00,VALID,294732.0,89,0,2026-09-23 07:22:00+00:00
2026-09-23 07:23:14+00:00,FF64,,121,64,2026-09-23 07:23:00+00:00
2026-09-23 07:24:14+00:00,VALID,294852.0,89,0,2026-09-23 07:24:00+00:00
2026-09-23 07:25:14+00:00,FF64,,121,64,2026-09-23 07:25:00+00:00
2026-09-23 07:26:14+00:00,VALID,294972.0,89,0,2026-09-23 07:26:00+00:00
2026-09-23 07:27:14+00:00,VALID,295032.0,89,0,2026-09-23 07:27:00+00:00
2026-09-23 07:28:14+00:00,VALID,295092.0,89,0,2026-09-23 07:28:00+00:00
2026-09-23 07:29:15+00:00,FF64,,121,64,2026-09-23 07:29:00+00:00
2026-09-23 07:30:15+00:00,VALID,295212.0,89,0,2026-09-23 07:30:00+00:00
2026-09-23 07:31:15+00:00,VALID,295272.0,89,0,2026-09-23 07:31:00+00:00
2026-09-23 07:32:15+00:00,VALID,295332.0,89,0,2026-09-23 07:32:00+00:00
2026-09-23 07:33:15+00:00,VALID,295392.0,89,0,2026-09-23 07:33:00+00:00
2026-09-23 07:34:15+00:00,VALID,295452.0,89,0,2026-09-23 07:34:00+00:00
2026-09-23 07:35:15+00:00,VALID,295512.0,89,0,2026-09-23 07:35:00+00:00
2026-09-23 07:36:15+00:00,VALID,295572.0,89,0,2026-09-23 07:36:00+00:00
2026-09-23 07:37:15+00:00,VALID,295632.0,89,0,2026-09-23 07:37:00+00:00
2026-09-23 07:38:15+00:00,VALID,295692.0,89,0,2026-09-23 07:38:00+00:00
2026-09-23 07:39:15+00:00,FF64,,121,64,2026-09-23 07:39:00+00:00
2026-09-23 07:40:15+00:00,VALID,295812.0,89,0,2026-09-23 07:40:00+00:00
2026-09-23 07:41:15+00:00,FF64,,121,64,2026-09-23 07:41:00+00:00
2026-09-23 07:42:15+00:00,VALID,295932.0,89,0,2026-09-23 07:42:00+00:00
2026-09-23 07:43:15+00:00,FF64,,121,64,2026-09-23 07:43:00+00:00
2026-09-23 07:44:15+00:00,VALID,296052.0,89,0,2026-09-23 07:44:00+00:00
2026-09-23 07:45:15+00:00,FF64,,121,64,2026-09-23 07:45:00+00:00
2026-09-23 07:46:15+00:00,VALID,296172.0,89,0,2026-09-23 07:46:00+00:00
2026-09-23 07:47:15+00:00,FF64,,121,64,2026-09-23 07:47:00+00:00
2026-09-23 07:48:15+00:00,VALID,296292.0,89,0,2026-09-23 07:48:00+00:00
2026-09-23 07:49:15+00:00,VALID,296352.0,89,0,2026-09-23 07:49:00+00:00
2026-09-23 07:50:15+00:00,VALID,296412.0,89,0,2026-09-23 07:50:00+00:00
2026-09-23 07:51:15+00:00,FF64,,121,64,2026-09-23 07:51:00+00:00
2026-09-23 07:52:15+00:00,VALID,296532.0,89,0,2026-09-23 07:52:00+00:00
2026-09-23 07:53:15+00:00,VALID,296592.0,89,0,2026-09-23 07:53:00+00:00
2026-09-23 07:54:15+00:00,VALID,296652.0,89,0,2026-09-23 07:54:00+00:00
2026-09-23 07:55:15+00:00,VALID,296712.0,89,0,2026-09-23 07:55:00+00:00
2026-09-23 07:56:15+00:00,VALID,296772.0,89,0,2026-09-23 07:56:00+00:00
2026-09-23 07:57:15+00:00,FF64,,121,64,2026-09-23 07:57:00+00:00
2026-09-23 07:58:15+00:00,VALID,296892.0,89,0,2026-09-23 07:58:00+00:00
2026-09-23 07:59:15+00:00,FF64,,121,64,2026-09-23 07:59:00+00:00
2026-09-23 08:00:15+00:00,VALID,297012.0,89,0,2026-09-23 08:00:00+00:00
2026-09-23 08:01:15+00:00,VALID,297072.0,89,0,2026-09-23 08:01:00+00:00
2026-09-23 08:02:15+00:00,VALID,297132.0,89,0,2026-09-23 08:02:00+00:00
2026-09-23 08:03:15+00:00,FF64,,121,64,2026-09-23 08:03:00+00:00
2026-09-23 08:04:15+00:00,VALID,297252.0,89,0,2026-09-23 08:04:00+00:00
2026-09-23 08:05:15+00:00,FF64,,121,64,2026-09-23 08:05:00+00:00
2026-09-23 08:06:15+00:00,VALID,297372.0,89,0,2026-09-23 08:06:00+00:00
2026-09-23 08:07:15+00:00,FF64,,121,64,2026-09-23 08:07:00+00:00
2026-09-23 08:08:15+00:00,VALID,297492.0,89,0,2026-09-23 08:08:00+00:00
2026-09-23 08:09:15+00:00,FF64,,121,64,2026-09-23 08:09:00+00:00
2026-09-23 08:10:15+00:00,VALID,297612.0,89,0,2026-09-23 08:10:00+00:00
2026-09-23 08:11:15+00:00,VALID,297672.0,89,0,2026-09-23 08:11:00+00:00
2026-09-23 08:12:15+00:00,VALID,297732.0,89,0,2026-09-23 08:12:00+00:00
2026-09-23 08:13:15+00:00,FF64,,121,64,2026-09-23 08:13:00+00:00
2026-09-23 08:14:15+00:00,VALID,297852.0,89,0,2026-09-23 08:14:00+00:00
2026-09-23 08:15:15+00:00,FF64,,121,64,2026-09-23 08:15:00+00:00
2026-09-23 08:16:15+00:00,VALID,297972.0,89,0,2026-09-23 08:16:00+00:00
2026-09-23 08:17:15+00:00,VALID,298032.0,89,0,2026-09-23 08:17:00+00:00
2026-09-23 08:18:15+00:00,VALID,298092.0,89,0,2026-09-23 08:18:00+00:00
2026-09-23 08:19:15+00:00,VALID,298152.0,89,0,2026-09-23 08:19:00+00:00
2026-09-23 08:20:15+00:00,VALID,298212.0,89,0,2026-09-23 08:20:00+00:00
2026-09-23 08:21:15+00:00,FF64,,121,64,2026-09-23 08:21:00+00:00
2026-09-23 08:22:15+00:00,VALID,298332.0,89,0,2026-09-23 08:22:00+00:00
2026-09-23 08:23:15+00:00,FF64,,121,64,2026-09-23 08:23:00+00:00
2026-09-23 08:24:15+00:00,VALID,298452.0,89,0,2026-09-23 08:24:00+00:00
2026-09-23 08:25:15+00:00,VALID,298512.0,89,0,2026-09-23 08:25:00+00:00
2026-09-23 08:26:15+00:00,VALID,298572.0,89,0,2026-09-23 08:26:00+00:00
2026-09-23 08:27:15+00:00,FF64,,121,64,2026-09-23 08:27:00+00:00
2026-09-23 08:28:15+00:00,VALID,298692.0,89,0,2026-09-23 08:28:00+00:00
2026-09-23 08:29:15+00:00,FF64,,121,64,2026-09-23 08:29:00+00:00
2026-09-23 08:30:15+00:00,VALID,298812.0,89,0,2026-09-23 08:30:00+00:00
2026-09-23 08:31:15+00:00,FF64,,121,64,2026-09-23 08:31:00+00:00
2026-09-23 08:32:15+00:00,VALID,298932.0,89,0,2026-09-23 08:32:00+00:00
2026-09-23 08:33:15+00:00,FF64,,121,64,2026-09-23 08:33:00+00:00
2026-09-23 08:34:15+00:00,VALID,299052.0,88,0,2026-09-23 08:34:00+00:00
2026-09-23 08:35:15+00:00,FF64,,120,64,2026-09-23 08:35:00+00:00
2026-09-23 08:36:15+00:00,VALID,299172.0,88,0,2026-09-23 08:36:00+00:00
2026-09-23 08:37:15+00:00,VALID,299232.0,89,0,2026-09-23 08:37:00+00:00
2026-09-23 08:38:15+00:00,VALID,299292.0,89,0,2026-09-23 08:38:00+00:00
2026-09-23 08:39:15+00:00,FF64,,121,64,2026-09-23 08:39:00+00:00
2026-09-23 08:40:15+00:00,VALID,299412.0,89,0,2026-09-23 08:40:00+00:00
2026-09-23 08:41:15+00:00,FF64,,121,64,2026-09-23 08:41:00+00:00
2026-09-23 08:42:15+00:00,VALID,299532.0,89,0,2026-09-23 08:42:00+00:00
2026-09-23 08:43:15+00:00,FF64,,121,64,2026-09-23 08:43:00+00:00
2026-09-23 08:44:15+00:00,VALID,299652.0,89,0,2026-09-23 08:44:00+00:00
2026-09-23 08:45:15+00:00,FF64,,121,64,2026-09-23 08:45:00+00:00
2026-09-23 08:46:15+00:00,VALID,299772.0,89,0,2026-09-23 08:46:00+00:00
2026-09-23 08:47:15+00:00,FF64,,120,64,2026-09-23 08:47:00+00:00
2026-09-23 08:48:15+00:00,VALID,299892.0,89,0,2026-09-23 08:48:00+00:00
2026-09-23 08:49:15+00:00,FF64,,121,64,2026-09-23 08:49:00+00:00
2026-09-23 08:50:15+00:00,VALID,300012.0,89,0,2026-09-23 08:50:00+00:00
2026-09-23 08:51:15+00:00,VALID,300072.0,89,0,2026-09-23 08:51:00+00:00
2026-09-23 08:52:15+00:00,VALID,300132.0,89,0,2026-09-23 08:52:00+00:00
2026-09-23 08:53:15+00:00,VALID,300192.0,89,0,2026-09-23 08:53:00+00:00
2026-09-23 08:54:15+00:00,VALID,300252.0,89,0,2026-09-23 08:54:00+00:00
2026-09-23 08:55:15+00:00,FF64,,121,64,2026-09-23 08:55:00+00:00
2026-09-23 08:56:15+00:00,VALID,300372.0,89,0,2026-09-23 08:56:00+00:00
2026-09-23 08:57:15+00:00,VALID,300432.0,89,0,2026-09-23 08:57:00+00:00
2026-09-23 08:58:15+00:00,VALID,300492.0,89,0,2026-09-23 08:58:00+00:00
2026-09-23 08:59:15+00:00,FF64,,121,64,2026-09-23 08:59:00+00:00
2026-09-23 09:00:15+00:00,VALID,300612.0,89,0,2026-09-23 09:00:00+00:00
2026-09-23 09:01:15+00:00,VALID,300672.0,89,0,2026-09-23 09:01:00+00:00
2026-09-23 09:02:15+00:00,VALID,300732.0,89,0,2026-09-23 09:02:00+00:00
2026-09-23 09:03:15+00:00,FF64,,121,64,2026-09-23 09:03:00+00:00
2026-09-23 09:04:15+00:00,VALID,300852.0,88,0,2026-09-23 09:04:00+00:00
2026-09-23 09:05:15+00:00,VALID,300912.0,88,0,2026-09-23 09:05:00+00:00
2026-09-23 09:06:15+00:00,VALID,300972.0,88,0,2026-09-23 09:06:00+00:00
2026-09-23 09:07:15+00:00,VALID,301032.0,88,0,2026-09-23 09:07:00+00:00
2026-09-23 09:08:15+00:00,VALID,301092.0,88,0,2026-09-23 09:08:00+00:00
2026-09-23 09:09:15+00:00,FF64,,120,64,2026-09-23 09:09:00+00:00
2026-09-23 09:10:15+00:00,VALID,301212.0,88,0,2026-09-23 09:10:00+00:00
2026-09-23 09:11:15+00:00,VALID,301272.0,88,0,2026-09-23 09:11:00+00:00
2026-09-23 09:12:15+00:00,VALID,301332.0,88,0,2026-09-23 09:12:00+00:00
2026-09-23 09:13:15+00:00,VALID,301392.0,88,0,2026-09-23 09:13:00+00:00
2026-09-23 09:14:15+00:00,VALID,301452.0,88,0,2026-09-23 09:14:00+00:00
2026-09-23 09:15:15+00:00,FF64,,120,64,2026-09-23 09:15:00+00:00
2026-09-23 09:16:15+00:00,VALID,301572.0,88,0,2026-09-23 09:16:00+00:00
2026-09-23 09:17:15+00:00,FF64,,120,64,2026-09-23 09:17:00+00:00
2026-09-23 09:18:15+00:00,VALID,301692.0,88,0,2026-09-23 09:18:00+00:00
2026-09-23 09:19:15+00:00,FF64,,120,64,2026-09-23 09:19:00+00:00
2026-09-23 09:20:15+00:00,VALID,301812.0,88,0,2026-09-23 09:20:00+00:00
2026-09-23 09:21:15+00:00,FF64,,120,64,2026-09-23 09:21:00+00:00
2026-09-23 09:22:15+00:00,VALID,301932.0,88,0,2026-09-23 09:22:00+00:00
2026-09-23 09:23:15+00:00,FF64,,120,64,2026-09-23 09:23:00+00:00
2026-09-23 09:24:15+00:00,VALID,302052.0,88,0,2026-09-23 09:24:00+00:00
2026-09-23 09:25:15+00:00,FF64,,120,64,2026-09-23 09:25:00+00:00
2026-09-23 09:26:15+00:00,VALID,302172.0,88,0,2026-09-23 09:26:00+00:00
2026-09-23 09:27:15+00:00,VALID,302232.0,88,0,2026-09-23 09:27:00+00:00
2026-09-23 09:28:15+00:00,VALID,302292.0,88,0,2026-09-23 09:28:00+00:00
2026-09-23 09:29:15+00:00,FF64,,120,64,2026-09-23 09:29:00+00:00
2026-09-23 09:30:15+00:00,VALID,302412.0,88,0,2026-09-23 09:30:00+00:00
2026-09-23 09:31:15+00:00,FF64,,120,64,2026-09-23 09:31:00+00:00
2026-09-23 09:32:15+00:00,VALID,302532.0,88,0,2026-09-23 09:32:00+00:00
2026-09-23 09:33:15+00:00,FF64,,120,64,2026-09-23 09:33:00+00:00
2026-09-23 09:34:15+00:00,VALID,302652.0,88,0,2026-09-23 09:34:00+00:00
2026-09-23 09:35:15+00:00,FF64,,120,64,2026-09-23 09:35:00+00:00
2026-09-23 09:36:15+00:00,VALID,302772.0,88,0,2026-09-23 09:36:00+00:00
2026-09-23 09:37:15+00:00,FF64,,120,64,2026-09-23 09:37:00+00:00
2026-09-23 09:38:15+00:00,VALID,302892.0,88,0,2026-09-23 09:38:00+00:00
2026-09-23 09:39:15+00:00,FF64,,120,64,2026-09-23 09:39:00+00:00
2026-09-23 09:40:15+00:00,VALID,303012.0,88,0,2026-09-23 09:40:00+00:00
2026-09-23 09:41:15+00:00,VALID,303072.0,88,0,2026-09-23 09:41:00+00:00
2026-09-23 09:42:15+00:00,VALID,303132.0,88,0,2026-09-23 09:42:00+00:00
2026-09-23 09:43:15+00:00,FF64,,120,64,2026-09-23 09:43:00+00:00
2026-09-23 09:44:15+00:00,VALID,303252.0,88,0,2026-09-23 09:44:00+00:00
2026-09-23 09:45:15+00:00,FF64,,120,64,2026-09-23 09:45:00+00:00
2026-09-23 09:46:15+00:00,VALID,303372.0,88,0,2026-09-23 09:46:00+00:00
2026-09-23 09:47:15+00:00,VALID,303432.0,88,0,2026-09-23 09:47:00+00:00
2026-09-23 09:48:15+00:00,VALID,303492.0,88,0,2026-09-23 09:48:00+00:00
2026-09-23 09:49:15+00:00,FF64,,120,64,2026-09-23 09:49:00+00:00
2026-09-23 09:50:15+00:00,VALID,303612.0,88,0,2026-09-23 09:50:00+00:00
2026-09-23 09:51:15+00:00,VALID,303672.0,88,0,2026-09-23 09:51:00+00:00
2026-09-23 09:52:15+00:00,VALID,303732.0,88,0,2026-09-23 09:52:00+00:00
2026-09-23 09:53:15+00:00,FF64,,120,64,2026-09-23 09:53:00+00:00
2026-09-23 09:54:15+00:00,VALID,303852.0,88,0,2026-09-23 09:54:00+00:00
2026-09-23 09:55:15+00:00,FF64,,120,64,2026-09-23 09:55:00+00:00
2026-09-23 09:56:15+00:00,VALID,303972.0,88,0,2026-09-23 09:56:00+00:00
2026-09-23 09:57:15+00:00,FF64,,120,64,2026-09-23 09:57:00+00:00
2026-09-23 09:58:15+00:00,VALID,304092.0,88,0,2026-09-23 09:58:00+00:00
2026-09-23 09:59:15+00:00,VALID,304152.0,88,0,2026-09-23 09:59:00+00:00
2026-09-23 10:00:15+00:00,VALID,304212.0,88,0,2026-09-23 10:00:00+00:00
2026-09-23 10:01:15+00:00,FF64,,120,64,2026-09-23 10:01:00+00:00
2026-09-23 10:02:15+00:00,VALID,304332.0,88,0,2026-09-23 10:02:00+00:00
2026-09-23 10:03:15+00:00,FF64,,120,64,2026-09-23 10:03:00+00:00
2026-09-23 10:04:15+00:00,VALID,304452.0,88,0,2026-09-23 10:04:00+00:00
2026-09-23 10:05:15+00:00,VALID,304512.0,88,0,2026-09-23 10:05:00+00:00
2026-09-23 10:06:15+00:00,VALID,304572.0,88,0,2026-09-23 10:06:00+00:00
2026-09-23 10:07:15+00:00,VALID,304632.0,88,0,2026-09-23 10:07:00+00:00
2026-09-23 10:08:15+00:00,VALID,304692.0,88,0,2026-09-23 10:08:00+00:00
2026-09-23 10:09:15+00:00,FF64,,120,64,2026-09-23 10:09:00+00:00
2026-09-23 10:10:15+00:00,VALID,304812.0,88,0,2026-09-23 10:10:00+00:00
2026-09-23 10:11:15+00:00,FF64,,120,64,2026-09-23 10:11:00+00:00
2026-09-23 10:12:15+00:00,VALID,304932.0,88,0,2026-09-23 10:12:00+00:00
2026-09-23 10:13:15+00:00,VALID,304992.0,88,0,2026-09-23 10:13:00+00:00
2026-09-23 10:14:15+00:00,VALID,305052.0,88,0,2026-09-23 10:14:00+00:00
2026-09-23 10:15:15+00:00,FF64,,120,64,2026-09-23 10:15:00+00:00
2026-09-23 10:16:15+00:00,VALID,305172.0,88,0,2026-09-23 10:16:00+00:00
2026-09-23 10:17:15+00:00,FF64,,120,64,2026-09-23 10:17:00+00:00
2026-09-23 10:18:15+00:00,VALID,305292.0,88,0,2026-09-23 10:18:00+00:00
2026-09-23 10:19:15+00:00,FF64,,120,64,2026-09-23 10:19:00+00:00
2026-09-23 10:20:15+00:00,VALID,305412.0,88,0,2026-09-23 10:20:00+00:00
2026-09-23 10:21:15+00:00,FF64,,120,64,2026-09-23 10:21:00+00:00
2026-09-23 10:22:15+00:00,VALID,305532.0,88,0,2026-09-23 10:22:00+00:00
2026-09-23 10:23:15+00:00,VALID,305592.0,88,0,2026-09-23 10:23:00+00:00
2026-09-23 10:24:15+00:00,VALID,305652.0,88,0,2026-09-23 10:24:00+00:00
2026-09-23 10:25:15+00:00,FF64,,120,64,2026-09-23 10:25:00+00:00
2026-09-23 10:26:15+00:00,VALID,305772.0,88,0,2026-09-23 10:26:00+00:00
2026-09-23 10:27:15+00:00,VALID,305832.0,88,0,2026-09-23 10:27:00+00:00
2026-09-23 10:28:15+00:00,VALID,305892.0,88,0,2026-09-23 10:28:00+00:00
2026-09-23 10:29:15+00:00,FF64,,120,64,2026-09-23 10:29:00+00:00
2026-09-23 10:30:15+00:00,VALID,306012.0,88,0,2026-09-23 10:30:00+00:00
2026-09-23 10:31:15+00:00,FF64,,120,64,2026-09-23 10:31:00+00:00
2026-09-23 10:32:15+00:00,VALID,306132.0,88,0,2026-09-23 10:32:00+00:00
2026-09-23 10:33:15+00:00,VALID,306192.0,88,0,2026-09-23 10:33:00+00:00
2026-09-23 10:34:15+00:00,VALID,306252.0,88,0,2026-09-23 10:34:00+00:00
2026-09-23 10:35:15+00:00,FF64,,120,64,2026-09-23 10:35:00+00:00
2026-09-23 10:36:15+00:00,VALID,306372.0,88,0,2026-09-23 10:36:00+00:00
2026-09-23 10:37:15+00:00,FF64,,120,64,2026-09-23 10:37:00+00:00
2026-09-23 10:38:15+00:00,VALID,306492.0,88,0,2026-09-23 10:38:00+00:00
2026-09-23 10:39:15+00:00,VALID,306552.0,88,0,2026-09-23 10:39:00+00:00
2026-09-23 10:40:15+00:00,VALID,306612.0,88,0,2026-09-23 10:40:00+00:00
2026-09-23 10:41:15+00:00,VALID,306672.0,88,0,2026-09-23 10:41:00+00:00
2026-09-23 10:42:15+00:00,VALID,306732.0,88,0,2026-09-23 10:42:00+00:00
2026-09-23 10:43:15+00:00,FF64,,120,64,2026-09-23 10:43:00+00:00
2026-09-23 10:44:15+00:00,VALID,306852.0,88,0,2026-09-23 10:44:00+00:00
2026-09-23 10:45:15+00:00,FF64,,120,64,2026-09-23 10:45:00+00:00
2026-09-23 10:46:15+00:00,VALID,306972.0,88,0,2026-09-23 10:46:00+00:00
2026-09-23 10:47:15+00:00,FF64,,120,64,2026-09-23 10:47:00+00:00
2026-09-23 10:48:15+00:00,VALID,307092.0,88,0,2026-09-23 10:48:00+00:00
2026-09-23 10:49:15+00:00,FF64,,120,64,2026-09-23 10:49:00+00:00
2026-09-23 10:50:15+00:00,VALID,307212.0,88,0,2026-09-23 10:50:00+00:00
2026-09-23 10:51:15+00:00,FF64,,120,64,2026-09-23 10:51:00+00:00
2026-09-23 10:52:15+00:00,VALID,307332.0,88,0,2026-09-23 10:52:00+00:00
2026-09-23 10:53:15+00:00,FF64,,120,64,2026-09-23 10:53:00+00:00
2026-09-23 10:54:15+00:00,VALID,307452.0,88,0,2026-09-23 10:54:00+00:00
2026-09-23 10:55:15+00:00,FF64,,120,64,2026-09-23 10:55:00+00:00
2026-09-23 10:56:15+00:00,VALID,307572.0,88,0,2026-09-23 10:56:00+00:00
2026-09-23 10:57:15+00:00,FF64,,120,64,2026-09-23 10:57:00+00:00
2026-09-23 10:58:15+00:00,VALID,307692.0,88,0,2026-09-23 10:58:00+00:00
2026-09-23 10:59:15+00:00,FF64,,120,64,2026-09-23 10:59:00+00:00
2026-09-23 11:00:15+00:00,VALID,307812.0,88,0,2026-09-23 11:00:00+00:00
2026-09-23 11:01:15+00:00,FF64,,120,64,2026-09-23 11:01:00+00:00
2026-09-23 11:02:15+00:00,VALID,307932.0,88,0,2026-09-23 11:02:00+00:00
2026-09-23 11:03:15+00:00,VALID,307992.0,88,0,2026-09-23 11:03:00+00:00
2026-09-23 11:04:15+00:00,VALID,308052.0,88,0,2026-09-23 11:04:00+00:00
2026-09-23 11:05:15+00:00,FF64,,120,64,2026-09-23 11:05:00+00:00
2026-09-23 11:06:15+00:00,VALID,308172.0,88,0,2026-09-23 11:06:00+00:00
2026-09-23 11:07:15+00:00,VALID,308232.0,88,0,2026-09-23 11:07:00+00:00
2026-09-23 11:08:15+00:00,VALID,308292.0,88,0,2026-09-23 11:08:00+00:00
2026-09-23 11:09:15+00:00,VALID,308352.0,88,0,2026-09-23 11:09:00+00:00
2026-09-23 11:10:15+00:00,VALID,308412.0,88,0,2026-09-23 11:10:00+00:00
2026-09-23 11:11:15+00:00,VALID,308472.0,88,0,2026-09-23 11:11:00+00:00
2026-09-23 11:12:15+00:00,VALID,308532.0,88,0,2026-09-23 11:12:00+00:00
2026-09-23 11:13:15+00:00,FF64,,120,64,2026-09-23 11:13:00+00:00
2026-09-23 11:14:15+00:00,VALID,308652.0,88,0,2026-09-23 11:14:00+00:00
2026-09-23 11:15:15+00:00,FF64,,120,64,2026-09-23 11:15:00+00:00
2026-09-23 11:16:15+00:00,VALID,308772.0,88,0,2026-09-23 11:16:00+00:00
2026-09-23 11:17:15+00:00,VALID,308832.0,88,0,2026-09-23 11:17:00+00:00
2026-09-23 11:18:15+00:00,VALID,308892.0,88,0,2026-09-23 11:18:00+00:00
2026-09-23 11:19:15+00:00,VALID,308952.0,88,0,2026-09-23 11:19:00+00:00
2026-09-23 11:20:15+00:00,VALID,309012.0,88,0,2026-09-23 11:20:00+00:00
2026-09-23 11:21:15+00:00,FF64,,120,64,2026-09-23 11:21:00+00:00
2026-09-23 11:22:15+00:00,VALID,309132.0,88,0,2026-09-23 11:22:00+00:00
2026-09-23 11:23:15+00:00,FF64,,120,64,2026-09-23 11:23:00+00:00
2026-09-23 11:24:15+00:00,VALID,309252.0,88,0,2026-09-23 11:24:00+00:00
2026-09-23 11:25:15+00:00,FF64,,120,64,2026-09-23 11:25:00+00:00
2026-09-23 11:26:15+00:00,VALID,309372.0,88,0,2026-09-23 11:26:00+00:00
2026-09-23 11:27:15+00:00,VALID,309432.0,88,0,2026-09-23 11:27:00+00:00
2026-09-23 11:28:15+00:00,VALID,309492.0,88,0,2026-09-23 11:28:00+00:00
2026-09-23 11:29:15+00:00,VALID,309552.0,88,0,2026-09-23 11:29:00+00:00
2026-09-23 11:30:15+00:00,VALID,309612.0,88,0,2026-09-23 11:30:00+00:00
2026-09-23 11:31:15+00:00,FF64,,120,64,2026-09-23 11:31:00+00:00
2026-09-23 11:32:15+00:00,VALID,309732.0,88,0,2026-09-23 11:32:00+00:00
2026-09-23 11:33:15+00:00,FF64,,120,64,2026-09-23 11:33:00+00:00
2026-09-23 11:34:15+00:00,VALID,309852.0,88,0,2026-09-23 11:34:00+00:00
2026-09-23 11:35:15+00:00,FF64,,120,64,2026-09-23 11:35:00+00:00
2026-09-23 11:36:15+00:00,VALID,309972.0,88,0,2026-09-23 11:36:00+00:00
2026-09-23 11:37:15+00:00,FF64,,120,64,2026-09-23 11:37:00+00:00
2026-09-23 11:38:15+00:00,VALID,310092.0,88,0,2026-09-23 11:38:00+00:00
2026-09-23 11:39:15+00:00,FF64,,120,64,2026-09-23 11:39:00+00:00
2026-09-23 11:40:15+00:00,VALID,310212.0,88,0,2026-09-23 11:40:00+00:00
2026-09-23 11:41:15+00:00,VALID,310272.0,88,0,2026-09-23 11:41:00+00:00
2026-09-23 11:42:15+00:00,VALID,310332.0,88,0,2026-09-23 11:42:00+00:00
2026-09-23 11:43:15+00:00,VALID,310392.0,88,0,2026-09-23 11:43:00+00:00
2026-09-23 11:44:15+00:00,VALID,310452.0,88,0,2026-09-23 11:44:00+00:00
2026-09-23 11:45:15+00:00,VALID,310512.0,88,0,2026-09-23 11:45:00+00:00
2026-09-23 11:46:15+00:00,VALID,310572.0,88,0,2026-09-23 11:46:00+00:00
2026-09-23 11:47:15+00:00,FF64,,120,64,2026-09-23 11:47:00+00:00
2026-09-23 11:48:15+00:00,VALID,310692.0,88,0,2026-09-23 11:48:00+00:00
2026-09-23 11:49:15+00:00,FF64,,120,64,2026-09-23 11:49:00+00:00
2026-09-23 11:50:15+00:00,VALID,310812.0,88,0,2026-09-23 11:50:00+00:00
2026-09-23 11:51:15+00:00,FF64,,120,64,2026-09-23 11:51:00+00:00
2026-09-23 11:52:15+00:00,VALID,310932.0,88,0,2026-09-23 11:52:00+00:00
2026-09-23 11:53:15+00:00,VALID,310992.0,88,0,2026-09-23 11:53:00+00:00
2026-09-23 11:54:15+00:00,VALID,311052.0,88,0,2026-09-23 11:54:00+00:00
2026-09-23 11:55:15+00:00,FF64,,120,64,2026-09-23 11:55:00+00:00
2026-09-23 11:56:15+00:00,VALID,311172.0,88,0,2026-09-23 11:56:00+00:00
2026-09-23 11:57:15+00:00,VALID,311232.0,88,0,2026-09-23 11:57:00+00:00
2026-09-23 11:58:15+00:00,VALID,311292.0,88,0,2026-09-23 11:58:00+00:00
2026-09-23 11:59:15+00:00,VALID,311352.0,88,0,2026-09-23 11:59:00+00:00
2026-09-23 12:00:15+00:00,VALID,311412.0,88,0,2026-09-23 12:00:00+00:00
2026-09-23 12:01:15+00:00,VALID,311472.0,88,0,2026-09-23 12:01:00+00:00
2026-09-23 12:02:15+00:00,VALID,311532.0,88,0,2026-09-23 12:02:00+00:00
2026-09-23 12:03:15+00:00,VALID,311592.0,88,0,2026-09-23 12:03:00+00:00
2026-09-23 12:04:15+00:00,VALID,311652.0,88,0,2026-09-23 12:04:00+00:00
2026-09-23 12:05:15+00:00,VALID,311712.0,88,0,2026-09-23 12:05:00+00:00
2026-09-23 12:06:15+00:00,VALID,311772.0,88,0,2026-09-23 12:06:00+00:00
2026-09-23 12:07:15+00:00,FF64,,120,64,2026-09-23 12:07:00+00:00
2026-09-23 12:08:15+00:00,VALID,311892.0,88,0,2026-09-23 12:08:00+00:00
2026-09-23 12:09:15+00:00,FF64,,120,64,2026-09-23 12:09:00+00:00
2026-09-23 12:10:15+00:00,VALID,312012.0,88,0,2026-09-23 12:10:00+00:00
2026-09-23 12:11:15+00:00,VALID,312072.0,88,0,2026-09-23 12:11:00+00:00
2026-09-23 12:12:15+00:00,VALID,312132.0,88,0,2026-09-23 12:12:00+00:00
2026-09-23 12:13:15+00:00,FF64,,120,64,2026-09-23 12:13:00+00:00
2026-09-23 12:14:15+00:00,VALID,312252.0,88,0,2026-09-23 12:14:00+00:00
2026-09-23 12:15:15+00:00,VALID,312312.0,88,0,2026-09-23 12:15:00+00:00
2026-09-23 12:16:15+00:00,VALID,312372.0,88,0,2026-09-23 12:16:00+00:00
2026-09-23 12:17:15+00:00,VALID,312432.0,88,0,2026-09-23 12:17:00+00:00
2026-09-23 12:18:15+00:00,VALID,312492.0,88,0,2026-09-23 12:18:00+00:00
2026-09-23 12:19:15+00:00,VALID,312552.0,88,0,2026-09-23 12:19:00+00:00
2026-09-23 12:20:15+00:00,VALID,312612.0,88,0,2026-09-23 12:20:00+00:00
2026-09-23 12:21:15+00:00,FF64,,120,64,2026-09-23 12:21:00+00:00
2026-09-23 12:22:15+00:00,VALID,312732.0,88,0,2026-09-23 12:22:00+00:00
2026-09-23 12:23:15+00:00,FF64,,120,64,2026-09-23 12:23:00+00:00
2026-09-23 12:24:15+00:00,VALID,312852.0,88,0,2026-09-23 12:24:00+00:00
2026-09-23 12:25:15+00:00,FF64,,120,64,2026-09-23 12:25:00+00:00
2026-09-23 12:26:15+00:00,VALID,312972.0,88,0,2026-09-23 12:26:00+00:00
2026-09-23 12:27:15+00:00,FF64,,120,64,2026-09-23 12:27:00+00:00
2026-09-23 12:28:15+00:00,VALID,313092.0,88,0,2026-09-23 12:28:00+00:00
2026-09-23 12:29:15+00:00,FF64,,120,64,2026-09-23 12:29:00+00:00
2026-09-23 12:30:15+00:00,VALID,313212.0,88,0,2026-09-23 12:30:00+00:00
2026-09-23 12:31:15+00:00,VALID,313272.0,88,0,2026-09-23 12:31:00+00:00
2026-09-23 12:32:15+00:00,VALID,313332.0,88,0,2026-09-23 12:32:00+00:00
2026-09-23 12:33:15+00:00,FF64,,120,64,2026-09-23 12:33:00+00:00
2026-09-23 12:34:15+00:00,VALID,313452.0,88,0,2026-09-23 12:34:00+00:00
2026-09-23 12:35:15+00:00,FF64,,120,64,2026-09-23 12:35:00+00:00
2026-09-23 12:36:15+00:00,VALID,313572.0,88,0,2026-09-23 12:36:00+00:00
2026-09-23 12:37:15+00:00,VALID,313632.0,88,0,2026-09-23 12:37:00+00:00
2026-09-23 12:38:15+00:00,VALID,313692.0,88,0,2026-09-23 12:38:00+00:00
2026-09-23 12:39:15+00:00,FF64,,120,64,2026-09-23 12:39:00+00:00
2026-09-23 12:40:15+00:00,VALID,313812.0,88,0,2026-09-23 12:40:00+00:00
2026-09-23 12:41:15+00:00,VALID,313872.0,88,0,2026-09-23 12:41:00+00:00
2026-09-23 12:42:15+00:00,VALID,313932.0,88,0,2026-09-23 12:42:00+00:00
2026-09-23 12:43:15+00:00,VALID,313992.0,88,0,2026-09-23 12:43:00+00:00
2026-09-23 12:44:15+00:00,VALID,314052.0,88,0,2026-09-23 12:44:00+00:00
2026-09-23 12:45:15+00:00,FF64,,120,64,2026-09-23 12:45:00+00:00
2026-09-23 12:46:15+00:00,VALID,314172.0,88,0,2026-09-23 12:46:00+00:00
2026-09-23 12:47:15+00:00,FF64,,120,64,2026-09-23 12:47:00+00:00
2026-09-23 12:48:15+00:00,VALID,314292.0,88,0,2026-09-23 12:48:00+00:00
2026-09-23 12:49:15+00:00,FF64,,120,64,2026-09-23 12:49:00+00:00
2026-09-23 12:50:15+00:00,VALID,314412.0,88,0,2026-09-23 12:50:00+00:00
2026-09-23 12:51:15+00:00,VALID,314472.0,88,0,2026-09-23 12:51:00+00:00
2026-09-23 12:52:15+00:00,VALID,314532.0,88,0,2026-09-23 12:52:00+00:00
2026-09-23 12:53:15+00:00,VALID,314592.0,88,0,2026-09-23 12:53:00+00:00
2026-09-23 12:54:15+00:00,VALID,314652.0,88,0,2026-09-23 12:54:00+00:00
2026-09-23 12:55:15+00:00,FF64,,120,64,2026-09-23 12:55:00+00:00
2026-09-23 12:56:15+00:00,VALID,314772.0,88,0,2026-09-23 12:56:00+00:00
2026-09-23 12:57:15+00:00,FF64,,120,64,2026-09-23 12:57:00+00:00
2026-09-23 12:58:15+00:00,VALID,314892.0,88,0,2026-09-23 12:58:00+00:00
2026-09-23 12:59:15+00:00,FF64,,120,64,2026-09-23 12:59:00+00:00
2026-09-23 13:00:15+00:00,VALID,315012.0,88,0,2026-09-23 13:00:00+00:00
2026-09-23 13:01:15+00:00,FF64,,121,64,2026-09-23 13:01:00+00:00
2026-09-23 13:02:15+00:00,VALID,315132.0,88,0,2026-09-23 13:02:00+00:00
2026-09-23 13:03:15+00:00,VALID,315192.0,88,0,2026-09-23 13:03:00+00:00
2026-09-23 13:04:15+00:00,VALID,315252.0,89,0,2026-09-23 13:04:00+00:00
2026-09-23 13:05:15+00:00,FF64,,121,64,2026-09-23 13:05:00+00:00
2026-09-23 13:06:15+00:00,VALID,315372.0,89,0,2026-09-23 13:06:00+00:00
2026-09-23 13:07:15+00:00,VALID,315432.0,89,0,2026-09-23 13:07:00+00:00
2026-09-23 13:08:15+00:00,VALID,315492.0,89,0,2026-09-23 13:08:00+00:00
2026-09-23 13:09:15+00:00,FF64,,121,64,2026-09-23 13:09:00+00:00
2026-09-23 13:10:15+00:00,VALID,315612.0,89,0,2026-09-23 13:10:00+00:00
2026-09-23 13:11:15+00:00,FF64,,121,64,2026-09-23 13:11:00+00:00
2026-09-23 13:12:15+00:00,VALID,315732.0,89,0,2026-09-23 13:12:00+00:00
2026-09-23 13:13:15+00:00,VALID,315792.0,89,0,2026-09-23 13:13:00+00:00
2026-09-23 13:14:15+00:00,VALID,315852.0,89,0,2026-09-23 13:14:00+00:00
2026-09-23 13:15:15+00:00,FF64,,121,64,2026-09-23 13:15:00+00:00
2026-09-23 13:16:15+00:00,VALID,315972.0,89,0,2026-09-23 13:16:00+00:00
2026-09-23 13:17:15+00:00,VALID,316032.0,89,0,2026-09-23 13:17:00+00:00
2026-09-23 13:18:15+00:00,VALID,316092.0,89,0,2026-09-23 13:18:00+00:00
2026-09-23 13:19:15+00:00,FF64,,121,64,2026-09-23 13:19:00+00:00
2026-09-23 13:20:15+00:00,VALID,316212.0,89,0,2026-09-23 13:20:00+00:00
2026-09-23 13:21:15+00:00,FF64,,121,64,2026-09-23 13:21:00+00:00
2026-09-23 13:22:15+00:00,VALID,316332.0,89,0,2026-09-23 13:22:00+00:00
2026-09-23 13:23:15+00:00,FF64,,121,64,2026-09-23 13:23:00+00:00
2026-09-23 13:24:15+00:00,VALID,316452.0,89,0,2026-09-23 13:24:00+00:00
2026-09-23 13:25:15+00:00,VALID,316512.0,89,0,2026-09-23 13:25:00+00:00
2026-09-23 13:26:15+00:00,VALID,316572.0,89,0,2026-09-23 13:26:00+00:00
2026-09-23 13:27:15+00:00,FF64,,121,64,2026-09-23 13:27:00+00:00
2026-09-23 13:28:15+00:00,VALID,316692.0,89,0,2026-09-23 13:28:00+00:00
2026-09-23 13:29:15+00:00,FF64,,121,64,2026-09-23 13:29:00+00:00
2026-09-23 13:30:15+00:00,VALID,316812.0,89,0,2026-09-23 13:30:00+00:00
2026-09-23 13:31:15+00:00,FF64,,121,64,2026-09-23 13:31:00+00:00
2026-09-23 13:32:15+00:00,VALID,316932.0,89,0,2026-09-23 13:32:00+00:00
2026-09-23 13:33:15+00:00,FF64,,121,64,2026-09-23 13:33:00+00:00
2026-09-23 13:34:15+00:00,VALID,317052.0,89,0,2026-09-23 13:34:00+00:00
2026-09-23 13:35:15+00:00,VALID,317112.0,89,0,2026-09-23 13:35:00+00:00
2026-09-23 13:36:15+00:00,VALID,317172.0,89,0,2026-09-23 13:36:00+00:00
2026-09-23 13:37:15+00:00,FF64,,121,64,2026-09-23 13:37:00+00:00
2026-09-23 13:38:15+00:00,VALID,317292.0,89,0,2026-09-23 13:38:00+00:00
2026-09-23 13:39:15+00:00,FF64,,121,64,2026-09-23 13:39:00+00:00
2026-09-23 13:40:15+00:00,VALID,317412.0,89,0,2026-09-23 13:40:00+00:00
2026-09-23 13:41:15+00:00,VALID,317472.0,89,0,2026-09-23 13:41:00+00:00
2026-09-23 13:42:15+00:00,VALID,317532.0,89,0,2026-09-23 13:42:00+00:00
2026-09-23 13:43:15+00:00,FF64,,121,64,2026-09-23 13:43:00+00:00
2026-09-23 13:44:15+00:00,VALID,317652.0,89,0,2026-09-23 13:44:00+00:00
2026-09-23 13:45:15+00:00,VALID,317712.0,89,0,2026-09-23 13:45:00+00:00
2026-09-23 13:46:15+00:00,VALID,317772.0,89,0,2026-09-23 13:46:00+00:00
2026-09-23 13:47:15+00:00,FF64,,121,64,2026-09-23 13:47:00+00:00
2026-09-23 13:48:15+00:00,VALID,317892.0,87,0,2026-09-23 13:48:00+00:00
2026-09-23 13:49:15+00:00,FF64,,119,64,2026-09-23 13:49:00+00:00
2026-09-23 13:50:15+00:00,VALID,318012.0,89,0,2026-09-23 13:50:00+00:00
2026-09-23 13:51:15+00:00,FF64,,121,64,2026-09-23 13:51:00+00:00
2026-09-23 13:52:15+00:00,VALID,318132.0,87,0,2026-09-23 13:52:00+00:00
2026-09-23 13:53:15+00:00,FF64,,119,64,2026-09-23 13:53:00+00:00
2026-09-23 13:54:15+00:00,VALID,318252.0,86,0,2026-09-23 13:54:00+00:00
2026-09-23 13:55:15+00:00,VALID,318312.0,87,0,2026-09-23 13:55:00+00:00
2026-09-23 13:56:15+00:00,VALID,318372.0,89,0,2026-09-23 13:56:00+00:00
2026-09-23 13:57:15+00:00,FF64,,121,64,2026-09-23 13:57:00+00:00
2026-09-23 13:58:15+00:00,VALID,318493.0,87,0,2026-09-23 13:58:00+00:00
2026-09-23 13:59:15+00:00,VALID,318553.0,86,0,2026-09-23 13:59:00+00:00
2026-09-23 14:00:15+00:00,VALID,318613.0,86,0,2026-09-23 14:00:00+00:00
2026-09-23 14:01:15+00:00,FF64,,120,64,2026-09-23 14:01:00+00:00
2026-09-23 14:02:15+00:00,VALID,318733.0,89,0,2026-09-23 14:02:00+00:00
2026-09-23 14:03:15+00:00,FF64,,118,64,2026-09-23 14:03:00+00:00
2026-09-23 14:04:15+00:00,VALID,318853.0,86,0,2026-09-23 14:04:00+00:00
2026-09-23 14:05:15+00:00,FF64,,118,64,2026-09-23 14:05:00+00:00
2026-09-23 14:06:15+00:00,VALID,318973.0,86,0,2026-09-23 14:06:00+00:00
2026-09-23 14:07:15+00:00,VALID,319033.0,86,0,2026-09-23 14:07:00+00:00
2026-09-23 14:08:15+00:00,VALID,319093.0,86,0,2026-09-23 14:08:00+00:00
2026-09-23 14:09:15+00:00,VALID,319153.0,86,0,2026-09-23 14:09:00+00:00
2026-09-23 14:10:15+00:00,VALID,319213.0,86,0,2026-09-23 14:10:00+00:00
2026-09-23 14:11:15+00:00,FF64,,118,64,2026-09-23 14:11:00+00:00
2026-09-23 14:12:15+00:00,VALID,319333.0,86,0,2026-09-23 14:12:00+00:00
2026-09-23 14:13:15+00:00,VALID,319393.0,86,0,2026-09-23 14:13:00+00:00
2026-09-23 14:14:15+00:00,VALID,319453.0,86,0,2026-09-23 14:14:00+00:00
2026-09-23 14:15:15+00:00,FF64,,118,64,2026-09-23 14:15:00+00:00
2026-09-23 14:16:15+00:00,VALID,319573.0,86,0,2026-09-23 14:16:00+00:00
2026-09-23 14:17:15+00:00,VALID,319633.0,86,0,2026-09-23 14:17:00+00:00
2026-09-23 14:18:15+00:00,VALID,319693.0,86,0,2026-09-23 14:18:00+00:00
2026-09-23 14:19:15+00:00,FF64,,118,64,2026-09-23 14:19:00+00:00
2026-09-23 14:20:15+00:00,VALID,319813.0,86,0,2026-09-23 14:20:00+00:00
2026-09-23 14:21:15+00:00,VALID,319873.0,86,0,2026-09-23 14:21:00+00:00
2026-09-23 14:22:15+00:00,VALID,319933.0,86,0,2026-09-23 14:22:00+00:00
2026-09-23 14:23:15+00:00,VALID,319993.0,86,0,2026-09-23 14:23:00+00:00
2026-09-23 14:24:15+00:00,VALID,320053.0,86,0,2026-09-23 14:24:00+00:00
2026-09-23 14:25:15+00:00,FF64,,118,64,2026-09-23 14:25:00+00:00
2026-09-23 14:26:15+00:00,VALID,320173.0,86,0,2026-09-23 14:26:00+00:00
2026-09-23 14:27:15+00:00,VALID,320233.0,86,0,2026-09-23 14:27:00+00:00
2026-09-23 14:28:15+00:00,VALID,320293.0,86,0,2026-09-23 14:28:00+00:00
2026-09-23 14:29:15+00:00,FF64,,118,64,2026-09-23 14:29:00+00:00
2026-09-23 14:30:15+00:00,VALID,320413.0,86,0,2026-09-23 14:30:00+00:00
2026-09-23 14:31:15+00:00,VALID,320473.0,86,0,2026-09-23 14:31:00+00:00
2026-09-23 14:32:15+00:00,VALID,320533.0,86,0,2026-09-23 14:32:00+00:00
2026-09-23 14:33:15+00:00,FF64,,118,64,2026-09-23 14:33:00+00:00
2026-09-23 14:34:15+00:00,VALID,320653.0,86,0,2026-09-23 14:34:00+00:00
2026-09-23 14:35:15+00:00,FF64,,118,64,2026-09-23 14:35:00+00:00
2026-09-23 14:36:15+00:00,VALID,320773.0,86,0,2026-09-23 14:36:00+00:00
2026-09-23 14:37:15+00:00,VALID,320833.0,86,0,2026-09-23 14:37:00+00:00
2026-09-23 14:38:15+00:00,VALID,320893.0,86,0,2026-09-23 14:38:00+00:00
2026-09-23 14:39:15+00:00,FF64,,118,64,2026-09-23 14:39:00+00:00
2026-09-23 14:40:15+00:00,VALID,321013.0,86,0,2026-09-23 14:40:00+00:00
2026-09-23 14:41:15+00:00,FF64,,118,64,2026-09-23 14:41:00+00:00
2026-09-23 14:42:15+00:00,VALID,321133.0,86,0,2026-09-23 14:42:00+00:00
2026-09-23 14:43:15+00:00,FF64,,118,64,2026-09-23 14:43:00+00:00
2026-09-23 14:44:15+00:00,VALID,321253.0,86,0,2026-09-23 14:44:00+00:00
2026-09-23 14:45:15+00:00,FF64,,118,64,2026-09-23 14:45:00+00:00
2026-09-23 14:46:15+00:00,VALID,321373.0,86,0,2026-09-23 14:46:00+00:00
2026-09-23 14:47:15+00:00,FF64,,118,64,2026-09-23 14:47:00+00:00
2026-09-23 14:48:15+00:00,VALID,321493.0,86,0,2026-09-23 14:48:00+00:00
2026-09-23 14:49:15+00:00,FF64,,118,64,2026-09-23 14:49:00+00:00
2026-09-23 14:50:15+00:00,VALID,321613.0,86,0,2026-09-23 14:50:00+00:00
2026-09-23 14:51:15+00:00,VALID,321673.0,86,0,2026-09-23 14:51:00+00:00
2026-09-23 14:52:15+00:00,VALID,321733.0,86,0,2026-09-23 14:52:00+00:00
2026-09-23 14:53:15+00:00,FF64,,118,64,2026-09-23 14:53:00+00:00
2026-09-23 14:54:15+00:00,VALID,321853.0,86,0,2026-09-23 14:54:00+00:00
2026-09-23 14:55:15+00:00,FF64,,118,64,2026-09-23 14:55:00+00:00
2026-09-23 14:56:15+00:00,VALID,321973.0,86,0,2026-09-23 14:56:00+00:00
2026-09-23 14:57:15+00:00,FF64,,118,64,2026-09-23 14:57:00+00:00
2026-09-23 14:58:15+00:00,VALID,322093.0,86,0,2026-09-23 14:58:00+00:00
2026-09-23 14:59:16+00:00,FF64,,118,64,2026-09-23 14:59:00+00:00
2026-09-23 15:00:16+00:00,VALID,322213.0,86,0,2026-09-23 15:00:00+00:00
2026-09-23 15:01:16+00:00,VALID,322273.0,86,0,2026-09-23 15:01:00+00:00
2026-09-23 15:02:16+00:00,VALID,322333.0,86,0,2026-09-23 15:02:00+00:00
2026-09-23 15:03:16+00:00,VALID,322393.0,86,0,2026-09-23 15:03:00+00:00
2026-09-23 15:04:16+00:00,VALID,322453.0,86,0,2026-09-23 15:04:00+00:00
2026-09-23 15:05:16+00:00,FF64,,118,64,2026-09-23 15:05:00+00:00
2026-09-23 15:06:16+00:00,VALID,322573.0,86,0,2026-09-23 15:06:00+00:00
2026-09-23 15:07:16+00:00,FF64,,118,64,2026-09-23 15:07:00+00:00
2026-09-23 15:08:16+00:00,VALID,322693.0,86,0,2026-09-23 15:08:00+00:00
2026-09-23 15:09:16+00:00,FF64,,118,64,2026-09-23 15:09:00+00:00
2026-09-23 15:10:16+00:00,VALID,322813.0,86,0,2026-09-23 15:10:00+00:00
2026-09-23 15:11:16+00:00,VALID,322873.0,86,0,2026-09-23 15:11:00+00:00
2026-09-23 15:12:16+00:00,VALID,322933.0,86,0,2026-09-23 15:12:00+00:00
2026-09-23 15:13:16+00:00,FF64,,118,64,2026-09-23 15:13:00+00:00
2026-09-23 15:14:16+00:00,VALID,323053.0,86,0,2026-09-23 15:14:00+00:00
2026-09-23 15:15:16+00:00,FF64,,118,64,2026-09-23 15:15:00+00:00
2026-09-23 15:16:16+00:00,VALID,323173.0,86,0,2026-09-23 15:16:00+00:00
2026-09-23 15:17:16+00:00,FF64,,118,64,2026-09-23 15:17:00+00:00
2026-09-23 15:18:16+00:00,VALID,323293.0,86,0,2026-09-23 15:18:00+00:00
2026-09-23 15:19:16+00:00,FF64,,118,64,2026-09-23 15:19:00+00:00
2026-09-23 15:20:16+00:00,VALID,323413.0,86,0,2026-09-23 15:20:00+00:00
2026-09-23 15:21:16+00:00,VALID,323473.0,86,0,2026-09-23 15:21:00+00:00
2026-09-23 15:22:16+00:00,VALID,323533.0,86,0,2026-09-23 15:22:00+00:00
2026-09-23 15:23:16+00:00,VALID,323593.0,86,0,2026-09-23 15:23:00+00:00
2026-09-23 15:24:16+00:00,VALID,323653.0,86,0,2026-09-23 15:24:00+00:00
2026-09-23 15:25:16+00:00,FF64,,118,64,2026-09-23 15:25:00+00:00
2026-09-23 15:26:16+00:00,VALID,323773.0,86,0,2026-09-23 15:26:00+00:00
2026-09-23 15:27:16+00:00,FF64,,118,64,2026-09-23 15:27:00+00:00
2026-09-23 15:28:16+00:00,VALID,323893.0,86,0,2026-09-23 15:28:00+00:00
2026-09-23 15:29:16+00:00,FF64,,118,64,2026-09-23 15:29:00+00:00
2026-09-23 15:30:16+00:00,VALID,324013.0,86,0,2026-09-23 15:30:00+00:00
2026-09-23 15:31:16+00:00,VALID,324073.0,86,0,2026-09-23 15:31:00+00:00
2026-09-23 15:32:16+00:00,VALID,324133.0,86,0,2026-09-23 15:32:00+00:00
2026-09-23 15:33:16+00:00,FF64,,118,64,2026-09-23 15:33:00+00:00
2026-09-23 15:34:16+00:00,VALID,324253.0,86,0,2026-09-23 15:34:00+00:00
2026-09-23 15:35:16+00:00,FF64,,118,64,2026-09-23 15:35:00+00:00
2026-09-23 15:36:16+00:00,VALID,324373.0,86,0,2026-09-23 15:36:00+00:00
2026-09-23 15:37:16+00:00,FF64,,118,64,2026-09-23 15:37:00+00:00
2026-09-23 15:38:16+00:00,VALID,324493.0,86,0,2026-09-23 15:38:00+00:00
2026-09-23 15:39:16+00:00,VALID,324553.0,86,0,2026-09-23 15:39:00+00:00
2026-09-23 15:40:16+00:00,VALID,324613.0,86,0,2026-09-23 15:40:00+00:00
2026-09-23 15:41:16+00:00,FF64,,118,64,2026-09-23 15:41:00+00:00
2026-09-23 15:42:16+00:00,VALID,324733.0,86,0,2026-09-23 15:42:00+00:00
2026-09-23 15:43:16+00:00,FF64,,118,64,2026-09-23 15:43:00+00:00
2026-09-23 15:44:16+00:00,VALID,324853.0,86,0,2026-09-23 15:44:00+00:00
2026-09-23 15:45:16+00:00,FF64,,118,64,2026-09-23 15:45:00+00:00
2026-09-23 15:46:16+00:00,VALID,324973.0,88,0,2026-09-23 15:46:00+00:00
2026-09-23 15:47:16+00:00,VALID,325033.0,89,0,2026-09-23 15:47:00+00:00
2026-09-23 15:48:16+00:00,VALID,325093.0,89,0,2026-09-23 15:48:00+00:00
2026-09-23 15:49:16+00:00,FF64,,121,64,2026-09-23 15:49:00+00:00
2026-09-23 15:50:16+00:00,VALID,325213.0,89,0,2026-09-23 15:50:00+00:00
2026-09-23 15:51:16+00:00,FF64,,121,64,2026-09-23 15:51:00+00:00
2026-09-23 15:52:16+00:00,VALID,325333.0,89,0,2026-09-23 15:52:00+00:00
2026-09-23 15:53:16+00:00,VALID,325393.0,89,0,2026-09-23 15:53:00+00:00
2026-09-23 15:54:16+00:00,VALID,325453.0,89,0,2026-09-23 15:54:00+00:00
2026-09-23 15:55:16+00:00,FF64,,121,64,2026-09-23 15:55:00+00:00
2026-09-23 15:56:16+00:00,VALID,325573.0,89,0,2026-09-23 15:56:00+00:00
2026-09-23 15:57:16+00:00,VALID,325633.0,89,0,2026-09-23 15:57:00+00:00
2026-09-23 15:58:16+00:00,VALID,325693.0,89,0,2026-09-23 15:58:00+00:00
2026-09-23 15:59:16+00:00,VALID,325753.0,89,0,2026-09-23 15:59:00+00:00
2026-09-23 16:00:16+00:00,VALID,325813.0,89,0,2026-09-23 16:00:00+00:00
2026-09-23 16:01:16+00:00,VALID,325873.0,89,0,2026-09-23 16:01:00+00:00
2026-09-23 16:02:16+00:00,VALID,325933.0,89,0,2026-09-23 16:02:00+00:00
2026-09-23 16:03:16+00:00,FF64,,121,64,2026-09-23 16:03:00+00:00
2026-09-23 16:04:16+00:00,VALID,326053.0,89,0,2026-09-23 16:04:00+00:00
2026-09-23 16:05:16+00:00,FF64,,121,64,2026-09-23 16:05:00+00:00
2026-09-23 16:06:16+00:00,VALID,326173.0,89,0,2026-09-23 16:06:00+00:00
2026-09-23 16:07:16+00:00,VALID,326233.0,89,0,2026-09-23 16:07:00+00:00
2026-09-23 16:08:16+00:00,VALID,326293.0,89,0,2026-09-23 16:08:00+00:00
2026-09-23 16:09:16+00:00,FF64,,121,64,2026-09-23 16:09:00+00:00
2026-09-23 16:10:16+00:00,VALID,326413.0,89,0,2026-09-23 16:10:00+00:00
2026-09-23 16:11:16+00:00,FF64,,121,64,2026-09-23 16:11:00+00:00
2026-09-23 16:12:16+00:00,VALID,326533.0,89,0,2026-09-23 16:12:00+00:00
2026-09-23 16:13:16+00:00,FF64,,120,64,2026-09-23 16:13:00+00:00
2026-09-23 16:14:16+00:00,VALID,326653.0,86,0,2026-09-23 16:14:00+00:00
2026-09-23 16:15:16+00:00,VALID,326713.0,88,0,2026-09-23 16:15:00+00:00
2026-09-23 16:16:16+00:00,VALID,326773.0,89,0,2026-09-23 16:16:00+00:00
2026-09-23 16:17:16+00:00,FF64,,121,64,2026-09-23 16:17:00+00:00
2026-09-23 16:18:16+00:00,VALID,326893.0,89,0,2026-09-23 16:18:00+00:00
2026-09-23 16:19:16+00:00,FF64,,121,64,2026-09-23 16:19:00+00:00
2026-09-23 16:20:16+00:00,VALID,327013.0,87,0,2026-09-23 16:20:00+00:00
2026-09-23 16:21:16+00:00,FF64,,118,64,2026-09-23 16:21:00+00:00
2026-09-23 16:22:16+00:00,VALID,327133.0,86,0,2026-09-23 16:22:00+00:00
2026-09-23 16:23:16+00:00,VALID,327193.0,86,0,2026-09-23 16:23:00+00:00
2026-09-23 16:24:16+00:00,VALID,327253.0,86,0,2026-09-23 16:24:00+00:00
2026-09-23 16:25:16+00:00,FF64,,118,64,2026-09-23 16:25:00+00:00
2026-09-23 16:26:16+00:00,VALID,327373.0,86,0,2026-09-23 16:26:00+00:00
2026-09-23 16:27:16+00:00,FF64,,118,64,2026-09-23 16:27:00+00:00
2026-09-23 16:28:16+00:00,VALID,327493.0,86,0,2026-09-23 16:28:00+00:00
2026-09-23 16:29:16+00:00,FF64,,118,64,2026-09-23 16:29:00+00:00
2026-09-23 16:30:16+00:00,VALID,327613.0,86,0,2026-09-23 16:30:00+00:00
2026-09-23 16:31:16+00:00,VALID,327673.0,89,0,2026-09-23 16:31:00+00:00
2026-09-23 16:32:16+00:00,VALID,327733.0,89,0,2026-09-23 16:32:00+00:00
2026-09-23 16:33:16+00:00,FF64,,121,64,2026-09-23 16:33:00+00:00
2026-09-23 16:34:16+00:00,VALID,327853.0,89,0,2026-09-23 16:34:00+00:00
2026-09-23 16:35:16+00:00,VALID,327913.0,89,0,2026-09-23 16:35:00+00:00
2026-09-23 16:36:16+00:00,VALID,327973.0,89,0,2026-09-23 16:36:00+00:00
2026-09-23 16:37:16+00:00,FF64,,121,64,2026-09-23 16:37:00+00:00
2026-09-23 16:38:16+00:00,VALID,328093.0,89,0,2026-09-23 16:38:00+00:00
2026-09-23 16:39:16+00:00,VALID,328153.0,89,0,2026-09-23 16:39:00+00:00
2026-09-23 16:40:16+00:00,VALID,328213.0,89,0,2026-09-23 16:40:00+00:00
2026-09-23 16:41:16+00:00,FF64,,121,64,2026-09-23 16:41:00+00:00
2026-09-23 16:42:16+00:00,VALID,328333.0,89,0,2026-09-23 16:42:00+00:00
2026-09-23 16:43:16+00:00,FF64,,121,64,2026-09-23 16:43:00+00:00
2026-09-23 16:44:16+00:00,VALID,328453.0,89,0,2026-09-23 16:44:00+00:00
2026-09-23 16:45:16+00:00,FF64,,121,64,2026-09-23 16:45:00+00:00
2026-09-23 16:46:16+00:00,VALID,328573.0,89,0,2026-09-23 16:46:00+00:00
2026-09-23 16:47:16+00:00,VALID,328633.0,89,0,2026-09-23 16:47:00+00:00
2026-09-23 16:48:16+00:00,VALID,328693.0,89,0,2026-09-23 16:48:00+00:00
2026-09-23 16:49:16+00:00,FF64,,121,64,2026-09-23 16:49:00+00:00
2026-09-23 16:50:16+00:00,VALID,328813.0,89,0,2026-09-23 16:50:00+00:00
2026-09-23 16:51:16+00:00,VALID,328873.0,89,0,2026-09-23 16:51:00+00:00
2026-09-23 16:52:16+00:00,VALID,328933.0,89,0,2026-09-23 16:52:00+00:00
2026-09-23 16:53:16+00:00,FF64,,121,64,2026-09-23 16:53:00+00:00
2026-09-23 16:54:16+00:00,VALID,329053.0,89,0,2026-09-23 16:54:00+00:00
2026-09-23 16:55:16+00:00,FF64,,118,64,2026-09-23 16:55:00+00:00
2026-09-23 16:56:16+00:00,VALID,329173.0,86,0,2026-09-23 16:56:00+00:00
2026-09-23 16:57:16+00:00,FF64,,118,64,2026-09-23 16:57:00+00:00
2026-09-23 16:58:16+00:00,VALID,329293.0,85,0,2026-09-23 16:58:00+00:00
2026-09-23 16:59:16+00:00,FF64,,117,64,2026-09-23 16:59:00+00:00
2026-09-23 17:00:16+00:00,VALID,329413.0,86,0,2026-09-23 17:00:00+00:00
2026-09-23 17:01:16+00:00,FF64,,118,64,2026-09-23 17:01:00+00:00
2026-09-23 17:02:16+00:00,VALID,329533.0,86,0,2026-09-23 17:02:00+00:00
2026-09-23 17:03:16+00:00,FF64,,118,64,2026-09-23 17:03:00+00:00
2026-09-23 17:04:16+00:00,VALID,329653.0,86,0,2026-09-23 17:04:00+00:00
2026-09-23 17:05:16+00:00,VALID,329713.0,86,0,2026-09-23 17:05:00+00:00
2026-09-23 17:06:16+00:00,VALID,329773.0,86,0,2026-09-23 17:06:00+00:00
2026-09-23 17:07:16+00:00,FF64,,118,64,2026-09-23 17:07:00+00:00
2026-09-23 17:08:16+00:00,VALID,329893.0,86,0,2026-09-23 17:08:00+00:00
2026-09-23 17:09:16+00:00,FF64,,118,64,2026-09-23 17:09:00+00:00
2026-09-23 17:10:16+00:00,VALID,330013.0,86,0,2026-09-23 17:10:00+00:00
2026-09-23 17:11:16+00:00,VALID,330073.0,86,0,2026-09-23 17:11:00+00:00
2026-09-23 17:12:16+00:00,VALID,330133.0,86,0,2026-09-23 17:12:00+00:00
2026-09-23 17:13:16+00:00,FF64,,118,64,2026-09-23 17:13:00+00:00
2026-09-23 17:14:16+00:00,VALID,330253.0,86,0,2026-09-23 17:14:00+00:00
2026-09-23 17:15:16+00:00,VALID,330313.0,86,0,2026-09-23 17:15:00+00:00
2026-09-23 17:16:16+00:00,VALID,330373.0,86,0,2026-09-23 17:16:00+00:00
2026-09-23 17:17:16+00:00,FF64,,118,64,2026-09-23 17:17:00+00:00
2026-09-23 17:18:16+00:00,VALID,330493.0,86,0,2026-09-23 17:18:00+00:00
2026-09-23 17:19:16+00:00,FF64,,118,64,2026-09-23 17:19:00+00:00
2026-09-23 17:20:16+00:00,VALID,330613.0,86,0,2026-09-23 17:20:00+00:00
2026-09-23 17:21:16+00:00,FF64,,118,64,2026-09-23 17:21:00+00:00
2026-09-23 17:22:16+00:00,VALID,330733.0,86,0,2026-09-23 17:22:00+00:00
2026-09-23 17:23:16+00:00,FF64,,118,64,2026-09-23 17:23:00+00:00
2026-09-23 17:24:16+00:00,VALID,330853.0,86,0,2026-09-23 17:24:00+00:00
2026-09-23 17:25:16+00:00,FF64,,118,64,2026-09-23 17:25:00+00:00
2026-09-23 17:26:16+00:00,VALID,330973.0,86,0,2026-09-23 17:26:00+00:00
2026-09-23 17:27:16+00:00,VALID,331033.0,86,0,2026-09-23 17:27:00+00:00
2026-09-23 17:28:16+00:00,VALID,331093.0,86,0,2026-09-23 17:28:00+00:00
2026-09-23 17:29:16+00:00,VALID,331153.0,88,0,2026-09-23 17:29:00+00:00
2026-09-23 17:30:16+00:00,VALID,331213.0,89,0,2026-09-23 17:30:00+00:00
2026-09-23 17:31:16+00:00,FF64,,121,64,2026-09-23 17:31:00+00:00
2026-09-23 17:32:16+00:00,VALID,331333.0,89,0,2026-09-23 17:32:00+00:00
2026-09-23 17:33:16+00:00,FF64,,121,64,2026-09-23 17:33:00+00:00
2026-09-23 17:34:16+00:00,VALID,331453.0,89,0,2026-09-23 17:34:00+00:00
2026-09-23 17:35:16+00:00,FF64,,121,64,2026-09-23 17:35:00+00:00
2026-09-23 17:36:16+00:00,VALID,331573.0,89,0,2026-09-23 17:36:00+00:00
2026-09-23 17:37:16+00:00,FF64,,121,64,2026-09-23 17:37:00+00:00
2026-09-23 17:38:16+00:00,VALID,331693.0,89,0,2026-09-23 17:38:00+00:00
2026-09-23 17:39:16+00:00,VALID,331753.0,89,0,2026-09-23 17:39:00+00:00
2026-09-23 17:40:16+00:00,VALID,331813.0,89,0,2026-09-23 17:40:00+00:00
2026-09-23 17:41:16+00:00,VALID,331873.0,89,0,2026-09-23 17:41:00+00:00
2026-09-23 17:42:16+00:00,VALID,331933.0,89,0,2026-09-23 17:42:00+00:00
2026-09-23 17:43:16+00:00,FF64,,121,64,2026-09-23 17:43:00+00:00
2026-09-23 17:44:16+00:00,VALID,332053.0,89,0,2026-09-23 17:44:00+00:00
2026-09-23 17:45:16+00:00,FF64,,121,64,2026-09-23 17:45:00+00:00
2026-09-23 17:46:16+00:00,VALID,332173.0,89,0,2026-09-23 17:46:00+00:00
2026-09-23 17:47:16+00:00,VALID,332233.0,89,0,2026-09-23 17:47:00+00:00
2026-09-23 17:48:16+00:00,VALID,332293.0,89,0,2026-09-23 17:48:00+00:00
2026-09-23 17:49:16+00:00,FF64,,121,64,2026-09-23 17:49:00+00:00
2026-09-23 17:50:16+00:00,VALID,332413.0,89,0,2026-09-23 17:50:00+00:00
2026-09-23 17:51:16+00:00,FF64,,121,64,2026-09-23 17:51:00+00:00
2026-09-23 17:52:16+00:00,VALID,332533.0,89,0,2026-09-23 17:52:00+00:00
2026-09-23 17:53:16+00:00,FF64,,121,64,2026-09-23 17:53:00+00:00
2026-09-23 17:54:16+00:00,VALID,332653.0,89,0,2026-09-23 17:54:00+00:00
2026-09-23 17:55:16+00:00,VALID,332713.0,89,0,2026-09-23 17:55:00+00:00
2026-09-23 17:56:16+00:00,VALID,332773.0,89,0,2026-09-23 17:56:00+00:00
2026-09-23 17:57:16+00:00,VALID,332833.0,89,0,2026-09-23 17:57:00+00:00
2026-09-23 17:58:16+00:00,VALID,332893.0,89,0,2026-09-23 17:58:00+00:00
2026-09-23 17:59:16+00:00,VALID,332953.0,89,0,2026-09-23 17:59:00+00:00
2026-09-23 18:00:16+00:00,VALID,333013.0,89,0,2026-09-23 18:00:00+00:00
2026-09-23 18:01:16+00:00,VALID,333073.0,89,0,2026-09-23 18:01:00+00:00
2026-09-23 18:02:16+00:00,VALID,333133.0,89,0,2026-09-23 18:02:00+00:00
2026-09-23 18:03:16+00:00,FF64,,121,64,2026-09-23 18:03:00+00:00
2026-09-23 18:04:16+00:00,VALID,333253.0,89,0,2026-09-23 18:04:00+00:00
2026-09-23 18:05:16+00:00,FF64,,121,64,2026-09-23 18:05:00+00:00
2026-09-23 18:06:16+00:00,VALID,333373.0,89,0,2026-09-23 18:06:00+00:00
2026-09-23 18:07:16+00:00,FF64,,121,64,2026-09-23 18:07:00+00:00
2026-09-23 18:08:16+00:00,VALID,333493.0,89,0,2026-09-23 18:08:00+00:00
2026-09-23 18:09:16+00:00,FF64,,121,64,2026-09-23 18:09:00+00:00
2026-09-23 18:10:16+00:00,VALID,333613.0,89,0,2026-09-23 18:10:00+00:00
2026-09-23 18:11:16+00:00,FF64,,121,64,2026-09-23 18:11:00+00:00
2026-09-23 18:12:16+00:00,VALID,333733.0,89,0,2026-09-23 18:12:00+00:00
2026-09-23 18:13:16+00:00,FF64,,121,64,2026-09-23 18:13:00+00:00
2026-09-23 18:14:16+00:00,VALID,333853.0,89,0,2026-09-23 18:14:00+00:00
2026-09-23 18:15:16+00:00,FF64,,121,64,2026-09-23 18:15:00+00:00
2026-09-23 18:16:16+00:00,VALID,333973.0,89,0,2026-09-23 18:16:00+00:00
2026-09-23 18:17:16+00:00,VALID,334033.0,89,0,2026-09-23 18:17:00+00:00
2026-09-23 18:18:16+00:00,VALID,334093.0,89,0,2026-09-23 18:18:00+00:00
2026-09-23 18:19:16+00:00,FF64,,121,64,2026-09-23 18:19:00+00:00
2026-09-23 18:20:16+00:00,VALID,334213.0,89,0,2026-09-23 18:20:00+00:00
2026-09-23 18:21:16+00:00,FF64,,121,64,2026-09-23 18:21:00+00:00
2026-09-23 18:22:16+00:00,VALID,334333.0,89,0,2026-09-23 18:22:00+00:00
2026-09-23 18:23:16+00:00,FF64,,121,64,2026-09-23 18:23:00+00:00
2026-09-23 18:24:16+00:00,VALID,334453.0,89,0,2026-09-23 18:24:00+00:00
2026-09-23 18:25:16+00:00,VALID,334513.0,89,0,2026-09-23 18:25:00+00:00
2026-09-23 18:26:16+00:00,VALID,334573.0,89,0,2026-09-23 18:26:00+00:00
2026-09-23 18:27:16+00:00,FF64,,121,64,2026-09-23 18:27:00+00:00
2026-09-23 18:28:16+00:00,VALID,334693.0,89,0,2026-09-23 18:28:00+00:00
2026-09-23 18:29:16+00:00,FF64,,121,64,2026-09-23 18:29:00+00:00
2026-09-23 18:30:16+00:00,VALID,334813.0,89,0,2026-09-23 18:30:00+00:00
2026-09-23 18:31:16+00:00,FF64,,121,64,2026-09-23 18:31:00+00:00
2026-09-23 18:32:16+00:00,VALID,334933.0,89,0,2026-09-23 18:32:00+00:00
2026-09-23 18:33:16+00:00,VALID,334993.0,89,0,2026-09-23 18:33:00+00:00
2026-09-23 18:34:16+00:00,VALID,335053.0,89,0,2026-09-23 18:34:00+00:00
2026-09-23 18:35:16+00:00,VALID,335113.0,89,0,2026-09-23 18:35:00+00:00
2026-09-23 18:36:16+00:00,VALID,335173.0,89,0,2026-09-23 18:36:00+00:00
2026-09-23 18:37:16+00:00,VALID,335233.0,89,0,2026-09-23 18:37:00+00:00
2026-09-23 18:38:16+00:00,VALID,335293.0,89,0,2026-09-23 18:38:00+00:00
2026-09-23 18:39:16+00:00,FF64,,121,64,2026-09-23 18:39:00+00:00
2026-09-23 18:40:16+00:00,VALID,335413.0,89,0,2026-09-23 18:40:00+00:00
2026-09-23 18:41:16+00:00,FF64,,121,64,2026-09-23 18:41:00+00:00
2026-09-23 18:42:16+00:00,VALID,335533.0,89,0,2026-09-23 18:42:00+00:00
2026-09-23 18:43:16+00:00,FF64,,121,64,2026-09-23 18:43:00+00:00
2026-09-23 18:44:16+00:00,VALID,335653.0,89,0,2026-09-23 18:44:00+00:00
2026-09-23 18:45:16+00:00,FF64,,121,64,2026-09-23 18:45:00+00:00
2026-09-23 18:46:16+00:00,VALID,335773.0,89,0,2026-09-23 18:46:00+00:00
2026-09-23 18:47:16+00:00,FF64,,121,64,2026-09-23 18:47:00+00:00
2026-09-23 18:48:16+00:00,VALID,335893.0,89,0,2026-09-23 18:48:00+00:00
2026-09-23 18:49:16+00:00,FF64,,121,64,2026-09-23 18:49:00+00:00
2026-09-23 18:50:16+00:00,VALID,336013.0,89,0,2026-09-23 18:50:00+00:00
2026-09-23 18:51:16+00:00,FF64,,121,64,2026-09-23 18:51:00+00:00
2026-09-23 18:52:16+00:00,VALID,336133.0,89,0,2026-09-23 18:52:00+00:00
2026-09-23 18:53:16+00:00,FF64,,121,64,2026-09-23 18:53:00+00:00
2026-09-23 18:54:16+00:00,VALID,336253.0,89,0,2026-09-23 18:54:00+00:00
2026-09-23 18:55:16+00:00,FF64,,121,64,2026-09-23 18:55:00+00:00
2026-09-23 18:56:16+00:00,VALID,336373.0,89,0,2026-09-23 18:56:00+00:00
2026-09-23 18:57:16+00:00,FF64,,121,64,2026-09-23 18:57:00+00:00
2026-09-23 18:58:16+00:00,VALID,336493.0,89,0,2026-09-23 18:58:00+00:00
2026-09-23 18:59:16+00:00,FF64,,121,64,2026-09-23 18:59:00+00:00
2026-09-23 19:00:16+00:00,VALID,336613.0,89,0,2026-09-23 19:00:00+00:00
2026-09-23 19:01:16+00:00,VALID,336673.0,89,0,2026-09-23 19:01:00+00:00
2026-09-23 19:02:16+00:00,VALID,336733.0,89,0,2026-09-23 19:02:00+00:00
2026-09-23 19:03:16+00:00,FF64,,121,64,2026-09-23 19:03:00+00:00
2026-09-23 19:04:16+00:00,VALID,336853.0,89,0,2026-09-23 19:04:00+00:00
2026-09-23 19:05:16+00:00,FF64,,121,64,2026-09-23 19:05:00+00:00
2026-09-23 19:06:16+00:00,VALID,336973.0,89,0,2026-09-23 19:06:00+00:00
2026-09-23 19:07:16+00:00,FF64,,121,64,2026-09-23 19:07:00+00:00
2026-09-23 19:08:16+00:00,VALID,337093.0,89,0,2026-09-23 19:08:00+00:00
2026-09-23 19:09:16+00:00,VALID,337153.0,89,0,2026-09-23 19:09:00+00:00
2026-09-23 19:10:16+00:00,VALID,337213.0,89,0,2026-09-23 19:10:00+00:00
2026-09-23 19:11:16+00:00,VALID,337273.0,89,0,2026-09-23 19:11:00+00:00
2026-09-23 19:12:16+00:00,VALID,337333.0,89,0,2026-09-23 19:12:00+00:00
2026-09-23 19:13:16+00:00,VALID,337393.0,89,0,2026-09-23 19:13:00+00:00
2026-09-23 19:14:16+00:00,VALID,337453.0,89,0,2026-09-23 19:14:00+00:00
2026-09-23 19:15:16+00:00,FF64,,121,64,2026-09-23 19:15:00+00:00
2026-09-23 19:16:16+00:00,VALID,337573.0,89,0,2026-09-23 19:16:00+00:00
2026-09-23 19:17:16+00:00,FF64,,121,64,2026-09-23 19:17:00+00:00
2026-09-23 19:18:16+00:00,VALID,337693.0,89,0,2026-09-23 19:18:00+00:00
2026-09-23 19:19:16+00:00,FF64,,121,64,2026-09-23 19:19:00+00:00
2026-09-23 19:20:16+00:00,VALID,337813.0,89,0,2026-09-23 19:20:00+00:00
2026-09-23 19:21:16+00:00,VALID,337873.0,87,0,2026-09-23 19:21:00+00:00
2026-09-23 19:22:16+00:00,VALID,337933.0,86,0,2026-09-23 19:22:00+00:00
2026-09-23 19:23:16+00:00,FF64,,118,64,2026-09-23 19:23:00+00:00
2026-09-23 19:24:16+00:00,VALID,338053.0,86,0,2026-09-23 19:24:00+00:00
2026-09-23 19:25:16+00:00,FF64,,118,64,2026-09-23 19:25:00+00:00
2026-09-23 19:26:16+00:00,VALID,338173.0,86,0,2026-09-23 19:26:00+00:00
2026-09-23 19:27:16+00:00,VALID,338233.0,86,0,2026-09-23 19:27:00+00:00
2026-09-23 19:28:16+00:00,VALID,338293.0,86,0,2026-09-23 19:28:00+00:00
2026-09-23 19:29:16+00:00,VALID,338353.0,86,0,2026-09-23 19:29:00+00:00
2026-09-23 19:30:16+00:00,VALID,338413.0,86,0,2026-09-23 19:30:00+00:00
2026-09-23 19:31:16+00:00,FF64,,118,64,2026-09-23 19:31:00+00:00
2026-09-23 19:32:16+00:00,VALID,338533.0,86,0,2026-09-23 19:32:00+00:00
2026-09-23 19:33:16+00:00,FF64,,118,64,2026-09-23 19:33:00+00:00
2026-09-23 19:34:16+00:00,VALID,338653.0,86,0,2026-09-23 19:34:00+00:00
2026-09-23 19:35:16+00:00,FF64,,118,64,2026-09-23 19:35:00+00:00
2026-09-23 19:36:16+00:00,VALID,338773.0,86,0,2026-09-23 19:36:00+00:00
2026-09-23 19:37:16+00:00,VALID,338833.0,86,0,2026-09-23 19:37:00+00:00
2026-09-23 19:38:16+00:00,VALID,338893.0,89,0,2026-09-23 19:38:00+00:00
2026-09-23 19:39:16+00:00,VALID,338953.0,89,0,2026-09-23 19:39:00+00:00
2026-09-23 19:40:16+00:00,VALID,339013.0,89,0,2026-09-23 19:40:00+00:00
2026-09-23 19:41:16+00:00,VALID,339073.0,89,0,2026-09-23 19:41:00+00:00
2026-09-23 19:42:16+00:00,VALID,339133.0,89,0,2026-09-23 19:42:00+00:00
2026-09-23 19:43:16+00:00,FF64,,121,64,2026-09-23 19:43:00+00:00
2026-09-23 19:44:16+00:00,VALID,339253.0,89,0,2026-09-23 19:44:00+00:00
2026-09-23 19:45:16+00:00,FF64,,121,64,2026-09-23 19:45:00+00:00
2026-09-23 19:46:16+00:00,VALID,339373.0,89,0,2026-09-23 19:46:00+00:00
2026-09-23 19:47:16+00:00,FF64,,121,64,2026-09-23 19:47:00+00:00
2026-09-23 19:48:16+00:00,VALID,339493.0,89,0,2026-09-23 19:48:00+00:00
2026-09-23 19:49:16+00:00,FF64,,121,64,2026-09-23 19:49:00+00:00
2026-09-23 19:50:16+00:00,VALID,339613.0,89,0,2026-09-23 19:50:00+00:00
2026-09-23 19:51:16+00:00,FF64,,121,64,2026-09-23 19:51:00+00:00
2026-09-23 19:52:16+00:00,VALID,339733.0,89,0,2026-09-23 19:52:00+00:00
2026-09-23 19:53:16+00:00,FF64,,121,64,2026-09-23 19:53:00+00:00
2026-09-23 19:54:16+00:00,VALID,339853.0,89,0,2026-09-23 19:54:00+00:00
2026-09-23 19:55:16+00:00,VALID,339913.0,89,0,2026-09-23 19:55:00+00:00
2026-09-23 19:56:16+00:00,VALID,339973.0,89,0,2026-09-23 19:56:00+00:00
2026-09-23 19:57:16+00:00,FF64,,121,64,2026-09-23 19:57:00+00:00
2026-09-23 19:58:16+00:00,VALID,340093.0,89,0,2026-09-23 19:58:00+00:00
2026-09-23 19:59:16+00:00,FF64,,121,64,2026-09-23 19:59:00+00:00
2026-09-23 20:00:16+00:00,VALID,340213.0,89,0,2026-09-23 20:00:00+00:00
2026-09-23 20:01:16+00:00,FF64,,121,64,2026-09-23 20:01:00+00:00
2026-09-23 20:02:16+00:00,VALID,340333.0,89,0,2026-09-23 20:02:00+00:00
2026-09-23 20:03:16+00:00,VALID,340393.0,89,0,2026-09-23 20:03:00+00:00
2026-09-23 20:04:16+00:00,VALID,340453.0,89,0,2026-09-23 20:04:00+00:00
2026-09-23 20:05:16+00:00,FF64,,121,64,2026-09-23 20:05:00+00:00
2026-09-23 20:06:16+00:00,VALID,340573.0,89,0,2026-09-23 20:06:00+00:00
2026-09-23 20:07:16+00:00,VALID,340633.0,89,0,2026-09-23 20:07:00+00:00
2026-09-23 20:08:16+00:00,VALID,340693.0,89,0,2026-09-23 20:08:00+00:00
2026-09-23 20:09:16+00:00,FF64,,121,64,2026-09-23 20:09:00+00:00
2026-09-23 20:10:16+00:00,VALID,340813.0,89,0,2026-09-23 20:10:00+00:00
2026-09-23 20:11:16+00:00,FF64,,121,64,2026-09-23 20:11:00+00:00
2026-09-23 20:12:16+00:00,VALID,340933.0,89,0,2026-09-23 20:12:00+00:00
2026-09-23 20:13:16+00:00,VALID,340993.0,89,0,2026-09-23 20:13:00+00:00
2026-09-23 20:14:16+00:00,VALID,341053.0,89,0,2026-09-23 20:14:00+00:00
2026-09-23 20:15:16+00:00,FF64,,121,64,2026-09-23 20:15:00+00:00
2026-09-23 20:16:16+00:00,VALID,341173.0,89,0,2026-09-23 20:16:00+00:00
2026-09-23 20:17:16+00:00,FF64,,121,64,2026-09-23 20:17:00+00:00
2026-09-23 20:18:16+00:00,VALID,341293.0,89,0,2026-09-23 20:18:00+00:00
2026-09-23 20:19:16+00:00,FF64,,121,64,2026-09-23 20:19:00+00:00
2026-09-23 20:20:16+00:00,VALID,341413.0,89,0,2026-09-23 20:20:00+00:00
2026-09-23 20:21:16+00:00,VALID,341473.0,89,0,2026-09-23 20:21:00+00:00
2026-09-23 20:22:16+00:00,VALID,341533.0,89,0,2026-09-23 20:22:00+00:00
2026-09-23 20:23:16+00:00,FF64,,121,64,2026-09-23 20:23:00+00:00
2026-09-23 20:24:16+00:00,VALID,341653.0,89,0,2026-09-23 20:24:00+00:00
2026-09-23 20:25:16+00:00,FF64,,121,64,2026-09-23 20:25:00+00:00
2026-09-23 20:26:16+00:00,VALID,341773.0,89,0,2026-09-23 20:26:00+00:00
2026-09-23 20:27:16+00:00,FF64,,121,64,2026-09-23 20:27:00+00:00
2026-09-23 20:28:16+00:00,VALID,341893.0,89,0,2026-09-23 20:28:00+00:00
2026-09-23 20:29:16+00:00,VALID,341953.0,89,0,2026-09-23 20:29:00+00:00
2026-09-23 20:30:16+00:00,VALID,342013.0,89,0,2026-09-23 20:30:00+00:00
2026-09-23 20:31:16+00:00,VALID,342073.0,89,0,2026-09-23 20:31:00+00:00
2026-09-23 20:32:16+00:00,VALID,342133.0,89,0,2026-09-23 20:32:00+00:00
2026-09-23 20:33:16+00:00,FF64,,121,64,2026-09-23 20:33:00+00:00
2026-09-23 20:34:16+00:00,VALID,342253.0,89,0,2026-09-23 20:34:00+00:00
2026-09-23 20:35:16+00:00,FF64,,121,64,2026-09-23 20:35:00+00:00
2026-09-23 20:36:16+00:00,VALID,342373.0,89,0,2026-09-23 20:36:00+00:00
2026-09-23 20:37:16+00:00,FF64,,121,64,2026-09-23 20:37:00+00:00
2026-09-23 20:38:16+00:00,VALID,342493.0,89,0,2026-09-23 20:38:00+00:00
2026-09-23 20:39:16+00:00,FF64,,121,64,2026-09-23 20:39:00+00:00
2026-09-23 20:40:16+00:00,VALID,342613.0,87,0,2026-09-23 20:40:00+00:00
2026-09-23 20:41:16+00:00,FF64,,118,64,2026-09-23 20:41:00+00:00
2026-09-23 20:42:16+00:00,VALID,342733.0,86,0,2026-09-23 20:42:00+00:00
2026-09-23 20:43:16+00:00,FF64,,118,64,2026-09-23 20:43:00+00:00
2026-09-23 20:44:16+00:00,VALID,342853.0,86,0,2026-09-23 20:44:00+00:00
2026-09-23 20:45:16+00:00,FF64,,118,64,2026-09-23 20:45:00+00:00
2026-09-23 20:46:16+00:00,VALID,342973.0,86,0,2026-09-23 20:46:00+00:00
2026-09-23 20:47:16+00:00,VALID,343033.0,86,0,2026-09-23 20:47:00+00:00
2026-09-23 20:48:16+00:00,VALID,343093.0,86,0,2026-09-23 20:48:00+00:00
2026-09-23 20:49:16+00:00,FF64,,118,64,2026-09-23 20:49:00+00:00
2026-09-23 20:50:16+00:00,VALID,343213.0,86,0,2026-09-23 20:50:00+00:00
2026-09-23 20:51:16+00:00,FF64,,118,64,2026-09-23 20:51:00+00:00
2026-09-23 20:52:16+00:00,VALID,343333.0,86,0,2026-09-23 20:52:00+00:00
2026-09-23 20:53:16+00:00,FF64,,118,64,2026-09-23 20:53:00+00:00
2026-09-23 20:54:16+00:00,VALID,343453.0,86,0,2026-09-23 20:54:00+00:00
2026-09-23 20:55:16+00:00,VALID,343513.0,86,0,2026-09-23 20:55:00+00:00
2026-09-23 20:56:16+00:00,VALID,343573.0,86,0,2026-09-23 20:56:00+00:00
2026-09-23 20:57:16+00:00,VALID,343633.0,86,0,2026-09-23 20:57:00+00:00
2026-09-23 20:58:16+00:00,VALID,343693.0,86,0,2026-09-23 20:58:00+00:00
2026-09-23 20:59:16+00:00,FF64,,118,64,2026-09-23 20:59:00+00:00
2026-09-23 21:00:16+00:00,VALID,343813.0,86,0,2026-09-23 21:00:00+00:00
2026-09-23 21:01:16+00:00,FF64,,118,64,2026-09-23 21:01:00+00:00
2026-09-23 21:02:16+00:00,VALID,343933.0,86,0,2026-09-23 21:02:00+00:00
2026-09-23 21:03:16+00:00,VALID,343993.0,86,0,2026-09-23 21:03:00+00:00
2026-09-23 21:04:16+00:00,VALID,344053.0,86,0,2026-09-23 21:04:00+00:00
2026-09-23 21:05:16+00:00,FF64,,118,64,2026-09-23 21:05:00+00:00
2026-09-23 21:06:16+00:00,VALID,344173.0,86,0,2026-09-23 21:06:00+00:00
2026-09-23 21:07:16+00:00,FF64,,118,64,2026-09-23 21:07:00+00:00
2026-09-23 21:08:16+00:00,VALID,344293.0,86,0,2026-09-23 21:08:00+00:00
2026-09-23 21:09:16+00:00,VALID,344353.0,86,0,2026-09-23 21:09:00+00:00
2026-09-23 21:10:16+00:00,VALID,344413.0,86,0,2026-09-23 21:10:00+00:00
2026-09-23 21:11:16+00:00,VALID,344473.0,86,0,2026-09-23 21:11:00+00:00
2026-09-23 21:12:16+00:00,VALID,344533.0,86,0,2026-09-23 21:12:00+00:00
2026-09-23 21:13:16+00:00,VALID,344593.0,86,0,2026-09-23 21:13:00+00:00
2026-09-23 21:14:16+00:00,VALID,344653.0,86,0,2026-09-23 21:14:00+00:00
2026-09-23 21:15:16+00:00,FF64,,118,64,2026-09-23 21:15:00+00:00
2026-09-23 21:16:16+00:00,VALID,344773.0,86,0,2026-09-23 21:16:00+00:00
2026-09-23 21:17:16+00:00,FF64,,118,64,2026-09-23 21:17:00+00:00
2026-09-23 21:18:16+00:00,VALID,344893.0,86,0,2026-09-23 21:18:00+00:00
2026-09-23 21:19:16+00:00,FF64,,118,64,2026-09-23 21:19:00+00:00
2026-09-23 21:20:16+00:00,VALID,345013.0,86,0,2026-09-23 21:20:00+00:00
2026-09-23 21:21:16+00:00,FF64,,118,64,2026-09-23 21:21:00+00:00
2026-09-23 21:22:16+00:00,VALID,345133.0,86,0,2026-09-23 21:22:00+00:00
2026-09-23 21:23:16+00:00,VALID,345193.0,86,0,2026-09-23 21:23:00+00:00
2026-09-23 21:24:16+00:00,VALID,345253.0,86,0,2026-09-23 21:24:00+00:00
2026-09-23 21:25:16+00:00,FF64,,118,64,2026-09-23 21:25:00+00:00
2026-09-23 21:26:16+00:00,VALID,345373.0,86,0,2026-09-23 21:26:00+00:00
2026-09-23 21:27:16+00:00,FF64,,118,64,2026-09-23 21:27:00+00:00
2026-09-23 21:28:16+00:00,VALID,345493.0,86,0,2026-09-23 21:28:00+00:00
2026-09-23 21:29:16+00:00,FF64,,118,64,2026-09-23 21:29:00+00:00
2026-09-23 21:30:16+00:00,VALID,345613.0,86,0,2026-09-23 21:30:00+00:00
2026-09-23 21:31:16+00:00,VALID,345673.0,86,0,2026-09-23 21:31:00+00:00
2026-09-23 21:32:16+00:00,VALID,345733.0,86,0,2026-09-23 21:32:00+00:00
2026-09-23 21:33:16+00:00,VALID,345793.0,86,0,2026-09-23 21:33:00+00:00
2026-09-23 21:34:16+00:00,VALID,345853.0,86,0,2026-09-23 21:34:00+00:00
2026-09-23 21:35:16+00:00,VALID,345913.0,86,0,2026-09-23 21:35:00+00:00
2026-09-23 21:36:16+00:00,VALID,345973.0,86,0,2026-09-23 21:36:00+00:00
2026-09-23 21:37:16+00:00,VALID,346033.0,86,0,2026-09-23 21:37:00+00:00
2026-09-23 21:38:16+00:00,VALID,346093.0,86,0,2026-09-23 21:38:00+00:00
2026-09-23 21:39:16+00:00,FF64,,118,64,2026-09-23 21:39:00+00:00
2026-09-23 21:40:16+00:00,VALID,346213.0,86,0,2026-09-23 21:40:00+00:00
2026-09-23 21:41:16+00:00,VALID,346273.0,86,0,2026-09-23 21:41:00+00:00
2026-09-23 21:42:16+00:00,VALID,346333.0,86,0,2026-09-23 21:42:00+00:00
2026-09-23 21:43:16+00:00,FF64,,118,64,2026-09-23 21:43:00+00:00
2026-09-23 21:44:16+00:00,VALID,346453.0,86,0,2026-09-23 21:44:00+00:00
2026-09-23 21:45:16+00:00,FF64,,118,64,2026-09-23 21:45:00+00:00
2026-09-23 21:46:16+00:00,VALID,346573.0,86,0,2026-09-23 21:46:00+00:00
2026-09-23 21:47:16+00:00,VALID,346633.0,86,0,2026-09-23 21:47:00+00:00
2026-09-23 21:48:16+00:00,VALID,346693.0,86,0,2026-09-23 21:48:00+00:00
2026-09-23 21:49:16+00:00,VALID,346753.0,86,0,2026-09-23 21:49:00+00:00
2026-09-23 21:50:16+00:00,VALID,346813.0,86,0,2026-09-23 21:50:00+00:00
2026-09-23 21:51:16+00:00,VALID,346873.0,86,0,2026-09-23 21:51:00+00:00
2026-09-23 21:52:16+00:00,VALID,346933.0,86,0,2026-09-23 21:52:00+00:00
2026-09-23 21:53:16+00:00,FF64,,118,64,2026-09-23 21:53:00+00:00
2026-09-23 21:54:16+00:00,VALID,347053.0,86,0,2026-09-23 21:54:00+00:00
2026-09-23 21:55:16+00:00,FF64,,118,64,2026-09-23 21:55:00+00:00
2026-09-23 21:56:16+00:00,VALID,347173.0,86,0,2026-09-23 21:56:00+00:00
2026-09-23 21:57:16+00:00,FF64,,118,64,2026-09-23 21:57:00+00:00
2026-09-23 21:58:16+00:00,VALID,347293.0,86,0,2026-09-23 21:58:00+00:00
2026-09-23 21:59:16+00:00,VALID,347353.0,86,0,2026-09-23 21:59:00+00:00
2026-09-23 22:00:16+00:00,VALID,347413.0,86,0,2026-09-23 22:00:00+00:00
2026-09-23 22:01:16+00:00,VALID,347473.0,86,0,2026-09-23 22:01:00+00:00
2026-09-23 22:02:16+00:00,VALID,347533.0,86,0,2026-09-23 22:02:00+00:00
2026-09-23 22:03:16+00:00,VALID,347593.0,86,0,2026-09-23 22:03:00+00:00
2026-09-23 22:04:16+00:00,VALID,347653.0,86,0,2026-09-23 22:04:00+00:00
2026-09-23 22:05:16+00:00,FF64,,118,64,2026-09-23 22:05:00+00:00
2026-09-23 22:06:16+00:00,VALID,347773.0,86,0,2026-09-23 22:06:00+00:00
2026-09-23 22:07:16+00:00,FF64,,118,64,2026-09-23 22:07:00+00:00
2026-09-23 22:08:16+00:00,VALID,347893.0,86,0,2026-09-23 22:08:00+00:00
2026-09-23 22:09:16+00:00,VALID,347953.0,86,0,2026-09-23 22:09:00+00:00
2026-09-23 22:10:16+00:00,VALID,348013.0,86,0,2026-09-23 22:10:00+00:00
2026-09-23 22:11:16+00:00,FF64,,118,64,2026-09-23 22:11:00+00:00
2026-09-23 22:12:16+00:00,VALID,348133.0,86,0,2026-09-23 22:12:00+00:00
2026-09-23 22:13:16+00:00,FF64,,118,64,2026-09-23 22:13:00+00:00
2026-09-23 22:14:16+00:00,VALID,348254.0,86,0,2026-09-23 22:14:00+00:00
2026-09-23 22:15:16+00:00,VALID,348314.0,86,0,2026-09-23 22:15:00+00:00
2026-09-23 22:16:17+00:00,VALID,348374.0,86,0,2026-09-23 22:16:00+00:00
2026-09-23 22:17:17+00:00,FF64,,118,64,2026-09-23 22:17:00+00:00
2026-09-23 22:18:17+00:00,VALID,348494.0,86,0,2026-09-23 22:18:00+00:00
2026-09-23 22:19:17+00:00,VALID,348554.0,86,0,2026-09-23 22:19:00+00:00
2026-09-23 22:20:17+00:00,VALID,348614.0,86,0,2026-09-23 22:20:00+00:00
2026-09-23 22:21:17+00:00,VALID,348674.0,86,0,2026-09-23 22:21:00+00:00
2026-09-23 22:22:17+00:00,VALID,348734.0,86,0,2026-09-23 22:22:00+00:00
2026-09-23 22:23:17+00:00,VALID,348794.0,86,0,2026-09-23 22:23:00+00:00
2026-09-23 22:24:17+00:00,VALID,348854.0,86,0,2026-09-23 22:24:00+00:00
2026-09-23 22:25:17+00:00,FF64,,118,64,2026-09-23 22:25:00+00:00
2026-09-23 22:26:17+00:00,VALID,348974.0,86,0,2026-09-23 22:26:00+00:00
2026-09-23 22:27:17+00:00,FF64,,118,64,2026-09-23 22:27:00+00:00
2026-09-23 22:28:17+00:00,VALID,349094.0,86,0,2026-09-23 22:28:00+00:00
2026-09-23 22:29:17+00:00,FF64,,118,64,2026-09-23 22:29:00+00:00
2026-09-23 22:30:17+00:00,VALID,349214.0,86,0,2026-09-23 22:30:00+00:00
2026-09-23 22:31:17+00:00,FF64,,118,64,2026-09-23 22:31:00+00:00
2026-09-23 22:32:17+00:00,VALID,349334.0,86,0,2026-09-23 22:32:00+00:00
2026-09-23 22:33:17+00:00,VALID,349394.0,86,0,2026-09-23 22:33:00+00:00
2026-09-23 22:34:17+00:00,VALID,349454.0,86,0,2026-09-23 22:34:00+00:00
2026-09-23 22:35:17+00:00,VALID,349514.0,86,0,2026-09-23 22:35:00+00:00
2026-09-23 22:36:17+00:00,VALID,349574.0,86,0,2026-09-23 22:36:00+00:00
2026-09-23 22:37:17+00:00,VALID,349634.0,86,0,2026-09-23 22:37:00+00:00
2026-09-23 22:38:17+00:00,VALID,349694.0,85,0,2026-09-23 22:38:00+00:00
2026-09-23 22:39:17+00:00,FF64,,117,64,2026-09-23 22:39:00+00:00
2026-09-23 22:40:17+00:00,VALID,349814.0,85,0,2026-09-23 22:40:00+00:00
2026-09-23 22:41:17+00:00,FF64,,117,64,2026-09-23 22:41:00+00:00
2026-09-23 22:42:17+00:00,VALID,349934.0,85,0,2026-09-23 22:42:00+00:00
2026-09-23 22:43:17+00:00,VALID,349994.0,85,0,2026-09-23 22:43:00+00:00
2026-09-23 22:44:17+00:00,VALID,350054.0,85,0,2026-09-23 22:44:00+00:00
2026-09-23 22:45:17+00:00,FF64,,117,64,2026-09-23 22:45:00+00:00
2026-09-23 22:46:17+00:00,VALID,350174.0,85,0,2026-09-23 22:46:00+00:00
2026-09-23 22:47:17+00:00,FF64,,117,64,2026-09-23 22:47:00+00:00
2026-09-23 22:48:17+00:00,VALID,350294.0,85,0,2026-09-23 22:48:00+00:00
2026-09-23 22:49:17+00:00,FF64,,117,64,2026-09-23 22:49:00+00:00
2026-09-23 22:50:17+00:00,VALID,350414.0,85,0,2026-09-23 22:50:00+00:00
2026-09-23 22:51:17+00:00,VALID,350474.0,85,0,2026-09-23 22:51:00+00:00
2026-09-23 22:52:17+00:00,VALID,350534.0,85,0,2026-09-23 22:52:00+00:00
2026-09-23 22:53:17+00:00,FF64,,117,64,2026-09-23 22:53:00+00:00
2026-09-23 22:54:17+00:00,VALID,350654.0,85,0,2026-09-23 22:54:00+00:00
2026-09-23 22:55:17+00:00,VALID,350714.0,85,0,2026-09-23 22:55:00+00:00
2026-09-23 22:56:17+00:00,VALID,350774.0,85,0,2026-09-23 22:56:00+00:00
2026-09-23 22:57:17+00:00,FF64,,117,64,2026-09-23 22:57:00+00:00
2026-09-23 22:58:17+00:00,VALID,350894.0,85,0,2026-09-23 22:58:00+00:00
2026-09-23 22:59:17+00:00,FF64,,117,64,2026-09-23 22:59:00+00:00
2026-09-23 23:00:17+00:00,VALID,351014.0,85,0,2026-09-23 23:00:00+00:00
2026-09-23 23:01:17+00:00,FF64,,117,64,2026-09-23 23:01:00+00:00
2026-09-23 23:02:17+00:00,VALID,351134.0,85,0,2026-09-23 23:02:00+00:00
2026-09-23 23:03:17+00:00,FF64,,117,64,2026-09-23 23:03:00+00:00
2026-09-23 23:04:17+00:00,VALID,351254.0,85,0,2026-09-23 23:04:00+00:00
2026-09-23 23:05:17+00:00,FF64,,117,64,2026-09-23 23:05:00+00:00
2026-09-23 23:06:17+00:00,VALID,351374.0,85,0,2026-09-23 23:06:00+00:00
2026-09-23 23:07:17+00:00,VALID,351434.0,85,0,2026-09-23 23:07:00+00:00
2026-09-23 23:08:17+00:00,VALID,351494.0,85,0,2026-09-23 23:08:00+00:00
2026-09-23 23:09:17+00:00,VALID,351554.0,85,0,2026-09-23 23:09:00+00:00
2026-09-23 23:10:17+00:00,VALID,351614.0,85,0,2026-09-23 23:10:00+00:00
2026-09-23 23:11:17+00:00,VALID,351674.0,85,0,2026-09-23 23:11:00+00:00
2026-09-23 23:12:17+00:00,VALID,351734.0,85,0,2026-09-23 23:12:00+00:00
2026-09-23 23:13:17+00:00,FF64,,117,64,2026-09-23 23:13:00+00:00
2026-09-23 23:14:17+00:00,VALID,351854.0,85,0,2026-09-23 23:14:00+00:00
2026-09-23 23:15:17+00:00,FF64,,117,64,2026-09-23 23:15:00+00:00
2026-09-23 23:16:17+00:00,VALID,351974.0,85,0,2026-09-23 23:16:00+00:00
2026-09-23 23:17:17+00:00,FF64,,117,64,2026-09-23 23:17:00+00:00
2026-09-23 23:18:17+00:00,VALID,352094.0,85,0,2026-09-23 23:18:00+00:00
2026-09-23 23:19:17+00:00,VALID,352154.0,85,0,2026-09-23 23:19:00+00:00
2026-09-23 23:20:17+00:00,VALID,352214.0,85,0,2026-09-23 23:20:00+00:00
2026-09-23 23:21:17+00:00,VALID,352274.0,85,0,2026-09-23 23:21:00+00:00
2026-09-23 23:22:17+00:00,VALID,352334.0,85,0,2026-09-23 23:22:00+00:00
2026-09-23 23:23:17+00:00,VALID,352394.0,85,0,2026-09-23 23:23:00+00:00
2026-09-23 23:24:17+00:00,VALID,352454.0,85,0,2026-09-23 23:24:00+00:00
2026-09-23 23:25:17+00:00,VALID,352514.0,85,0,2026-09-23 23:25:00+00:00
2026-09-23 23:26:17+00:00,VALID,352574.0,85,0,2026-09-23 23:26:00+00:00
2026-09-23 23:27:17+00:00,FF64,,117,64,2026-09-23 23:27:00+00:00
2026-09-23 23:28:17+00:00,VALID,352694.0,85,0,2026-09-23 23:28:00+00:00
2026-09-23 23:29:17+00:00,FF64,,117,64,2026-09-23 23:29:00+00:00
2026-09-23 23:30:17+00:00,VALID,352814.0,85,0,2026-09-23 23:30:00+00:00
2026-09-23 23:31:17+00:00,FF64,,117,64,2026-09-23 23:31:00+00:00
2026-09-23 23:32:17+00:00,VALID,352934.0,85,0,2026-09-23 23:32:00+00:00
2026-09-23 23:33:17+00:00,VALID,352994.0,85,0,2026-09-23 23:33:00+00:00
2026-09-23 23:34:17+00:00,VALID,353054.0,85,0,2026-09-23 23:34:00+00:00
2026-09-23 23:35:17+00:00,FF64,,117,64,2026-09-23 23:35:00+00:00
2026-09-23 23:36:17+00:00,VALID,353174.0,85,0,2026-09-23 23:36:00+00:00
2026-09-23 23:37:17+00:00,FF64,,117,64,2026-09-23 23:37:00+00:00
2026-09-23 23:38:17+00:00,VALID,353294.0,85,0,2026-09-23 23:38:00+00:00
2026-09-23 23:39:17+00:00,FF64,,117,64,2026-09-23 23:39:00+00:00
2026-09-23 23:40:17+00:00,VALID,353414.0,85,0,2026-09-23 23:40:00+00:00
2026-09-23 23:41:17+00:00,VALID,353474.0,85,0,2026-09-23 23:41:00+00:00
2026-09-23 23:42:17+00:00,VALID,353534.0,85,0,2026-09-23 23:42:00+00:00
2026-09-23 23:43:17+00:00,FF64,,117,64,2026-09-23 23:43:00+00:00
2026-09-23 23:44:17+00:00,VALID,353654.0,85,0,2026-09-23 23:44:00+00:00
2026-09-23 23:45:17+00:00,VALID,353714.0,85,0,2026-09-23 23:45:00+00:00
2026-09-23 23:46:17+00:00,VALID,353774.0,85,0,2026-09-23 23:46:00+00:00
2026-09-23 23:47:17+00:00,FF64,,117,64,2026-09-23 23:47:00+00:00
2026-09-23 23:48:17+00:00,VALID,353894.0,85,0,2026-09-23 23:48:00+00:00
2026-09-23 23:49:17+00:00,FF64,,117,64,2026-09-23 23:49:00+00:00
2026-09-23 23:50:17+00:00,VALID,354014.0,85,0,2026-09-23 23:50:00+00:00
2026-09-23 23:51:17+00:00,VALID,354074.0,85,0,2026-09-23 23:51:00+00:00
2026-09-23 23:52:17+00:00,VALID,354134.0,85,0,2026-09-23 23:52:00+00:00
2026-09-23 23:53:17+00:00,FF64,,117,64,2026-09-23 23:53:00+00:00
2026-09-23 23:54:17+00:00,VALID,354254.0,85,0,2026-09-23 23:54:00+00:00
2026-09-23 23:55:17+00:00,FF64,,117,64,2026-09-23 23:55:00+00:00
2026-09-23 23:56:17+00:00,VALID,354374.0,85,0,2026-09-23 23:56:00+00:00
2026-09-23 23:57:17+00:00,FF64,,117,64,2026-09-23 23:57:00+00:00
2026-09-23 23:58:17+00:00,VALID,354494.0,85,0,2026-09-23 23:58:00+00:00
2026-09-23 23:59:17+00:00,FF64,,117,64,2026-09-23 23:59:00+00:00
2026-09-24 00:00:17+00:00,VALID,354614.0,85,0,2026-09-24 00:00:00+00:00
2026-09-24 00:01:17+00:00,FF64,,117,64,2026-09-24 00:01:00+00:00
2026-09-24 00:02:17+00:00,VALID,354734.0,85,0,2026-09-24 00:02:00+00:00
2026-09-24 00:03:17+00:00,FF64,,117,64,2026-09-24 00:03:00+00:00
2026-09-24 00:04:17+00:00,VALID,354854.0,85,0,2026-09-24 00:04:00+00:00
2026-09-24 00:05:17+00:00,VALID,354914.0,85,0,2026-09-24 00:05:00+00:00
2026-09-24 00:06:17+00:00,VALID,354974.0,85,0,2026-09-24 00:06:00+00:00
2026-09-24 00:07:17+00:00,FF64,,117,64,2026-09-24 00:07:00+00:00
2026-09-24 00:08:17+00:00,VALID,355094.0,85,0,2026-09-24 00:08:00+00:00
2026-09-24 00:09:17+00:00,VALID,355154.0,85,0,2026-09-24 00:09:00+00:00
2026-09-24 00:10:17+00:00,VALID,355214.0,85,0,2026-09-24 00:10:00+00:00
2026-09-24 00:11:17+00:00,VALID,355274.0,85,0,2026-09-24 00:11:00+00:00
2026-09-24 00:12:17+00:00,VALID,355334.0,85,0,2026-09-24 00:12:00+00:00
2026-09-24 00:13:17+00:00,FF64,,117,64,2026-09-24 00:13:00+00:00
2026-09-24 00:14:17+00:00,VALID,355454.0,85,0,2026-09-24 00:14:00+00:00
2026-09-24 00:15:17+00:00,VALID,355514.0,85,0,2026-09-24 00:15:00+00:00
2026-09-24 00:16:17+00:00,VALID,355574.0,85,0,2026-09-24 00:16:00+00:00
2026-09-24 00:17:17+00:00,FF64,,117,64,2026-09-24 00:17:00+00:00
2026-09-24 00:18:17+00:00,VALID,355694.0,85,0,2026-09-24 00:18:00+00:00
2026-09-24 00:19:17+00:00,VALID,355754.0,85,0,2026-09-24 00:19:00+00:00
2026-09-24 00:20:17+00:00,VALID,355814.0,85,0,2026-09-24 00:20:00+00:00
2026-09-24 00:21:17+00:00,FF64,,117,64,2026-09-24 00:21:00+00:00
2026-09-24 00:22:17+00:00,VALID,355934.0,85,0,2026-09-24 00:22:00+00:00
2026-09-24 00:23:17+00:00,FF64,,117,64,2026-09-24 00:23:00+00:00
2026-09-24 00:24:17+00:00,VALID,356054.0,85,0,2026-09-24 00:24:00+00:00
2026-09-24 00:25:17+00:00,FF64,,117,64,2026-09-24 00:25:00+00:00
2026-09-24 00:26:17+00:00,VALID,356174.0,85,0,2026-09-24 00:26:00+00:00
2026-09-24 00:27:17+00:00,VALID,356234.0,85,0,2026-09-24 00:27:00+00:00
2026-09-24 00:28:17+00:00,VALID,356294.0,85,0,2026-09-24 00:28:00+00:00
2026-09-24 00:29:17+00:00,FF64,,117,64,2026-09-24 00:29:00+00:00
2026-09-24 00:30:17+00:00,VALID,356414.0,85,0,2026-09-24 00:30:00+00:00
2026-09-24 00:31:17+00:00,VALID,356474.0,85,0,2026-09-24 00:31:00+00:00
2026-09-24 00:32:17+00:00,VALID,356534.0,85,0,2026-09-24 00:32:00+00:00
2026-09-24 00:33:17+00:00,FF64,,117,64,2026-09-24 00:33:00+00:00
2026-09-24 00:34:17+00:00,VALID,356654.0,85,0,2026-09-24 00:34:00+00:00
2026-09-24 00:35:17+00:00,FF64,,117,64,2026-09-24 00:35:00+00:00
2026-09-24 00:36:17+00:00,VALID,356774.0,85,0,2026-09-24 00:36:00+00:00
2026-09-24 00:37:17+00:00,FF64,,117,64,2026-09-24 00:37:00+00:00
2026-09-24 00:38:17+00:00,VALID,356894.0,85,0,2026-09-24 00:38:00+00:00
2026-09-24 00:39:17+00:00,VALID,356954.0,85,0,2026-09-24 00:39:00+00:00
2026-09-24 00:40:17+00:00,VALID,357014.0,85,0,2026-09-24 00:40:00+00:00
2026-09-24 00:41:17+00:00,VALID,357074.0,85,0,2026-09-24 00:41:00+00:00
2026-09-24 00:42:17+00:00,VALID,357134.0,85,0,2026-09-24 00:42:00+00:00
2026-09-24 00:43:17+00:00,VALID,357194.0,85,0,2026-09-24 00:43:00+00:00
2026-09-24 00:44:17+00:00,VALID,357254.0,85,0,2026-09-24 00:44:00+00:00
2026-09-24 00:45:17+00:00,FF64,,117,64,2026-09-24 00:45:00+00:00
2026-09-24 00:46:17+00:00,VALID,357374.0,85,0,2026-09-24 00:46:00+00:00
2026-09-24 00:47:17+00:00,VALID,357434.0,85,0,2026-09-24 00:47:00+00:00
2026-09-24 00:48:17+00:00,VALID,357494.0,85,0,2026-09-24 00:48:00+00:00
2026-09-24 00:49:17+00:00,FF64,,117,64,2026-09-24 00:49:00+00:00
2026-09-24 00:50:17+00:00,VALID,357614.0,85,0,2026-09-24 00:50:00+00:00
2026-09-24 00:51:17+00:00,VALID,357674.0,85,0,2026-09-24 00:51:00+00:00
2026-09-24 00:52:17+00:00,VALID,357734.0,85,0,2026-09-24 00:52:00+00:00
2026-09-24 00:53:17+00:00,FF64,,117,64,2026-09-24 00:53:00+00:00
2026-09-24 00:54:17+00:00,VALID,357854.0,85,0,2026-09-24 00:54:00+00:00
2026-09-24 00:55:17+00:00,FF64,,117,64,2026-09-24 00:55:00+00:00
2026-09-24 00:56:17+00:00,VALID,357974.0,85,0,2026-09-24 00:56:00+00:00
2026-09-24 00:57:17+00:00,VALID,358034.0,85,0,2026-09-24 00:57:00+00:00
2026-09-24 00:58:17+00:00,VALID,358094.0,85,0,2026-09-24 00:58:00+00:00
2026-09-24 00:59:17+00:00,VALID,358154.0,85,0,2026-09-24 00:59:00+00:00
2026-09-24 01:00:17+00:00,VALID,358214.0,85,0,2026-09-24 01:00:00+00:00
2026-09-24 01:01:17+00:00,VALID,358274.0,85,0,2026-09-24 01:01:00+00:00
2026-09-24 01:02:17+00:00,VALID,358334.0,85,0,2026-09-24 01:02:00+00:00
2026-09-24 01:03:17+00:00,FF64,,117,64,2026-09-24 01:03:00+00:00
2026-09-24 01:04:17+00:00,VALID,358454.0,85,0,2026-09-24 01:04:00+00:00
2026-09-24 01:05:17+00:00,FF64,,117,64,2026-09-24 01:05:00+00:00
2026-09-24 01:06:17+00:00,VALID,358574.0,85,0,2026-09-24 01:06:00+00:00
2026-09-24 01:07:17+00:00,FF64,,117,64,2026-09-24 01:07:00+00:00
2026-09-24 01:08:17+00:00,VALID,358694.0,85,0,2026-09-24 01:08:00+00:00
2026-09-24 01:09:17+00:00,VALID,358754.0,85,0,2026-09-24 01:09:00+00:00
2026-09-24 01:10:17+00:00,VALID,358814.0,85,0,2026-09-24 01:10:00+00:00
2026-09-24 01:11:17+00:00,VALID,358874.0,85,0,2026-09-24 01:11:00+00:00
2026-09-24 01:12:17+00:00,VALID,358934.0,85,0,2026-09-24 01:12:00+00:00
2026-09-24 01:13:17+00:00,VALID,358994.0,85,0,2026-09-24 01:13:00+00:00
2026-09-24 01:14:17+00:00,VALID,359054.0,85,0,2026-09-24 01:14:00+00:00
2026-09-24 01:15:17+00:00,VALID,359114.0,85,0,2026-09-24 01:15:00+00:00
2026-09-24 01:16:17+00:00,VALID,359174.0,85,0,2026-09-24 01:16:00+00:00
2026-09-24 01:17:17+00:00,VALID,359234.0,85,0,2026-09-24 01:17:00+00:00
2026-09-24 01:18:17+00:00,VALID,359294.0,85,0,2026-09-24 01:18:00+00:00
2026-09-24 01:19:17+00:00,FF64,,117,64,2026-09-24 01:19:00+00:00
2026-09-24 01:20:17+00:00,VALID,359414.0,85,0,2026-09-24 01:20:00+00:00
2026-09-24 01:21:17+00:00,FF64,,117,64,2026-09-24 01:21:00+00:00
2026-09-24 01:22:17+00:00,VALID,359534.0,85,0,2026-09-24 01:22:00+00:00
2026-09-24 01:23:17+00:00,VALID,359594.0,85,0,2026-09-24 01:23:00+00:00
2026-09-24 01:24:17+00:00,VALID,359654.0,85,0,2026-09-24 01:24:00+00:00
2026-09-24 01:25:17+00:00,FF64,,117,64,2026-09-24 01:25:00+00:00
2026-09-24 01:26:17+00:00,VALID,359774.0,85,0,2026-09-24 01:26:00+00:00
2026-09-24 01:27:17+00:00,FF64,,117,64,2026-09-24 01:27:00+00:00
2026-09-24 01:28:17+00:00,VALID,359894.0,85,0,2026-09-24 01:28:00+00:00
2026-09-24 01:29:17+00:00,FF64,,117,64,2026-09-24 01:29:00+00:00
2026-09-24 01:30:17+00:00,VALID,360014.0,85,0,2026-09-24 01:30:00+00:00
2026-09-24 01:31:17+00:00,VALID,360074.0,85,0,2026-09-24 01:31:00+00:00
2026-09-24 01:32:17+00:00,VALID,360134.0,85,0,2026-09-24 01:32:00+00:00
2026-09-24 01:33:17+00:00,FF64,,117,64,2026-09-24 01:33:00+00:00
2026-09-24 01:34:17+00:00,VALID,360254.0,85,0,2026-09-24 01:34:00+00:00
2026-09-24 01:35:17+00:00,FF64,,117,64,2026-09-24 01:35:00+00:00
2026-09-24 01:36:17+00:00,VALID,360374.0,85,0,2026-09-24 01:36:00+00:00
2026-09-24 01:37:17+00:00,FF64,,117,64,2026-09-24 01:37:00+00:00
2026-09-24 01:38:17+00:00,VALID,360494.0,85,0,2026-09-24 01:38:00+00:00
2026-09-24 01:39:17+00:00,FF64,,117,64,2026-09-24 01:39:00+00:00
2026-09-24 01:40:17+00:00,VALID,360614.0,85,0,2026-09-24 01:40:00+00:00
2026-09-24 01:41:17+00:00,VALID,360674.0,85,0,2026-09-24 01:41:00+00:00
2026-09-24 01:42:17+00:00,VALID,360734.0,85,0,2026-09-24 01:42:00+00:00
2026-09-24 01:43:17+00:00,FF64,,117,64,2026-09-24 01:43:00+00:00
2026-09-24 01:44:17+00:00,VALID,360854.0,85,0,2026-09-24 01:44:00+00:00
2026-09-24 01:45:17+00:00,FF64,,117,64,2026-09-24 01:45:00+00:00
2026-09-24 01:46:17+00:00,VALID,360974.0,85,0,2026-09-24 01:46:00+00:00
2026-09-24 01:47:17+00:00,FF64,,117,64,2026-09-24 01:47:00+00:00
2026-09-24 01:48:17+00:00,VALID,361094.0,85,0,2026-09-24 01:48:00+00:00
2026-09-24 01:49:17+00:00,VALID,361154.0,85,0,2026-09-24 01:49:00+00:00
2026-09-24 01:50:17+00:00,VALID,361214.0,85,0,2026-09-24 01:50:00+00:00
2026-09-24 01:51:17+00:00,FF64,,117,64,2026-09-24 01:51:00+00:00
2026-09-24 01:52:17+00:00,VALID,361334.0,85,0,2026-09-24 01:52:00+00:00
2026-09-24 01:53:17+00:00,FF64,,117,64,2026-09-24 01:53:00+00:00
2026-09-24 01:54:17+00:00,VALID,361454.0,85,0,2026-09-24 01:54:00+00:00
2026-09-24 01:55:17+00:00,FF64,,117,64,2026-09-24 01:55:00+00:00
2026-09-24 01:56:17+00:00,VALID,361574.0,85,0,2026-09-24 01:56:00+00:00
2026-09-24 01:57:17+00:00,VALID,361634.0,85,0,2026-09-24 01:57:00+00:00
2026-09-24 01:58:17+00:00,VALID,361694.0,85,0,2026-09-24 01:58:00+00:00
2026-09-24 01:59:17+00:00,VALID,361754.0,85,0,2026-09-24 01:59:00+00:00
2026-09-24 02:00:17+00:00,VALID,361814.0,85,0,2026-09-24 02:00:00+00:00
2026-09-24 02:01:17+00:00,FF64,,117,64,2026-09-24 02:01:00+00:00
2026-09-24 02:02:17+00:00,VALID,361934.0,85,0,2026-09-24 02:02:00+00:00
2026-09-24 02:03:17+00:00,FF64,,117,64,2026-09-24 02:03:00+00:00
2026-09-24 02:04:17+00:00,VALID,362054.0,85,0,2026-09-24 02:04:00+00:00
2026-09-24 02:05:17+00:00,FF64,,117,64,2026-09-24 02:05:00+00:00
2026-09-24 02:06:17+00:00,VALID,362174.0,85,0,2026-09-24 02:06:00+00:00
2026-09-24 02:07:17+00:00,VALID,362234.0,85,0,2026-09-24 02:07:00+00:00
2026-09-24 02:08:17+00:00,VALID,362294.0,85,0,2026-09-24 02:08:00+00:00
2026-09-24 02:09:17+00:00,FF64,,117,64,2026-09-24 02:09:00+00:00
2026-09-24 02:10:17+00:00,VALID,362414.0,85,0,2026-09-24 02:10:00+00:00
2026-09-24 02:11:17+00:00,FF64,,117,64,2026-09-24 02:11:00+00:00
2026-09-24 02:12:17+00:00,VALID,362534.0,85,0,2026-09-24 02:12:00+00:00
2026-09-24 02:13:17+00:00,FF64,,117,64,2026-09-24 02:13:00+00:00
2026-09-24 02:14:17+00:00,VALID,362654.0,85,0,2026-09-24 02:14:00+00:00
2026-09-24 02:15:17+00:00,FF64,,117,64,2026-09-24 02:15:00+00:00
2026-09-24 02:16:17+00:00,VALID,362774.0,85,0,2026-09-24 02:16:00+00:00
2026-09-24 02:17:17+00:00,VALID,362834.0,85,0,2026-09-24 02:17:00+00:00
2026-09-24 02:18:17+00:00,VALID,362894.0,85,0,2026-09-24 02:18:00+00:00
2026-09-24 02:19:17+00:00,FF64,,117,64,2026-09-24 02:19:00+00:00
2026-09-24 02:20:17+00:00,VALID,363014.0,85,0,2026-09-24 02:20:00+00:00
2026-09-24 02:21:17+00:00,FF64,,117,64,2026-09-24 02:21:00+00:00
2026-09-24 02:22:17+00:00,VALID,363134.0,85,0,2026-09-24 02:22:00+00:00
2026-09-24 02:23:17+00:00,VALID,363194.0,85,0,2026-09-24 02:23:00+00:00
2026-09-24 02:24:17+00:00,VALID,363254.0,85,0,2026-09-24 02:24:00+00:00
2026-09-24 02:25:17+00:00,FF64,,117,64,2026-09-24 02:25:00+00:00
2026-09-24 02:26:17+00:00,VALID,363374.0,85,0,2026-09-24 02:26:00+00:00
2026-09-24 02:27:17+00:00,FF64,,117,64,2026-09-24 02:27:00+00:00
2026-09-24 02:28:17+00:00,VALID,363494.0,85,0,2026-09-24 02:28:00+00:00
2026-09-24 02:29:17+00:00,FF64,,117,64,2026-09-24 02:29:00+00:00
2026-09-24 02:30:17+00:00,VALID,363614.0,85,0,2026-09-24 02:30:00+00:00
2026-09-24 02:31:17+00:00,FF64,,117,64,2026-09-24 02:31:00+00:00
2026-09-24 02:32:17+00:00,VALID,363734.0,85,0,2026-09-24 02:32:00+00:00
2026-09-24 02:33:17+00:00,FF64,,117,64,2026-09-24 02:33:00+00:00
2026-09-24 02:34:17+00:00,VALID,363854.0,85,0,2026-09-24 02:34:00+00:00
2026-09-24 02:35:17+00:00,FF64,,117,64,2026-09-24 02:35:00+00:00
2026-09-24 02:36:17+00:00,VALID,363974.0,85,0,2026-09-24 02:36:00+00:00
2026-09-24 02:37:17+00:00,FF64,,117,64,2026-09-24 02:37:00+00:00
2026-09-24 02:38:17+00:00,VALID,364094.0,85,0,2026-09-24 02:38:00+00:00
2026-09-24 02:39:17+00:00,FF64,,117,64,2026-09-24 02:39:00+00:00
2026-09-24 02:40:17+00:00,VALID,364214.0,85,0,2026-09-24 02:40:00+00:00
2026-09-24 02:41:17+00:00,FF64,,117,64,2026-09-24 02:41:00+00:00
2026-09-24 02:42:17+00:00,VALID,364334.0,85,0,2026-09-24 02:42:00+00:00
2026-09-24 02:43:17+00:00,FF64,,117,64,2026-09-24 02:43:00+00:00
2026-09-24 02:44:17+00:00,VALID,364454.0,85,0,2026-09-24 02:44:00+00:00
2026-09-24 02:45:17+00:00,FF64,,117,64,2026-09-24 02:45:00+00:00
2026-09-24 02:46:17+00:00,VALID,364574.0,85,0,2026-09-24 02:46:00+00:00
2026-09-24 02:47:17+00:00,FF64,,117,64,2026-09-24 02:47:00+00:00
2026-09-24 02:48:17+00:00,VALID,364694.0,85,0,2026-09-24 02:48:00+00:00
2026-09-24 02:49:17+00:00,VALID,364754.0,85,0,2026-09-24 02:49:00+00:00
2026-09-24 02:50:17+00:00,VALID,364814.0,85,0,2026-09-24 02:50:00+00:00
2026-09-24 02:51:17+00:00,FF64,,118,64,2026-09-24 02:51:00+00:00
2026-09-24 02:52:17+00:00,VALID,364934.0,86,0,2026-09-24 02:52:00+00:00
2026-09-24 02:53:17+00:00,FF64,,118,64,2026-09-24 02:53:00+00:00
2026-09-24 02:54:17+00:00,VALID,365054.0,86,0,2026-09-24 02:54:00+00:00
2026-09-24 02:55:17+00:00,FF64,,118,64,2026-09-24 02:55:00+00:00
2026-09-24 02:56:17+00:00,VALID,365174.0,86,0,2026-09-24 02:56:00+00:00
2026-09-24 02:57:17+00:00,VALID,365234.0,86,0,2026-09-24 02:57:00+00:00
2026-09-24 02:58:17+00:00,VALID,365294.0,86,0,2026-09-24 02:58:00+00:00
2026-09-24 02:59:17+00:00,FF64,,118,64,2026-09-24 02:59:00+00:00
2026-09-24 03:00:17+00:00,VALID,365414.0,86,0,2026-09-24 03:00:00+00:00
2026-09-24 03:01:17+00:00,FF64,,119,64,2026-09-24 03:01:00+00:00
2026-09-24 03:02:17+00:00,VALID,365534.0,89,0,2026-09-24 03:02:00+00:00
2026-09-24 03:03:17+00:00,FF64,,121,64,2026-09-24 03:03:00+00:00
2026-09-24 03:04:17+00:00,VALID,365654.0,89,0,2026-09-24 03:04:00+00:00
2026-09-24 03:05:17+00:00,VALID,365714.0,89,0,2026-09-24 03:05:00+00:00
2026-09-24 03:06:17+00:00,VALID,365774.0,89,0,2026-09-24 03:06:00+00:00
2026-09-24 03:07:17+00:00,FF64,,121,64,2026-09-24 03:07:00+00:00
2026-09-24 03:08:17+00:00,VALID,365894.0,89,0,2026-09-24 03:08:00+00:00
2026-09-24 03:09:17+00:00,VALID,365954.0,89,0,2026-09-24 03:09:00+00:00
2026-09-24 03:10:17+00:00,VALID,366014.0,89,0,2026-09-24 03:10:00+00:00
2026-09-24 03:11:17+00:00,FF64,,121,64,2026-09-24 03:11:00+00:00
2026-09-24 03:12:17+00:00,VALID,366134.0,89,0,2026-09-24 03:12:00+00:00
2026-09-24 03:13:17+00:00,FF64,,121,64,2026-09-24 03:13:00+00:00
2026-09-24 03:14:17+00:00,VALID,366254.0,89,0,2026-09-24 03:14:00+00:00
2026-09-24 03:15:17+00:00,FF64,,121,64,2026-09-24 03:15:00+00:00
2026-09-24 03:16:17+00:00,VALID,366374.0,89,0,2026-09-24 03:16:00+00:00
2026-09-24 03:17:17+00:00,FF64,,121,64,2026-09-24 03:17:00+00:00
2026-09-24 03:18:17+00:00,VALID,366494.0,88,0,2026-09-24 03:18:00+00:00
2026-09-24 03:19:17+00:00,FF64,,120,64,2026-09-24 03:19:00+00:00
2026-09-24 03:20:17+00:00,VALID,366614.0,88,0,2026-09-24 03:20:00+00:00
2026-09-24 03:21:17+00:00,FF64,,120,64,2026-09-24 03:21:00+00:00
2026-09-24 03:22:17+00:00,VALID,366734.0,88,0,2026-09-24 03:22:00+00:00
2026-09-24 03:23:17+00:00,FF64,,120,64,2026-09-24 03:23:00+00:00
2026-09-24 03:24:17+00:00,VALID,366854.0,88,0,2026-09-24 03:24:00+00:00
2026-09-24 03:25:17+00:00,VALID,366914.0,88,0,2026-09-24 03:25:00+00:00
2026-09-24 03:26:17+00:00,VALID,366974.0,88,0,2026-09-24 03:26:00+00:00
2026-09-24 03:27:17+00:00,FF64,,120,64,2026-09-24 03:27:00+00:00
2026-09-24 03:28:17+00:00,VALID,367094.0,88,0,2026-09-24 03:28:00+00:00
2026-09-24 03:29:17+00:00,VALID,367154.0,88,0,2026-09-24 03:29:00+00:00
2026-09-24 03:30:17+00:00,VALID,367214.0,88,0,2026-09-24 03:30:00+00:00
2026-09-24 03:31:17+00:00,FF64,,120,64,2026-09-24 03:31:00+00:00
2026-09-24 03:32:17+00:00,VALID,367334.0,88,0,2026-09-24 03:32:00+00:00
2026-09-24 03:33:17+00:00,FF64,,120,64,2026-09-24 03:33:00+00:00
2026-09-24 03:34:17+00:00,VALID,367454.0,88,0,2026-09-24 03:34:00+00:00
2026-09-24 03:35:17+00:00,FF64,,120,64,2026-09-24 03:35:00+00:00
2026-09-24 03:36:17+00:00,VALID,367574.0,88,0,2026-09-24 03:36:00+00:00
2026-09-24 03:37:17+00:00,FF64,,120,64,2026-09-24 03:37:00+00:00
2026-09-24 03:38:17+00:00,VALID,367694.0,88,0,2026-09-24 03:38:00+00:00
2026-09-24 03:39:17+00:00,FF64,,120,64,2026-09-24 03:39:00+00:00
2026-09-24 03:40:17+00:00,VALID,367814.0,88,0,2026-09-24 03:40:00+00:00
2026-09-24 03:41:17+00:00,VALID,367874.0,88,0,2026-09-24 03:41:00+00:00
2026-09-24 03:42:17+00:00,VALID,367934.0,88,0,2026-09-24 03:42:00+00:00
2026-09-24 03:43:17+00:00,FF64,,120,64,2026-09-24 03:43:00+00:00
2026-09-24 03:44:17+00:00,VALID,368054.0,88,0,2026-09-24 03:44:00+00:00
2026-09-24 03:45:17+00:00,VALID,368114.0,88,0,2026-09-24 03:45:00+00:00
2026-09-24 03:46:17+00:00,VALID,368174.0,88,0,2026-09-24 03:46:00+00:00
2026-09-24 03:47:17+00:00,FF64,,120,64,2026-09-24 03:47:00+00:00
2026-09-24 03:48:17+00:00,VALID,368294.0,88,0,2026-09-24 03:48:00+00:00
2026-09-24 03:49:17+00:00,FF64,,120,64,2026-09-24 03:49:00+00:00
2026-09-24 03:50:17+00:00,VALID,368414.0,86,0,2026-09-24 03:50:00+00:00
2026-09-24 03:51:17+00:00,VALID,368474.0,85,0,2026-09-24 03:51:00+00:00
2026-09-24 03:52:17+00:00,VALID,368534.0,85,0,2026-09-24 03:52:00+00:00
2026-09-24 03:53:17+00:00,FF64,,117,64,2026-09-24 03:53:00+00:00
2026-09-24 03:54:17+00:00,VALID,368654.0,85,0,2026-09-24 03:54:00+00:00
2026-09-24 03:55:17+00:00,FF64,,117,64,2026-09-24 03:55:00+00:00
2026-09-24 03:56:17+00:00,VALID,368774.0,85,0,2026-09-24 03:56:00+00:00
2026-09-24 03:57:17+00:00,VALID,368834.0,85,0,2026-09-24 03:57:00+00:00
2026-09-24 03:58:17+00:00,VALID,368894.0,85,0,2026-09-24 03:58:00+00:00
2026-09-24 03:59:17+00:00,FF64,,117,64,2026-09-24 03:59:00+00:00
2026-09-24 04:00:17+00:00,VALID,369014.0,85,0,2026-09-24 04:00:00+00:00
2026-09-24 04:01:17+00:00,VALID,369074.0,85,0,2026-09-24 04:01:00+00:00
2026-09-24 04:02:17+00:00,VALID,369134.0,85,0,2026-09-24 04:02:00+00:00
2026-09-24 04:03:17+00:00,VALID,369194.0,85,0,2026-09-24 04:03:00+00:00
2026-09-24 04:04:17+00:00,VALID,369254.0,85,0,2026-09-24 04:04:00+00:00
2026-09-24 04:05:17+00:00,FF64,,117,64,2026-09-24 04:05:00+00:00
2026-09-24 04:06:17+00:00,VALID,369374.0,85,0,2026-09-24 04:06:00+00:00
2026-09-24 04:07:17+00:00,VALID,369434.0,85,0,2026-09-24 04:07:00+00:00
2026-09-24 04:08:17+00:00,VALID,369494.0,85,0,2026-09-24 04:08:00+00:00
2026-09-24 04:09:17+00:00,FF64,,117,64,2026-09-24 04:09:00+00:00
2026-09-24 04:10:17+00:00,VALID,369614.0,85,0,2026-09-24 04:10:00+00:00
2026-09-24 04:11:17+00:00,VALID,369674.0,85,0,2026-09-24 04:11:00+00:00
2026-09-24 04:12:17+00:00,VALID,369734.0,85,0,2026-09-24 04:12:00+00:00
2026-09-24 04:13:17+00:00,FF64,,117,64,2026-09-24 04:13:00+00:00
2026-09-24 04:14:17+00:00,VALID,369854.0,85,0,2026-09-24 04:14:00+00:00
2026-09-24 04:15:17+00:00,VALID,369914.0,85,0,2026-09-24 04:15:00+00:00
2026-09-24 04:16:17+00:00,VALID,369974.0,85,0,2026-09-24 04:16:00+00:00
2026-09-24 04:17:17+00:00,VALID,370034.0,85,0,2026-09-24 04:17:00+00:00
2026-09-24 04:18:17+00:00,VALID,370094.0,85,0,2026-09-24 04:18:00+00:00
2026-09-24 04:19:17+00:00,FF64,,117,64,2026-09-24 04:19:00+00:00
2026-09-24 04:20:17+00:00,VALID,370214.0,85,0,2026-09-24 04:20:00+00:00
2026-09-24 04:21:17+00:00,VALID,370274.0,85,0,2026-09-24 04:21:00+00:00
2026-09-24 04:22:17+00:00,VALID,370334.0,85,0,2026-09-24 04:22:00+00:00
2026-09-24 04:23:17+00:00,VALID,370394.0,85,0,2026-09-24 04:23:00+00:00
2026-09-24 04:24:17+00:00,VALID,370454.0,85,0,2026-09-24 04:24:00+00:00
2026-09-24 04:25:17+00:00,VALID,370514.0,85,0,2026-09-24 04:25:00+00:00
2026-09-24 04:26:17+00:00,VALID,370574.0,85,0,2026-09-24 04:26:00+00:00
2026-09-24 04:27:17+00:00,FF64,,117,64,2026-09-24 04:27:00+00:00
2026-09-24 04:28:17+00:00,VALID,370694.0,85,0,2026-09-24 04:28:00+00:00
2026-09-24 04:29:17+00:00,VALID,370754.0,85,0,2026-09-24 04:29:00+00:00
2026-09-24 04:30:17+00:00,VALID,370814.0,85,0,2026-09-24 04:30:00+00:00
2026-09-24 04:31:17+00:00,VALID,370874.0,85,0,2026-09-24 04:31:00+00:00
2026-09-24 04:32:17+00:00,VALID,370934.0,85,0,2026-09-24 04:32:00+00:00
2026-09-24 04:33:17+00:00,VALID,370994.0,85,0,2026-09-24 04:33:00+00:00
2026-09-24 04:34:17+00:00,VALID,371054.0,85,0,2026-09-24 04:34:00+00:00
2026-09-24 04:35:17+00:00,FF64,,117,64,2026-09-24 04:35:00+00:00
2026-09-24 04:36:17+00:00,VALID,371174.0,85,0,2026-09-24 04:36:00+00:00
2026-09-24 04:37:17+00:00,FF64,,117,64,2026-09-24 04:37:00+00:00
2026-09-24 04:38:17+00:00,VALID,371294.0,85,0,2026-09-24 04:38:00+00:00
2026-09-24 04:39:17+00:00,FF64,,117,64,2026-09-24 04:39:00+00:00
2026-09-24 04:40:17+00:00,VALID,371414.0,85,0,2026-09-24 04:40:00+00:00
2026-09-24 04:41:17+00:00,FF64,,117,64,2026-09-24 04:41:00+00:00
2026-09-24 04:42:17+00:00,VALID,371534.0,85,0,2026-09-24 04:42:00+00:00
2026-09-24 04:43:17+00:00,FF64,,117,64,2026-09-24 04:43:00+00:00
2026-09-24 04:44:17+00:00,VALID,371654.0,85,0,2026-09-24 04:44:00+00:00
2026-09-24 04:45:17+00:00,FF64,,117,64,2026-09-24 04:45:00+00:00
2026-09-24 04:46:17+00:00,VALID,371774.0,85,0,2026-09-24 04:46:00+00:00
2026-09-24 04:47:17+00:00,FF64,,117,64,2026-09-24 04:47:00+00:00
2026-09-24 04:48:17+00:00,VALID,371894.0,85,0,2026-09-24 04:48:00+00:00
2026-09-24 04:49:17+00:00,FF64,,117,64,2026-09-24 04:49:00+00:00
2026-09-24 04:50:17+00:00,VALID,372014.0,85,0,2026-09-24 04:50:00+00:00
2026-09-24 04:51:17+00:00,FF64,,117,64,2026-09-24 04:51:00+00:00
2026-09-24 04:52:17+00:00,VALID,372134.0,85,0,2026-09-24 04:52:00+00:00
2026-09-24 04:53:17+00:00,FF64,,117,64,2026-09-24 04:53:00+00:00
2026-09-24 04:54:17+00:00,VALID,372254.0,85,0,2026-09-24 04:54:00+00:00
2026-09-24 04:55:17+00:00,FF64,,117,64,2026-09-24 04:55:00+00:00
2026-09-24 04:56:17+00:00,VALID,372374.0,85,0,2026-09-24 04:56:00+00:00
2026-09-24 04:57:17+00:00,FF64,,117,64,2026-09-24 04:57:00+00:00
2026-09-24 04:58:17+00:00,VALID,372494.0,85,0,2026-09-24 04:58:00+00:00
2026-09-24 04:59:17+00:00,FF64,,117,64,2026-09-24 04:59:00+00:00
2026-09-24 05:00:17+00:00,VALID,372614.0,85,0,2026-09-24 05:00:00+00:00
2026-09-24 05:01:17+00:00,FF64,,117,64,2026-09-24 05:01:00+00:00
2026-09-24 05:02:17+00:00,VALID,372734.0,85,0,2026-09-24 05:02:00+00:00
2026-09-24 05:03:17+00:00,VALID,372794.0,85,0,2026-09-24 05:03:00+00:00
2026-09-24 05:04:17+00:00,VALID,372854.0,85,0,2026-09-24 05:04:00+00:00
2026-09-24 05:05:17+00:00,VALID,372914.0,85,0,2026-09-24 05:05:00+00:00
2026-09-24 05:06:17+00:00,VALID,372974.0,85,0,2026-09-24 05:06:00+00:00
2026-09-24 05:07:17+00:00,FF64,,117,64,2026-09-24 05:07:00+00:00
2026-09-24 05:08:17+00:00,VALID,373094.0,85,0,2026-09-24 05:08:00+00:00
2026-09-24 05:09:17+00:00,FF64,,117,64,2026-09-24 05:09:00+00:00
2026-09-24 05:10:17+00:00,VALID,373214.0,85,0,2026-09-24 05:10:00+00:00
2026-09-24 05:11:17+00:00,FF64,,117,64,2026-09-24 05:11:00+00:00
2026-09-24 05:12:17+00:00,VALID,373334.0,85,0,2026-09-24 05:12:00+00:00
2026-09-24 05:13:17+00:00,VALID,373394.0,85,0,2026-09-24 05:13:00+00:00
2026-09-24 05:14:17+00:00,VALID,373454.0,85,0,2026-09-24 05:14:00+00:00
2026-09-24 05:15:17+00:00,VALID,373514.0,85,0,2026-09-24 05:15:00+00:00
2026-09-24 05:16:17+00:00,VALID,373574.0,85,0,2026-09-24 05:16:00+00:00
2026-09-24 05:17:17+00:00,FF64,,117,64,2026-09-24 05:17:00+00:00
2026-09-24 05:18:17+00:00,VALID,373694.0,85,0,2026-09-24 05:18:00+00:00
2026-09-24 05:19:17+00:00,FF64,,117,64,2026-09-24 05:19:00+00:00
2026-09-24 05:20:17+00:00,VALID,373814.0,85,0,2026-09-24 05:20:00+00:00
2026-09-24 05:21:17+00:00,VALID,373874.0,85,0,2026-09-24 05:21:00+00:00
2026-09-24 05:22:17+00:00,VALID,373934.0,85,0,2026-09-24 05:22:00+00:00
2026-09-24 05:23:17+00:00,FF64,,117,64,2026-09-24 05:23:00+00:00
2026-09-24 05:24:17+00:00,VALID,374054.0,85,0,2026-09-24 05:24:00+00:00
2026-09-24 05:25:17+00:00,FF64,,117,64,2026-09-24 05:25:00+00:00
2026-09-24 05:26:17+00:00,VALID,374174.0,85,0,2026-09-24 05:26:00+00:00
2026-09-24 05:27:17+00:00,VALID,374234.0,85,0,2026-09-24 05:27:00+00:00
2026-09-24 05:28:17+00:00,VALID,374294.0,85,0,2026-09-24 05:28:00+00:00
2026-09-24 05:29:17+00:00,VALID,374354.0,85,0,2026-09-24 05:29:00+00:00
2026-09-24 05:30:17+00:00,VALID,374414.0,85,0,2026-09-24 05:30:00+00:00
2026-09-24 05:31:17+00:00,FF64,,117,64,2026-09-24 05:31:00+00:00
2026-09-24 05:32:17+00:00,VALID,374534.0,85,0,2026-09-24 05:32:00+00:00
2026-09-24 05:33:17+00:00,FF64,,117,64,2026-09-24 05:33:00+00:00
2026-09-24 05:34:17+00:00,VALID,374654.0,85,0,2026-09-24 05:34:00+00:00
2026-09-24 05:35:17+00:00,VALID,374714.0,85,0,2026-09-24 05:35:00+00:00
2026-09-24 05:36:17+00:00,VALID,374774.0,85,0,2026-09-24 05:36:00+00:00
2026-09-24 05:37:17+00:00,VALID,374834.0,85,0,2026-09-24 05:37:00+00:00
2026-09-24 05:38:17+00:00,VALID,374894.0,85,0,2026-09-24 05:38:00+00:00
2026-09-24 05:39:17+00:00,FF64,,117,64,2026-09-24 05:39:00+00:00
2026-09-24 05:40:17+00:00,VALID,375014.0,85,0,2026-09-24 05:40:00+00:00
2026-09-24 05:41:17+00:00,FF64,,117,64,2026-09-24 05:41:00+00:00
2026-09-24 05:42:17+00:00,VALID,375134.0,85,0,2026-09-24 05:42:00+00:00
2026-09-24 05:43:17+00:00,FF64,,117,64,2026-09-24 05:43:00+00:00
2026-09-24 05:44:17+00:00,VALID,375254.0,85,0,2026-09-24 05:44:00+00:00
2026-09-24 05:45:17+00:00,VALID,375314.0,85,0,2026-09-24 05:45:00+00:00
2026-09-24 05:46:17+00:00,VALID,375374.0,85,0,2026-09-24 05:46:00+00:00
2026-09-24 05:47:17+00:00,VALID,375434.0,85,0,2026-09-24 05:47:00+00:00
2026-09-24 05:48:17+00:00,VALID,375494.0,85,0,2026-09-24 05:48:00+00:00
2026-09-24 05:49:18+00:00,FF64,,117,64,2026-09-24 05:49:00+00:00
2026-09-24 05:50:18+00:00,VALID,375614.0,85,0,2026-09-24 05:50:00+00:00
2026-09-24 05:51:18+00:00,VALID,375674.0,85,0,2026-09-24 05:51:00+00:00
2026-09-24 05:52:18+00:00,VALID,375734.0,85,0,2026-09-24 05:52:00+00:00
2026-09-24 05:53:18+00:00,FF64,,117,64,2026-09-24 05:53:00+00:00
2026-09-24 05:54:18+00:00,VALID,375854.0,85,0,2026-09-24 05:54:00+00:00
2026-09-24 05:55:18+00:00,FF64,,117,64,2026-09-24 05:55:00+00:00
2026-09-24 05:56:18+00:00,VALID,375974.0,85,0,2026-09-24 05:56:00+00:00
2026-09-24 05:57:18+00:00,FF64,,117,64,2026-09-24 05:57:00+00:00
2026-09-24 05:58:18+00:00,VALID,376094.0,85,0,2026-09-24 05:58:00+00:00
2026-09-24 05:59:18+00:00,FF64,,117,64,2026-09-24 05:59:00+00:00
2026-09-24 06:00:18+00:00,VALID,376214.0,85,0,2026-09-24 06:00:00+00:00
2026-09-24 06:01:18+00:00,FF64,,117,64,2026-09-24 06:01:00+00:00
2026-09-24 06:02:18+00:00,VALID,376334.0,85,0,2026-09-24 06:02:00+00:00
2026-09-24 06:03:18+00:00,FF64,,117,64,2026-09-24 06:03:00+00:00
2026-09-24 06:04:18+00:00,VALID,376454.0,85,0,2026-09-24 06:04:00+00:00
2026-09-24 06:05:18+00:00,FF64,,117,64,2026-09-24 06:05:00+00:00
2026-09-24 06:06:18+00:00,VALID,376574.0,85,0,2026-09-24 06:06:00+00:00
2026-09-24 06:07:18+00:00,VALID,376634.0,85,0,2026-09-24 06:07:00+00:00
2026-09-24 06:08:18+00:00,VALID,376694.0,85,0,2026-09-24 06:08:00+00:00
2026-09-24 06:09:18+00:00,FF64,,117,64,2026-09-24 06:09:00+00:00
2026-09-24 06:10:18+00:00,VALID,376814.0,85,0,2026-09-24 06:10:00+00:00
2026-09-24 06:11:18+00:00,FF64,,117,64,2026-09-24 06:11:00+00:00
2026-09-24 06:12:18+00:00,VALID,376934.0,85,0,2026-09-24 06:12:00+00:00
2026-09-24 06:13:18+00:00,FF64,,117,64,2026-09-24 06:13:00+00:00
2026-09-24 06:14:18+00:00,VALID,377054.0,85,0,2026-09-24 06:14:00+00:00
2026-09-24 06:15:18+00:00,FF64,,117,64,2026-09-24 06:15:00+00:00
2026-09-24 06:16:18+00:00,VALID,377174.0,85,0,2026-09-24 06:16:00+00:00
2026-09-24 06:17:18+00:00,FF64,,117,64,2026-09-24 06:17:00+00:00
2026-09-24 06:18:18+00:00,VALID,377294.0,85,0,2026-09-24 06:18:00+00:00
2026-09-24 06:19:18+00:00,FF64,,117,64,2026-09-24 06:19:00+00:00
2026-09-24 06:20:18+00:00,VALID,377414.0,85,0,2026-09-24 06:20:00+00:00
2026-09-24 06:21:18+00:00,FF64,,117,64,2026-09-24 06:21:00+00:00
2026-09-24 06:22:18+00:00,VALID,377534.0,85,0,2026-09-24 06:22:00+00:00
2026-09-24 06:23:18+00:00,FF64,,117,64,2026-09-24 06:23:00+00:00
2026-09-24 06:24:18+00:00,VALID,377654.0,85,0,2026-09-24 06:24:00+00:00
2026-09-24 06:25:18+00:00,FF64,,117,64,2026-09-24 06:25:00+00:00
2026-09-24 06:26:18+00:00,VALID,377774.0,85,0,2026-09-24 06:26:00+00:00
2026-09-24 06:27:18+00:00,FF64,,117,64,2026-09-24 06:27:00+00:00
2026-09-24 06:28:18+00:00,VALID,377894.0,85,0,2026-09-24 06:28:00+00:00
2026-09-24 06:29:18+00:00,FF64,,117,64,2026-09-24 06:29:00+00:00
2026-09-24 06:30:18+00:00,VALID,378014.0,85,0,2026-09-24 06:30:00+00:00
2026-09-24 06:31:18+00:00,FF64,,117,64,2026-09-24 06:31:00+00:00
2026-09-24 06:32:18+00:00,VALID,378135.0,85,0,2026-09-24 06:32:00+00:00
2026-09-24 06:33:18+00:00,VALID,378195.0,85,0,2026-09-24 06:33:00+00:00
2026-09-24 06:34:18+00:00,VALID,378255.0,85,0,2026-09-24 06:34:00+00:00
2026-09-24 06:35:18+00:00,VALID,378315.0,85,0,2026-09-24 06:35:00+00:00
2026-09-24 06:36:18+00:00,VALID,378375.0,85,0,2026-09-24 06:36:00+00:00
2026-09-24 06:37:18+00:00,VALID,378435.0,85,0,2026-09-24 06:37:00+00:00
2026-09-24 06:38:18+00:00,VALID,378495.0,85,0,2026-09-24 06:38:00+00:00
2026-09-24 06:39:18+00:00,VALID,378555.0,85,0,2026-09-24 06:39:00+00:00
2026-09-24 06:40:18+00:00,VALID,378615.0,85,0,2026-09-24 06:40:00+00:00
2026-09-24 06:41:18+00:00,FF64,,117,64,2026-09-24 06:41:00+00:00
2026-09-24 06:42:18+00:00,VALID,378735.0,85,0,2026-09-24 06:42:00+00:00
2026-09-24 06:43:18+00:00,FF64,,117,64,2026-09-24 06:43:00+00:00
2026-09-24 06:44:18+00:00,VALID,378855.0,85,0,2026-09-24 06:44:00+00:00
2026-09-24 06:45:18+00:00,FF64,,117,64,2026-09-24 06:45:00+00:00
2026-09-24 06:46:18+00:00,VALID,378975.0,85,0,2026-09-24 06:46:00+00:00
2026-09-24 06:47:18+00:00,FF64,,117,64,2026-09-24 06:47:00+00:00
2026-09-24 06:48:18+00:00,VALID,379095.0,85,0,2026-09-24 06:48:00+00:00
2026-09-24 06:49:18+00:00,FF64,,117,64,2026-09-24 06:49:00+00:00
2026-09-24 06:50:18+00:00,VALID,379215.0,85,0,2026-09-24 06:50:00+00:00
2026-09-24 06:51:18+00:00,VALID,379275.0,85,0,2026-09-24 06:51:00+00:00
2026-09-24 06:52:18+00:00,VALID,379335.0,85,0,2026-09-24 06:52:00+00:00
2026-09-24 06:53:18+00:00,FF64,,117,64,2026-09-24 06:53:00+00:00
2026-09-24 06:54:18+00:00,VALID,379455.0,85,0,2026-09-24 06:54:00+00:00
2026-09-24 06:55:18+00:00,FF64,,117,64,2026-09-24 06:55:00+00:00
2026-09-24 06:56:18+00:00,VALID,379575.0,85,0,2026-09-24 06:56:00+00:00
2026-09-24 06:57:18+00:00,FF64,,117,64,2026-09-24 06:57:00+00:00
2026-09-24 06:58:18+00:00,VALID,379695.0,85,0,2026-09-24 06:58:00+00:00
2026-09-24 06:59:18+00:00,VALID,379755.0,85,0,2026-09-24 06:59:00+00:00
2026-09-24 07:00:18+00:00,VALID,379815.0,85,0,2026-09-24 07:00:00+00:00
2026-09-24 07:01:18+00:00,FF64,,117,64,2026-09-24 07:01:00+00:00
2026-09-24 07:02:18+00:00,VALID,379935.0,85,0,2026-09-24 07:02:00+00:00
2026-09-24 07:03:18+00:00,FF64,,117,64,2026-09-24 07:03:00+00:00
2026-09-24 07:04:18+00:00,VALID,380055.0,85,0,2026-09-24 07:04:00+00:00
2026-09-24 07:05:18+00:00,FF64,,117,64,2026-09-24 07:05:00+00:00
2026-09-24 07:06:18+00:00,VALID,380175.0,85,0,2026-09-24 07:06:00+00:00
2026-09-24 07:07:18+00:00,FF64,,117,64,2026-09-24 07:07:00+00:00
2026-09-24 07:08:18+00:00,VALID,380295.0,85,0,2026-09-24 07:08:00+00:00
2026-09-24 07:09:18+00:00,VALID,380355.0,85,0,2026-09-24 07:09:00+00:00
2026-09-24 07:10:18+00:00,VALID,380415.0,85,0,2026-09-24 07:10:00+00:00
2026-09-24 07:11:18+00:00,FF64,,117,64,2026-09-24 07:11:00+00:00
2026-09-24 07:12:18+00:00,VALID,380535.0,85,0,2026-09-24 07:12:00+00:00
2026-09-24 07:13:18+00:00,VALID,380595.0,85,0,2026-09-24 07:13:00+00:00
2026-09-24 07:14:18+00:00,VALID,380655.0,85,0,2026-09-24 07:14:00+00:00
2026-09-24 07:15:18+00:00,FF64,,117,64,2026-09-24 07:15:00+00:00
2026-09-24 07:16:18+00:00,VALID,380775.0,85,0,2026-09-24 07:16:00+00:00
2026-09-24 07:17:18+00:00,FF64,,117,64,2026-09-24 07:17:00+00:00
2026-09-24 07:18:18+00:00,VALID,380895.0,85,0,2026-09-24 07:18:00+00:00
2026-09-24 07:19:18+00:00,VALID,380955.0,85,0,2026-09-24 07:19:00+00:00
2026-09-24 07:20:18+00:00,VALID,381015.0,85,0,2026-09-24 07:20:00+00:00
2026-09-24 07:21:18+00:00,VALID,381075.0,85,0,2026-09-24 07:21:00+00:00
2026-09-24 07:22:18+00:00,VALID,381135.0,85,0,2026-09-24 07:22:00+00:00
2026-09-24 07:23:18+00:00,FF64,,117,64,2026-09-24 07:23:00+00:00
2026-09-24 07:24:18+00:00,VALID,381255.0,85,0,2026-09-24 07:24:00+00:00
2026-09-24 07:25:18+00:00,VALID,381315.0,85,0,2026-09-24 07:25:00+00:00
2026-09-24 07:26:18+00:00,VALID,381375.0,85,0,2026-09-24 07:26:00+00:00
2026-09-24 07:27:18+00:00,VALID,381435.0,85,0,2026-09-24 07:27:00+00:00
2026-09-24 07:28:18+00:00,VALID,381495.0,85,0,2026-09-24 07:28:00+00:00
2026-09-24 07:29:18+00:00,VALID,381555.0,85,0,2026-09-24 07:29:00+00:00
2026-09-24 07:30:18+00:00,VALID,381615.0,85,0,2026-09-24 07:30:00+00:00
2026-09-24 07:31:18+00:00,VALID,381675.0,85,0,2026-09-24 07:31:00+00:00
2026-09-24 07:32:18+00:00,VALID,381735.0,85,0,2026-09-24 07:32:00+00:00
2026-09-24 07:33:18+00:00,VALID,381795.0,85,0,2026-09-24 07:33:00+00:00
2026-09-24 07:34:18+00:00,VALID,381855.0,85,0,2026-09-24 07:34:00+00:00
2026-09-24 07:35:18+00:00,FF64,,117,64,2026-09-24 07:35:00+00:00
2026-09-24 07:36:18+00:00,VALID,381975.0,85,0,2026-09-24 07:36:00+00:00
2026-09-24 07:37:18+00:00,FF64,,117,64,2026-09-24 07:37:00+00:00
2026-09-24 07:38:18+00:00,VALID,382095.0,85,0,2026-09-24 07:38:00+00:00
2026-09-24 07:39:18+00:00,FF64,,117,64,2026-09-24 07:39:00+00:00
2026-09-24 07:40:18+00:00,VALID,382215.0,85,0,2026-09-24 07:40:00+00:00
2026-09-24 07:41:18+00:00,FF64,,117,64,2026-09-24 07:41:00+00:00
2026-09-24 07:42:18+00:00,VALID,382335.0,85,0,2026-09-24 07:42:00+00:00
2026-09-24 07:43:18+00:00,FF64,,117,64,2026-09-24 07:43:00+00:00
2026-09-24 07:44:18+00:00,VALID,382455.0,85,0,2026-09-24 07:44:00+00:00
2026-09-24 07:45:18+00:00,VALID,382515.0,85,0,2026-09-24 07:45:00+00:00
2026-09-24 07:46:18+00:00,VALID,382575.0,85,0,2026-09-24 07:46:00+00:00
2026-09-24 07:47:18+00:00,VALID,382635.0,85,0,2026-09-24 07:47:00+00:00
2026-09-24 07:48:18+00:00,VALID,382695.0,85,0,2026-09-24 07:48:00+00:00
2026-09-24 07:49:18+00:00,FF64,,117,64,2026-09-24 07:49:00+00:00
2026-09-24 07:50:18+00:00,VALID,382815.0,85,0,2026-09-24 07:50:00+00:00
2026-09-24 07:51:18+00:00,FF64,,117,64,2026-09-24 07:51:00+00:00
2026-09-24 07:52:18+00:00,VALID,382935.0,85,0,2026-09-24 07:52:00+00:00
2026-09-24 07:53:18+00:00,VALID,382995.0,85,0,2026-09-24 07:53:00+00:00
2026-09-24 07:54:18+00:00,VALID,383055.0,85,0,2026-09-24 07:54:00+00:00
2026-09-24 07:55:18+00:00,FF64,,117,64,2026-09-24 07:55:00+00:00
2026-09-24 07:56:18+00:00,VALID,383175.0,85,0,2026-09-24 07:56:00+00:00
2026-09-24 07:57:18+00:00,FF64,,117,64,2026-09-24 07:57:00+00:00
2026-09-24 07:58:18+00:00,VALID,383295.0,85,0,2026-09-24 07:58:00+00:00
2026-09-24 07:59:18+00:00,FF64,,117,64,2026-09-24 07:59:00+00:00
2026-09-24 08:00:18+00:00,VALID,383415.0,85,0,2026-09-24 08:00:00+00:00
2026-09-24 08:01:18+00:00,FF64,,117,64,2026-09-24 08:01:00+00:00
2026-09-24 08:02:18+00:00,VALID,383535.0,85,0,2026-09-24 08:02:00+00:00
2026-09-24 08:03:18+00:00,VALID,383595.0,85,0,2026-09-24 08:03:00+00:00
2026-09-24 08:04:18+00:00,VALID,383655.0,85,0,2026-09-24 08:04:00+00:00
2026-09-24 08:05:18+00:00,VALID,383715.0,85,0,2026-09-24 08:05:00+00:00
2026-09-24 08:06:18+00:00,VALID,383775.0,85,0,2026-09-24 08:06:00+00:00
2026-09-24 08:07:18+00:00,FF64,,117,64,2026-09-24 08:07:00+00:00
2026-09-24 08:08:18+00:00,VALID,383895.0,85,0,2026-09-24 08:08:00+00:00
2026-09-24 08:09:18+00:00,FF64,,117,64,2026-09-24 08:09:00+00:00
2026-09-24 08:10:18+00:00,VALID,384015.0,85,0,2026-09-24 08:10:00+00:00
2026-09-24 08:11:18+00:00,FF64,,117,64,2026-09-24 08:11:00+00:00
2026-09-24 08:12:18+00:00,VALID,384135.0,85,0,2026-09-24 08:12:00+00:00
2026-09-24 08:13:18+00:00,FF64,,117,64,2026-09-24 08:13:00+00:00
2026-09-24 08:14:18+00:00,VALID,384255.0,85,0,2026-09-24 08:14:00+00:00
2026-09-24 08:15:18+00:00,FF64,,117,64,2026-09-24 08:15:00+00:00
2026-09-24 08:16:18+00:00,VALID,384375.0,85,0,2026-09-24 08:16:00+00:00
2026-09-24 08:17:18+00:00,VALID,384435.0,85,0,2026-09-24 08:17:00+00:00
2026-09-24 08:18:18+00:00,VALID,384495.0,85,0,2026-09-24 08:18:00+00:00
2026-09-24 08:19:18+00:00,VALID,384555.0,85,0,2026-09-24 08:19:00+00:00
2026-09-24 08:20:18+00:00,VALID,384615.0,85,0,2026-09-24 08:20:00+00:00
2026-09-24 08:21:18+00:00,FF64,,117,64,2026-09-24 08:21:00+00:00
2026-09-24 08:22:18+00:00,VALID,384735.0,85,0,2026-09-24 08:22:00+00:00
2026-09-24 08:23:18+00:00,FF64,,117,64,2026-09-24 08:23:00+00:00
2026-09-24 08:24:18+00:00,VALID,384855.0,85,0,2026-09-24 08:24:00+00:00
2026-09-24 08:25:18+00:00,VALID,384915.0,85,0,2026-09-24 08:25:00+00:00
2026-09-24 08:26:18+00:00,VALID,384975.0,85,0,2026-09-24 08:26:00+00:00
2026-09-24 08:27:18+00:00,VALID,385035.0,85,0,2026-09-24 08:27:00+00:00
2026-09-24 08:28:18+00:00,VALID,385095.0,85,0,2026-09-24 08:28:00+00:00
2026-09-24 08:29:18+00:00,FF64,,117,64,2026-09-24 08:29:00+00:00
2026-09-24 08:30:18+00:00,VALID,385215.0,85,0,2026-09-24 08:30:00+00:00
2026-09-24 08:31:18+00:00,VALID,385275.0,85,0,2026-09-24 08:31:00+00:00
2026-09-24 08:32:18+00:00,VALID,385335.0,85,0,2026-09-24 08:32:00+00:00
2026-09-24 08:33:18+00:00,FF64,,117,64,2026-09-24 08:33:00+00:00
2026-09-24 08:34:18+00:00,VALID,385455.0,85,0,2026-09-24 08:34:00+00:00
2026-09-24 08:35:18+00:00,VALID,385515.0,85,0,2026-09-24 08:35:00+00:00
2026-09-24 08:36:18+00:00,VALID,385575.0,85,0,2026-09-24 08:36:00+00:00
2026-09-24 08:37:18+00:00,FF64,,117,64,2026-09-24 08:37:00+00:00
2026-09-24 08:38:18+00:00,VALID,385695.0,85,0,2026-09-24 08:38:00+00:00
2026-09-24 08:39:18+00:00,VALID,385755.0,85,0,2026-09-24 08:39:00+00:00
2026-09-24 08:40:18+00:00,VALID,385815.0,85,0,2026-09-24 08:40:00+00:00
2026-09-24 08:41:18+00:00,FF64,,117,64,2026-09-24 08:41:00+00:00
2026-09-24 08:42:18+00:00,VALID,385935.0,85,0,2026-09-24 08:42:00+00:00
2026-09-24 08:43:18+00:00,FF64,,117,64,2026-09-24 08:43:00+00:00
2026-09-24 08:44:18+00:00,VALID,386055.0,85,0,2026-09-24 08:44:00+00:00
2026-09-24 08:45:18+00:00,FF64,,117,64,2026-09-24 08:45:00+00:00
2026-09-24 08:46:18+00:00,VALID,386175.0,85,0,2026-09-24 08:46:00+00:00
2026-09-24 08:47:18+00:00,FF64,,117,64,2026-09-24 08:47:00+00:00
2026-09-24 08:48:18+00:00,VALID,386295.0,85,0,2026-09-24 08:48:00+00:00
2026-09-24 08:49:18+00:00,FF64,,117,64,2026-09-24 08:49:00+00:00
2026-09-24 08:50:18+00:00,VALID,386415.0,85,0,2026-09-24 08:50:00+00:00
2026-09-24 08:51:18+00:00,FF64,,117,64,2026-09-24 08:51:00+00:00
2026-09-24 08:52:18+00:00,VALID,386535.0,85,0,2026-09-24 08:52:00+00:00
2026-09-24 08:53:18+00:00,FF64,,117,64,2026-09-24 08:53:00+00:00
2026-09-24 08:54:18+00:00,VALID,386655.0,85,0,2026-09-24 08:54:00+00:00
2026-09-24 08:55:18+00:00,VALID,386715.0,85,0,2026-09-24 08:55:00+00:00
2026-09-24 08:56:18+00:00,VALID,386775.0,85,0,2026-09-24 08:56:00+00:00
2026-09-24 08:57:18+00:00,VALID,386835.0,85,0,2026-09-24 08:57:00+00:00
2026-09-24 08:58:18+00:00,VALID,386895.0,85,0,2026-09-24 08:58:00+00:00
2026-09-24 08:59:18+00:00,FF64,,117,64,2026-09-24 08:59:00+00:00
2026-09-24 09:00:18+00:00,VALID,387015.0,85,0,2026-09-24 09:00:00+00:00
2026-09-24 09:01:18+00:00,VALID,387075.0,85,0,2026-09-24 09:01:00+00:00
2026-09-24 09:02:18+00:00,VALID,387135.0,85,0,2026-09-24 09:02:00+00:00
2026-09-24 09:03:18+00:00,VALID,387195.0,85,0,2026-09-24 09:03:00+00:00
2026-09-24 09:04:18+00:00,VALID,387255.0,85,0,2026-09-24 09:04:00+00:00
2026-09-24 09:05:18+00:00,FF64,,117,64,2026-09-24 09:05:00+00:00
2026-09-24 09:06:18+00:00,VALID,387375.0,85,0,2026-09-24 09:06:00+00:00
2026-09-24 09:07:18+00:00,VALID,387435.0,85,0,2026-09-24 09:07:00+00:00
2026-09-24 09:08:18+00:00,VALID,387495.0,85,0,2026-09-24 09:08:00+00:00
2026-09-24 09:09:18+00:00,FF64,,117,64,2026-09-24 09:09:00+00:00
2026-09-24 09:10:18+00:00,VALID,387615.0,85,0,2026-09-24 09:10:00+00:00
2026-09-24 09:11:18+00:00,FF64,,117,64,2026-09-24 09:11:00+00:00
2026-09-24 09:12:18+00:00,VALID,387735.0,85,0,2026-09-24 09:12:00+00:00
2026-09-24 09:13:18+00:00,FF64,,117,64,2026-09-24 09:13:00+00:00
2026-09-24 09:14:18+00:00,VALID,387855.0,85,0,2026-09-24 09:14:00+00:00
2026-09-24 09:15:18+00:00,VALID,387915.0,85,0,2026-09-24 09:15:00+00:00
2026-09-24 09:16:18+00:00,VALID,387975.0,85,0,2026-09-24 09:16:00+00:00
2026-09-24 09:17:18+00:00,FF64,,117,64,2026-09-24 09:17:00+00:00
2026-09-24 09:18:18+00:00,VALID,388095.0,85,0,2026-09-24 09:18:00+00:00
2026-09-24 09:19:18+00:00,FF64,,117,64,2026-09-24 09:19:00+00:00
2026-09-24 09:20:18+00:00,VALID,388215.0,85,0,2026-09-24 09:20:00+00:00
2026-09-24 09:21:18+00:00,FF64,,117,64,2026-09-24 09:21:00+00:00
2026-09-24 09:22:18+00:00,VALID,388335.0,85,0,2026-09-24 09:22:00+00:00
2026-09-24 09:23:18+00:00,FF64,,117,64,2026-09-24 09:23:00+00:00
2026-09-24 09:24:18+00:00,VALID,388455.0,85,0,2026-09-24 09:24:00+00:00
2026-09-24 09:25:18+00:00,FF64,,117,64,2026-09-24 09:25:00+00:00
2026-09-24 09:26:18+00:00,VALID,388575.0,85,0,2026-09-24 09:26:00+00:00
2026-09-24 09:27:18+00:00,FF64,,117,64,2026-09-24 09:27:00+00:00
2026-09-24 09:28:18+00:00,VALID,388695.0,85,0,2026-09-24 09:28:00+00:00
2026-09-24 09:29:18+00:00,VALID,388755.0,85,0,2026-09-24 09:29:00+00:00
2026-09-24 09:30:18+00:00,VALID,388815.0,85,0,2026-09-24 09:30:00+00:00
2026-09-24 09:31:18+00:00,FF64,,117,64,2026-09-24 09:31:00+00:00
2026-09-24 09:32:18+00:00,VALID,388935.0,85,0,2026-09-24 09:32:00+00:00
2026-09-24 09:33:18+00:00,FF64,,117,64,2026-09-24 09:33:00+00:00
2026-09-24 09:34:18+00:00,VALID,389055.0,85,0,2026-09-24 09:34:00+00:00
2026-09-24 09:35:18+00:00,VALID,389115.0,85,0,2026-09-24 09:35:00+00:00
2026-09-24 09:36:18+00:00,VALID,389175.0,85,0,2026-09-24 09:36:00+00:00
2026-09-24 09:37:18+00:00,FF64,,117,64,2026-09-24 09:37:00+00:00
2026-09-24 09:38:18+00:00,VALID,389295.0,85,0,2026-09-24 09:38:00+00:00
2026-09-24 09:39:18+00:00,VALID,389355.0,85,0,2026-09-24 09:39:00+00:00
2026-09-24 09:40:18+00:00,VALID,389415.0,85,0,2026-09-24 09:40:00+00:00
2026-09-24 09:41:18+00:00,FF64,,117,64,2026-09-24 09:41:00+00:00
2026-09-24 09:42:18+00:00,VALID,389535.0,85,0,2026-09-24 09:42:00+00:00
2026-09-24 09:43:18+00:00,FF64,,117,64,2026-09-24 09:43:00+00:00
2026-09-24 09:44:18+00:00,VALID,389655.0,85,0,2026-09-24 09:44:00+00:00
2026-09-24 09:45:18+00:00,FF64,,117,64,2026-09-24 09:45:00+00:00
2026-09-24 09:46:18+00:00,VALID,389775.0,85,0,2026-09-24 09:46:00+00:00
2026-09-24 09:47:18+00:00,FF64,,117,64,2026-09-24 09:47:00+00:00
2026-09-24 09:48:18+00:00,VALID,389895.0,85,0,2026-09-24 09:48:00+00:00
2026-09-24 09:49:18+00:00,FF64,,117,64,2026-09-24 09:49:00+00:00
2026-09-24 09:50:18+00:00,VALID,390015.0,85,0,2026-09-24 09:50:00+00:00
2026-09-24 09:51:18+00:00,FF64,,117,64,2026-09-24 09:51:00+00:00
2026-09-24 09:52:18+00:00,VALID,390135.0,85,0,2026-09-24 09:52:00+00:00
2026-09-24 09:53:18+00:00,VALID,390195.0,85,0,2026-09-24 09:53:00+00:00
2026-09-24 09:54:18+00:00,VALID,390255.0,85,0,2026-09-24 09:54:00+00:00
2026-09-24 09:55:18+00:00,FF64,,117,64,2026-09-24 09:55:00+00:00
2026-09-24 09:56:18+00:00,VALID,390375.0,85,0,2026-09-24 09:56:00+00:00
2026-09-24 09:57:18+00:00,FF64,,117,64,2026-09-24 09:57:00+00:00
2026-09-24 09:58:18+00:00,VALID,390495.0,85,0,2026-09-24 09:58:00+00:00
2026-09-24 09:59:18+00:00,VALID,390555.0,85,0,2026-09-24 09:59:00+00:00
2026-09-24 10:00:18+00:00,VALID,390615.0,85,0,2026-09-24 10:00:00+00:00
2026-09-24 10:01:18+00:00,FF64,,117,64,2026-09-24 10:01:00+00:00
2026-09-24 10:02:18+00:00,VALID,390735.0,85,0,2026-09-24 10:02:00+00:00
2026-09-24 10:03:18+00:00,FF64,,117,64,2026-09-24 10:03:00+00:00
2026-09-24 10:04:18+00:00,VALID,390855.0,85,0,2026-09-24 10:04:00+00:00
2026-09-24 10:05:18+00:00,FF64,,117,64,2026-09-24 10:05:00+00:00
2026-09-24 10:06:18+00:00,VALID,390975.0,85,0,2026-09-24 10:06:00+00:00
2026-09-24 10:07:18+00:00,VALID,391035.0,85,0,2026-09-24 10:07:00+00:00
2026-09-24 10:08:18+00:00,VALID,391095.0,85,0,2026-09-24 10:08:00+00:00
2026-09-24 10:09:18+00:00,VALID,391155.0,85,0,2026-09-24 10:09:00+00:00
2026-09-24 10:10:18+00:00,VALID,391215.0,85,0,2026-09-24 10:10:00+00:00
2026-09-24 10:11:18+00:00,FF64,,117,64,2026-09-24 10:11:00+00:00
2026-09-24 10:12:18+00:00,VALID,391335.0,85,0,2026-09-24 10:12:00+00:00
2026-09-24 10:13:18+00:00,VALID,391395.0,85,0,2026-09-24 10:13:00+00:00
2026-09-24 10:14:18+00:00,VALID,391455.0,85,0,2026-09-24 10:14:00+00:00
2026-09-24 10:15:18+00:00,FF64,,117,64,2026-09-24 10:15:00+00:00
2026-09-24 10:16:18+00:00,VALID,391575.0,85,0,2026-09-24 10:16:00+00:00
2026-09-24 10:17:18+00:00,FF64,,117,64,2026-09-24 10:17:00+00:00
2026-09-24 10:18:18+00:00,VALID,391695.0,85,0,2026-09-24 10:18:00+00:00
2026-09-24 10:19:18+00:00,FF64,,117,64,2026-09-24 10:19:00+00:00
2026-09-24 10:20:18+00:00,VALID,391815.0,85,0,2026-09-24 10:20:00+00:00
2026-09-24 10:21:18+00:00,VALID,391875.0,85,0,2026-09-24 10:21:00+00:00
2026-09-24 10:22:18+00:00,VALID,391935.0,85,0,2026-09-24 10:22:00+00:00
2026-09-24 10:23:18+00:00,FF64,,117,64,2026-09-24 10:23:00+00:00
2026-09-24 10:24:18+00:00,VALID,392055.0,85,0,2026-09-24 10:24:00+00:00
2026-09-24 10:25:18+00:00,FF64,,117,64,2026-09-24 10:25:00+00:00
2026-09-24 10:26:18+00:00,VALID,392175.0,85,0,2026-09-24 10:26:00+00:00
2026-09-24 10:27:18+00:00,VALID,392235.0,85,0,2026-09-24 10:27:00+00:00
2026-09-24 10:28:18+00:00,VALID,392295.0,85,0,2026-09-24 10:28:00+00:00
2026-09-24 10:29:18+00:00,VALID,392355.0,85,0,2026-09-24 10:29:00+00:00
2026-09-24 10:30:18+00:00,VALID,392415.0,85,0,2026-09-24 10:30:00+00:00
2026-09-24 10:31:18+00:00,FF64,,117,64,2026-09-24 10:31:00+00:00
2026-09-24 10:32:18+00:00,VALID,392535.0,85,0,2026-09-24 10:32:00+00:00
2026-09-24 10:33:18+00:00,VALID,392595.0,85,0,2026-09-24 10:33:00+00:00
2026-09-24 10:34:18+00:00,VALID,392655.0,85,0,2026-09-24 10:34:00+00:00
2026-09-24 10:35:18+00:00,FF64,,117,64,2026-09-24 10:35:00+00:00
2026-09-24 10:36:18+00:00,VALID,392775.0,85,0,2026-09-24 10:36:00+00:00
2026-09-24 10:37:18+00:00,FF64,,117,64,2026-09-24 10:37:00+00:00
2026-09-24 10:38:18+00:00,VALID,392895.0,85,0,2026-09-24 10:38:00+00:00
2026-09-24 10:39:18+00:00,VALID,392955.0,85,0,2026-09-24 10:39:00+00:00
2026-09-24 10:40:18+00:00,VALID,393015.0,85,0,2026-09-24 10:40:00+00:00
2026-09-24 10:41:18+00:00,FF64,,117,64,2026-09-24 10:41:00+00:00
2026-09-24 10:42:18+00:00,VALID,393135.0,85,0,2026-09-24 10:42:00+00:00
2026-09-24 10:43:18+00:00,FF64,,117,64,2026-09-24 10:43:00+00:00
2026-09-24 10:44:18+00:00,VALID,393255.0,85,0,2026-09-24 10:44:00+00:00
2026-09-24 10:45:18+00:00,VALID,393315.0,85,0,2026-09-24 10:45:00+00:00
2026-09-24 10:46:18+00:00,VALID,393375.0,85,0,2026-09-24 10:46:00+00:00
2026-09-24 10:47:18+00:00,FF64,,117,64,2026-09-24 10:47:00+00:00
2026-09-24 10:48:18+00:00,VALID,393495.0,85,0,2026-09-24 10:48:00+00:00
2026-09-24 10:49:18+00:00,VALID,393555.0,85,0,2026-09-24 10:49:00+00:00
2026-09-24 10:50:18+00:00,VALID,393615.0,85,0,2026-09-24 10:50:00+00:00
2026-09-24 10:51:18+00:00,FF64,,117,64,2026-09-24 10:51:00+00:00
2026-09-24 10:52:18+00:00,VALID,393735.0,85,0,2026-09-24 10:52:00+00:00
2026-09-24 10:53:18+00:00,FF64,,117,64,2026-09-24 10:53:00+00:00
2026-09-24 10:54:18+00:00,VALID,393855.0,85,0,2026-09-24 10:54:00+00:00
2026-09-24 10:55:18+00:00,VALID,393915.0,85,0,2026-09-24 10:55:00+00:00
2026-09-24 10:56:18+00:00,VALID,393975.0,85,0,2026-09-24 10:56:00+00:00
2026-09-24 10:57:18+00:00,FF64,,117,64,2026-09-24 10:57:00+00:00
2026-09-24 10:58:18+00:00,VALID,394095.0,85,0,2026-09-24 10:58:00+00:00
2026-09-24 10:59:18+00:00,FF64,,117,64,2026-09-24 10:59:00+00:00
2026-09-24 11:00:18+00:00,VALID,394215.0,85,0,2026-09-24 11:00:00+00:00
2026-09-24 11:01:18+00:00,VALID,394275.0,85,0,2026-09-24 11:01:00+00:00
2026-09-24 11:02:18+00:00,VALID,394335.0,85,0,2026-09-24 11:02:00+00:00
2026-09-24 11:03:18+00:00,VALID,394395.0,85,0,2026-09-24 11:03:00+00:00
2026-09-24 11:04:18+00:00,VALID,394455.0,85,0,2026-09-24 11:04:00+00:00
2026-09-24 11:05:18+00:00,FF64,,117,64,2026-09-24 11:05:00+00:00
2026-09-24 11:06:18+00:00,VALID,394575.0,85,0,2026-09-24 11:06:00+00:00
2026-09-24 11:07:18+00:00,VALID,394635.0,85,0,2026-09-24 11:07:00+00:00
2026-09-24 11:08:18+00:00,VALID,394695.0,85,0,2026-09-24 11:08:00+00:00
2026-09-24 11:09:18+00:00,FF64,,117,64,2026-09-24 11:09:00+00:00
2026-09-24 11:10:18+00:00,VALID,394815.0,85,0,2026-09-24 11:10:00+00:00
2026-09-24 11:11:18+00:00,VALID,394875.0,85,0,2026-09-24 11:11:00+00:00
2026-09-24 11:12:18+00:00,VALID,394935.0,85,0,2026-09-24 11:12:00+00:00
2026-09-24 11:13:18+00:00,FF64,,117,64,2026-09-24 11:13:00+00:00
2026-09-24 11:14:18+00:00,VALID,395055.0,85,0,2026-09-24 11:14:00+00:00
2026-09-24 11:15:18+00:00,FF64,,117,64,2026-09-24 11:15:00+00:00
2026-09-24 11:16:18+00:00,VALID,395175.0,85,0,2026-09-24 11:16:00+00:00
2026-09-24 11:17:18+00:00,FF64,,117,64,2026-09-24 11:17:00+00:00
2026-09-24 11:18:18+00:00,VALID,395295.0,85,0,2026-09-24 11:18:00+00:00
2026-09-24 11:19:18+00:00,FF64,,117,64,2026-09-24 11:19:00+00:00
2026-09-24 11:20:18+00:00,VALID,395415.0,85,0,2026-09-24 11:20:00+00:00
2026-09-24 11:21:18+00:00,VALID,395475.0,85,0,2026-09-24 11:21:00+00:00
2026-09-24 11:22:18+00:00,VALID,395535.0,85,0,2026-09-24 11:22:00+00:00
2026-09-24 11:23:18+00:00,VALID,395595.0,85,0,2026-09-24 11:23:00+00:00
2026-09-24 11:24:18+00:00,VALID,395655.0,85,0,2026-09-24 11:24:00+00:00
2026-09-24 11:25:18+00:00,FF64,,117,64,2026-09-24 11:25:00+00:00
2026-09-24 11:26:18+00:00,VALID,395775.0,85,0,2026-09-24 11:26:00+00:00
2026-09-24 11:27:18+00:00,FF64,,117,64,2026-09-24 11:27:00+00:00
2026-09-24 11:28:18+00:00,VALID,395895.0,85,0,2026-09-24 11:28:00+00:00
2026-09-24 11:29:18+00:00,FF64,,117,64,2026-09-24 11:29:00+00:00
2026-09-24 11:30:18+00:00,VALID,396015.0,85,0,2026-09-24 11:30:00+00:00
2026-09-24 11:31:18+00:00,VALID,396075.0,85,0,2026-09-24 11:31:00+00:00
2026-09-24 11:32:18+00:00,VALID,396135.0,85,0,2026-09-24 11:32:00+00:00
2026-09-24 11:33:18+00:00,VALID,396195.0,85,0,2026-09-24 11:33:00+00:00
2026-09-24 11:34:18+00:00,VALID,396255.0,85,0,2026-09-24 11:34:00+00:00
2026-09-24 11:35:18+00:00,VALID,396315.0,85,0,2026-09-24 11:35:00+00:00
2026-09-24 11:36:18+00:00,VALID,396375.0,85,0,2026-09-24 11:36:00+00:00
2026-09-24 11:37:18+00:00,FF64,,117,64,2026-09-24 11:37:00+00:00
2026-09-24 11:38:18+00:00,VALID,396495.0,85,0,2026-09-24 11:38:00+00:00
2026-09-24 11:39:18+00:00,FF64,,117,64,2026-09-24 11:39:00+00:00
2026-09-24 11:40:18+00:00,VALID,396615.0,85,0,2026-09-24 11:40:00+00:00
2026-09-24 11:41:18+00:00,FF64,,117,64,2026-09-24 11:41:00+00:00
2026-09-24 11:42:18+00:00,VALID,396735.0,85,0,2026-09-24 11:42:00+00:00
2026-09-24 11:43:18+00:00,FF64,,117,64,2026-09-24 11:43:00+00:00
2026-09-24 11:44:18+00:00,VALID,396855.0,85,0,2026-09-24 11:44:00+00:00
2026-09-24 11:45:18+00:00,FF64,,117,64,2026-09-24 11:45:00+00:00
2026-09-24 11:46:18+00:00,VALID,396975.0,85,0,2026-09-24 11:46:00+00:00
2026-09-24 11:47:18+00:00,FF64,,117,64,2026-09-24 11:47:00+00:00
2026-09-24 11:48:18+00:00,VALID,397095.0,85,0,2026-09-24 11:48:00+00:00
2026-09-24 11:49:18+00:00,VALID,397155.0,85,0,2026-09-24 11:49:00+00:00
2026-09-24 11:50:18+00:00,VALID,397215.0,85,0,2026-09-24 11:50:00+00:00
2026-09-24 11:51:18+00:00,VALID,397275.0,85,0,2026-09-24 11:51:00+00:00
2026-09-24 11:52:18+00:00,VALID,397335.0,85,0,2026-09-24 11:52:00+00:00
2026-09-24 11:53:18+00:00,FF64,,117,64,2026-09-24 11:53:00+00:00
2026-09-24 11:54:18+00:00,VALID,397455.0,85,0,2026-09-24 11:54:00+00:00
2026-09-24 11:55:18+00:00,VALID,397515.0,85,0,2026-09-24 11:55:00+00:00
2026-09-24 11:56:18+00:00,VALID,397575.0,85,0,2026-09-24 11:56:00+00:00
2026-09-24 11:57:18+00:00,FF64,,117,64,2026-09-24 11:57:00+00:00
2026-09-24 11:58:18+00:00,VALID,397695.0,85,0,2026-09-24 11:58:00+00:00
2026-09-24 11:59:18+00:00,VALID,397755.0,85,0,2026-09-24 11:59:00+00:00
2026-09-24 12:00:18+00:00,VALID,397815.0,85,0,2026-09-24 12:00:00+00:00
2026-09-24 12:01:18+00:00,FF64,,117,64,2026-09-24 12:01:00+00:00
2026-09-24 12:02:18+00:00,VALID,397935.0,85,0,2026-09-24 12:02:00+00:00
2026-09-24 12:03:18+00:00,VALID,397995.0,85,0,2026-09-24 12:03:00+00:00
2026-09-24 12:04:18+00:00,VALID,398055.0,85,0,2026-09-24 12:04:00+00:00
2026-09-24 12:05:18+00:00,VALID,398115.0,85,0,2026-09-24 12:05:00+00:00
2026-09-24 12:06:18+00:00,VALID,398175.0,85,0,2026-09-24 12:06:00+00:00
2026-09-24 12:07:18+00:00,FF64,,117,64,2026-09-24 12:07:00+00:00
2026-09-24 12:08:18+00:00,VALID,398295.0,85,0,2026-09-24 12:08:00+00:00
2026-09-24 12:09:18+00:00,FF64,,117,64,2026-09-24 12:09:00+00:00
2026-09-24 12:10:18+00:00,VALID,398415.0,85,0,2026-09-24 12:10:00+00:00
2026-09-24 12:11:18+00:00,VALID,398475.0,85,0,2026-09-24 12:11:00+00:00
2026-09-24 12:12:18+00:00,VALID,398535.0,85,0,2026-09-24 12:12:00+00:00
2026-09-24 12:13:18+00:00,FF64,,117,64,2026-09-24 12:13:00+00:00
2026-09-24 12:14:18+00:00,VALID,398655.0,85,0,2026-09-24 12:14:00+00:00
2026-09-24 12:15:18+00:00,VALID,398715.0,85,0,2026-09-24 12:15:00+00:00
2026-09-24 12:16:18+00:00,VALID,398775.0,85,0,2026-09-24 12:16:00+00:00
2026-09-24 12:17:18+00:00,FF64,,117,64,2026-09-24 12:17:00+00:00
2026-09-24 12:18:18+00:00,VALID,398895.0,85,0,2026-09-24 12:18:00+00:00
2026-09-24 12:19:18+00:00,VALID,398955.0,85,0,2026-09-24 12:19:00+00:00
2026-09-24 12:20:18+00:00,VALID,399015.0,85,0,2026-09-24 12:20:00+00:00
2026-09-24 12:21:18+00:00,FF64,,117,64,2026-09-24 12:21:00+00:00
2026-09-24 12:22:18+00:00,VALID,399135.0,85,0,2026-09-24 12:22:00+00:00
2026-09-24 12:23:18+00:00,VALID,399195.0,85,0,2026-09-24 12:23:00+00:00
2026-09-24 12:24:18+00:00,VALID,399255.0,85,0,2026-09-24 12:24:00+00:00
2026-09-24 12:25:18+00:00,VALID,399315.0,85,0,2026-09-24 12:25:00+00:00
2026-09-24 12:26:18+00:00,VALID,399375.0,85,0,2026-09-24 12:26:00+00:00
2026-09-24 12:27:18+00:00,FF64,,117,64,2026-09-24 12:27:00+00:00
2026-09-24 12:28:18+00:00,VALID,399495.0,85,0,2026-09-24 12:28:00+00:00
2026-09-24 12:29:18+00:00,FF64,,117,64,2026-09-24 12:29:00+00:00
2026-09-24 12:30:18+00:00,VALID,399615.0,85,0,2026-09-24 12:30:00+00:00
2026-09-24 12:31:18+00:00,VALID,399675.0,85,0,2026-09-24 12:31:00+00:00
2026-09-24 12:32:18+00:00,VALID,399735.0,85,0,2026-09-24 12:32:00+00:00
2026-09-24 12:33:18+00:00,FF64,,117,64,2026-09-24 12:33:00+00:00
2026-09-24 12:34:18+00:00,VALID,399855.0,85,0,2026-09-24 12:34:00+00:00
2026-09-24 12:35:18+00:00,FF64,,117,64,2026-09-24 12:35:00+00:00
2026-09-24 12:36:18+00:00,VALID,399975.0,85,0,2026-09-24 12:36:00+00:00
2026-09-24 12:37:18+00:00,VALID,400035.0,85,0,2026-09-24 12:37:00+00:00
2026-09-24 12:38:18+00:00,VALID,400095.0,85,0,2026-09-24 12:38:00+00:00
2026-09-24 12:39:18+00:00,VALID,400155.0,85,0,2026-09-24 12:39:00+00:00
2026-09-24 12:40:18+00:00,VALID,400215.0,85,0,2026-09-24 12:40:00+00:00
2026-09-24 12:41:18+00:00,FF64,,117,64,2026-09-24 12:41:00+00:00
2026-09-24 12:42:18+00:00,VALID,400335.0,85,0,2026-09-24 12:42:00+00:00
2026-09-24 12:43:18+00:00,FF64,,117,64,2026-09-24 12:43:00+00:00
2026-09-24 12:44:18+00:00,VALID,400455.0,85,0,2026-09-24 12:44:00+00:00
2026-09-24 12:45:18+00:00,FF64,,117,64,2026-09-24 12:45:00+00:00
2026-09-24 12:46:18+00:00,VALID,400575.0,85,0,2026-09-24 12:46:00+00:00
2026-09-24 12:47:18+00:00,FF64,,117,64,2026-09-24 12:47:00+00:00
2026-09-24 12:48:18+00:00,VALID,400695.0,85,0,2026-09-24 12:48:00+00:00
2026-09-24 12:49:18+00:00,FF64,,117,64,2026-09-24 12:49:00+00:00
2026-09-24 12:50:18+00:00,VALID,400815.0,85,0,2026-09-24 12:50:00+00:00
2026-09-24 12:51:18+00:00,FF64,,117,64,2026-09-24 12:51:00+00:00
2026-09-24 12:52:18+00:00,VALID,400935.0,85,0,2026-09-24 12:52:00+00:00
2026-09-24 12:53:18+00:00,VALID,400995.0,85,0,2026-09-24 12:53:00+00:00
2026-09-24 12:54:18+00:00,VALID,401055.0,85,0,2026-09-24 12:54:00+00:00
2026-09-24 12:55:18+00:00,VALID,401115.0,85,0,2026-09-24 12:55:00+00:00
2026-09-24 12:56:18+00:00,VALID,401175.0,85,0,2026-09-24 12:56:00+00:00
2026-09-24 12:57:18+00:00,FF64,,117,64,2026-09-24 12:57:00+00:00
2026-09-24 12:58:18+00:00,VALID,401295.0,85,0,2026-09-24 12:58:00+00:00
2026-09-24 12:59:18+00:00,VALID,401355.0,85,0,2026-09-24 12:59:00+00:00
2026-09-24 13:00:18+00:00,VALID,401415.0,85,0,2026-09-24 13:00:00+00:00
2026-09-24 13:01:18+00:00,FF64,,117,64,2026-09-24 13:01:00+00:00
2026-09-24 13:02:18+00:00,VALID,401535.0,85,0,2026-09-24 13:02:00+00:00
2026-09-24 13:03:18+00:00,FF64,,117,64,2026-09-24 13:03:00+00:00
2026-09-24 13:04:18+00:00,VALID,401655.0,85,0,2026-09-24 13:04:00+00:00
2026-09-24 13:05:18+00:00,VALID,401715.0,85,0,2026-09-24 13:05:00+00:00
2026-09-24 13:06:18+00:00,VALID,401775.0,85,0,2026-09-24 13:06:00+00:00
2026-09-24 13:07:18+00:00,FF64,,117,64,2026-09-24 13:07:00+00:00
2026-09-24 13:08:18+00:00,VALID,401895.0,85,0,2026-09-24 13:08:00+00:00
2026-09-24 13:09:18+00:00,FF64,,117,64,2026-09-24 13:09:00+00:00
2026-09-24 13:10:18+00:00,VALID,402015.0,85,0,2026-09-24 13:10:00+00:00
2026-09-24 13:11:18+00:00,VALID,402075.0,85,0,2026-09-24 13:11:00+00:00
2026-09-24 13:12:18+00:00,VALID,402135.0,85,0,2026-09-24 13:12:00+00:00
2026-09-24 13:13:18+00:00,FF64,,120,64,2026-09-24 13:13:00+00:00
2026-09-24 13:14:18+00:00,VALID,402255.0,88,0,2026-09-24 13:14:00+00:00
2026-09-24 13:15:18+00:00,FF64,,120,64,2026-09-24 13:15:00+00:00
2026-09-24 13:16:18+00:00,VALID,402375.0,88,0,2026-09-24 13:16:00+00:00
2026-09-24 13:17:18+00:00,FF64,,120,64,2026-09-24 13:17:00+00:00
2026-09-24 13:18:18+00:00,VALID,402495.0,88,0,2026-09-24 13:18:00+00:00
2026-09-24 13:19:18+00:00,VALID,402555.0,88,0,2026-09-24 13:19:00+00:00
2026-09-24 13:20:18+00:00,VALID,402615.0,88,0,2026-09-24 13:20:00+00:00
2026-09-24 13:21:19+00:00,FF64,,120,64,2026-09-24 13:21:00+00:00
2026-09-24 13:22:19+00:00,VALID,402735.0,88,0,2026-09-24 13:22:00+00:00
2026-09-24 13:23:19+00:00,FF64,,120,64,2026-09-24 13:23:00+00:00
2026-09-24 13:24:19+00:00,VALID,402855.0,88,0,2026-09-24 13:24:00+00:00
2026-09-24 13:25:19+00:00,FF64,,120,64,2026-09-24 13:25:00+00:00
2026-09-24 13:26:19+00:00,VALID,402975.0,88,0,2026-09-24 13:26:00+00:00
2026-09-24 13:27:19+00:00,FF64,,120,64,2026-09-24 13:27:00+00:00
2026-09-24 13:28:19+00:00,VALID,403095.0,88,0,2026-09-24 13:28:00+00:00
2026-09-24 13:29:19+00:00,FF64,,120,64,2026-09-24 13:29:00+00:00
2026-09-24 13:30:19+00:00,VALID,403215.0,88,0,2026-09-24 13:30:00+00:00
2026-09-24 13:31:19+00:00,FF64,,120,64,2026-09-24 13:31:00+00:00
2026-09-24 13:32:19+00:00,VALID,403335.0,88,0,2026-09-24 13:32:00+00:00
2026-09-24 13:33:19+00:00,VALID,403395.0,88,0,2026-09-24 13:33:00+00:00
2026-09-24 13:34:19+00:00,VALID,403455.0,88,0,2026-09-24 13:34:00+00:00
2026-09-24 13:35:19+00:00,FF64,,120,64,2026-09-24 13:35:00+00:00
2026-09-24 13:36:19+00:00,VALID,403575.0,88,0,2026-09-24 13:36:00+00:00
2026-09-24 13:37:19+00:00,FF64,,120,64,2026-09-24 13:37:00+00:00
2026-09-24 13:38:19+00:00,VALID,403695.0,88,0,2026-09-24 13:38:00+00:00
2026-09-24 13:39:19+00:00,VALID,403755.0,88,0,2026-09-24 13:39:00+00:00
2026-09-24 13:40:19+00:00,VALID,403815.0,88,0,2026-09-24 13:40:00+00:00
2026-09-24 13:41:19+00:00,VALID,403875.0,88,0,2026-09-24 13:41:00+00:00
2026-09-24 13:42:19+00:00,VALID,403935.0,88,0,2026-09-24 13:42:00+00:00
2026-09-24 13:43:19+00:00,FF64,,120,64,2026-09-24 13:43:00+00:00
2026-09-24 13:44:19+00:00,VALID,404055.0,88,0,2026-09-24 13:44:00+00:00
2026-09-24 13:45:19+00:00,FF64,,120,64,2026-09-24 13:45:00+00:00
2026-09-24 13:46:19+00:00,VALID,404175.0,88,0,2026-09-24 13:46:00+00:00
2026-09-24 13:47:19+00:00,VALID,404235.0,88,0,2026-09-24 13:47:00+00:00
2026-09-24 13:48:19+00:00,VALID,404295.0,88,0,2026-09-24 13:48:00+00:00
2026-09-24 13:49:19+00:00,FF64,,120,64,2026-09-24 13:49:00+00:00
2026-09-24 13:50:19+00:00,VALID,404415.0,88,0,2026-09-24 13:50:00+00:00
2026-09-24 13:51:19+00:00,FF64,,120,64,2026-09-24 13:51:00+00:00
2026-09-24 13:52:19+00:00,VALID,404535.0,88,0,2026-09-24 13:52:00+00:00
2026-09-24 13:53:19+00:00,FF64,,120,64,2026-09-24 13:53:00+00:00
2026-09-24 13:54:19+00:00,VALID,404655.0,88,0,2026-09-24 13:54:00+00:00
2026-09-24 13:55:19+00:00,VALID,404715.0,88,0,2026-09-24 13:55:00+00:00
2026-09-24 13:56:19+00:00,VALID,404775.0,88,0,2026-09-24 13:56:00+00:00
2026-09-24 13:57:19+00:00,FF64,,120,64,2026-09-24 13:57:00+00:00
2026-09-24 13:58:19+00:00,VALID,404895.0,88,0,2026-09-24 13:58:00+00:00
2026-09-24 13:59:19+00:00,FF64,,120,64,2026-09-24 13:59:00+00:00
2026-09-24 14:00:19+00:00,VALID,405015.0,88,0,2026-09-24 14:00:00+00:00
2026-09-24 14:01:19+00:00,FF64,,120,64,2026-09-24 14:01:00+00:00
2026-09-24 14:02:19+00:00,VALID,405135.0,88,0,2026-09-24 14:02:00+00:00
2026-09-24 14:03:19+00:00,VALID,405195.0,88,0,2026-09-24 14:03:00+00:00
2026-09-24 14:04:19+00:00,VALID,405255.0,88,0,2026-09-24 14:04:00+00:00
2026-09-24 14:05:19+00:00,VALID,405315.0,88,0,2026-09-24 14:05:00+00:00
2026-09-24 14:06:19+00:00,VALID,405375.0,88,0,2026-09-24 14:06:00+00:00
2026-09-24 14:07:19+00:00,FF64,,120,64,2026-09-24 14:07:00+00:00
2026-09-24 14:08:19+00:00,VALID,405495.0,88,0,2026-09-24 14:08:00+00:00
2026-09-24 14:09:19+00:00,FF64,,120,64,2026-09-24 14:09:00+00:00
2026-09-24 14:10:19+00:00,VALID,405615.0,88,0,2026-09-24 14:10:00+00:00
2026-09-24 14:11:19+00:00,VALID,405675.0,88,0,2026-09-24 14:11:00+00:00
2026-09-24 14:12:19+00:00,VALID,405735.0,88,0,2026-09-24 14:12:00+00:00
2026-09-24 14:13:19+00:00,FF64,,120,64,2026-09-24 14:13:00+00:00
2026-09-24 14:14:19+00:00,VALID,405855.0,88,0,2026-09-24 14:14:00+00:00
2026-09-24 14:15:19+00:00,FF64,,120,64,2026-09-24 14:15:00+00:00
2026-09-24 14:16:19+00:00,VALID,405975.0,88,0,2026-09-24 14:16:00+00:00
2026-09-24 14:17:19+00:00,FF64,,120,64,2026-09-24 14:17:00+00:00
2026-09-24 14:18:19+00:00,VALID,406095.0,88,0,2026-09-24 14:18:00+00:00
2026-09-24 14:19:19+00:00,FF64,,120,64,2026-09-24 14:19:00+00:00
2026-09-24 14:20:19+00:00,VALID,406215.0,88,0,2026-09-24 14:20:00+00:00
2026-09-24 14:21:19+00:00,VALID,406275.0,88,0,2026-09-24 14:21:00+00:00
2026-09-24 14:22:19+00:00,VALID,406335.0,88,0,2026-09-24 14:22:00+00:00
2026-09-24 14:23:19+00:00,FF64,,120,64,2026-09-24 14:23:00+00:00
2026-09-24 14:24:19+00:00,VALID,406455.0,88,0,2026-09-24 14:24:00+00:00
2026-09-24 14:25:19+00:00,FF64,,120,64,2026-09-24 14:25:00+00:00
2026-09-24 14:26:19+00:00,VALID,406575.0,88,0,2026-09-24 14:26:00+00:00
2026-09-24 14:27:19+00:00,FF64,,120,64,2026-09-24 14:27:00+00:00
2026-09-24 14:28:19+00:00,VALID,406695.0,88,0,2026-09-24 14:28:00+00:00
2026-09-24 14:29:19+00:00,VALID,406755.0,88,0,2026-09-24 14:29:00+00:00
2026-09-24 14:30:19+00:00,VALID,406815.0,88,0,2026-09-24 14:30:00+00:00
2026-09-24 14:31:19+00:00,FF64,,120,64,2026-09-24 14:31:00+00:00
2026-09-24 14:32:19+00:00,VALID,406935.0,88,0,2026-09-24 14:32:00+00:00
2026-09-24 14:33:19+00:00,FF64,,120,64,2026-09-24 14:33:00+00:00
2026-09-24 14:34:19+00:00,VALID,407055.0,88,0,2026-09-24 14:34:00+00:00
2026-09-24 14:35:19+00:00,FF64,,120,64,2026-09-24 14:35:00+00:00
2026-09-24 14:36:19+00:00,VALID,407175.0,88,0,2026-09-24 14:36:00+00:00
2026-09-24 14:37:19+00:00,VALID,407235.0,88,0,2026-09-24 14:37:00+00:00
2026-09-24 14:38:19+00:00,VALID,407295.0,88,0,2026-09-24 14:38:00+00:00
2026-09-24 14:39:19+00:00,VALID,407355.0,88,0,2026-09-24 14:39:00+00:00
2026-09-24 14:40:19+00:00,VALID,407415.0,88,0,2026-09-24 14:40:00+00:00
2026-09-24 14:41:19+00:00,VALID,407475.0,88,0,2026-09-24 14:41:00+00:00
2026-09-24 14:42:19+00:00,VALID,407535.0,88,0,2026-09-24 14:42:00+00:00
2026-09-24 14:43:19+00:00,FF64,,121,64,2026-09-24 14:43:00+00:00
2026-09-24 14:44:19+00:00,VALID,407655.0,88,0,2026-09-24 14:44:00+00:00
2026-09-24 14:45:19+00:00,FF64,,121,64,2026-09-24 14:45:00+00:00
2026-09-24 14:46:19+00:00,VALID,407775.0,88,0,2026-09-24 14:46:00+00:00
2026-09-24 14:47:19+00:00,FF64,,120,64,2026-09-24 14:47:00+00:00
2026-09-24 14:48:19+00:00,VALID,407896.0,88,0,2026-09-24 14:48:00+00:00
2026-09-24 14:49:19+00:00,FF64,,120,64,2026-09-24 14:49:00+00:00
2026-09-24 14:50:19+00:00,VALID,408016.0,88,0,2026-09-24 14:50:00+00:00
2026-09-24 14:51:19+00:00,VALID,408076.0,88,0,2026-09-24 14:51:00+00:00
2026-09-24 14:52:19+00:00,VALID,408136.0,88,0,2026-09-24 14:52:00+00:00
2026-09-24 14:53:19+00:00,FF64,,120,64,2026-09-24 14:53:00+00:00
2026-09-24 14:54:19+00:00,VALID,408256.0,89,0,2026-09-24 14:54:00+00:00
2026-09-24 14:55:19+00:00,FF64,,120,64,2026-09-24 14:55:00+00:00
2026-09-24 14:56:19+00:00,VALID,408376.0,88,0,2026-09-24 14:56:00+00:00
2026-09-24 14:57:19+00:00,FF64,,120,64,2026-09-24 14:57:00+00:00
2026-09-24 14:58:19+00:00,VALID,408496.0,89,0,2026-09-24 14:58:00+00:00
2026-09-24 14:59:19+00:00,VALID,408556.0,88,0,2026-09-24 14:59:00+00:00
2026-09-24 15:00:19+00:00,VALID,408616.0,88,0,2026-09-24 15:00:00+00:00
2026-09-24 15:01:19+00:00,FF64,,120,64,2026-09-24 15:01:00+00:00
2026-09-24 15:02:19+00:00,VALID,408736.0,88,0,2026-09-24 15:02:00+00:00
2026-09-24 15:03:19+00:00,VALID,408796.0,88,0,2026-09-24 15:03:00+00:00
2026-09-24 15:04:19+00:00,VALID,408856.0,89,0,2026-09-24 15:04:00+00:00
2026-09-24 15:05:19+00:00,FF64,,120,64,2026-09-24 15:05:00+00:00
2026-09-24 15:06:19+00:00,VALID,408976.0,89,0,2026-09-24 15:06:00+00:00
2026-09-24 15:07:19+00:00,VALID,409036.0,89,0,2026-09-24 15:07:00+00:00
2026-09-24 15:08:19+00:00,VALID,409096.0,88,0,2026-09-24 15:08:00+00:00
2026-09-24 15:09:19+00:00,VALID,409156.0,88,0,2026-09-24 15:09:00+00:00
2026-09-24 15:10:19+00:00,VALID,409216.0,88,0,2026-09-24 15:10:00+00:00
2026-09-24 15:11:19+00:00,FF64,,120,64,2026-09-24 15:11:00+00:00
2026-09-24 15:12:19+00:00,VALID,409336.0,89,0,2026-09-24 15:12:00+00:00
2026-09-24 15:13:19+00:00,FF64,,120,64,2026-09-24 15:13:00+00:00
2026-09-24 15:14:19+00:00,VALID,409456.0,88,0,2026-09-24 15:14:00+00:00
2026-09-24 15:15:19+00:00,FF64,,121,64,2026-09-24 15:15:00+00:00
2026-09-24 15:16:19+00:00,VALID,409576.0,88,0,2026-09-24 15:16:00+00:00
2026-09-24 15:17:19+00:00,FF64,,120,64,2026-09-24 15:17:00+00:00
2026-09-24 15:18:19+00:00,VALID,409696.0,88,0,2026-09-24 15:18:00+00:00
2026-09-24 15:19:19+00:00,VALID,409756.0,88,0,2026-09-24 15:19:00+00:00
2026-09-24 15:20:19+00:00,VALID,409816.0,88,0,2026-09-24 15:20:00+00:00
2026-09-24 15:21:19+00:00,VALID,409876.0,89,0,2026-09-24 15:21:00+00:00
2026-09-24 15:22:19+00:00,VALID,409936.0,88,0,2026-09-24 15:22:00+00:00
2026-09-24 15:23:19+00:00,FF64,,120,64,2026-09-24 15:23:00+00:00
2026-09-24 15:24:19+00:00,VALID,410056.0,88,0,2026-09-24 15:24:00+00:00
2026-09-24 15:25:19+00:00,FF64,,120,64,2026-09-24 15:25:00+00:00
2026-09-24 15:26:19+00:00,VALID,410176.0,88,0,2026-09-24 15:26:00+00:00
2026-09-24 15:27:19+00:00,VALID,410236.0,88,0,2026-09-24 15:27:00+00:00
2026-09-24 15:28:19+00:00,VALID,410296.0,88,0,2026-09-24 15:28:00+00:00
2026-09-24 15:29:19+00:00,VALID,410356.0,88,0,2026-09-24 15:29:00+00:00
2026-09-24 15:30:19+00:00,VALID,410416.0,88,0,2026-09-24 15:30:00+00:00
2026-09-24 15:31:19+00:00,FF64,,120,64,2026-09-24 15:31:00+00:00
2026-09-24 15:32:19+00:00,VALID,410536.0,88,0,2026-09-24 15:32:00+00:00
2026-09-24 15:33:19+00:00,VALID,410596.0,88,0,2026-09-24 15:33:00+00:00
2026-09-24 15:34:19+00:00,VALID,410656.0,88,0,2026-09-24 15:34:00+00:00
2026-09-24 15:35:19+00:00,VALID,410716.0,88,0,2026-09-24 15:35:00+00:00
2026-09-24 15:36:19+00:00,VALID,410776.0,88,0,2026-09-24 15:36:00+00:00
2026-09-24 15:37:19+00:00,FF64,,120,64,2026-09-24 15:37:00+00:00
2026-09-24 15:38:19+00:00,VALID,410896.0,88,0,2026-09-24 15:38:00+00:00
2026-09-24 15:39:19+00:00,FF64,,121,64,2026-09-24 15:39:00+00:00
2026-09-24 15:40:19+00:00,VALID,411016.0,88,0,2026-09-24 15:40:00+00:00
2026-09-24 15:41:19+00:00,FF64,,120,64,2026-09-24 15:41:00+00:00
2026-09-24 15:42:19+00:00,VALID,411136.0,88,0,2026-09-24 15:42:00+00:00
2026-09-24 15:43:19+00:00,FF64,,120,64,2026-09-24 15:43:00+00:00
2026-09-24 15:44:19+00:00,VALID,411256.0,88,0,2026-09-24 15:44:00+00:00
2026-09-24 15:45:19+00:00,FF64,,120,64,2026-09-24 15:45:00+00:00
2026-09-24 15:46:19+00:00,VALID,411376.0,88,0,2026-09-24 15:46:00+00:00
2026-09-24 15:47:19+00:00,VALID,411436.0,88,0,2026-09-24 15:47:00+00:00
2026-09-24 15:48:19+00:00,VALID,411496.0,88,0,2026-09-24 15:48:00+00:00
2026-09-24 15:49:19+00:00,FF64,,120,64,2026-09-24 15:49:00+00:00
2026-09-24 15:50:19+00:00,VALID,411616.0,88,0,2026-09-24 15:50:00+00:00
2026-09-24 15:51:19+00:00,FF64,,120,64,2026-09-24 15:51:00+00:00
2026-09-24 15:52:19+00:00,VALID,411736.0,88,0,2026-09-24 15:52:00+00:00
2026-09-24 15:53:19+00:00,VALID,411796.0,88,0,2026-09-24 15:53:00+00:00
2026-09-24 15:54:19+00:00,VALID,411856.0,88,0,2026-09-24 15:54:00+00:00
2026-09-24 15:55:19+00:00,FF64,,120,64,2026-09-24 15:55:00+00:00
2026-09-24 15:56:19+00:00,VALID,411976.0,88,0,2026-09-24 15:56:00+00:00
2026-09-24 15:57:19+00:00,FF64,,120,64,2026-09-24 15:57:00+00:00
2026-09-24 15:58:19+00:00,VALID,412096.0,88,0,2026-09-24 15:58:00+00:00
2026-09-24 15:59:19+00:00,VALID,412156.0,88,0,2026-09-24 15:59:00+00:00
2026-09-24 16:00:19+00:00,VALID,412216.0,88,0,2026-09-24 16:00:00+00:00
2026-09-24 16:01:19+00:00,FF64,,121,64,2026-09-24 16:01:00+00:00
2026-09-24 16:02:19+00:00,VALID,412336.0,89,0,2026-09-24 16:02:00+00:00
2026-09-24 16:03:19+00:00,FF64,,120,64,2026-09-24 16:03:00+00:00
2026-09-24 16:04:19+00:00,VALID,412456.0,88,0,2026-09-24 16:04:00+00:00
2026-09-24 16:05:19+00:00,VALID,412516.0,88,0,2026-09-24 16:05:00+00:00
2026-09-24 16:06:19+00:00,VALID,412576.0,88,0,2026-09-24 16:06:00+00:00
2026-09-24 16:07:19+00:00,FF64,,120,64,2026-09-24 16:07:00+00:00
2026-09-24 16:08:19+00:00,VALID,412696.0,88,0,2026-09-24 16:08:00+00:00
2026-09-24 16:09:19+00:00,FF64,,120,64,2026-09-24 16:09:00+00:00
2026-09-24 16:10:19+00:00,VALID,412816.0,88,0,2026-09-24 16:10:00+00:00
2026-09-24 16:11:19+00:00,VALID,412876.0,88,0,2026-09-24 16:11:00+00:00
2026-09-24 16:12:19+00:00,VALID,412936.0,88,0,2026-09-24 16:12:00+00:00
2026-09-24 16:13:19+00:00,FF64,,120,64,2026-09-24 16:13:00+00:00
2026-09-24 16:14:19+00:00,VALID,413056.0,88,0,2026-09-24 16:14:00+00:00
2026-09-24 16:15:19+00:00,FF64,,120,64,2026-09-24 16:15:00+00:00
2026-09-24 16:16:19+00:00,VALID,413176.0,88,0,2026-09-24 16:16:00+00:00
2026-09-24 16:17:19+00:00,FF64,,120,64,2026-09-24 16:17:00+00:00
2026-09-24 16:18:19+00:00,VALID,413296.0,88,0,2026-09-24 16:18:00+00:00
2026-09-24 16:19:19+00:00,VALID,413356.0,88,0,2026-09-24 16:19:00+00:00
2026-09-24 16:20:19+00:00,VALID,413416.0,89,0,2026-09-24 16:20:00+00:00
2026-09-24 16:21:19+00:00,FF64,,121,64,2026-09-24 16:21:00+00:00
2026-09-24 16:22:19+00:00,VALID,413536.0,89,0,2026-09-24 16:22:00+00:00
2026-09-24 16:23:19+00:00,FF64,,121,64,2026-09-24 16:23:00+00:00
2026-09-24 16:24:19+00:00,VALID,413656.0,89,0,2026-09-24 16:24:00+00:00
2026-09-24 16:25:19+00:00,FF64,,121,64,2026-09-24 16:25:00+00:00
2026-09-24 16:26:19+00:00,VALID,413776.0,89,0,2026-09-24 16:26:00+00:00
2026-09-24 16:27:19+00:00,FF64,,121,64,2026-09-24 16:27:00+00:00
2026-09-24 16:28:19+00:00,VALID,413896.0,89,0,2026-09-24 16:28:00+00:00
2026-09-24 16:29:19+00:00,FF64,,121,64,2026-09-24 16:29:00+00:00
2026-09-24 16:30:19+00:00,VALID,414016.0,89,0,2026-09-24 16:30:00+00:00
2026-09-24 16:31:19+00:00,FF64,,121,64,2026-09-24 16:31:00+00:00
2026-09-24 16:32:19+00:00,VALID,414136.0,89,0,2026-09-24 16:32:00+00:00
2026-09-24 16:33:19+00:00,FF64,,121,64,2026-09-24 16:33:00+00:00
2026-09-24 16:34:19+00:00,VALID,414256.0,89,0,2026-09-24 16:34:00+00:00
2026-09-24 16:35:19+00:00,FF64,,121,64,2026-09-24 16:35:00+00:00
2026-09-24 16:36:19+00:00,VALID,414376.0,89,0,2026-09-24 16:36:00+00:00
2026-09-24 16:37:19+00:00,FF64,,121,64,2026-09-24 16:37:00+00:00
2026-09-24 16:38:19+00:00,VALID,414496.0,89,0,2026-09-24 16:38:00+00:00
2026-09-24 16:39:19+00:00,FF64,,121,64,2026-09-24 16:39:00+00:00
2026-09-24 16:40:19+00:00,VALID,414616.0,89,0,2026-09-24 16:40:00+00:00
2026-09-24 16:41:19+00:00,VALID,414676.0,89,0,2026-09-24 16:41:00+00:00
2026-09-24 16:42:19+00:00,VALID,414736.0,88,0,2026-09-24 16:42:00+00:00
2026-09-24 16:43:19+00:00,FF64,,121,64,2026-09-24 16:43:00+00:00
2026-09-24 16:44:19+00:00,VALID,414856.0,88,0,2026-09-24 16:44:00+00:00
2026-09-24 16:45:19+00:00,FF64,,120,64,2026-09-24 16:45:00+00:00
2026-09-24 16:46:19+00:00,VALID,414976.0,89,0,2026-09-24 16:46:00+00:00
2026-09-24 16:47:19+00:00,FF64,,121,64,2026-09-24 16:47:00+00:00
2026-09-24 16:48:19+00:00,VALID,415096.0,89,0,2026-09-24 16:48:00+00:00
2026-09-24 16:49:19+00:00,FF64,,120,64,2026-09-24 16:49:00+00:00
2026-09-24 16:50:19+00:00,VALID,415216.0,88,0,2026-09-24 16:50:00+00:00
2026-09-24 16:51:19+00:00,FF64,,120,64,2026-09-24 16:51:00+00:00
2026-09-24 16:52:19+00:00,VALID,415336.0,89,0,2026-09-24 16:52:00+00:00
2026-09-24 16:53:19+00:00,FF64,,121,64,2026-09-24 16:53:00+00:00
2026-09-24 16:54:19+00:00,VALID,415456.0,89,0,2026-09-24 16:54:00+00:00
2026-09-24 16:55:19+00:00,FF64,,121,64,2026-09-24 16:55:00+00:00
2026-09-24 16:56:19+00:00,VALID,415576.0,89,0,2026-09-24 16:56:00+00:00
2026-09-24 16:57:19+00:00,VALID,415636.0,89,0,2026-09-24 16:57:00+00:00
2026-09-24 16:58:19+00:00,VALID,415696.0,89,0,2026-09-24 16:58:00+00:00
2026-09-24 16:59:19+00:00,FF64,,121,64,2026-09-24 16:59:00+00:00
2026-09-24 17:00:19+00:00,VALID,415816.0,89,0,2026-09-24 17:00:00+00:00
2026-09-24 17:01:19+00:00,VALID,415876.0,88,0,2026-09-24 17:01:00+00:00
2026-09-24 17:02:19+00:00,VALID,415936.0,89,0,2026-09-24 17:02:00+00:00
2026-09-24 17:03:19+00:00,FF64,,121,64,2026-09-24 17:03:00+00:00
2026-09-24 17:04:19+00:00,VALID,416056.0,89,0,2026-09-24 17:04:00+00:00
2026-09-24 17:05:19+00:00,FF64,,121,64,2026-09-24 17:05:00+00:00
2026-09-24 17:06:19+00:00,VALID,416176.0,89,0,2026-09-24 17:06:00+00:00
2026-09-24 17:07:19+00:00,FF64,,121,64,2026-09-24 17:07:00+00:00
2026-09-24 17:08:19+00:00,VALID,416296.0,89,0,2026-09-24 17:08:00+00:00
2026-09-24 17:09:19+00:00,FF64,,121,64,2026-09-24 17:09:00+00:00
2026-09-24 17:10:19+00:00,VALID,416416.0,89,0,2026-09-24 17:10:00+00:00
2026-09-24 17:11:19+00:00,VALID,416476.0,89,0,2026-09-24 17:11:00+00:00
2026-09-24 17:12:19+00:00,VALID,416536.0,89,0,2026-09-24 17:12:00+00:00
2026-09-24 17:13:19+00:00,FF64,,121,64,2026-09-24 17:13:00+00:00
2026-09-24 17:14:19+00:00,VALID,416656.0,89,0,2026-09-24 17:14:00+00:00
2026-09-24 17:15:19+00:00,FF64,,121,64,2026-09-24 17:15:00+00:00
2026-09-24 17:16:19+00:00,VALID,416776.0,89,0,2026-09-24 17:16:00+00:00
2026-09-24 17:17:19+00:00,FF64,,121,64,2026-09-24 17:17:00+00:00
2026-09-24 17:18:19+00:00,VALID,416896.0,89,0,2026-09-24 17:18:00+00:00
2026-09-24 17:19:19+00:00,VALID,416956.0,89,0,2026-09-24 17:19:00+00:00
2026-09-24 17:20:19+00:00,VALID,417016.0,89,0,2026-09-24 17:20:00+00:00
2026-09-24 17:21:19+00:00,FF64,,121,64,2026-09-24 17:21:00+00:00
2026-09-24 17:22:19+00:00,VALID,417136.0,89,0,2026-09-24 17:22:00+00:00
2026-09-24 17:23:19+00:00,FF64,,121,64,2026-09-24 17:23:00+00:00
2026-09-24 17:24:19+00:00,VALID,417256.0,89,0,2026-09-24 17:24:00+00:00
2026-09-24 17:25:19+00:00,FF64,,121,64,2026-09-24 17:25:00+00:00
2026-09-24 17:26:19+00:00,VALID,417376.0,89,0,2026-09-24 17:26:00+00:00
2026-09-24 17:27:19+00:00,FF64,,121,64,2026-09-24 17:27:00+00:00
2026-09-24 17:28:19+00:00,VALID,417496.0,89,0,2026-09-24 17:28:00+00:00
2026-09-24 17:29:19+00:00,FF64,,121,64,2026-09-24 17:29:00+00:00
2026-09-24 17:30:19+00:00,VALID,417616.0,89,0,2026-09-24 17:30:00+00:00
2026-09-24 17:31:19+00:00,VALID,417676.0,89,0,2026-09-24 17:31:00+00:00
2026-09-24 17:32:19+00:00,VALID,417736.0,89,0,2026-09-24 17:32:00+00:00
2026-09-24 17:33:19+00:00,VALID,417796.0,89,0,2026-09-24 17:33:00+00:00
2026-09-24 17:34:19+00:00,VALID,417856.0,89,0,2026-09-24 17:34:00+00:00
2026-09-24 17:35:19+00:00,FF64,,121,64,2026-09-24 17:35:00+00:00
2026-09-24 17:36:19+00:00,VALID,417976.0,89,0,2026-09-24 17:36:00+00:00
2026-09-24 17:37:19+00:00,FF64,,121,64,2026-09-24 17:37:00+00:00
2026-09-24 17:38:19+00:00,VALID,418096.0,89,0,2026-09-24 17:38:00+00:00
2026-09-24 17:39:19+00:00,FF64,,121,64,2026-09-24 17:39:00+00:00
2026-09-24 17:40:19+00:00,VALID,418216.0,89,0,2026-09-24 17:40:00+00:00
2026-09-24 17:41:19+00:00,FF64,,121,64,2026-09-24 17:41:00+00:00
2026-09-24 17:42:19+00:00,VALID,418336.0,89,0,2026-09-24 17:42:00+00:00
2026-09-24 17:43:19+00:00,FF64,,121,64,2026-09-24 17:43:00+00:00
2026-09-24 17:44:19+00:00,VALID,418456.0,89,0,2026-09-24 17:44:00+00:00
2026-09-24 17:45:19+00:00,VALID,418516.0,89,0,2026-09-24 17:45:00+00:00
2026-09-24 17:46:19+00:00,VALID,418576.0,89,0,2026-09-24 17:46:00+00:00
2026-09-24 17:47:19+00:00,FF64,,121,64,2026-09-24 17:47:00+00:00
2026-09-24 17:48:19+00:00,VALID,418696.0,89,0,2026-09-24 17:48:00+00:00
2026-09-24 17:49:19+00:00,FF64,,121,64,2026-09-24 17:49:00+00:00
2026-09-24 17:50:19+00:00,VALID,418816.0,89,0,2026-09-24 17:50:00+00:00
2026-09-24 17:51:19+00:00,VALID,418876.0,89,0,2026-09-24 17:51:00+00:00
2026-09-24 17:52:19+00:00,VALID,418936.0,89,0,2026-09-24 17:52:00+00:00
2026-09-24 17:53:19+00:00,VALID,418996.0,88,0,2026-09-24 17:53:00+00:00
2026-09-24 17:54:19+00:00,VALID,419056.0,88,0,2026-09-24 17:54:00+00:00
2026-09-24 17:55:19+00:00,VALID,419116.0,88,0,2026-09-24 17:55:00+00:00
2026-09-24 17:56:19+00:00,VALID,419176.0,88,0,2026-09-24 17:56:00+00:00
2026-09-24 17:57:19+00:00,FF64,,120,64,2026-09-24 17:57:00+00:00
2026-09-24 17:58:19+00:00,VALID,419296.0,88,0,2026-09-24 17:58:00+00:00
2026-09-24 17:59:19+00:00,VALID,419356.0,88,0,2026-09-24 17:59:00+00:00
2026-09-24 18:00:19+00:00,VALID,419416.0,88,0,2026-09-24 18:00:00+00:00
2026-09-24 18:01:19+00:00,FF64,,120,64,2026-09-24 18:01:00+00:00
2026-09-24 18:02:19+00:00,VALID,419536.0,88,0,2026-09-24 18:02:00+00:00
2026-09-24 18:03:19+00:00,FF64,,120,64,2026-09-24 18:03:00+00:00
2026-09-24 18:04:19+00:00,VALID,419656.0,88,0,2026-09-24 18:04:00+00:00
2026-09-24 18:05:19+00:00,FF64,,120,64,2026-09-24 18:05:00+00:00
2026-09-24 18:06:19+00:00,VALID,419776.0,88,0,2026-09-24 18:06:00+00:00
2026-09-24 18:07:19+00:00,FF64,,120,64,2026-09-24 18:07:00+00:00
2026-09-24 18:08:19+00:00,VALID,419896.0,88,0,2026-09-24 18:08:00+00:00
2026-09-24 18:09:19+00:00,FF64,,120,64,2026-09-24 18:09:00+00:00
2026-09-24 18:10:19+00:00,VALID,420016.0,88,0,2026-09-24 18:10:00+00:00
2026-09-24 18:11:19+00:00,FF64,,120,64,2026-09-24 18:11:00+00:00
2026-09-24 18:12:19+00:00,VALID,420136.0,88,0,2026-09-24 18:12:00+00:00
2026-09-24 18:13:19+00:00,VALID,420196.0,88,0,2026-09-24 18:13:00+00:00
2026-09-24 18:14:19+00:00,VALID,420256.0,88,0,2026-09-24 18:14:00+00:00
2026-09-24 18:15:19+00:00,FF64,,120,64,2026-09-24 18:15:00+00:00
2026-09-24 18:16:19+00:00,VALID,420376.0,88,0,2026-09-24 18:16:00+00:00
2026-09-24 18:17:19+00:00,FF64,,120,64,2026-09-24 18:17:00+00:00
2026-09-24 18:18:19+00:00,VALID,420496.0,88,0,2026-09-24 18:18:00+00:00
2026-09-24 18:19:19+00:00,FF64,,120,64,2026-09-24 18:19:00+00:00
2026-09-24 18:20:19+00:00,VALID,420616.0,88,0,2026-09-24 18:20:00+00:00
2026-09-24 18:21:19+00:00,FF64,,120,64,2026-09-24 18:21:00+00:00
2026-09-24 18:22:19+00:00,VALID,420736.0,88,0,2026-09-24 18:22:00+00:00
2026-09-24 18:23:19+00:00,FF64,,120,64,2026-09-24 18:23:00+00:00
2026-09-24 18:24:19+00:00,VALID,420856.0,88,0,2026-09-24 18:24:00+00:00
2026-09-24 18:25:19+00:00,VALID,420916.0,88,0,2026-09-24 18:25:00+00:00
2026-09-24 18:26:19+00:00,VALID,420976.0,88,0,2026-09-24 18:26:00+00:00
2026-09-24 18:27:19+00:00,FF64,,120,64,2026-09-24 18:27:00+00:00
2026-09-24 18:28:19+00:00,VALID,421096.0,88,0,2026-09-24 18:28:00+00:00
2026-09-24 18:29:19+00:00,FF64,,121,64,2026-09-24 18:29:00+00:00
2026-09-24 18:30:19+00:00,VALID,421216.0,89,0,2026-09-24 18:30:00+00:00
2026-09-24 18:31:19+00:00,VALID,421276.0,89,0,2026-09-24 18:31:00+00:00
2026-09-24 18:32:19+00:00,VALID,421336.0,89,0,2026-09-24 18:32:00+00:00
2026-09-24 18:33:19+00:00,FF64,,121,64,2026-09-24 18:33:00+00:00
2026-09-24 18:34:19+00:00,VALID,421456.0,89,0,2026-09-24 18:34:00+00:00
2026-09-24 18:35:19+00:00,FF64,,121,64,2026-09-24 18:35:00+00:00
2026-09-24 18:36:19+00:00,VALID,421576.0,89,0,2026-09-24 18:36:00+00:00
2026-09-24 18:37:19+00:00,FF64,,121,64,2026-09-24 18:37:00+00:00
2026-09-24 18:38:19+00:00,VALID,421696.0,89,0,2026-09-24 18:38:00+00:00
2026-09-24 18:39:19+00:00,VALID,421756.0,89,0,2026-09-24 18:39:00+00:00
2026-09-24 18:40:19+00:00,VALID,421816.0,89,0,2026-09-24 18:40:00+00:00
2026-09-24 18:41:19+00:00,VALID,421876.0,89,0,2026-09-24 18:41:00+00:00
2026-09-24 18:42:19+00:00,VALID,421936.0,89,0,2026-09-24 18:42:00+00:00
2026-09-24 18:43:19+00:00,FF64,,121,64,2026-09-24 18:43:00+00:00
2026-09-24 18:44:19+00:00,VALID,422056.0,89,0,2026-09-24 18:44:00+00:00
2026-09-24 18:45:19+00:00,VALID,422116.0,89,0,2026-09-24 18:45:00+00:00
2026-09-24 18:46:19+00:00,VALID,422176.0,89,0,2026-09-24 18:46:00+00:00
2026-09-24 18:47:19+00:00,FF64,,121,64,2026-09-24 18:47:00+00:00
2026-09-24 18:48:19+00:00,VALID,422296.0,89,0,2026-09-24 18:48:00+00:00
2026-09-24 18:49:19+00:00,FF64,,121,64,2026-09-24 18:49:00+00:00
2026-09-24 18:50:19+00:00,VALID,422416.0,89,0,2026-09-24 18:50:00+00:00
2026-09-24 18:51:19+00:00,FF64,,121,64,2026-09-24 18:51:00+00:00
2026-09-24 18:52:19+00:00,VALID,422536.0,89,0,2026-09-24 18:52:00+00:00
2026-09-24 18:53:19+00:00,FF64,,121,64,2026-09-24 18:53:00+00:00
2026-09-24 18:54:19+00:00,VALID,422656.0,88,0,2026-09-24 18:54:00+00:00
2026-09-24 18:55:19+00:00,FF64,,120,64,2026-09-24 18:55:00+00:00
2026-09-24 18:56:19+00:00,VALID,422776.0,88,0,2026-09-24 18:56:00+00:00
2026-09-24 18:57:19+00:00,VALID,422836.0,88,0,2026-09-24 18:57:00+00:00
2026-09-24 18:58:19+00:00,VALID,422896.0,88,0,2026-09-24 18:58:00+00:00
2026-09-24 18:59:19+00:00,VALID,422956.0,88,0,2026-09-24 18:59:00+00:00
2026-09-24 19:00:19+00:00,VALID,423016.0,88,0,2026-09-24 19:00:00+00:00
2026-09-24 19:01:19+00:00,FF64,,120,64,2026-09-24 19:01:00+00:00
2026-09-24 19:02:19+00:00,VALID,423136.0,88,0,2026-09-24 19:02:00+00:00
2026-09-24 19:03:19+00:00,FF64,,120,64,2026-09-24 19:03:00+00:00
2026-09-24 19:04:19+00:00,VALID,423256.0,89,0,2026-09-24 19:04:00+00:00
2026-09-24 19:05:19+00:00,FF64,,121,64,2026-09-24 19:05:00+00:00
2026-09-24 19:06:19+00:00,VALID,423376.0,89,0,2026-09-24 19:06:00+00:00
2026-09-24 19:07:19+00:00,FF64,,121,64,2026-09-24 19:07:00+00:00
2026-09-24 19:08:19+00:00,VALID,423496.0,88,0,2026-09-24 19:08:00+00:00
2026-09-24 19:09:19+00:00,FF64,,120,64,2026-09-24 19:09:00+00:00
2026-09-24 19:10:19+00:00,VALID,423616.0,88,0,2026-09-24 19:10:00+00:00
2026-09-24 19:11:19+00:00,FF64,,120,64,2026-09-24 19:11:00+00:00
2026-09-24 19:12:19+00:00,VALID,423736.0,88,0,2026-09-24 19:12:00+00:00
2026-09-24 19:13:19+00:00,VALID,423796.0,88,0,2026-09-24 19:13:00+00:00
2026-09-24 19:14:19+00:00,VALID,423856.0,88,0,2026-09-24 19:14:00+00:00
2026-09-24 19:15:19+00:00,FF64,,120,64,2026-09-24 19:15:00+00:00
2026-09-24 19:16:19+00:00,VALID,423976.0,88,0,2026-09-24 19:16:00+00:00
2026-09-24 19:17:19+00:00,VALID,424036.0,88,0,2026-09-24 19:17:00+00:00
2026-09-24 19:18:19+00:00,VALID,424096.0,88,0,2026-09-24 19:18:00+00:00
2026-09-24 19:19:19+00:00,FF64,,120,64,2026-09-24 19:19:00+00:00
2026-09-24 19:20:19+00:00,VALID,424216.0,88,0,2026-09-24 19:20:00+00:00
2026-09-24 19:21:19+00:00,FF64,,120,64,2026-09-24 19:21:00+00:00
2026-09-24 19:22:19+00:00,VALID,424336.0,88,0,2026-09-24 19:22:00+00:00
2026-09-24 19:23:19+00:00,FF64,,120,64,2026-09-24 19:23:00+00:00
2026-09-24 19:24:19+00:00,VALID,424456.0,88,0,2026-09-24 19:24:00+00:00
2026-09-24 19:25:19+00:00,VALID,424516.0,88,0,2026-09-24 19:25:00+00:00
2026-09-24 19:26:19+00:00,VALID,424576.0,88,0,2026-09-24 19:26:00+00:00
2026-09-24 19:27:19+00:00,FF64,,121,64,2026-09-24 19:27:00+00:00
2026-09-24 19:28:19+00:00,VALID,424696.0,88,0,2026-09-24 19:28:00+00:00
2026-09-24 19:29:19+00:00,VALID,424756.0,89,0,2026-09-24 19:29:00+00:00
2026-09-24 19:30:19+00:00,VALID,424816.0,89,0,2026-09-24 19:30:00+00:00
2026-09-24 19:31:19+00:00,FF64,,121,64,2026-09-24 19:31:00+00:00
2026-09-24 19:32:19+00:00,VALID,424936.0,89,0,2026-09-24 19:32:00+00:00
2026-09-24 19:33:19+00:00,VALID,424996.0,89,0,2026-09-24 19:33:00+00:00
2026-09-24 19:34:19+00:00,VALID,425056.0,89,0,2026-09-24 19:34:00+00:00
2026-09-24 19:35:19+00:00,VALID,425116.0,89,0,2026-09-24 19:35:00+00:00
2026-09-24 19:36:19+00:00,VALID,425176.0,89,0,2026-09-24 19:36:00+00:00
2026-09-24 19:37:19+00:00,FF64,,121,64,2026-09-24 19:37:00+00:00
2026-09-24 19:38:19+00:00,VALID,425296.0,89,0,2026-09-24 19:38:00+00:00
2026-09-24 19:39:19+00:00,VALID,425356.0,89,0,2026-09-24 19:39:00+00:00
2026-09-24 19:40:19+00:00,VALID,425416.0,89,0,2026-09-24 19:40:00+00:00
2026-09-24 19:41:19+00:00,FF64,,121,64,2026-09-24 19:41:00+00:00
2026-09-24 19:42:19+00:00,VALID,425536.0,88,0,2026-09-24 19:42:00+00:00
2026-09-24 19:43:19+00:00,FF64,,120,64,2026-09-24 19:43:00+00:00
2026-09-24 19:44:19+00:00,VALID,425656.0,89,0,2026-09-24 19:44:00+00:00
2026-09-24 19:45:19+00:00,FF64,,120,64,2026-09-24 19:45:00+00:00
2026-09-24 19:46:19+00:00,VALID,425776.0,89,0,2026-09-24 19:46:00+00:00
2026-09-24 19:47:19+00:00,FF64,,121,64,2026-09-24 19:47:00+00:00
2026-09-24 19:48:19+00:00,VALID,425896.0,89,0,2026-09-24 19:48:00+00:00
2026-09-24 19:49:19+00:00,FF64,,121,64,2026-09-24 19:49:00+00:00
2026-09-24 19:50:19+00:00,VALID,426016.0,89,0,2026-09-24 19:50:00+00:00
2026-09-24 19:51:19+00:00,FF64,,121,64,2026-09-24 19:51:00+00:00
2026-09-24 19:52:19+00:00,VALID,426136.0,88,0,2026-09-24 19:52:00+00:00
2026-09-24 19:53:19+00:00,FF64,,120,64,2026-09-24 19:53:00+00:00
2026-09-24 19:54:19+00:00,VALID,426256.0,88,0,2026-09-24 19:54:00+00:00
2026-09-24 19:55:19+00:00,FF64,,120,64,2026-09-24 19:55:00+00:00
2026-09-24 19:56:19+00:00,VALID,426376.0,88,0,2026-09-24 19:56:00+00:00
2026-09-24 19:57:19+00:00,FF64,,120,64,2026-09-24 19:57:00+00:00
2026-09-24 19:58:19+00:00,VALID,426496.0,88,0,2026-09-24 19:58:00+00:00
2026-09-24 19:59:19+00:00,FF64,,120,64,2026-09-24 19:59:00+00:00
2026-09-24 20:00:19+00:00,VALID,426616.0,87,0,2026-09-24 20:00:00+00:00
2026-09-24 20:01:19+00:00,FF64,,117,64,2026-09-24 20:01:00+00:00
2026-09-24 20:02:19+00:00,VALID,426736.0,85,0,2026-09-24 20:02:00+00:00
2026-09-24 20:03:19+00:00,VALID,426796.0,85,0,2026-09-24 20:03:00+00:00
2026-09-24 20:04:19+00:00,VALID,426856.0,85,0,2026-09-24 20:04:00+00:00
2026-09-24 20:05:19+00:00,FF64,,117,64,2026-09-24 20:05:00+00:00
2026-09-24 20:06:19+00:00,VALID,426976.0,85,0,2026-09-24 20:06:00+00:00
2026-09-24 20:07:19+00:00,FF64,,117,64,2026-09-24 20:07:00+00:00
2026-09-24 20:08:19+00:00,VALID,427096.0,85,0,2026-09-24 20:08:00+00:00
2026-09-24 20:09:19+00:00,FF64,,117,64,2026-09-24 20:09:00+00:00
2026-09-24 20:10:19+00:00,VALID,427216.0,85,0,2026-09-24 20:10:00+00:00
2026-09-24 20:11:19+00:00,VALID,427276.0,85,0,2026-09-24 20:11:00+00:00
2026-09-24 20:12:19+00:00,VALID,427336.0,85,0,2026-09-24 20:12:00+00:00
2026-09-24 20:13:19+00:00,VALID,427396.0,85,0,2026-09-24 20:13:00+00:00
2026-09-24 20:14:19+00:00,VALID,427456.0,85,0,2026-09-24 20:14:00+00:00
2026-09-24 20:15:19+00:00,FF64,,117,64,2026-09-24 20:15:00+00:00
2026-09-24 20:16:19+00:00,VALID,427576.0,85,0,2026-09-24 20:16:00+00:00
2026-09-24 20:17:19+00:00,FF64,,117,64,2026-09-24 20:17:00+00:00
2026-09-24 20:18:19+00:00,VALID,427696.0,85,0,2026-09-24 20:18:00+00:00
2026-09-24 20:19:19+00:00,FF64,,117,64,2026-09-24 20:19:00+00:00
2026-09-24 20:20:19+00:00,VALID,427816.0,85,0,2026-09-24 20:20:00+00:00
2026-09-24 20:21:19+00:00,FF64,,117,64,2026-09-24 20:21:00+00:00
2026-09-24 20:22:19+00:00,VALID,427936.0,85,0,2026-09-24 20:22:00+00:00
2026-09-24 20:23:19+00:00,FF64,,117,64,2026-09-24 20:23:00+00:00
2026-09-24 20:24:19+00:00,VALID,428056.0,85,0,2026-09-24 20:24:00+00:00
2026-09-24 20:25:19+00:00,FF64,,117,64,2026-09-24 20:25:00+00:00
2026-09-24 20:26:19+00:00,VALID,428176.0,85,0,2026-09-24 20:26:00+00:00
2026-09-24 20:27:19+00:00,VALID,428236.0,85,0,2026-09-24 20:27:00+00:00
2026-09-24 20:28:19+00:00,VALID,428296.0,85,0,2026-09-24 20:28:00+00:00
2026-09-24 20:29:19+00:00,FF64,,117,64,2026-09-24 20:29:00+00:00
2026-09-24 20:30:19+00:00,VALID,428416.0,85,0,2026-09-24 20:30:00+00:00
2026-09-24 20:31:19+00:00,FF64,,117,64,2026-09-24 20:31:00+00:00
2026-09-24 20:32:19+00:00,VALID,428536.0,86,0,2026-09-24 20:32:00+00:00
2026-09-24 20:33:19+00:00,VALID,428596.0,88,0,2026-09-24 20:33:00+00:00
2026-09-24 20:34:20+00:00,VALID,428656.0,88,0,2026-09-24 20:34:00+00:00
2026-09-24 20:35:20+00:00,FF64,,120,64,2026-09-24 20:35:00+00:00
2026-09-24 20:36:20+00:00,VALID,428776.0,88,0,2026-09-24 20:36:00+00:00
2026-09-24 20:37:20+00:00,VALID,428836.0,88,0,2026-09-24 20:37:00+00:00
2026-09-24 20:38:20+00:00,VALID,428896.0,88,0,2026-09-24 20:38:00+00:00
2026-09-24 20:39:20+00:00,VALID,428956.0,88,0,2026-09-24 20:39:00+00:00
2026-09-24 20:40:20+00:00,VALID,429016.0,88,0,2026-09-24 20:40:00+00:00
2026-09-24 20:41:20+00:00,FF64,,120,64,2026-09-24 20:41:00+00:00
2026-09-24 20:42:20+00:00,VALID,429136.0,88,0,2026-09-24 20:42:00+00:00
2026-09-24 20:43:20+00:00,FF64,,120,64,2026-09-24 20:43:00+00:00
2026-09-24 20:44:20+00:00,VALID,429256.0,88,0,2026-09-24 20:44:00+00:00
2026-09-24 20:45:20+00:00,VALID,429316.0,88,0,2026-09-24 20:45:00+00:00
2026-09-24 20:46:20+00:00,VALID,429376.0,88,0,2026-09-24 20:46:00+00:00
2026-09-24 20:47:20+00:00,VALID,429436.0,88,0,2026-09-24 20:47:00+00:00
2026-09-24 20:48:20+00:00,VALID,429496.0,88,0,2026-09-24 20:48:00+00:00
2026-09-24 20:49:20+00:00,FF64,,120,64,2026-09-24 20:49:00+00:00
2026-09-24 20:50:20+00:00,VALID,429616.0,88,0,2026-09-24 20:50:00+00:00
2026-09-24 20:51:20+00:00,FF64,,120,64,2026-09-24 20:51:00+00:00
2026-09-24 20:52:20+00:00,VALID,429736.0,88,0,2026-09-24 20:52:00+00:00
2026-09-24 20:53:20+00:00,FF64,,120,64,2026-09-24 20:53:00+00:00
2026-09-24 20:54:20+00:00,VALID,429856.0,88,0,2026-09-24 20:54:00+00:00
2026-09-24 20:55:20+00:00,FF64,,120,64,2026-09-24 20:55:00+00:00
2026-09-24 20:56:20+00:00,VALID,429976.0,88,0,2026-09-24 20:56:00+00:00
2026-09-24 20:57:20+00:00,FF64,,120,64,2026-09-24 20:57:00+00:00
2026-09-24 20:58:20+00:00,VALID,430096.0,88,0,2026-09-24 20:58:00+00:00
2026-09-24 20:59:20+00:00,FF64,,120,64,2026-09-24 20:59:00+00:00
2026-09-24 21:00:20+00:00,VALID,430216.0,88,0,2026-09-24 21:00:00+00:00
2026-09-24 21:01:20+00:00,FF64,,120,64,2026-09-24 21:01:00+00:00
2026-09-24 21:02:20+00:00,VALID,430336.0,88,0,2026-09-24 21:02:00+00:00
2026-09-24 21:03:20+00:00,FF64,,120,64,2026-09-24 21:03:00+00:00
2026-09-24 21:04:20+00:00,VALID,430456.0,88,0,2026-09-24 21:04:00+00:00
2026-09-24 21:05:20+00:00,FF64,,120,64,2026-09-24 21:05:00+00:00
2026-09-24 21:06:20+00:00,VALID,430576.0,88,0,2026-09-24 21:06:00+00:00
2026-09-24 21:07:20+00:00,FF64,,120,64,2026-09-24 21:07:00+00:00
2026-09-24 21:08:20+00:00,VALID,430696.0,88,0,2026-09-24 21:08:00+00:00
2026-09-24 21:09:20+00:00,VALID,430756.0,88,0,2026-09-24 21:09:00+00:00
2026-09-24 21:10:20+00:00,VALID,430816.0,88,0,2026-09-24 21:10:00+00:00
2026-09-24 21:11:20+00:00,FF64,,120,64,2026-09-24 21:11:00+00:00
2026-09-24 21:12:20+00:00,VALID,430936.0,88,0,2026-09-24 21:12:00+00:00
2026-09-24 21:13:20+00:00,FF64,,119,64,2026-09-24 21:13:00+00:00
2026-09-24 21:14:20+00:00,VALID,431056.0,85,0,2026-09-24 21:14:00+00:00
2026-09-24 21:15:20+00:00,VALID,431116.0,85,0,2026-09-24 21:15:00+00:00
2026-09-24 21:16:20+00:00,VALID,431176.0,85,0,2026-09-24 21:16:00+00:00
2026-09-24 21:17:20+00:00,FF64,,117,64,2026-09-24 21:17:00+00:00
2026-09-24 21:18:20+00:00,VALID,431296.0,85,0,2026-09-24 21:18:00+00:00
2026-09-24 21:19:20+00:00,FF64,,117,64,2026-09-24 21:19:00+00:00
2026-09-24 21:20:20+00:00,VALID,431416.0,85,0,2026-09-24 21:20:00+00:00
2026-09-24 21:21:20+00:00,FF64,,117,64,2026-09-24 21:21:00+00:00
2026-09-24 21:22:20+00:00,VALID,431536.0,85,0,2026-09-24 21:22:00+00:00
2026-09-24 21:23:20+00:00,FF64,,117,64,2026-09-24 21:23:00+00:00
2026-09-24 21:24:20+00:00,VALID,431656.0,85,0,2026-09-24 21:24:00+00:00
2026-09-24 21:25:20+00:00,FF64,,117,64,2026-09-24 21:25:00+00:00
2026-09-24 21:26:20+00:00,VALID,431776.0,86,0,2026-09-24 21:26:00+00:00
2026-09-24 21:27:20+00:00,FF64,,120,64,2026-09-24 21:27:00+00:00
2026-09-24 21:28:20+00:00,VALID,431896.0,88,0,2026-09-24 21:28:00+00:00
2026-09-24 21:29:20+00:00,VALID,431956.0,88,0,2026-09-24 21:29:00+00:00
2026-09-24 21:30:20+00:00,VALID,432016.0,88,0,2026-09-24 21:30:00+00:00
2026-09-24 21:31:20+00:00,VALID,432076.0,88,0,2026-09-24 21:31:00+00:00
2026-09-24 21:32:20+00:00,VALID,432136.0,88,0,2026-09-24 21:32:00+00:00
2026-09-24 21:33:20+00:00,FF64,,120,64,2026-09-24 21:33:00+00:00
2026-09-24 21:34:20+00:00,VALID,432256.0,88,0,2026-09-24 21:34:00+00:00
2026-09-24 21:35:20+00:00,FF64,,120,64,2026-09-24 21:35:00+00:00
2026-09-24 21:36:20+00:00,VALID,432376.0,88,0,2026-09-24 21:36:00+00:00
2026-09-24 21:37:20+00:00,VALID,432436.0,88,0,2026-09-24 21:37:00+00:00
2026-09-24 21:38:20+00:00,VALID,432496.0,88,0,2026-09-24 21:38:00+00:00
2026-09-24 21:39:20+00:00,FF64,,120,64,2026-09-24 21:39:00+00:00
2026-09-24 21:40:20+00:00,VALID,432616.0,88,0,2026-09-24 21:40:00+00:00
2026-09-24 21:41:20+00:00,FF64,,120,64,2026-09-24 21:41:00+00:00
2026-09-24 21:42:20+00:00,VALID,432736.0,88,0,2026-09-24 21:42:00+00:00
2026-09-24 21:43:20+00:00,FF64,,120,64,2026-09-24 21:43:00+00:00
2026-09-24 21:44:20+00:00,VALID,432856.0,88,0,2026-09-24 21:44:00+00:00
2026-09-24 21:45:20+00:00,VALID,432916.0,88,0,2026-09-24 21:45:00+00:00
2026-09-24 21:46:20+00:00,VALID,432976.0,88,0,2026-09-24 21:46:00+00:00
2026-09-24 21:47:20+00:00,VALID,433036.0,88,0,2026-09-24 21:47:00+00:00
2026-09-24 21:48:20+00:00,VALID,433096.0,88,0,2026-09-24 21:48:00+00:00
2026-09-24 21:49:20+00:00,FF64,,120,64,2026-09-24 21:49:00+00:00
2026-09-24 21:50:20+00:00,VALID,433216.0,88,0,2026-09-24 21:50:00+00:00
2026-09-24 21:51:20+00:00,FF64,,120,64,2026-09-24 21:51:00+00:00
2026-09-24 21:52:20+00:00,VALID,433336.0,88,0,2026-09-24 21:52:00+00:00
2026-09-24 21:53:20+00:00,VALID,433396.0,88,0,2026-09-24 21:53:00+00:00
2026-09-24 21:54:20+00:00,VALID,433456.0,88,0,2026-09-24 21:54:00+00:00
2026-09-24 21:55:20+00:00,VALID,433516.0,88,0,2026-09-24 21:55:00+00:00
2026-09-24 21:56:20+00:00,VALID,433576.0,88,0,2026-09-24 21:56:00+00:00
2026-09-24 21:57:20+00:00,FF64,,120,64,2026-09-24 21:57:00+00:00
2026-09-24 21:58:20+00:00,VALID,433696.0,88,0,2026-09-24 21:58:00+00:00
2026-09-24 21:59:20+00:00,VALID,433756.0,88,0,2026-09-24 21:59:00+00:00
2026-09-24 22:00:20+00:00,VALID,433816.0,88,0,2026-09-24 22:00:00+00:00
2026-09-24 22:01:20+00:00,FF64,,120,64,2026-09-24 22:01:00+00:00
2026-09-24 22:02:20+00:00,VALID,433936.0,88,0,2026-09-24 22:02:00+00:00
2026-09-24 22:03:20+00:00,FF64,,120,64,2026-09-24 22:03:00+00:00
2026-09-24 22:04:20+00:00,VALID,434056.0,88,0,2026-09-24 22:04:00+00:00
2026-09-24 22:05:20+00:00,VALID,434116.0,88,0,2026-09-24 22:05:00+00:00
2026-09-24 22:06:20+00:00,VALID,434176.0,88,0,2026-09-24 22:06:00+00:00
2026-09-24 22:07:20+00:00,FF64,,120,64,2026-09-24 22:07:00+00:00
2026-09-24 22:08:20+00:00,VALID,434296.0,88,0,2026-09-24 22:08:00+00:00
2026-09-24 22:09:20+00:00,FF64,,120,64,2026-09-24 22:09:00+00:00
2026-09-24 22:10:20+00:00,VALID,434416.0,88,0,2026-09-24 22:10:00+00:00
2026-09-24 22:11:20+00:00,VALID,434476.0,88,0,2026-09-24 22:11:00+00:00
2026-09-24 22:12:20+00:00,VALID,434536.0,88,0,2026-09-24 22:12:00+00:00
2026-09-24 22:13:20+00:00,VALID,434596.0,88,0,2026-09-24 22:13:00+00:00
2026-09-24 22:14:20+00:00,VALID,434656.0,88,0,2026-09-24 22:14:00+00:00
2026-09-24 22:15:20+00:00,FF64,,120,64,2026-09-24 22:15:00+00:00
2026-09-24 22:16:20+00:00,VALID,434776.0,88,0,2026-09-24 22:16:00+00:00
2026-09-24 22:17:20+00:00,VALID,434836.0,88,0,2026-09-24 22:17:00+00:00
2026-09-24 22:18:20+00:00,VALID,434896.0,88,0,2026-09-24 22:18:00+00:00
2026-09-24 22:19:20+00:00,FF64,,120,64,2026-09-24 22:19:00+00:00
2026-09-24 22:20:20+00:00,VALID,435016.0,88,0,2026-09-24 22:20:00+00:00
2026-09-24 22:21:20+00:00,FF64,,120,64,2026-09-24 22:21:00+00:00
2026-09-24 22:22:20+00:00,VALID,435136.0,88,0,2026-09-24 22:22:00+00:00
2026-09-24 22:23:20+00:00,FF64,,120,64,2026-09-24 22:23:00+00:00
2026-09-24 22:24:20+00:00,VALID,435256.0,88,0,2026-09-24 22:24:00+00:00
2026-09-24 22:25:20+00:00,FF64,,120,64,2026-09-24 22:25:00+00:00
2026-09-24 22:26:20+00:00,VALID,435376.0,88,0,2026-09-24 22:26:00+00:00
2026-09-24 22:27:20+00:00,FF64,,120,64,2026-09-24 22:27:00+00:00
2026-09-24 22:28:20+00:00,VALID,435496.0,88,0,2026-09-24 22:28:00+00:00
2026-09-24 22:29:20+00:00,FF64,,120,64,2026-09-24 22:29:00+00:00
2026-09-24 22:30:20+00:00,VALID,435616.0,88,0,2026-09-24 22:30:00+00:00
2026-09-24 22:31:20+00:00,VALID,435676.0,88,0,2026-09-24 22:31:00+00:00
2026-09-24 22:32:20+00:00,VALID,435736.0,88,0,2026-09-24 22:32:00+00:00
2026-09-24 22:33:20+00:00,VALID,435796.0,88,0,2026-09-24 22:33:00+00:00
2026-09-24 22:34:20+00:00,VALID,435856.0,88,0,2026-09-24 22:34:00+00:00
2026-09-24 22:35:20+00:00,FF64,,120,64,2026-09-24 22:35:00+00:00
2026-09-24 22:36:20+00:00,VALID,435976.0,88,0,2026-09-24 22:36:00+00:00
2026-09-24 22:37:20+00:00,FF64,,120,64,2026-09-24 22:37:00+00:00
2026-09-24 22:38:20+00:00,VALID,436096.0,88,0,2026-09-24 22:38:00+00:00
2026-09-24 22:39:20+00:00,VALID,436156.0,88,0,2026-09-24 22:39:00+00:00
2026-09-24 22:40:20+00:00,VALID,436216.0,88,0,2026-09-24 22:40:00+00:00
2026-09-24 22:41:20+00:00,FF64,,120,64,2026-09-24 22:41:00+00:00
2026-09-24 22:42:20+00:00,VALID,436336.0,87,0,2026-09-24 22:42:00+00:00
2026-09-24 22:43:20+00:00,VALID,436396.0,85,0,2026-09-24 22:43:00+00:00
2026-09-24 22:44:20+00:00,VALID,436456.0,85,0,2026-09-24 22:44:00+00:00
2026-09-24 22:45:20+00:00,FF64,,117,64,2026-09-24 22:45:00+00:00
2026-09-24 22:46:20+00:00,VALID,436576.0,85,0,2026-09-24 22:46:00+00:00
2026-09-24 22:47:20+00:00,FF64,,117,64,2026-09-24 22:47:00+00:00
2026-09-24 22:48:20+00:00,VALID,436696.0,85,0,2026-09-24 22:48:00+00:00
2026-09-24 22:49:20+00:00,FF64,,117,64,2026-09-24 22:49:00+00:00
2026-09-24 22:50:20+00:00,VALID,436816.0,85,0,2026-09-24 22:50:00+00:00
2026-09-24 22:51:20+00:00,VALID,436876.0,85,0,2026-09-24 22:51:00+00:00
2026-09-24 22:52:20+00:00,VALID,436936.0,85,0,2026-09-24 22:52:00+00:00
2026-09-24 22:53:20+00:00,FF64,,117,64,2026-09-24 22:53:00+00:00
2026-09-24 22:54:20+00:00,VALID,437056.0,85,0,2026-09-24 22:54:00+00:00
2026-09-24 22:55:20+00:00,FF64,,117,64,2026-09-24 22:55:00+00:00
2026-09-24 22:56:20+00:00,VALID,437176.0,85,0,2026-09-24 22:56:00+00:00
2026-09-24 22:57:20+00:00,VALID,437236.0,85,0,2026-09-24 22:57:00+00:00
2026-09-24 22:58:20+00:00,VALID,437296.0,85,0,2026-09-24 22:58:00+00:00
2026-09-24 22:59:20+00:00,VALID,437356.0,85,0,2026-09-24 22:59:00+00:00
2026-09-24 23:00:20+00:00,VALID,437416.0,85,0,2026-09-24 23:00:00+00:00
2026-09-24 23:01:20+00:00,FF64,,117,64,2026-09-24 23:01:00+00:00
2026-09-24 23:02:20+00:00,VALID,437536.0,85,0,2026-09-24 23:02:00+00:00
2026-09-24 23:03:20+00:00,FF64,,117,64,2026-09-24 23:03:00+00:00
2026-09-24 23:04:20+00:00,VALID,437657.0,85,0,2026-09-24 23:04:00+00:00
2026-09-24 23:05:20+00:00,VALID,437717.0,85,0,2026-09-24 23:05:00+00:00
2026-09-24 23:06:20+00:00,VALID,437777.0,85,0,2026-09-24 23:06:00+00:00
2026-09-24 23:07:20+00:00,VALID,437837.0,85,0,2026-09-24 23:07:00+00:00
2026-09-24 23:08:20+00:00,VALID,437897.0,85,0,2026-09-24 23:08:00+00:00
2026-09-24 23:09:20+00:00,VALID,437957.0,85,0,2026-09-24 23:09:00+00:00
2026-09-24 23:10:20+00:00,VALID,438017.0,85,0,2026-09-24 23:10:00+00:00
2026-09-24 23:11:20+00:00,FF64,,117,64,2026-09-24 23:11:00+00:00
2026-09-24 23:12:20+00:00,VALID,438137.0,85,0,2026-09-24 23:12:00+00:00
2026-09-24 23:13:20+00:00,FF64,,117,64,2026-09-24 23:13:00+00:00
2026-09-24 23:14:20+00:00,VALID,438257.0,85,0,2026-09-24 23:14:00+00:00
2026-09-24 23:15:20+00:00,FF64,,117,64,2026-09-24 23:15:00+00:00
2026-09-24 23:16:20+00:00,VALID,438377.0,85,0,2026-09-24 23:16:00+00:00
2026-09-24 23:17:20+00:00,FF64,,117,64,2026-09-24 23:17:00+00:00
2026-09-24 23:18:20+00:00,VALID,438497.0,85,0,2026-09-24 23:18:00+00:00
2026-09-24 23:19:20+00:00,FF64,,117,64,2026-09-24 23:19:00+00:00
2026-09-24 23:20:20+00:00,VALID,438617.0,85,0,2026-09-24 23:20:00+00:00
2026-09-24 23:21:20+00:00,VALID,438677.0,85,0,2026-09-24 23:21:00+00:00
2026-09-24 23:22:20+00:00,VALID,438737.0,85,0,2026-09-24 23:22:00+00:00
2026-09-24 23:23:20+00:00,VALID,438797.0,85,0,2026-09-24 23:23:00+00:00
2026-09-24 23:24:20+00:00,VALID,438857.0,85,0,2026-09-24 23:24:00+00:00
2026-09-24 23:25:20+00:00,VALID,438917.0,85,0,2026-09-24 23:25:00+00:00
2026-09-24 23:26:20+00:00,VALID,438977.0,85,0,2026-09-24 23:26:00+00:00
2026-09-24 23:27:20+00:00,VALID,439037.0,85,0,2026-09-24 23:27:00+00:00
2026-09-24 23:28:20+00:00,VALID,439097.0,85,0,2026-09-24 23:28:00+00:00
2026-09-24 23:29:20+00:00,FF64,,117,64,2026-09-24 23:29:00+00:00
2026-09-24 23:30:20+00:00,VALID,439217.0,85,0,2026-09-24 23:30:00+00:00
2026-09-24 23:31:20+00:00,VALID,439277.0,85,0,2026-09-24 23:31:00+00:00
2026-09-24 23:32:20+00:00,VALID,439337.0,85,0,2026-09-24 23:32:00+00:00
2026-09-24 23:33:20+00:00,FF64,,117,64,2026-09-24 23:33:00+00:00
2026-09-24 23:34:20+00:00,VALID,439457.0,85,0,2026-09-24 23:34:00+00:00
2026-09-24 23:35:20+00:00,FF64,,117,64,2026-09-24 23:35:00+00:00
2026-09-24 23:36:20+00:00,VALID,439577.0,85,0,2026-09-24 23:36:00+00:00
2026-09-24 23:37:20+00:00,VALID,439637.0,85,0,2026-09-24 23:37:00+00:00
2026-09-24 23:38:20+00:00,VALID,439697.0,85,0,2026-09-24 23:38:00+00:00
2026-09-24 23:39:20+00:00,VALID,439757.0,85,0,2026-09-24 23:39:00+00:00
2026-09-24 23:40:20+00:00,VALID,439817.0,85,0,2026-09-24 23:40:00+00:00
2026-09-24 23:41:20+00:00,FF64,,117,64,2026-09-24 23:41:00+00:00
2026-09-24 23:42:20+00:00,VALID,439937.0,85,0,2026-09-24 23:42:00+00:00
2026-09-24 23:43:20+00:00,FF64,,117,64,2026-09-24 23:43:00+00:00
2026-09-24 23:44:20+00:00,VALID,440057.0,85,0,2026-09-24 23:44:00+00:00
2026-09-24 23:45:20+00:00,VALID,440117.0,85,0,2026-09-24 23:45:00+00:00
2026-09-24 23:46:20+00:00,VALID,440177.0,85,0,2026-09-24 23:46:00+00:00
2026-09-24 23:47:20+00:00,FF64,,117,64,2026-09-24 23:47:00+00:00
2026-09-24 23:48:20+00:00,VALID,440297.0,85,0,2026-09-24 23:48:00+00:00
2026-09-24 23:49:20+00:00,FF64,,117,64,2026-09-24 23:49:00+00:00
2026-09-24 23:50:20+00:00,VALID,440417.0,85,0,2026-09-24 23:50:00+00:00
2026-09-24 23:51:20+00:00,FF64,,117,64,2026-09-24 23:51:00+00:00
2026-09-24 23:52:20+00:00,VALID,440537.0,85,0,2026-09-24 23:52:00+00:00
2026-09-24 23:53:20+00:00,VALID,440597.0,85,0,2026-09-24 23:53:00+00:00
2026-09-24 23:54:20+00:00,VALID,440657.0,85,0,2026-09-24 23:54:00+00:00
2026-09-24 23:55:20+00:00,FF64,,117,64,2026-09-24 23:55:00+00:00
2026-09-24 23:56:20+00:00,VALID,440777.0,85,0,2026-09-24 23:56:00+00:00
2026-09-24 23:57:20+00:00,FF64,,117,64,2026-09-24 23:57:00+00:00
2026-09-24 23:58:20+00:00,VALID,440897.0,85,0,2026-09-24 23:58:00+00:00
2026-09-24 23:59:20+00:00,FF64,,117,64,2026-09-24 23:59:00+00:00
2026-09-25 00:00:20+00:00,VALID,441017.0,85,0,2026-09-25 00:00:00+00:00
2026-09-25 00:01:20+00:00,VALID,441077.0,85,0,2026-09-25 00:01:00+00:00
2026-09-25 00:02:20+00:00,VALID,441137.0,85,0,2026-09-25 00:02:00+00:00
2026-09-25 00:03:20+00:00,FF64,,117,64,2026-09-25 00:03:00+00:00
2026-09-25 00:04:20+00:00,VALID,441257.0,85,0,2026-09-25 00:04:00+00:00
2026-09-25 00:05:20+00:00,FF64,,117,64,2026-09-25 00:05:00+00:00
2026-09-25 00:06:20+00:00,VALID,441377.0,85,0,2026-09-25 00:06:00+00:00
2026-09-25 00:07:20+00:00,VALID,441437.0,85,0,2026-09-25 00:07:00+00:00
2026-09-25 00:08:20+00:00,VALID,441497.0,85,0,2026-09-25 00:08:00+00:00
2026-09-25 00:09:20+00:00,FF64,,117,64,2026-09-25 00:09:00+00:00
2026-09-25 00:10:20+00:00,VALID,441617.0,85,0,2026-09-25 00:10:00+00:00
2026-09-25 00:11:20+00:00,FF64,,117,64,2026-09-25 00:11:00+00:00
2026-09-25 00:12:20+00:00,VALID,441737.0,85,0,2026-09-25 00:12:00+00:00
2026-09-25 00:13:20+00:00,FF64,,117,64,2026-09-25 00:13:00+00:00
2026-09-25 00:14:20+00:00,VALID,441857.0,85,0,2026-09-25 00:14:00+00:00
2026-09-25 00:15:20+00:00,FF64,,117,64,2026-09-25 00:15:00+00:00
2026-09-25 00:16:20+00:00,VALID,441977.0,85,0,2026-09-25 00:16:00+00:00
2026-09-25 00:17:20+00:00,VALID,442037.0,85,0,2026-09-25 00:17:00+00:00
2026-09-25 00:18:20+00:00,VALID,442097.0,85,0,2026-09-25 00:18:00+00:00
2026-09-25 00:19:20+00:00,FF64,,117,64,2026-09-25 00:19:00+00:00
2026-09-25 00:20:20+00:00,VALID,442217.0,85,0,2026-09-25 00:20:00+00:00
2026-09-25 00:21:20+00:00,FF64,,117,64,2026-09-25 00:21:00+00:00
2026-09-25 00:22:20+00:00,VALID,442337.0,85,0,2026-09-25 00:22:00+00:00
2026-09-25 00:23:20+00:00,FF64,,117,64,2026-09-25 00:23:00+00:00
2026-09-25 00:24:20+00:00,VALID,442457.0,85,0,2026-09-25 00:24:00+00:00
2026-09-25 00:25:20+00:00,VALID,442517.0,85,0,2026-09-25 00:25:00+00:00
2026-09-25 00:26:20+00:00,VALID,442577.0,85,0,2026-09-25 00:26:00+00:00
2026-09-25 00:27:20+00:00,FF64,,117,64,2026-09-25 00:27:00+00:00
2026-09-25 00:28:20+00:00,VALID,442697.0,85,0,2026-09-25 00:28:00+00:00
2026-09-25 00:29:20+00:00,FF64,,117,64,2026-09-25 00:29:00+00:00
2026-09-25 00:30:20+00:00,VALID,442817.0,85,0,2026-09-25 00:30:00+00:00
2026-09-25 00:31:20+00:00,FF64,,117,64,2026-09-25 00:31:00+00:00
2026-09-25 00:32:20+00:00,VALID,442937.0,85,0,2026-09-25 00:32:00+00:00
2026-09-25 00:33:20+00:00,FF64,,117,64,2026-09-25 00:33:00+00:00
2026-09-25 00:34:20+00:00,VALID,443057.0,85,0,2026-09-25 00:34:00+00:00
2026-09-25 00:35:20+00:00,VALID,443117.0,85,0,2026-09-25 00:35:00+00:00
2026-09-25 00:36:20+00:00,VALID,443177.0,85,0,2026-09-25 00:36:00+00:00
2026-09-25 00:37:20+00:00,VALID,443237.0,85,0,2026-09-25 00:37:00+00:00
2026-09-25 00:38:20+00:00,VALID,443297.0,85,0,2026-09-25 00:38:00+00:00
2026-09-25 00:39:20+00:00,FF64,,117,64,2026-09-25 00:39:00+00:00
2026-09-25 00:40:20+00:00,VALID,443417.0,85,0,2026-09-25 00:40:00+00:00
2026-09-25 00:41:20+00:00,FF64,,117,64,2026-09-25 00:41:00+00:00
2026-09-25 00:42:20+00:00,VALID,443537.0,85,0,2026-09-25 00:42:00+00:00
2026-09-25 00:43:20+00:00,VALID,443597.0,85,0,2026-09-25 00:43:00+00:00
2026-09-25 00:44:20+00:00,VALID,443657.0,85,0,2026-09-25 00:44:00+00:00
2026-09-25 00:45:20+00:00,FF64,,117,64,2026-09-25 00:45:00+00:00
2026-09-25 00:46:20+00:00,VALID,443777.0,85,0,2026-09-25 00:46:00+00:00
2026-09-25 00:47:20+00:00,VALID,443837.0,85,0,2026-09-25 00:47:00+00:00
2026-09-25 00:48:20+00:00,VALID,443897.0,85,0,2026-09-25 00:48:00+00:00
2026-09-25 00:49:20+00:00,FF64,,117,64,2026-09-25 00:49:00+00:00
2026-09-25 00:50:20+00:00,VALID,444017.0,85,0,2026-09-25 00:50:00+00:00
2026-09-25 00:51:20+00:00,FF64,,117,64,2026-09-25 00:51:00+00:00
2026-09-25 00:52:20+00:00,VALID,444137.0,85,0,2026-09-25 00:52:00+00:00
2026-09-25 00:53:20+00:00,VALID,444197.0,85,0,2026-09-25 00:53:00+00:00
2026-09-25 00:54:20+00:00,VALID,444257.0,85,0,2026-09-25 00:54:00+00:00
2026-09-25 00:55:20+00:00,FF64,,117,64,2026-09-25 00:55:00+00:00
2026-09-25 00:56:20+00:00,VALID,444377.0,85,0,2026-09-25 00:56:00+00:00
2026-09-25 00:57:20+00:00,VALID,444437.0,85,0,2026-09-25 00:57:00+00:00
2026-09-25 00:58:20+00:00,VALID,444497.0,85,0,2026-09-25 00:58:00+00:00
2026-09-25 00:59:20+00:00,FF64,,117,64,2026-09-25 00:59:00+00:00
2026-09-25 01:00:20+00:00,VALID,444617.0,85,0,2026-09-25 01:00:00+00:00
2026-09-25 01:01:20+00:00,FF64,,117,64,2026-09-25 01:01:00+00:00
2026-09-25 01:02:20+00:00,VALID,444737.0,85,0,2026-09-25 01:02:00+00:00
2026-09-25 01:03:20+00:00,VALID,444797.0,85,0,2026-09-25 01:03:00+00:00
2026-09-25 01:04:20+00:00,VALID,444857.0,85,0,2026-09-25 01:04:00+00:00
2026-09-25 01:05:20+00:00,FF64,,117,64,2026-09-25 01:05:00+00:00
2026-09-25 01:06:20+00:00,VALID,444977.0,85,0,2026-09-25 01:06:00+00:00
2026-09-25 01:07:20+00:00,FF64,,117,64,2026-09-25 01:07:00+00:00
2026-09-25 01:08:20+00:00,VALID,445097.0,85,0,2026-09-25 01:08:00+00:00
2026-09-25 01:09:20+00:00,VALID,445157.0,85,0,2026-09-25 01:09:00+00:00
2026-09-25 01:10:20+00:00,VALID,445217.0,85,0,2026-09-25 01:10:00+00:00
2026-09-25 01:11:20+00:00,FF64,,117,64,2026-09-25 01:11:00+00:00
2026-09-25 01:12:20+00:00,VALID,445337.0,85,0,2026-09-25 01:12:00+00:00
2026-09-25 01:13:20+00:00,FF64,,117,64,2026-09-25 01:13:00+00:00
2026-09-25 01:14:20+00:00,VALID,445457.0,85,0,2026-09-25 01:14:00+00:00
2026-09-25 01:15:20+00:00,VALID,445517.0,85,0,2026-09-25 01:15:00+00:00
2026-09-25 01:16:20+00:00,VALID,445577.0,85,0,2026-09-25 01:16:00+00:00
2026-09-25 01:17:20+00:00,FF64,,117,64,2026-09-25 01:17:00+00:00
2026-09-25 01:18:20+00:00,VALID,445697.0,85,0,2026-09-25 01:18:00+00:00
2026-09-25 01:19:20+00:00,FF64,,117,64,2026-09-25 01:19:00+00:00
2026-09-25 01:20:20+00:00,VALID,445817.0,85,0,2026-09-25 01:20:00+00:00
2026-09-25 01:21:20+00:00,FF64,,117,64,2026-09-25 01:21:00+00:00
2026-09-25 01:22:20+00:00,VALID,445937.0,85,0,2026-09-25 01:22:00+00:00
2026-09-25 01:23:20+00:00,FF64,,117,64,2026-09-25 01:23:00+00:00
2026-09-25 01:24:20+00:00,VALID,446057.0,85,0,2026-09-25 01:24:00+00:00
2026-09-25 01:25:20+00:00,FF64,,117,64,2026-09-25 01:25:00+00:00
2026-09-25 01:26:20+00:00,VALID,446177.0,85,0,2026-09-25 01:26:00+00:00
2026-09-25 01:27:20+00:00,VALID,446237.0,85,0,2026-09-25 01:27:00+00:00
2026-09-25 01:28:20+00:00,VALID,446297.0,85,0,2026-09-25 01:28:00+00:00
2026-09-25 01:29:20+00:00,VALID,446357.0,85,0,2026-09-25 01:29:00+00:00
2026-09-25 01:30:20+00:00,VALID,446417.0,85,0,2026-09-25 01:30:00+00:00
2026-09-25 01:31:20+00:00,VALID,446477.0,85,0,2026-09-25 01:31:00+00:00
2026-09-25 01:32:20+00:00,VALID,446537.0,85,0,2026-09-25 01:32:00+00:00
2026-09-25 01:33:20+00:00,FF64,,117,64,2026-09-25 01:33:00+00:00
2026-09-25 01:34:20+00:00,VALID,446657.0,85,0,2026-09-25 01:34:00+00:00
2026-09-25 01:35:20+00:00,VALID,446717.0,85,0,2026-09-25 01:35:00+00:00
2026-09-25 01:36:20+00:00,VALID,446777.0,85,0,2026-09-25 01:36:00+00:00
2026-09-25 01:37:20+00:00,FF64,,117,64,2026-09-25 01:37:00+00:00
2026-09-25 01:38:20+00:00,VALID,446897.0,85,0,2026-09-25 01:38:00+00:00
2026-09-25 01:39:20+00:00,VALID,446957.0,85,0,2026-09-25 01:39:00+00:00
2026-09-25 01:40:20+00:00,VALID,447017.0,85,0,2026-09-25 01:40:00+00:00
2026-09-25 01:41:20+00:00,FF64,,117,64,2026-09-25 01:41:00+00:00
2026-09-25 01:42:20+00:00,VALID,447137.0,85,0,2026-09-25 01:42:00+00:00
2026-09-25 01:43:20+00:00,VALID,447197.0,85,0,2026-09-25 01:43:00+00:00
2026-09-25 01:44:20+00:00,VALID,447257.0,85,0,2026-09-25 01:44:00+00:00
2026-09-25 01:45:20+00:00,FF64,,117,64,2026-09-25 01:45:00+00:00
2026-09-25 01:46:20+00:00,VALID,447377.0,85,0,2026-09-25 01:46:00+00:00
2026-09-25 01:47:20+00:00,VALID,447437.0,85,0,2026-09-25 01:47:00+00:00
2026-09-25 01:48:20+00:00,VALID,447497.0,85,0,2026-09-25 01:48:00+00:00
2026-09-25 01:49:20+00:00,VALID,447557.0,85,0,2026-09-25 01:49:00+00:00
2026-09-25 01:50:20+00:00,VALID,447617.0,85,0,2026-09-25 01:50:00+00:00
2026-09-25 01:51:20+00:00,FF64,,117,64,2026-09-25 01:51:00+00:00
2026-09-25 01:52:20+00:00,VALID,447737.0,85,0,2026-09-25 01:52:00+00:00
2026-09-25 01:53:20+00:00,FF64,,117,64,2026-09-25 01:53:00+00:00
2026-09-25 01:54:20+00:00,VALID,447857.0,85,0,2026-09-25 01:54:00+00:00
2026-09-25 01:55:20+00:00,FF64,,117,64,2026-09-25 01:55:00+00:00
2026-09-25 01:56:20+00:00,VALID,447977.0,85,0,2026-09-25 01:56:00+00:00
2026-09-25 01:57:20+00:00,FF64,,117,64,2026-09-25 01:57:00+00:00
2026-09-25 01:58:20+00:00,VALID,448097.0,85,0,2026-09-25 01:58:00+00:00
2026-09-25 01:59:20+00:00,FF64,,117,64,2026-09-25 01:59:00+00:00
2026-09-25 02:00:20+00:00,VALID,448217.0,85,0,2026-09-25 02:00:00+00:00
2026-09-25 02:01:20+00:00,FF64,,117,64,2026-09-25 02:01:00+00:00
2026-09-25 02:02:20+00:00,VALID,448337.0,85,0,2026-09-25 02:02:00+00:00
2026-09-25 02:03:20+00:00,VALID,448397.0,85,0,2026-09-25 02:03:00+00:00
2026-09-25 02:04:20+00:00,VALID,448457.0,85,0,2026-09-25 02:04:00+00:00
2026-09-25 02:05:20+00:00,FF64,,117,64,2026-09-25 02:05:00+00:00
2026-09-25 02:06:20+00:00,VALID,448577.0,85,0,2026-09-25 02:06:00+00:00
2026-09-25 02:07:20+00:00,FF64,,117,64,2026-09-25 02:07:00+00:00
2026-09-25 02:08:20+00:00,VALID,448697.0,85,0,2026-09-25 02:08:00+00:00
2026-09-25 02:09:20+00:00,VALID,448757.0,85,0,2026-09-25 02:09:00+00:00
2026-09-25 02:10:20+00:00,VALID,448817.0,85,0,2026-09-25 02:10:00+00:00
2026-09-25 02:11:20+00:00,FF64,,117,64,2026-09-25 02:11:00+00:00
2026-09-25 02:12:20+00:00,VALID,448937.0,85,0,2026-09-25 02:12:00+00:00
2026-09-25 02:13:20+00:00,FF64,,117,64,2026-09-25 02:13:00+00:00
2026-09-25 02:14:20+00:00,VALID,449057.0,85,0,2026-09-25 02:14:00+00:00
2026-09-25 02:15:20+00:00,VALID,449117.0,85,0,2026-09-25 02:15:00+00:00
2026-09-25 02:16:20+00:00,VALID,449177.0,85,0,2026-09-25 02:16:00+00:00
2026-09-25 02:17:20+00:00,FF64,,117,64,2026-09-25 02:17:00+00:00
2026-09-25 02:18:20+00:00,VALID,449297.0,85,0,2026-09-25 02:18:00+00:00
2026-09-25 02:19:20+00:00,VALID,449357.0,85,0,2026-09-25 02:19:00+00:00
2026-09-25 02:20:20+00:00,VALID,449417.0,85,0,2026-09-25 02:20:00+00:00
2026-09-25 02:21:20+00:00,FF64,,117,64,2026-09-25 02:21:00+00:00
2026-09-25 02:22:20+00:00,VALID,449537.0,85,0,2026-09-25 02:22:00+00:00
2026-09-25 02:23:20+00:00,VALID,449597.0,85,0,2026-09-25 02:23:00+00:00
2026-09-25 02:24:20+00:00,VALID,449657.0,85,0,2026-09-25 02:24:00+00:00
2026-09-25 02:25:20+00:00,VALID,449717.0,85,0,2026-09-25 02:25:00+00:00
2026-09-25 02:26:20+00:00,VALID,449777.0,85,0,2026-09-25 02:26:00+00:00
2026-09-25 02:27:20+00:00,VALID,449837.0,85,0,2026-09-25 02:27:00+00:00
2026-09-25 02:28:20+00:00,VALID,449897.0,85,0,2026-09-25 02:28:00+00:00
2026-09-25 02:29:20+00:00,FF64,,117,64,2026-09-25 02:29:00+00:00
2026-09-25 02:30:20+00:00,VALID,450017.0,85,0,2026-09-25 02:30:00+00:00
2026-09-25 02:31:20+00:00,FF64,,117,64,2026-09-25 02:31:00+00:00
2026-09-25 02:32:20+00:00,VALID,450137.0,85,0,2026-09-25 02:32:00+00:00
2026-09-25 02:33:20+00:00,FF64,,117,64,2026-09-25 02:33:00+00:00
2026-09-25 02:34:20+00:00,VALID,450257.0,85,0,2026-09-25 02:34:00+00:00
2026-09-25 02:35:20+00:00,VALID,450317.0,85,0,2026-09-25 02:35:00+00:00
2026-09-25 02:36:20+00:00,VALID,450377.0,85,0,2026-09-25 02:36:00+00:00
2026-09-25 02:37:20+00:00,FF64,,117,64,2026-09-25 02:37:00+00:00
2026-09-25 02:38:20+00:00,VALID,450497.0,85,0,2026-09-25 02:38:00+00:00
2026-09-25 02:39:20+00:00,FF64,,117,64,2026-09-25 02:39:00+00:00
2026-09-25 02:40:20+00:00,VALID,450617.0,85,0,2026-09-25 02:40:00+00:00
2026-09-25 02:41:20+00:00,FF64,,117,64,2026-09-25 02:41:00+00:00
2026-09-25 02:42:20+00:00,VALID,450737.0,85,0,2026-09-25 02:42:00+00:00
2026-09-25 02:43:20+00:00,VALID,450797.0,85,0,2026-09-25 02:43:00+00:00
2026-09-25 02:44:20+00:00,VALID,450857.0,85,0,2026-09-25 02:44:00+00:00
2026-09-25 02:45:20+00:00,VALID,450917.0,85,0,2026-09-25 02:45:00+00:00
2026-09-25 02:46:20+00:00,VALID,450977.0,85,0,2026-09-25 02:46:00+00:00
2026-09-25 02:47:20+00:00,VALID,451037.0,85,0,2026-09-25 02:47:00+00:00
2026-09-25 02:48:20+00:00,VALID,451097.0,85,0,2026-09-25 02:48:00+00:00
2026-09-25 02:49:20+00:00,FF64,,117,64,2026-09-25 02:49:00+00:00
2026-09-25 02:50:20+00:00,VALID,451217.0,85,0,2026-09-25 02:50:00+00:00
2026-09-25 02:51:20+00:00,FF64,,117,64,2026-09-25 02:51:00+00:00
2026-09-25 02:52:20+00:00,VALID,451337.0,85,0,2026-09-25 02:52:00+00:00
2026-09-25 02:53:20+00:00,FF64,,117,64,2026-09-25 02:53:00+00:00
2026-09-25 02:54:20+00:00,VALID,451457.0,85,0,2026-09-25 02:54:00+00:00
2026-09-25 02:55:20+00:00,FF64,,117,64,2026-09-25 02:55:00+00:00
2026-09-25 02:56:20+00:00,VALID,451577.0,85,0,2026-09-25 02:56:00+00:00
2026-09-25 02:57:20+00:00,VALID,451637.0,85,0,2026-09-25 02:57:00+00:00
2026-09-25 02:58:20+00:00,VALID,451697.0,85,0,2026-09-25 02:58:00+00:00
2026-09-25 02:59:20+00:00,VALID,451757.0,85,0,2026-09-25 02:59:00+00:00
2026-09-25 03:00:20+00:00,VALID,451817.0,85,0,2026-09-25 03:00:00+00:00
2026-09-25 03:01:20+00:00,VALID,451877.0,85,0,2026-09-25 03:01:00+00:00
2026-09-25 03:02:20+00:00,VALID,451937.0,85,0,2026-09-25 03:02:00+00:00
2026-09-25 03:03:20+00:00,FF64,,117,64,2026-09-25 03:03:00+00:00
2026-09-25 03:04:20+00:00,VALID,452057.0,85,0,2026-09-25 03:04:00+00:00
2026-09-25 03:05:20+00:00,VALID,452117.0,85,0,2026-09-25 03:05:00+00:00
2026-09-25 03:06:20+00:00,VALID,452177.0,85,0,2026-09-25 03:06:00+00:00
2026-09-25 03:07:20+00:00,FF64,,117,64,2026-09-25 03:07:00+00:00
2026-09-25 03:08:20+00:00,VALID,452297.0,85,0,2026-09-25 03:08:00+00:00
2026-09-25 03:09:20+00:00,FF64,,117,64,2026-09-25 03:09:00+00:00
2026-09-25 03:10:20+00:00,VALID,452417.0,85,0,2026-09-25 03:10:00+00:00
2026-09-25 03:11:20+00:00,FF64,,117,64,2026-09-25 03:11:00+00:00
2026-09-25 03:12:20+00:00,VALID,452537.0,85,0,2026-09-25 03:12:00+00:00
2026-09-25 03:13:20+00:00,FF64,,117,64,2026-09-25 03:13:00+00:00
2026-09-25 03:14:20+00:00,VALID,452657.0,85,0,2026-09-25 03:14:00+00:00
2026-09-25 03:15:20+00:00,VALID,452717.0,85,0,2026-09-25 03:15:00+00:00
2026-09-25 03:16:20+00:00,VALID,452777.0,85,0,2026-09-25 03:16:00+00:00
2026-09-25 03:17:20+00:00,FF64,,117,64,2026-09-25 03:17:00+00:00
2026-09-25 03:18:20+00:00,VALID,452897.0,85,0,2026-09-25 03:18:00+00:00
2026-09-25 03:19:20+00:00,VALID,452957.0,85,0,2026-09-25 03:19:00+00:00
2026-09-25 03:20:20+00:00,VALID,453017.0,85,0,2026-09-25 03:20:00+00:00
2026-09-25 03:21:20+00:00,FF64,,117,64,2026-09-25 03:21:00+00:00
2026-09-25 03:22:20+00:00,VALID,453137.0,85,0,2026-09-25 03:22:00+00:00
2026-09-25 03:23:20+00:00,VALID,453197.0,85,0,2026-09-25 03:23:00+00:00
2026-09-25 03:24:20+00:00,VALID,453257.0,85,0,2026-09-25 03:24:00+00:00
2026-09-25 03:25:20+00:00,FF64,,117,64,2026-09-25 03:25:00+00:00
2026-09-25 03:26:20+00:00,VALID,453377.0,85,0,2026-09-25 03:26:00+00:00
2026-09-25 03:27:20+00:00,FF64,,117,64,2026-09-25 03:27:00+00:00
2026-09-25 03:28:20+00:00,VALID,453497.0,85,0,2026-09-25 03:28:00+00:00
2026-09-25 03:29:20+00:00,FF64,,117,64,2026-09-25 03:29:00+00:00
2026-09-25 03:30:20+00:00,VALID,453617.0,85,0,2026-09-25 03:30:00+00:00
2026-09-25 03:31:20+00:00,FF64,,117,64,2026-09-25 03:31:00+00:00
2026-09-25 03:32:20+00:00,VALID,453737.0,85,0,2026-09-25 03:32:00+00:00
2026-09-25 03:33:20+00:00,VALID,453797.0,85,0,2026-09-25 03:33:00+00:00
2026-09-25 03:34:20+00:00,VALID,453857.0,85,0,2026-09-25 03:34:00+00:00
2026-09-25 03:35:20+00:00,FF64,,117,64,2026-09-25 03:35:00+00:00
2026-09-25 03:36:20+00:00,VALID,453977.0,85,0,2026-09-25 03:36:00+00:00
2026-09-25 03:37:20+00:00,FF64,,117,64,2026-09-25 03:37:00+00:00
2026-09-25 03:38:20+00:00,VALID,454097.0,85,0,2026-09-25 03:38:00+00:00
2026-09-25 03:39:20+00:00,VALID,454157.0,85,0,2026-09-25 03:39:00+00:00
2026-09-25 03:40:20+00:00,VALID,454217.0,85,0,2026-09-25 03:40:00+00:00
2026-09-25 03:41:20+00:00,FF64,,117,64,2026-09-25 03:41:00+00:00
2026-09-25 03:42:20+00:00,VALID,454337.0,85,0,2026-09-25 03:42:00+00:00
2026-09-25 03:43:20+00:00,VALID,454397.0,85,0,2026-09-25 03:43:00+00:00
2026-09-25 03:44:20+00:00,VALID,454457.0,85,0,2026-09-25 03:44:00+00:00
2026-09-25 03:45:20+00:00,FF64,,117,64,2026-09-25 03:45:00+00:00
2026-09-25 03:46:20+00:00,VALID,454577.0,85,0,2026-09-25 03:46:00+00:00
2026-09-25 03:47:20+00:00,FF64,,117,64,2026-09-25 03:47:00+00:00
2026-09-25 03:48:20+00:00,VALID,454697.0,85,0,2026-09-25 03:48:00+00:00
2026-09-25 03:49:20+00:00,FF64,,117,64,2026-09-25 03:49:00+00:00
2026-09-25 03:50:20+00:00,VALID,454817.0,85,0,2026-09-25 03:50:00+00:00
2026-09-25 03:51:20+00:00,FF64,,117,64,2026-09-25 03:51:00+00:00
2026-09-25 03:52:20+00:00,VALID,454937.0,85,0,2026-09-25 03:52:00+00:00
2026-09-25 03:53:20+00:00,FF64,,117,64,2026-09-25 03:53:00+00:00
2026-09-25 03:54:20+00:00,VALID,455057.0,85,0,2026-09-25 03:54:00+00:00
2026-09-25 03:55:20+00:00,FF64,,117,64,2026-09-25 03:55:00+00:00
2026-09-25 03:56:20+00:00,VALID,455177.0,85,0,2026-09-25 03:56:00+00:00
2026-09-25 03:57:20+00:00,VALID,455237.0,85,0,2026-09-25 03:57:00+00:00
2026-09-25 03:58:21+00:00,VALID,455297.0,85,0,2026-09-25 03:58:00+00:00
2026-09-25 03:59:21+00:00,FF64,,117,64,2026-09-25 03:59:00+00:00
2026-09-25 04:00:21+00:00,VALID,455417.0,85,0,2026-09-25 04:00:00+00:00
2026-09-25 04:01:21+00:00,FF64,,117,64,2026-09-25 04:01:00+00:00
2026-09-25 04:02:21+00:00,VALID,455537.0,85,0,2026-09-25 04:02:00+00:00
2026-09-25 04:03:21+00:00,FF64,,117,64,2026-09-25 04:03:00+00:00
2026-09-25 04:04:21+00:00,VALID,455657.0,85,0,2026-09-25 04:04:00+00:00
2026-09-25 04:05:21+00:00,FF64,,117,64,2026-09-25 04:05:00+00:00
2026-09-25 04:06:21+00:00,VALID,455777.0,85,0,2026-09-25 04:06:00+00:00
2026-09-25 04:07:21+00:00,FF64,,117,64,2026-09-25 04:07:00+00:00
2026-09-25 04:08:21+00:00,VALID,455897.0,85,0,2026-09-25 04:08:00+00:00
2026-09-25 04:09:21+00:00,FF64,,117,64,2026-09-25 04:09:00+00:00
2026-09-25 04:10:21+00:00,VALID,456017.0,85,0,2026-09-25 04:10:00+00:00
2026-09-25 04:11:21+00:00,FF64,,117,64,2026-09-25 04:11:00+00:00
2026-09-25 04:12:21+00:00,VALID,456137.0,85,0,2026-09-25 04:12:00+00:00
2026-09-25 04:13:21+00:00,VALID,456197.0,85,0,2026-09-25 04:13:00+00:00
2026-09-25 04:14:21+00:00,VALID,456257.0,85,0,2026-09-25 04:14:00+00:00
2026-09-25 04:15:21+00:00,VALID,456317.0,85,0,2026-09-25 04:15:00+00:00
2026-09-25 04:16:21+00:00,VALID,456377.0,85,0,2026-09-25 04:16:00+00:00
2026-09-25 04:17:21+00:00,VALID,456437.0,85,0,2026-09-25 04:17:00+00:00
2026-09-25 04:18:21+00:00,VALID,456497.0,85,0,2026-09-25 04:18:00+00:00
2026-09-25 04:19:21+00:00,VALID,456557.0,85,0,2026-09-25 04:19:00+00:00
2026-09-25 04:20:21+00:00,VALID,456617.0,85,0,2026-09-25 04:20:00+00:00
2026-09-25 04:21:21+00:00,FF64,,117,64,2026-09-25 04:21:00+00:00
2026-09-25 04:22:21+00:00,VALID,456737.0,85,0,2026-09-25 04:22:00+00:00
2026-09-25 04:23:21+00:00,FF64,,117,64,2026-09-25 04:23:00+00:00
2026-09-25 04:24:21+00:00,VALID,456857.0,85,0,2026-09-25 04:24:00+00:00
2026-09-25 04:25:21+00:00,FF64,,117,64,2026-09-25 04:25:00+00:00
2026-09-25 04:26:21+00:00,VALID,456977.0,85,0,2026-09-25 04:26:00+00:00
2026-09-25 04:27:21+00:00,FF64,,117,64,2026-09-25 04:27:00+00:00
2026-09-25 04:28:21+00:00,VALID,457097.0,85,0,2026-09-25 04:28:00+00:00
2026-09-25 04:29:21+00:00,FF64,,117,64,2026-09-25 04:29:00+00:00
2026-09-25 04:30:21+00:00,VALID,457217.0,85,0,2026-09-25 04:30:00+00:00
2026-09-25 04:31:21+00:00,VALID,457277.0,85,0,2026-09-25 04:31:00+00:00
2026-09-25 04:32:21+00:00,VALID,457337.0,85,0,2026-09-25 04:32:00+00:00
2026-09-25 04:33:21+00:00,VALID,457397.0,85,0,2026-09-25 04:33:00+00:00
2026-09-25 04:34:21+00:00,VALID,457457.0,85,0,2026-09-25 04:34:00+00:00
2026-09-25 04:35:21+00:00,FF64,,117,64,2026-09-25 04:35:00+00:00
2026-09-25 04:36:21+00:00,VALID,457577.0,85,0,2026-09-25 04:36:00+00:00
2026-09-25 04:37:21+00:00,FF64,,117,64,2026-09-25 04:37:00+00:00
2026-09-25 04:38:21+00:00,VALID,457697.0,85,0,2026-09-25 04:38:00+00:00
2026-09-25 04:39:21+00:00,VALID,457757.0,85,0,2026-09-25 04:39:00+00:00
2026-09-25 04:40:21+00:00,VALID,457817.0,85,0,2026-09-25 04:40:00+00:00
2026-09-25 04:41:21+00:00,VALID,457877.0,85,0,2026-09-25 04:41:00+00:00
2026-09-25 04:42:21+00:00,VALID,457937.0,85,0,2026-09-25 04:42:00+00:00
2026-09-25 04:43:21+00:00,FF64,,117,64,2026-09-25 04:43:00+00:00
2026-09-25 04:44:21+00:00,VALID,458057.0,85,0,2026-09-25 04:44:00+00:00
2026-09-25 04:45:21+00:00,VALID,458117.0,85,0,2026-09-25 04:45:00+00:00
2026-09-25 04:46:21+00:00,VALID,458177.0,85,0,2026-09-25 04:46:00+00:00
2026-09-25 04:47:21+00:00,VALID,458237.0,85,0,2026-09-25 04:47:00+00:00
2026-09-25 04:48:21+00:00,VALID,458297.0,85,0,2026-09-25 04:48:00+00:00
2026-09-25 04:49:21+00:00,FF64,,117,64,2026-09-25 04:49:00+00:00
2026-09-25 04:50:21+00:00,VALID,458417.0,85,0,2026-09-25 04:50:00+00:00
2026-09-25 04:51:21+00:00,VALID,458477.0,85,0,2026-09-25 04:51:00+00:00
2026-09-25 04:52:21+00:00,VALID,458537.0,85,0,2026-09-25 04:52:00+00:00
2026-09-25 04:53:21+00:00,FF64,,117,64,2026-09-25 04:53:00+00:00
2026-09-25 04:54:21+00:00,VALID,458657.0,85,0,2026-09-25 04:54:00+00:00
2026-09-25 04:55:21+00:00,FF64,,117,64,2026-09-25 04:55:00+00:00
2026-09-25 04:56:21+00:00,VALID,458777.0,85,0,2026-09-25 04:56:00+00:00
2026-09-25 04:57:21+00:00,VALID,458837.0,85,0,2026-09-25 04:57:00+00:00
2026-09-25 04:58:21+00:00,VALID,458897.0,85,0,2026-09-25 04:58:00+00:00
2026-09-25 04:59:21+00:00,FF64,,117,64,2026-09-25 04:59:00+00:00
2026-09-25 05:00:21+00:00,VALID,459017.0,85,0,2026-09-25 05:00:00+00:00
2026-09-25 05:01:21+00:00,FF64,,117,64,2026-09-25 05:01:00+00:00
2026-09-25 05:02:21+00:00,VALID,459137.0,85,0,2026-09-25 05:02:00+00:00
2026-09-25 05:03:21+00:00,FF64,,117,64,2026-09-25 05:03:00+00:00
2026-09-25 05:04:21+00:00,VALID,459257.0,85,0,2026-09-25 05:04:00+00:00
2026-09-25 05:05:21+00:00,FF64,,117,64,2026-09-25 05:05:00+00:00
2026-09-25 05:06:21+00:00,VALID,459377.0,85,0,2026-09-25 05:06:00+00:00
2026-09-25 05:07:21+00:00,VALID,459437.0,85,0,2026-09-25 05:07:00+00:00
2026-09-25 05:08:21+00:00,VALID,459497.0,85,0,2026-09-25 05:08:00+00:00
2026-09-25 05:09:21+00:00,FF64,,117,64,2026-09-25 05:09:00+00:00
2026-09-25 05:10:21+00:00,VALID,459617.0,85,0,2026-09-25 05:10:00+00:00
2026-09-25 05:11:21+00:00,VALID,459677.0,85,0,2026-09-25 05:11:00+00:00
2026-09-25 05:12:21+00:00,VALID,459737.0,85,0,2026-09-25 05:12:00+00:00
2026-09-25 05:13:21+00:00,VALID,459797.0,85,0,2026-09-25 05:13:00+00:00
2026-09-25 05:14:21+00:00,VALID,459857.0,85,0,2026-09-25 05:14:00+00:00
2026-09-25 05:15:21+00:00,FF64,,117,64,2026-09-25 05:15:00+00:00
2026-09-25 05:16:21+00:00,VALID,459977.0,85,0,2026-09-25 05:16:00+00:00
2026-09-25 05:17:21+00:00,FF64,,117,64,2026-09-25 05:17:00+00:00
2026-09-25 05:18:21+00:00,VALID,460097.0,85,0,2026-09-25 05:18:00+00:00
2026-09-25 05:19:21+00:00,FF64,,117,64,2026-09-25 05:19:00+00:00
2026-09-25 05:20:21+00:00,VALID,460217.0,85,0,2026-09-25 05:20:00+00:00
2026-09-25 05:21:21+00:00,VALID,460277.0,85,0,2026-09-25 05:21:00+00:00
2026-09-25 05:22:21+00:00,VALID,460337.0,85,0,2026-09-25 05:22:00+00:00
2026-09-25 05:23:21+00:00,FF64,,117,64,2026-09-25 05:23:00+00:00
2026-09-25 05:24:21+00:00,VALID,460457.0,85,0,2026-09-25 05:24:00+00:00
2026-09-25 05:25:21+00:00,FF64,,117,64,2026-09-25 05:25:00+00:00
2026-09-25 05:26:21+00:00,VALID,460577.0,85,0,2026-09-25 05:26:00+00:00
2026-09-25 05:27:21+00:00,FF64,,117,64,2026-09-25 05:27:00+00:00
2026-09-25 05:28:21+00:00,VALID,460697.0,85,0,2026-09-25 05:28:00+00:00
2026-09-25 05:29:21+00:00,VALID,460757.0,85,0,2026-09-25 05:29:00+00:00
2026-09-25 05:30:21+00:00,VALID,460817.0,85,0,2026-09-25 05:30:00+00:00
2026-09-25 05:31:21+00:00,FF64,,117,64,2026-09-25 05:31:00+00:00
2026-09-25 05:32:21+00:00,VALID,460937.0,85,0,2026-09-25 05:32:00+00:00
2026-09-25 05:33:21+00:00,VALID,460997.0,85,0,2026-09-25 05:33:00+00:00
2026-09-25 05:34:21+00:00,VALID,461057.0,85,0,2026-09-25 05:34:00+00:00
2026-09-25 05:35:21+00:00,FF64,,117,64,2026-09-25 05:35:00+00:00
2026-09-25 05:36:21+00:00,VALID,461177.0,85,0,2026-09-25 05:36:00+00:00
2026-09-25 05:37:21+00:00,FF64,,117,64,2026-09-25 05:37:00+00:00
2026-09-25 05:38:21+00:00,VALID,461297.0,85,0,2026-09-25 05:38:00+00:00
2026-09-25 05:39:21+00:00,FF64,,117,64,2026-09-25 05:39:00+00:00
2026-09-25 05:40:21+00:00,VALID,461417.0,85,0,2026-09-25 05:40:00+00:00
2026-09-25 05:41:21+00:00,FF64,,117,64,2026-09-25 05:41:00+00:00
2026-09-25 05:42:21+00:00,VALID,461537.0,85,0,2026-09-25 05:42:00+00:00
2026-09-25 05:43:21+00:00,FF64,,117,64,2026-09-25 05:43:00+00:00
2026-09-25 05:44:21+00:00,VALID,461657.0,85,0,2026-09-25 05:44:00+00:00
2026-09-25 05:45:21+00:00,VALID,461717.0,85,0,2026-09-25 05:45:00+00:00
2026-09-25 05:46:21+00:00,VALID,461777.0,85,0,2026-09-25 05:46:00+00:00
2026-09-25 05:47:21+00:00,VALID,461837.0,85,0,2026-09-25 05:47:00+00:00
2026-09-25 05:48:21+00:00,VALID,461897.0,85,0,2026-09-25 05:48:00+00:00
2026-09-25 05:49:21+00:00,VALID,461957.0,85,0,2026-09-25 05:49:00+00:00
2026-09-25 05:50:21+00:00,VALID,462017.0,85,0,2026-09-25 05:50:00+00:00
2026-09-25 05:51:21+00:00,VALID,462077.0,85,0,2026-09-25 05:51:00+00:00
2026-09-25 05:52:21+00:00,VALID,462137.0,85,0,2026-09-25 05:52:00+00:00
2026-09-25 05:53:21+00:00,FF64,,117,64,2026-09-25 05:53:00+00:00
2026-09-25 05:54:21+00:00,VALID,462257.0,85,0,2026-09-25 05:54:00+00:00
2026-09-25 05:55:21+00:00,VALID,462317.0,85,0,2026-09-25 05:55:00+00:00
2026-09-25 05:56:21+00:00,VALID,462377.0,85,0,2026-09-25 05:56:00+00:00
2026-09-25 05:57:21+00:00,FF64,,117,64,2026-09-25 05:57:00+00:00
2026-09-25 05:58:21+00:00,VALID,462497.0,85,0,2026-09-25 05:58:00+00:00
2026-09-25 05:59:21+00:00,FF64,,117,64,2026-09-25 05:59:00+00:00
2026-09-25 06:00:21+00:00,VALID,462617.0,85,0,2026-09-25 06:00:00+00:00
2026-09-25 06:01:21+00:00,VALID,462677.0,85,0,2026-09-25 06:01:00+00:00
2026-09-25 06:02:21+00:00,VALID,462737.0,85,0,2026-09-25 06:02:00+00:00
2026-09-25 06:03:21+00:00,FF64,,117,64,2026-09-25 06:03:00+00:00
2026-09-25 06:04:21+00:00,VALID,462857.0,85,0,2026-09-25 06:04:00+00:00
2026-09-25 06:05:21+00:00,VALID,462917.0,85,0,2026-09-25 06:05:00+00:00
2026-09-25 06:06:21+00:00,VALID,462977.0,85,0,2026-09-25 06:06:00+00:00
2026-09-25 06:07:21+00:00,FF64,,117,64,2026-09-25 06:07:00+00:00
2026-09-25 06:08:21+00:00,VALID,463097.0,85,0,2026-09-25 06:08:00+00:00
2026-09-25 06:09:21+00:00,FF64,,117,64,2026-09-25 06:09:00+00:00
2026-09-25 06:10:21+00:00,VALID,463217.0,85,0,2026-09-25 06:10:00+00:00
2026-09-25 06:11:21+00:00,FF64,,117,64,2026-09-25 06:11:00+00:00
2026-09-25 06:12:21+00:00,VALID,463337.0,85,0,2026-09-25 06:12:00+00:00
2026-09-25 06:13:21+00:00,FF64,,117,64,2026-09-25 06:13:00+00:00
2026-09-25 06:14:21+00:00,VALID,463457.0,85,0,2026-09-25 06:14:00+00:00
2026-09-25 06:15:21+00:00,VALID,463517.0,85,0,2026-09-25 06:15:00+00:00
2026-09-25 06:16:21+00:00,VALID,463577.0,85,0,2026-09-25 06:16:00+00:00
2026-09-25 06:17:21+00:00,FF64,,117,64,2026-09-25 06:17:00+00:00
2026-09-25 06:18:21+00:00,VALID,463697.0,85,0,2026-09-25 06:18:00+00:00
2026-09-25 06:19:21+00:00,FF64,,117,64,2026-09-25 06:19:00+00:00
2026-09-25 06:20:21+00:00,VALID,463817.0,85,0,2026-09-25 06:20:00+00:00
2026-09-25 06:21:21+00:00,VALID,463877.0,85,0,2026-09-25 06:21:00+00:00
2026-09-25 06:22:21+00:00,VALID,463937.0,85,0,2026-09-25 06:22:00+00:00
2026-09-25 06:23:21+00:00,VALID,463997.0,85,0,2026-09-25 06:23:00+00:00
2026-09-25 06:24:21+00:00,VALID,464057.0,85,0,2026-09-25 06:24:00+00:00
2026-09-25 06:25:21+00:00,FF64,,117,64,2026-09-25 06:25:00+00:00
2026-09-25 06:26:21+00:00,VALID,464177.0,85,0,2026-09-25 06:26:00+00:00
2026-09-25 06:27:21+00:00,FF64,,117,64,2026-09-25 06:27:00+00:00
2026-09-25 06:28:21+00:00,VALID,464297.0,85,0,2026-09-25 06:28:00+00:00
2026-09-25 06:29:21+00:00,FF64,,117,64,2026-09-25 06:29:00+00:00
2026-09-25 06:30:21+00:00,VALID,464417.0,85,0,2026-09-25 06:30:00+00:00
2026-09-25 06:31:21+00:00,FF64,,117,64,2026-09-25 06:31:00+00:00
2026-09-25 06:32:21+00:00,VALID,464537.0,85,0,2026-09-25 06:32:00+00:00
2026-09-25 06:33:21+00:00,VALID,464597.0,85,0,2026-09-25 06:33:00+00:00
2026-09-25 06:34:21+00:00,VALID,464657.0,85,0,2026-09-25 06:34:00+00:00
2026-09-25 06:35:21+00:00,VALID,464717.0,85,0,2026-09-25 06:35:00+00:00
2026-09-25 06:36:21+00:00,VALID,464777.0,85,0,2026-09-25 06:36:00+00:00
2026-09-25 06:37:21+00:00,FF64,,117,64,2026-09-25 06:37:00+00:00
2026-09-25 06:38:21+00:00,VALID,464897.0,85,0,2026-09-25 06:38:00+00:00
2026-09-25 06:39:21+00:00,VALID,464957.0,85,0,2026-09-25 06:39:00+00:00
2026-09-25 06:40:21+00:00,VALID,465017.0,85,0,2026-09-25 06:40:00+00:00
2026-09-25 06:41:21+00:00,VALID,465077.0,85,0,2026-09-25 06:41:00+00:00
2026-09-25 06:42:21+00:00,VALID,465137.0,85,0,2026-09-25 06:42:00+00:00
2026-09-25 06:43:21+00:00,VALID,465197.0,85,0,2026-09-25 06:43:00+00:00
2026-09-25 06:44:21+00:00,VALID,465257.0,85,0,2026-09-25 06:44:00+00:00
2026-09-25 06:45:21+00:00,FF64,,117,64,2026-09-25 06:45:00+00:00
2026-09-25 06:46:21+00:00,VALID,465377.0,85,0,2026-09-25 06:46:00+00:00
2026-09-25 06:47:21+00:00,VALID,465437.0,85,0,2026-09-25 06:47:00+00:00
2026-09-25 06:48:21+00:00,VALID,465497.0,85,0,2026-09-25 06:48:00+00:00
2026-09-25 06:49:21+00:00,FF64,,117,64,2026-09-25 06:49:00+00:00
2026-09-25 06:50:21+00:00,VALID,465617.0,85,0,2026-09-25 06:50:00+00:00
2026-09-25 06:51:21+00:00,FF64,,117,64,2026-09-25 06:51:00+00:00
2026-09-25 06:52:21+00:00,VALID,465737.0,85,0,2026-09-25 06:52:00+00:00
2026-09-25 06:53:21+00:00,VALID,465797.0,85,0,2026-09-25 06:53:00+00:00
2026-09-25 06:54:21+00:00,VALID,465857.0,85,0,2026-09-25 06:54:00+00:00
2026-09-25 06:55:21+00:00,FF64,,117,64,2026-09-25 06:55:00+00:00
2026-09-25 06:56:21+00:00,VALID,465977.0,85,0,2026-09-25 06:56:00+00:00
2026-09-25 06:57:21+00:00,VALID,466037.0,85,0,2026-09-25 06:57:00+00:00
2026-09-25 06:58:21+00:00,VALID,466097.0,85,0,2026-09-25 06:58:00+00:00
2026-09-25 06:59:21+00:00,FF64,,117,64,2026-09-25 06:59:00+00:00
2026-09-25 07:00:21+00:00,VALID,466217.0,85,0,2026-09-25 07:00:00+00:00
2026-09-25 07:01:21+00:00,FF64,,117,64,2026-09-25 07:01:00+00:00
2026-09-25 07:02:21+00:00,VALID,466337.0,85,0,2026-09-25 07:02:00+00:00
2026-09-25 07:03:21+00:00,FF64,,117,64,2026-09-25 07:03:00+00:00
2026-09-25 07:04:21+00:00,VALID,466457.0,85,0,2026-09-25 07:04:00+00:00
2026-09-25 07:05:21+00:00,VALID,466517.0,85,0,2026-09-25 07:05:00+00:00
2026-09-25 07:06:21+00:00,VALID,466577.0,85,0,2026-09-25 07:06:00+00:00
2026-09-25 07:07:21+00:00,FF64,,117,64,2026-09-25 07:07:00+00:00
2026-09-25 07:08:21+00:00,VALID,466697.0,85,0,2026-09-25 07:08:00+00:00
2026-09-25 07:09:21+00:00,FF64,,117,64,2026-09-25 07:09:00+00:00
2026-09-25 07:10:21+00:00,VALID,466817.0,85,0,2026-09-25 07:10:00+00:00
2026-09-25 07:11:21+00:00,VALID,466877.0,85,0,2026-09-25 07:11:00+00:00
2026-09-25 07:12:21+00:00,VALID,466937.0,85,0,2026-09-25 07:12:00+00:00
2026-09-25 07:13:21+00:00,FF64,,117,64,2026-09-25 07:13:00+00:00
2026-09-25 07:14:21+00:00,VALID,467057.0,85,0,2026-09-25 07:14:00+00:00
2026-09-25 07:15:21+00:00,FF64,,117,64,2026-09-25 07:15:00+00:00
2026-09-25 07:16:21+00:00,VALID,467177.0,85,0,2026-09-25 07:16:00+00:00
2026-09-25 07:17:21+00:00,VALID,467237.0,85,0,2026-09-25 07:17:00+00:00
2026-09-25 07:18:21+00:00,VALID,467297.0,85,0,2026-09-25 07:18:00+00:00
2026-09-25 07:19:21+00:00,VALID,467357.0,85,0,2026-09-25 07:19:00+00:00
2026-09-25 07:20:21+00:00,VALID,467418.0,85,0,2026-09-25 07:20:00+00:00
2026-09-25 07:21:21+00:00,FF64,,117,64,2026-09-25 07:21:00+00:00
2026-09-25 07:22:21+00:00,VALID,467538.0,85,0,2026-09-25 07:22:00+00:00
2026-09-25 07:23:21+00:00,FF64,,117,64,2026-09-25 07:23:00+00:00
2026-09-25 07:24:21+00:00,VALID,467658.0,85,0,2026-09-25 07:24:00+00:00
2026-09-25 07:25:21+00:00,FF64,,117,64,2026-09-25 07:25:00+00:00
2026-09-25 07:26:21+00:00,VALID,467778.0,85,0,2026-09-25 07:26:00+00:00
2026-09-25 07:27:21+00:00,FF64,,117,64,2026-09-25 07:27:00+00:00
2026-09-25 07:28:21+00:00,VALID,467898.0,85,0,2026-09-25 07:28:00+00:00
2026-09-25 07:29:21+00:00,VALID,467958.0,85,0,2026-09-25 07:29:00+00:00
2026-09-25 07:30:21+00:00,VALID,468018.0,85,0,2026-09-25 07:30:00+00:00
2026-09-25 07:31:21+00:00,FF64,,117,64,2026-09-25 07:31:00+00:00
2026-09-25 07:32:21+00:00,VALID,468138.0,85,0,2026-09-25 07:32:00+00:00
2026-09-25 07:33:21+00:00,FF64,,117,64,2026-09-25 07:33:00+00:00
2026-09-25 07:34:21+00:00,VALID,468258.0,85,0,2026-09-25 07:34:00+00:00
2026-09-25 07:35:21+00:00,FF64,,117,64,2026-09-25 07:35:00+00:00
2026-09-25 07:36:21+00:00,VALID,468378.0,85,0,2026-09-25 07:36:00+00:00
2026-09-25 07:37:21+00:00,FF64,,117,64,2026-09-25 07:37:00+00:00
2026-09-25 07:38:21+00:00,VALID,468498.0,85,0,2026-09-25 07:38:00+00:00
2026-09-25 07:39:21+00:00,FF64,,117,64,2026-09-25 07:39:00+00:00
2026-09-25 07:40:21+00:00,VALID,468618.0,85,0,2026-09-25 07:40:00+00:00
2026-09-25 07:41:21+00:00,FF64,,117,64,2026-09-25 07:41:00+00:00
2026-09-25 07:42:21+00:00,VALID,468738.0,85,0,2026-09-25 07:42:00+00:00
2026-09-25 07:43:21+00:00,FF64,,117,64,2026-09-25 07:43:00+00:00
2026-09-25 07:44:21+00:00,VALID,468858.0,85,0,2026-09-25 07:44:00+00:00
2026-09-25 07:45:21+00:00,FF64,,117,64,2026-09-25 07:45:00+00:00
2026-09-25 07:46:21+00:00,VALID,468978.0,85,0,2026-09-25 07:46:00+00:00
2026-09-25 07:47:21+00:00,FF64,,117,64,2026-09-25 07:47:00+00:00
2026-09-25 07:48:21+00:00,VALID,469098.0,85,0,2026-09-25 07:48:00+00:00
2026-09-25 07:49:21+00:00,FF64,,117,64,2026-09-25 07:49:00+00:00
2026-09-25 07:50:21+00:00,VALID,469218.0,85,0,2026-09-25 07:50:00+00:00
2026-09-25 07:51:21+00:00,FF64,,117,64,2026-09-25 07:51:00+00:00
2026-09-25 07:52:21+00:00,VALID,469338.0,85,0,2026-09-25 07:52:00+00:00
2026-09-25 07:53:21+00:00,FF64,,117,64,2026-09-25 07:53:00+00:00
2026-09-25 07:54:21+00:00,VALID,469458.0,85,0,2026-09-25 07:54:00+00:00
2026-09-25 07:55:21+00:00,VALID,469518.0,85,0,2026-09-25 07:55:00+00:00
2026-09-25 07:56:21+00:00,VALID,469578.0,85,0,2026-09-25 07:56:00+00:00
2026-09-25 07:57:21+00:00,FF64,,117,64,2026-09-25 07:57:00+00:00
2026-09-25 07:58:21+00:00,VALID,469698.0,85,0,2026-09-25 07:58:00+00:00
2026-09-25 07:59:21+00:00,VALID,469758.0,85,0,2026-09-25 07:59:00+00:00
2026-09-25 08:00:21+00:00,VALID,469818.0,85,0,2026-09-25 08:00:00+00:00
2026-09-25 08:01:21+00:00,FF64,,117,64,2026-09-25 08:01:00+00:00
2026-09-25 08:02:21+00:00,VALID,469938.0,85,0,2026-09-25 08:02:00+00:00
2026-09-25 08:03:21+00:00,FF64,,117,64,2026-09-25 08:03:00+00:00
2026-09-25 08:04:21+00:00,VALID,470058.0,85,0,2026-09-25 08:04:00+00:00
2026-09-25 08:05:21+00:00,VALID,470118.0,85,0,2026-09-25 08:05:00+00:00
2026-09-25 08:06:21+00:00,VALID,470178.0,85,0,2026-09-25 08:06:00+00:00
2026-09-25 08:07:21+00:00,FF64,,117,64,2026-09-25 08:07:00+00:00
2026-09-25 08:08:21+00:00,VALID,470298.0,85,0,2026-09-25 08:08:00+00:00
2026-09-25 08:09:21+00:00,FF64,,117,64,2026-09-25 08:09:00+00:00
2026-09-25 08:10:21+00:00,VALID,470418.0,85,0,2026-09-25 08:10:00+00:00
2026-09-25 08:11:21+00:00,FF64,,117,64,2026-09-25 08:11:00+00:00
2026-09-25 08:12:21+00:00,VALID,470538.0,85,0,2026-09-25 08:12:00+00:00
2026-09-25 08:13:21+00:00,FF64,,117,64,2026-09-25 08:13:00+00:00
2026-09-25 08:14:21+00:00,VALID,470658.0,85,0,2026-09-25 08:14:00+00:00
2026-09-25 08:15:21+00:00,VALID,470718.0,85,0,2026-09-25 08:15:00+00:00
2026-09-25 08:16:21+00:00,VALID,470778.0,85,0,2026-09-25 08:16:00+00:00
2026-09-25 08:17:21+00:00,VALID,470838.0,85,0,2026-09-25 08:17:00+00:00
2026-09-25 08:18:21+00:00,VALID,470898.0,85,0,2026-09-25 08:18:00+00:00
2026-09-25 08:19:21+00:00,VALID,470958.0,85,0,2026-09-25 08:19:00+00:00
2026-09-25 08:20:21+00:00,VALID,471018.0,85,0,2026-09-25 08:20:00+00:00
2026-09-25 08:21:21+00:00,VALID,471078.0,85,0,2026-09-25 08:21:00+00:00
2026-09-25 08:22:21+00:00,VALID,471138.0,85,0,2026-09-25 08:22:00+00:00
2026-09-25 08:23:21+00:00,FF64,,117,64,2026-09-25 08:23:00+00:00
2026-09-25 08:24:21+00:00,VALID,471258.0,85,0,2026-09-25 08:24:00+00:00
2026-09-25 08:25:21+00:00,FF64,,117,64,2026-09-25 08:25:00+00:00
2026-09-25 08:26:21+00:00,VALID,471378.0,85,0,2026-09-25 08:26:00+00:00
2026-09-25 08:27:21+00:00,VALID,471438.0,85,0,2026-09-25 08:27:00+00:00
2026-09-25 08:28:21+00:00,VALID,471498.0,85,0,2026-09-25 08:28:00+00:00
2026-09-25 08:29:21+00:00,FF64,,117,64,2026-09-25 08:29:00+00:00
2026-09-25 08:30:21+00:00,VALID,471618.0,85,0,2026-09-25 08:30:00+00:00
2026-09-25 08:31:21+00:00,FF64,,117,64,2026-09-25 08:31:00+00:00
2026-09-25 08:32:21+00:00,VALID,471738.0,85,0,2026-09-25 08:32:00+00:00
2026-09-25 08:33:21+00:00,FF64,,117,64,2026-09-25 08:33:00+00:00
2026-09-25 08:34:21+00:00,VALID,471858.0,85,0,2026-09-25 08:34:00+00:00
2026-09-25 08:35:21+00:00,FF64,,117,64,2026-09-25 08:35:00+00:00
2026-09-25 08:36:21+00:00,VALID,471978.0,85,0,2026-09-25 08:36:00+00:00
2026-09-25 08:37:21+00:00,FF64,,117,64,2026-09-25 08:37:00+00:00
2026-09-25 08:38:21+00:00,VALID,472098.0,85,0,2026-09-25 08:38:00+00:00
2026-09-25 08:39:21+00:00,FF64,,117,64,2026-09-25 08:39:00+00:00
2026-09-25 08:40:21+00:00,VALID,472218.0,85,0,2026-09-25 08:40:00+00:00
2026-09-25 08:41:21+00:00,FF64,,117,64,2026-09-25 08:41:00+00:00
2026-09-25 08:42:21+00:00,VALID,472338.0,85,0,2026-09-25 08:42:00+00:00
2026-09-25 08:43:21+00:00,VALID,472398.0,85,0,2026-09-25 08:43:00+00:00
2026-09-25 08:44:21+00:00,VALID,472458.0,85,0,2026-09-25 08:44:00+00:00
2026-09-25 08:45:21+00:00,FF64,,117,64,2026-09-25 08:45:00+00:00
2026-09-25 08:46:21+00:00,VALID,472578.0,85,0,2026-09-25 08:46:00+00:00
2026-09-25 08:47:21+00:00,FF64,,117,64,2026-09-25 08:47:00+00:00
2026-09-25 08:48:21+00:00,VALID,472698.0,85,0,2026-09-25 08:48:00+00:00
2026-09-25 08:49:21+00:00,FF64,,117,64,2026-09-25 08:49:00+00:00
2026-09-25 08:50:21+00:00,VALID,472818.0,85,0,2026-09-25 08:50:00+00:00
2026-09-25 08:51:21+00:00,FF64,,117,64,2026-09-25 08:51:00+00:00
2026-09-25 08:52:21+00:00,VALID,472938.0,85,0,2026-09-25 08:52:00+00:00
2026-09-25 08:53:21+00:00,FF64,,117,64,2026-09-25 08:53:00+00:00
2026-09-25 08:54:21+00:00,VALID,473058.0,85,0,2026-09-25 08:54:00+00:00
2026-09-25 08:55:21+00:00,VALID,473118.0,85,0,2026-09-25 08:55:00+00:00
2026-09-25 08:56:21+00:00,VALID,473178.0,85,0,2026-09-25 08:56:00+00:00
2026-09-25 08:57:21+00:00,FF64,,117,64,2026-09-25 08:57:00+00:00
2026-09-25 08:58:21+00:00,VALID,473298.0,85,0,2026-09-25 08:58:00+00:00
2026-09-25 08:59:21+00:00,FF64,,117,64,2026-09-25 08:59:00+00:00
2026-09-25 09:00:21+00:00,VALID,473418.0,85,0,2026-09-25 09:00:00+00:00
2026-09-25 09:01:21+00:00,FF64,,117,64,2026-09-25 09:01:00+00:00
2026-09-25 09:02:21+00:00,VALID,473538.0,85,0,2026-09-25 09:02:00+00:00
2026-09-25 09:03:21+00:00,FF64,,117,64,2026-09-25 09:03:00+00:00
2026-09-25 09:04:21+00:00,VALID,473658.0,85,0,2026-09-25 09:04:00+00:00
2026-09-25 09:05:21+00:00,FF64,,117,64,2026-09-25 09:05:00+00:00
2026-09-25 09:06:21+00:00,VALID,473778.0,85,0,2026-09-25 09:06:00+00:00
2026-09-25 09:07:21+00:00,FF64,,117,64,2026-09-25 09:07:00+00:00
2026-09-25 09:08:21+00:00,VALID,473898.0,85,0,2026-09-25 09:08:00+00:00
2026-09-25 09:09:21+00:00,FF64,,117,64,2026-09-25 09:09:00+00:00
2026-09-25 09:10:21+00:00,VALID,474018.0,85,0,2026-09-25 09:10:00+00:00
2026-09-25 09:11:21+00:00,FF64,,117,64,2026-09-25 09:11:00+00:00
2026-09-25 09:12:21+00:00,VALID,474138.0,85,0,2026-09-25 09:12:00+00:00
2026-09-25 09:13:21+00:00,FF64,,117,64,2026-09-25 09:13:00+00:00
2026-09-25 09:14:21+00:00,VALID,474258.0,85,0,2026-09-25 09:14:00+00:00
2026-09-25 09:15:21+00:00,VALID,474318.0,85,0,2026-09-25 09:15:00+00:00
2026-09-25 09:16:21+00:00,VALID,474378.0,85,0,2026-09-25 09:16:00+00:00
2026-09-25 09:17:21+00:00,VALID,474438.0,85,0,2026-09-25 09:17:00+00:00
2026-09-25 09:18:21+00:00,VALID,474498.0,85,0,2026-09-25 09:18:00+00:00
2026-09-25 09:19:21+00:00,VALID,474558.0,85,0,2026-09-25 09:19:00+00:00
2026-09-25 09:20:21+00:00,VALID,474618.0,85,0,2026-09-25 09:20:00+00:00
2026-09-25 09:21:21+00:00,FF64,,117,64,2026-09-25 09:21:00+00:00
2026-09-25 09:22:21+00:00,VALID,474738.0,85,0,2026-09-25 09:22:00+00:00
2026-09-25 09:23:21+00:00,FF64,,117,64,2026-09-25 09:23:00+00:00
2026-09-25 09:24:21+00:00,VALID,474858.0,85,0,2026-09-25 09:24:00+00:00
2026-09-25 09:25:21+00:00,FF64,,117,64,2026-09-25 09:25:00+00:00
2026-09-25 09:26:21+00:00,VALID,474978.0,85,0,2026-09-25 09:26:00+00:00
2026-09-25 09:27:21+00:00,VALID,475038.0,85,0,2026-09-25 09:27:00+00:00
2026-09-25 09:28:21+00:00,VALID,475098.0,85,0,2026-09-25 09:28:00+00:00
2026-09-25 09:29:21+00:00,FF64,,117,64,2026-09-25 09:29:00+00:00
2026-09-25 09:30:21+00:00,VALID,475218.0,85,0,2026-09-25 09:30:00+00:00
2026-09-25 09:31:21+00:00,FF64,,117,64,2026-09-25 09:31:00+00:00
2026-09-25 09:32:21+00:00,VALID,475338.0,85,0,2026-09-25 09:32:00+00:00
2026-09-25 09:33:21+00:00,FF64,,117,64,2026-09-25 09:33:00+00:00
2026-09-25 09:34:21+00:00,VALID,475458.0,85,0,2026-09-25 09:34:00+00:00
2026-09-25 09:35:21+00:00,VALID,475518.0,85,0,2026-09-25 09:35:00+00:00
2026-09-25 09:36:21+00:00,VALID,475578.0,85,0,2026-09-25 09:36:00+00:00
2026-09-25 09:37:21+00:00,FF64,,117,64,2026-09-25 09:37:00+00:00
2026-09-25 09:38:21+00:00,VALID,475698.0,85,0,2026-09-25 09:38:00+00:00
2026-09-25 09:39:21+00:00,VALID,475758.0,85,0,2026-09-25 09:39:00+00:00
2026-09-25 09:40:21+00:00,VALID,475818.0,85,0,2026-09-25 09:40:00+00:00
2026-09-25 09:41:21+00:00,VALID,475878.0,85,0,2026-09-25 09:41:00+00:00
2026-09-25 09:42:21+00:00,VALID,475938.0,85,0,2026-09-25 09:42:00+00:00
2026-09-25 09:43:21+00:00,FF64,,117,64,2026-09-25 09:43:00+00:00
2026-09-25 09:44:21+00:00,VALID,476058.0,85,0,2026-09-25 09:44:00+00:00
2026-09-25 09:45:21+00:00,FF64,,117,64,2026-09-25 09:45:00+00:00
2026-09-25 09:46:21+00:00,VALID,476178.0,85,0,2026-09-25 09:46:00+00:00
2026-09-25 09:47:21+00:00,FF64,,117,64,2026-09-25 09:47:00+00:00
2026-09-25 09:48:21+00:00,VALID,476298.0,85,0,2026-09-25 09:48:00+00:00
2026-09-25 09:49:21+00:00,VALID,476358.0,85,0,2026-09-25 09:49:00+00:00
2026-09-25 09:50:21+00:00,VALID,476418.0,85,0,2026-09-25 09:50:00+00:00
2026-09-25 09:51:21+00:00,FF64,,117,64,2026-09-25 09:51:00+00:00
2026-09-25 09:52:21+00:00,VALID,476538.0,85,0,2026-09-25 09:52:00+00:00
2026-09-25 09:53:21+00:00,FF64,,117,64,2026-09-25 09:53:00+00:00
2026-09-25 09:54:21+00:00,VALID,476658.0,85,0,2026-09-25 09:54:00+00:00
2026-09-25 09:55:21+00:00,FF64,,117,64,2026-09-25 09:55:00+00:00
2026-09-25 09:56:21+00:00,VALID,476778.0,85,0,2026-09-25 09:56:00+00:00
2026-09-25 09:57:21+00:00,FF64,,117,64,2026-09-25 09:57:00+00:00
2026-09-25 09:58:21+00:00,VALID,476898.0,85,0,2026-09-25 09:58:00+00:00
2026-09-25 09:59:21+00:00,FF64,,117,64,2026-09-25 09:59:00+00:00
2026-09-25 10:00:21+00:00,VALID,477018.0,86,0,2026-09-25 10:00:00+00:00
2026-09-25 10:01:21+00:00,FF64,,120,64,2026-09-25 10:01:00+00:00
2026-09-25 10:02:21+00:00,VALID,477138.0,88,0,2026-09-25 10:02:00+00:00
2026-09-25 10:03:21+00:00,FF64,,120,64,2026-09-25 10:03:00+00:00
2026-09-25 10:04:21+00:00,VALID,477258.0,88,0,2026-09-25 10:04:00+00:00
2026-09-25 10:05:21+00:00,FF64,,120,64,2026-09-25 10:05:00+00:00
2026-09-25 10:06:21+00:00,VALID,477378.0,88,0,2026-09-25 10:06:00+00:00
2026-09-25 10:07:21+00:00,FF64,,120,64,2026-09-25 10:07:00+00:00
2026-09-25 10:08:21+00:00,VALID,477498.0,88,0,2026-09-25 10:08:00+00:00
2026-09-25 10:09:21+00:00,VALID,477558.0,88,0,2026-09-25 10:09:00+00:00
2026-09-25 10:10:21+00:00,VALID,477618.0,88,0,2026-09-25 10:10:00+00:00
2026-09-25 10:11:21+00:00,FF64,,120,64,2026-09-25 10:11:00+00:00
2026-09-25 10:12:21+00:00,VALID,477738.0,88,0,2026-09-25 10:12:00+00:00
2026-09-25 10:13:21+00:00,FF64,,120,64,2026-09-25 10:13:00+00:00
2026-09-25 10:14:21+00:00,VALID,477858.0,88,0,2026-09-25 10:14:00+00:00
2026-09-25 10:15:21+00:00,FF64,,120,64,2026-09-25 10:15:00+00:00
2026-09-25 10:16:21+00:00,VALID,477978.0,88,0,2026-09-25 10:16:00+00:00
2026-09-25 10:17:21+00:00,FF64,,120,64,2026-09-25 10:17:00+00:00
2026-09-25 10:18:21+00:00,VALID,478098.0,88,0,2026-09-25 10:18:00+00:00
2026-09-25 10:19:21+00:00,FF64,,120,64,2026-09-25 10:19:00+00:00
2026-09-25 10:20:21+00:00,VALID,478218.0,88,0,2026-09-25 10:20:00+00:00
2026-09-25 10:21:21+00:00,FF64,,120,64,2026-09-25 10:21:00+00:00
2026-09-25 10:22:21+00:00,VALID,478338.0,88,0,2026-09-25 10:22:00+00:00
2026-09-25 10:23:21+00:00,FF64,,120,64,2026-09-25 10:23:00+00:00
2026-09-25 10:24:21+00:00,VALID,478458.0,88,0,2026-09-25 10:24:00+00:00
2026-09-25 10:25:21+00:00,FF64,,120,64,2026-09-25 10:25:00+00:00
2026-09-25 10:26:21+00:00,VALID,478578.0,88,0,2026-09-25 10:26:00+00:00
2026-09-25 10:27:21+00:00,FF64,,120,64,2026-09-25 10:27:00+00:00
2026-09-25 10:28:21+00:00,VALID,478698.0,88,0,2026-09-25 10:28:00+00:00
2026-09-25 10:29:21+00:00,VALID,478758.0,88,0,2026-09-25 10:29:00+00:00
2026-09-25 10:30:21+00:00,VALID,478818.0,88,0,2026-09-25 10:30:00+00:00
2026-09-25 10:31:21+00:00,FF64,,120,64,2026-09-25 10:31:00+00:00
2026-09-25 10:32:21+00:00,VALID,478938.0,88,0,2026-09-25 10:32:00+00:00
2026-09-25 10:33:21+00:00,VALID,478998.0,88,0,2026-09-25 10:33:00+00:00
2026-09-25 10:34:21+00:00,VALID,479058.0,88,0,2026-09-25 10:34:00+00:00
2026-09-25 10:35:21+00:00,VALID,479118.0,88,0,2026-09-25 10:35:00+00:00
2026-09-25 10:36:21+00:00,VALID,479178.0,88,0,2026-09-25 10:36:00+00:00
2026-09-25 10:37:21+00:00,FF64,,120,64,2026-09-25 10:37:00+00:00
2026-09-25 10:38:21+00:00,VALID,479298.0,88,0,2026-09-25 10:38:00+00:00
2026-09-25 10:39:21+00:00,FF64,,120,64,2026-09-25 10:39:00+00:00
2026-09-25 10:40:21+00:00,VALID,479418.0,88,0,2026-09-25 10:40:00+00:00
2026-09-25 10:41:21+00:00,FF64,,120,64,2026-09-25 10:41:00+00:00
2026-09-25 10:42:21+00:00,VALID,479538.0,88,0,2026-09-25 10:42:00+00:00
2026-09-25 10:43:21+00:00,FF64,,120,64,2026-09-25 10:43:00+00:00
2026-09-25 10:44:21+00:00,VALID,479658.0,88,0,2026-09-25 10:44:00+00:00
2026-09-25 10:45:21+00:00,VALID,479718.0,88,0,2026-09-25 10:45:00+00:00
2026-09-25 10:46:21+00:00,VALID,479778.0,88,0,2026-09-25 10:46:00+00:00
2026-09-25 10:47:21+00:00,FF64,,120,64,2026-09-25 10:47:00+00:00
2026-09-25 10:48:21+00:00,VALID,479898.0,88,0,2026-09-25 10:48:00+00:00
2026-09-25 10:49:21+00:00,FF64,,120,64,2026-09-25 10:49:00+00:00
2026-09-25 10:50:21+00:00,VALID,480018.0,88,0,2026-09-25 10:50:00+00:00
2026-09-25 10:51:21+00:00,FF64,,120,64,2026-09-25 10:51:00+00:00
2026-09-25 10:52:21+00:00,VALID,480138.0,88,0,2026-09-25 10:52:00+00:00
2026-09-25 10:53:21+00:00,FF64,,120,64,2026-09-25 10:53:00+00:00
2026-09-25 10:54:21+00:00,VALID,480258.0,88,0,2026-09-25 10:54:00+00:00
2026-09-25 10:55:21+00:00,FF64,,120,64,2026-09-25 10:55:00+00:00
2026-09-25 10:56:21+00:00,VALID,480378.0,88,0,2026-09-25 10:56:00+00:00
2026-09-25 10:57:21+00:00,FF64,,120,64,2026-09-25 10:57:00+00:00
2026-09-25 10:58:21+00:00,VALID,480498.0,88,0,2026-09-25 10:58:00+00:00
2026-09-25 10:59:21+00:00,VALID,480558.0,88,0,2026-09-25 10:59:00+00:00
2026-09-25 11:00:21+00:00,VALID,480618.0,88,0,2026-09-25 11:00:00+00:00
2026-09-25 11:01:21+00:00,VALID,480678.0,88,0,2026-09-25 11:01:00+00:00
2026-09-25 11:02:21+00:00,VALID,480738.0,88,0,2026-09-25 11:02:00+00:00
2026-09-25 11:03:21+00:00,VALID,480798.0,88,0,2026-09-25 11:03:00+00:00
2026-09-25 11:04:21+00:00,VALID,480858.0,88,0,2026-09-25 11:04:00+00:00
2026-09-25 11:05:21+00:00,FF64,,120,64,2026-09-25 11:05:00+00:00
2026-09-25 11:06:21+00:00,VALID,480978.0,88,0,2026-09-25 11:06:00+00:00
2026-09-25 11:07:21+00:00,FF64,,120,64,2026-09-25 11:07:00+00:00
2026-09-25 11:08:21+00:00,VALID,481098.0,88,0,2026-09-25 11:08:00+00:00
2026-09-25 11:09:21+00:00,FF64,,120,64,2026-09-25 11:09:00+00:00
2026-09-25 11:10:21+00:00,VALID,481218.0,88,0,2026-09-25 11:10:00+00:00
2026-09-25 11:11:21+00:00,FF64,,120,64,2026-09-25 11:11:00+00:00
2026-09-25 11:12:21+00:00,VALID,481338.0,88,0,2026-09-25 11:12:00+00:00
2026-09-25 11:13:21+00:00,FF64,,120,64,2026-09-25 11:13:00+00:00
2026-09-25 11:14:21+00:00,VALID,481458.0,88,0,2026-09-25 11:14:00+00:00
2026-09-25 11:15:21+00:00,FF64,,120,64,2026-09-25 11:15:00+00:00
2026-09-25 11:16:21+00:00,VALID,481578.0,88,0,2026-09-25 11:16:00+00:00
2026-09-25 11:17:21+00:00,FF64,,120,64,2026-09-25 11:17:00+00:00
2026-09-25 11:18:21+00:00,VALID,481698.0,88,0,2026-09-25 11:18:00+00:00
2026-09-25 11:19:21+00:00,VALID,481758.0,88,0,2026-09-25 11:19:00+00:00
2026-09-25 11:20:21+00:00,VALID,481818.0,88,0,2026-09-25 11:20:00+00:00
2026-09-25 11:21:21+00:00,FF64,,120,64,2026-09-25 11:21:00+00:00
2026-09-25 11:22:21+00:00,VALID,481938.0,88,0,2026-09-25 11:22:00+00:00
2026-09-25 11:23:21+00:00,FF64,,120,64,2026-09-25 11:23:00+00:00
2026-09-25 11:24:21+00:00,VALID,482058.0,88,0,2026-09-25 11:24:00+00:00
2026-09-25 11:25:21+00:00,VALID,482118.0,88,0,2026-09-25 11:25:00+00:00
2026-09-25 11:26:21+00:00,VALID,482178.0,88,0,2026-09-25 11:26:00+00:00
2026-09-25 11:27:22+00:00,FF64,,121,64,2026-09-25 11:27:00+00:00
2026-09-25 11:28:22+00:00,VALID,482298.0,89,0,2026-09-25 11:28:00+00:00
2026-09-25 11:29:22+00:00,FF64,,121,64,2026-09-25 11:29:00+00:00
2026-09-25 11:30:22+00:00,VALID,482418.0,89,0,2026-09-25 11:30:00+00:00
2026-09-25 11:31:22+00:00,FF64,,121,64,2026-09-25 11:31:00+00:00
2026-09-25 11:32:22+00:00,VALID,482538.0,89,0,2026-09-25 11:32:00+00:00
2026-09-25 11:33:22+00:00,VALID,482598.0,89,0,2026-09-25 11:33:00+00:00
2026-09-25 11:34:22+00:00,VALID,482658.0,89,0,2026-09-25 11:34:00+00:00
2026-09-25 11:35:22+00:00,VALID,482718.0,89,0,2026-09-25 11:35:00+00:00
2026-09-25 11:36:22+00:00,VALID,482778.0,89,0,2026-09-25 11:36:00+00:00
2026-09-25 11:37:22+00:00,FF64,,121,64,2026-09-25 11:37:00+00:00
2026-09-25 11:38:22+00:00,VALID,482898.0,89,0,2026-09-25 11:38:00+00:00
2026-09-25 11:39:22+00:00,VALID,482958.0,89,0,2026-09-25 11:39:00+00:00
2026-09-25 11:40:22+00:00,VALID,483018.0,89,0,2026-09-25 11:40:00+00:00
2026-09-25 11:41:22+00:00,FF64,,121,64,2026-09-25 11:41:00+00:00
2026-09-25 11:42:22+00:00,VALID,483138.0,89,0,2026-09-25 11:42:00+00:00
2026-09-25 11:43:22+00:00,FF64,,121,64,2026-09-25 11:43:00+00:00
2026-09-25 11:44:22+00:00,VALID,483258.0,89,0,2026-09-25 11:44:00+00:00
2026-09-25 11:45:22+00:00,VALID,483318.0,89,0,2026-09-25 11:45:00+00:00
2026-09-25 11:46:22+00:00,VALID,483378.0,89,0,2026-09-25 11:46:00+00:00
2026-09-25 11:47:22+00:00,FF64,,121,64,2026-09-25 11:47:00+00:00
2026-09-25 11:48:22+00:00,VALID,483498.0,89,0,2026-09-25 11:48:00+00:00
2026-09-25 11:49:22+00:00,VALID,483558.0,89,0,2026-09-25 11:49:00+00:00
2026-09-25 11:50:22+00:00,VALID,483618.0,89,0,2026-09-25 11:50:00+00:00
2026-09-25 11:51:22+00:00,FF64,,121,64,2026-09-25 11:51:00+00:00
2026-09-25 11:52:22+00:00,VALID,483738.0,89,0,2026-09-25 11:52:00+00:00
2026-09-25 11:53:22+00:00,FF64,,121,64,2026-09-25 11:53:00+00:00
2026-09-25 11:54:22+00:00,VALID,483858.0,89,0,2026-09-25 11:54:00+00:00
2026-09-25 11:55:22+00:00,VALID,483918.0,89,0,2026-09-25 11:55:00+00:00
2026-09-25 11:56:22+00:00,VALID,483978.0,89,0,2026-09-25 11:56:00+00:00
2026-09-25 11:57:22+00:00,FF64,,121,64,2026-09-25 11:57:00+00:00
2026-09-25 11:58:22+00:00,VALID,484098.0,89,0,2026-09-25 11:58:00+00:00
2026-09-25 11:59:22+00:00,FF64,,121,64,2026-09-25 11:59:00+00:00
2026-09-25 12:00:22+00:00,VALID,484218.0,89,0,2026-09-25 12:00:00+00:00
2026-09-25 12:01:22+00:00,FF64,,121,64,2026-09-25 12:01:00+00:00
2026-09-25 12:02:22+00:00,VALID,484338.0,89,0,2026-09-25 12:02:00+00:00
2026-09-25 12:03:22+00:00,VALID,484398.0,89,0,2026-09-25 12:03:00+00:00
2026-09-25 12:04:22+00:00,VALID,484458.0,89,0,2026-09-25 12:04:00+00:00
2026-09-25 12:05:22+00:00,FF64,,121,64,2026-09-25 12:05:00+00:00
2026-09-25 12:06:22+00:00,VALID,484578.0,89,0,2026-09-25 12:06:00+00:00
2026-09-25 12:07:22+00:00,FF64,,121,64,2026-09-25 12:07:00+00:00
2026-09-25 12:08:22+00:00,VALID,484698.0,89,0,2026-09-25 12:08:00+00:00
2026-09-25 12:09:22+00:00,FF64,,121,64,2026-09-25 12:09:00+00:00
2026-09-25 12:10:22+00:00,VALID,484818.0,89,0,2026-09-25 12:10:00+00:00
2026-09-25 12:11:22+00:00,FF64,,121,64,2026-09-25 12:11:00+00:00
2026-09-25 12:12:22+00:00,VALID,484938.0,89,0,2026-09-25 12:12:00+00:00
2026-09-25 12:13:22+00:00,FF64,,121,64,2026-09-25 12:13:00+00:00
2026-09-25 12:14:22+00:00,VALID,485058.0,89,0,2026-09-25 12:14:00+00:00
2026-09-25 12:15:22+00:00,FF64,,121,64,2026-09-25 12:15:00+00:00
2026-09-25 12:16:22+00:00,VALID,485178.0,89,0,2026-09-25 12:16:00+00:00
2026-09-25 12:17:22+00:00,FF64,,121,64,2026-09-25 12:17:00+00:00
2026-09-25 12:18:22+00:00,VALID,485298.0,89,0,2026-09-25 12:18:00+00:00
2026-09-25 12:19:22+00:00,FF64,,121,64,2026-09-25 12:19:00+00:00
2026-09-25 12:20:22+00:00,VALID,485418.0,89,0,2026-09-25 12:20:00+00:00
2026-09-25 12:21:22+00:00,FF64,,121,64,2026-09-25 12:21:00+00:00
2026-09-25 12:22:22+00:00,VALID,485538.0,89,0,2026-09-25 12:22:00+00:00
2026-09-25 12:23:22+00:00,VALID,485598.0,89,0,2026-09-25 12:23:00+00:00
2026-09-25 12:24:22+00:00,VALID,485658.0,86,0,2026-09-25 12:24:00+00:00
2026-09-25 12:25:22+00:00,FF64,,118,64,2026-09-25 12:25:00+00:00
2026-09-25 12:26:22+00:00,VALID,485778.0,86,0,2026-09-25 12:26:00+00:00
2026-09-25 12:27:22+00:00,FF64,,118,64,2026-09-25 12:27:00+00:00
2026-09-25 12:28:22+00:00,VALID,485898.0,86,0,2026-09-25 12:28:00+00:00
2026-09-25 12:29:22+00:00,FF64,,118,64,2026-09-25 12:29:00+00:00
2026-09-25 12:30:22+00:00,VALID,486018.0,86,0,2026-09-25 12:30:00+00:00
2026-09-25 12:31:22+00:00,VALID,486078.0,86,0,2026-09-25 12:31:00+00:00
2026-09-25 12:32:22+00:00,VALID,486138.0,86,0,2026-09-25 12:32:00+00:00
2026-09-25 12:33:22+00:00,VALID,486198.0,86,0,2026-09-25 12:33:00+00:00
2026-09-25 12:34:22+00:00,VALID,486258.0,86,0,2026-09-25 12:34:00+00:00
2026-09-25 12:35:22+00:00,FF64,,118,64,2026-09-25 12:35:00+00:00
2026-09-25 12:36:22+00:00,VALID,486378.0,86,0,2026-09-25 12:36:00+00:00
2026-09-25 12:37:22+00:00,FF64,,118,64,2026-09-25 12:37:00+00:00
2026-09-25 12:38:22+00:00,VALID,486498.0,86,0,2026-09-25 12:38:00+00:00
2026-09-25 12:39:22+00:00,VALID,486558.0,86,0,2026-09-25 12:39:00+00:00
2026-09-25 12:40:22+00:00,VALID,486618.0,86,0,2026-09-25 12:40:00+00:00
2026-09-25 12:41:22+00:00,FF64,,118,64,2026-09-25 12:41:00+00:00
2026-09-25 12:42:22+00:00,VALID,486738.0,86,0,2026-09-25 12:42:00+00:00
2026-09-25 12:43:22+00:00,VALID,486798.0,86,0,2026-09-25 12:43:00+00:00
2026-09-25 12:44:22+00:00,VALID,486858.0,86,0,2026-09-25 12:44:00+00:00
2026-09-25 12:45:22+00:00,FF64,,118,64,2026-09-25 12:45:00+00:00
2026-09-25 12:46:22+00:00,VALID,486978.0,86,0,2026-09-25 12:46:00+00:00
2026-09-25 12:47:22+00:00,FF64,,118,64,2026-09-25 12:47:00+00:00
2026-09-25 12:48:22+00:00,VALID,487098.0,86,0,2026-09-25 12:48:00+00:00
2026-09-25 12:49:22+00:00,FF64,,118,64,2026-09-25 12:49:00+00:00
2026-09-25 12:50:22+00:00,VALID,487218.0,86,0,2026-09-25 12:50:00+00:00
2026-09-25 12:51:22+00:00,VALID,487278.0,86,0,2026-09-25 12:51:00+00:00
2026-09-25 12:52:22+00:00,VALID,487338.0,86,0,2026-09-25 12:52:00+00:00
2026-09-25 12:53:22+00:00,FF64,,118,64,2026-09-25 12:53:00+00:00
2026-09-25 12:54:22+00:00,VALID,487458.0,86,0,2026-09-25 12:54:00+00:00
2026-09-25 12:55:22+00:00,FF64,,118,64,2026-09-25 12:55:00+00:00
2026-09-25 12:56:22+00:00,VALID,487578.0,86,0,2026-09-25 12:56:00+00:00
2026-09-25 12:57:22+00:00,FF64,,118,64,2026-09-25 12:57:00+00:00
2026-09-25 12:58:22+00:00,VALID,487698.0,86,0,2026-09-25 12:58:00+00:00
2026-09-25 12:59:22+00:00,FF64,,118,64,2026-09-25 12:59:00+00:00
2026-09-25 13:00:22+00:00,VALID,487818.0,86,0,2026-09-25 13:00:00+00:00
2026-09-25 13:01:22+00:00,FF64,,118,64,2026-09-25 13:01:00+00:00
2026-09-25 13:02:22+00:00,VALID,487938.0,86,0,2026-09-25 13:02:00+00:00
2026-09-25 13:03:22+00:00,VALID,487998.0,86,0,2026-09-25 13:03:00+00:00
2026-09-25 13:04:22+00:00,VALID,488058.0,86,0,2026-09-25 13:04:00+00:00
2026-09-25 13:05:22+00:00,FF64,,118,64,2026-09-25 13:05:00+00:00
2026-09-25 13:06:22+00:00,VALID,488178.0,86,0,2026-09-25 13:06:00+00:00
2026-09-25 13:07:22+00:00,FF64,,118,64,2026-09-25 13:07:00+00:00
2026-09-25 13:08:22+00:00,VALID,488298.0,86,0,2026-09-25 13:08:00+00:00
2026-09-25 13:09:22+00:00,FF64,,118,64,2026-09-25 13:09:00+00:00
2026-09-25 13:10:22+00:00,VALID,488418.0,86,0,2026-09-25 13:10:00+00:00
2026-09-25 13:11:22+00:00,FF64,,118,64,2026-09-25 13:11:00+00:00
2026-09-25 13:12:22+00:00,VALID,488538.0,86,0,2026-09-25 13:12:00+00:00
2026-09-25 13:13:22+00:00,VALID,488598.0,86,0,2026-09-25 13:13:00+00:00
2026-09-25 13:14:22+00:00,VALID,488658.0,86,0,2026-09-25 13:14:00+00:00
2026-09-25 13:15:22+00:00,FF64,,118,64,2026-09-25 13:15:00+00:00
2026-09-25 13:16:22+00:00,VALID,488778.0,86,0,2026-09-25 13:16:00+00:00
2026-09-25 13:17:22+00:00,FF64,,118,64,2026-09-25 13:17:00+00:00
2026-09-25 13:18:22+00:00,VALID,488898.0,86,0,2026-09-25 13:18:00+00:00
2026-09-25 13:19:22+00:00,VALID,488958.0,86,0,2026-09-25 13:19:00+00:00
2026-09-25 13:20:22+00:00,VALID,489018.0,86,0,2026-09-25 13:20:00+00:00
2026-09-25 13:21:22+00:00,FF64,,118,64,2026-09-25 13:21:00+00:00
2026-09-25 13:22:22+00:00,VALID,489138.0,86,0,2026-09-25 13:22:00+00:00
2026-09-25 13:23:22+00:00,FF64,,118,64,2026-09-25 13:23:00+00:00
2026-09-25 13:24:22+00:00,VALID,489258.0,86,0,2026-09-25 13:24:00+00:00
2026-09-25 13:25:22+00:00,FF64,,118,64,2026-09-25 13:25:00+00:00
2026-09-25 13:26:22+00:00,VALID,489378.0,86,0,2026-09-25 13:26:00+00:00
2026-09-25 13:27:22+00:00,VALID,489438.0,86,0,2026-09-25 13:27:00+00:00
2026-09-25 13:28:22+00:00,VALID,489498.0,86,0,2026-09-25 13:28:00+00:00
2026-09-25 13:29:22+00:00,FF64,,118,64,2026-09-25 13:29:00+00:00
2026-09-25 13:30:22+00:00,VALID,489618.0,86,0,2026-09-25 13:30:00+00:00
2026-09-25 13:31:22+00:00,FF64,,118,64,2026-09-25 13:31:00+00:00
2026-09-25 13:32:22+00:00,VALID,489738.0,86,0,2026-09-25 13:32:00+00:00
2026-09-25 13:33:22+00:00,VALID,489798.0,86,0,2026-09-25 13:33:00+00:00
2026-09-25 13:34:22+00:00,VALID,489858.0,89,0,2026-09-25 13:34:00+00:00
2026-09-25 13:35:22+00:00,FF64,,121,64,2026-09-25 13:35:00+00:00
2026-09-25 13:36:22+00:00,VALID,489978.0,89,0,2026-09-25 13:36:00+00:00
2026-09-25 13:37:22+00:00,VALID,490038.0,89,0,2026-09-25 13:37:00+00:00
2026-09-25 13:38:22+00:00,VALID,490098.0,89,0,2026-09-25 13:38:00+00:00
2026-09-25 13:39:22+00:00,FF64,,121,64,2026-09-25 13:39:00+00:00
2026-09-25 13:40:22+00:00,VALID,490218.0,89,0,2026-09-25 13:40:00+00:00
2026-09-25 13:41:22+00:00,FF64,,121,64,2026-09-25 13:41:00+00:00
2026-09-25 13:42:22+00:00,VALID,490338.0,89,0,2026-09-25 13:42:00+00:00
2026-09-25 13:43:22+00:00,FF64,,121,64,2026-09-25 13:43:00+00:00
2026-09-25 13:44:22+00:00,VALID,490458.0,89,0,2026-09-25 13:44:00+00:00
2026-09-25 13:45:22+00:00,FF64,,121,64,2026-09-25 13:45:00+00:00
2026-09-25 13:46:22+00:00,VALID,490578.0,89,0,2026-09-25 13:46:00+00:00
2026-09-25 13:47:22+00:00,FF64,,121,64,2026-09-25 13:47:00+00:00
2026-09-25 13:48:22+00:00,VALID,490698.0,89,0,2026-09-25 13:48:00+00:00
2026-09-25 13:49:22+00:00,FF64,,121,64,2026-09-25 13:49:00+00:00
2026-09-25 13:50:22+00:00,VALID,490818.0,89,0,2026-09-25 13:50:00+00:00
2026-09-25 13:51:22+00:00,FF64,,121,64,2026-09-25 13:51:00+00:00
2026-09-25 13:52:22+00:00,VALID,490938.0,89,0,2026-09-25 13:52:00+00:00
2026-09-25 13:53:22+00:00,VALID,490998.0,89,0,2026-09-25 13:53:00+00:00
2026-09-25 13:54:22+00:00,VALID,491058.0,89,0,2026-09-25 13:54:00+00:00
2026-09-25 13:55:22+00:00,FF64,,121,64,2026-09-25 13:55:00+00:00
2026-09-25 13:56:22+00:00,VALID,491178.0,89,0,2026-09-25 13:56:00+00:00
2026-09-25 13:57:22+00:00,VALID,491238.0,89,0,2026-09-25 13:57:00+00:00
2026-09-25 13:58:22+00:00,VALID,491298.0,89,0,2026-09-25 13:58:00+00:00
2026-09-25 13:59:22+00:00,FF64,,121,64,2026-09-25 13:59:00+00:00
2026-09-25 14:00:22+00:00,VALID,491418.0,89,0,2026-09-25 14:00:00+00:00
2026-09-25 14:01:22+00:00,FF64,,121,64,2026-09-25 14:01:00+00:00
2026-09-25 14:02:22+00:00,VALID,491538.0,89,0,2026-09-25 14:02:00+00:00
2026-09-25 14:03:22+00:00,FF64,,121,64,2026-09-25 14:03:00+00:00
2026-09-25 14:04:22+00:00,VALID,491658.0,89,0,2026-09-25 14:04:00+00:00
2026-09-25 14:05:22+00:00,VALID,491718.0,89,0,2026-09-25 14:05:00+00:00
2026-09-25 14:06:22+00:00,VALID,491778.0,89,0,2026-09-25 14:06:00+00:00
2026-09-25 14:07:22+00:00,FF64,,121,64,2026-09-25 14:07:00+00:00
2026-09-25 14:08:22+00:00,VALID,491898.0,89,0,2026-09-25 14:08:00+00:00
2026-09-25 14:09:22+00:00,VALID,491958.0,89,0,2026-09-25 14:09:00+00:00
2026-09-25 14:10:22+00:00,VALID,492018.0,89,0,2026-09-25 14:10:00+00:00
2026-09-25 14:11:22+00:00,FF64,,121,64,2026-09-25 14:11:00+00:00
2026-09-25 14:12:22+00:00,VALID,492138.0,89,0,2026-09-25 14:12:00+00:00
2026-09-25 14:13:22+00:00,VALID,492198.0,89,0,2026-09-25 14:13:00+00:00
2026-09-25 14:14:22+00:00,VALID,492258.0,89,0,2026-09-25 14:14:00+00:00
2026-09-25 14:15:22+00:00,FF64,,121,64,2026-09-25 14:15:00+00:00
2026-09-25 14:16:22+00:00,VALID,492378.0,89,0,2026-09-25 14:16:00+00:00
2026-09-25 14:17:22+00:00,FF64,,121,64,2026-09-25 14:17:00+00:00
2026-09-25 14:18:22+00:00,VALID,492498.0,89,0,2026-09-25 14:18:00+00:00
2026-09-25 14:19:22+00:00,FF64,,121,64,2026-09-25 14:19:00+00:00
2026-09-25 14:20:22+00:00,VALID,492618.0,89,0,2026-09-25 14:20:00+00:00
2026-09-25 14:21:22+00:00,VALID,492678.0,89,0,2026-09-25 14:21:00+00:00
2026-09-25 14:22:22+00:00,VALID,492738.0,89,0,2026-09-25 14:22:00+00:00
2026-09-25 14:23:22+00:00,FF64,,121,64,2026-09-25 14:23:00+00:00
2026-09-25 14:24:22+00:00,VALID,492858.0,89,0,2026-09-25 14:24:00+00:00
2026-09-25 14:25:22+00:00,FF64,,121,64,2026-09-25 14:25:00+00:00
2026-09-25 14:26:22+00:00,VALID,492978.0,89,0,2026-09-25 14:26:00+00:00
2026-09-25 14:27:22+00:00,VALID,493038.0,89,0,2026-09-25 14:27:00+00:00
2026-09-25 14:28:22+00:00,VALID,493098.0,89,0,2026-09-25 14:28:00+00:00
2026-09-25 14:29:22+00:00,FF64,,121,64,2026-09-25 14:29:00+00:00
2026-09-25 14:30:22+00:00,VALID,493218.0,89,0,2026-09-25 14:30:00+00:00
2026-09-25 14:31:22+00:00,FF64,,121,64,2026-09-25 14:31:00+00:00
2026-09-25 14:32:22+00:00,VALID,493338.0,89,0,2026-09-25 14:32:00+00:00
2026-09-25 14:33:22+00:00,FF64,,121,64,2026-09-25 14:33:00+00:00
2026-09-25 14:34:22+00:00,VALID,493458.0,89,0,2026-09-25 14:34:00+00:00
2026-09-25 14:35:22+00:00,FF64,,121,64,2026-09-25 14:35:00+00:00
2026-09-25 14:36:22+00:00,VALID,493578.0,89,0,2026-09-25 14:36:00+00:00
2026-09-25 14:37:22+00:00,FF64,,121,64,2026-09-25 14:37:00+00:00
2026-09-25 14:38:22+00:00,VALID,493698.0,89,0,2026-09-25 14:38:00+00:00
2026-09-25 14:39:22+00:00,FF64,,121,64,2026-09-25 14:39:00+00:00
2026-09-25 14:40:22+00:00,VALID,493818.0,89,0,2026-09-25 14:40:00+00:00
2026-09-25 14:41:22+00:00,FF64,,121,64,2026-09-25 14:41:00+00:00
2026-09-25 14:42:22+00:00,VALID,493938.0,89,0,2026-09-25 14:42:00+00:00
2026-09-25 14:43:22+00:00,FF64,,121,64,2026-09-25 14:43:00+00:00
2026-09-25 14:44:22+00:00,VALID,494058.0,89,0,2026-09-25 14:44:00+00:00
2026-09-25 14:45:22+00:00,FF64,,121,64,2026-09-25 14:45:00+00:00
2026-09-25 14:46:22+00:00,VALID,494178.0,89,0,2026-09-25 14:46:00+00:00
2026-09-25 14:47:22+00:00,FF64,,121,64,2026-09-25 14:47:00+00:00
2026-09-25 14:48:22+00:00,VALID,494298.0,89,0,2026-09-25 14:48:00+00:00
2026-09-25 14:49:22+00:00,FF64,,121,64,2026-09-25 14:49:00+00:00
2026-09-25 14:50:22+00:00,VALID,494418.0,89,0,2026-09-25 14:50:00+00:00
2026-09-25 14:51:22+00:00,FF64,,121,64,2026-09-25 14:51:00+00:00
2026-09-25 14:52:22+00:00,VALID,494538.0,89,0,2026-09-25 14:52:00+00:00
2026-09-25 14:53:22+00:00,FF64,,121,64,2026-09-25 14:53:00+00:00
2026-09-25 14:54:22+00:00,VALID,494658.0,89,0,2026-09-25 14:54:00+00:00
2026-09-25 14:55:22+00:00,FF64,,121,64,2026-09-25 14:55:00+00:00
2026-09-25 14:56:22+00:00,VALID,494778.0,89,0,2026-09-25 14:56:00+00:00
2026-09-25 14:57:22+00:00,FF64,,121,64,2026-09-25 14:57:00+00:00
2026-09-25 14:58:22+00:00,VALID,494898.0,89,0,2026-09-25 14:58:00+00:00
2026-09-25 14:59:22+00:00,FF64,,121,64,2026-09-25 14:59:00+00:00
2026-09-25 15:00:22+00:00,VALID,495018.0,89,0,2026-09-25 15:00:00+00:00
2026-09-25 15:01:22+00:00,VALID,495078.0,89,0,2026-09-25 15:01:00+00:00
2026-09-25 15:02:22+00:00,VALID,495138.0,89,0,2026-09-25 15:02:00+00:00
2026-09-25 15:03:22+00:00,FF64,,121,64,2026-09-25 15:03:00+00:00
2026-09-25 15:04:22+00:00,VALID,495258.0,89,0,2026-09-25 15:04:00+00:00
2026-09-25 15:05:22+00:00,FF64,,121,64,2026-09-25 15:05:00+00:00
2026-09-25 15:06:22+00:00,VALID,495378.0,89,0,2026-09-25 15:06:00+00:00
2026-09-25 15:07:22+00:00,FF64,,121,64,2026-09-25 15:07:00+00:00
2026-09-25 15:08:22+00:00,VALID,495498.0,89,0,2026-09-25 15:08:00+00:00
2026-09-25 15:09:22+00:00,FF64,,121,64,2026-09-25 15:09:00+00:00
2026-09-25 15:10:22+00:00,VALID,495618.0,89,0,2026-09-25 15:10:00+00:00
2026-09-25 15:11:22+00:00,FF64,,121,64,2026-09-25 15:11:00+00:00
2026-09-25 15:12:22+00:00,VALID,495738.0,89,0,2026-09-25 15:12:00+00:00
2026-09-25 15:13:22+00:00,FF64,,121,64,2026-09-25 15:13:00+00:00
2026-09-25 15:14:22+00:00,VALID,495858.0,89,0,2026-09-25 15:14:00+00:00
2026-09-25 15:15:22+00:00,VALID,495918.0,89,0,2026-09-25 15:15:00+00:00
2026-09-25 15:16:22+00:00,VALID,495978.0,89,0,2026-09-25 15:16:00+00:00
2026-09-25 15:17:22+00:00,FF64,,121,64,2026-09-25 15:17:00+00:00
2026-09-25 15:18:22+00:00,VALID,496098.0,89,0,2026-09-25 15:18:00+00:00
2026-09-25 15:19:22+00:00,FF64,,121,64,2026-09-25 15:19:00+00:00
2026-09-25 15:20:22+00:00,VALID,496218.0,89,0,2026-09-25 15:20:00+00:00
2026-09-25 15:21:22+00:00,FF64,,121,64,2026-09-25 15:21:00+00:00
2026-09-25 15:22:22+00:00,VALID,496338.0,89,0,2026-09-25 15:22:00+00:00
2026-09-25 15:23:22+00:00,FF64,,121,64,2026-09-25 15:23:00+00:00
2026-09-25 15:24:22+00:00,VALID,496458.0,89,0,2026-09-25 15:24:00+00:00
2026-09-25 15:25:22+00:00,VALID,496518.0,89,0,2026-09-25 15:25:00+00:00
2026-09-25 15:26:22+00:00,VALID,496578.0,89,0,2026-09-25 15:26:00+00:00
2026-09-25 15:27:22+00:00,VALID,496638.0,89,0,2026-09-25 15:27:00+00:00
2026-09-25 15:28:22+00:00,VALID,496698.0,89,0,2026-09-25 15:28:00+00:00
2026-09-25 15:29:22+00:00,FF64,,121,64,2026-09-25 15:29:00+00:00
2026-09-25 15:30:22+00:00,VALID,496818.0,89,0,2026-09-25 15:30:00+00:00
2026-09-25 15:31:22+00:00,VALID,496878.0,89,0,2026-09-25 15:31:00+00:00
2026-09-25 15:32:22+00:00,VALID,496938.0,89,0,2026-09-25 15:32:00+00:00
2026-09-25 15:33:22+00:00,VALID,496998.0,89,0,2026-09-25 15:33:00+00:00
2026-09-25 15:34:22+00:00,VALID,497058.0,89,0,2026-09-25 15:34:00+00:00
2026-09-25 15:35:22+00:00,FF64,,121,64,2026-09-25 15:35:00+00:00
2026-09-25 15:36:22+00:00,VALID,497178.0,89,0,2026-09-25 15:36:00+00:00
2026-09-25 15:37:22+00:00,VALID,497239.0,89,0,2026-09-25 15:37:00+00:00
2026-09-25 15:38:22+00:00,VALID,497299.0,89,0,2026-09-25 15:38:00+00:00
2026-09-25 15:39:22+00:00,VALID,497359.0,89,0,2026-09-25 15:39:00+00:00
2026-09-25 15:40:22+00:00,VALID,497419.0,89,0,2026-09-25 15:40:00+00:00
2026-09-25 15:41:22+00:00,FF64,,121,64,2026-09-25 15:41:00+00:00
2026-09-25 15:42:22+00:00,VALID,497539.0,89,0,2026-09-25 15:42:00+00:00
2026-09-25 15:43:22+00:00,VALID,497599.0,89,0,2026-09-25 15:43:00+00:00
2026-09-25 15:44:22+00:00,VALID,497659.0,89,0,2026-09-25 15:44:00+00:00
2026-09-25 15:45:22+00:00,VALID,497719.0,89,0,2026-09-25 15:45:00+00:00
2026-09-25 15:46:22+00:00,VALID,497779.0,89,0,2026-09-25 15:46:00+00:00
2026-09-25 15:47:22+00:00,FF64,,121,64,2026-09-25 15:47:00+00:00
2026-09-25 15:48:22+00:00,VALID,497899.0,89,0,2026-09-25 15:48:00+00:00
2026-09-25 15:49:22+00:00,VALID,497959.0,89,0,2026-09-25 15:49:00+00:00
2026-09-25 15:50:22+00:00,VALID,498019.0,89,0,2026-09-25 15:50:00+00:00
2026-09-25 15:51:22+00:00,FF64,,121,64,2026-09-25 15:51:00+00:00
2026-09-25 15:52:22+00:00,VALID,498139.0,89,0,2026-09-25 15:52:00+00:00
2026-09-25 15:53:22+00:00,FF64,,121,64,2026-09-25 15:53:00+00:00
2026-09-25 15:54:22+00:00,VALID,498259.0,89,0,2026-09-25 15:54:00+00:00
2026-09-25 15:55:22+00:00,VALID,498319.0,89,0,2026-09-25 15:55:00+00:00
2026-09-25 15:56:22+00:00,VALID,498379.0,89,0,2026-09-25 15:56:00+00:00
2026-09-25 15:57:22+00:00,VALID,498439.0,89,0,2026-09-25 15:57:00+00:00
2026-09-25 15:58:22+00:00,VALID,498499.0,89,0,2026-09-25 15:58:00+00:00
2026-09-25 15:59:22+00:00,FF64,,121,64,2026-09-25 15:59:00+00:00
2026-09-25 16:00:22+00:00,VALID,498619.0,89,0,2026-09-25 16:00:00+00:00
2026-09-25 16:01:22+00:00,VALID,498679.0,89,0,2026-09-25 16:01:00+00:00
2026-09-25 16:02:22+00:00,VALID,498739.0,89,0,2026-09-25 16:02:00+00:00
2026-09-25 16:03:22+00:00,FF64,,121,64,2026-09-25 16:03:00+00:00
2026-09-25 16:04:22+00:00,VALID,498859.0,89,0,2026-09-25 16:04:00+00:00
2026-09-25 16:05:22+00:00,FF64,,121,64,2026-09-25 16:05:00+00:00
2026-09-25 16:06:22+00:00,VALID,498979.0,89,0,2026-09-25 16:06:00+00:00
2026-09-25 16:07:22+00:00,VALID,499039.0,89,0,2026-09-25 16:07:00+00:00
2026-09-25 16:08:22+00:00,VALID,499099.0,89,0,2026-09-25 16:08:00+00:00
2026-09-25 16:09:22+00:00,FF64,,121,64,2026-09-25 16:09:00+00:00
2026-09-25 16:10:22+00:00,VALID,499219.0,89,0,2026-09-25 16:10:00+00:00
2026-09-25 16:11:22+00:00,FF64,,121,64,2026-09-25 16:11:00+00:00
2026-09-25 16:12:22+00:00,VALID,499339.0,89,0,2026-09-25 16:12:00+00:00
2026-09-25 16:13:22+00:00,VALID,499399.0,89,0,2026-09-25 16:13:00+00:00
2026-09-25 16:14:22+00:00,VALID,499459.0,89,0,2026-09-25 16:14:00+00:00
2026-09-25 16:15:22+00:00,VALID,499519.0,89,0,2026-09-25 16:15:00+00:00
2026-09-25 16:16:22+00:00,VALID,499579.0,89,0,2026-09-25 16:16:00+00:00
2026-09-25 16:17:22+00:00,VALID,499639.0,89,0,2026-09-25 16:17:00+00:00
2026-09-25 16:18:22+00:00,VALID,499699.0,89,0,2026-09-25 16:18:00+00:00
2026-09-25 16:19:22+00:00,FF64,,121,64,2026-09-25 16:19:00+00:00
2026-09-25 16:20:22+00:00,VALID,499819.0,89,0,2026-09-25 16:20:00+00:00
2026-09-25 16:21:22+00:00,FF64,,121,64,2026-09-25 16:21:00+00:00
2026-09-25 16:22:22+00:00,VALID,499939.0,89,0,2026-09-25 16:22:00+00:00
2026-09-25 16:23:22+00:00,FF64,,121,64,2026-09-25 16:23:00+00:00
2026-09-25 16:24:22+00:00,VALID,500059.0,89,0,2026-09-25 16:24:00+00:00
2026-09-25 16:25:22+00:00,FF64,,121,64,2026-09-25 16:25:00+00:00
2026-09-25 16:26:22+00:00,VALID,500179.0,89,0,2026-09-25 16:26:00+00:00
2026-09-25 16:27:22+00:00,VALID,500239.0,89,0,2026-09-25 16:27:00+00:00
2026-09-25 16:28:22+00:00,VALID,500299.0,89,0,2026-09-25 16:28:00+00:00
2026-09-25 16:29:22+00:00,FF64,,121,64,2026-09-25 16:29:00+00:00
2026-09-25 16:30:22+00:00,VALID,500419.0,89,0,2026-09-25 16:30:00+00:00
2026-09-25 16:31:22+00:00,FF64,,121,64,2026-09-25 16:31:00+00:00
2026-09-25 16:32:22+00:00,VALID,500539.0,89,0,2026-09-25 16:32:00+00:00
2026-09-25 16:33:22+00:00,FF64,,121,64,2026-09-25 16:33:00+00:00
2026-09-25 16:34:22+00:00,VALID,500659.0,89,0,2026-09-25 16:34:00+00:00
2026-09-25 16:35:22+00:00,FF64,,121,64,2026-09-25 16:35:00+00:00
2026-09-25 16:36:22+00:00,VALID,500779.0,89,0,2026-09-25 16:36:00+00:00
2026-09-25 16:37:22+00:00,FF64,,121,64,2026-09-25 16:37:00+00:00
2026-09-25 16:38:22+00:00,VALID,500899.0,89,0,2026-09-25 16:38:00+00:00
2026-09-25 16:39:22+00:00,VALID,500959.0,89,0,2026-09-25 16:39:00+00:00
2026-09-25 16:40:22+00:00,VALID,501019.0,89,0,2026-09-25 16:40:00+00:00
2026-09-25 16:41:22+00:00,VALID,501079.0,89,0,2026-09-25 16:41:00+00:00
2026-09-25 16:42:22+00:00,VALID,501139.0,89,0,2026-09-25 16:42:00+00:00
2026-09-25 16:43:22+00:00,FF64,,121,64,2026-09-25 16:43:00+00:00
2026-09-25 16:44:22+00:00,VALID,501259.0,89,0,2026-09-25 16:44:00+00:00
2026-09-25 16:45:22+00:00,FF64,,121,64,2026-09-25 16:45:00+00:00
2026-09-25 16:46:22+00:00,VALID,501379.0,89,0,2026-09-25 16:46:00+00:00
2026-09-25 16:47:22+00:00,VALID,501439.0,89,0,2026-09-25 16:47:00+00:00
2026-09-25 16:48:22+00:00,VALID,501499.0,89,0,2026-09-25 16:48:00+00:00
2026-09-25 16:49:22+00:00,FF64,,121,64,2026-09-25 16:49:00+00:00
2026-09-25 16:50:22+00:00,VALID,501619.0,89,0,2026-09-25 16:50:00+00:00
2026-09-25 16:51:22+00:00,FF64,,121,64,2026-09-25 16:51:00+00:00
2026-09-25 16:52:22+00:00,VALID,501739.0,89,0,2026-09-25 16:52:00+00:00
2026-09-25 16:53:22+00:00,VALID,501799.0,89,0,2026-09-25 16:53:00+00:00
2026-09-25 16:54:22+00:00,VALID,501859.0,89,0,2026-09-25 16:54:00+00:00
2026-09-25 16:55:22+00:00,FF64,,121,64,2026-09-25 16:55:00+00:00
2026-09-25 16:56:22+00:00,VALID,501979.0,89,0,2026-09-25 16:56:00+00:00
2026-09-25 16:57:22+00:00,FF64,,121,64,2026-09-25 16:57:00+00:00
2026-09-25 16:58:22+00:00,VALID,502099.0,89,0,2026-09-25 16:58:00+00:00
2026-09-25 16:59:22+00:00,FF64,,121,64,2026-09-25 16:59:00+00:00
2026-09-25 17:00:22+00:00,VALID,502219.0,89,0,2026-09-25 17:00:00+00:00
2026-09-25 17:01:22+00:00,FF64,,121,64,2026-09-25 17:01:00+00:00
2026-09-25 17:02:22+00:00,VALID,502339.0,89,0,2026-09-25 17:02:00+00:00
2026-09-25 17:03:22+00:00,FF64,,121,64,2026-09-25 17:03:00+00:00
2026-09-25 17:04:22+00:00,VALID,502459.0,89,0,2026-09-25 17:04:00+00:00
2026-09-25 17:05:22+00:00,FF64,,121,64,2026-09-25 17:05:00+00:00
2026-09-25 17:06:22+00:00,VALID,502579.0,89,0,2026-09-25 17:06:00+00:00
2026-09-25 17:07:22+00:00,FF64,,121,64,2026-09-25 17:07:00+00:00
2026-09-25 17:08:22+00:00,VALID,502699.0,89,0,2026-09-25 17:08:00+00:00
2026-09-25 17:09:22+00:00,FF64,,121,64,2026-09-25 17:09:00+00:00
2026-09-25 17:10:22+00:00,VALID,502819.0,89,0,2026-09-25 17:10:00+00:00
2026-09-25 17:11:22+00:00,VALID,502879.0,89,0,2026-09-25 17:11:00+00:00
2026-09-25 17:12:22+00:00,VALID,502939.0,89,0,2026-09-25 17:12:00+00:00
2026-09-25 17:13:22+00:00,VALID,502999.0,89,0,2026-09-25 17:13:00+00:00
2026-09-25 17:14:22+00:00,VALID,503059.0,89,0,2026-09-25 17:14:00+00:00
2026-09-25 17:15:22+00:00,FF64,,121,64,2026-09-25 17:15:00+00:00
2026-09-25 17:16:22+00:00,VALID,503179.0,89,0,2026-09-25 17:16:00+00:00
2026-09-25 17:17:22+00:00,FF64,,121,64,2026-09-25 17:17:00+00:00
2026-09-25 17:18:22+00:00,VALID,503299.0,89,0,2026-09-25 17:18:00+00:00
2026-09-25 17:19:22+00:00,VALID,503359.0,89,0,2026-09-25 17:19:00+00:00
2026-09-25 17:20:22+00:00,VALID,503419.0,89,0,2026-09-25 17:20:00+00:00
2026-09-25 17:21:22+00:00,FF64,,121,64,2026-09-25 17:21:00+00:00
2026-09-25 17:22:22+00:00,VALID,503539.0,89,0,2026-09-25 17:22:00+00:00
2026-09-25 17:23:22+00:00,FF64,,121,64,2026-09-25 17:23:00+00:00
2026-09-25 17:24:22+00:00,VALID,503659.0,89,0,2026-09-25 17:24:00+00:00
2026-09-25 17:25:22+00:00,VALID,503719.0,89,0,2026-09-25 17:25:00+00:00
2026-09-25 17:26:22+00:00,VALID,503779.0,89,0,2026-09-25 17:26:00+00:00
2026-09-25 17:27:22+00:00,FF64,,121,64,2026-09-25 17:27:00+00:00
2026-09-25 17:28:22+00:00,VALID,503899.0,89,0,2026-09-25 17:28:00+00:00
2026-09-25 17:29:22+00:00,VALID,503959.0,89,0,2026-09-25 17:29:00+00:00
2026-09-25 17:30:22+00:00,VALID,504019.0,89,0,2026-09-25 17:30:00+00:00
2026-09-25 17:31:22+00:00,FF64,,121,64,2026-09-25 17:31:00+00:00
2026-09-25 17:32:22+00:00,VALID,504139.0,89,0,2026-09-25 17:32:00+00:00
2026-09-25 17:33:22+00:00,FF64,,121,64,2026-09-25 17:33:00+00:00
2026-09-25 17:34:22+00:00,VALID,504259.0,89,0,2026-09-25 17:34:00+00:00
2026-09-25 17:35:22+00:00,FF64,,121,64,2026-09-25 17:35:00+00:00
2026-09-25 17:36:22+00:00,VALID,504379.0,89,0,2026-09-25 17:36:00+00:00
2026-09-25 17:37:22+00:00,FF64,,121,64,2026-09-25 17:37:00+00:00
2026-09-25 17:38:22+00:00,VALID,504499.0,89,0,2026-09-25 17:38:00+00:00
2026-09-25 17:39:22+00:00,VALID,504559.0,89,0,2026-09-25 17:39:00+00:00
2026-09-25 17:40:22+00:00,VALID,504619.0,89,0,2026-09-25 17:40:00+00:00
2026-09-25 17:41:22+00:00,FF64,,121,64,2026-09-25 17:41:00+00:00
2026-09-25 17:42:22+00:00,VALID,504739.0,89,0,2026-09-25 17:42:00+00:00
2026-09-25 17:43:22+00:00,VALID,504799.0,89,0,2026-09-25 17:43:00+00:00
2026-09-25 17:44:22+00:00,VALID,504859.0,89,0,2026-09-25 17:44:00+00:00
2026-09-25 17:45:22+00:00,FF64,,121,64,2026-09-25 17:45:00+00:00
2026-09-25 17:46:22+00:00,VALID,504979.0,89,0,2026-09-25 17:46:00+00:00
2026-09-25 17:47:22+00:00,FF64,,121,64,2026-09-25 17:47:00+00:00
2026-09-25 17:48:22+00:00,VALID,505099.0,89,0,2026-09-25 17:48:00+00:00
2026-09-25 17:49:22+00:00,FF64,,121,64,2026-09-25 17:49:00+00:00
2026-09-25 17:50:22+00:00,VALID,505219.0,89,0,2026-09-25 17:50:00+00:00
2026-09-25 17:51:22+00:00,VALID,505279.0,89,0,2026-09-25 17:51:00+00:00
2026-09-25 17:52:22+00:00,VALID,505339.0,89,0,2026-09-25 17:52:00+00:00
2026-09-25 17:53:22+00:00,FF64,,121,64,2026-09-25 17:53:00+00:00
2026-09-25 17:54:22+00:00,VALID,505459.0,89,0,2026-09-25 17:54:00+00:00
2026-09-25 17:55:22+00:00,FF64,,121,64,2026-09-25 17:55:00+00:00
2026-09-25 17:56:22+00:00,VALID,505579.0,89,0,2026-09-25 17:56:00+00:00
2026-09-25 17:57:22+00:00,FF64,,121,64,2026-09-25 17:57:00+00:00
2026-09-25 17:58:22+00:00,VALID,505699.0,89,0,2026-09-25 17:58:00+00:00
2026-09-25 17:59:22+00:00,FF64,,121,64,2026-09-25 17:59:00+00:00
2026-09-25 18:00:22+00:00,VALID,505819.0,89,0,2026-09-25 18:00:00+00:00
2026-09-25 18:01:22+00:00,VALID,505879.0,89,0,2026-09-25 18:01:00+00:00
2026-09-25 18:02:22+00:00,VALID,505939.0,89,0,2026-09-25 18:02:00+00:00
2026-09-25 18:03:22+00:00,VALID,505999.0,89,0,2026-09-25 18:03:00+00:00
2026-09-25 18:04:22+00:00,VALID,506059.0,89,0,2026-09-25 18:04:00+00:00
2026-09-25 18:05:22+00:00,FF64,,121,64,2026-09-25 18:05:00+00:00
2026-09-25 18:06:22+00:00,VALID,506179.0,89,0,2026-09-25 18:06:00+00:00
2026-09-25 18:07:22+00:00,FF64,,121,64,2026-09-25 18:07:00+00:00
2026-09-25 18:08:22+00:00,VALID,506299.0,89,0,2026-09-25 18:08:00+00:00
2026-09-25 18:09:22+00:00,VALID,506359.0,89,0,2026-09-25 18:09:00+00:00
2026-09-25 18:10:22+00:00,VALID,506419.0,89,0,2026-09-25 18:10:00+00:00
2026-09-25 18:11:22+00:00,VALID,506479.0,89,0,2026-09-25 18:11:00+00:00
2026-09-25 18:12:22+00:00,VALID,506539.0,89,0,2026-09-25 18:12:00+00:00
2026-09-25 18:13:22+00:00,FF64,,121,64,2026-09-25 18:13:00+00:00
2026-09-25 18:14:22+00:00,VALID,506659.0,89,0,2026-09-25 18:14:00+00:00
2026-09-25 18:15:22+00:00,VALID,506719.0,89,0,2026-09-25 18:15:00+00:00
2026-09-25 18:16:22+00:00,VALID,506779.0,89,0,2026-09-25 18:16:00+00:00
2026-09-25 18:17:22+00:00,FF64,,121,64,2026-09-25 18:17:00+00:00
2026-09-25 18:18:22+00:00,VALID,506899.0,89,0,2026-09-25 18:18:00+00:00
2026-09-25 18:19:22+00:00,VALID,506959.0,89,0,2026-09-25 18:19:00+00:00
2026-09-25 18:20:22+00:00,VALID,507019.0,89,0,2026-09-25 18:20:00+00:00
2026-09-25 18:21:22+00:00,FF64,,121,64,2026-09-25 18:21:00+00:00
2026-09-25 18:22:22+00:00,VALID,507139.0,89,0,2026-09-25 18:22:00+00:00
2026-09-25 18:23:22+00:00,VALID,507199.0,89,0,2026-09-25 18:23:00+00:00
2026-09-25 18:24:22+00:00,VALID,507259.0,89,0,2026-09-25 18:24:00+00:00
2026-09-25 18:25:22+00:00,VALID,507319.0,89,0,2026-09-25 18:25:00+00:00
2026-09-25 18:26:22+00:00,VALID,507379.0,89,0,2026-09-25 18:26:00+00:00
2026-09-25 18:27:22+00:00,FF64,,121,64,2026-09-25 18:27:00+00:00
2026-09-25 18:28:22+00:00,VALID,507499.0,89,0,2026-09-25 18:28:00+00:00
2026-09-25 18:29:22+00:00,FF64,,121,64,2026-09-25 18:29:00+00:00
2026-09-25 18:30:22+00:00,VALID,507619.0,89,0,2026-09-25 18:30:00+00:00
2026-09-25 18:31:22+00:00,FF64,,121,64,2026-09-25 18:31:00+00:00
2026-09-25 18:32:22+00:00,VALID,507739.0,89,0,2026-09-25 18:32:00+00:00
2026-09-25 18:33:22+00:00,VALID,507799.0,89,0,2026-09-25 18:33:00+00:00
2026-09-25 18:34:22+00:00,VALID,507859.0,89,0,2026-09-25 18:34:00+00:00
2026-09-25 18:35:22+00:00,FF64,,121,64,2026-09-25 18:35:00+00:00
2026-09-25 18:36:22+00:00,VALID,507979.0,89,0,2026-09-25 18:36:00+00:00
2026-09-25 18:37:22+00:00,FF64,,121,64,2026-09-25 18:37:00+00:00
2026-09-25 18:38:22+00:00,VALID,508099.0,89,0,2026-09-25 18:38:00+00:00
2026-09-25 18:39:22+00:00,VALID,508159.0,89,0,2026-09-25 18:39:00+00:00
2026-09-25 18:40:22+00:00,VALID,508219.0,89,0,2026-09-25 18:40:00+00:00
2026-09-25 18:41:22+00:00,FF64,,121,64,2026-09-25 18:41:00+00:00
2026-09-25 18:42:22+00:00,VALID,508339.0,89,0,2026-09-25 18:42:00+00:00
2026-09-25 18:43:23+00:00,FF64,,121,64,2026-09-25 18:43:00+00:00
2026-09-25 18:44:23+00:00,VALID,508459.0,89,0,2026-09-25 18:44:00+00:00
2026-09-25 18:45:23+00:00,VALID,508519.0,89,0,2026-09-25 18:45:00+00:00
2026-09-25 18:46:23+00:00,VALID,508579.0,89,0,2026-09-25 18:46:00+00:00
2026-09-25 18:47:23+00:00,FF64,,121,64,2026-09-25 18:47:00+00:00
2026-09-25 18:48:23+00:00,VALID,508699.0,89,0,2026-09-25 18:48:00+00:00
2026-09-25 18:49:23+00:00,FF64,,121,64,2026-09-25 18:49:00+00:00
2026-09-25 18:50:23+00:00,VALID,508819.0,89,0,2026-09-25 18:50:00+00:00
2026-09-25 18:51:23+00:00,FF64,,121,64,2026-09-25 18:51:00+00:00
2026-09-25 18:52:23+00:00,VALID,508939.0,89,0,2026-09-25 18:52:00+00:00
2026-09-25 18:53:23+00:00,VALID,508999.0,89,0,2026-09-25 18:53:00+00:00
2026-09-25 18:54:23+00:00,VALID,509059.0,89,0,2026-09-25 18:54:00+00:00
2026-09-25 18:55:23+00:00,FF64,,121,64,2026-09-25 18:55:00+00:00
2026-09-25 18:56:23+00:00,VALID,509179.0,89,0,2026-09-25 18:56:00+00:00
2026-09-25 18:57:23+00:00,FF64,,121,64,2026-09-25 18:57:00+00:00
2026-09-25 18:58:23+00:00,VALID,509299.0,89,0,2026-09-25 18:58:00+00:00
2026-09-25 18:59:23+00:00,FF64,,121,64,2026-09-25 18:59:00+00:00
2026-09-25 19:00:23+00:00,VALID,509419.0,89,0,2026-09-25 19:00:00+00:00
2026-09-25 19:01:23+00:00,FF64,,121,64,2026-09-25 19:01:00+00:00
2026-09-25 19:02:23+00:00,VALID,509539.0,89,0,2026-09-25 19:02:00+00:00
2026-09-25 19:03:23+00:00,FF64,,121,64,2026-09-25 19:03:00+00:00
2026-09-25 19:04:23+00:00,VALID,509659.0,89,0,2026-09-25 19:04:00+00:00
2026-09-25 19:05:23+00:00,FF64,,121,64,2026-09-25 19:05:00+00:00
2026-09-25 19:06:23+00:00,VALID,509779.0,89,0,2026-09-25 19:06:00+00:00
2026-09-25 19:07:23+00:00,FF64,,121,64,2026-09-25 19:07:00+00:00
2026-09-25 19:08:23+00:00,VALID,509899.0,89,0,2026-09-25 19:08:00+00:00
2026-09-25 19:09:23+00:00,FF64,,121,64,2026-09-25 19:09:00+00:00
2026-09-25 19:10:23+00:00,VALID,510019.0,89,0,2026-09-25 19:10:00+00:00
2026-09-25 19:11:23+00:00,VALID,510079.0,89,0,2026-09-25 19:11:00+00:00
2026-09-25 19:12:23+00:00,VALID,510139.0,89,0,2026-09-25 19:12:00+00:00
2026-09-25 19:13:23+00:00,FF64,,121,64,2026-09-25 19:13:00+00:00
2026-09-25 19:14:23+00:00,VALID,510259.0,89,0,2026-09-25 19:14:00+00:00
2026-09-25 19:15:23+00:00,FF64,,121,64,2026-09-25 19:15:00+00:00
2026-09-25 19:16:23+00:00,VALID,510379.0,89,0,2026-09-25 19:16:00+00:00
2026-09-25 19:17:23+00:00,VALID,510439.0,89,0,2026-09-25 19:17:00+00:00
2026-09-25 19:18:23+00:00,VALID,510499.0,89,0,2026-09-25 19:18:00+00:00
2026-09-25 19:19:23+00:00,FF64,,121,64,2026-09-25 19:19:00+00:00
2026-09-25 19:20:23+00:00,VALID,510619.0,89,0,2026-09-25 19:20:00+00:00
2026-09-25 19:21:23+00:00,FF64,,121,64,2026-09-25 19:21:00+00:00
2026-09-25 19:22:23+00:00,VALID,510739.0,89,0,2026-09-25 19:22:00+00:00
2026-09-25 19:23:23+00:00,FF64,,121,64,2026-09-25 19:23:00+00:00
2026-09-25 19:24:23+00:00,VALID,510859.0,89,0,2026-09-25 19:24:00+00:00
2026-09-25 19:25:23+00:00,FF64,,121,64,2026-09-25 19:25:00+00:00
2026-09-25 19:26:23+00:00,VALID,510979.0,89,0,2026-09-25 19:26:00+00:00
2026-09-25 19:27:23+00:00,FF64,,121,64,2026-09-25 19:27:00+00:00
2026-09-25 19:28:23+00:00,VALID,511099.0,89,0,2026-09-25 19:28:00+00:00
2026-09-25 19:29:23+00:00,FF64,,121,64,2026-09-25 19:29:00+00:00
2026-09-25 19:30:23+00:00,VALID,511219.0,89,0,2026-09-25 19:30:00+00:00
2026-09-25 19:31:23+00:00,FF64,,121,64,2026-09-25 19:31:00+00:00
2026-09-25 19:32:23+00:00,VALID,511339.0,89,0,2026-09-25 19:32:00+00:00
2026-09-25 19:33:23+00:00,FF64,,121,64,2026-09-25 19:33:00+00:00
2026-09-25 19:34:23+00:00,VALID,511459.0,89,0,2026-09-25 19:34:00+00:00
2026-09-25 19:35:23+00:00,VALID,511519.0,89,0,2026-09-25 19:35:00+00:00
2026-09-25 19:36:23+00:00,VALID,511579.0,89,0,2026-09-25 19:36:00+00:00
2026-09-25 19:37:23+00:00,FF64,,121,64,2026-09-25 19:37:00+00:00
2026-09-25 19:38:23+00:00,VALID,511699.0,89,0,2026-09-25 19:38:00+00:00
2026-09-25 19:39:23+00:00,VALID,511759.0,89,0,2026-09-25 19:39:00+00:00
2026-09-25 19:40:23+00:00,VALID,511819.0,89,0,2026-09-25 19:40:00+00:00
2026-09-25 19:41:23+00:00,FF64,,121,64,2026-09-25 19:41:00+00:00
2026-09-25 19:42:23+00:00,VALID,511939.0,89,0,2026-09-25 19:42:00+00:00
2026-09-25 19:43:23+00:00,VALID,511999.0,89,0,2026-09-25 19:43:00+00:00
2026-09-25 19:44:23+00:00,VALID,512059.0,89,0,2026-09-25 19:44:00+00:00
2026-09-25 19:45:23+00:00,FF64,,121,64,2026-09-25 19:45:00+00:00
2026-09-25 19:46:23+00:00,VALID,512179.0,89,0,2026-09-25 19:46:00+00:00
2026-09-25 19:47:23+00:00,FF64,,121,64,2026-09-25 19:47:00+00:00
2026-09-25 19:48:23+00:00,VALID,512299.0,89,0,2026-09-25 19:48:00+00:00
2026-09-25 19:49:23+00:00,VALID,512359.0,89,0,2026-09-25 19:49:00+00:00
2026-09-25 19:50:23+00:00,VALID,512419.0,89,0,2026-09-25 19:50:00+00:00
2026-09-25 19:51:23+00:00,FF64,,121,64,2026-09-25 19:51:00+00:00
2026-09-25 19:52:23+00:00,VALID,512539.0,89,0,2026-09-25 19:52:00+00:00
2026-09-25 19:53:23+00:00,FF64,,121,64,2026-09-25 19:53:00+00:00
2026-09-25 19:54:23+00:00,VALID,512659.0,88,0,2026-09-25 19:54:00+00:00
2026-09-25 19:55:23+00:00,VALID,512719.0,89,0,2026-09-25 19:55:00+00:00
2026-09-25 19:56:23+00:00,VALID,512779.0,89,0,2026-09-25 19:56:00+00:00
2026-09-25 19:57:23+00:00,FF64,,121,64,2026-09-25 19:57:00+00:00
2026-09-25 19:58:23+00:00,VALID,512899.0,89,0,2026-09-25 19:58:00+00:00
2026-09-25 19:59:23+00:00,FF64,,121,64,2026-09-25 19:59:00+00:00
2026-09-25 20:00:23+00:00,VALID,513019.0,89,0,2026-09-25 20:00:00+00:00
2026-09-25 20:01:23+00:00,VALID,513079.0,89,0,2026-09-25 20:01:00+00:00
2026-09-25 20:02:23+00:00,VALID,513139.0,89,0,2026-09-25 20:02:00+00:00
2026-09-25 20:03:23+00:00,VALID,513199.0,89,0,2026-09-25 20:03:00+00:00
2026-09-25 20:04:23+00:00,VALID,513259.0,89,0,2026-09-25 20:04:00+00:00
2026-09-25 20:05:23+00:00,FF64,,121,64,2026-09-25 20:05:00+00:00
2026-09-25 20:06:23+00:00,VALID,513379.0,89,0,2026-09-25 20:06:00+00:00
2026-09-25 20:07:23+00:00,FF64,,121,64,2026-09-25 20:07:00+00:00
2026-09-25 20:08:23+00:00,VALID,513499.0,89,0,2026-09-25 20:08:00+00:00
2026-09-25 20:09:23+00:00,FF64,,121,64,2026-09-25 20:09:00+00:00
2026-09-25 20:10:23+00:00,VALID,513619.0,89,0,2026-09-25 20:10:00+00:00
2026-09-25 20:11:23+00:00,VALID,513679.0,89,0,2026-09-25 20:11:00+00:00
2026-09-25 20:12:23+00:00,VALID,513739.0,89,0,2026-09-25 20:12:00+00:00
2026-09-25 20:13:23+00:00,FF64,,121,64,2026-09-25 20:13:00+00:00
2026-09-25 20:14:23+00:00,VALID,513859.0,89,0,2026-09-25 20:14:00+00:00
2026-09-25 20:15:23+00:00,VALID,513919.0,89,0,2026-09-25 20:15:00+00:00
2026-09-25 20:16:23+00:00,VALID,513979.0,89,0,2026-09-25 20:16:00+00:00
2026-09-25 20:17:23+00:00,FF64,,121,64,2026-09-25 20:17:00+00:00
2026-09-25 20:18:23+00:00,VALID,514099.0,89,0,2026-09-25 20:18:00+00:00
2026-09-25 20:19:23+00:00,FF64,,121,64,2026-09-25 20:19:00+00:00
2026-09-25 20:20:23+00:00,VALID,514219.0,89,0,2026-09-25 20:20:00+00:00
2026-09-25 20:21:23+00:00,FF64,,121,64,2026-09-25 20:21:00+00:00
2026-09-25 20:22:23+00:00,VALID,514339.0,89,0,2026-09-25 20:22:00+00:00
2026-09-25 20:23:23+00:00,FF64,,121,64,2026-09-25 20:23:00+00:00
2026-09-25 20:24:23+00:00,VALID,514459.0,89,0,2026-09-25 20:24:00+00:00
2026-09-25 20:25:23+00:00,FF64,,121,64,2026-09-25 20:25:00+00:00
2026-09-25 20:26:23+00:00,VALID,514579.0,89,0,2026-09-25 20:26:00+00:00
2026-09-25 20:27:23+00:00,FF64,,121,64,2026-09-25 20:27:00+00:00
2026-09-25 20:28:23+00:00,VALID,514699.0,89,0,2026-09-25 20:28:00+00:00
2026-09-25 20:29:23+00:00,VALID,514759.0,89,0,2026-09-25 20:29:00+00:00
2026-09-25 20:30:23+00:00,VALID,514819.0,89,0,2026-09-25 20:30:00+00:00
2026-09-25 20:31:23+00:00,FF64,,121,64,2026-09-25 20:31:00+00:00
2026-09-25 20:32:23+00:00,VALID,514939.0,89,0,2026-09-25 20:32:00+00:00
2026-09-25 20:33:23+00:00,FF64,,121,64,2026-09-25 20:33:00+00:00
2026-09-25 20:34:23+00:00,VALID,515059.0,89,0,2026-09-25 20:34:00+00:00
2026-09-25 20:35:23+00:00,FF64,,121,64,2026-09-25 20:35:00+00:00
2026-09-25 20:36:23+00:00,VALID,515179.0,89,0,2026-09-25 20:36:00+00:00
2026-09-25 20:37:23+00:00,VALID,515239.0,89,0,2026-09-25 20:37:00+00:00
2026-09-25 20:38:23+00:00,VALID,515299.0,89,0,2026-09-25 20:38:00+00:00
2026-09-25 20:39:23+00:00,FF64,,121,64,2026-09-25 20:39:00+00:00
2026-09-25 20:40:23+00:00,VALID,515419.0,89,0,2026-09-25 20:40:00+00:00
2026-09-25 20:41:23+00:00,FF64,,121,64,2026-09-25 20:41:00+00:00
2026-09-25 20:42:23+00:00,VALID,515539.0,89,0,2026-09-25 20:42:00+00:00
2026-09-25 20:43:23+00:00,VALID,515599.0,89,0,2026-09-25 20:43:00+00:00
2026-09-25 20:44:23+00:00,VALID,515659.0,89,0,2026-09-25 20:44:00+00:00
2026-09-25 20:45:23+00:00,VALID,515719.0,89,0,2026-09-25 20:45:00+00:00
2026-09-25 20:46:23+00:00,VALID,515779.0,89,0,2026-09-25 20:46:00+00:00
2026-09-25 20:47:23+00:00,VALID,515839.0,89,0,2026-09-25 20:47:00+00:00
2026-09-25 20:48:23+00:00,VALID,515899.0,89,0,2026-09-25 20:48:00+00:00
2026-09-25 20:49:23+00:00,VALID,515959.0,89,0,2026-09-25 20:49:00+00:00
2026-09-25 20:50:23+00:00,VALID,516019.0,89,0,2026-09-25 20:50:00+00:00
2026-09-25 20:51:23+00:00,FF64,,121,64,2026-09-25 20:51:00+00:00
2026-09-25 20:52:23+00:00,VALID,516139.0,89,0,2026-09-25 20:52:00+00:00
2026-09-25 20:53:23+00:00,FF64,,121,64,2026-09-25 20:53:00+00:00
2026-09-25 20:54:23+00:00,VALID,516259.0,89,0,2026-09-25 20:54:00+00:00
2026-09-25 20:55:23+00:00,VALID,516319.0,89,0,2026-09-25 20:55:00+00:00
2026-09-25 20:56:23+00:00,VALID,516379.0,89,0,2026-09-25 20:56:00+00:00
2026-09-25 20:57:23+00:00,FF64,,121,64,2026-09-25 20:57:00+00:00
2026-09-25 20:58:23+00:00,VALID,516499.0,89,0,2026-09-25 20:58:00+00:00
2026-09-25 20:59:23+00:00,FF64,,121,64,2026-09-25 20:59:00+00:00
2026-09-25 21:00:23+00:00,VALID,516619.0,89,0,2026-09-25 21:00:00+00:00
2026-09-25 21:01:23+00:00,VALID,516679.0,89,0,2026-09-25 21:01:00+00:00
2026-09-25 21:02:23+00:00,VALID,516739.0,89,0,2026-09-25 21:02:00+00:00
2026-09-25 21:03:23+00:00,FF64,,121,64,2026-09-25 21:03:00+00:00
2026-09-25 21:04:23+00:00,VALID,516859.0,89,0,2026-09-25 21:04:00+00:00
2026-09-25 21:05:23+00:00,VALID,516919.0,89,0,2026-09-25 21:05:00+00:00
2026-09-25 21:06:23+00:00,VALID,516979.0,89,0,2026-09-25 21:06:00+00:00
2026-09-25 21:07:23+00:00,VALID,517039.0,89,0,2026-09-25 21:07:00+00:00
2026-09-25 21:08:23+00:00,VALID,517099.0,89,0,2026-09-25 21:08:00+00:00
2026-09-25 21:09:23+00:00,VALID,517159.0,89,0,2026-09-25 21:09:00+00:00
2026-09-25 21:10:23+00:00,VALID,517219.0,89,0,2026-09-25 21:10:00+00:00
2026-09-25 21:11:23+00:00,FF64,,121,64,2026-09-25 21:11:00+00:00
2026-09-25 21:12:23+00:00,VALID,517339.0,89,0,2026-09-25 21:12:00+00:00
2026-09-25 21:13:23+00:00,FF64,,121,64,2026-09-25 21:13:00+00:00
2026-09-25 21:14:23+00:00,VALID,517459.0,89,0,2026-09-25 21:14:00+00:00
2026-09-25 21:15:23+00:00,FF64,,121,64,2026-09-25 21:15:00+00:00
2026-09-25 21:16:23+00:00,VALID,517579.0,89,0,2026-09-25 21:16:00+00:00
2026-09-25 21:17:23+00:00,FF64,,121,64,2026-09-25 21:17:00+00:00
2026-09-25 21:18:23+00:00,VALID,517699.0,89,0,2026-09-25 21:18:00+00:00
2026-09-25 21:19:23+00:00,VALID,517759.0,89,0,2026-09-25 21:19:00+00:00
2026-09-25 21:20:23+00:00,VALID,517819.0,89,0,2026-09-25 21:20:00+00:00
2026-09-25 21:21:23+00:00,FF64,,121,64,2026-09-25 21:21:00+00:00
2026-09-25 21:22:23+00:00,VALID,517939.0,89,0,2026-09-25 21:22:00+00:00
2026-09-25 21:23:23+00:00,FF64,,121,64,2026-09-25 21:23:00+00:00
2026-09-25 21:24:23+00:00,VALID,518059.0,89,0,2026-09-25 21:24:00+00:00
2026-09-25 21:25:23+00:00,FF64,,121,64,2026-09-25 21:25:00+00:00
2026-09-25 21:26:23+00:00,VALID,518179.0,89,0,2026-09-25 21:26:00+00:00
2026-09-25 21:27:23+00:00,FF64,,121,64,2026-09-25 21:27:00+00:00
2026-09-25 21:28:23+00:00,VALID,518299.0,89,0,2026-09-25 21:28:00+00:00
2026-09-25 21:29:23+00:00,VALID,518359.0,89,0,2026-09-25 21:29:00+00:00
2026-09-25 21:30:23+00:00,VALID,518419.0,89,0,2026-09-25 21:30:00+00:00
2026-09-25 21:31:23+00:00,FF64,,121,64,2026-09-25 21:31:00+00:00
2026-09-25 21:32:23+00:00,VALID,518539.0,89,0,2026-09-25 21:32:00+00:00
2026-09-25 21:33:23+00:00,FF64,,121,64,2026-09-25 21:33:00+00:00
2026-09-25 21:34:23+00:00,VALID,518659.0,89,0,2026-09-25 21:34:00+00:00
2026-09-25 21:35:23+00:00,FF64,,121,64,2026-09-25 21:35:00+00:00
2026-09-25 21:36:23+00:00,VALID,518779.0,89,0,2026-09-25 21:36:00+00:00
2026-09-25 21:37:23+00:00,VALID,518839.0,89,0,2026-09-25 21:37:00+00:00
2026-09-25 21:38:23+00:00,VALID,518899.0,89,0,2026-09-25 21:38:00+00:00
2026-09-25 21:39:23+00:00,FF64,,121,64,2026-09-25 21:39:00+00:00
2026-09-25 21:40:23+00:00,VALID,519019.0,89,0,2026-09-25 21:40:00+00:00
2026-09-25 21:41:23+00:00,FF64,,121,64,2026-09-25 21:41:00+00:00
2026-09-25 21:42:23+00:00,VALID,519139.0,89,0,2026-09-25 21:42:00+00:00
2026-09-25 21:43:23+00:00,FF64,,121,64,2026-09-25 21:43:00+00:00
2026-09-25 21:44:23+00:00,VALID,519259.0,89,0,2026-09-25 21:44:00+00:00
2026-09-25 21:45:23+00:00,FF64,,121,64,2026-09-25 21:45:00+00:00
2026-09-25 21:46:23+00:00,VALID,519379.0,89,0,2026-09-25 21:46:00+00:00
2026-09-25 21:47:23+00:00,FF64,,121,64,2026-09-25 21:47:00+00:00
2026-09-25 21:48:23+00:00,VALID,519499.0,89,0,2026-09-25 21:48:00+00:00
2026-09-25 21:49:23+00:00,FF64,,121,64,2026-09-25 21:49:00+00:00
2026-09-25 21:50:23+00:00,VALID,519619.0,89,0,2026-09-25 21:50:00+00:00
2026-09-25 21:51:23+00:00,FF64,,121,64,2026-09-25 21:51:00+00:00
2026-09-25 21:52:23+00:00,VALID,519739.0,89,0,2026-09-25 21:52:00+00:00
2026-09-25 21:53:23+00:00,FF64,,121,64,2026-09-25 21:53:00+00:00
2026-09-25 21:54:23+00:00,VALID,519859.0,89,0,2026-09-25 21:54:00+00:00
2026-09-25 21:55:23+00:00,FF64,,121,64,2026-09-25 21:55:00+00:00
2026-09-25 21:56:23+00:00,VALID,519979.0,89,0,2026-09-25 21:56:00+00:00
2026-09-25 21:57:23+00:00,FF64,,121,64,2026-09-25 21:57:00+00:00
2026-09-25 21:58:23+00:00,VALID,520099.0,89,0,2026-09-25 21:58:00+00:00
2026-09-25 21:59:23+00:00,FF64,,121,64,2026-09-25 21:59:00+00:00
2026-09-25 22:00:23+00:00,VALID,520219.0,89,0,2026-09-25 22:00:00+00:00
2026-09-25 22:01:23+00:00,FF64,,121,64,2026-09-25 22:01:00+00:00
2026-09-25 22:02:23+00:00,VALID,520339.0,89,0,2026-09-25 22:02:00+00:00
2026-09-25 22:03:23+00:00,VALID,520399.0,89,0,2026-09-25 22:03:00+00:00
2026-09-25 22:04:23+00:00,VALID,520459.0,89,0,2026-09-25 22:04:00+00:00
2026-09-25 22:05:23+00:00,VALID,520519.0,89,0,2026-09-25 22:05:00+00:00
2026-09-25 22:06:23+00:00,VALID,520579.0,89,0,2026-09-25 22:06:00+00:00
2026-09-25 22:07:23+00:00,FF64,,121,64,2026-09-25 22:07:00+00:00
2026-09-25 22:08:23+00:00,VALID,520699.0,89,0,2026-09-25 22:08:00+00:00
2026-09-25 22:09:23+00:00,FF64,,121,64,2026-09-25 22:09:00+00:00
2026-09-25 22:10:23+00:00,VALID,520819.0,89,0,2026-09-25 22:10:00+00:00
2026-09-25 22:11:23+00:00,FF64,,119,64,2026-09-25 22:11:00+00:00
2026-09-25 22:12:23+00:00,VALID,520939.0,86,0,2026-09-25 22:12:00+00:00
2026-09-25 22:13:23+00:00,VALID,520999.0,86,0,2026-09-25 22:13:00+00:00
2026-09-25 22:14:23+00:00,VALID,521059.0,86,0,2026-09-25 22:14:00+00:00
2026-09-25 22:15:23+00:00,VALID,521119.0,86,0,2026-09-25 22:15:00+00:00
2026-09-25 22:16:23+00:00,VALID,521179.0,86,0,2026-09-25 22:16:00+00:00
2026-09-25 22:17:23+00:00,FF64,,118,64,2026-09-25 22:17:00+00:00
2026-09-25 22:18:23+00:00,VALID,521299.0,87,0,2026-09-25 22:18:00+00:00
2026-09-25 22:19:23+00:00,FF64,,119,64,2026-09-25 22:19:00+00:00
2026-09-25 22:20:23+00:00,VALID,521419.0,87,0,2026-09-25 22:20:00+00:00
2026-09-25 22:21:23+00:00,VALID,521479.0,87,0,2026-09-25 22:21:00+00:00
2026-09-25 22:22:23+00:00,VALID,521539.0,87,0,2026-09-25 22:22:00+00:00
2026-09-25 22:23:23+00:00,FF64,,119,64,2026-09-25 22:23:00+00:00
2026-09-25 22:24:23+00:00,VALID,521659.0,87,0,2026-09-25 22:24:00+00:00
2026-09-25 22:25:23+00:00,FF64,,119,64,2026-09-25 22:25:00+00:00
2026-09-25 22:26:23+00:00,VALID,521779.0,87,0,2026-09-25 22:26:00+00:00
2026-09-25 22:27:23+00:00,FF64,,119,64,2026-09-25 22:27:00+00:00
2026-09-25 22:28:23+00:00,VALID,521899.0,87,0,2026-09-25 22:28:00+00:00
2026-09-25 22:29:23+00:00,FF64,,119,64,2026-09-25 22:29:00+00:00
2026-09-25 22:30:23+00:00,VALID,522019.0,87,0,2026-09-25 22:30:00+00:00
2026-09-25 22:31:23+00:00,FF64,,119,64,2026-09-25 22:31:00+00:00
2026-09-25 22:32:23+00:00,VALID,522139.0,87,0,2026-09-25 22:32:00+00:00
2026-09-25 22:33:23+00:00,VALID,522199.0,87,0,2026-09-25 22:33:00+00:00
2026-09-25 22:34:23+00:00,VALID,522259.0,87,0,2026-09-25 22:34:00+00:00
2026-09-25 22:35:23+00:00,VALID,522319.0,87,0,2026-09-25 22:35:00+00:00
2026-09-25 22:36:23+00:00,VALID,522379.0,87,0,2026-09-25 22:36:00+00:00
2026-09-25 22:37:23+00:00,VALID,522439.0,87,0,2026-09-25 22:37:00+00:00
2026-09-25 22:38:23+00:00,VALID,522499.0,87,0,2026-09-25 22:38:00+00:00
2026-09-25 22:39:23+00:00,VALID,522559.0,87,0,2026-09-25 22:39:00+00:00
2026-09-25 22:40:23+00:00,VALID,522619.0,87,0,2026-09-25 22:40:00+00:00
2026-09-25 22:41:23+00:00,FF64,,119,64,2026-09-25 22:41:00+00:00
2026-09-25 22:42:23+00:00,VALID,522739.0,87,0,2026-09-25 22:42:00+00:00
2026-09-25 22:43:23+00:00,FF64,,119,64,2026-09-25 22:43:00+00:00
2026-09-25 22:44:23+00:00,VALID,522859.0,87,0,2026-09-25 22:44:00+00:00
2026-09-25 22:45:23+00:00,FF64,,119,64,2026-09-25 22:45:00+00:00
2026-09-25 22:46:23+00:00,VALID,522979.0,87,0,2026-09-25 22:46:00+00:00
2026-09-25 22:47:23+00:00,VALID,523039.0,87,0,2026-09-25 22:47:00+00:00
2026-09-25 22:48:23+00:00,VALID,523099.0,87,0,2026-09-25 22:48:00+00:00
2026-09-25 22:49:23+00:00,FF64,,119,64,2026-09-25 22:49:00+00:00
2026-09-25 22:50:23+00:00,VALID,523219.0,86,0,2026-09-25 22:50:00+00:00
2026-09-25 22:51:23+00:00,VALID,523279.0,86,0,2026-09-25 22:51:00+00:00
2026-09-25 22:52:23+00:00,VALID,523339.0,86,0,2026-09-25 22:52:00+00:00
2026-09-25 22:53:23+00:00,VALID,523399.0,86,0,2026-09-25 22:53:00+00:00
2026-09-25 22:54:23+00:00,VALID,523459.0,86,0,2026-09-25 22:54:00+00:00
2026-09-25 22:55:23+00:00,FF64,,118,64,2026-09-25 22:55:00+00:00
2026-09-25 22:56:23+00:00,VALID,523579.0,86,0,2026-09-25 22:56:00+00:00
2026-09-25 22:57:23+00:00,FF64,,118,64,2026-09-25 22:57:00+00:00
2026-09-25 22:58:23+00:00,VALID,523699.0,86,0,2026-09-25 22:58:00+00:00
2026-09-25 22:59:23+00:00,FF64,,118,64,2026-09-25 22:59:00+00:00
2026-09-25 23:00:23+00:00,VALID,523819.0,86,0,2026-09-25 23:00:00+00:00
2026-09-25 23:01:23+00:00,FF64,,118,64,2026-09-25 23:01:00+00:00
2026-09-25 23:02:23+00:00,VALID,523939.0,86,0,2026-09-25 23:02:00+00:00
2026-09-25 23:03:23+00:00,VALID,523999.0,86,0,2026-09-25 23:03:00+00:00
2026-09-25 23:04:23+00:00,VALID,524059.0,86,0,2026-09-25 23:04:00+00:00
2026-09-25 23:05:23+00:00,VALID,524119.0,86,0,2026-09-25 23:05:00+00:00
2026-09-25 23:06:23+00:00,VALID,524179.0,86,0,2026-09-25 23:06:00+00:00
2026-09-25 23:07:23+00:00,VALID,524239.0,86,0,2026-09-25 23:07:00+00:00
2026-09-25 23:08:23+00:00,VALID,524299.0,86,0,2026-09-25 23:08:00+00:00
2026-09-25 23:09:23+00:00,FF64,,118,64,2026-09-25 23:09:00+00:00
2026-09-25 23:10:23+00:00,VALID,524419.0,86,0,2026-09-25 23:10:00+00:00
2026-09-25 23:11:23+00:00,FF64,,118,64,2026-09-25 23:11:00+00:00
2026-09-25 23:12:23+00:00,VALID,524539.0,86,0,2026-09-25 23:12:00+00:00
2026-09-25 23:13:23+00:00,FF64,,118,64,2026-09-25 23:13:00+00:00
2026-09-25 23:14:23+00:00,VALID,524659.0,86,0,2026-09-25 23:14:00+00:00
2026-09-25 23:15:23+00:00,VALID,524719.0,86,0,2026-09-25 23:15:00+00:00
2026-09-25 23:16:23+00:00,VALID,524779.0,86,0,2026-09-25 23:16:00+00:00
2026-09-25 23:17:23+00:00,FF64,,118,64,2026-09-25 23:17:00+00:00
2026-09-25 23:18:23+00:00,VALID,524899.0,86,0,2026-09-25 23:18:00+00:00
2026-09-25 23:19:23+00:00,FF64,,118,64,2026-09-25 23:19:00+00:00
2026-09-25 23:20:23+00:00,VALID,525019.0,86,0,2026-09-25 23:20:00+00:00
2026-09-25 23:21:23+00:00,FF64,,118,64,2026-09-25 23:21:00+00:00
2026-09-25 23:22:23+00:00,VALID,525139.0,86,0,2026-09-25 23:22:00+00:00
2026-09-25 23:23:23+00:00,FF64,,118,64,2026-09-25 23:23:00+00:00
2026-09-25 23:24:23+00:00,VALID,525259.0,86,0,2026-09-25 23:24:00+00:00
2026-09-25 23:25:23+00:00,FF64,,118,64,2026-09-25 23:25:00+00:00
2026-09-25 23:26:23+00:00,VALID,525379.0,86,0,2026-09-25 23:26:00+00:00
2026-09-25 23:27:23+00:00,FF64,,118,64,2026-09-25 23:27:00+00:00
2026-09-25 23:28:23+00:00,VALID,525499.0,86,0,2026-09-25 23:28:00+00:00
2026-09-25 23:29:23+00:00,FF64,,118,64,2026-09-25 23:29:00+00:00
2026-09-25 23:30:23+00:00,VALID,525619.0,86,0,2026-09-25 23:30:00+00:00
2026-09-25 23:31:23+00:00,FF64,,118,64,2026-09-25 23:31:00+00:00
2026-09-25 23:32:23+00:00,VALID,525739.0,86,0,2026-09-25 23:32:00+00:00
2026-09-25 23:33:23+00:00,VALID,525799.0,86,0,2026-09-25 23:33:00+00:00
2026-09-25 23:34:23+00:00,VALID,525859.0,86,0,2026-09-25 23:34:00+00:00
2026-09-25 23:35:23+00:00,VALID,525919.0,86,0,2026-09-25 23:35:00+00:00
2026-09-25 23:36:23+00:00,VALID,525979.0,86,0,2026-09-25 23:36:00+00:00
2026-09-25 23:37:23+00:00,VALID,526039.0,86,0,2026-09-25 23:37:00+00:00
2026-09-25 23:38:23+00:00,VALID,526099.0,86,0,2026-09-25 23:38:00+00:00
2026-09-25 23:39:23+00:00,VALID,526159.0,86,0,2026-09-25 23:39:00+00:00
2026-09-25 23:40:23+00:00,VALID,526219.0,86,0,2026-09-25 23:40:00+00:00
2026-09-25 23:41:23+00:00,VALID,526279.0,86,0,2026-09-25 23:41:00+00:00
2026-09-25 23:42:23+00:00,VALID,526339.0,86,0,2026-09-25 23:42:00+00:00
2026-09-25 23:43:23+00:00,FF64,,118,64,2026-09-25 23:43:00+00:00
2026-09-25 23:44:23+00:00,VALID,526459.0,86,0,2026-09-25 23:44:00+00:00
2026-09-25 23:45:23+00:00,FF64,,118,64,2026-09-25 23:45:00+00:00
2026-09-25 23:46:23+00:00,VALID,526579.0,86,0,2026-09-25 23:46:00+00:00
2026-09-25 23:47:23+00:00,FF64,,118,64,2026-09-25 23:47:00+00:00
2026-09-25 23:48:23+00:00,VALID,526699.0,86,0,2026-09-25 23:48:00+00:00
2026-09-25 23:49:23+00:00,VALID,526759.0,86,0,2026-09-25 23:49:00+00:00
2026-09-25 23:50:23+00:00,VALID,526819.0,86,0,2026-09-25 23:50:00+00:00
2026-09-25 23:51:23+00:00,FF64,,118,64,2026-09-25 23:51:00+00:00
2026-09-25 23:52:23+00:00,VALID,526939.0,86,0,2026-09-25 23:52:00+00:00
2026-09-25 23:53:23+00:00,FF64,,118,64,2026-09-25 23:53:00+00:00
2026-09-25 23:54:23+00:00,VALID,527060.0,86,0,2026-09-25 23:54:00+00:00
2026-09-25 23:55:23+00:00,FF64,,118,64,2026-09-25 23:55:00+00:00
2026-09-25 23:56:23+00:00,VALID,527180.0,86,0,2026-09-25 23:56:00+00:00
2026-09-25 23:57:23+00:00,VALID,527240.0,86,0,2026-09-25 23:57:00+00:00
2026-09-25 23:58:23+00:00,VALID,527300.0,86,0,2026-09-25 23:58:00+00:00
2026-09-25 23:59:23+00:00,FF64,,118,64,2026-09-25 23:59:00+00:00
2026-09-26 00:00:23+00:00,VALID,527420.0,86,0,2026-09-26 00:00:00+00:00
2026-09-26 00:01:23+00:00,VALID,527480.0,86,0,2026-09-26 00:01:00+00:00
2026-09-26 00:02:23+00:00,VALID,527540.0,86,0,2026-09-26 00:02:00+00:00
2026-09-26 00:03:23+00:00,FF64,,118,64,2026-09-26 00:03:00+00:00
2026-09-26 00:04:23+00:00,VALID,527660.0,86,0,2026-09-26 00:04:00+00:00
2026-09-26 00:05:23+00:00,FF64,,118,64,2026-09-26 00:05:00+00:00
2026-09-26 00:06:23+00:00,VALID,527780.0,87,0,2026-09-26 00:06:00+00:00
2026-09-26 00:07:23+00:00,FF64,,119,64,2026-09-26 00:07:00+00:00
2026-09-26 00:08:23+00:00,VALID,527900.0,87,0,2026-09-26 00:08:00+00:00
2026-09-26 00:09:23+00:00,FF64,,119,64,2026-09-26 00:09:00+00:00
2026-09-26 00:10:23+00:00,VALID,528020.0,87,0,2026-09-26 00:10:00+00:00
2026-09-26 00:11:23+00:00,FF64,,119,64,2026-09-26 00:11:00+00:00
2026-09-26 00:12:23+00:00,VALID,528140.0,87,0,2026-09-26 00:12:00+00:00
2026-09-26 00:13:23+00:00,FF64,,119,64,2026-09-26 00:13:00+00:00
2026-09-26 00:14:23+00:00,VALID,528260.0,87,0,2026-09-26 00:14:00+00:00
2026-09-26 00:15:23+00:00,FF64,,119,64,2026-09-26 00:15:00+00:00
2026-09-26 00:16:23+00:00,VALID,528380.0,87,0,2026-09-26 00:16:00+00:00
2026-09-26 00:17:23+00:00,FF64,,119,64,2026-09-26 00:17:00+00:00
2026-09-26 00:18:23+00:00,VALID,528500.0,87,0,2026-09-26 00:18:00+00:00
2026-09-26 00:19:23+00:00,FF64,,119,64,2026-09-26 00:19:00+00:00
2026-09-26 00:20:23+00:00,VALID,528620.0,88,0,2026-09-26 00:20:00+00:00
2026-09-26 00:21:23+00:00,FF64,,122,64,2026-09-26 00:21:00+00:00
2026-09-26 00:22:23+00:00,VALID,528740.0,90,0,2026-09-26 00:22:00+00:00
2026-09-26 00:23:23+00:00,FF64,,121,64,2026-09-26 00:23:00+00:00
2026-09-26 00:24:23+00:00,VALID,528860.0,89,0,2026-09-26 00:24:00+00:00
2026-09-26 00:25:23+00:00,FF64,,121,64,2026-09-26 00:25:00+00:00
2026-09-26 00:26:23+00:00,VALID,528980.0,89,0,2026-09-26 00:26:00+00:00
2026-09-26 00:27:23+00:00,FF64,,121,64,2026-09-26 00:27:00+00:00
2026-09-26 00:28:23+00:00,VALID,529100.0,89,0,2026-09-26 00:28:00+00:00
2026-09-26 00:29:23+00:00,FF64,,121,64,2026-09-26 00:29:00+00:00
2026-09-26 00:30:23+00:00,VALID,529220.0,89,0,2026-09-26 00:30:00+00:00
2026-09-26 00:31:23+00:00,FF64,,121,64,2026-09-26 00:31:00+00:00
2026-09-26 00:32:23+00:00,VALID,529340.0,89,0,2026-09-26 00:32:00+00:00
2026-09-26 00:33:23+00:00,FF64,,121,64,2026-09-26 00:33:00+00:00
2026-09-26 00:34:23+00:00,VALID,529460.0,89,0,2026-09-26 00:34:00+00:00
2026-09-26 00:35:23+00:00,FF64,,121,64,2026-09-26 00:35:00+00:00
2026-09-26 00:36:23+00:00,VALID,529580.0,89,0,2026-09-26 00:36:00+00:00
2026-09-26 00:37:23+00:00,FF64,,121,64,2026-09-26 00:37:00+00:00
2026-09-26 00:38:23+00:00,VALID,529700.0,89,0,2026-09-26 00:38:00+00:00
2026-09-26 00:39:23+00:00,FF64,,121,64,2026-09-26 00:39:00+00:00
2026-09-26 00:40:23+00:00,VALID,529820.0,89,0,2026-09-26 00:40:00+00:00
2026-09-26 00:41:23+00:00,FF64,,121,64,2026-09-26 00:41:00+00:00
2026-09-26 00:42:23+00:00,VALID,529940.0,89,0,2026-09-26 00:42:00+00:00
2026-09-26 00:43:23+00:00,VALID,530000.0,89,0,2026-09-26 00:43:00+00:00
2026-09-26 00:44:23+00:00,VALID,530060.0,89,0,2026-09-26 00:44:00+00:00
2026-09-26 00:45:23+00:00,FF64,,121,64,2026-09-26 00:45:00+00:00
2026-09-26 00:46:23+00:00,VALID,530180.0,89,0,2026-09-26 00:46:00+00:00
2026-09-26 00:47:23+00:00,FF64,,121,64,2026-09-26 00:47:00+00:00
2026-09-26 00:48:23+00:00,VALID,530300.0,89,0,2026-09-26 00:48:00+00:00
2026-09-26 00:49:23+00:00,VALID,530360.0,89,0,2026-09-26 00:49:00+00:00
2026-09-26 00:50:23+00:00,VALID,530420.0,89,0,2026-09-26 00:50:00+00:00
2026-09-26 00:51:23+00:00,FF64,,121,64,2026-09-26 00:51:00+00:00
2026-09-26 00:52:23+00:00,VALID,530540.0,89,0,2026-09-26 00:52:00+00:00
2026-09-26 00:53:23+00:00,FF64,,121,64,2026-09-26 00:53:00+00:00
2026-09-26 00:54:23+00:00,VALID,530660.0,89,0,2026-09-26 00:54:00+00:00
2026-09-26 00:55:23+00:00,FF64,,121,64,2026-09-26 00:55:00+00:00
2026-09-26 00:56:23+00:00,VALID,530780.0,89,0,2026-09-26 00:56:00+00:00
2026-09-26 00:57:23+00:00,FF64,,121,64,2026-09-26 00:57:00+00:00
2026-09-26 00:58:23+00:00,VALID,530900.0,89,0,2026-09-26 00:58:00+00:00
2026-09-26 00:59:23+00:00,FF64,,121,64,2026-09-26 00:59:00+00:00
2026-09-26 01:00:23+00:00,VALID,531020.0,89,0,2026-09-26 01:00:00+00:00
2026-09-26 01:01:23+00:00,FF64,,121,64,2026-09-26 01:01:00+00:00
2026-09-26 01:02:23+00:00,VALID,531140.0,89,0,2026-09-26 01:02:00+00:00
2026-09-26 01:03:23+00:00,VALID,531200.0,89,0,2026-09-26 01:03:00+00:00
2026-09-26 01:04:23+00:00,VALID,531260.0,89,0,2026-09-26 01:04:00+00:00
2026-09-26 01:05:23+00:00,FF64,,121,64,2026-09-26 01:05:00+00:00
2026-09-26 01:06:23+00:00,VALID,531380.0,89,0,2026-09-26 01:06:00+00:00
2026-09-26 01:07:23+00:00,FF64,,121,64,2026-09-26 01:07:00+00:00
2026-09-26 01:08:23+00:00,VALID,531500.0,89,0,2026-09-26 01:08:00+00:00
2026-09-26 01:09:23+00:00,VALID,531560.0,89,0,2026-09-26 01:09:00+00:00
2026-09-26 01:10:23+00:00,VALID,531620.0,89,0,2026-09-26 01:10:00+00:00
2026-09-26 01:11:23+00:00,FF64,,121,64,2026-09-26 01:11:00+00:00
2026-09-26 01:12:23+00:00,VALID,531740.0,89,0,2026-09-26 01:12:00+00:00
2026-09-26 01:13:23+00:00,FF64,,121,64,2026-09-26 01:13:00+00:00
2026-09-26 01:14:23+00:00,VALID,531860.0,89,0,2026-09-26 01:14:00+00:00
2026-09-26 01:15:23+00:00,VALID,531920.0,89,0,2026-09-26 01:15:00+00:00
2026-09-26 01:16:23+00:00,VALID,531980.0,89,0,2026-09-26 01:16:00+00:00
2026-09-26 01:17:23+00:00,VALID,532040.0,89,0,2026-09-26 01:17:00+00:00
2026-09-26 01:18:23+00:00,VALID,532100.0,89,0,2026-09-26 01:18:00+00:00
2026-09-26 01:19:23+00:00,FF64,,121,64,2026-09-26 01:19:00+00:00
2026-09-26 01:20:23+00:00,VALID,532220.0,89,0,2026-09-26 01:20:00+00:00
2026-09-26 01:21:23+00:00,VALID,532280.0,89,0,2026-09-26 01:21:00+00:00
2026-09-26 01:22:23+00:00,VALID,532340.0,89,0,2026-09-26 01:22:00+00:00
2026-09-26 01:23:23+00:00,VALID,532400.0,89,0,2026-09-26 01:23:00+00:00
2026-09-26 01:24:23+00:00,VALID,532460.0,89,0,2026-09-26 01:24:00+00:00
2026-09-26 01:25:23+00:00,FF64,,121,64,2026-09-26 01:25:00+00:00
2026-09-26 01:26:23+00:00,VALID,532580.0,89,0,2026-09-26 01:26:00+00:00
2026-09-26 01:27:23+00:00,FF64,,121,64,2026-09-26 01:27:00+00:00
2026-09-26 01:28:23+00:00,VALID,532700.0,89,0,2026-09-26 01:28:00+00:00
2026-09-26 01:29:23+00:00,FF64,,121,64,2026-09-26 01:29:00+00:00
2026-09-26 01:30:23+00:00,VALID,532820.0,89,0,2026-09-26 01:30:00+00:00
2026-09-26 01:31:23+00:00,FF64,,121,64,2026-09-26 01:31:00+00:00
2026-09-26 01:32:23+00:00,VALID,532940.0,89,0,2026-09-26 01:32:00+00:00
2026-09-26 01:33:23+00:00,FF64,,121,64,2026-09-26 01:33:00+00:00
2026-09-26 01:34:23+00:00,VALID,533060.0,89,0,2026-09-26 01:34:00+00:00
2026-09-26 01:35:23+00:00,VALID,533120.0,89,0,2026-09-26 01:35:00+00:00
2026-09-26 01:36:23+00:00,VALID,533180.0,89,0,2026-09-26 01:36:00+00:00
2026-09-26 01:37:23+00:00,FF64,,121,64,2026-09-26 01:37:00+00:00
2026-09-26 01:38:23+00:00,VALID,533300.0,89,0,2026-09-26 01:38:00+00:00
2026-09-26 01:39:23+00:00,FF64,,121,64,2026-09-26 01:39:00+00:00
2026-09-26 01:40:23+00:00,VALID,533420.0,89,0,2026-09-26 01:40:00+00:00
2026-09-26 01:41:23+00:00,FF64,,121,64,2026-09-26 01:41:00+00:00
2026-09-26 01:42:23+00:00,VALID,533540.0,89,0,2026-09-26 01:42:00+00:00
2026-09-26 01:43:23+00:00,FF64,,121,64,2026-09-26 01:43:00+00:00
2026-09-26 01:44:23+00:00,VALID,533660.0,89,0,2026-09-26 01:44:00+00:00
2026-09-26 01:45:23+00:00,VALID,533720.0,89,0,2026-09-26 01:45:00+00:00
2026-09-26 01:46:23+00:00,VALID,533780.0,89,0,2026-09-26 01:46:00+00:00
2026-09-26 01:47:23+00:00,FF64,,121,64,2026-09-26 01:47:00+00:00
2026-09-26 01:48:23+00:00,VALID,533900.0,89,0,2026-09-26 01:48:00+00:00
2026-09-26 01:49:23+00:00,FF64,,121,64,2026-09-26 01:49:00+00:00
2026-09-26 01:50:23+00:00,VALID,534020.0,89,0,2026-09-26 01:50:00+00:00
2026-09-26 01:51:23+00:00,FF64,,121,64,2026-09-26 01:51:00+00:00
2026-09-26 01:52:23+00:00,VALID,534140.0,89,0,2026-09-26 01:52:00+00:00
2026-09-26 01:53:23+00:00,FF64,,121,64,2026-09-26 01:53:00+00:00
2026-09-26 01:54:23+00:00,VALID,534260.0,89,0,2026-09-26 01:54:00+00:00
2026-09-26 01:55:23+00:00,FF64,,121,64,2026-09-26 01:55:00+00:00
2026-09-26 01:56:23+00:00,VALID,534380.0,89,0,2026-09-26 01:56:00+00:00
2026-09-26 01:57:23+00:00,FF64,,121,64,2026-09-26 01:57:00+00:00
2026-09-26 01:58:24+00:00,VALID,534500.0,89,0,2026-09-26 01:58:00+00:00
2026-09-26 01:59:24+00:00,FF64,,121,64,2026-09-26 01:59:00+00:00
2026-09-26 02:00:24+00:00,VALID,534620.0,89,0,2026-09-26 02:00:00+00:00
2026-09-26 02:01:24+00:00,VALID,534680.0,89,0,2026-09-26 02:01:00+00:00
2026-09-26 02:02:24+00:00,VALID,534740.0,89,0,2026-09-26 02:02:00+00:00
2026-09-26 02:03:24+00:00,FF64,,121,64,2026-09-26 02:03:00+00:00
2026-09-26 02:04:24+00:00,VALID,534860.0,89,0,2026-09-26 02:04:00+00:00
2026-09-26 02:05:24+00:00,FF64,,121,64,2026-09-26 02:05:00+00:00
2026-09-26 02:06:24+00:00,VALID,534980.0,89,0,2026-09-26 02:06:00+00:00
2026-09-26 02:07:24+00:00,VALID,535040.0,89,0,2026-09-26 02:07:00+00:00
2026-09-26 02:08:24+00:00,VALID,535100.0,89,0,2026-09-26 02:08:00+00:00
2026-09-26 02:09:24+00:00,FF64,,121,64,2026-09-26 02:09:00+00:00
2026-09-26 02:10:24+00:00,VALID,535220.0,89,0,2026-09-26 02:10:00+00:00
2026-09-26 02:11:24+00:00,FF64,,121,64,2026-09-26 02:11:00+00:00
2026-09-26 02:12:24+00:00,VALID,535340.0,89,0,2026-09-26 02:12:00+00:00
2026-09-26 02:13:24+00:00,FF64,,121,64,2026-09-26 02:13:00+00:00
2026-09-26 02:14:24+00:00,VALID,535460.0,89,0,2026-09-26 02:14:00+00:00
2026-09-26 02:15:24+00:00,FF64,,121,64,2026-09-26 02:15:00+00:00
2026-09-26 02:16:24+00:00,VALID,535580.0,89,0,2026-09-26 02:16:00+00:00
2026-09-26 02:17:24+00:00,FF64,,121,64,2026-09-26 02:17:00+00:00
2026-09-26 02:18:24+00:00,VALID,535700.0,89,0,2026-09-26 02:18:00+00:00
2026-09-26 02:19:24+00:00,VALID,535760.0,89,0,2026-09-26 02:19:00+00:00
2026-09-26 02:20:24+00:00,VALID,535820.0,89,0,2026-09-26 02:20:00+00:00
2026-09-26 02:21:24+00:00,FF64,,121,64,2026-09-26 02:21:00+00:00
2026-09-26 02:22:24+00:00,VALID,535940.0,89,0,2026-09-26 02:22:00+00:00
2026-09-26 02:23:24+00:00,VALID,536000.0,89,0,2026-09-26 02:23:00+00:00
2026-09-26 02:24:24+00:00,VALID,536060.0,89,0,2026-09-26 02:24:00+00:00
2026-09-26 02:25:24+00:00,VALID,536120.0,89,0,2026-09-26 02:25:00+00:00
2026-09-26 02:26:24+00:00,VALID,536180.0,89,0,2026-09-26 02:26:00+00:00
2026-09-26 02:27:24+00:00,VALID,536240.0,89,0,2026-09-26 02:27:00+00:00
2026-09-26 02:28:24+00:00,VALID,536300.0,89,0,2026-09-26 02:28:00+00:00
2026-09-26 02:29:24+00:00,VALID,536360.0,89,0,2026-09-26 02:29:00+00:00
2026-09-26 02:30:24+00:00,VALID,536420.0,89,0,2026-09-26 02:30:00+00:00
2026-09-26 02:31:24+00:00,FF64,,121,64,2026-09-26 02:31:00+00:00
2026-09-26 02:32:24+00:00,VALID,536540.0,89,0,2026-09-26 02:32:00+00:00
2026-09-26 02:33:24+00:00,FF64,,121,64,2026-09-26 02:33:00+00:00
2026-09-26 02:34:24+00:00,VALID,536660.0,89,0,2026-09-26 02:34:00+00:00
2026-09-26 02:35:24+00:00,FF64,,121,64,2026-09-26 02:35:00+00:00
2026-09-26 02:36:24+00:00,VALID,536780.0,89,0,2026-09-26 02:36:00+00:00
2026-09-26 02:37:24+00:00,FF64,,121,64,2026-09-26 02:37:00+00:00
2026-09-26 02:38:24+00:00,VALID,536900.0,89,0,2026-09-26 02:38:00+00:00
2026-09-26 02:39:24+00:00,FF64,,121,64,2026-09-26 02:39:00+00:00
2026-09-26 02:40:24+00:00,VALID,537020.0,89,0,2026-09-26 02:40:00+00:00
2026-09-26 02:41:24+00:00,FF64,,121,64,2026-09-26 02:41:00+00:00
2026-09-26 02:42:24+00:00,VALID,537140.0,89,0,2026-09-26 02:42:00+00:00
2026-09-26 02:43:24+00:00,FF64,,121,64,2026-09-26 02:43:00+00:00
2026-09-26 02:44:24+00:00,VALID,537260.0,89,0,2026-09-26 02:44:00+00:00
2026-09-26 02:45:24+00:00,FF64,,121,64,2026-09-26 02:45:00+00:00
2026-09-26 02:46:24+00:00,VALID,537380.0,89,0,2026-09-26 02:46:00+00:00
2026-09-26 02:47:24+00:00,FF64,,121,64,2026-09-26 02:47:00+00:00
2026-09-26 02:48:24+00:00,VALID,537500.0,89,0,2026-09-26 02:48:00+00:00
2026-09-26 02:49:24+00:00,FF64,,121,64,2026-09-26 02:49:00+00:00
2026-09-26 02:50:24+00:00,VALID,537620.0,89,0,2026-09-26 02:50:00+00:00
2026-09-26 02:51:24+00:00,FF64,,121,64,2026-09-26 02:51:00+00:00
2026-09-26 02:52:24+00:00,VALID,537740.0,89,0,2026-09-26 02:52:00+00:00
2026-09-26 02:53:24+00:00,FF64,,121,64,2026-09-26 02:53:00+00:00
2026-09-26 02:54:24+00:00,VALID,537860.0,89,0,2026-09-26 02:54:00+00:00
2026-09-26 02:55:24+00:00,FF64,,121,64,2026-09-26 02:55:00+00:00
2026-09-26 02:56:24+00:00,VALID,537980.0,89,0,2026-09-26 02:56:00+00:00
2026-09-26 02:57:24+00:00,FF64,,121,64,2026-09-26 02:57:00+00:00
2026-09-26 02:58:24+00:00,VALID,538100.0,89,0,2026-09-26 02:58:00+00:00
2026-09-26 02:59:24+00:00,FF64,,121,64,2026-09-26 02:59:00+00:00
2026-09-26 03:00:24+00:00,VALID,538220.0,89,0,2026-09-26 03:00:00+00:00
2026-09-26 03:01:24+00:00,VALID,538280.0,89,0,2026-09-26 03:01:00+00:00
2026-09-26 03:02:24+00:00,VALID,538340.0,89,0,2026-09-26 03:02:00+00:00
2026-09-26 03:03:24+00:00,VALID,538400.0,89,0,2026-09-26 03:03:00+00:00
2026-09-26 03:04:24+00:00,VALID,538460.0,89,0,2026-09-26 03:04:00+00:00
2026-09-26 03:05:24+00:00,VALID,538520.0,89,0,2026-09-26 03:05:00+00:00
2026-09-26 03:06:24+00:00,VALID,538580.0,89,0,2026-09-26 03:06:00+00:00
2026-09-26 03:07:24+00:00,FF64,,121,64,2026-09-26 03:07:00+00:00
2026-09-26 03:08:24+00:00,VALID,538700.0,89,0,2026-09-26 03:08:00+00:00
2026-09-26 03:09:24+00:00,FF64,,121,64,2026-09-26 03:09:00+00:00
2026-09-26 03:10:24+00:00,VALID,538820.0,89,0,2026-09-26 03:10:00+00:00
2026-09-26 03:11:24+00:00,VALID,538880.0,89,0,2026-09-26 03:11:00+00:00
2026-09-26 03:12:24+00:00,VALID,538940.0,89,0,2026-09-26 03:12:00+00:00
2026-09-26 03:13:24+00:00,FF64,,121,64,2026-09-26 03:13:00+00:00
2026-09-26 03:14:24+00:00,VALID,539060.0,89,0,2026-09-26 03:14:00+00:00
2026-09-26 03:15:24+00:00,FF64,,121,64,2026-09-26 03:15:00+00:00
2026-09-26 03:16:24+00:00,VALID,539180.0,89,0,2026-09-26 03:16:00+00:00
2026-09-26 03:17:24+00:00,FF64,,121,64,2026-09-26 03:17:00+00:00
2026-09-26 03:18:24+00:00,VALID,539300.0,89,0,2026-09-26 03:18:00+00:00
2026-09-26 03:19:24+00:00,VALID,539360.0,89,0,2026-09-26 03:19:00+00:00
2026-09-26 03:20:24+00:00,VALID,539420.0,89,0,2026-09-26 03:20:00+00:00
2026-09-26 03:21:24+00:00,VALID,539480.0,89,0,2026-09-26 03:21:00+00:00
2026-09-26 03:22:24+00:00,VALID,539540.0,89,0,2026-09-26 03:22:00+00:00
2026-09-26 03:23:24+00:00,FF64,,121,64,2026-09-26 03:23:00+00:00
2026-09-26 03:24:24+00:00,VALID,539660.0,89,0,2026-09-26 03:24:00+00:00
2026-09-26 03:25:24+00:00,FF64,,121,64,2026-09-26 03:25:00+00:00
2026-09-26 03:26:24+00:00,VALID,539780.0,89,0,2026-09-26 03:26:00+00:00
2026-09-26 03:27:24+00:00,FF64,,121,64,2026-09-26 03:27:00+00:00
2026-09-26 03:28:24+00:00,VALID,539900.0,89,0,2026-09-26 03:28:00+00:00
2026-09-26 03:29:24+00:00,VALID,539960.0,89,0,2026-09-26 03:29:00+00:00
2026-09-26 03:30:24+00:00,VALID,540020.0,89,0,2026-09-26 03:30:00+00:00
2026-09-26 03:31:24+00:00,FF64,,121,64,2026-09-26 03:31:00+00:00
2026-09-26 03:32:24+00:00,VALID,540140.0,89,0,2026-09-26 03:32:00+00:00
2026-09-26 03:33:24+00:00,VALID,540200.0,89,0,2026-09-26 03:33:00+00:00
2026-09-26 03:34:24+00:00,VALID,540260.0,89,0,2026-09-26 03:34:00+00:00
2026-09-26 03:35:24+00:00,VALID,540320.0,89,0,2026-09-26 03:35:00+00:00
2026-09-26 03:36:24+00:00,VALID,540380.0,89,0,2026-09-26 03:36:00+00:00
2026-09-26 03:37:24+00:00,FF64,,121,64,2026-09-26 03:37:00+00:00
2026-09-26 03:38:24+00:00,VALID,540500.0,89,0,2026-09-26 03:38:00+00:00
2026-09-26 03:39:24+00:00,FF64,,121,64,2026-09-26 03:39:00+00:00
2026-09-26 03:40:24+00:00,VALID,540620.0,89,0,2026-09-26 03:40:00+00:00
2026-09-26 03:41:24+00:00,FF64,,121,64,2026-09-26 03:41:00+00:00
2026-09-26 03:42:24+00:00,VALID,540740.0,89,0,2026-09-26 03:42:00+00:00
2026-09-26 03:43:24+00:00,VALID,540800.0,89,0,2026-09-26 03:43:00+00:00
2026-09-26 03:44:24+00:00,VALID,540860.0,89,0,2026-09-26 03:44:00+00:00
2026-09-26 03:45:24+00:00,FF64,,121,64,2026-09-26 03:45:00+00:00
2026-09-26 03:46:24+00:00,VALID,540980.0,89,0,2026-09-26 03:46:00+00:00
2026-09-26 03:47:24+00:00,FF64,,121,64,2026-09-26 03:47:00+00:00
2026-09-26 03:48:24+00:00,VALID,541100.0,89,0,2026-09-26 03:48:00+00:00
2026-09-26 03:49:24+00:00,VALID,541160.0,89,0,2026-09-26 03:49:00+00:00
2026-09-26 03:50:24+00:00,VALID,541220.0,89,0,2026-09-26 03:50:00+00:00
2026-09-26 03:51:24+00:00,VALID,541280.0,89,0,2026-09-26 03:51:00+00:00
2026-09-26 03:52:24+00:00,VALID,541340.0,89,0,2026-09-26 03:52:00+00:00
2026-09-26 03:53:24+00:00,FF64,,121,64,2026-09-26 03:53:00+00:00
2026-09-26 03:54:24+00:00,VALID,541460.0,89,0,2026-09-26 03:54:00+00:00
2026-09-26 03:55:24+00:00,FF64,,121,64,2026-09-26 03:55:00+00:00
2026-09-26 03:56:24+00:00,VALID,541580.0,89,0,2026-09-26 03:56:00+00:00
2026-09-26 03:57:24+00:00,FF64,,121,64,2026-09-26 03:57:00+00:00
2026-09-26 03:58:24+00:00,VALID,541700.0,89,0,2026-09-26 03:58:00+00:00
2026-09-26 03:59:24+00:00,FF64,,121,64,2026-09-26 03:59:00+00:00
2026-09-26 04:00:24+00:00,VALID,541820.0,89,0,2026-09-26 04:00:00+00:00
2026-09-26 04:01:24+00:00,FF64,,121,64,2026-09-26 04:01:00+00:00
2026-09-26 04:02:24+00:00,VALID,541940.0,89,0,2026-09-26 04:02:00+00:00
2026-09-26 04:03:24+00:00,FF64,,121,64,2026-09-26 04:03:00+00:00
2026-09-26 04:04:24+00:00,VALID,542060.0,89,0,2026-09-26 04:04:00+00:00
2026-09-26 04:05:24+00:00,FF64,,121,64,2026-09-26 04:05:00+00:00
2026-09-26 04:06:24+00:00,VALID,542180.0,89,0,2026-09-26 04:06:00+00:00
2026-09-26 04:07:24+00:00,FF64,,121,64,2026-09-26 04:07:00+00:00
2026-09-26 04:08:24+00:00,VALID,542300.0,89,0,2026-09-26 04:08:00+00:00
2026-09-26 04:09:24+00:00,FF64,,121,64,2026-09-26 04:09:00+00:00
2026-09-26 04:10:24+00:00,VALID,542420.0,89,0,2026-09-26 04:10:00+00:00
2026-09-26 04:11:24+00:00,FF64,,121,64,2026-09-26 04:11:00+00:00
2026-09-26 04:12:24+00:00,VALID,542540.0,89,0,2026-09-26 04:12:00+00:00
2026-09-26 04:13:24+00:00,FF64,,121,64,2026-09-26 04:13:00+00:00
2026-09-26 04:14:24+00:00,VALID,542660.0,89,0,2026-09-26 04:14:00+00:00
2026-09-26 04:15:24+00:00,FF64,,121,64,2026-09-26 04:15:00+00:00
2026-09-26 04:16:24+00:00,VALID,542780.0,89,0,2026-09-26 04:16:00+00:00
2026-09-26 04:17:24+00:00,FF64,,121,64,2026-09-26 04:17:00+00:00
2026-09-26 04:18:24+00:00,VALID,542900.0,89,0,2026-09-26 04:18:00+00:00
2026-09-26 04:19:24+00:00,FF64,,121,64,2026-09-26 04:19:00+00:00
2026-09-26 04:20:24+00:00,VALID,543020.0,89,0,2026-09-26 04:20:00+00:00
2026-09-26 04:21:24+00:00,FF64,,121,64,2026-09-26 04:21:00+00:00
2026-09-26 04:22:24+00:00,VALID,543140.0,89,0,2026-09-26 04:22:00+00:00
2026-09-26 04:23:24+00:00,FF64,,121,64,2026-09-26 04:23:00+00:00
2026-09-26 04:24:24+00:00,VALID,543260.0,89,0,2026-09-26 04:24:00+00:00
2026-09-26 04:25:24+00:00,FF64,,121,64,2026-09-26 04:25:00+00:00
2026-09-26 04:26:24+00:00,VALID,543380.0,89,0,2026-09-26 04:26:00+00:00
2026-09-26 04:27:24+00:00,FF64,,121,64,2026-09-26 04:27:00+00:00
2026-09-26 04:28:24+00:00,VALID,543500.0,89,0,2026-09-26 04:28:00+00:00
2026-09-26 04:29:24+00:00,FF64,,121,64,2026-09-26 04:29:00+00:00
2026-09-26 04:30:24+00:00,VALID,543620.0,89,0,2026-09-26 04:30:00+00:00
2026-09-26 04:31:24+00:00,FF64,,121,64,2026-09-26 04:31:00+00:00
2026-09-26 04:32:24+00:00,VALID,543740.0,89,0,2026-09-26 04:32:00+00:00
2026-09-26 04:33:24+00:00,FF64,,121,64,2026-09-26 04:33:00+00:00
2026-09-26 04:34:24+00:00,VALID,543860.0,89,0,2026-09-26 04:34:00+00:00
2026-09-26 04:35:24+00:00,FF64,,121,64,2026-09-26 04:35:00+00:00
2026-09-26 04:36:24+00:00,VALID,543980.0,89,0,2026-09-26 04:36:00+00:00
2026-09-26 04:37:24+00:00,VALID,544040.0,89,0,2026-09-26 04:37:00+00:00
2026-09-26 04:38:24+00:00,VALID,544100.0,89,0,2026-09-26 04:38:00+00:00
2026-09-26 04:39:24+00:00,FF64,,121,64,2026-09-26 04:39:00+00:00
2026-09-26 04:40:24+00:00,VALID,544220.0,89,0,2026-09-26 04:40:00+00:00
2026-09-26 04:41:24+00:00,FF64,,121,64,2026-09-26 04:41:00+00:00
2026-09-26 04:42:24+00:00,VALID,544340.0,89,0,2026-09-26 04:42:00+00:00
2026-09-26 04:43:24+00:00,FF64,,121,64,2026-09-26 04:43:00+00:00
2026-09-26 04:44:24+00:00,VALID,544460.0,89,0,2026-09-26 04:44:00+00:00
2026-09-26 04:45:24+00:00,FF64,,121,64,2026-09-26 04:45:00+00:00
2026-09-26 04:46:24+00:00,VALID,544580.0,89,0,2026-09-26 04:46:00+00:00
2026-09-26 04:47:24+00:00,VALID,544640.0,89,0,2026-09-26 04:47:00+00:00
2026-09-26 04:48:24+00:00,VALID,544700.0,89,0,2026-09-26 04:48:00+00:00
2026-09-26 04:49:24+00:00,VALID,544760.0,89,0,2026-09-26 04:49:00+00:00
2026-09-26 04:50:24+00:00,VALID,544820.0,89,0,2026-09-26 04:50:00+00:00
2026-09-26 04:51:24+00:00,FF64,,121,64,2026-09-26 04:51:00+00:00
2026-09-26 04:52:24+00:00,VALID,544940.0,89,0,2026-09-26 04:52:00+00:00
2026-09-26 04:53:24+00:00,FF64,,121,64,2026-09-26 04:53:00+00:00
2026-09-26 04:54:24+00:00,VALID,545060.0,89,0,2026-09-26 04:54:00+00:00
2026-09-26 04:55:24+00:00,VALID,545120.0,89,0,2026-09-26 04:55:00+00:00
2026-09-26 04:56:24+00:00,VALID,545180.0,89,0,2026-09-26 04:56:00+00:00
2026-09-26 04:57:24+00:00,FF64,,121,64,2026-09-26 04:57:00+00:00
2026-09-26 04:58:24+00:00,VALID,545300.0,89,0,2026-09-26 04:58:00+00:00
2026-09-26 04:59:24+00:00,VALID,545360.0,89,0,2026-09-26 04:59:00+00:00
2026-09-26 05:00:24+00:00,VALID,545420.0,89,0,2026-09-26 05:00:00+00:00
2026-09-26 05:01:24+00:00,VALID,545480.0,89,0,2026-09-26 05:01:00+00:00
2026-09-26 05:02:24+00:00,VALID,545540.0,89,0,2026-09-26 05:02:00+00:00
2026-09-26 05:03:24+00:00,FF64,,121,64,2026-09-26 05:03:00+00:00
2026-09-26 05:04:24+00:00,VALID,545660.0,89,0,2026-09-26 05:04:00+00:00
2026-09-26 05:05:24+00:00,FF64,,121,64,2026-09-26 05:05:00+00:00
2026-09-26 05:06:24+00:00,VALID,545780.0,89,0,2026-09-26 05:06:00+00:00
2026-09-26 05:07:24+00:00,VALID,545840.0,89,0,2026-09-26 05:07:00+00:00
2026-09-26 05:08:24+00:00,VALID,545900.0,89,0,2026-09-26 05:08:00+00:00
2026-09-26 05:09:24+00:00,FF64,,121,64,2026-09-26 05:09:00+00:00
2026-09-26 05:10:24+00:00,VALID,546020.0,89,0,2026-09-26 05:10:00+00:00
2026-09-26 05:11:24+00:00,VALID,546080.0,89,0,2026-09-26 05:11:00+00:00
2026-09-26 05:12:24+00:00,VALID,546140.0,89,0,2026-09-26 05:12:00+00:00
2026-09-26 05:13:24+00:00,FF64,,121,64,2026-09-26 05:13:00+00:00
2026-09-26 05:14:24+00:00,VALID,546260.0,89,0,2026-09-26 05:14:00+00:00
2026-09-26 05:15:24+00:00,VALID,546320.0,89,0,2026-09-26 05:15:00+00:00
2026-09-26 05:16:24+00:00,VALID,546380.0,89,0,2026-09-26 05:16:00+00:00
2026-09-26 05:17:24+00:00,FF64,,121,64,2026-09-26 05:17:00+00:00
2026-09-26 05:18:24+00:00,VALID,546500.0,89,0,2026-09-26 05:18:00+00:00
2026-09-26 05:19:24+00:00,FF64,,121,64,2026-09-26 05:19:00+00:00
2026-09-26 05:20:24+00:00,VALID,546620.0,89,0,2026-09-26 05:20:00+00:00
2026-09-26 05:21:24+00:00,VALID,546680.0,89,0,2026-09-26 05:21:00+00:00
2026-09-26 05:22:24+00:00,VALID,546740.0,89,0,2026-09-26 05:22:00+00:00
2026-09-26 05:23:24+00:00,FF64,,121,64,2026-09-26 05:23:00+00:00
2026-09-26 05:24:24+00:00,VALID,546860.0,89,0,2026-09-26 05:24:00+00:00
2026-09-26 05:25:24+00:00,FF64,,121,64,2026-09-26 05:25:00+00:00
2026-09-26 05:26:24+00:00,VALID,546980.0,89,0,2026-09-26 05:26:00+00:00
2026-09-26 05:27:24+00:00,FF64,,121,64,2026-09-26 05:27:00+00:00
2026-09-26 05:28:24+00:00,VALID,547100.0,89,0,2026-09-26 05:28:00+00:00
2026-09-26 05:29:24+00:00,FF64,,121,64,2026-09-26 05:29:00+00:00
2026-09-26 05:30:24+00:00,VALID,547220.0,89,0,2026-09-26 05:30:00+00:00
2026-09-26 05:31:24+00:00,VALID,547280.0,89,0,2026-09-26 05:31:00+00:00
2026-09-26 05:32:24+00:00,VALID,547340.0,89,0,2026-09-26 05:32:00+00:00
2026-09-26 05:33:24+00:00,FF64,,121,64,2026-09-26 05:33:00+00:00
2026-09-26 05:34:24+00:00,VALID,547460.0,89,0,2026-09-26 05:34:00+00:00
2026-09-26 05:35:24+00:00,VALID,547520.0,89,0,2026-09-26 05:35:00+00:00
2026-09-26 05:36:24+00:00,VALID,547580.0,89,0,2026-09-26 05:36:00+00:00
2026-09-26 05:37:24+00:00,VALID,547640.0,89,0,2026-09-26 05:37:00+00:00
2026-09-26 05:38:24+00:00,VALID,547700.0,89,0,2026-09-26 05:38:00+00:00
2026-09-26 05:39:24+00:00,VALID,547760.0,89,0,2026-09-26 05:39:00+00:00
2026-09-26 05:40:24+00:00,VALID,547820.0,89,0,2026-09-26 05:40:00+00:00
2026-09-26 05:41:24+00:00,FF64,,121,64,2026-09-26 05:41:00+00:00
2026-09-26 05:42:24+00:00,VALID,547940.0,89,0,2026-09-26 05:42:00+00:00
2026-09-26 05:43:24+00:00,FF64,,121,64,2026-09-26 05:43:00+00:00
2026-09-26 05:44:24+00:00,VALID,548060.0,89,0,2026-09-26 05:44:00+00:00
2026-09-26 05:45:24+00:00,VALID,548120.0,89,0,2026-09-26 05:45:00+00:00
2026-09-26 05:46:24+00:00,VALID,548180.0,89,0,2026-09-26 05:46:00+00:00
2026-09-26 05:47:24+00:00,FF64,,121,64,2026-09-26 05:47:00+00:00
2026-09-26 05:48:24+00:00,VALID,548300.0,89,0,2026-09-26 05:48:00+00:00
2026-09-26 05:49:24+00:00,VALID,548360.0,89,0,2026-09-26 05:49:00+00:00
2026-09-26 05:50:24+00:00,VALID,548420.0,89,0,2026-09-26 05:50:00+00:00
2026-09-26 05:51:24+00:00,FF64,,121,64,2026-09-26 05:51:00+00:00
2026-09-26 05:52:24+00:00,VALID,548540.0,89,0,2026-09-26 05:52:00+00:00
2026-09-26 05:53:24+00:00,VALID,548600.0,89,0,2026-09-26 05:53:00+00:00
2026-09-26 05:54:24+00:00,VALID,548660.0,89,0,2026-09-26 05:54:00+00:00
2026-09-26 05:55:24+00:00,FF64,,121,64,2026-09-26 05:55:00+00:00
2026-09-26 05:56:24+00:00,VALID,548780.0,89,0,2026-09-26 05:56:00+00:00
2026-09-26 05:57:24+00:00,FF64,,121,64,2026-09-26 05:57:00+00:00
2026-09-26 05:58:24+00:00,VALID,548900.0,89,0,2026-09-26 05:58:00+00:00
2026-09-26 05:59:24+00:00,VALID,548960.0,89,0,2026-09-26 05:59:00+00:00
2026-09-26 06:00:24+00:00,VALID,549020.0,89,0,2026-09-26 06:00:00+00:00
2026-09-26 06:01:24+00:00,VALID,549080.0,89,0,2026-09-26 06:01:00+00:00
2026-09-26 06:02:24+00:00,VALID,549140.0,89,0,2026-09-26 06:02:00+00:00
2026-09-26 06:03:24+00:00,FF64,,121,64,2026-09-26 06:03:00+00:00
2026-09-26 06:04:24+00:00,VALID,549260.0,89,0,2026-09-26 06:04:00+00:00
2026-09-26 06:05:24+00:00,FF64,,121,64,2026-09-26 06:05:00+00:00
2026-09-26 06:06:24+00:00,VALID,549380.0,89,0,2026-09-26 06:06:00+00:00
2026-09-26 06:07:24+00:00,VALID,549440.0,89,0,2026-09-26 06:07:00+00:00
2026-09-26 06:08:24+00:00,VALID,549500.0,89,0,2026-09-26 06:08:00+00:00
2026-09-26 06:09:24+00:00,FF64,,121,64,2026-09-26 06:09:00+00:00
2026-09-26 06:10:24+00:00,VALID,549620.0,89,0,2026-09-26 06:10:00+00:00
2026-09-26 06:11:24+00:00,VALID,549680.0,89,0,2026-09-26 06:11:00+00:00
2026-09-26 06:12:24+00:00,VALID,549740.0,89,0,2026-09-26 06:12:00+00:00
2026-09-26 06:13:24+00:00,VALID,549800.0,89,0,2026-09-26 06:13:00+00:00
2026-09-26 06:14:24+00:00,VALID,549860.0,89,0,2026-09-26 06:14:00+00:00
2026-09-26 06:15:24+00:00,FF64,,121,64,2026-09-26 06:15:00+00:00
2026-09-26 06:16:24+00:00,VALID,549980.0,89,0,2026-09-26 06:16:00+00:00
2026-09-26 06:17:24+00:00,FF64,,121,64,2026-09-26 06:17:00+00:00
2026-09-26 06:18:24+00:00,VALID,550100.0,89,0,2026-09-26 06:18:00+00:00
2026-09-26 06:19:24+00:00,VALID,550160.0,89,0,2026-09-26 06:19:00+00:00
2026-09-26 06:20:24+00:00,VALID,550220.0,89,0,2026-09-26 06:20:00+00:00
2026-09-26 06:21:24+00:00,FF64,,121,64,2026-09-26 06:21:00+00:00
2026-09-26 06:22:24+00:00,VALID,550340.0,89,0,2026-09-26 06:22:00+00:00
2026-09-26 06:23:24+00:00,FF64,,121,64,2026-09-26 06:23:00+00:00
2026-09-26 06:24:24+00:00,VALID,550460.0,89,0,2026-09-26 06:24:00+00:00
2026-09-26 06:25:24+00:00,FF64,,121,64,2026-09-26 06:25:00+00:00
2026-09-26 06:26:24+00:00,VALID,550580.0,89,0,2026-09-26 06:26:00+00:00
2026-09-26 06:27:24+00:00,VALID,550640.0,89,0,2026-09-26 06:27:00+00:00
2026-09-26 06:28:24+00:00,VALID,550700.0,89,0,2026-09-26 06:28:00+00:00
2026-09-26 06:29:24+00:00,VALID,550760.0,89,0,2026-09-26 06:29:00+00:00
2026-09-26 06:30:24+00:00,VALID,550820.0,89,0,2026-09-26 06:30:00+00:00
2026-09-26 06:31:24+00:00,VALID,550880.0,89,0,2026-09-26 06:31:00+00:00
2026-09-26 06:32:24+00:00,VALID,550940.0,89,0,2026-09-26 06:32:00+00:00
2026-09-26 06:33:24+00:00,FF64,,121,64,2026-09-26 06:33:00+00:00
2026-09-26 06:34:24+00:00,VALID,551060.0,89,0,2026-09-26 06:34:00+00:00
2026-09-26 06:35:24+00:00,FF64,,121,64,2026-09-26 06:35:00+00:00
2026-09-26 06:36:24+00:00,VALID,551180.0,89,0,2026-09-26 06:36:00+00:00
2026-09-26 06:37:24+00:00,VALID,551240.0,89,0,2026-09-26 06:37:00+00:00
2026-09-26 06:38:24+00:00,VALID,551300.0,89,0,2026-09-26 06:38:00+00:00
2026-09-26 06:39:24+00:00,VALID,551360.0,89,0,2026-09-26 06:39:00+00:00
2026-09-26 06:40:24+00:00,VALID,551420.0,89,0,2026-09-26 06:40:00+00:00
2026-09-26 06:41:24+00:00,VALID,551480.0,89,0,2026-09-26 06:41:00+00:00
2026-09-26 06:42:24+00:00,VALID,551540.0,89,0,2026-09-26 06:42:00+00:00
2026-09-26 06:43:24+00:00,VALID,551600.0,89,0,2026-09-26 06:43:00+00:00
2026-09-26 06:44:24+00:00,VALID,551660.0,89,0,2026-09-26 06:44:00+00:00
2026-09-26 06:45:24+00:00,FF64,,120,64,2026-09-26 06:45:00+00:00
2026-09-26 06:46:24+00:00,VALID,551780.0,88,0,2026-09-26 06:46:00+00:00
2026-09-26 06:47:24+00:00,FF64,,120,64,2026-09-26 06:47:00+00:00
2026-09-26 06:48:24+00:00,VALID,551900.0,89,0,2026-09-26 06:48:00+00:00
2026-09-26 06:49:24+00:00,FF64,,121,64,2026-09-26 06:49:00+00:00
2026-09-26 06:50:24+00:00,VALID,552020.0,89,0,2026-09-26 06:50:00+00:00
2026-09-26 06:51:24+00:00,FF64,,121,64,2026-09-26 06:51:00+00:00
2026-09-26 06:52:24+00:00,VALID,552140.0,89,0,2026-09-26 06:52:00+00:00
2026-09-26 06:53:24+00:00,FF64,,121,64,2026-09-26 06:53:00+00:00
2026-09-26 06:54:24+00:00,VALID,552260.0,88,0,2026-09-26 06:54:00+00:00
2026-09-26 06:55:24+00:00,FF64,,120,64,2026-09-26 06:55:00+00:00
2026-09-26 06:56:24+00:00,VALID,552380.0,89,0,2026-09-26 06:56:00+00:00
2026-09-26 06:57:24+00:00,VALID,552440.0,89,0,2026-09-26 06:57:00+00:00
2026-09-26 06:58:24+00:00,VALID,552500.0,89,0,2026-09-26 06:58:00+00:00
2026-09-26 06:59:24+00:00,FF64,,121,64,2026-09-26 06:59:00+00:00
2026-09-26 07:00:24+00:00,VALID,552620.0,88,0,2026-09-26 07:00:00+00:00
2026-09-26 07:01:24+00:00,FF64,,120,64,2026-09-26 07:01:00+00:00
2026-09-26 07:02:24+00:00,VALID,552740.0,88,0,2026-09-26 07:02:00+00:00
2026-09-26 07:03:24+00:00,FF64,,120,64,2026-09-26 07:03:00+00:00
2026-09-26 07:04:24+00:00,VALID,552860.0,88,0,2026-09-26 07:04:00+00:00
2026-09-26 07:05:24+00:00,VALID,552920.0,88,0,2026-09-26 07:05:00+00:00
2026-09-26 07:06:24+00:00,VALID,552980.0,88,0,2026-09-26 07:06:00+00:00
2026-09-26 07:07:24+00:00,FF64,,120,64,2026-09-26 07:07:00+00:00
2026-09-26 07:08:24+00:00,VALID,553100.0,88,0,2026-09-26 07:08:00+00:00
2026-09-26 07:09:24+00:00,FF64,,120,64,2026-09-26 07:09:00+00:00
2026-09-26 07:10:24+00:00,VALID,553220.0,88,0,2026-09-26 07:10:00+00:00
2026-09-26 07:11:24+00:00,FF64,,120,64,2026-09-26 07:11:00+00:00
2026-09-26 07:12:24+00:00,VALID,553340.0,88,0,2026-09-26 07:12:00+00:00
2026-09-26 07:13:24+00:00,FF64,,120,64,2026-09-26 07:13:00+00:00
2026-09-26 07:14:24+00:00,VALID,553460.0,88,0,2026-09-26 07:14:00+00:00
2026-09-26 07:15:24+00:00,FF64,,120,64,2026-09-26 07:15:00+00:00
2026-09-26 07:16:24+00:00,VALID,553580.0,88,0,2026-09-26 07:16:00+00:00
2026-09-26 07:17:24+00:00,VALID,553640.0,88,0,2026-09-26 07:17:00+00:00
2026-09-26 07:18:24+00:00,VALID,553700.0,88,0,2026-09-26 07:18:00+00:00
2026-09-26 07:19:24+00:00,FF64,,120,64,2026-09-26 07:19:00+00:00
2026-09-26 07:20:24+00:00,VALID,553820.0,88,0,2026-09-26 07:20:00+00:00
2026-09-26 07:21:24+00:00,FF64,,120,64,2026-09-26 07:21:00+00:00
2026-09-26 07:22:24+00:00,VALID,553940.0,88,0,2026-09-26 07:22:00+00:00
2026-09-26 07:23:24+00:00,FF64,,120,64,2026-09-26 07:23:00+00:00
2026-09-26 07:24:24+00:00,VALID,554060.0,88,0,2026-09-26 07:24:00+00:00
2026-09-26 07:25:24+00:00,FF64,,120,64,2026-09-26 07:25:00+00:00
2026-09-26 07:26:24+00:00,VALID,554180.0,88,0,2026-09-26 07:26:00+00:00
2026-09-26 07:27:24+00:00,FF64,,120,64,2026-09-26 07:27:00+00:00
2026-09-26 07:28:24+00:00,VALID,554300.0,88,0,2026-09-26 07:28:00+00:00
2026-09-26 07:29:24+00:00,FF64,,120,64,2026-09-26 07:29:00+00:00
2026-09-26 07:30:24+00:00,VALID,554420.0,88,0,2026-09-26 07:30:00+00:00
2026-09-26 07:31:24+00:00,FF64,,120,64,2026-09-26 07:31:00+00:00
2026-09-26 07:32:24+00:00,VALID,554540.0,88,0,2026-09-26 07:32:00+00:00
2026-09-26 07:33:24+00:00,FF64,,120,64,2026-09-26 07:33:00+00:00
2026-09-26 07:34:24+00:00,VALID,554660.0,88,0,2026-09-26 07:34:00+00:00
2026-09-26 07:35:24+00:00,FF64,,120,64,2026-09-26 07:35:00+00:00
2026-09-26 07:36:24+00:00,VALID,554780.0,88,0,2026-09-26 07:36:00+00:00
2026-09-26 07:37:24+00:00,FF64,,120,64,2026-09-26 07:37:00+00:00
2026-09-26 07:38:24+00:00,VALID,554900.0,88,0,2026-09-26 07:38:00+00:00
2026-09-26 07:39:24+00:00,VALID,554960.0,88,0,2026-09-26 07:39:00+00:00
2026-09-26 07:40:24+00:00,VALID,555020.0,88,0,2026-09-26 07:40:00+00:00
2026-09-26 07:41:24+00:00,FF64,,120,64,2026-09-26 07:41:00+00:00
2026-09-26 07:42:24+00:00,VALID,555140.0,88,0,2026-09-26 07:42:00+00:00
2026-09-26 07:43:24+00:00,FF64,,120,64,2026-09-26 07:43:00+00:00
2026-09-26 07:44:24+00:00,VALID,555260.0,88,0,2026-09-26 07:44:00+00:00
2026-09-26 07:45:24+00:00,FF64,,120,64,2026-09-26 07:45:00+00:00
2026-09-26 07:46:24+00:00,VALID,555380.0,88,0,2026-09-26 07:46:00+00:00
2026-09-26 07:47:24+00:00,FF64,,120,64,2026-09-26 07:47:00+00:00
2026-09-26 07:48:24+00:00,VALID,555500.0,88,0,2026-09-26 07:48:00+00:00
2026-09-26 07:49:24+00:00,FF64,,120,64,2026-09-26 07:49:00+00:00
2026-09-26 07:50:24+00:00,VALID,555620.0,88,0,2026-09-26 07:50:00+00:00
2026-09-26 07:51:24+00:00,FF64,,120,64,2026-09-26 07:51:00+00:00
2026-09-26 07:52:24+00:00,VALID,555740.0,88,0,2026-09-26 07:52:00+00:00
2026-09-26 07:53:24+00:00,VALID,555800.0,88,0,2026-09-26 07:53:00+00:00
2026-09-26 07:54:24+00:00,VALID,555860.0,88,0,2026-09-26 07:54:00+00:00
2026-09-26 07:55:24+00:00,FF64,,120,64,2026-09-26 07:55:00+00:00
2026-09-26 07:56:24+00:00,VALID,555980.0,88,0,2026-09-26 07:56:00+00:00
2026-09-26 07:57:24+00:00,VALID,556040.0,88,0,2026-09-26 07:57:00+00:00
2026-09-26 07:58:24+00:00,VALID,556100.0,88,0,2026-09-26 07:58:00+00:00
2026-09-26 07:59:24+00:00,FF64,,120,64,2026-09-26 07:59:00+00:00
2026-09-26 08:00:24+00:00,VALID,556220.0,88,0,2026-09-26 08:00:00+00:00
2026-09-26 08:01:24+00:00,FF64,,120,64,2026-09-26 08:01:00+00:00
2026-09-26 08:02:24+00:00,VALID,556340.0,88,0,2026-09-26 08:02:00+00:00
2026-09-26 08:03:24+00:00,FF64,,120,64,2026-09-26 08:03:00+00:00
2026-09-26 08:04:24+00:00,VALID,556460.0,88,0,2026-09-26 08:04:00+00:00
2026-09-26 08:05:24+00:00,VALID,556520.0,88,0,2026-09-26 08:05:00+00:00
2026-09-26 08:06:24+00:00,VALID,556580.0,88,0,2026-09-26 08:06:00+00:00
2026-09-26 08:07:24+00:00,VALID,556640.0,88,0,2026-09-26 08:07:00+00:00
2026-09-26 08:08:24+00:00,VALID,556700.0,88,0,2026-09-26 08:08:00+00:00
2026-09-26 08:09:24+00:00,FF64,,120,64,2026-09-26 08:09:00+00:00
2026-09-26 08:10:24+00:00,VALID,556821.0,88,0,2026-09-26 08:10:00+00:00
2026-09-26 08:11:24+00:00,FF64,,120,64,2026-09-26 08:11:00+00:00
2026-09-26 08:12:24+00:00,VALID,556941.0,88,0,2026-09-26 08:12:00+00:00
2026-09-26 08:13:24+00:00,VALID,557001.0,88,0,2026-09-26 08:13:00+00:00
2026-09-26 08:14:24+00:00,VALID,557061.0,88,0,2026-09-26 08:14:00+00:00
2026-09-26 08:15:24+00:00,VALID,557121.0,88,0,2026-09-26 08:15:00+00:00
2026-09-26 08:16:24+00:00,VALID,557181.0,88,0,2026-09-26 08:16:00+00:00
2026-09-26 08:17:24+00:00,VALID,557241.0,88,0,2026-09-26 08:17:00+00:00
2026-09-26 08:18:24+00:00,VALID,557301.0,88,0,2026-09-26 08:18:00+00:00
2026-09-26 08:19:24+00:00,FF64,,120,64,2026-09-26 08:19:00+00:00
2026-09-26 08:20:24+00:00,VALID,557421.0,88,0,2026-09-26 08:20:00+00:00
2026-09-26 08:21:24+00:00,FF64,,120,64,2026-09-26 08:21:00+00:00
2026-09-26 08:22:24+00:00,VALID,557541.0,86,0,2026-09-26 08:22:00+00:00
2026-09-26 08:23:24+00:00,FF64,,117,64,2026-09-26 08:23:00+00:00
2026-09-26 08:24:24+00:00,VALID,557661.0,85,0,2026-09-26 08:24:00+00:00
2026-09-26 08:25:24+00:00,FF64,,117,64,2026-09-26 08:25:00+00:00
2026-09-26 08:26:24+00:00,VALID,557781.0,85,0,2026-09-26 08:26:00+00:00
2026-09-26 08:27:24+00:00,VALID,557841.0,85,0,2026-09-26 08:27:00+00:00
2026-09-26 08:28:24+00:00,VALID,557901.0,85,0,2026-09-26 08:28:00+00:00
2026-09-26 08:29:24+00:00,FF64,,117,64,2026-09-26 08:29:00+00:00
2026-09-26 08:30:24+00:00,VALID,558021.0,85,0,2026-09-26 08:30:00+00:00
2026-09-26 08:31:24+00:00,FF64,,117,64,2026-09-26 08:31:00+00:00
2026-09-26 08:32:24+00:00,VALID,558141.0,85,0,2026-09-26 08:32:00+00:00
2026-09-26 08:33:24+00:00,VALID,558201.0,85,0,2026-09-26 08:33:00+00:00
2026-09-26 08:34:24+00:00,VALID,558261.0,85,0,2026-09-26 08:34:00+00:00
2026-09-26 08:35:24+00:00,FF64,,117,64,2026-09-26 08:35:00+00:00
2026-09-26 08:36:24+00:00,VALID,558381.0,85,0,2026-09-26 08:36:00+00:00
2026-09-26 08:37:24+00:00,FF64,,117,64,2026-09-26 08:37:00+00:00
2026-09-26 08:38:24+00:00,VALID,558501.0,85,0,2026-09-26 08:38:00+00:00
2026-09-26 08:39:24+00:00,VALID,558561.0,85,0,2026-09-26 08:39:00+00:00
2026-09-26 08:40:24+00:00,VALID,558621.0,85,0,2026-09-26 08:40:00+00:00
2026-09-26 08:41:24+00:00,FF64,,117,64,2026-09-26 08:41:00+00:00
2026-09-26 08:42:24+00:00,VALID,558741.0,85,0,2026-09-26 08:42:00+00:00
2026-09-26 08:43:24+00:00,FF64,,117,64,2026-09-26 08:43:00+00:00
2026-09-26 08:44:24+00:00,VALID,558861.0,85,0,2026-09-26 08:44:00+00:00
2026-09-26 08:45:24+00:00,VALID,558921.0,85,0,2026-09-26 08:45:00+00:00
2026-09-26 08:46:24+00:00,VALID,558981.0,85,0,2026-09-26 08:46:00+00:00
2026-09-26 08:47:24+00:00,FF64,,117,64,2026-09-26 08:47:00+00:00
2026-09-26 08:48:24+00:00,VALID,559101.0,85,0,2026-09-26 08:48:00+00:00
2026-09-26 08:49:24+00:00,VALID,559161.0,85,0,2026-09-26 08:49:00+00:00
2026-09-26 08:50:24+00:00,VALID,559221.0,85,0,2026-09-26 08:50:00+00:00
2026-09-26 08:51:24+00:00,FF64,,117,64,2026-09-26 08:51:00+00:00
2026-09-26 08:52:24+00:00,VALID,559341.0,85,0,2026-09-26 08:52:00+00:00
2026-09-26 08:53:24+00:00,VALID,559401.0,85,0,2026-09-26 08:53:00+00:00
2026-09-26 08:54:24+00:00,VALID,559461.0,85,0,2026-09-26 08:54:00+00:00
2026-09-26 08:55:24+00:00,FF64,,117,64,2026-09-26 08:55:00+00:00
2026-09-26 08:56:24+00:00,VALID,559581.0,85,0,2026-09-26 08:56:00+00:00
2026-09-26 08:57:24+00:00,FF64,,117,64,2026-09-26 08:57:00+00:00
2026-09-26 08:58:24+00:00,VALID,559701.0,85,0,2026-09-26 08:58:00+00:00
2026-09-26 08:59:24+00:00,FF64,,117,64,2026-09-26 08:59:00+00:00
2026-09-26 09:00:24+00:00,VALID,559821.0,85,0,2026-09-26 09:00:00+00:00
2026-09-26 09:01:24+00:00,VALID,559881.0,85,0,2026-09-26 09:01:00+00:00
2026-09-26 09:02:24+00:00,VALID,559941.0,85,0,2026-09-26 09:02:00+00:00
2026-09-26 09:03:24+00:00,VALID,560001.0,85,0,2026-09-26 09:03:00+00:00
2026-09-26 09:04:24+00:00,VALID,560061.0,85,0,2026-09-26 09:04:00+00:00
2026-09-26 09:05:24+00:00,VALID,560121.0,85,0,2026-09-26 09:05:00+00:00
2026-09-26 09:06:24+00:00,VALID,560181.0,85,0,2026-09-26 09:06:00+00:00
2026-09-26 09:07:24+00:00,VALID,560241.0,85,0,2026-09-26 09:07:00+00:00
2026-09-26 09:08:24+00:00,VALID,560301.0,85,0,2026-09-26 09:08:00+00:00
2026-09-26 09:09:24+00:00,FF64,,117,64,2026-09-26 09:09:00+00:00
2026-09-26 09:10:24+00:00,VALID,560421.0,85,0,2026-09-26 09:10:00+00:00
2026-09-26 09:11:24+00:00,FF64,,117,64,2026-09-26 09:11:00+00:00
2026-09-26 09:12:24+00:00,VALID,560541.0,85,0,2026-09-26 09:12:00+00:00
2026-09-26 09:13:24+00:00,FF64,,117,64,2026-09-26 09:13:00+00:00
2026-09-26 09:14:24+00:00,VALID,560661.0,85,0,2026-09-26 09:14:00+00:00
2026-09-26 09:15:24+00:00,FF64,,117,64,2026-09-26 09:15:00+00:00
2026-09-26 09:16:24+00:00,VALID,560781.0,85,0,2026-09-26 09:16:00+00:00
2026-09-26 09:17:24+00:00,VALID,560841.0,85,0,2026-09-26 09:17:00+00:00
2026-09-26 09:18:24+00:00,VALID,560901.0,85,0,2026-09-26 09:18:00+00:00
2026-09-26 09:19:24+00:00,FF64,,117,64,2026-09-26 09:19:00+00:00
2026-09-26 09:20:24+00:00,VALID,561021.0,85,0,2026-09-26 09:20:00+00:00
2026-09-26 09:21:24+00:00,FF64,,117,64,2026-09-26 09:21:00+00:00
2026-09-26 09:22:24+00:00,VALID,561141.0,85,0,2026-09-26 09:22:00+00:00
2026-09-26 09:23:24+00:00,FF64,,117,64,2026-09-26 09:23:00+00:00
2026-09-26 09:24:24+00:00,VALID,561261.0,85,0,2026-09-26 09:24:00+00:00
2026-09-26 09:25:24+00:00,FF64,,117,64,2026-09-26 09:25:00+00:00
2026-09-26 09:26:24+00:00,VALID,561381.0,85,0,2026-09-26 09:26:00+00:00
2026-09-26 09:27:24+00:00,FF64,,117,64,2026-09-26 09:27:00+00:00
2026-09-26 09:28:24+00:00,VALID,561501.0,85,0,2026-09-26 09:28:00+00:00
2026-09-26 09:29:24+00:00,FF64,,117,64,2026-09-26 09:29:00+00:00
2026-09-26 09:30:24+00:00,VALID,561621.0,85,0,2026-09-26 09:30:00+00:00
2026-09-26 09:31:25+00:00,VALID,561681.0,85,0,2026-09-26 09:31:00+00:00
2026-09-26 09:32:25+00:00,VALID,561741.0,85,0,2026-09-26 09:32:00+00:00
2026-09-26 09:33:25+00:00,VALID,561801.0,85,0,2026-09-26 09:33:00+00:00
2026-09-26 09:34:25+00:00,VALID,561861.0,85,0,2026-09-26 09:34:00+00:00
2026-09-26 09:35:25+00:00,FF64,,117,64,2026-09-26 09:35:00+00:00
2026-09-26 09:36:25+00:00,VALID,561981.0,85,0,2026-09-26 09:36:00+00:00
2026-09-26 09:37:25+00:00,FF64,,117,64,2026-09-26 09:37:00+00:00
2026-09-26 09:38:25+00:00,VALID,562101.0,85,0,2026-09-26 09:38:00+00:00
2026-09-26 09:39:25+00:00,FF64,,117,64,2026-09-26 09:39:00+00:00
2026-09-26 09:40:25+00:00,VALID,562221.0,85,0,2026-09-26 09:40:00+00:00
2026-09-26 09:41:25+00:00,VALID,562281.0,85,0,2026-09-26 09:41:00+00:00
2026-09-26 09:42:25+00:00,VALID,562341.0,85,0,2026-09-26 09:42:00+00:00
2026-09-26 09:43:25+00:00,FF64,,117,64,2026-09-26 09:43:00+00:00
2026-09-26 09:44:25+00:00,VALID,562461.0,85,0,2026-09-26 09:44:00+00:00
2026-09-26 09:45:25+00:00,VALID,562521.0,85,0,2026-09-26 09:45:00+00:00
2026-09-26 09:46:25+00:00,VALID,562581.0,85,0,2026-09-26 09:46:00+00:00
2026-09-26 09:47:25+00:00,FF64,,117,64,2026-09-26 09:47:00+00:00
2026-09-26 09:48:25+00:00,VALID,562701.0,85,0,2026-09-26 09:48:00+00:00
2026-09-26 09:49:25+00:00,FF64,,117,64,2026-09-26 09:49:00+00:00
2026-09-26 09:50:25+00:00,VALID,562821.0,85,0,2026-09-26 09:50:00+00:00
2026-09-26 09:51:25+00:00,VALID,562881.0,85,0,2026-09-26 09:51:00+00:00
2026-09-26 09:52:25+00:00,VALID,562941.0,85,0,2026-09-26 09:52:00+00:00
2026-09-26 09:53:25+00:00,VALID,563001.0,85,0,2026-09-26 09:53:00+00:00
2026-09-26 09:54:25+00:00,VALID,563061.0,85,0,2026-09-26 09:54:00+00:00
2026-09-26 09:55:25+00:00,FF64,,117,64,2026-09-26 09:55:00+00:00
2026-09-26 09:56:25+00:00,VALID,563181.0,85,0,2026-09-26 09:56:00+00:00
2026-09-26 09:57:25+00:00,VALID,563241.0,85,0,2026-09-26 09:57:00+00:00
2026-09-26 09:58:25+00:00,VALID,563301.0,85,0,2026-09-26 09:58:00+00:00
2026-09-26 09:59:25+00:00,VALID,563361.0,85,0,2026-09-26 09:59:00+00:00
2026-09-26 10:00:25+00:00,VALID,563421.0,85,0,2026-09-26 10:00:00+00:00
2026-09-26 10:01:25+00:00,FF64,,117,64,2026-09-26 10:01:00+00:00
2026-09-26 10:02:25+00:00,VALID,563541.0,85,0,2026-09-26 10:02:00+00:00
2026-09-26 10:03:25+00:00,FF64,,117,64,2026-09-26 10:03:00+00:00
2026-09-26 10:04:25+00:00,VALID,563661.0,85,0,2026-09-26 10:04:00+00:00
2026-09-26 10:05:25+00:00,FF64,,117,64,2026-09-26 10:05:00+00:00
2026-09-26 10:06:25+00:00,VALID,563781.0,85,0,2026-09-26 10:06:00+00:00
2026-09-26 10:07:25+00:00,VALID,563841.0,85,0,2026-09-26 10:07:00+00:00
2026-09-26 10:08:25+00:00,VALID,563901.0,85,0,2026-09-26 10:08:00+00:00
2026-09-26 10:09:25+00:00,VALID,563961.0,85,0,2026-09-26 10:09:00+00:00
2026-09-26 10:10:25+00:00,VALID,564021.0,85,0,2026-09-26 10:10:00+00:00
2026-09-26 10:11:25+00:00,VALID,564081.0,85,0,2026-09-26 10:11:00+00:00
2026-09-26 10:12:25+00:00,VALID,564141.0,85,0,2026-09-26 10:12:00+00:00
2026-09-26 10:13:25+00:00,FF64,,117,64,2026-09-26 10:13:00+00:00
2026-09-26 10:14:25+00:00,VALID,564261.0,85,0,2026-09-26 10:14:00+00:00
2026-09-26 10:15:25+00:00,VALID,564321.0,85,0,2026-09-26 10:15:00+00:00
2026-09-26 10:16:25+00:00,VALID,564381.0,85,0,2026-09-26 10:16:00+00:00
2026-09-26 10:17:25+00:00,VALID,564441.0,85,0,2026-09-26 10:17:00+00:00
2026-09-26 10:18:25+00:00,VALID,564501.0,85,0,2026-09-26 10:18:00+00:00
2026-09-26 10:19:25+00:00,FF64,,117,64,2026-09-26 10:19:00+00:00
2026-09-26 10:20:25+00:00,VALID,564621.0,85,0,2026-09-26 10:20:00+00:00
2026-09-26 10:21:25+00:00,FF64,,117,64,2026-09-26 10:21:00+00:00
2026-09-26 10:22:25+00:00,VALID,564741.0,85,0,2026-09-26 10:22:00+00:00
2026-09-26 10:23:25+00:00,FF64,,117,64,2026-09-26 10:23:00+00:00
2026-09-26 10:24:25+00:00,VALID,564861.0,85,0,2026-09-26 10:24:00+00:00
2026-09-26 10:25:25+00:00,FF64,,117,64,2026-09-26 10:25:00+00:00
2026-09-26 10:26:25+00:00,VALID,564981.0,85,0,2026-09-26 10:26:00+00:00
2026-09-26 10:27:25+00:00,FF64,,117,64,2026-09-26 10:27:00+00:00
2026-09-26 10:28:25+00:00,VALID,565101.0,85,0,2026-09-26 10:28:00+00:00
2026-09-26 10:29:25+00:00,FF64,,117,64,2026-09-26 10:29:00+00:00
2026-09-26 10:30:25+00:00,VALID,565221.0,85,0,2026-09-26 10:30:00+00:00
2026-09-26 10:31:25+00:00,FF64,,117,64,2026-09-26 10:31:00+00:00
2026-09-26 10:32:25+00:00,VALID,565341.0,85,0,2026-09-26 10:32:00+00:00
2026-09-26 10:33:25+00:00,FF64,,117,64,2026-09-26 10:33:00+00:00
2026-09-26 10:34:25+00:00,VALID,565461.0,85,0,2026-09-26 10:34:00+00:00
2026-09-26 10:35:25+00:00,FF64,,120,64,2026-09-26 10:35:00+00:00
2026-09-26 10:36:25+00:00,VALID,565581.0,88,0,2026-09-26 10:36:00+00:00
2026-09-26 10:37:25+00:00,FF64,,120,64,2026-09-26 10:37:00+00:00
2026-09-26 10:38:25+00:00,VALID,565701.0,88,0,2026-09-26 10:38:00+00:00
2026-09-26 10:39:25+00:00,VALID,565761.0,88,0,2026-09-26 10:39:00+00:00
2026-09-26 10:40:25+00:00,VALID,565821.0,88,0,2026-09-26 10:40:00+00:00
2026-09-26 10:41:25+00:00,VALID,565881.0,88,0,2026-09-26 10:41:00+00:00
2026-09-26 10:42:25+00:00,VALID,565941.0,86,0,2026-09-26 10:42:00+00:00
2026-09-26 10:43:25+00:00,FF64,,117,64,2026-09-26 10:43:00+00:00
2026-09-26 10:44:25+00:00,VALID,566061.0,86,0,2026-09-26 10:44:00+00:00
2026-09-26 10:45:25+00:00,FF64,,120,64,2026-09-26 10:45:00+00:00
2026-09-26 10:46:25+00:00,VALID,566181.0,88,0,2026-09-26 10:46:00+00:00
2026-09-26 10:47:25+00:00,FF64,,120,64,2026-09-26 10:47:00+00:00
2026-09-26 10:48:25+00:00,VALID,566301.0,88,0,2026-09-26 10:48:00+00:00
2026-09-26 10:49:25+00:00,FF64,,120,64,2026-09-26 10:49:00+00:00
2026-09-26 10:50:25+00:00,VALID,566421.0,88,0,2026-09-26 10:50:00+00:00
2026-09-26 10:51:25+00:00,FF64,,120,64,2026-09-26 10:51:00+00:00
2026-09-26 10:52:25+00:00,VALID,566541.0,88,0,2026-09-26 10:52:00+00:00
2026-09-26 10:53:25+00:00,FF64,,120,64,2026-09-26 10:53:00+00:00
2026-09-26 10:54:25+00:00,VALID,566661.0,88,0,2026-09-26 10:54:00+00:00
2026-09-26 10:55:25+00:00,FF64,,120,64,2026-09-26 10:55:00+00:00
2026-09-26 10:56:25+00:00,VALID,566781.0,88,0,2026-09-26 10:56:00+00:00
2026-09-26 10:57:25+00:00,VALID,566841.0,88,0,2026-09-26 10:57:00+00:00
2026-09-26 10:58:25+00:00,VALID,566901.0,88,0,2026-09-26 10:58:00+00:00
2026-09-26 10:59:25+00:00,FF64,,120,64,2026-09-26 10:59:00+00:00
2026-09-26 11:00:25+00:00,VALID,567021.0,88,0,2026-09-26 11:00:00+00:00
2026-09-26 11:01:25+00:00,FF64,,120,64,2026-09-26 11:01:00+00:00
2026-09-26 11:02:25+00:00,VALID,567141.0,88,0,2026-09-26 11:02:00+00:00
2026-09-26 11:03:25+00:00,VALID,567201.0,88,0,2026-09-26 11:03:00+00:00
2026-09-26 11:04:25+00:00,VALID,567261.0,88,0,2026-09-26 11:04:00+00:00
2026-09-26 11:05:25+00:00,FF64,,120,64,2026-09-26 11:05:00+00:00
2026-09-26 11:06:25+00:00,VALID,567381.0,88,0,2026-09-26 11:06:00+00:00
2026-09-26 11:07:25+00:00,FF64,,120,64,2026-09-26 11:07:00+00:00
2026-09-26 11:08:25+00:00,VALID,567501.0,88,0,2026-09-26 11:08:00+00:00
2026-09-26 11:09:25+00:00,FF64,,120,64,2026-09-26 11:09:00+00:00
2026-09-26 11:10:25+00:00,VALID,567621.0,88,0,2026-09-26 11:10:00+00:00
2026-09-26 11:11:25+00:00,FF64,,120,64,2026-09-26 11:11:00+00:00
2026-09-26 11:12:25+00:00,VALID,567741.0,88,0,2026-09-26 11:12:00+00:00
2026-09-26 11:13:25+00:00,FF64,,120,64,2026-09-26 11:13:00+00:00
2026-09-26 11:14:25+00:00,VALID,567861.0,88,0,2026-09-26 11:14:00+00:00
2026-09-26 11:15:25+00:00,FF64,,120,64,2026-09-26 11:15:00+00:00
2026-09-26 11:16:25+00:00,VALID,567981.0,88,0,2026-09-26 11:16:00+00:00
2026-09-26 11:17:25+00:00,VALID,568041.0,88,0,2026-09-26 11:17:00+00:00
2026-09-26 11:18:25+00:00,VALID,568101.0,88,0,2026-09-26 11:18:00+00:00
2026-09-26 11:19:25+00:00,VALID,568161.0,88,0,2026-09-26 11:19:00+00:00
2026-09-26 11:20:25+00:00,VALID,568221.0,88,0,2026-09-26 11:20:00+00:00
2026-09-26 11:21:25+00:00,VALID,568281.0,88,0,2026-09-26 11:21:00+00:00
2026-09-26 11:22:25+00:00,VALID,568341.0,88,0,2026-09-26 11:22:00+00:00
2026-09-26 11:23:25+00:00,FF64,,120,64,2026-09-26 11:23:00+00:00
2026-09-26 11:24:25+00:00,VALID,568461.0,88,0,2026-09-26 11:24:00+00:00
2026-09-26 11:25:25+00:00,VALID,568521.0,88,0,2026-09-26 11:25:00+00:00
2026-09-26 11:26:25+00:00,VALID,568581.0,88,0,2026-09-26 11:26:00+00:00
2026-09-26 11:27:25+00:00,VALID,568641.0,88,0,2026-09-26 11:27:00+00:00
2026-09-26 11:28:25+00:00,VALID,568701.0,88,0,2026-09-26 11:28:00+00:00
2026-09-26 11:29:25+00:00,FF64,,120,64,2026-09-26 11:29:00+00:00
2026-09-26 11:30:25+00:00,VALID,568821.0,88,0,2026-09-26 11:30:00+00:00
2026-09-26 11:31:25+00:00,VALID,568881.0,88,0,2026-09-26 11:31:00+00:00
2026-09-26 11:32:25+00:00,VALID,568941.0,88,0,2026-09-26 11:32:00+00:00
2026-09-26 11:33:25+00:00,VALID,569001.0,88,0,2026-09-26 11:33:00+00:00
2026-09-26 11:34:25+00:00,VALID,569061.0,88,0,2026-09-26 11:34:00+00:00
2026-09-26 11:35:25+00:00,VALID,569121.0,88,0,2026-09-26 11:35:00+00:00
2026-09-26 11:36:25+00:00,VALID,569181.0,88,0,2026-09-26 11:36:00+00:00
2026-09-26 11:37:25+00:00,VALID,569241.0,88,0,2026-09-26 11:37:00+00:00
2026-09-26 11:38:25+00:00,VALID,569301.0,88,0,2026-09-26 11:38:00+00:00
2026-09-26 11:39:25+00:00,VALID,569361.0,88,0,2026-09-26 11:39:00+00:00
2026-09-26 11:40:25+00:00,VALID,569421.0,88,0,2026-09-26 11:40:00+00:00
2026-09-26 11:41:25+00:00,VALID,569481.0,88,0,2026-09-26 11:41:00+00:00
2026-09-26 11:42:25+00:00,VALID,569541.0,88,0,2026-09-26 11:42:00+00:00
2026-09-26 11:43:25+00:00,FF64,,120,64,2026-09-26 11:43:00+00:00
2026-09-26 11:44:25+00:00,VALID,569661.0,88,0,2026-09-26 11:44:00+00:00
2026-09-26 11:45:25+00:00,FF64,,120,64,2026-09-26 11:45:00+00:00
2026-09-26 11:46:25+00:00,VALID,569781.0,88,0,2026-09-26 11:46:00+00:00
2026-09-26 11:47:25+00:00,FF64,,120,64,2026-09-26 11:47:00+00:00
2026-09-26 11:48:25+00:00,VALID,569901.0,88,0,2026-09-26 11:48:00+00:00
2026-09-26 11:49:25+00:00,FF64,,120,64,2026-09-26 11:49:00+00:00
2026-09-26 11:50:25+00:00,VALID,570021.0,88,0,2026-09-26 11:50:00+00:00
2026-09-26 11:51:25+00:00,FF64,,120,64,2026-09-26 11:51:00+00:00
2026-09-26 11:52:25+00:00,VALID,570141.0,88,0,2026-09-26 11:52:00+00:00
2026-09-26 11:53:25+00:00,VALID,570201.0,88,0,2026-09-26 11:53:00+00:00
2026-09-26 11:54:25+00:00,VALID,570261.0,88,0,2026-09-26 11:54:00+00:00
2026-09-26 11:55:25+00:00,FF64,,120,64,2026-09-26 11:55:00+00:00
2026-09-26 11:56:25+00:00,VALID,570381.0,88,0,2026-09-26 11:56:00+00:00
2026-09-26 11:57:25+00:00,FF64,,120,64,2026-09-26 11:57:00+00:00
2026-09-26 11:58:25+00:00,VALID,570501.0,88,0,2026-09-26 11:58:00+00:00
2026-09-26 11:59:25+00:00,VALID,570561.0,88,0,2026-09-26 11:59:00+00:00
2026-09-26 12:00:25+00:00,VALID,570621.0,88,0,2026-09-26 12:00:00+00:00
2026-09-26 12:01:25+00:00,FF64,,120,64,2026-09-26 12:01:00+00:00
2026-09-26 12:02:25+00:00,VALID,570741.0,88,0,2026-09-26 12:02:00+00:00
2026-09-26 12:03:25+00:00,FF64,,120,64,2026-09-26 12:03:00+00:00
2026-09-26 12:04:25+00:00,VALID,570861.0,88,0,2026-09-26 12:04:00+00:00
2026-09-26 12:05:25+00:00,FF64,,120,64,2026-09-26 12:05:00+00:00
2026-09-26 12:06:25+00:00,VALID,570981.0,88,0,2026-09-26 12:06:00+00:00
2026-09-26 12:07:25+00:00,VALID,571041.0,88,0,2026-09-26 12:07:00+00:00
2026-09-26 12:08:25+00:00,VALID,571101.0,88,0,2026-09-26 12:08:00+00:00
2026-09-26 12:09:25+00:00,VALID,571161.0,88,0,2026-09-26 12:09:00+00:00
2026-09-26 12:10:25+00:00,VALID,571221.0,88,0,2026-09-26 12:10:00+00:00
2026-09-26 12:11:25+00:00,VALID,571281.0,88,0,2026-09-26 12:11:00+00:00
2026-09-26 12:12:25+00:00,VALID,571341.0,88,0,2026-09-26 12:12:00+00:00
2026-09-26 12:13:25+00:00,FF64,,121,64,2026-09-26 12:13:00+00:00
2026-09-26 12:14:25+00:00,VALID,571461.0,89,0,2026-09-26 12:14:00+00:00
2026-09-26 12:15:25+00:00,VALID,571521.0,87,0,2026-09-26 12:15:00+00:00
2026-09-26 12:16:25+00:00,VALID,571581.0,86,0,2026-09-26 12:16:00+00:00
2026-09-26 12:17:25+00:00,VALID,571641.0,85,0,2026-09-26 12:17:00+00:00
2026-09-26 12:18:25+00:00,VALID,571701.0,85,0,2026-09-26 12:18:00+00:00
2026-09-26 12:19:25+00:00,FF64,,117,64,2026-09-26 12:19:00+00:00
2026-09-26 12:20:25+00:00,VALID,571821.0,85,0,2026-09-26 12:20:00+00:00
2026-09-26 12:21:25+00:00,VALID,571881.0,85,0,2026-09-26 12:21:00+00:00
2026-09-26 12:22:25+00:00,VALID,571941.0,85,0,2026-09-26 12:22:00+00:00
2026-09-26 12:23:25+00:00,FF64,,117,64,2026-09-26 12:23:00+00:00
2026-09-26 12:24:25+00:00,VALID,572061.0,85,0,2026-09-26 12:24:00+00:00
2026-09-26 12:25:25+00:00,FF64,,117,64,2026-09-26 12:25:00+00:00
2026-09-26 12:26:25+00:00,VALID,572181.0,85,0,2026-09-26 12:26:00+00:00
2026-09-26 12:27:25+00:00,VALID,572241.0,85,0,2026-09-26 12:27:00+00:00
2026-09-26 12:28:25+00:00,VALID,572301.0,85,0,2026-09-26 12:28:00+00:00
2026-09-26 12:29:25+00:00,FF64,,117,64,2026-09-26 12:29:00+00:00
2026-09-26 12:30:25+00:00,VALID,572421.0,85,0,2026-09-26 12:30:00+00:00
2026-09-26 12:31:25+00:00,VALID,572481.0,85,0,2026-09-26 12:31:00+00:00
2026-09-26 12:32:25+00:00,VALID,572541.0,85,0,2026-09-26 12:32:00+00:00
2026-09-26 12:33:25+00:00,VALID,572601.0,85,0,2026-09-26 12:33:00+00:00
2026-09-26 12:34:25+00:00,VALID,572661.0,85,0,2026-09-26 12:34:00+00:00
2026-09-26 12:35:25+00:00,FF64,,117,64,2026-09-26 12:35:00+00:00
2026-09-26 12:36:25+00:00,VALID,572781.0,85,0,2026-09-26 12:36:00+00:00
2026-09-26 12:37:25+00:00,FF64,,117,64,2026-09-26 12:37:00+00:00
2026-09-26 12:38:25+00:00,VALID,572901.0,85,0,2026-09-26 12:38:00+00:00
2026-09-26 12:39:25+00:00,FF64,,117,64,2026-09-26 12:39:00+00:00
2026-09-26 12:40:25+00:00,VALID,573021.0,85,0,2026-09-26 12:40:00+00:00
2026-09-26 12:41:25+00:00,FF64,,118,64,2026-09-26 12:41:00+00:00
2026-09-26 12:42:25+00:00,VALID,573141.0,86,0,2026-09-26 12:42:00+00:00
2026-09-26 12:43:25+00:00,FF64,,118,64,2026-09-26 12:43:00+00:00
2026-09-26 12:44:25+00:00,VALID,573261.0,86,0,2026-09-26 12:44:00+00:00
2026-09-26 12:45:25+00:00,FF64,,118,64,2026-09-26 12:45:00+00:00
2026-09-26 12:46:25+00:00,VALID,573381.0,86,0,2026-09-26 12:46:00+00:00
2026-09-26 12:47:25+00:00,FF64,,118,64,2026-09-26 12:47:00+00:00
2026-09-26 12:48:25+00:00,VALID,573501.0,86,0,2026-09-26 12:48:00+00:00
2026-09-26 12:49:25+00:00,FF64,,118,64,2026-09-26 12:49:00+00:00
2026-09-26 12:50:25+00:00,VALID,573621.0,86,0,2026-09-26 12:50:00+00:00
2026-09-26 12:51:25+00:00,FF64,,118,64,2026-09-26 12:51:00+00:00
2026-09-26 12:52:25+00:00,VALID,573741.0,86,0,2026-09-26 12:52:00+00:00
2026-09-26 12:53:25+00:00,FF64,,118,64,2026-09-26 12:53:00+00:00
2026-09-26 12:54:25+00:00,VALID,573861.0,86,0,2026-09-26 12:54:00+00:00
2026-09-26 12:55:25+00:00,FF64,,118,64,2026-09-26 12:55:00+00:00
2026-09-26 12:56:25+00:00,VALID,573981.0,86,0,2026-09-26 12:56:00+00:00
2026-09-26 12:57:25+00:00,FF64,,118,64,2026-09-26 12:57:00+00:00
2026-09-26 12:58:25+00:00,VALID,574101.0,86,0,2026-09-26 12:58:00+00:00
2026-09-26 12:59:25+00:00,FF64,,118,64,2026-09-26 12:59:00+00:00
2026-09-26 13:00:25+00:00,VALID,574221.0,86,0,2026-09-26 13:00:00+00:00
2026-09-26 13:01:25+00:00,FF64,,118,64,2026-09-26 13:01:00+00:00
2026-09-26 13:02:25+00:00,VALID,574341.0,86,0,2026-09-26 13:02:00+00:00
2026-09-26 13:03:25+00:00,FF64,,118,64,2026-09-26 13:03:00+00:00
2026-09-26 13:04:25+00:00,VALID,574461.0,85,0,2026-09-26 13:04:00+00:00
2026-09-26 13:05:25+00:00,FF64,,117,64,2026-09-26 13:05:00+00:00
2026-09-26 13:06:25+00:00,VALID,574581.0,85,0,2026-09-26 13:06:00+00:00
2026-09-26 13:07:25+00:00,FF64,,117,64,2026-09-26 13:07:00+00:00
2026-09-26 13:08:25+00:00,VALID,574701.0,85,0,2026-09-26 13:08:00+00:00
2026-09-26 13:09:25+00:00,FF64,,118,64,2026-09-26 13:09:00+00:00
2026-09-26 13:10:25+00:00,VALID,574821.0,85,0,2026-09-26 13:10:00+00:00
2026-09-26 13:11:25+00:00,FF64,,117,64,2026-09-26 13:11:00+00:00
2026-09-26 13:12:25+00:00,VALID,574941.0,85,0,2026-09-26 13:12:00+00:00
2026-09-26 13:13:25+00:00,FF64,,117,64,2026-09-26 13:13:00+00:00
2026-09-26 13:14:25+00:00,VALID,575061.0,85,0,2026-09-26 13:14:00+00:00
2026-09-26 13:15:25+00:00,FF64,,117,64,2026-09-26 13:15:00+00:00
2026-09-26 13:16:25+00:00,VALID,575181.0,85,0,2026-09-26 13:16:00+00:00
2026-09-26 13:17:25+00:00,FF64,,117,64,2026-09-26 13:17:00+00:00
2026-09-26 13:18:25+00:00,VALID,575301.0,85,0,2026-09-26 13:18:00+00:00
2026-09-26 13:19:25+00:00,FF64,,117,64,2026-09-26 13:19:00+00:00
2026-09-26 13:20:25+00:00,VALID,575421.0,85,0,2026-09-26 13:20:00+00:00
2026-09-26 13:21:25+00:00,FF64,,117,64,2026-09-26 13:21:00+00:00
2026-09-26 13:22:25+00:00,VALID,575541.0,85,0,2026-09-26 13:22:00+00:00
2026-09-26 13:23:25+00:00,FF64,,117,64,2026-09-26 13:23:00+00:00
2026-09-26 13:24:25+00:00,VALID,575661.0,85,0,2026-09-26 13:24:00+00:00
2026-09-26 13:25:25+00:00,FF64,,117,64,2026-09-26 13:25:00+00:00
2026-09-26 13:26:25+00:00,VALID,575781.0,85,0,2026-09-26 13:26:00+00:00
2026-09-26 13:27:25+00:00,VALID,575841.0,85,0,2026-09-26 13:27:00+00:00
2026-09-26 13:28:25+00:00,VALID,575901.0,85,0,2026-09-26 13:28:00+00:00
2026-09-26 13:29:25+00:00,FF64,,117,64,2026-09-26 13:29:00+00:00
2026-09-26 13:30:25+00:00,VALID,576021.0,85,0,2026-09-26 13:30:00+00:00
2026-09-26 13:31:25+00:00,FF64,,117,64,2026-09-26 13:31:00+00:00
2026-09-26 13:32:25+00:00,VALID,576141.0,85,0,2026-09-26 13:32:00+00:00
2026-09-26 13:33:25+00:00,VALID,576201.0,85,0,2026-09-26 13:33:00+00:00
2026-09-26 13:34:25+00:00,VALID,576261.0,85,0,2026-09-26 13:34:00+00:00
2026-09-26 13:35:25+00:00,FF64,,117,64,2026-09-26 13:35:00+00:00
2026-09-26 13:36:25+00:00,VALID,576381.0,86,0,2026-09-26 13:36:00+00:00
2026-09-26 13:37:25+00:00,VALID,576441.0,88,0,2026-09-26 13:37:00+00:00
2026-09-26 13:38:25+00:00,VALID,576501.0,88,0,2026-09-26 13:38:00+00:00
2026-09-26 13:39:25+00:00,FF64,,120,64,2026-09-26 13:39:00+00:00
2026-09-26 13:40:25+00:00,VALID,576621.0,88,0,2026-09-26 13:40:00+00:00
2026-09-26 13:41:25+00:00,FF64,,120,64,2026-09-26 13:41:00+00:00
2026-09-26 13:42:25+00:00,VALID,576741.0,88,0,2026-09-26 13:42:00+00:00
2026-09-26 13:43:25+00:00,FF64,,120,64,2026-09-26 13:43:00+00:00
2026-09-26 13:44:25+00:00,VALID,576861.0,88,0,2026-09-26 13:44:00+00:00
2026-09-26 13:45:25+00:00,FF64,,120,64,2026-09-26 13:45:00+00:00
2026-09-26 13:46:25+00:00,VALID,576981.0,88,0,2026-09-26 13:46:00+00:00
2026-09-26 13:47:25+00:00,FF64,,120,64,2026-09-26 13:47:00+00:00
2026-09-26 13:48:25+00:00,VALID,577101.0,88,0,2026-09-26 13:48:00+00:00
2026-09-26 13:49:25+00:00,VALID,577161.0,88,0,2026-09-26 13:49:00+00:00
2026-09-26 13:50:25+00:00,VALID,577221.0,88,0,2026-09-26 13:50:00+00:00
2026-09-26 13:51:25+00:00,FF64,,120,64,2026-09-26 13:51:00+00:00
2026-09-26 13:52:25+00:00,VALID,577341.0,88,0,2026-09-26 13:52:00+00:00
2026-09-26 13:53:25+00:00,FF64,,120,64,2026-09-26 13:53:00+00:00
2026-09-26 13:54:25+00:00,VALID,577461.0,88,0,2026-09-26 13:54:00+00:00
2026-09-26 13:55:25+00:00,VALID,577521.0,88,0,2026-09-26 13:55:00+00:00
2026-09-26 13:56:25+00:00,VALID,577581.0,88,0,2026-09-26 13:56:00+00:00
2026-09-26 13:57:25+00:00,FF64,,120,64,2026-09-26 13:57:00+00:00
2026-09-26 13:58:25+00:00,VALID,577701.0,88,0,2026-09-26 13:58:00+00:00
2026-09-26 13:59:25+00:00,FF64,,120,64,2026-09-26 13:59:00+00:00
2026-09-26 14:00:25+00:00,VALID,577821.0,88,0,2026-09-26 14:00:00+00:00
2026-09-26 14:01:25+00:00,FF64,,120,64,2026-09-26 14:01:00+00:00
2026-09-26 14:02:25+00:00,VALID,577941.0,88,0,2026-09-26 14:02:00+00:00
2026-09-26 14:03:25+00:00,FF64,,120,64,2026-09-26 14:03:00+00:00
2026-09-26 14:04:25+00:00,VALID,578061.0,88,0,2026-09-26 14:04:00+00:00
2026-09-26 14:05:25+00:00,FF64,,120,64,2026-09-26 14:05:00+00:00
2026-09-26 14:06:25+00:00,VALID,578181.0,88,0,2026-09-26 14:06:00+00:00
2026-09-26 14:07:25+00:00,FF64,,120,64,2026-09-26 14:07:00+00:00
2026-09-26 14:08:25+00:00,VALID,578301.0,88,0,2026-09-26 14:08:00+00:00
2026-09-26 14:09:25+00:00,FF64,,120,64,2026-09-26 14:09:00+00:00
2026-09-26 14:10:25+00:00,VALID,578421.0,88,0,2026-09-26 14:10:00+00:00
2026-09-26 14:11:25+00:00,FF64,,120,64,2026-09-26 14:11:00+00:00
2026-09-26 14:12:25+00:00,VALID,578541.0,88,0,2026-09-26 14:12:00+00:00
2026-09-26 14:13:25+00:00,VALID,578601.0,88,0,2026-09-26 14:13:00+00:00
2026-09-26 14:14:25+00:00,VALID,578661.0,88,0,2026-09-26 14:14:00+00:00
2026-09-26 14:15:25+00:00,VALID,578721.0,88,0,2026-09-26 14:15:00+00:00
2026-09-26 14:16:25+00:00,VALID,578781.0,88,0,2026-09-26 14:16:00+00:00
2026-09-26 14:17:25+00:00,FF64,,120,64,2026-09-26 14:17:00+00:00
2026-09-26 14:18:25+00:00,VALID,578901.0,88,0,2026-09-26 14:18:00+00:00
2026-09-26 14:19:25+00:00,FF64,,120,64,2026-09-26 14:19:00+00:00
2026-09-26 14:20:25+00:00,VALID,579021.0,88,0,2026-09-26 14:20:00+00:00
2026-09-26 14:21:25+00:00,VALID,579081.0,88,0,2026-09-26 14:21:00+00:00
2026-09-26 14:22:25+00:00,VALID,579141.0,88,0,2026-09-26 14:22:00+00:00
2026-09-26 14:23:25+00:00,FF64,,120,64,2026-09-26 14:23:00+00:00
2026-09-26 14:24:25+00:00,VALID,579261.0,88,0,2026-09-26 14:24:00+00:00
2026-09-26 14:25:25+00:00,FF64,,120,64,2026-09-26 14:25:00+00:00
2026-09-26 14:26:25+00:00,VALID,579381.0,88,0,2026-09-26 14:26:00+00:00
2026-09-26 14:27:25+00:00,FF64,,120,64,2026-09-26 14:27:00+00:00
2026-09-26 14:28:25+00:00,VALID,579501.0,88,0,2026-09-26 14:28:00+00:00
2026-09-26 14:29:25+00:00,FF64,,120,64,2026-09-26 14:29:00+00:00
2026-09-26 14:30:25+00:00,VALID,579621.0,88,0,2026-09-26 14:30:00+00:00
2026-09-26 14:31:25+00:00,FF64,,120,64,2026-09-26 14:31:00+00:00
2026-09-26 14:32:25+00:00,VALID,579741.0,88,0,2026-09-26 14:32:00+00:00
2026-09-26 14:33:25+00:00,FF64,,120,64,2026-09-26 14:33:00+00:00
2026-09-26 14:34:25+00:00,VALID,579861.0,88,0,2026-09-26 14:34:00+00:00
2026-09-26 14:35:25+00:00,FF64,,120,64,2026-09-26 14:35:00+00:00
2026-09-26 14:36:25+00:00,VALID,579981.0,88,0,2026-09-26 14:36:00+00:00
2026-09-26 14:37:25+00:00,FF64,,120,64,2026-09-26 14:37:00+00:00
2026-09-26 14:38:25+00:00,VALID,580101.0,88,0,2026-09-26 14:38:00+00:00
2026-09-26 14:39:25+00:00,FF64,,120,64,2026-09-26 14:39:00+00:00
2026-09-26 14:40:25+00:00,VALID,580221.0,88,0,2026-09-26 14:40:00+00:00
2026-09-26 14:41:25+00:00,VALID,580281.0,88,0,2026-09-26 14:41:00+00:00
2026-09-26 14:42:25+00:00,VALID,580341.0,88,0,2026-09-26 14:42:00+00:00
2026-09-26 14:43:25+00:00,FF64,,120,64,2026-09-26 14:43:00+00:00
2026-09-26 14:44:25+00:00,VALID,580461.0,88,0,2026-09-26 14:44:00+00:00
2026-09-26 14:45:25+00:00,FF64,,120,64,2026-09-26 14:45:00+00:00
2026-09-26 14:46:25+00:00,VALID,580581.0,88,0,2026-09-26 14:46:00+00:00
2026-09-26 14:47:25+00:00,FF64,,120,64,2026-09-26 14:47:00+00:00
2026-09-26 14:48:25+00:00,VALID,580701.0,88,0,2026-09-26 14:48:00+00:00
2026-09-26 14:49:25+00:00,VALID,580761.0,88,0,2026-09-26 14:49:00+00:00
2026-09-26 14:50:25+00:00,VALID,580821.0,88,0,2026-09-26 14:50:00+00:00
2026-09-26 14:51:25+00:00,FF64,,120,64,2026-09-26 14:51:00+00:00
2026-09-26 14:52:25+00:00,VALID,580941.0,88,0,2026-09-26 14:52:00+00:00
2026-09-26 14:53:25+00:00,VALID,581001.0,88,0,2026-09-26 14:53:00+00:00
2026-09-26 14:54:25+00:00,VALID,581061.0,88,0,2026-09-26 14:54:00+00:00
2026-09-26 14:55:25+00:00,FF64,,120,64,2026-09-26 14:55:00+00:00
2026-09-26 14:56:25+00:00,VALID,581181.0,88,0,2026-09-26 14:56:00+00:00
2026-09-26 14:57:25+00:00,FF64,,120,64,2026-09-26 14:57:00+00:00
2026-09-26 14:58:25+00:00,VALID,581301.0,88,0,2026-09-26 14:58:00+00:00
2026-09-26 14:59:25+00:00,FF64,,120,64,2026-09-26 14:59:00+00:00
2026-09-26 15:00:25+00:00,VALID,581421.0,88,0,2026-09-26 15:00:00+00:00
2026-09-26 15:01:25+00:00,VALID,581481.0,88,0,2026-09-26 15:01:00+00:00
2026-09-26 15:02:25+00:00,VALID,581541.0,88,0,2026-09-26 15:02:00+00:00
2026-09-26 15:03:25+00:00,FF64,,120,64,2026-09-26 15:03:00+00:00
2026-09-26 15:04:25+00:00,VALID,581661.0,88,0,2026-09-26 15:04:00+00:00
2026-09-26 15:05:25+00:00,FF64,,120,64,2026-09-26 15:05:00+00:00
2026-09-26 15:06:25+00:00,VALID,581781.0,88,0,2026-09-26 15:06:00+00:00
2026-09-26 15:07:25+00:00,FF64,,120,64,2026-09-26 15:07:00+00:00
2026-09-26 15:08:25+00:00,VALID,581901.0,88,0,2026-09-26 15:08:00+00:00
2026-09-26 15:09:25+00:00,FF64,,120,64,2026-09-26 15:09:00+00:00
2026-09-26 15:10:25+00:00,VALID,582021.0,88,0,2026-09-26 15:10:00+00:00
2026-09-26 15:11:25+00:00,FF64,,120,64,2026-09-26 15:11:00+00:00
2026-09-26 15:12:25+00:00,VALID,582141.0,88,0,2026-09-26 15:12:00+00:00
2026-09-26 15:13:25+00:00,FF64,,120,64,2026-09-26 15:13:00+00:00
2026-09-26 15:14:25+00:00,VALID,582261.0,88,0,2026-09-26 15:14:00+00:00
2026-09-26 15:15:25+00:00,VALID,582321.0,88,0,2026-09-26 15:15:00+00:00
2026-09-26 15:16:25+00:00,VALID,582381.0,88,0,2026-09-26 15:16:00+00:00
2026-09-26 15:17:25+00:00,FF64,,120,64,2026-09-26 15:17:00+00:00
2026-09-26 15:18:25+00:00,VALID,582501.0,88,0,2026-09-26 15:18:00+00:00
2026-09-26 15:19:25+00:00,FF64,,120,64,2026-09-26 15:19:00+00:00
2026-09-26 15:20:25+00:00,VALID,582621.0,88,0,2026-09-26 15:20:00+00:00
2026-09-26 15:21:25+00:00,FF64,,120,64,2026-09-26 15:21:00+00:00
2026-09-26 15:22:25+00:00,VALID,582741.0,88,0,2026-09-26 15:22:00+00:00
2026-09-26 15:23:25+00:00,FF64,,120,64,2026-09-26 15:23:00+00:00
2026-09-26 15:24:25+00:00,VALID,582861.0,88,0,2026-09-26 15:24:00+00:00
2026-09-26 15:25:25+00:00,VALID,582921.0,88,0,2026-09-26 15:25:00+00:00
2026-09-26 15:26:25+00:00,VALID,582981.0,88,0,2026-09-26 15:26:00+00:00
2026-09-26 15:27:25+00:00,FF64,,120,64,2026-09-26 15:27:00+00:00
2026-09-26 15:28:25+00:00,VALID,583101.0,88,0,2026-09-26 15:28:00+00:00
2026-09-26 15:29:25+00:00,VALID,583161.0,88,0,2026-09-26 15:29:00+00:00
2026-09-26 15:30:25+00:00,VALID,583221.0,88,0,2026-09-26 15:30:00+00:00
2026-09-26 15:31:25+00:00,VALID,583281.0,88,0,2026-09-26 15:31:00+00:00
2026-09-26 15:32:25+00:00,VALID,583341.0,88,0,2026-09-26 15:32:00+00:00
2026-09-26 15:33:25+00:00,VALID,583401.0,88,0,2026-09-26 15:33:00+00:00
2026-09-26 15:34:25+00:00,VALID,583461.0,88,0,2026-09-26 15:34:00+00:00
2026-09-26 15:35:25+00:00,FF64,,120,64,2026-09-26 15:35:00+00:00
2026-09-26 15:36:25+00:00,VALID,583581.0,88,0,2026-09-26 15:36:00+00:00
2026-09-26 15:37:25+00:00,FF64,,120,64,2026-09-26 15:37:00+00:00
2026-09-26 15:38:25+00:00,VALID,583701.0,88,0,2026-09-26 15:38:00+00:00
2026-09-26 15:39:25+00:00,VALID,583761.0,88,0,2026-09-26 15:39:00+00:00
2026-09-26 15:40:25+00:00,VALID,583821.0,88,0,2026-09-26 15:40:00+00:00
2026-09-26 15:41:25+00:00,FF64,,120,64,2026-09-26 15:41:00+00:00
2026-09-26 15:42:25+00:00,VALID,583941.0,88,0,2026-09-26 15:42:00+00:00
2026-09-26 15:43:25+00:00,VALID,584001.0,88,0,2026-09-26 15:43:00+00:00
2026-09-26 15:44:25+00:00,VALID,584061.0,88,0,2026-09-26 15:44:00+00:00
2026-09-26 15:45:25+00:00,FF64,,120,64,2026-09-26 15:45:00+00:00
2026-09-26 15:46:25+00:00,VALID,584181.0,88,0,2026-09-26 15:46:00+00:00
2026-09-26 15:47:25+00:00,VALID,584241.0,88,0,2026-09-26 15:47:00+00:00
2026-09-26 15:48:25+00:00,VALID,584301.0,88,0,2026-09-26 15:48:00+00:00
2026-09-26 15:49:25+00:00,FF64,,120,64,2026-09-26 15:49:00+00:00
2026-09-26 15:50:25+00:00,VALID,584421.0,88,0,2026-09-26 15:50:00+00:00
2026-09-26 15:51:25+00:00,VALID,584481.0,88,0,2026-09-26 15:51:00+00:00
2026-09-26 15:52:25+00:00,VALID,584541.0,88,0,2026-09-26 15:52:00+00:00
2026-09-26 15:53:25+00:00,FF64,,120,64,2026-09-26 15:53:00+00:00
2026-09-26 15:54:25+00:00,VALID,584661.0,88,0,2026-09-26 15:54:00+00:00
2026-09-26 15:55:25+00:00,VALID,584721.0,88,0,2026-09-26 15:55:00+00:00
2026-09-26 15:56:25+00:00,VALID,584781.0,88,0,2026-09-26 15:56:00+00:00
2026-09-26 15:57:25+00:00,FF64,,120,64,2026-09-26 15:57:00+00:00
2026-09-26 15:58:25+00:00,VALID,584901.0,88,0,2026-09-26 15:58:00+00:00
2026-09-26 15:59:25+00:00,FF64,,120,64,2026-09-26 15:59:00+00:00
2026-09-26 16:00:25+00:00,VALID,585021.0,88,0,2026-09-26 16:00:00+00:00
2026-09-26 16:01:25+00:00,FF64,,120,64,2026-09-26 16:01:00+00:00
2026-09-26 16:02:25+00:00,VALID,585141.0,88,0,2026-09-26 16:02:00+00:00
2026-09-26 16:03:25+00:00,VALID,585201.0,88,0,2026-09-26 16:03:00+00:00
2026-09-26 16:04:25+00:00,VALID,585261.0,88,0,2026-09-26 16:04:00+00:00
2026-09-26 16:05:25+00:00,FF64,,120,64,2026-09-26 16:05:00+00:00
2026-09-26 16:06:25+00:00,VALID,585381.0,88,0,2026-09-26 16:06:00+00:00
2026-09-26 16:07:25+00:00,FF64,,120,64,2026-09-26 16:07:00+00:00
2026-09-26 16:08:25+00:00,VALID,585501.0,88,0,2026-09-26 16:08:00+00:00
2026-09-26 16:09:25+00:00,VALID,585561.0,88,0,2026-09-26 16:09:00+00:00
2026-09-26 16:10:25+00:00,VALID,585621.0,88,0,2026-09-26 16:10:00+00:00
2026-09-26 16:11:25+00:00,FF64,,120,64,2026-09-26 16:11:00+00:00
2026-09-26 16:12:25+00:00,VALID,585741.0,88,0,2026-09-26 16:12:00+00:00
2026-09-26 16:13:25+00:00,VALID,585801.0,88,0,2026-09-26 16:13:00+00:00
2026-09-26 16:14:25+00:00,VALID,585861.0,88,0,2026-09-26 16:14:00+00:00
2026-09-26 16:15:25+00:00,VALID,585921.0,88,0,2026-09-26 16:15:00+00:00
2026-09-26 16:16:25+00:00,VALID,585981.0,88,0,2026-09-26 16:16:00+00:00
2026-09-26 16:17:25+00:00,VALID,586041.0,88,0,2026-09-26 16:17:00+00:00
2026-09-26 16:18:25+00:00,VALID,586101.0,88,0,2026-09-26 16:18:00+00:00
2026-09-26 16:19:25+00:00,FF64,,120,64,2026-09-26 16:19:00+00:00
2026-09-26 16:20:25+00:00,VALID,586221.0,88,0,2026-09-26 16:20:00+00:00
2026-09-26 16:21:25+00:00,VALID,586281.0,88,0,2026-09-26 16:21:00+00:00
2026-09-26 16:22:25+00:00,VALID,586341.0,88,0,2026-09-26 16:22:00+00:00
2026-09-26 16:23:25+00:00,FF64,,120,64,2026-09-26 16:23:00+00:00
2026-09-26 16:24:25+00:00,VALID,586461.0,88,0,2026-09-26 16:24:00+00:00
2026-09-26 16:25:25+00:00,FF64,,120,64,2026-09-26 16:25:00+00:00
2026-09-26 16:26:25+00:00,VALID,586581.0,88,0,2026-09-26 16:26:00+00:00
2026-09-26 16:27:25+00:00,VALID,586642.0,88,0,2026-09-26 16:27:00+00:00
2026-09-26 16:28:25+00:00,VALID,586702.0,88,0,2026-09-26 16:28:00+00:00
2026-09-26 16:29:25+00:00,FF64,,120,64,2026-09-26 16:29:00+00:00
2026-09-26 16:30:25+00:00,VALID,586822.0,88,0,2026-09-26 16:30:00+00:00
2026-09-26 16:31:25+00:00,FF64,,120,64,2026-09-26 16:31:00+00:00
2026-09-26 16:32:25+00:00,VALID,586942.0,88,0,2026-09-26 16:32:00+00:00
2026-09-26 16:33:25+00:00,VALID,587002.0,88,0,2026-09-26 16:33:00+00:00
2026-09-26 16:34:25+00:00,VALID,587062.0,88,0,2026-09-26 16:34:00+00:00
2026-09-26 16:35:25+00:00,FF64,,120,64,2026-09-26 16:35:00+00:00
2026-09-26 16:36:25+00:00,VALID,587182.0,88,0,2026-09-26 16:36:00+00:00
2026-09-26 16:37:25+00:00,FF64,,120,64,2026-09-26 16:37:00+00:00
2026-09-26 16:38:25+00:00,VALID,587302.0,88,0,2026-09-26 16:38:00+00:00
2026-09-26 16:39:25+00:00,FF64,,120,64,2026-09-26 16:39:00+00:00
2026-09-26 16:40:25+00:00,VALID,587422.0,88,0,2026-09-26 16:40:00+00:00
2026-09-26 16:41:25+00:00,FF64,,120,64,2026-09-26 16:41:00+00:00
2026-09-26 16:42:25+00:00,VALID,587542.0,88,0,2026-09-26 16:42:00+00:00
2026-09-26 16:43:25+00:00,VALID,587602.0,88,0,2026-09-26 16:43:00+00:00
2026-09-26 16:44:25+00:00,VALID,587662.0,88,0,2026-09-26 16:44:00+00:00
2026-09-26 16:45:25+00:00,FF64,,120,64,2026-09-26 16:45:00+00:00
2026-09-26 16:46:25+00:00,VALID,587782.0,88,0,2026-09-26 16:46:00+00:00
2026-09-26 16:47:25+00:00,FF64,,120,64,2026-09-26 16:47:00+00:00
2026-09-26 16:48:25+00:00,VALID,587902.0,88,0,2026-09-26 16:48:00+00:00
2026-09-26 16:49:25+00:00,FF64,,121,64,2026-09-26 16:49:00+00:00
2026-09-26 16:50:25+00:00,VALID,588022.0,89,0,2026-09-26 16:50:00+00:00
2026-09-26 16:51:26+00:00,VALID,588082.0,89,0,2026-09-26 16:51:00+00:00
2026-09-26 16:52:26+00:00,VALID,588142.0,89,0,2026-09-26 16:52:00+00:00
2026-09-26 16:53:26+00:00,VALID,588202.0,89,0,2026-09-26 16:53:00+00:00
2026-09-26 16:54:26+00:00,VALID,588262.0,89,0,2026-09-26 16:54:00+00:00
2026-09-26 16:55:26+00:00,FF64,,121,64,2026-09-26 16:55:00+00:00
2026-09-26 16:56:26+00:00,VALID,588382.0,89,0,2026-09-26 16:56:00+00:00
2026-09-26 16:57:26+00:00,VALID,588442.0,89,0,2026-09-26 16:57:00+00:00
2026-09-26 16:58:26+00:00,VALID,588502.0,89,0,2026-09-26 16:58:00+00:00
2026-09-26 16:59:26+00:00,VALID,588562.0,89,0,2026-09-26 16:59:00+00:00
2026-09-26 17:00:26+00:00,VALID,588622.0,88,0,2026-09-26 17:00:00+00:00
2026-09-26 17:01:26+00:00,FF64,,120,64,2026-09-26 17:01:00+00:00
2026-09-26 17:02:26+00:00,VALID,588742.0,88,0,2026-09-26 17:02:00+00:00
2026-09-26 17:03:26+00:00,FF64,,120,64,2026-09-26 17:03:00+00:00
2026-09-26 17:04:26+00:00,VALID,588862.0,88,0,2026-09-26 17:04:00+00:00
2026-09-26 17:05:26+00:00,FF64,,120,64,2026-09-26 17:05:00+00:00
2026-09-26 17:06:26+00:00,VALID,588982.0,88,0,2026-09-26 17:06:00+00:00
2026-09-26 17:07:26+00:00,FF64,,120,64,2026-09-26 17:07:00+00:00
2026-09-26 17:08:26+00:00,VALID,589102.0,89,0,2026-09-26 17:08:00+00:00
2026-09-26 17:09:26+00:00,FF64,,120,64,2026-09-26 17:09:00+00:00
2026-09-26 17:10:26+00:00,VALID,589222.0,88,0,2026-09-26 17:10:00+00:00
2026-09-26 17:11:26+00:00,FF64,,120,64,2026-09-26 17:11:00+00:00
2026-09-26 17:12:26+00:00,VALID,589342.0,88,0,2026-09-26 17:12:00+00:00
2026-09-26 17:13:26+00:00,VALID,589402.0,88,0,2026-09-26 17:13:00+00:00
2026-09-26 17:14:26+00:00,VALID,589462.0,88,0,2026-09-26 17:14:00+00:00
2026-09-26 17:15:26+00:00,FF64,,120,64,2026-09-26 17:15:00+00:00
2026-09-26 17:16:26+00:00,VALID,589582.0,88,0,2026-09-26 17:16:00+00:00
2026-09-26 17:17:26+00:00,VALID,589642.0,88,0,2026-09-26 17:17:00+00:00
2026-09-26 17:18:26+00:00,VALID,589702.0,88,0,2026-09-26 17:18:00+00:00
2026-09-26 17:19:26+00:00,FF64,,120,64,2026-09-26 17:19:00+00:00
2026-09-26 17:20:26+00:00,VALID,589822.0,88,0,2026-09-26 17:20:00+00:00
2026-09-26 17:21:26+00:00,VALID,589882.0,88,0,2026-09-26 17:21:00+00:00
2026-09-26 17:22:26+00:00,VALID,589942.0,88,0,2026-09-26 17:22:00+00:00
2026-09-26 17:23:26+00:00,VALID,590002.0,88,0,2026-09-26 17:23:00+00:00
2026-09-26 17:24:26+00:00,VALID,590062.0,88,0,2026-09-26 17:24:00+00:00
2026-09-26 17:25:26+00:00,FF64,,120,64,2026-09-26 17:25:00+00:00
2026-09-26 17:26:26+00:00,VALID,590182.0,88,0,2026-09-26 17:26:00+00:00
2026-09-26 17:27:26+00:00,FF64,,120,64,2026-09-26 17:27:00+00:00
2026-09-26 17:28:26+00:00,VALID,590302.0,88,0,2026-09-26 17:28:00+00:00
2026-09-26 17:29:26+00:00,FF64,,120,64,2026-09-26 17:29:00+00:00
2026-09-26 17:30:26+00:00,VALID,590422.0,88,0,2026-09-26 17:30:00+00:00
2026-09-26 17:31:26+00:00,VALID,590482.0,88,0,2026-09-26 17:31:00+00:00
2026-09-26 17:32:26+00:00,VALID,590542.0,88,0,2026-09-26 17:32:00+00:00
2026-09-26 17:33:26+00:00,FF64,,120,64,2026-09-26 17:33:00+00:00
2026-09-26 17:34:26+00:00,VALID,590662.0,88,0,2026-09-26 17:34:00+00:00
2026-09-26 17:35:26+00:00,FF64,,120,64,2026-09-26 17:35:00+00:00
2026-09-26 17:36:26+00:00,VALID,590782.0,88,0,2026-09-26 17:36:00+00:00
2026-09-26 17:37:26+00:00,FF64,,120,64,2026-09-26 17:37:00+00:00
2026-09-26 17:38:26+00:00,VALID,590902.0,88,0,2026-09-26 17:38:00+00:00
2026-09-26 17:39:26+00:00,FF64,,120,64,2026-09-26 17:39:00+00:00
2026-09-26 17:40:26+00:00,VALID,591022.0,88,0,2026-09-26 17:40:00+00:00
2026-09-26 17:41:26+00:00,FF64,,120,64,2026-09-26 17:41:00+00:00
2026-09-26 17:42:26+00:00,VALID,591142.0,88,0,2026-09-26 17:42:00+00:00
2026-09-26 17:43:26+00:00,FF64,,120,64,2026-09-26 17:43:00+00:00
2026-09-26 17:44:26+00:00,VALID,591262.0,88,0,2026-09-26 17:44:00+00:00
2026-09-26 17:45:26+00:00,FF64,,120,64,2026-09-26 17:45:00+00:00
2026-09-26 17:46:26+00:00,VALID,591382.0,88,0,2026-09-26 17:46:00+00:00
2026-09-26 17:47:26+00:00,FF64,,120,64,2026-09-26 17:47:00+00:00
2026-09-26 17:48:26+00:00,VALID,591502.0,88,0,2026-09-26 17:48:00+00:00
2026-09-26 17:49:26+00:00,VALID,591562.0,88,0,2026-09-26 17:49:00+00:00
2026-09-26 17:50:26+00:00,VALID,591622.0,88,0,2026-09-26 17:50:00+00:00
2026-09-26 17:51:26+00:00,VALID,591682.0,88,0,2026-09-26 17:51:00+00:00
2026-09-26 17:52:26+00:00,VALID,591742.0,88,0,2026-09-26 17:52:00+00:00
2026-09-26 17:53:26+00:00,VALID,591802.0,88,0,2026-09-26 17:53:00+00:00
2026-09-26 17:54:26+00:00,VALID,591862.0,88,0,2026-09-26 17:54:00+00:00
2026-09-26 17:55:26+00:00,FF64,,120,64,2026-09-26 17:55:00+00:00
2026-09-26 17:56:26+00:00,VALID,591982.0,88,0,2026-09-26 17:56:00+00:00
2026-09-26 17:57:26+00:00,FF64,,120,64,2026-09-26 17:57:00+00:00
2026-09-26 17:58:26+00:00,VALID,592102.0,88,0,2026-09-26 17:58:00+00:00
2026-09-26 17:59:26+00:00,FF64,,120,64,2026-09-26 17:59:00+00:00
2026-09-26 18:00:26+00:00,VALID,592222.0,88,0,2026-09-26 18:00:00+00:00
2026-09-26 18:01:26+00:00,FF64,,120,64,2026-09-26 18:01:00+00:00
2026-09-26 18:02:26+00:00,VALID,592342.0,88,0,2026-09-26 18:02:00+00:00
2026-09-26 18:03:26+00:00,FF64,,120,64,2026-09-26 18:03:00+00:00
2026-09-26 18:04:26+00:00,VALID,592462.0,88,0,2026-09-26 18:04:00+00:00
2026-09-26 18:05:26+00:00,FF64,,120,64,2026-09-26 18:05:00+00:00
2026-09-26 18:06:26+00:00,VALID,592582.0,88,0,2026-09-26 18:06:00+00:00
2026-09-26 18:07:26+00:00,VALID,592642.0,88,0,2026-09-26 18:07:00+00:00
2026-09-26 18:08:26+00:00,VALID,592702.0,88,0,2026-09-26 18:08:00+00:00
2026-09-26 18:09:26+00:00,FF64,,120,64,2026-09-26 18:09:00+00:00
2026-09-26 18:10:26+00:00,VALID,592822.0,88,0,2026-09-26 18:10:00+00:00
2026-09-26 18:11:26+00:00,VALID,592882.0,88,0,2026-09-26 18:11:00+00:00
2026-09-26 18:12:26+00:00,VALID,592942.0,88,0,2026-09-26 18:12:00+00:00
2026-09-26 18:13:26+00:00,FF64,,120,64,2026-09-26 18:13:00+00:00
2026-09-26 18:14:26+00:00,VALID,593062.0,88,0,2026-09-26 18:14:00+00:00
2026-09-26 18:15:26+00:00,FF64,,120,64,2026-09-26 18:15:00+00:00
2026-09-26 18:16:26+00:00,VALID,593182.0,89,0,2026-09-26 18:16:00+00:00
2026-09-26 18:17:26+00:00,FF64,,120,64,2026-09-26 18:17:00+00:00
2026-09-26 18:18:26+00:00,VALID,593302.0,88,0,2026-09-26 18:18:00+00:00
2026-09-26 18:19:26+00:00,FF64,,120,64,2026-09-26 18:19:00+00:00
2026-09-26 18:20:26+00:00,VALID,593422.0,88,0,2026-09-26 18:20:00+00:00
2026-09-26 18:21:26+00:00,FF64,,120,64,2026-09-26 18:21:00+00:00
2026-09-26 18:22:26+00:00,VALID,593542.0,88,0,2026-09-26 18:22:00+00:00
2026-09-26 18:23:26+00:00,FF64,,120,64,2026-09-26 18:23:00+00:00
2026-09-26 18:24:26+00:00,VALID,593662.0,88,0,2026-09-26 18:24:00+00:00
2026-09-26 18:25:26+00:00,FF64,,120,64,2026-09-26 18:25:00+00:00
2026-09-26 18:26:26+00:00,VALID,593782.0,88,0,2026-09-26 18:26:00+00:00
2026-09-26 18:27:26+00:00,VALID,593842.0,88,0,2026-09-26 18:27:00+00:00
2026-09-26 18:28:26+00:00,VALID,593902.0,88,0,2026-09-26 18:28:00+00:00
2026-09-26 18:29:26+00:00,FF64,,120,64,2026-09-26 18:29:00+00:00
2026-09-26 18:30:26+00:00,VALID,594022.0,88,0,2026-09-26 18:30:00+00:00
2026-09-26 18:31:26+00:00,FF64,,120,64,2026-09-26 18:31:00+00:00
2026-09-26 18:32:26+00:00,VALID,594142.0,88,0,2026-09-26 18:32:00+00:00
2026-09-26 18:33:26+00:00,VALID,594202.0,88,0,2026-09-26 18:33:00+00:00
2026-09-26 18:34:26+00:00,VALID,594262.0,88,0,2026-09-26 18:34:00+00:00
2026-09-26 18:35:26+00:00,FF64,,120,64,2026-09-26 18:35:00+00:00
2026-09-26 18:36:26+00:00,VALID,594382.0,88,0,2026-09-26 18:36:00+00:00
2026-09-26 18:37:26+00:00,FF64,,120,64,2026-09-26 18:37:00+00:00
2026-09-26 18:38:26+00:00,VALID,594502.0,88,0,2026-09-26 18:38:00+00:00
2026-09-26 18:39:26+00:00,FF64,,120,64,2026-09-26 18:39:00+00:00
2026-09-26 18:40:26+00:00,VALID,594622.0,88,0,2026-09-26 18:40:00+00:00
2026-09-26 18:41:26+00:00,FF64,,120,64,2026-09-26 18:41:00+00:00
2026-09-26 18:42:26+00:00,VALID,594742.0,88,0,2026-09-26 18:42:00+00:00
2026-09-26 18:43:26+00:00,VALID,594802.0,88,0,2026-09-26 18:43:00+00:00
2026-09-26 18:44:26+00:00,VALID,594862.0,88,0,2026-09-26 18:44:00+00:00
2026-09-26 18:45:26+00:00,FF64,,120,64,2026-09-26 18:45:00+00:00
2026-09-26 18:46:26+00:00,VALID,594982.0,88,0,2026-09-26 18:46:00+00:00
2026-09-26 18:47:26+00:00,VALID,595042.0,88,0,2026-09-26 18:47:00+00:00
2026-09-26 18:48:26+00:00,VALID,595102.0,88,0,2026-09-26 18:48:00+00:00
2026-09-26 18:49:26+00:00,VALID,595162.0,88,0,2026-09-26 18:49:00+00:00
2026-09-26 18:50:26+00:00,VALID,595222.0,88,0,2026-09-26 18:50:00+00:00
2026-09-26 18:51:26+00:00,FF64,,120,64,2026-09-26 18:51:00+00:00
2026-09-26 18:52:26+00:00,VALID,595342.0,88,0,2026-09-26 18:52:00+00:00
2026-09-26 18:53:26+00:00,FF64,,120,64,2026-09-26 18:53:00+00:00
2026-09-26 18:54:26+00:00,VALID,595462.0,88,0,2026-09-26 18:54:00+00:00
2026-09-26 18:55:26+00:00,FF64,,120,64,2026-09-26 18:55:00+00:00
2026-09-26 18:56:26+00:00,VALID,595582.0,88,0,2026-09-26 18:56:00+00:00
2026-09-26 18:57:26+00:00,FF64,,120,64,2026-09-26 18:57:00+00:00
2026-09-26 18:58:26+00:00,VALID,595702.0,88,0,2026-09-26 18:58:00+00:00
2026-09-26 18:59:26+00:00,VALID,595762.0,88,0,2026-09-26 18:59:00+00:00
2026-09-26 19:00:26+00:00,VALID,595822.0,88,0,2026-09-26 19:00:00+00:00
2026-09-26 19:01:26+00:00,FF64,,120,64,2026-09-26 19:01:00+00:00
2026-09-26 19:02:26+00:00,VALID,595942.0,88,0,2026-09-26 19:02:00+00:00
2026-09-26 19:03:26+00:00,VALID,596002.0,88,0,2026-09-26 19:03:00+00:00
2026-09-26 19:04:26+00:00,VALID,596062.0,88,0,2026-09-26 19:04:00+00:00
2026-09-26 19:05:26+00:00,FF64,,120,64,2026-09-26 19:05:00+00:00
2026-09-26 19:06:26+00:00,VALID,596182.0,88,0,2026-09-26 19:06:00+00:00
2026-09-26 19:07:26+00:00,FF64,,120,64,2026-09-26 19:07:00+00:00
2026-09-26 19:08:26+00:00,VALID,596302.0,88,0,2026-09-26 19:08:00+00:00
2026-09-26 19:09:26+00:00,VALID,596362.0,89,0,2026-09-26 19:09:00+00:00
2026-09-26 19:10:26+00:00,VALID,596422.0,89,0,2026-09-26 19:10:00+00:00
2026-09-26 19:11:26+00:00,FF64,,121,64,2026-09-26 19:11:00+00:00
2026-09-26 19:12:26+00:00,VALID,596542.0,89,0,2026-09-26 19:12:00+00:00
2026-09-26 19:13:26+00:00,VALID,596602.0,89,0,2026-09-26 19:13:00+00:00
2026-09-26 19:14:26+00:00,VALID,596662.0,89,0,2026-09-26 19:14:00+00:00
2026-09-26 19:15:26+00:00,FF64,,121,64,2026-09-26 19:15:00+00:00
2026-09-26 19:16:26+00:00,VALID,596782.0,88,0,2026-09-26 19:16:00+00:00
2026-09-26 19:17:26+00:00,FF64,,120,64,2026-09-26 19:17:00+00:00
2026-09-26 19:18:26+00:00,VALID,596902.0,89,0,2026-09-26 19:18:00+00:00
2026-09-26 19:19:26+00:00,VALID,596962.0,88,0,2026-09-26 19:19:00+00:00
2026-09-26 19:20:26+00:00,VALID,597022.0,88,0,2026-09-26 19:20:00+00:00
2026-09-26 19:21:26+00:00,VALID,597082.0,88,0,2026-09-26 19:21:00+00:00
2026-09-26 19:22:26+00:00,VALID,597142.0,88,0,2026-09-26 19:22:00+00:00
2026-09-26 19:23:26+00:00,FF64,,120,64,2026-09-26 19:23:00+00:00
2026-09-26 19:24:26+00:00,VALID,597262.0,89,0,2026-09-26 19:24:00+00:00
2026-09-26 19:25:26+00:00,FF64,,121,64,2026-09-26 19:25:00+00:00
2026-09-26 19:26:26+00:00,VALID,597382.0,89,0,2026-09-26 19:26:00+00:00
2026-09-26 19:27:26+00:00,FF64,,120,64,2026-09-26 19:27:00+00:00
2026-09-26 19:28:26+00:00,VALID,597502.0,88,0,2026-09-26 19:28:00+00:00
2026-09-26 19:29:26+00:00,FF64,,120,64,2026-09-26 19:29:00+00:00
2026-09-26 19:30:26+00:00,VALID,597622.0,89,0,2026-09-26 19:30:00+00:00
2026-09-26 19:31:26+00:00,FF64,,121,64,2026-09-26 19:31:00+00:00
2026-09-26 19:32:26+00:00,VALID,597742.0,89,0,2026-09-26 19:32:00+00:00
2026-09-26 19:33:26+00:00,FF64,,121,64,2026-09-26 19:33:00+00:00
2026-09-26 19:34:26+00:00,VALID,597862.0,89,0,2026-09-26 19:34:00+00:00
2026-09-26 19:35:26+00:00,VALID,597922.0,89,0,2026-09-26 19:35:00+00:00
2026-09-26 19:36:26+00:00,VALID,597982.0,88,0,2026-09-26 19:36:00+00:00
2026-09-26 19:37:26+00:00,FF64,,121,64,2026-09-26 19:37:00+00:00
2026-09-26 19:38:26+00:00,VALID,598102.0,88,0,2026-09-26 19:38:00+00:00
2026-09-26 19:39:26+00:00,VALID,598162.0,89,0,2026-09-26 19:39:00+00:00
2026-09-26 19:40:26+00:00,VALID,598222.0,89,0,2026-09-26 19:40:00+00:00
2026-09-26 19:41:26+00:00,FF64,,121,64,2026-09-26 19:41:00+00:00
2026-09-26 19:42:26+00:00,VALID,598342.0,89,0,2026-09-26 19:42:00+00:00
2026-09-26 19:43:26+00:00,FF64,,120,64,2026-09-26 19:43:00+00:00
2026-09-26 19:44:26+00:00,VALID,598462.0,88,0,2026-09-26 19:44:00+00:00
2026-09-26 19:45:26+00:00,VALID,598522.0,88,0,2026-09-26 19:45:00+00:00
2026-09-26 19:46:26+00:00,VALID,598582.0,88,0,2026-09-26 19:46:00+00:00
2026-09-26 19:47:26+00:00,FF64,,120,64,2026-09-26 19:47:00+00:00
2026-09-26 19:48:26+00:00,VALID,598702.0,88,0,2026-09-26 19:48:00+00:00
2026-09-26 19:49:26+00:00,FF64,,120,64,2026-09-26 19:49:00+00:00
2026-09-26 19:50:26+00:00,VALID,598822.0,88,0,2026-09-26 19:50:00+00:00
2026-09-26 19:51:26+00:00,VALID,598882.0,88,0,2026-09-26 19:51:00+00:00
2026-09-26 19:52:26+00:00,VALID,598942.0,88,0,2026-09-26 19:52:00+00:00
2026-09-26 19:53:26+00:00,FF64,,120,64,2026-09-26 19:53:00+00:00
2026-09-26 19:54:26+00:00,VALID,599062.0,89,0,2026-09-26 19:54:00+00:00
2026-09-26 19:55:26+00:00,FF64,,121,64,2026-09-26 19:55:00+00:00
2026-09-26 19:56:26+00:00,VALID,599182.0,89,0,2026-09-26 19:56:00+00:00
2026-09-26 19:57:26+00:00,FF64,,121,64,2026-09-26 19:57:00+00:00
2026-09-26 19:58:26+00:00,VALID,599302.0,89,0,2026-09-26 19:58:00+00:00
2026-09-26 19:59:26+00:00,VALID,599362.0,89,0,2026-09-26 19:59:00+00:00
2026-09-26 20:00:26+00:00,VALID,599422.0,88,0,2026-09-26 20:00:00+00:00
2026-09-26 20:01:26+00:00,FF64,,121,64,2026-09-26 20:01:00+00:00
2026-09-26 20:02:26+00:00,VALID,599542.0,89,0,2026-09-26 20:02:00+00:00
2026-09-26 20:03:26+00:00,VALID,599602.0,89,0,2026-09-26 20:03:00+00:00
2026-09-26 20:04:26+00:00,VALID,599662.0,89,0,2026-09-26 20:04:00+00:00
2026-09-26 20:05:26+00:00,FF64,,120,64,2026-09-26 20:05:00+00:00
2026-09-26 20:06:26+00:00,VALID,599782.0,89,0,2026-09-26 20:06:00+00:00
2026-09-26 20:07:26+00:00,VALID,599842.0,89,0,2026-09-26 20:07:00+00:00
2026-09-26 20:08:26+00:00,VALID,599902.0,88,0,2026-09-26 20:08:00+00:00
2026-09-26 20:09:26+00:00,VALID,599962.0,88,0,2026-09-26 20:09:00+00:00
2026-09-26 20:10:26+00:00,VALID,600022.0,88,0,2026-09-26 20:10:00+00:00
2026-09-26 20:11:26+00:00,FF64,,121,64,2026-09-26 20:11:00+00:00
2026-09-26 20:12:26+00:00,VALID,600142.0,89,0,2026-09-26 20:12:00+00:00
2026-09-26 20:13:26+00:00,VALID,600202.0,88,0,2026-09-26 20:13:00+00:00
2026-09-26 20:14:26+00:00,VALID,600262.0,88,0,2026-09-26 20:14:00+00:00
2026-09-26 20:15:26+00:00,VALID,600322.0,88,0,2026-09-26 20:15:00+00:00
2026-09-26 20:16:26+00:00,VALID,600382.0,88,0,2026-09-26 20:16:00+00:00
2026-09-26 20:17:26+00:00,FF64,,120,64,2026-09-26 20:17:00+00:00
2026-09-26 20:18:26+00:00,VALID,600502.0,88,0,2026-09-26 20:18:00+00:00
2026-09-26 20:19:26+00:00,FF64,,120,64,2026-09-26 20:19:00+00:00
2026-09-26 20:20:26+00:00,VALID,600622.0,88,0,2026-09-26 20:20:00+00:00
2026-09-26 20:21:26+00:00,FF64,,120,64,2026-09-26 20:21:00+00:00
2026-09-26 20:22:26+00:00,VALID,600742.0,88,0,2026-09-26 20:22:00+00:00
2026-09-26 20:23:26+00:00,FF64,,120,64,2026-09-26 20:23:00+00:00
2026-09-26 20:24:26+00:00,VALID,600862.0,88,0,2026-09-26 20:24:00+00:00
2026-09-26 20:25:26+00:00,FF64,,120,64,2026-09-26 20:25:00+00:00
2026-09-26 20:26:26+00:00,VALID,600982.0,88,0,2026-09-26 20:26:00+00:00
2026-09-26 20:27:26+00:00,FF64,,120,64,2026-09-26 20:27:00+00:00
2026-09-26 20:28:26+00:00,VALID,601102.0,88,0,2026-09-26 20:28:00+00:00
2026-09-26 20:29:26+00:00,FF64,,120,64,2026-09-26 20:29:00+00:00
2026-09-26 20:30:26+00:00,VALID,601222.0,88,0,2026-09-26 20:30:00+00:00
2026-09-26 20:31:26+00:00,FF64,,120,64,2026-09-26 20:31:00+00:00
2026-09-26 20:32:26+00:00,VALID,601342.0,88,0,2026-09-26 20:32:00+00:00
2026-09-26 20:33:26+00:00,FF64,,120,64,2026-09-26 20:33:00+00:00
2026-09-26 20:34:26+00:00,VALID,601462.0,88,0,2026-09-26 20:34:00+00:00
2026-09-26 20:35:26+00:00,FF64,,120,64,2026-09-26 20:35:00+00:00
2026-09-26 20:36:26+00:00,VALID,601582.0,88,0,2026-09-26 20:36:00+00:00
2026-09-26 20:37:26+00:00,VALID,601642.0,88,0,2026-09-26 20:37:00+00:00
2026-09-26 20:38:26+00:00,VALID,601702.0,88,0,2026-09-26 20:38:00+00:00
2026-09-26 20:39:26+00:00,FF64,,120,64,2026-09-26 20:39:00+00:00
2026-09-26 20:40:26+00:00,VALID,601822.0,88,0,2026-09-26 20:40:00+00:00
2026-09-26 20:41:26+00:00,FF64,,120,64,2026-09-26 20:41:00+00:00
2026-09-26 20:42:26+00:00,VALID,601942.0,88,0,2026-09-26 20:42:00+00:00
2026-09-26 20:43:26+00:00,FF64,,120,64,2026-09-26 20:43:00+00:00
2026-09-26 20:44:26+00:00,VALID,602062.0,88,0,2026-09-26 20:44:00+00:00
2026-09-26 20:45:26+00:00,VALID,602122.0,88,0,2026-09-26 20:45:00+00:00
2026-09-26 20:46:26+00:00,VALID,602182.0,88,0,2026-09-26 20:46:00+00:00
2026-09-26 20:47:26+00:00,FF64,,120,64,2026-09-26 20:47:00+00:00
2026-09-26 20:48:26+00:00,VALID,602302.0,88,0,2026-09-26 20:48:00+00:00
2026-09-26 20:49:26+00:00,FF64,,120,64,2026-09-26 20:49:00+00:00
2026-09-26 20:50:26+00:00,VALID,602422.0,88,0,2026-09-26 20:50:00+00:00
2026-09-26 20:51:26+00:00,VALID,602482.0,88,0,2026-09-26 20:51:00+00:00
2026-09-26 20:52:26+00:00,VALID,602542.0,88,0,2026-09-26 20:52:00+00:00
2026-09-26 20:53:26+00:00,FF64,,120,64,2026-09-26 20:53:00+00:00
2026-09-26 20:54:26+00:00,VALID,602662.0,88,0,2026-09-26 20:54:00+00:00
2026-09-26 20:55:26+00:00,FF64,,121,64,2026-09-26 20:55:00+00:00
2026-09-26 20:56:26+00:00,VALID,602782.0,89,0,2026-09-26 20:56:00+00:00
2026-09-26 20:57:26+00:00,VALID,602842.0,89,0,2026-09-26 20:57:00+00:00
2026-09-26 20:58:26+00:00,VALID,602902.0,89,0,2026-09-26 20:58:00+00:00
2026-09-26 20:59:26+00:00,FF64,,121,64,2026-09-26 20:59:00+00:00
2026-09-26 21:00:26+00:00,VALID,603022.0,89,0,2026-09-26 21:00:00+00:00
2026-09-26 21:01:26+00:00,FF64,,121,64,2026-09-26 21:01:00+00:00
2026-09-26 21:02:26+00:00,VALID,603142.0,89,0,2026-09-26 21:02:00+00:00
2026-09-26 21:03:26+00:00,FF64,,121,64,2026-09-26 21:03:00+00:00
2026-09-26 21:04:26+00:00,VALID,603262.0,89,0,2026-09-26 21:04:00+00:00
2026-09-26 21:05:26+00:00,FF64,,121,64,2026-09-26 21:05:00+00:00
2026-09-26 21:06:26+00:00,VALID,603382.0,89,0,2026-09-26 21:06:00+00:00
2026-09-26 21:07:26+00:00,VALID,603442.0,89,0,2026-09-26 21:07:00+00:00
2026-09-26 21:08:26+00:00,VALID,603502.0,89,0,2026-09-26 21:08:00+00:00
2026-09-26 21:09:26+00:00,VALID,603562.0,89,0,2026-09-26 21:09:00+00:00
2026-09-26 21:10:26+00:00,VALID,603622.0,89,0,2026-09-26 21:10:00+00:00
2026-09-26 21:11:26+00:00,FF64,,121,64,2026-09-26 21:11:00+00:00
2026-09-26 21:12:26+00:00,VALID,603742.0,89,0,2026-09-26 21:12:00+00:00
2026-09-26 21:13:26+00:00,FF64,,121,64,2026-09-26 21:13:00+00:00
2026-09-26 21:14:26+00:00,VALID,603862.0,89,0,2026-09-26 21:14:00+00:00
2026-09-26 21:15:26+00:00,FF64,,121,64,2026-09-26 21:15:00+00:00
2026-09-26 21:16:26+00:00,VALID,603982.0,89,0,2026-09-26 21:16:00+00:00
2026-09-26 21:17:26+00:00,FF64,,121,64,2026-09-26 21:17:00+00:00
2026-09-26 21:18:26+00:00,VALID,604102.0,88,0,2026-09-26 21:18:00+00:00
2026-09-26 21:19:26+00:00,FF64,,120,64,2026-09-26 21:19:00+00:00
2026-09-26 21:20:26+00:00,VALID,604222.0,88,0,2026-09-26 21:20:00+00:00
2026-09-26 21:21:26+00:00,FF64,,120,64,2026-09-26 21:21:00+00:00
2026-09-26 21:22:26+00:00,VALID,604342.0,88,0,2026-09-26 21:22:00+00:00
2026-09-26 21:23:26+00:00,FF64,,120,64,2026-09-26 21:23:00+00:00
2026-09-26 21:24:26+00:00,VALID,604462.0,88,0,2026-09-26 21:24:00+00:00
2026-09-26 21:25:26+00:00,FF64,,120,64,2026-09-26 21:25:00+00:00
2026-09-26 21:26:26+00:00,VALID,604582.0,88,0,2026-09-26 21:26:00+00:00
2026-09-26 21:27:26+00:00,VALID,604642.0,88,0,2026-09-26 21:27:00+00:00
2026-09-26 21:28:26+00:00,VALID,604702.0,88,0,2026-09-26 21:28:00+00:00
2026-09-26 21:29:26+00:00,FF64,,120,64,2026-09-26 21:29:00+00:00
2026-09-26 21:30:26+00:00,VALID,604822.0,88,0,2026-09-26 21:30:00+00:00
2026-09-26 21:31:26+00:00,FF64,,120,64,2026-09-26 21:31:00+00:00
2026-09-26 21:32:26+00:00,VALID,604942.0,88,0,2026-09-26 21:32:00+00:00
2026-09-26 21:33:26+00:00,FF64,,120,64,2026-09-26 21:33:00+00:00
2026-09-26 21:34:26+00:00,VALID,605062.0,88,0,2026-09-26 21:34:00+00:00
2026-09-26 21:35:26+00:00,VALID,605122.0,88,0,2026-09-26 21:35:00+00:00
2026-09-26 21:36:26+00:00,VALID,605182.0,88,0,2026-09-26 21:36:00+00:00
2026-09-26 21:37:26+00:00,FF64,,121,64,2026-09-26 21:37:00+00:00
2026-09-26 21:38:26+00:00,VALID,605302.0,89,0,2026-09-26 21:38:00+00:00
2026-09-26 21:39:26+00:00,VALID,605362.0,89,0,2026-09-26 21:39:00+00:00
2026-09-26 21:40:26+00:00,VALID,605422.0,89,0,2026-09-26 21:40:00+00:00
2026-09-26 21:41:26+00:00,VALID,605482.0,89,0,2026-09-26 21:41:00+00:00
2026-09-26 21:42:26+00:00,VALID,605542.0,89,0,2026-09-26 21:42:00+00:00
2026-09-26 21:43:26+00:00,FF64,,121,64,2026-09-26 21:43:00+00:00
2026-09-26 21:44:26+00:00,VALID,605662.0,89,0,2026-09-26 21:44:00+00:00
2026-09-26 21:45:26+00:00,FF64,,121,64,2026-09-26 21:45:00+00:00
2026-09-26 21:46:26+00:00,VALID,605782.0,89,0,2026-09-26 21:46:00+00:00
2026-09-26 21:47:26+00:00,FF64,,121,64,2026-09-26 21:47:00+00:00
2026-09-26 21:48:26+00:00,VALID,605902.0,88,0,2026-09-26 21:48:00+00:00
2026-09-26 21:49:26+00:00,FF64,,121,64,2026-09-26 21:49:00+00:00
2026-09-26 21:50:26+00:00,VALID,606022.0,88,0,2026-09-26 21:50:00+00:00
2026-09-26 21:51:26+00:00,FF64,,120,64,2026-09-26 21:51:00+00:00
2026-09-26 21:52:26+00:00,VALID,606142.0,88,0,2026-09-26 21:52:00+00:00
2026-09-26 21:53:26+00:00,FF64,,120,64,2026-09-26 21:53:00+00:00
2026-09-26 21:54:26+00:00,VALID,606262.0,89,0,2026-09-26 21:54:00+00:00
2026-09-26 21:55:26+00:00,VALID,606322.0,89,0,2026-09-26 21:55:00+00:00
2026-09-26 21:56:26+00:00,VALID,606382.0,89,0,2026-09-26 21:56:00+00:00
2026-09-26 21:57:26+00:00,FF64,,121,64,2026-09-26 21:57:00+00:00
2026-09-26 21:58:26+00:00,VALID,606502.0,89,0,2026-09-26 21:58:00+00:00
2026-09-26 21:59:26+00:00,VALID,606562.0,88,0,2026-09-26 21:59:00+00:00
2026-09-26 22:00:26+00:00,VALID,606622.0,88,0,2026-09-26 22:00:00+00:00
2026-09-26 22:01:26+00:00,VALID,606682.0,89,0,2026-09-26 22:01:00+00:00
2026-09-26 22:02:26+00:00,VALID,606742.0,89,0,2026-09-26 22:02:00+00:00
2026-09-26 22:03:26+00:00,FF64,,121,64,2026-09-26 22:03:00+00:00
2026-09-26 22:04:26+00:00,VALID,606862.0,89,0,2026-09-26 22:04:00+00:00
2026-09-26 22:05:26+00:00,FF64,,121,64,2026-09-26 22:05:00+00:00
2026-09-26 22:06:26+00:00,VALID,606982.0,89,0,2026-09-26 22:06:00+00:00
2026-09-26 22:07:26+00:00,VALID,607042.0,89,0,2026-09-26 22:07:00+00:00
2026-09-26 22:08:26+00:00,VALID,607102.0,88,0,2026-09-26 22:08:00+00:00
2026-09-26 22:09:26+00:00,VALID,607162.0,88,0,2026-09-26 22:09:00+00:00
2026-09-26 22:10:26+00:00,VALID,607222.0,88,0,2026-09-26 22:10:00+00:00
2026-09-26 22:11:26+00:00,FF64,,120,64,2026-09-26 22:11:00+00:00
2026-09-26 22:12:26+00:00,VALID,607342.0,88,0,2026-09-26 22:12:00+00:00
2026-09-26 22:13:26+00:00,FF64,,120,64,2026-09-26 22:13:00+00:00
2026-09-26 22:14:26+00:00,VALID,607462.0,88,0,2026-09-26 22:14:00+00:00
2026-09-26 22:15:26+00:00,VALID,607522.0,88,0,2026-09-26 22:15:00+00:00
2026-09-26 22:16:26+00:00,VALID,607582.0,88,0,2026-09-26 22:16:00+00:00
2026-09-26 22:17:26+00:00,FF64,,120,64,2026-09-26 22:17:00+00:00
2026-09-26 22:18:26+00:00,VALID,607702.0,88,0,2026-09-26 22:18:00+00:00
2026-09-26 22:19:26+00:00,FF64,,120,64,2026-09-26 22:19:00+00:00
2026-09-26 22:20:26+00:00,VALID,607822.0,89,0,2026-09-26 22:20:00+00:00
2026-09-26 22:21:26+00:00,FF64,,121,64,2026-09-26 22:21:00+00:00
2026-09-26 22:22:26+00:00,VALID,607942.0,89,0,2026-09-26 22:22:00+00:00
2026-09-26 22:23:26+00:00,FF64,,121,64,2026-09-26 22:23:00+00:00
2026-09-26 22:24:26+00:00,VALID,608062.0,89,0,2026-09-26 22:24:00+00:00
2026-09-26 22:25:26+00:00,VALID,608122.0,89,0,2026-09-26 22:25:00+00:00
2026-09-26 22:26:26+00:00,VALID,608182.0,89,0,2026-09-26 22:26:00+00:00
2026-09-26 22:27:26+00:00,FF64,,121,64,2026-09-26 22:27:00+00:00
2026-09-26 22:28:26+00:00,VALID,608302.0,89,0,2026-09-26 22:28:00+00:00
2026-09-26 22:29:26+00:00,FF64,,121,64,2026-09-26 22:29:00+00:00
2026-09-26 22:30:26+00:00,VALID,608422.0,89,0,2026-09-26 22:30:00+00:00
2026-09-26 22:31:26+00:00,FF64,,121,64,2026-09-26 22:31:00+00:00
2026-09-26 22:32:26+00:00,VALID,608542.0,89,0,2026-09-26 22:32:00+00:00
2026-09-26 22:33:26+00:00,FF64,,120,64,2026-09-26 22:33:00+00:00
2026-09-26 22:34:26+00:00,VALID,608662.0,88,0,2026-09-26 22:34:00+00:00
2026-09-26 22:35:26+00:00,FF64,,120,64,2026-09-26 22:35:00+00:00
2026-09-26 22:36:26+00:00,VALID,608782.0,88,0,2026-09-26 22:36:00+00:00
2026-09-26 22:37:26+00:00,VALID,608842.0,88,0,2026-09-26 22:37:00+00:00
2026-09-26 22:38:26+00:00,VALID,608902.0,88,0,2026-09-26 22:38:00+00:00
2026-09-26 22:39:26+00:00,FF64,,120,64,2026-09-26 22:39:00+00:00
2026-09-26 22:40:26+00:00,VALID,609022.0,88,0,2026-09-26 22:40:00+00:00
2026-09-26 22:41:26+00:00,FF64,,120,64,2026-09-26 22:41:00+00:00
2026-09-26 22:42:26+00:00,VALID,609142.0,88,0,2026-09-26 22:42:00+00:00
2026-09-26 22:43:26+00:00,VALID,609202.0,88,0,2026-09-26 22:43:00+00:00
2026-09-26 22:44:26+00:00,VALID,609262.0,88,0,2026-09-26 22:44:00+00:00
2026-09-26 22:45:26+00:00,FF64,,120,64,2026-09-26 22:45:00+00:00
2026-09-26 22:46:26+00:00,VALID,609382.0,88,0,2026-09-26 22:46:00+00:00
2026-09-26 22:47:26+00:00,FF64,,119,64,2026-09-26 22:47:00+00:00
2026-09-26 22:48:26+00:00,VALID,609502.0,85,0,2026-09-26 22:48:00+00:00
2026-09-26 22:49:26+00:00,FF64,,117,64,2026-09-26 22:49:00+00:00
2026-09-26 22:50:26+00:00,VALID,609622.0,85,0,2026-09-26 22:50:00+00:00
2026-09-26 22:51:26+00:00,VALID,609682.0,85,0,2026-09-26 22:51:00+00:00
2026-09-26 22:52:26+00:00,VALID,609742.0,85,0,2026-09-26 22:52:00+00:00
2026-09-26 22:53:26+00:00,FF64,,117,64,2026-09-26 22:53:00+00:00
2026-09-26 22:54:26+00:00,VALID,609862.0,85,0,2026-09-26 22:54:00+00:00
2026-09-26 22:55:26+00:00,FF64,,117,64,2026-09-26 22:55:00+00:00
2026-09-26 22:56:26+00:00,VALID,609982.0,85,0,2026-09-26 22:56:00+00:00
2026-09-26 22:57:26+00:00,VALID,610042.0,85,0,2026-09-26 22:57:00+00:00
2026-09-26 22:58:26+00:00,VALID,610102.0,85,0,2026-09-26 22:58:00+00:00
2026-09-26 22:59:26+00:00,VALID,610162.0,85,0,2026-09-26 22:59:00+00:00
2026-09-26 23:00:26+00:00,VALID,610222.0,85,0,2026-09-26 23:00:00+00:00
2026-09-26 23:01:26+00:00,FF64,,117,64,2026-09-26 23:01:00+00:00
2026-09-26 23:02:26+00:00,VALID,610342.0,85,0,2026-09-26 23:02:00+00:00
2026-09-26 23:03:26+00:00,VALID,610402.0,85,0,2026-09-26 23:03:00+00:00
2026-09-26 23:04:26+00:00,VALID,610462.0,85,0,2026-09-26 23:04:00+00:00
2026-09-26 23:05:26+00:00,FF64,,117,64,2026-09-26 23:05:00+00:00
2026-09-26 23:06:26+00:00,VALID,610582.0,85,0,2026-09-26 23:06:00+00:00
2026-09-26 23:07:26+00:00,FF64,,117,64,2026-09-26 23:07:00+00:00
2026-09-26 23:08:26+00:00,VALID,610702.0,85,0,2026-09-26 23:08:00+00:00
2026-09-26 23:09:26+00:00,VALID,610762.0,85,0,2026-09-26 23:09:00+00:00
2026-09-26 23:10:26+00:00,VALID,610822.0,85,0,2026-09-26 23:10:00+00:00
2026-09-26 23:11:26+00:00,FF64,,117,64,2026-09-26 23:11:00+00:00
2026-09-26 23:12:26+00:00,VALID,610942.0,85,0,2026-09-26 23:12:00+00:00
2026-09-26 23:13:26+00:00,FF64,,117,64,2026-09-26 23:13:00+00:00
2026-09-26 23:14:26+00:00,VALID,611062.0,85,0,2026-09-26 23:14:00+00:00
2026-09-26 23:15:26+00:00,FF64,,118,64,2026-09-26 23:15:00+00:00
2026-09-26 23:16:26+00:00,VALID,611182.0,86,0,2026-09-26 23:16:00+00:00
2026-09-26 23:17:26+00:00,VALID,611242.0,86,0,2026-09-26 23:17:00+00:00
2026-09-26 23:18:26+00:00,VALID,611302.0,86,0,2026-09-26 23:18:00+00:00
2026-09-26 23:19:26+00:00,FF64,,118,64,2026-09-26 23:19:00+00:00
2026-09-26 23:20:26+00:00,VALID,611422.0,86,0,2026-09-26 23:20:00+00:00
2026-09-26 23:21:26+00:00,FF64,,118,64,2026-09-26 23:21:00+00:00
2026-09-26 23:22:26+00:00,VALID,611542.0,86,0,2026-09-26 23:22:00+00:00
2026-09-26 23:23:26+00:00,VALID,611602.0,86,0,2026-09-26 23:23:00+00:00
2026-09-26 23:24:26+00:00,VALID,611662.0,86,0,2026-09-26 23:24:00+00:00
2026-09-26 23:25:26+00:00,FF64,,118,64,2026-09-26 23:25:00+00:00
2026-09-26 23:26:26+00:00,VALID,611782.0,86,0,2026-09-26 23:26:00+00:00
2026-09-26 23:27:26+00:00,FF64,,118,64,2026-09-26 23:27:00+00:00
2026-09-26 23:28:26+00:00,VALID,611902.0,86,0,2026-09-26 23:28:00+00:00
2026-09-26 23:29:26+00:00,VALID,611962.0,86,0,2026-09-26 23:29:00+00:00
2026-09-26 23:30:26+00:00,VALID,612022.0,86,0,2026-09-26 23:30:00+00:00
2026-09-26 23:31:26+00:00,FF64,,118,64,2026-09-26 23:31:00+00:00
2026-09-26 23:32:26+00:00,VALID,612142.0,86,0,2026-09-26 23:32:00+00:00
2026-09-26 23:33:26+00:00,VALID,612202.0,86,0,2026-09-26 23:33:00+00:00
2026-09-26 23:34:26+00:00,VALID,612262.0,86,0,2026-09-26 23:34:00+00:00
2026-09-26 23:35:26+00:00,VALID,612322.0,86,0,2026-09-26 23:35:00+00:00
2026-09-26 23:36:26+00:00,VALID,612382.0,86,0,2026-09-26 23:36:00+00:00
2026-09-26 23:37:26+00:00,FF64,,118,64,2026-09-26 23:37:00+00:00
2026-09-26 23:38:26+00:00,VALID,612502.0,86,0,2026-09-26 23:38:00+00:00
2026-09-26 23:39:26+00:00,VALID,612562.0,86,0,2026-09-26 23:39:00+00:00
2026-09-26 23:40:26+00:00,VALID,612622.0,86,0,2026-09-26 23:40:00+00:00
2026-09-26 23:41:26+00:00,FF64,,118,64,2026-09-26 23:41:00+00:00
2026-09-26 23:42:26+00:00,VALID,612742.0,86,0,2026-09-26 23:42:00+00:00
2026-09-26 23:43:26+00:00,FF64,,118,64,2026-09-26 23:43:00+00:00
2026-09-26 23:44:26+00:00,VALID,612862.0,86,0,2026-09-26 23:44:00+00:00
2026-09-26 23:45:26+00:00,FF64,,118,64,2026-09-26 23:45:00+00:00
2026-09-26 23:46:26+00:00,VALID,612982.0,86,0,2026-09-26 23:46:00+00:00
2026-09-26 23:47:26+00:00,FF64,,118,64,2026-09-26 23:47:00+00:00
2026-09-26 23:48:26+00:00,VALID,613102.0,86,0,2026-09-26 23:48:00+00:00
2026-09-26 23:49:26+00:00,VALID,613162.0,86,0,2026-09-26 23:49:00+00:00
2026-09-26 23:50:26+00:00,VALID,613222.0,86,0,2026-09-26 23:50:00+00:00
2026-09-26 23:51:26+00:00,FF64,,118,64,2026-09-26 23:51:00+00:00
2026-09-26 23:52:26+00:00,VALID,613342.0,86,0,2026-09-26 23:52:00+00:00
2026-09-26 23:53:26+00:00,FF64,,118,64,2026-09-26 23:53:00+00:00
2026-09-26 23:54:26+00:00,VALID,613462.0,86,0,2026-09-26 23:54:00+00:00
2026-09-26 23:55:26+00:00,FF64,,118,64,2026-09-26 23:55:00+00:00
2026-09-26 23:56:26+00:00,VALID,613582.0,86,0,2026-09-26 23:56:00+00:00
2026-09-26 23:57:26+00:00,FF64,,118,64,2026-09-26 23:57:00+00:00
2026-09-26 23:58:26+00:00,VALID,613702.0,86,0,2026-09-26 23:58:00+00:00
2026-09-26 23:59:26+00:00,FF64,,118,64,2026-09-26 23:59:00+00:00
2026-09-27 00:00:26+00:00,VALID,613822.0,86,0,2026-09-27 00:00:00+00:00
2026-09-27 00:01:27+00:00,VALID,613882.0,86,0,2026-09-27 00:01:00+00:00
2026-09-27 00:02:27+00:00,VALID,613942.0,86,0,2026-09-27 00:02:00+00:00
2026-09-27 00:03:27+00:00,FF64,,118,64,2026-09-27 00:03:00+00:00
2026-09-27 00:04:27+00:00,VALID,614062.0,86,0,2026-09-27 00:04:00+00:00
2026-09-27 00:05:27+00:00,FF64,,118,64,2026-09-27 00:05:00+00:00
2026-09-27 00:06:27+00:00,VALID,614182.0,86,0,2026-09-27 00:06:00+00:00
2026-09-27 00:07:27+00:00,FF64,,118,64,2026-09-27 00:07:00+00:00
2026-09-27 00:08:27+00:00,VALID,614302.0,86,0,2026-09-27 00:08:00+00:00
2026-09-27 00:09:27+00:00,VALID,614362.0,86,0,2026-09-27 00:09:00+00:00
2026-09-27 00:10:27+00:00,VALID,614422.0,86,0,2026-09-27 00:10:00+00:00
2026-09-27 00:11:27+00:00,VALID,614482.0,86,0,2026-09-27 00:11:00+00:00
2026-09-27 00:12:27+00:00,VALID,614542.0,86,0,2026-09-27 00:12:00+00:00
2026-09-27 00:13:27+00:00,FF64,,118,64,2026-09-27 00:13:00+00:00
2026-09-27 00:14:27+00:00,VALID,614662.0,86,0,2026-09-27 00:14:00+00:00
2026-09-27 00:15:27+00:00,FF64,,118,64,2026-09-27 00:15:00+00:00
2026-09-27 00:16:27+00:00,VALID,614782.0,86,0,2026-09-27 00:16:00+00:00
2026-09-27 00:17:27+00:00,VALID,614842.0,86,0,2026-09-27 00:17:00+00:00
2026-09-27 00:18:27+00:00,VALID,614902.0,86,0,2026-09-27 00:18:00+00:00
2026-09-27 00:19:27+00:00,VALID,614962.0,86,0,2026-09-27 00:19:00+00:00
2026-09-27 00:20:27+00:00,VALID,615022.0,86,0,2026-09-27 00:20:00+00:00
2026-09-27 00:21:27+00:00,FF64,,118,64,2026-09-27 00:21:00+00:00
2026-09-27 00:22:27+00:00,VALID,615142.0,86,0,2026-09-27 00:22:00+00:00
2026-09-27 00:23:27+00:00,FF64,,118,64,2026-09-27 00:23:00+00:00
2026-09-27 00:24:27+00:00,VALID,615262.0,86,0,2026-09-27 00:24:00+00:00
2026-09-27 00:25:27+00:00,VALID,615322.0,86,0,2026-09-27 00:25:00+00:00
2026-09-27 00:26:27+00:00,VALID,615382.0,86,0,2026-09-27 00:26:00+00:00
2026-09-27 00:27:27+00:00,FF64,,119,64,2026-09-27 00:27:00+00:00
2026-09-27 00:28:27+00:00,VALID,615502.0,89,0,2026-09-27 00:28:00+00:00
2026-09-27 00:29:27+00:00,FF64,,121,64,2026-09-27 00:29:00+00:00
2026-09-27 00:30:27+00:00,VALID,615622.0,89,0,2026-09-27 00:30:00+00:00
2026-09-27 00:31:27+00:00,FF64,,121,64,2026-09-27 00:31:00+00:00
2026-09-27 00:32:27+00:00,VALID,615742.0,89,0,2026-09-27 00:32:00+00:00
2026-09-27 00:33:27+00:00,FF64,,121,64,2026-09-27 00:33:00+00:00
2026-09-27 00:34:27+00:00,VALID,615862.0,89,0,2026-09-27 00:34:00+00:00
2026-09-27 00:35:27+00:00,FF64,,119,64,2026-09-27 00:35:00+00:00
2026-09-27 00:36:27+00:00,VALID,615982.0,86,0,2026-09-27 00:36:00+00:00
2026-09-27 00:37:27+00:00,FF64,,120,64,2026-09-27 00:37:00+00:00
2026-09-27 00:38:27+00:00,VALID,616102.0,89,0,2026-09-27 00:38:00+00:00
2026-09-27 00:39:27+00:00,FF64,,121,64,2026-09-27 00:39:00+00:00
2026-09-27 00:40:27+00:00,VALID,616222.0,89,0,2026-09-27 00:40:00+00:00
2026-09-27 00:41:27+00:00,VALID,616282.0,89,0,2026-09-27 00:41:00+00:00
2026-09-27 00:42:27+00:00,VALID,616342.0,89,0,2026-09-27 00:42:00+00:00
2026-09-27 00:43:27+00:00,FF64,,121,64,2026-09-27 00:43:00+00:00
2026-09-27 00:44:27+00:00,VALID,616463.0,89,0,2026-09-27 00:44:00+00:00
2026-09-27 00:45:27+00:00,FF64,,121,64,2026-09-27 00:45:00+00:00
2026-09-27 00:46:27+00:00,VALID,616583.0,89,0,2026-09-27 00:46:00+00:00
2026-09-27 00:47:27+00:00,FF64,,121,64,2026-09-27 00:47:00+00:00
2026-09-27 00:48:27+00:00,VALID,616703.0,89,0,2026-09-27 00:48:00+00:00
2026-09-27 00:49:27+00:00,FF64,,121,64,2026-09-27 00:49:00+00:00
2026-09-27 00:50:27+00:00,VALID,616823.0,89,0,2026-09-27 00:50:00+00:00
2026-09-27 00:51:27+00:00,VALID,616883.0,89,0,2026-09-27 00:51:00+00:00
2026-09-27 00:52:27+00:00,VALID,616943.0,89,0,2026-09-27 00:52:00+00:00
2026-09-27 00:53:27+00:00,VALID,617003.0,89,0,2026-09-27 00:53:00+00:00
2026-09-27 00:54:27+00:00,VALID,617063.0,89,0,2026-09-27 00:54:00+00:00
2026-09-27 00:55:27+00:00,FF64,,121,64,2026-09-27 00:55:00+00:00
2026-09-27 00:56:27+00:00,VALID,617183.0,89,0,2026-09-27 00:56:00+00:00
2026-09-27 00:57:27+00:00,FF64,,121,64,2026-09-27 00:57:00+00:00
2026-09-27 00:58:27+00:00,VALID,617303.0,89,0,2026-09-27 00:58:00+00:00
2026-09-27 00:59:27+00:00,FF64,,121,64,2026-09-27 00:59:00+00:00
2026-09-27 01:00:27+00:00,VALID,617423.0,89,0,2026-09-27 01:00:00+00:00
2026-09-27 01:01:27+00:00,VALID,617483.0,89,0,2026-09-27 01:01:00+00:00
2026-09-27 01:02:27+00:00,VALID,617543.0,89,0,2026-09-27 01:02:00+00:00
2026-09-27 01:03:27+00:00,VALID,617603.0,89,0,2026-09-27 01:03:00+00:00
2026-09-27 01:04:27+00:00,VALID,617663.0,89,0,2026-09-27 01:04:00+00:00
2026-09-27 01:05:27+00:00,FF64,,121,64,2026-09-27 01:05:00+00:00
2026-09-27 01:06:27+00:00,VALID,617783.0,89,0,2026-09-27 01:06:00+00:00
2026-09-27 01:07:27+00:00,FF64,,119,64,2026-09-27 01:07:00+00:00
2026-09-27 01:08:27+00:00,VALID,617903.0,86,0,2026-09-27 01:08:00+00:00
2026-09-27 01:09:27+00:00,FF64,,118,64,2026-09-27 01:09:00+00:00
2026-09-27 01:10:27+00:00,VALID,618023.0,86,0,2026-09-27 01:10:00+00:00
2026-09-27 01:11:27+00:00,FF64,,118,64,2026-09-27 01:11:00+00:00
2026-09-27 01:12:27+00:00,VALID,618143.0,86,0,2026-09-27 01:12:00+00:00
2026-09-27 01:13:27+00:00,VALID,618203.0,86,0,2026-09-27 01:13:00+00:00
2026-09-27 01:14:27+00:00,VALID,618263.0,86,0,2026-09-27 01:14:00+00:00
2026-09-27 01:15:27+00:00,FF64,,118,64,2026-09-27 01:15:00+00:00
2026-09-27 01:16:27+00:00,VALID,618383.0,86,0,2026-09-27 01:16:00+00:00
2026-09-27 01:17:27+00:00,FF64,,118,64,2026-09-27 01:17:00+00:00
2026-09-27 01:18:27+00:00,VALID,618503.0,86,0,2026-09-27 01:18:00+00:00
2026-09-27 01:19:27+00:00,FF64,,118,64,2026-09-27 01:19:00+00:00
2026-09-27 01:20:27+00:00,VALID,618623.0,86,0,2026-09-27 01:20:00+00:00
2026-09-27 01:21:27+00:00,FF64,,118,64,2026-09-27 01:21:00+00:00
2026-09-27 01:22:27+00:00,VALID,618743.0,86,0,2026-09-27 01:22:00+00:00
2026-09-27 01:23:27+00:00,FF64,,118,64,2026-09-27 01:23:00+00:00
2026-09-27 01:24:27+00:00,VALID,618863.0,88,0,2026-09-27 01:24:00+00:00
2026-09-27 01:25:27+00:00,FF64,,121,64,2026-09-27 01:25:00+00:00
2026-09-27 01:26:27+00:00,VALID,618983.0,89,0,2026-09-27 01:26:00+00:00
2026-09-27 01:27:27+00:00,VALID,619043.0,89,0,2026-09-27 01:27:00+00:00
2026-09-27 01:28:27+00:00,VALID,619103.0,89,0,2026-09-27 01:28:00+00:00
2026-09-27 01:29:27+00:00,FF64,,121,64,2026-09-27 01:29:00+00:00
2026-09-27 01:30:27+00:00,VALID,619223.0,89,0,2026-09-27 01:30:00+00:00
2026-09-27 01:31:27+00:00,FF64,,121,64,2026-09-27 01:31:00+00:00
2026-09-27 01:32:27+00:00,VALID,619343.0,89,0,2026-09-27 01:32:00+00:00
2026-09-27 01:33:27+00:00,VALID,619403.0,89,0,2026-09-27 01:33:00+00:00
2026-09-27 01:34:27+00:00,VALID,619463.0,89,0,2026-09-27 01:34:00+00:00
2026-09-27 01:35:27+00:00,VALID,619523.0,89,0,2026-09-27 01:35:00+00:00
2026-09-27 01:36:27+00:00,VALID,619583.0,89,0,2026-09-27 01:36:00+00:00
2026-09-27 01:37:27+00:00,FF64,,121,64,2026-09-27 01:37:00+00:00
2026-09-27 01:38:27+00:00,VALID,619703.0,89,0,2026-09-27 01:38:00+00:00
2026-09-27 01:39:27+00:00,FF64,,121,64,2026-09-27 01:39:00+00:00
2026-09-27 01:40:27+00:00,VALID,619823.0,89,0,2026-09-27 01:40:00+00:00
2026-09-27 01:41:27+00:00,FF64,,121,64,2026-09-27 01:41:00+00:00
2026-09-27 01:42:27+00:00,VALID,619943.0,89,0,2026-09-27 01:42:00+00:00
2026-09-27 01:43:27+00:00,FF64,,121,64,2026-09-27 01:43:00+00:00
2026-09-27 01:44:27+00:00,VALID,620063.0,89,0,2026-09-27 01:44:00+00:00
2026-09-27 01:45:27+00:00,FF64,,121,64,2026-09-27 01:45:00+00:00
2026-09-27 01:46:27+00:00,VALID,620183.0,89,0,2026-09-27 01:46:00+00:00
2026-09-27 01:47:27+00:00,FF64,,121,64,2026-09-27 01:47:00+00:00
2026-09-27 01:48:27+00:00,VALID,620303.0,89,0,2026-09-27 01:48:00+00:00
2026-09-27 01:49:27+00:00,FF64,,121,64,2026-09-27 01:49:00+00:00
2026-09-27 01:50:27+00:00,VALID,620423.0,89,0,2026-09-27 01:50:00+00:00
2026-09-27 01:51:27+00:00,FF64,,121,64,2026-09-27 01:51:00+00:00
2026-09-27 01:52:27+00:00,VALID,620543.0,89,0,2026-09-27 01:52:00+00:00
2026-09-27 01:53:27+00:00,FF64,,121,64,2026-09-27 01:53:00+00:00
2026-09-27 01:54:27+00:00,VALID,620663.0,89,0,2026-09-27 01:54:00+00:00
2026-09-27 01:55:27+00:00,FF64,,121,64,2026-09-27 01:55:00+00:00
2026-09-27 01:56:27+00:00,VALID,620783.0,89,0,2026-09-27 01:56:00+00:00
2026-09-27 01:57:27+00:00,FF64,,121,64,2026-09-27 01:57:00+00:00
2026-09-27 01:58:27+00:00,VALID,620903.0,89,0,2026-09-27 01:58:00+00:00
2026-09-27 01:59:27+00:00,FF64,,121,64,2026-09-27 01:59:00+00:00
2026-09-27 02:00:27+00:00,VALID,621023.0,89,0,2026-09-27 02:00:00+00:00
2026-09-27 02:01:27+00:00,VALID,621083.0,89,0,2026-09-27 02:01:00+00:00
2026-09-27 02:02:27+00:00,VALID,621143.0,89,0,2026-09-27 02:02:00+00:00
2026-09-27 02:03:27+00:00,FF64,,121,64,2026-09-27 02:03:00+00:00
2026-09-27 02:04:27+00:00,VALID,621263.0,89,0,2026-09-27 02:04:00+00:00
2026-09-27 02:05:27+00:00,VALID,621323.0,89,0,2026-09-27 02:05:00+00:00
2026-09-27 02:06:27+00:00,VALID,621383.0,89,0,2026-09-27 02:06:00+00:00
2026-09-27 02:07:27+00:00,FF64,,121,64,2026-09-27 02:07:00+00:00
2026-09-27 02:08:27+00:00,VALID,621503.0,89,0,2026-09-27 02:08:00+00:00
2026-09-27 02:09:27+00:00,FF64,,121,64,2026-09-27 02:09:00+00:00
2026-09-27 02:10:27+00:00,VALID,621623.0,89,0,2026-09-27 02:10:00+00:00
2026-09-27 02:11:27+00:00,FF64,,121,64,2026-09-27 02:11:00+00:00
2026-09-27 02:12:27+00:00,VALID,621743.0,89,0,2026-09-27 02:12:00+00:00
2026-09-27 02:13:27+00:00,FF64,,121,64,2026-09-27 02:13:00+00:00
2026-09-27 02:14:27+00:00,VALID,621863.0,89,0,2026-09-27 02:14:00+00:00
2026-09-27 02:15:27+00:00,FF64,,120,64,2026-09-27 02:15:00+00:00
2026-09-27 02:16:27+00:00,VALID,621983.0,88,0,2026-09-27 02:16:00+00:00
2026-09-27 02:17:27+00:00,VALID,622043.0,88,0,2026-09-27 02:17:00+00:00
2026-09-27 02:18:27+00:00,VALID,622103.0,88,0,2026-09-27 02:18:00+00:00
2026-09-27 02:19:27+00:00,VALID,622163.0,88,0,2026-09-27 02:19:00+00:00
2026-09-27 02:20:27+00:00,VALID,622223.0,88,0,2026-09-27 02:20:00+00:00
2026-09-27 02:21:27+00:00,FF64,,120,64,2026-09-27 02:21:00+00:00
2026-09-27 02:22:27+00:00,VALID,622343.0,88,0,2026-09-27 02:22:00+00:00
2026-09-27 02:23:27+00:00,FF64,,120,64,2026-09-27 02:23:00+00:00
2026-09-27 02:24:27+00:00,VALID,622463.0,88,0,2026-09-27 02:24:00+00:00
2026-09-27 02:25:27+00:00,FF64,,120,64,2026-09-27 02:25:00+00:00
2026-09-27 02:26:27+00:00,VALID,622583.0,88,0,2026-09-27 02:26:00+00:00
2026-09-27 02:27:27+00:00,VALID,622643.0,88,0,2026-09-27 02:27:00+00:00
2026-09-27 02:28:27+00:00,VALID,622703.0,88,0,2026-09-27 02:28:00+00:00
2026-09-27 02:29:27+00:00,VALID,622763.0,88,0,2026-09-27 02:29:00+00:00
2026-09-27 02:30:27+00:00,VALID,622823.0,88,0,2026-09-27 02:30:00+00:00
2026-09-27 02:31:27+00:00,FF64,,120,64,2026-09-27 02:31:00+00:00
2026-09-27 02:32:27+00:00,VALID,622943.0,88,0,2026-09-27 02:32:00+00:00
2026-09-27 02:33:27+00:00,VALID,623003.0,88,0,2026-09-27 02:33:00+00:00
2026-09-27 02:34:27+00:00,VALID,623063.0,89,0,2026-09-27 02:34:00+00:00
2026-09-27 02:35:27+00:00,FF64,,121,64,2026-09-27 02:35:00+00:00
2026-09-27 02:36:27+00:00,VALID,623183.0,89,0,2026-09-27 02:36:00+00:00
2026-09-27 02:37:27+00:00,FF64,,121,64,2026-09-27 02:37:00+00:00
2026-09-27 02:38:27+00:00,VALID,623303.0,89,0,2026-09-27 02:38:00+00:00
2026-09-27 02:39:27+00:00,FF64,,121,64,2026-09-27 02:39:00+00:00
2026-09-27 02:40:27+00:00,VALID,623423.0,89,0,2026-09-27 02:40:00+00:00
2026-09-27 02:41:27+00:00,FF64,,121,64,2026-09-27 02:41:00+00:00
2026-09-27 02:42:27+00:00,VALID,623543.0,89,0,2026-09-27 02:42:00+00:00
2026-09-27 02:43:27+00:00,FF64,,121,64,2026-09-27 02:43:00+00:00
2026-09-27 02:44:27+00:00,VALID,623663.0,89,0,2026-09-27 02:44:00+00:00
2026-09-27 02:45:27+00:00,VALID,623723.0,89,0,2026-09-27 02:45:00+00:00
2026-09-27 02:46:27+00:00,VALID,623783.0,89,0,2026-09-27 02:46:00+00:00
2026-09-27 02:47:27+00:00,FF64,,121,64,2026-09-27 02:47:00+00:00
2026-09-27 02:48:27+00:00,VALID,623903.0,89,0,2026-09-27 02:48:00+00:00
2026-09-27 02:49:27+00:00,VALID,623963.0,89,0,2026-09-27 02:49:00+00:00
2026-09-27 02:50:27+00:00,VALID,624023.0,89,0,2026-09-27 02:50:00+00:00
2026-09-27 02:51:27+00:00,FF64,,121,64,2026-09-27 02:51:00+00:00
2026-09-27 02:52:27+00:00,VALID,624143.0,89,0,2026-09-27 02:52:00+00:00
2026-09-27 02:53:27+00:00,VALID,624203.0,89,0,2026-09-27 02:53:00+00:00
2026-09-27 02:54:27+00:00,VALID,624263.0,89,0,2026-09-27 02:54:00+00:00
2026-09-27 02:55:27+00:00,FF64,,121,64,2026-09-27 02:55:00+00:00
2026-09-27 02:56:27+00:00,VALID,624383.0,89,0,2026-09-27 02:56:00+00:00
2026-09-27 02:57:27+00:00,FF64,,121,64,2026-09-27 02:57:00+00:00
2026-09-27 02:58:27+00:00,VALID,624503.0,89,0,2026-09-27 02:58:00+00:00
2026-09-27 02:59:27+00:00,FF64,,121,64,2026-09-27 02:59:00+00:00
2026-09-27 03:00:27+00:00,VALID,624623.0,89,0,2026-09-27 03:00:00+00:00
2026-09-27 03:01:27+00:00,VALID,624683.0,89,0,2026-09-27 03:01:00+00:00
2026-09-27 03:02:27+00:00,VALID,624743.0,89,0,2026-09-27 03:02:00+00:00
2026-09-27 03:03:27+00:00,FF64,,121,64,2026-09-27 03:03:00+00:00
2026-09-27 03:04:27+00:00,VALID,624863.0,89,0,2026-09-27 03:04:00+00:00
2026-09-27 03:05:27+00:00,VALID,624923.0,89,0,2026-09-27 03:05:00+00:00
2026-09-27 03:06:27+00:00,VALID,624983.0,89,0,2026-09-27 03:06:00+00:00
2026-09-27 03:07:27+00:00,VALID,625043.0,89,0,2026-09-27 03:07:00+00:00
2026-09-27 03:08:27+00:00,VALID,625103.0,89,0,2026-09-27 03:08:00+00:00
2026-09-27 03:09:27+00:00,FF64,,121,64,2026-09-27 03:09:00+00:00
2026-09-27 03:10:27+00:00,VALID,625223.0,89,0,2026-09-27 03:10:00+00:00
2026-09-27 03:11:27+00:00,FF64,,121,64,2026-09-27 03:11:00+00:00
2026-09-27 03:12:27+00:00,VALID,625343.0,89,0,2026-09-27 03:12:00+00:00
2026-09-27 03:13:27+00:00,FF64,,121,64,2026-09-27 03:13:00+00:00
2026-09-27 03:14:27+00:00,VALID,625463.0,89,0,2026-09-27 03:14:00+00:00
2026-09-27 03:15:27+00:00,FF64,,121,64,2026-09-27 03:15:00+00:00
2026-09-27 03:16:27+00:00,VALID,625583.0,89,0,2026-09-27 03:16:00+00:00
2026-09-27 03:17:27+00:00,FF64,,121,64,2026-09-27 03:17:00+00:00
2026-09-27 03:18:27+00:00,VALID,625703.0,89,0,2026-09-27 03:18:00+00:00
2026-09-27 03:19:27+00:00,VALID,625763.0,89,0,2026-09-27 03:19:00+00:00
2026-09-27 03:20:27+00:00,VALID,625823.0,89,0,2026-09-27 03:20:00+00:00
2026-09-27 03:21:27+00:00,FF64,,121,64,2026-09-27 03:21:00+00:00
2026-09-27 03:22:27+00:00,VALID,625943.0,89,0,2026-09-27 03:22:00+00:00
2026-09-27 03:23:27+00:00,FF64,,121,64,2026-09-27 03:23:00+00:00
2026-09-27 03:24:27+00:00,VALID,626063.0,89,0,2026-09-27 03:24:00+00:00
2026-09-27 03:25:27+00:00,FF64,,121,64,2026-09-27 03:25:00+00:00
2026-09-27 03:26:27+00:00,VALID,626183.0,89,0,2026-09-27 03:26:00+00:00
2026-09-27 03:27:27+00:00,FF64,,121,64,2026-09-27 03:27:00+00:00
2026-09-27 03:28:27+00:00,VALID,626303.0,89,0,2026-09-27 03:28:00+00:00
2026-09-27 03:29:27+00:00,VALID,626363.0,89,0,2026-09-27 03:29:00+00:00
2026-09-27 03:30:27+00:00,VALID,626423.0,89,0,2026-09-27 03:30:00+00:00
2026-09-27 03:31:27+00:00,VALID,626483.0,89,0,2026-09-27 03:31:00+00:00
2026-09-27 03:32:27+00:00,VALID,626543.0,89,0,2026-09-27 03:32:00+00:00
2026-09-27 03:33:27+00:00,FF64,,121,64,2026-09-27 03:33:00+00:00
2026-09-27 03:34:27+00:00,VALID,626663.0,89,0,2026-09-27 03:34:00+00:00
2026-09-27 03:35:27+00:00,VALID,626723.0,89,0,2026-09-27 03:35:00+00:00
2026-09-27 03:36:27+00:00,VALID,626783.0,89,0,2026-09-27 03:36:00+00:00
2026-09-27 03:37:27+00:00,VALID,626843.0,89,0,2026-09-27 03:37:00+00:00
2026-09-27 03:38:27+00:00,VALID,626903.0,89,0,2026-09-27 03:38:00+00:00
2026-09-27 03:39:27+00:00,VALID,626963.0,89,0,2026-09-27 03:39:00+00:00
2026-09-27 03:40:27+00:00,VALID,627023.0,89,0,2026-09-27 03:40:00+00:00
2026-09-27 03:41:27+00:00,FF64,,121,64,2026-09-27 03:41:00+00:00
2026-09-27 03:42:27+00:00,VALID,627143.0,89,0,2026-09-27 03:42:00+00:00
2026-09-27 03:43:27+00:00,FF64,,121,64,2026-09-27 03:43:00+00:00
2026-09-27 03:44:27+00:00,VALID,627263.0,89,0,2026-09-27 03:44:00+00:00
2026-09-27 03:45:27+00:00,FF64,,121,64,2026-09-27 03:45:00+00:00
2026-09-27 03:46:27+00:00,VALID,627383.0,89,0,2026-09-27 03:46:00+00:00
2026-09-27 03:47:27+00:00,FF64,,121,64,2026-09-27 03:47:00+00:00
2026-09-27 03:48:27+00:00,VALID,627503.0,89,0,2026-09-27 03:48:00+00:00
2026-09-27 03:49:27+00:00,FF64,,121,64,2026-09-27 03:49:00+00:00
2026-09-27 03:50:27+00:00,VALID,627623.0,89,0,2026-09-27 03:50:00+00:00
2026-09-27 03:51:27+00:00,FF64,,121,64,2026-09-27 03:51:00+00:00
2026-09-27 03:52:27+00:00,VALID,627743.0,89,0,2026-09-27 03:52:00+00:00
2026-09-27 03:53:27+00:00,VALID,627803.0,89,0,2026-09-27 03:53:00+00:00
2026-09-27 03:54:27+00:00,VALID,627863.0,89,0,2026-09-27 03:54:00+00:00
2026-09-27 03:55:27+00:00,FF64,,121,64,2026-09-27 03:55:00+00:00
2026-09-27 03:56:27+00:00,VALID,627983.0,89,0,2026-09-27 03:56:00+00:00
2026-09-27 03:57:27+00:00,FF64,,121,64,2026-09-27 03:57:00+00:00
2026-09-27 03:58:27+00:00,VALID,628103.0,89,0,2026-09-27 03:58:00+00:00
2026-09-27 03:59:27+00:00,FF64,,121,64,2026-09-27 03:59:00+00:00
2026-09-27 04:00:27+00:00,VALID,628223.0,89,0,2026-09-27 04:00:00+00:00
2026-09-27 04:01:27+00:00,FF64,,121,64,2026-09-27 04:01:00+00:00
2026-09-27 04:02:27+00:00,VALID,628343.0,89,0,2026-09-27 04:02:00+00:00
2026-09-27 04:03:27+00:00,FF64,,121,64,2026-09-27 04:03:00+00:00
2026-09-27 04:04:27+00:00,VALID,628463.0,89,0,2026-09-27 04:04:00+00:00
2026-09-27 04:05:27+00:00,FF64,,121,64,2026-09-27 04:05:00+00:00
2026-09-27 04:06:27+00:00,VALID,628583.0,89,0,2026-09-27 04:06:00+00:00
2026-09-27 04:07:27+00:00,FF64,,121,64,2026-09-27 04:07:00+00:00
2026-09-27 04:08:27+00:00,VALID,628703.0,89,0,2026-09-27 04:08:00+00:00
2026-09-27 04:09:27+00:00,VALID,628763.0,89,0,2026-09-27 04:09:00+00:00
2026-09-27 04:10:27+00:00,VALID,628823.0,89,0,2026-09-27 04:10:00+00:00
2026-09-27 04:11:27+00:00,FF64,,121,64,2026-09-27 04:11:00+00:00
2026-09-27 04:12:27+00:00,VALID,628943.0,88,0,2026-09-27 04:12:00+00:00
2026-09-27 04:13:27+00:00,VALID,629003.0,86,0,2026-09-27 04:13:00+00:00
2026-09-27 04:14:27+00:00,VALID,629063.0,86,0,2026-09-27 04:14:00+00:00
2026-09-27 04:15:27+00:00,VALID,629123.0,86,0,2026-09-27 04:15:00+00:00
2026-09-27 04:16:27+00:00,VALID,629183.0,86,0,2026-09-27 04:16:00+00:00
2026-09-27 04:17:27+00:00,FF64,,118,64,2026-09-27 04:17:00+00:00
2026-09-27 04:18:27+00:00,VALID,629303.0,86,0,2026-09-27 04:18:00+00:00
2026-09-27 04:19:27+00:00,FF64,,118,64,2026-09-27 04:19:00+00:00
2026-09-27 04:20:27+00:00,VALID,629423.0,86,0,2026-09-27 04:20:00+00:00
2026-09-27 04:21:27+00:00,VALID,629483.0,86,0,2026-09-27 04:21:00+00:00
2026-09-27 04:22:27+00:00,VALID,629543.0,86,0,2026-09-27 04:22:00+00:00
2026-09-27 04:23:27+00:00,VALID,629603.0,86,0,2026-09-27 04:23:00+00:00
2026-09-27 04:24:27+00:00,VALID,629663.0,86,0,2026-09-27 04:24:00+00:00
2026-09-27 04:25:27+00:00,FF64,,118,64,2026-09-27 04:25:00+00:00
2026-09-27 04:26:27+00:00,VALID,629783.0,86,0,2026-09-27 04:26:00+00:00
2026-09-27 04:27:27+00:00,FF64,,118,64,2026-09-27 04:27:00+00:00
2026-09-27 04:28:27+00:00,VALID,629903.0,86,0,2026-09-27 04:28:00+00:00
2026-09-27 04:29:27+00:00,FF64,,118,64,2026-09-27 04:29:00+00:00
2026-09-27 04:30:27+00:00,VALID,630023.0,86,0,2026-09-27 04:30:00+00:00
2026-09-27 04:31:27+00:00,FF64,,118,64,2026-09-27 04:31:00+00:00
2026-09-27 04:32:27+00:00,VALID,630143.0,86,0,2026-09-27 04:32:00+00:00
2026-09-27 04:33:27+00:00,FF64,,118,64,2026-09-27 04:33:00+00:00
2026-09-27 04:34:27+00:00,VALID,630263.0,86,0,2026-09-27 04:34:00+00:00
2026-09-27 04:35:27+00:00,FF64,,118,64,2026-09-27 04:35:00+00:00
2026-09-27 04:36:27+00:00,VALID,630383.0,86,0,2026-09-27 04:36:00+00:00
2026-09-27 04:37:27+00:00,FF64,,118,64,2026-09-27 04:37:00+00:00
2026-09-27 04:38:27+00:00,VALID,630503.0,86,0,2026-09-27 04:38:00+00:00
2026-09-27 04:39:27+00:00,FF64,,118,64,2026-09-27 04:39:00+00:00
2026-09-27 04:40:27+00:00,VALID,630623.0,86,0,2026-09-27 04:40:00+00:00
2026-09-27 04:41:27+00:00,FF64,,118,64,2026-09-27 04:41:00+00:00
2026-09-27 04:42:27+00:00,VALID,630743.0,86,0,2026-09-27 04:42:00+00:00
2026-09-27 04:43:27+00:00,FF64,,118,64,2026-09-27 04:43:00+00:00
2026-09-27 04:44:27+00:00,VALID,630863.0,86,0,2026-09-27 04:44:00+00:00
2026-09-27 04:45:27+00:00,FF64,,118,64,2026-09-27 04:45:00+00:00
2026-09-27 04:46:27+00:00,VALID,630983.0,86,0,2026-09-27 04:46:00+00:00
2026-09-27 04:47:27+00:00,VALID,631043.0,86,0,2026-09-27 04:47:00+00:00
2026-09-27 04:48:27+00:00,VALID,631103.0,86,0,2026-09-27 04:48:00+00:00
2026-09-27 04:49:27+00:00,VALID,631163.0,86,0,2026-09-27 04:49:00+00:00
2026-09-27 04:50:27+00:00,VALID,631223.0,86,0,2026-09-27 04:50:00+00:00
2026-09-27 04:51:27+00:00,FF64,,118,64,2026-09-27 04:51:00+00:00
2026-09-27 04:52:27+00:00,VALID,631343.0,86,0,2026-09-27 04:52:00+00:00
2026-09-27 04:53:27+00:00,VALID,631403.0,86,0,2026-09-27 04:53:00+00:00
2026-09-27 04:54:27+00:00,VALID,631463.0,86,0,2026-09-27 04:54:00+00:00
2026-09-27 04:55:27+00:00,VALID,631523.0,86,0,2026-09-27 04:55:00+00:00
2026-09-27 04:56:27+00:00,VALID,631583.0,86,0,2026-09-27 04:56:00+00:00
2026-09-27 04:57:27+00:00,FF64,,118,64,2026-09-27 04:57:00+00:00
2026-09-27 04:58:27+00:00,VALID,631703.0,86,0,2026-09-27 04:58:00+00:00
2026-09-27 04:59:27+00:00,VALID,631763.0,86,0,2026-09-27 04:59:00+00:00
2026-09-27 05:00:27+00:00,VALID,631823.0,86,0,2026-09-27 05:00:00+00:00
2026-09-27 05:01:27+00:00,FF64,,118,64,2026-09-27 05:01:00+00:00
2026-09-27 05:02:27+00:00,VALID,631943.0,86,0,2026-09-27 05:02:00+00:00
2026-09-27 05:03:27+00:00,FF64,,118,64,2026-09-27 05:03:00+00:00
2026-09-27 05:04:27+00:00,VALID,632063.0,86,0,2026-09-27 05:04:00+00:00
2026-09-27 05:05:27+00:00,FF64,,118,64,2026-09-27 05:05:00+00:00
2026-09-27 05:06:27+00:00,VALID,632183.0,86,0,2026-09-27 05:06:00+00:00
2026-09-27 05:07:27+00:00,VALID,632243.0,86,0,2026-09-27 05:07:00+00:00
2026-09-27 05:08:27+00:00,VALID,632303.0,86,0,2026-09-27 05:08:00+00:00
2026-09-27 05:09:27+00:00,FF64,,118,64,2026-09-27 05:09:00+00:00
2026-09-27 05:10:27+00:00,VALID,632423.0,86,0,2026-09-27 05:10:00+00:00
2026-09-27 05:11:27+00:00,FF64,,118,64,2026-09-27 05:11:00+00:00
2026-09-27 05:12:27+00:00,VALID,632543.0,86,0,2026-09-27 05:12:00+00:00
2026-09-27 05:13:27+00:00,VALID,632603.0,86,0,2026-09-27 05:13:00+00:00
2026-09-27 05:14:27+00:00,VALID,632663.0,86,0,2026-09-27 05:14:00+00:00
2026-09-27 05:15:27+00:00,FF64,,118,64,2026-09-27 05:15:00+00:00
2026-09-27 05:16:27+00:00,VALID,632783.0,86,0,2026-09-27 05:16:00+00:00
2026-09-27 05:17:27+00:00,FF64,,118,64,2026-09-27 05:17:00+00:00
2026-09-27 05:18:27+00:00,VALID,632903.0,86,0,2026-09-27 05:18:00+00:00
2026-09-27 05:19:27+00:00,VALID,632963.0,86,0,2026-09-27 05:19:00+00:00
2026-09-27 05:20:27+00:00,VALID,633023.0,86,0,2026-09-27 05:20:00+00:00
2026-09-27 05:21:27+00:00,FF64,,118,64,2026-09-27 05:21:00+00:00
2026-09-27 05:22:27+00:00,VALID,633143.0,86,0,2026-09-27 05:22:00+00:00
2026-09-27 05:23:27+00:00,FF64,,118,64,2026-09-27 05:23:00+00:00
2026-09-27 05:24:27+00:00,VALID,633263.0,86,0,2026-09-27 05:24:00+00:00
2026-09-27 05:25:27+00:00,FF64,,118,64,2026-09-27 05:25:00+00:00
2026-09-27 05:26:27+00:00,VALID,633383.0,86,0,2026-09-27 05:26:00+00:00
2026-09-27 05:27:27+00:00,FF64,,118,64,2026-09-27 05:27:00+00:00
2026-09-27 05:28:27+00:00,VALID,633503.0,86,0,2026-09-27 05:28:00+00:00
2026-09-27 05:29:27+00:00,FF64,,118,64,2026-09-27 05:29:00+00:00
2026-09-27 05:30:27+00:00,VALID,633623.0,86,0,2026-09-27 05:30:00+00:00
2026-09-27 05:31:27+00:00,FF64,,118,64,2026-09-27 05:31:00+00:00
2026-09-27 05:32:27+00:00,VALID,633743.0,86,0,2026-09-27 05:32:00+00:00
2026-09-27 05:33:27+00:00,VALID,633803.0,86,0,2026-09-27 05:33:00+00:00
2026-09-27 05:34:27+00:00,VALID,633863.0,86,0,2026-09-27 05:34:00+00:00
2026-09-27 05:35:27+00:00,FF64,,118,64,2026-09-27 05:35:00+00:00
2026-09-27 05:36:27+00:00,VALID,633983.0,86,0,2026-09-27 05:36:00+00:00
2026-09-27 05:37:27+00:00,VALID,634043.0,86,0,2026-09-27 05:37:00+00:00
2026-09-27 05:38:27+00:00,VALID,634103.0,86,0,2026-09-27 05:38:00+00:00
2026-09-27 05:39:27+00:00,VALID,634163.0,86,0,2026-09-27 05:39:00+00:00
2026-09-27 05:40:27+00:00,VALID,634223.0,86,0,2026-09-27 05:40:00+00:00
2026-09-27 05:41:27+00:00,FF64,,118,64,2026-09-27 05:41:00+00:00
2026-09-27 05:42:27+00:00,VALID,634343.0,86,0,2026-09-27 05:42:00+00:00
2026-09-27 05:43:27+00:00,VALID,634403.0,86,0,2026-09-27 05:43:00+00:00
2026-09-27 05:44:27+00:00,VALID,634463.0,86,0,2026-09-27 05:44:00+00:00
2026-09-27 05:45:27+00:00,FF64,,118,64,2026-09-27 05:45:00+00:00
2026-09-27 05:46:27+00:00,VALID,634583.0,86,0,2026-09-27 05:46:00+00:00
2026-09-27 05:47:27+00:00,FF64,,118,64,2026-09-27 05:47:00+00:00
2026-09-27 05:48:27+00:00,VALID,634703.0,86,0,2026-09-27 05:48:00+00:00
2026-09-27 05:49:27+00:00,VALID,634763.0,86,0,2026-09-27 05:49:00+00:00
2026-09-27 05:50:27+00:00,VALID,634823.0,86,0,2026-09-27 05:50:00+00:00
2026-09-27 05:51:27+00:00,FF64,,118,64,2026-09-27 05:51:00+00:00
2026-09-27 05:52:27+00:00,VALID,634943.0,86,0,2026-09-27 05:52:00+00:00
2026-09-27 05:53:27+00:00,VALID,635003.0,86,0,2026-09-27 05:53:00+00:00
2026-09-27 05:54:27+00:00,VALID,635063.0,86,0,2026-09-27 05:54:00+00:00
2026-09-27 05:55:27+00:00,FF64,,118,64,2026-09-27 05:55:00+00:00
2026-09-27 05:56:27+00:00,VALID,635183.0,86,0,2026-09-27 05:56:00+00:00
2026-09-27 05:57:27+00:00,FF64,,118,64,2026-09-27 05:57:00+00:00
2026-09-27 05:58:27+00:00,VALID,635303.0,86,0,2026-09-27 05:58:00+00:00
2026-09-27 05:59:27+00:00,FF64,,118,64,2026-09-27 05:59:00+00:00
2026-09-27 06:00:27+00:00,VALID,635423.0,86,0,2026-09-27 06:00:00+00:00
2026-09-27 06:01:27+00:00,FF64,,118,64,2026-09-27 06:01:00+00:00
2026-09-27 06:02:27+00:00,VALID,635543.0,86,0,2026-09-27 06:02:00+00:00
2026-09-27 06:03:27+00:00,FF64,,118,64,2026-09-27 06:03:00+00:00
2026-09-27 06:04:27+00:00,VALID,635663.0,86,0,2026-09-27 06:04:00+00:00
2026-09-27 06:05:27+00:00,FF64,,118,64,2026-09-27 06:05:00+00:00
2026-09-27 06:06:27+00:00,VALID,635783.0,86,0,2026-09-27 06:06:00+00:00
2026-09-27 06:07:27+00:00,FF64,,118,64,2026-09-27 06:07:00+00:00
2026-09-27 06:08:27+00:00,VALID,635903.0,86,0,2026-09-27 06:08:00+00:00
2026-09-27 06:09:27+00:00,VALID,635963.0,86,0,2026-09-27 06:09:00+00:00
2026-09-27 06:10:27+00:00,VALID,636023.0,86,0,2026-09-27 06:10:00+00:00
2026-09-27 06:11:27+00:00,VALID,636083.0,86,0,2026-09-27 06:11:00+00:00
2026-09-27 06:12:27+00:00,VALID,636143.0,86,0,2026-09-27 06:12:00+00:00
2026-09-27 06:13:27+00:00,FF64,,118,64,2026-09-27 06:13:00+00:00
2026-09-27 06:14:27+00:00,VALID,636263.0,86,0,2026-09-27 06:14:00+00:00
2026-09-27 06:15:27+00:00,VALID,636323.0,86,0,2026-09-27 06:15:00+00:00
2026-09-27 06:16:27+00:00,VALID,636383.0,86,0,2026-09-27 06:16:00+00:00
2026-09-27 06:17:27+00:00,FF64,,118,64,2026-09-27 06:17:00+00:00
2026-09-27 06:18:27+00:00,VALID,636503.0,86,0,2026-09-27 06:18:00+00:00
2026-09-27 06:19:27+00:00,FF64,,118,64,2026-09-27 06:19:00+00:00
2026-09-27 06:20:27+00:00,VALID,636623.0,86,0,2026-09-27 06:20:00+00:00
2026-09-27 06:21:27+00:00,FF64,,118,64,2026-09-27 06:21:00+00:00
2026-09-27 06:22:27+00:00,VALID,636743.0,86,0,2026-09-27 06:22:00+00:00
2026-09-27 06:23:27+00:00,VALID,636803.0,86,0,2026-09-27 06:23:00+00:00
2026-09-27 06:24:27+00:00,VALID,636863.0,86,0,2026-09-27 06:24:00+00:00
2026-09-27 06:25:27+00:00,FF64,,118,64,2026-09-27 06:25:00+00:00
2026-09-27 06:26:27+00:00,VALID,636983.0,86,0,2026-09-27 06:26:00+00:00
2026-09-27 06:27:27+00:00,FF64,,118,64,2026-09-27 06:27:00+00:00
2026-09-27 06:28:27+00:00,VALID,637103.0,86,0,2026-09-27 06:28:00+00:00
2026-09-27 06:29:27+00:00,FF64,,118,64,2026-09-27 06:29:00+00:00
2026-09-27 06:30:27+00:00,VALID,637223.0,86,0,2026-09-27 06:30:00+00:00
2026-09-27 06:31:27+00:00,FF64,,118,64,2026-09-27 06:31:00+00:00
2026-09-27 06:32:27+00:00,VALID,637343.0,86,0,2026-09-27 06:32:00+00:00
2026-09-27 06:33:27+00:00,VALID,637403.0,86,0,2026-09-27 06:33:00+00:00
2026-09-27 06:34:27+00:00,VALID,637463.0,86,0,2026-09-27 06:34:00+00:00
2026-09-27 06:35:27+00:00,FF64,,118,64,2026-09-27 06:35:00+00:00
2026-09-27 06:36:27+00:00,VALID,637583.0,86,0,2026-09-27 06:36:00+00:00
2026-09-27 06:37:27+00:00,FF64,,118,64,2026-09-27 06:37:00+00:00
2026-09-27 06:38:27+00:00,VALID,637703.0,86,0,2026-09-27 06:38:00+00:00
2026-09-27 06:39:27+00:00,FF64,,118,64,2026-09-27 06:39:00+00:00
2026-09-27 06:40:27+00:00,VALID,637823.0,86,0,2026-09-27 06:40:00+00:00
2026-09-27 06:41:27+00:00,FF64,,118,64,2026-09-27 06:41:00+00:00
2026-09-27 06:42:27+00:00,VALID,637943.0,86,0,2026-09-27 06:42:00+00:00
2026-09-27 06:43:27+00:00,FF64,,118,64,2026-09-27 06:43:00+00:00
2026-09-27 06:44:27+00:00,VALID,638063.0,86,0,2026-09-27 06:44:00+00:00
2026-09-27 06:45:27+00:00,FF64,,118,64,2026-09-27 06:45:00+00:00
2026-09-27 06:46:27+00:00,VALID,638183.0,86,0,2026-09-27 06:46:00+00:00
2026-09-27 06:47:27+00:00,FF64,,118,64,2026-09-27 06:47:00+00:00
2026-09-27 06:48:27+00:00,VALID,638303.0,86,0,2026-09-27 06:48:00+00:00
2026-09-27 06:49:27+00:00,VALID,638363.0,86,0,2026-09-27 06:49:00+00:00
2026-09-27 06:50:27+00:00,VALID,638423.0,86,0,2026-09-27 06:50:00+00:00
2026-09-27 06:51:27+00:00,FF64,,118,64,2026-09-27 06:51:00+00:00
2026-09-27 06:52:27+00:00,VALID,638543.0,86,0,2026-09-27 06:52:00+00:00
2026-09-27 06:53:27+00:00,FF64,,118,64,2026-09-27 06:53:00+00:00
2026-09-27 06:54:27+00:00,VALID,638663.0,86,0,2026-09-27 06:54:00+00:00
2026-09-27 06:55:27+00:00,FF64,,118,64,2026-09-27 06:55:00+00:00
2026-09-27 06:56:27+00:00,VALID,638783.0,86,0,2026-09-27 06:56:00+00:00
2026-09-27 06:57:27+00:00,FF64,,118,64,2026-09-27 06:57:00+00:00
2026-09-27 06:58:27+00:00,VALID,638903.0,86,0,2026-09-27 06:58:00+00:00
2026-09-27 06:59:27+00:00,FF64,,118,64,2026-09-27 06:59:00+00:00
2026-09-27 07:00:27+00:00,VALID,639023.0,86,0,2026-09-27 07:00:00+00:00
2026-09-27 07:01:27+00:00,FF64,,118,64,2026-09-27 07:01:00+00:00
2026-09-27 07:02:27+00:00,VALID,639143.0,86,0,2026-09-27 07:02:00+00:00
2026-09-27 07:03:27+00:00,FF64,,118,64,2026-09-27 07:03:00+00:00
2026-09-27 07:04:27+00:00,VALID,639263.0,86,0,2026-09-27 07:04:00+00:00
2026-09-27 07:05:27+00:00,FF64,,118,64,2026-09-27 07:05:00+00:00
2026-09-27 07:06:27+00:00,VALID,639383.0,86,0,2026-09-27 07:06:00+00:00
2026-09-27 07:07:27+00:00,VALID,639443.0,86,0,2026-09-27 07:07:00+00:00
2026-09-27 07:08:27+00:00,VALID,639503.0,86,0,2026-09-27 07:08:00+00:00
2026-09-27 07:09:27+00:00,FF64,,118,64,2026-09-27 07:09:00+00:00
2026-09-27 07:10:27+00:00,VALID,639623.0,86,0,2026-09-27 07:10:00+00:00
2026-09-27 07:11:27+00:00,VALID,639683.0,86,0,2026-09-27 07:11:00+00:00
2026-09-27 07:12:27+00:00,VALID,639743.0,86,0,2026-09-27 07:12:00+00:00
2026-09-27 07:13:27+00:00,VALID,639803.0,86,0,2026-09-27 07:13:00+00:00
2026-09-27 07:14:27+00:00,VALID,639863.0,86,0,2026-09-27 07:14:00+00:00
2026-09-27 07:15:27+00:00,VALID,639923.0,86,0,2026-09-27 07:15:00+00:00
2026-09-27 07:16:27+00:00,VALID,639983.0,86,0,2026-09-27 07:16:00+00:00
2026-09-27 07:17:27+00:00,FF64,,118,64,2026-09-27 07:17:00+00:00
2026-09-27 07:18:27+00:00,VALID,640103.0,86,0,2026-09-27 07:18:00+00:00
2026-09-27 07:19:27+00:00,VALID,640163.0,86,0,2026-09-27 07:19:00+00:00
2026-09-27 07:20:27+00:00,VALID,640223.0,86,0,2026-09-27 07:20:00+00:00
2026-09-27 07:21:27+00:00,FF64,,118,64,2026-09-27 07:21:00+00:00
2026-09-27 07:22:27+00:00,VALID,640343.0,86,0,2026-09-27 07:22:00+00:00
2026-09-27 07:23:27+00:00,FF64,,118,64,2026-09-27 07:23:00+00:00
2026-09-27 07:24:27+00:00,VALID,640463.0,86,0,2026-09-27 07:24:00+00:00
2026-09-27 07:25:27+00:00,FF64,,118,64,2026-09-27 07:25:00+00:00
2026-09-27 07:26:27+00:00,VALID,640583.0,86,0,2026-09-27 07:26:00+00:00
2026-09-27 07:27:27+00:00,VALID,640643.0,86,0,2026-09-27 07:27:00+00:00
2026-09-27 07:28:27+00:00,VALID,640703.0,86,0,2026-09-27 07:28:00+00:00
2026-09-27 07:29:27+00:00,FF64,,118,64,2026-09-27 07:29:00+00:00
2026-09-27 07:30:27+00:00,VALID,640823.0,86,0,2026-09-27 07:30:00+00:00
2026-09-27 07:31:28+00:00,FF64,,118,64,2026-09-27 07:31:00+00:00
2026-09-27 07:32:28+00:00,VALID,640943.0,86,0,2026-09-27 07:32:00+00:00
2026-09-27 07:33:28+00:00,FF64,,118,64,2026-09-27 07:33:00+00:00
2026-09-27 07:34:28+00:00,VALID,641063.0,86,0,2026-09-27 07:34:00+00:00
2026-09-27 07:35:28+00:00,VALID,641123.0,86,0,2026-09-27 07:35:00+00:00
2026-09-27 07:36:28+00:00,VALID,641183.0,86,0,2026-09-27 07:36:00+00:00
2026-09-27 07:37:28+00:00,VALID,641243.0,86,0,2026-09-27 07:37:00+00:00
2026-09-27 07:38:28+00:00,VALID,641303.0,86,0,2026-09-27 07:38:00+00:00
2026-09-27 07:39:28+00:00,FF64,,118,64,2026-09-27 07:39:00+00:00
2026-09-27 07:40:28+00:00,VALID,641423.0,86,0,2026-09-27 07:40:00+00:00
2026-09-27 07:41:28+00:00,VALID,641483.0,86,0,2026-09-27 07:41:00+00:00
2026-09-27 07:42:28+00:00,VALID,641543.0,86,0,2026-09-27 07:42:00+00:00
2026-09-27 07:43:28+00:00,FF64,,118,64,2026-09-27 07:43:00+00:00
2026-09-27 07:44:28+00:00,VALID,641663.0,86,0,2026-09-27 07:44:00+00:00
2026-09-27 07:45:28+00:00,FF64,,118,64,2026-09-27 07:45:00+00:00
2026-09-27 07:46:28+00:00,VALID,641783.0,86,0,2026-09-27 07:46:00+00:00
2026-09-27 07:47:28+00:00,VALID,641843.0,86,0,2026-09-27 07:47:00+00:00
2026-09-27 07:48:28+00:00,VALID,641903.0,86,0,2026-09-27 07:48:00+00:00
2026-09-27 07:49:28+00:00,FF64,,118,64,2026-09-27 07:49:00+00:00
2026-09-27 07:50:28+00:00,VALID,642023.0,86,0,2026-09-27 07:50:00+00:00
2026-09-27 07:51:28+00:00,VALID,642083.0,86,0,2026-09-27 07:51:00+00:00
2026-09-27 07:52:28+00:00,VALID,642143.0,86,0,2026-09-27 07:52:00+00:00
2026-09-27 07:53:28+00:00,VALID,642203.0,86,0,2026-09-27 07:53:00+00:00
2026-09-27 07:54:28+00:00,VALID,642263.0,86,0,2026-09-27 07:54:00+00:00
2026-09-27 07:55:28+00:00,FF64,,118,64,2026-09-27 07:55:00+00:00
2026-09-27 07:56:28+00:00,VALID,642383.0,86,0,2026-09-27 07:56:00+00:00
2026-09-27 07:57:28+00:00,FF64,,118,64,2026-09-27 07:57:00+00:00
2026-09-27 07:58:28+00:00,VALID,642503.0,86,0,2026-09-27 07:58:00+00:00
2026-09-27 07:59:28+00:00,VALID,642563.0,86,0,2026-09-27 07:59:00+00:00
2026-09-27 08:00:28+00:00,VALID,642623.0,86,0,2026-09-27 08:00:00+00:00
2026-09-27 08:01:28+00:00,FF64,,118,64,2026-09-27 08:01:00+00:00
2026-09-27 08:02:28+00:00,VALID,642743.0,86,0,2026-09-27 08:02:00+00:00
2026-09-27 08:03:28+00:00,FF64,,118,64,2026-09-27 08:03:00+00:00
2026-09-27 08:04:28+00:00,VALID,642863.0,86,0,2026-09-27 08:04:00+00:00
2026-09-27 08:05:28+00:00,FF64,,118,64,2026-09-27 08:05:00+00:00
2026-09-27 08:06:28+00:00,VALID,642983.0,86,0,2026-09-27 08:06:00+00:00
2026-09-27 08:07:28+00:00,FF64,,118,64,2026-09-27 08:07:00+00:00
2026-09-27 08:08:28+00:00,VALID,643103.0,86,0,2026-09-27 08:08:00+00:00
2026-09-27 08:09:28+00:00,FF64,,118,64,2026-09-27 08:09:00+00:00
2026-09-27 08:10:28+00:00,VALID,643223.0,86,0,2026-09-27 08:10:00+00:00
2026-09-27 08:11:28+00:00,VALID,643283.0,86,0,2026-09-27 08:11:00+00:00
2026-09-27 08:12:28+00:00,VALID,643343.0,86,0,2026-09-27 08:12:00+00:00
2026-09-27 08:13:28+00:00,FF64,,118,64,2026-09-27 08:13:00+00:00
2026-09-27 08:14:28+00:00,VALID,643463.0,86,0,2026-09-27 08:14:00+00:00
2026-09-27 08:15:28+00:00,FF64,,118,64,2026-09-27 08:15:00+00:00
2026-09-27 08:16:28+00:00,VALID,643583.0,86,0,2026-09-27 08:16:00+00:00
2026-09-27 08:17:28+00:00,VALID,643643.0,86,0,2026-09-27 08:17:00+00:00
2026-09-27 08:18:28+00:00,VALID,643703.0,86,0,2026-09-27 08:18:00+00:00
2026-09-27 08:19:28+00:00,FF64,,118,64,2026-09-27 08:19:00+00:00
2026-09-27 08:20:28+00:00,VALID,643823.0,86,0,2026-09-27 08:20:00+00:00
2026-09-27 08:21:28+00:00,FF64,,118,64,2026-09-27 08:21:00+00:00
2026-09-27 08:22:28+00:00,VALID,643943.0,86,0,2026-09-27 08:22:00+00:00
2026-09-27 08:23:28+00:00,FF64,,118,64,2026-09-27 08:23:00+00:00
2026-09-27 08:24:28+00:00,VALID,644063.0,86,0,2026-09-27 08:24:00+00:00
2026-09-27 08:25:28+00:00,FF64,,118,64,2026-09-27 08:25:00+00:00
2026-09-27 08:26:28+00:00,VALID,644183.0,86,0,2026-09-27 08:26:00+00:00
2026-09-27 08:27:28+00:00,VALID,644243.0,86,0,2026-09-27 08:27:00+00:00
2026-09-27 08:28:28+00:00,VALID,644303.0,86,0,2026-09-27 08:28:00+00:00
2026-09-27 08:29:28+00:00,FF64,,118,64,2026-09-27 08:29:00+00:00
2026-09-27 08:30:28+00:00,VALID,644423.0,86,0,2026-09-27 08:30:00+00:00
2026-09-27 08:31:28+00:00,VALID,644483.0,86,0,2026-09-27 08:31:00+00:00
2026-09-27 08:32:28+00:00,VALID,644543.0,86,0,2026-09-27 08:32:00+00:00
2026-09-27 08:33:28+00:00,FF64,,118,64,2026-09-27 08:33:00+00:00
2026-09-27 08:34:28+00:00,VALID,644663.0,86,0,2026-09-27 08:34:00+00:00
2026-09-27 08:35:28+00:00,FF64,,118,64,2026-09-27 08:35:00+00:00
2026-09-27 08:36:28+00:00,VALID,644783.0,86,0,2026-09-27 08:36:00+00:00
2026-09-27 08:37:28+00:00,FF64,,118,64,2026-09-27 08:37:00+00:00
2026-09-27 08:38:28+00:00,VALID,644903.0,86,0,2026-09-27 08:38:00+00:00
2026-09-27 08:39:28+00:00,FF64,,118,64,2026-09-27 08:39:00+00:00
2026-09-27 08:40:28+00:00,VALID,645023.0,86,0,2026-09-27 08:40:00+00:00
2026-09-27 08:41:28+00:00,FF64,,118,64,2026-09-27 08:41:00+00:00
2026-09-27 08:42:28+00:00,VALID,645143.0,86,0,2026-09-27 08:42:00+00:00
2026-09-27 08:43:28+00:00,FF64,,118,64,2026-09-27 08:43:00+00:00
2026-09-27 08:44:28+00:00,VALID,645263.0,86,0,2026-09-27 08:44:00+00:00
2026-09-27 08:45:28+00:00,VALID,645323.0,86,0,2026-09-27 08:45:00+00:00
2026-09-27 08:46:28+00:00,VALID,645383.0,86,0,2026-09-27 08:46:00+00:00
2026-09-27 08:47:28+00:00,FF64,,118,64,2026-09-27 08:47:00+00:00
2026-09-27 08:48:28+00:00,VALID,645503.0,86,0,2026-09-27 08:48:00+00:00
2026-09-27 08:49:28+00:00,FF64,,118,64,2026-09-27 08:49:00+00:00
2026-09-27 08:50:28+00:00,VALID,645623.0,86,0,2026-09-27 08:50:00+00:00
2026-09-27 08:51:28+00:00,FF64,,118,64,2026-09-27 08:51:00+00:00
2026-09-27 08:52:28+00:00,VALID,645743.0,86,0,2026-09-27 08:52:00+00:00
2026-09-27 08:53:28+00:00,FF64,,118,64,2026-09-27 08:53:00+00:00
2026-09-27 08:54:28+00:00,VALID,645863.0,86,0,2026-09-27 08:54:00+00:00
2026-09-27 08:55:28+00:00,FF64,,118,64,2026-09-27 08:55:00+00:00
2026-09-27 08:56:28+00:00,VALID,645983.0,86,0,2026-09-27 08:56:00+00:00
2026-09-27 08:57:28+00:00,VALID,646043.0,86,0,2026-09-27 08:57:00+00:00
2026-09-27 08:58:28+00:00,VALID,646103.0,86,0,2026-09-27 08:58:00+00:00
2026-09-27 08:59:28+00:00,FF64,,118,64,2026-09-27 08:59:00+00:00
2026-09-27 09:00:28+00:00,VALID,646224.0,86,0,2026-09-27 09:00:00+00:00
2026-09-27 09:01:28+00:00,FF64,,118,64,2026-09-27 09:01:00+00:00
2026-09-27 09:02:28+00:00,VALID,646344.0,86,0,2026-09-27 09:02:00+00:00
2026-09-27 09:03:28+00:00,FF64,,118,64,2026-09-27 09:03:00+00:00
2026-09-27 09:04:28+00:00,VALID,646464.0,86,0,2026-09-27 09:04:00+00:00
2026-09-27 09:05:28+00:00,VALID,646524.0,86,0,2026-09-27 09:05:00+00:00
2026-09-27 09:06:28+00:00,VALID,646584.0,86,0,2026-09-27 09:06:00+00:00
2026-09-27 09:07:28+00:00,FF64,,118,64,2026-09-27 09:07:00+00:00
2026-09-27 09:08:28+00:00,VALID,646704.0,86,0,2026-09-27 09:08:00+00:00
2026-09-27 09:09:28+00:00,FF64,,118,64,2026-09-27 09:09:00+00:00
2026-09-27 09:10:28+00:00,VALID,646824.0,86,0,2026-09-27 09:10:00+00:00
2026-09-27 09:11:28+00:00,VALID,646884.0,86,0,2026-09-27 09:11:00+00:00
2026-09-27 09:12:28+00:00,VALID,646944.0,86,0,2026-09-27 09:12:00+00:00
2026-09-27 09:13:28+00:00,FF64,,118,64,2026-09-27 09:13:00+00:00
2026-09-27 09:14:28+00:00,VALID,647064.0,86,0,2026-09-27 09:14:00+00:00
2026-09-27 09:15:28+00:00,FF64,,118,64,2026-09-27 09:15:00+00:00
2026-09-27 09:16:28+00:00,VALID,647184.0,86,0,2026-09-27 09:16:00+00:00
2026-09-27 09:17:28+00:00,FF64,,118,64,2026-09-27 09:17:00+00:00
2026-09-27 09:18:28+00:00,VALID,647304.0,86,0,2026-09-27 09:18:00+00:00
2026-09-27 09:19:28+00:00,FF64,,118,64,2026-09-27 09:19:00+00:00
2026-09-27 09:20:28+00:00,VALID,647424.0,86,0,2026-09-27 09:20:00+00:00
2026-09-27 09:21:28+00:00,VALID,647484.0,86,0,2026-09-27 09:21:00+00:00
2026-09-27 09:22:28+00:00,VALID,647544.0,86,0,2026-09-27 09:22:00+00:00
2026-09-27 09:23:28+00:00,FF64,,118,64,2026-09-27 09:23:00+00:00
2026-09-27 09:24:28+00:00,VALID,647664.0,86,0,2026-09-27 09:24:00+00:00
2026-09-27 09:25:28+00:00,VALID,647724.0,86,0,2026-09-27 09:25:00+00:00
2026-09-27 09:26:28+00:00,VALID,647784.0,86,0,2026-09-27 09:26:00+00:00
2026-09-27 09:27:28+00:00,FF64,,118,64,2026-09-27 09:27:00+00:00
2026-09-27 09:28:28+00:00,VALID,647904.0,86,0,2026-09-27 09:28:00+00:00
2026-09-27 09:29:28+00:00,VALID,647964.0,86,0,2026-09-27 09:29:00+00:00
2026-09-27 09:30:28+00:00,VALID,648024.0,86,0,2026-09-27 09:30:00+00:00
2026-09-27 09:31:28+00:00,FF64,,118,64,2026-09-27 09:31:00+00:00
2026-09-27 09:32:28+00:00,VALID,648144.0,86,0,2026-09-27 09:32:00+00:00
2026-09-27 09:33:28+00:00,FF64,,118,64,2026-09-27 09:33:00+00:00
2026-09-27 09:34:28+00:00,VALID,648264.0,86,0,2026-09-27 09:34:00+00:00
2026-09-27 09:35:28+00:00,FF64,,118,64,2026-09-27 09:35:00+00:00
2026-09-27 09:36:28+00:00,VALID,648384.0,86,0,2026-09-27 09:36:00+00:00
2026-09-27 09:37:28+00:00,FF64,,118,64,2026-09-27 09:37:00+00:00
2026-09-27 09:38:28+00:00,VALID,648504.0,86,0,2026-09-27 09:38:00+00:00
2026-09-27 09:39:28+00:00,FF64,,118,64,2026-09-27 09:39:00+00:00
2026-09-27 09:40:28+00:00,VALID,648624.0,86,0,2026-09-27 09:40:00+00:00
2026-09-27 09:41:28+00:00,FF64,,118,64,2026-09-27 09:41:00+00:00
2026-09-27 09:42:28+00:00,VALID,648744.0,86,0,2026-09-27 09:42:00+00:00
2026-09-27 09:43:28+00:00,VALID,648804.0,86,0,2026-09-27 09:43:00+00:00
2026-09-27 09:44:28+00:00,VALID,648864.0,86,0,2026-09-27 09:44:00+00:00
2026-09-27 09:45:28+00:00,FF64,,118,64,2026-09-27 09:45:00+00:00
2026-09-27 09:46:28+00:00,VALID,648984.0,86,0,2026-09-27 09:46:00+00:00
2026-09-27 09:47:28+00:00,VALID,649044.0,86,0,2026-09-27 09:47:00+00:00
2026-09-27 09:48:28+00:00,VALID,649104.0,86,0,2026-09-27 09:48:00+00:00
2026-09-27 09:49:28+00:00,FF64,,118,64,2026-09-27 09:49:00+00:00
2026-09-27 09:50:28+00:00,VALID,649224.0,86,0,2026-09-27 09:50:00+00:00
2026-09-27 09:51:28+00:00,VALID,649284.0,86,0,2026-09-27 09:51:00+00:00
2026-09-27 09:52:28+00:00,VALID,649344.0,86,0,2026-09-27 09:52:00+00:00
2026-09-27 09:53:28+00:00,FF64,,118,64,2026-09-27 09:53:00+00:00
2026-09-27 09:54:28+00:00,VALID,649464.0,86,0,2026-09-27 09:54:00+00:00
2026-09-27 09:55:28+00:00,FF64,,118,64,2026-09-27 09:55:00+00:00
2026-09-27 09:56:28+00:00,VALID,649584.0,86,0,2026-09-27 09:56:00+00:00
2026-09-27 09:57:28+00:00,VALID,649644.0,86,0,2026-09-27 09:57:00+00:00
2026-09-27 09:58:28+00:00,VALID,649704.0,86,0,2026-09-27 09:58:00+00:00
2026-09-27 09:59:28+00:00,FF64,,118,64,2026-09-27 09:59:00+00:00
2026-09-27 10:00:28+00:00,VALID,649824.0,86,0,2026-09-27 10:00:00+00:00
2026-09-27 10:01:28+00:00,FF64,,118,64,2026-09-27 10:01:00+00:00
2026-09-27 10:02:28+00:00,VALID,649944.0,86,0,2026-09-27 10:02:00+00:00
2026-09-27 10:03:28+00:00,FF64,,118,64,2026-09-27 10:03:00+00:00
2026-09-27 10:04:28+00:00,VALID,650064.0,86,0,2026-09-27 10:04:00+00:00
2026-09-27 10:05:28+00:00,FF64,,118,64,2026-09-27 10:05:00+00:00
2026-09-27 10:06:28+00:00,VALID,650184.0,86,0,2026-09-27 10:06:00+00:00
2026-09-27 10:07:28+00:00,FF64,,118,64,2026-09-27 10:07:00+00:00
2026-09-27 10:08:28+00:00,VALID,650304.0,86,0,2026-09-27 10:08:00+00:00
2026-09-27 10:09:28+00:00,FF64,,118,64,2026-09-27 10:09:00+00:00
2026-09-27 10:10:28+00:00,VALID,650424.0,86,0,2026-09-27 10:10:00+00:00
2026-09-27 10:11:28+00:00,FF64,,118,64,2026-09-27 10:11:00+00:00
2026-09-27 10:12:28+00:00,VALID,650544.0,86,0,2026-09-27 10:12:00+00:00
2026-09-27 10:13:28+00:00,FF64,,118,64,2026-09-27 10:13:00+00:00
2026-09-27 10:14:28+00:00,VALID,650664.0,86,0,2026-09-27 10:14:00+00:00
2026-09-27 10:15:28+00:00,VALID,650724.0,86,0,2026-09-27 10:15:00+00:00
2026-09-27 10:16:28+00:00,VALID,650784.0,86,0,2026-09-27 10:16:00+00:00
2026-09-27 10:17:28+00:00,FF64,,118,64,2026-09-27 10:17:00+00:00
2026-09-27 10:18:28+00:00,VALID,650904.0,86,0,2026-09-27 10:18:00+00:00
2026-09-27 10:19:28+00:00,FF64,,118,64,2026-09-27 10:19:00+00:00
2026-09-27 10:20:28+00:00,VALID,651024.0,86,0,2026-09-27 10:20:00+00:00
2026-09-27 10:21:28+00:00,FF64,,118,64,2026-09-27 10:21:00+00:00
2026-09-27 10:22:28+00:00,VALID,651144.0,86,0,2026-09-27 10:22:00+00:00
2026-09-27 10:23:28+00:00,FF64,,118,64,2026-09-27 10:23:00+00:00
2026-09-27 10:24:28+00:00,VALID,651264.0,86,0,2026-09-27 10:24:00+00:00
2026-09-27 10:25:28+00:00,VALID,651324.0,86,0,2026-09-27 10:25:00+00:00
2026-09-27 10:26:28+00:00,VALID,651384.0,86,0,2026-09-27 10:26:00+00:00
2026-09-27 10:27:28+00:00,VALID,651444.0,86,0,2026-09-27 10:27:00+00:00
2026-09-27 10:28:28+00:00,VALID,651504.0,86,0,2026-09-27 10:28:00+00:00
2026-09-27 10:29:28+00:00,VALID,651564.0,86,0,2026-09-27 10:29:00+00:00
2026-09-27 10:30:28+00:00,VALID,651624.0,86,0,2026-09-27 10:30:00+00:00
2026-09-27 10:31:28+00:00,FF64,,118,64,2026-09-27 10:31:00+00:00
2026-09-27 10:32:28+00:00,VALID,651744.0,86,0,2026-09-27 10:32:00+00:00
2026-09-27 10:33:28+00:00,FF64,,118,64,2026-09-27 10:33:00+00:00
2026-09-27 10:34:28+00:00,VALID,651864.0,86,0,2026-09-27 10:34:00+00:00
2026-09-27 10:35:28+00:00,FF64,,118,64,2026-09-27 10:35:00+00:00
2026-09-27 10:36:28+00:00,VALID,651984.0,86,0,2026-09-27 10:36:00+00:00
2026-09-27 10:37:28+00:00,FF64,,118,64,2026-09-27 10:37:00+00:00
2026-09-27 10:38:28+00:00,VALID,652104.0,86,0,2026-09-27 10:38:00+00:00
2026-09-27 10:39:28+00:00,FF64,,118,64,2026-09-27 10:39:00+00:00
2026-09-27 10:40:28+00:00,VALID,652224.0,86,0,2026-09-27 10:40:00+00:00
2026-09-27 10:41:28+00:00,FF64,,118,64,2026-09-27 10:41:00+00:00
2026-09-27 10:42:28+00:00,VALID,652344.0,86,0,2026-09-27 10:42:00+00:00
2026-09-27 10:43:28+00:00,VALID,652404.0,86,0,2026-09-27 10:43:00+00:00
2026-09-27 10:44:28+00:00,VALID,652464.0,86,0,2026-09-27 10:44:00+00:00
2026-09-27 10:45:28+00:00,VALID,652524.0,86,0,2026-09-27 10:45:00+00:00
2026-09-27 10:46:28+00:00,VALID,652584.0,86,0,2026-09-27 10:46:00+00:00
2026-09-27 10:47:28+00:00,FF64,,118,64,2026-09-27 10:47:00+00:00
2026-09-27 10:48:28+00:00,VALID,652704.0,86,0,2026-09-27 10:48:00+00:00
2026-09-27 10:49:28+00:00,VALID,652764.0,86,0,2026-09-27 10:49:00+00:00
2026-09-27 10:50:28+00:00,VALID,652824.0,86,0,2026-09-27 10:50:00+00:00
2026-09-27 10:51:28+00:00,FF64,,118,64,2026-09-27 10:51:00+00:00
2026-09-27 10:52:28+00:00,VALID,652944.0,86,0,2026-09-27 10:52:00+00:00
2026-09-27 10:53:28+00:00,FF64,,118,64,2026-09-27 10:53:00+00:00
2026-09-27 10:54:28+00:00,VALID,653064.0,86,0,2026-09-27 10:54:00+00:00
2026-09-27 10:55:28+00:00,FF64,,118,64,2026-09-27 10:55:00+00:00
2026-09-27 10:56:28+00:00,VALID,653184.0,86,0,2026-09-27 10:56:00+00:00
2026-09-27 10:57:28+00:00,FF64,,118,64,2026-09-27 10:57:00+00:00
2026-09-27 10:58:28+00:00,VALID,653304.0,86,0,2026-09-27 10:58:00+00:00
2026-09-27 10:59:28+00:00,FF64,,118,64,2026-09-27 10:59:00+00:00
2026-09-27 11:00:28+00:00,VALID,653424.0,86,0,2026-09-27 11:00:00+00:00
2026-09-27 11:01:28+00:00,FF64,,118,64,2026-09-27 11:01:00+00:00
2026-09-27 11:02:28+00:00,VALID,653544.0,86,0,2026-09-27 11:02:00+00:00
2026-09-27 11:03:28+00:00,FF64,,118,64,2026-09-27 11:03:00+00:00
2026-09-27 11:04:28+00:00,VALID,653664.0,86,0,2026-09-27 11:04:00+00:00
2026-09-27 11:05:28+00:00,FF64,,118,64,2026-09-27 11:05:00+00:00
2026-09-27 11:06:28+00:00,VALID,653784.0,86,0,2026-09-27 11:06:00+00:00
2026-09-27 11:07:28+00:00,FF64,,118,64,2026-09-27 11:07:00+00:00
2026-09-27 11:08:28+00:00,VALID,653904.0,86,0,2026-09-27 11:08:00+00:00
2026-09-27 11:09:28+00:00,VALID,653964.0,86,0,2026-09-27 11:09:00+00:00
2026-09-27 11:10:28+00:00,VALID,654024.0,86,0,2026-09-27 11:10:00+00:00
2026-09-27 11:11:28+00:00,FF64,,118,64,2026-09-27 11:11:00+00:00
2026-09-27 11:12:28+00:00,VALID,654144.0,86,0,2026-09-27 11:12:00+00:00
2026-09-27 11:13:28+00:00,VALID,654204.0,86,0,2026-09-27 11:13:00+00:00
2026-09-27 11:14:28+00:00,VALID,654264.0,86,0,2026-09-27 11:14:00+00:00
2026-09-27 11:15:28+00:00,FF64,,118,64,2026-09-27 11:15:00+00:00
2026-09-27 11:16:28+00:00,VALID,654384.0,86,0,2026-09-27 11:16:00+00:00
2026-09-27 11:17:28+00:00,FF64,,118,64,2026-09-27 11:17:00+00:00
2026-09-27 11:18:28+00:00,VALID,654504.0,86,0,2026-09-27 11:18:00+00:00
2026-09-27 11:19:28+00:00,FF64,,118,64,2026-09-27 11:19:00+00:00
2026-09-27 11:20:28+00:00,VALID,654624.0,86,0,2026-09-27 11:20:00+00:00
2026-09-27 11:21:28+00:00,VALID,654684.0,86,0,2026-09-27 11:21:00+00:00
2026-09-27 11:22:28+00:00,VALID,654744.0,86,0,2026-09-27 11:22:00+00:00
2026-09-27 11:23:28+00:00,FF64,,118,64,2026-09-27 11:23:00+00:00
2026-09-27 11:24:28+00:00,VALID,654864.0,86,0,2026-09-27 11:24:00+00:00
2026-09-27 11:25:28+00:00,VALID,654924.0,86,0,2026-09-27 11:25:00+00:00
2026-09-27 11:26:28+00:00,VALID,654984.0,86,0,2026-09-27 11:26:00+00:00
2026-09-27 11:27:28+00:00,FF64,,118,64,2026-09-27 11:27:00+00:00
2026-09-27 11:28:28+00:00,VALID,655104.0,86,0,2026-09-27 11:28:00+00:00
2026-09-27 11:29:28+00:00,FF64,,118,64,2026-09-27 11:29:00+00:00
2026-09-27 11:30:28+00:00,VALID,655224.0,86,0,2026-09-27 11:30:00+00:00
2026-09-27 11:31:28+00:00,FF64,,118,64,2026-09-27 11:31:00+00:00
2026-09-27 11:32:28+00:00,VALID,655344.0,86,0,2026-09-27 11:32:00+00:00
2026-09-27 11:33:28+00:00,FF64,,118,64,2026-09-27 11:33:00+00:00
2026-09-27 11:34:28+00:00,VALID,655464.0,86,0,2026-09-27 11:34:00+00:00
2026-09-27 11:35:28+00:00,VALID,655524.0,86,0,2026-09-27 11:35:00+00:00
2026-09-27 11:36:28+00:00,VALID,655584.0,86,0,2026-09-27 11:36:00+00:00
2026-09-27 11:37:28+00:00,FF64,,118,64,2026-09-27 11:37:00+00:00
2026-09-27 11:38:28+00:00,VALID,655704.0,86,0,2026-09-27 11:38:00+00:00
2026-09-27 11:39:28+00:00,FF64,,118,64,2026-09-27 11:39:00+00:00
2026-09-27 11:40:28+00:00,VALID,655824.0,86,0,2026-09-27 11:40:00+00:00
2026-09-27 11:41:28+00:00,FF64,,118,64,2026-09-27 11:41:00+00:00
2026-09-27 11:42:28+00:00,VALID,655944.0,86,0,2026-09-27 11:42:00+00:00
2026-09-27 11:43:28+00:00,FF64,,118,64,2026-09-27 11:43:00+00:00
2026-09-27 11:44:28+00:00,VALID,656064.0,86,0,2026-09-27 11:44:00+00:00
2026-09-27 11:45:28+00:00,VALID,656124.0,86,0,2026-09-27 11:45:00+00:00
2026-09-27 11:46:28+00:00,VALID,656184.0,86,0,2026-09-27 11:46:00+00:00
2026-09-27 11:47:28+00:00,FF64,,118,64,2026-09-27 11:47:00+00:00
2026-09-27 11:48:28+00:00,VALID,656304.0,86,0,2026-09-27 11:48:00+00:00
2026-09-27 11:49:28+00:00,VALID,656364.0,86,0,2026-09-27 11:49:00+00:00
2026-09-27 11:50:28+00:00,VALID,656424.0,86,0,2026-09-27 11:50:00+00:00
2026-09-27 11:51:28+00:00,FF64,,118,64,2026-09-27 11:51:00+00:00
2026-09-27 11:52:28+00:00,VALID,656544.0,86,0,2026-09-27 11:52:00+00:00
2026-09-27 11:53:28+00:00,VALID,656604.0,86,0,2026-09-27 11:53:00+00:00
2026-09-27 11:54:28+00:00,VALID,656664.0,86,0,2026-09-27 11:54:00+00:00
2026-09-27 11:55:28+00:00,FF64,,118,64,2026-09-27 11:55:00+00:00
2026-09-27 11:56:28+00:00,VALID,656784.0,86,0,2026-09-27 11:56:00+00:00
2026-09-27 11:57:28+00:00,VALID,656844.0,86,0,2026-09-27 11:57:00+00:00
2026-09-27 11:58:28+00:00,VALID,656904.0,86,0,2026-09-27 11:58:00+00:00
2026-09-27 11:59:28+00:00,FF64,,118,64,2026-09-27 11:59:00+00:00
2026-09-27 12:00:28+00:00,VALID,657024.0,86,0,2026-09-27 12:00:00+00:00
2026-09-27 12:01:28+00:00,FF64,,118,64,2026-09-27 12:01:00+00:00
2026-09-27 12:02:28+00:00,VALID,657144.0,86,0,2026-09-27 12:02:00+00:00
2026-09-27 12:03:28+00:00,FF64,,118,64,2026-09-27 12:03:00+00:00
2026-09-27 12:04:28+00:00,VALID,657264.0,86,0,2026-09-27 12:04:00+00:00
2026-09-27 12:05:28+00:00,VALID,657324.0,86,0,2026-09-27 12:05:00+00:00
2026-09-27 12:06:28+00:00,VALID,657384.0,86,0,2026-09-27 12:06:00+00:00
2026-09-27 12:07:28+00:00,FF64,,118,64,2026-09-27 12:07:00+00:00
2026-09-27 12:08:28+00:00,VALID,657504.0,86,0,2026-09-27 12:08:00+00:00
2026-09-27 12:09:28+00:00,FF64,,118,64,2026-09-27 12:09:00+00:00
2026-09-27 12:10:28+00:00,VALID,657624.0,86,0,2026-09-27 12:10:00+00:00
2026-09-27 12:11:28+00:00,FF64,,118,64,2026-09-27 12:11:00+00:00
2026-09-27 12:12:28+00:00,VALID,657744.0,86,0,2026-09-27 12:12:00+00:00
2026-09-27 12:13:28+00:00,FF64,,118,64,2026-09-27 12:13:00+00:00
2026-09-27 12:14:28+00:00,VALID,657864.0,86,0,2026-09-27 12:14:00+00:00
2026-09-27 12:15:28+00:00,FF64,,118,64,2026-09-27 12:15:00+00:00
2026-09-27 12:16:28+00:00,VALID,657984.0,86,0,2026-09-27 12:16:00+00:00
2026-09-27 12:17:28+00:00,FF64,,118,64,2026-09-27 12:17:00+00:00
2026-09-27 12:18:28+00:00,VALID,658104.0,86,0,2026-09-27 12:18:00+00:00
2026-09-27 12:19:28+00:00,FF64,,118,64,2026-09-27 12:19:00+00:00
2026-09-27 12:20:28+00:00,VALID,658224.0,86,0,2026-09-27 12:20:00+00:00
2026-09-27 12:21:28+00:00,FF64,,118,64,2026-09-27 12:21:00+00:00
2026-09-27 12:22:28+00:00,VALID,658344.0,86,0,2026-09-27 12:22:00+00:00
2026-09-27 12:23:28+00:00,FF64,,118,64,2026-09-27 12:23:00+00:00
2026-09-27 12:24:28+00:00,VALID,658464.0,86,0,2026-09-27 12:24:00+00:00
2026-09-27 12:25:28+00:00,VALID,658524.0,86,0,2026-09-27 12:25:00+00:00
2026-09-27 12:26:28+00:00,VALID,658584.0,86,0,2026-09-27 12:26:00+00:00
2026-09-27 12:27:28+00:00,FF64,,118,64,2026-09-27 12:27:00+00:00
2026-09-27 12:28:28+00:00,VALID,658704.0,86,0,2026-09-27 12:28:00+00:00
2026-09-27 12:29:28+00:00,FF64,,118,64,2026-09-27 12:29:00+00:00
2026-09-27 12:30:28+00:00,VALID,658824.0,86,0,2026-09-27 12:30:00+00:00
2026-09-27 12:31:28+00:00,FF64,,118,64,2026-09-27 12:31:00+00:00
2026-09-27 12:32:28+00:00,VALID,658944.0,86,0,2026-09-27 12:32:00+00:00
2026-09-27 12:33:28+00:00,FF64,,118,64,2026-09-27 12:33:00+00:00
2026-09-27 12:34:28+00:00,VALID,659064.0,86,0,2026-09-27 12:34:00+00:00
2026-09-27 12:35:28+00:00,FF64,,118,64,2026-09-27 12:35:00+00:00
2026-09-27 12:36:28+00:00,VALID,659184.0,86,0,2026-09-27 12:36:00+00:00
2026-09-27 12:37:28+00:00,FF64,,118,64,2026-09-27 12:37:00+00:00
2026-09-27 12:38:28+00:00,VALID,659304.0,86,0,2026-09-27 12:38:00+00:00
2026-09-27 12:39:28+00:00,FF64,,118,64,2026-09-27 12:39:00+00:00
2026-09-27 12:40:28+00:00,VALID,659424.0,86,0,2026-09-27 12:40:00+00:00
2026-09-27 12:41:28+00:00,VALID,659484.0,86,0,2026-09-27 12:41:00+00:00
2026-09-27 12:42:28+00:00,VALID,659544.0,86,0,2026-09-27 12:42:00+00:00
2026-09-27 12:43:28+00:00,FF64,,118,64,2026-09-27 12:43:00+00:00
2026-09-27 12:44:28+00:00,VALID,659664.0,86,0,2026-09-27 12:44:00+00:00
2026-09-27 12:45:28+00:00,FF64,,118,64,2026-09-27 12:45:00+00:00
2026-09-27 12:46:28+00:00,VALID,659784.0,86,0,2026-09-27 12:46:00+00:00
2026-09-27 12:47:28+00:00,FF64,,118,64,2026-09-27 12:47:00+00:00
2026-09-27 12:48:28+00:00,VALID,659904.0,86,0,2026-09-27 12:48:00+00:00
2026-09-27 12:49:28+00:00,FF64,,118,64,2026-09-27 12:49:00+00:00
2026-09-27 12:50:28+00:00,VALID,660024.0,86,0,2026-09-27 12:50:00+00:00
2026-09-27 12:51:28+00:00,FF64,,118,64,2026-09-27 12:51:00+00:00
2026-09-27 12:52:28+00:00,VALID,660144.0,86,0,2026-09-27 12:52:00+00:00
2026-09-27 12:53:28+00:00,VALID,660204.0,86,0,2026-09-27 12:53:00+00:00
2026-09-27 12:54:28+00:00,VALID,660264.0,86,0,2026-09-27 12:54:00+00:00
2026-09-27 12:55:28+00:00,FF64,,118,64,2026-09-27 12:55:00+00:00
2026-09-27 12:56:28+00:00,VALID,660384.0,86,0,2026-09-27 12:56:00+00:00
2026-09-27 12:57:28+00:00,FF64,,118,64,2026-09-27 12:57:00+00:00
2026-09-27 12:58:28+00:00,VALID,660504.0,86,0,2026-09-27 12:58:00+00:00
2026-09-27 12:59:28+00:00,VALID,660564.0,86,0,2026-09-27 12:59:00+00:00
2026-09-27 13:00:28+00:00,VALID,660624.0,86,0,2026-09-27 13:00:00+00:00
2026-09-27 13:01:28+00:00,FF64,,118,64,2026-09-27 13:01:00+00:00
2026-09-27 13:02:28+00:00,VALID,660744.0,86,0,2026-09-27 13:02:00+00:00
2026-09-27 13:03:28+00:00,VALID,660804.0,86,0,2026-09-27 13:03:00+00:00
2026-09-27 13:04:28+00:00,VALID,660864.0,86,0,2026-09-27 13:04:00+00:00
2026-09-27 13:05:28+00:00,VALID,660924.0,86,0,2026-09-27 13:05:00+00:00
2026-09-27 13:06:28+00:00,VALID,660984.0,86,0,2026-09-27 13:06:00+00:00
2026-09-27 13:07:28+00:00,FF64,,118,64,2026-09-27 13:07:00+00:00
2026-09-27 13:08:28+00:00,VALID,661104.0,86,0,2026-09-27 13:08:00+00:00
2026-09-27 13:09:28+00:00,FF64,,118,64,2026-09-27 13:09:00+00:00
2026-09-27 13:10:28+00:00,VALID,661224.0,86,0,2026-09-27 13:10:00+00:00
2026-09-27 13:11:28+00:00,VALID,661284.0,86,0,2026-09-27 13:11:00+00:00
2026-09-27 13:12:28+00:00,VALID,661344.0,86,0,2026-09-27 13:12:00+00:00
2026-09-27 13:13:28+00:00,FF64,,118,64,2026-09-27 13:13:00+00:00
2026-09-27 13:14:28+00:00,VALID,661464.0,86,0,2026-09-27 13:14:00+00:00
2026-09-27 13:15:28+00:00,FF64,,118,64,2026-09-27 13:15:00+00:00
2026-09-27 13:16:28+00:00,VALID,661584.0,86,0,2026-09-27 13:16:00+00:00
2026-09-27 13:17:28+00:00,VALID,661644.0,86,0,2026-09-27 13:17:00+00:00
2026-09-27 13:18:28+00:00,VALID,661704.0,86,0,2026-09-27 13:18:00+00:00
2026-09-27 13:19:28+00:00,FF64,,118,64,2026-09-27 13:19:00+00:00
2026-09-27 13:20:28+00:00,VALID,661824.0,86,0,2026-09-27 13:20:00+00:00
2026-09-27 13:21:28+00:00,FF64,,118,64,2026-09-27 13:21:00+00:00
2026-09-27 13:22:28+00:00,VALID,661944.0,86,0,2026-09-27 13:22:00+00:00
2026-09-27 13:23:28+00:00,FF64,,118,64,2026-09-27 13:23:00+00:00
2026-09-27 13:24:28+00:00,VALID,662064.0,86,0,2026-09-27 13:24:00+00:00
2026-09-27 13:25:28+00:00,FF64,,118,64,2026-09-27 13:25:00+00:00
2026-09-27 13:26:28+00:00,VALID,662184.0,86,0,2026-09-27 13:26:00+00:00
2026-09-27 13:27:28+00:00,FF64,,118,64,2026-09-27 13:27:00+00:00
2026-09-27 13:28:28+00:00,VALID,662304.0,86,0,2026-09-27 13:28:00+00:00
2026-09-27 13:29:28+00:00,VALID,662364.0,86,0,2026-09-27 13:29:00+00:00
2026-09-27 13:30:28+00:00,VALID,662424.0,86,0,2026-09-27 13:30:00+00:00
2026-09-27 13:31:28+00:00,VALID,662484.0,86,0,2026-09-27 13:31:00+00:00
2026-09-27 13:32:28+00:00,VALID,662544.0,86,0,2026-09-27 13:32:00+00:00
2026-09-27 13:33:28+00:00,FF64,,118,64,2026-09-27 13:33:00+00:00
2026-09-27 13:34:28+00:00,VALID,662664.0,86,0,2026-09-27 13:34:00+00:00
2026-09-27 13:35:28+00:00,VALID,662724.0,86,0,2026-09-27 13:35:00+00:00
2026-09-27 13:36:28+00:00,VALID,662784.0,86,0,2026-09-27 13:36:00+00:00
2026-09-27 13:37:28+00:00,FF64,,118,64,2026-09-27 13:37:00+00:00
2026-09-27 13:38:28+00:00,VALID,662904.0,86,0,2026-09-27 13:38:00+00:00
2026-09-27 13:39:28+00:00,VALID,662964.0,86,0,2026-09-27 13:39:00+00:00
2026-09-27 13:40:28+00:00,VALID,663024.0,86,0,2026-09-27 13:40:00+00:00
2026-09-27 13:41:28+00:00,FF64,,118,64,2026-09-27 13:41:00+00:00
2026-09-27 13:42:28+00:00,VALID,663144.0,86,0,2026-09-27 13:42:00+00:00
2026-09-27 13:43:28+00:00,VALID,663204.0,86,0,2026-09-27 13:43:00+00:00
2026-09-27 13:44:28+00:00,VALID,663264.0,86,0,2026-09-27 13:44:00+00:00
2026-09-27 13:45:28+00:00,FF64,,118,64,2026-09-27 13:45:00+00:00
2026-09-27 13:46:28+00:00,VALID,663384.0,86,0,2026-09-27 13:46:00+00:00
2026-09-27 13:47:28+00:00,FF64,,118,64,2026-09-27 13:47:00+00:00
2026-09-27 13:48:28+00:00,VALID,663504.0,86,0,2026-09-27 13:48:00+00:00
2026-09-27 13:49:28+00:00,FF64,,118,64,2026-09-27 13:49:00+00:00
2026-09-27 13:50:28+00:00,VALID,663624.0,86,0,2026-09-27 13:50:00+00:00
2026-09-27 13:51:28+00:00,FF64,,118,64,2026-09-27 13:51:00+00:00
2026-09-27 13:52:28+00:00,VALID,663744.0,86,0,2026-09-27 13:52:00+00:00
2026-09-27 13:53:28+00:00,VALID,663804.0,86,0,2026-09-27 13:53:00+00:00
2026-09-27 13:54:28+00:00,VALID,663864.0,86,0,2026-09-27 13:54:00+00:00
2026-09-27 13:55:28+00:00,VALID,663924.0,86,0,2026-09-27 13:55:00+00:00
2026-09-27 13:56:28+00:00,VALID,663984.0,88,0,2026-09-27 13:56:00+00:00
2026-09-27 13:57:28+00:00,FF64,,121,64,2026-09-27 13:57:00+00:00
2026-09-27 13:58:28+00:00,VALID,664104.0,89,0,2026-09-27 13:58:00+00:00
2026-09-27 13:59:28+00:00,FF64,,121,64,2026-09-27 13:59:00+00:00
2026-09-27 14:00:28+00:00,VALID,664224.0,89,0,2026-09-27 14:00:00+00:00
2026-09-27 14:01:28+00:00,FF64,,121,64,2026-09-27 14:01:00+00:00
2026-09-27 14:02:28+00:00,VALID,664344.0,89,0,2026-09-27 14:02:00+00:00
2026-09-27 14:03:28+00:00,VALID,664404.0,89,0,2026-09-27 14:03:00+00:00
2026-09-27 14:04:28+00:00,VALID,664464.0,89,0,2026-09-27 14:04:00+00:00
2026-09-27 14:05:28+00:00,FF64,,121,64,2026-09-27 14:05:00+00:00
2026-09-27 14:06:28+00:00,VALID,664584.0,89,0,2026-09-27 14:06:00+00:00
2026-09-27 14:07:28+00:00,FF64,,121,64,2026-09-27 14:07:00+00:00
2026-09-27 14:08:28+00:00,VALID,664704.0,89,0,2026-09-27 14:08:00+00:00
2026-09-27 14:09:28+00:00,FF64,,121,64,2026-09-27 14:09:00+00:00
2026-09-27 14:10:28+00:00,VALID,664824.0,89,0,2026-09-27 14:10:00+00:00
2026-09-27 14:11:28+00:00,VALID,664884.0,89,0,2026-09-27 14:11:00+00:00
2026-09-27 14:12:28+00:00,VALID,664944.0,89,0,2026-09-27 14:12:00+00:00
2026-09-27 14:13:28+00:00,FF64,,121,64,2026-09-27 14:13:00+00:00
2026-09-27 14:14:28+00:00,VALID,665064.0,89,0,2026-09-27 14:14:00+00:00
2026-09-27 14:15:28+00:00,FF64,,121,64,2026-09-27 14:15:00+00:00
2026-09-27 14:16:28+00:00,VALID,665184.0,89,0,2026-09-27 14:16:00+00:00
2026-09-27 14:17:28+00:00,FF64,,121,64,2026-09-27 14:17:00+00:00
2026-09-27 14:18:28+00:00,VALID,665304.0,89,0,2026-09-27 14:18:00+00:00
2026-09-27 14:19:28+00:00,FF64,,121,64,2026-09-27 14:19:00+00:00
2026-09-27 14:20:28+00:00,VALID,665424.0,89,0,2026-09-27 14:20:00+00:00
2026-09-27 14:21:28+00:00,FF64,,121,64,2026-09-27 14:21:00+00:00
2026-09-27 14:22:28+00:00,VALID,665544.0,89,0,2026-09-27 14:22:00+00:00
2026-09-27 14:23:28+00:00,VALID,665604.0,89,0,2026-09-27 14:23:00+00:00
2026-09-27 14:24:28+00:00,VALID,665664.0,89,0,2026-09-27 14:24:00+00:00
2026-09-27 14:25:28+00:00,FF64,,121,64,2026-09-27 14:25:00+00:00
2026-09-27 14:26:28+00:00,VALID,665784.0,89,0,2026-09-27 14:26:00+00:00
2026-09-27 14:27:28+00:00,VALID,665844.0,89,0,2026-09-27 14:27:00+00:00
2026-09-27 14:28:28+00:00,VALID,665904.0,89,0,2026-09-27 14:28:00+00:00
2026-09-27 14:29:28+00:00,VALID,665964.0,89,0,2026-09-27 14:29:00+00:00
2026-09-27 14:30:28+00:00,VALID,666024.0,89,0,2026-09-27 14:30:00+00:00
2026-09-27 14:31:28+00:00,FF64,,121,64,2026-09-27 14:31:00+00:00
2026-09-27 14:32:28+00:00,VALID,666144.0,89,0,2026-09-27 14:32:00+00:00
2026-09-27 14:33:28+00:00,FF64,,121,64,2026-09-27 14:33:00+00:00
2026-09-27 14:34:28+00:00,VALID,666264.0,89,0,2026-09-27 14:34:00+00:00
2026-09-27 14:35:28+00:00,VALID,666324.0,89,0,2026-09-27 14:35:00+00:00
2026-09-27 14:36:28+00:00,VALID,666384.0,89,0,2026-09-27 14:36:00+00:00
2026-09-27 14:37:28+00:00,FF64,,121,64,2026-09-27 14:37:00+00:00
2026-09-27 14:38:28+00:00,VALID,666504.0,89,0,2026-09-27 14:38:00+00:00
2026-09-27 14:39:28+00:00,FF64,,121,64,2026-09-27 14:39:00+00:00
2026-09-27 14:40:28+00:00,VALID,666624.0,89,0,2026-09-27 14:40:00+00:00
2026-09-27 14:41:28+00:00,VALID,666684.0,89,0,2026-09-27 14:41:00+00:00
2026-09-27 14:42:28+00:00,VALID,666744.0,89,0,2026-09-27 14:42:00+00:00
2026-09-27 14:43:28+00:00,FF64,,121,64,2026-09-27 14:43:00+00:00
2026-09-27 14:44:28+00:00,VALID,666864.0,89,0,2026-09-27 14:44:00+00:00
2026-09-27 14:45:28+00:00,VALID,666924.0,89,0,2026-09-27 14:45:00+00:00
2026-09-27 14:46:28+00:00,VALID,666984.0,89,0,2026-09-27 14:46:00+00:00
2026-09-27 14:47:28+00:00,VALID,667044.0,89,0,2026-09-27 14:47:00+00:00
2026-09-27 14:48:28+00:00,VALID,667104.0,89,0,2026-09-27 14:48:00+00:00
2026-09-27 14:49:28+00:00,FF64,,121,64,2026-09-27 14:49:00+00:00
2026-09-27 14:50:28+00:00,VALID,667224.0,89,0,2026-09-27 14:50:00+00:00
2026-09-27 14:51:28+00:00,FF64,,121,64,2026-09-27 14:51:00+00:00
2026-09-27 14:52:28+00:00,VALID,667344.0,89,0,2026-09-27 14:52:00+00:00
2026-09-27 14:53:28+00:00,FF64,,121,64,2026-09-27 14:53:00+00:00
2026-09-27 14:54:28+00:00,VALID,667464.0,89,0,2026-09-27 14:54:00+00:00
2026-09-27 14:55:28+00:00,VALID,667524.0,89,0,2026-09-27 14:55:00+00:00
2026-09-27 14:56:28+00:00,VALID,667584.0,89,0,2026-09-27 14:56:00+00:00
2026-09-27 14:57:28+00:00,FF64,,121,64,2026-09-27 14:57:00+00:00
2026-09-27 14:58:28+00:00,VALID,667704.0,89,0,2026-09-27 14:58:00+00:00
2026-09-27 14:59:28+00:00,FF64,,121,64,2026-09-27 14:59:00+00:00
2026-09-27 15:00:28+00:00,VALID,667824.0,89,0,2026-09-27 15:00:00+00:00
2026-09-27 15:01:28+00:00,FF64,,121,64,2026-09-27 15:01:00+00:00
2026-09-27 15:02:28+00:00,VALID,667944.0,89,0,2026-09-27 15:02:00+00:00
2026-09-27 15:03:28+00:00,FF64,,121,64,2026-09-27 15:03:00+00:00
2026-09-27 15:04:28+00:00,VALID,668064.0,89,0,2026-09-27 15:04:00+00:00
2026-09-27 15:05:29+00:00,FF64,,121,64,2026-09-27 15:05:00+00:00
2026-09-27 15:06:29+00:00,VALID,668184.0,89,0,2026-09-27 15:06:00+00:00
2026-09-27 15:07:29+00:00,FF64,,121,64,2026-09-27 15:07:00+00:00
2026-09-27 15:08:29+00:00,VALID,668304.0,89,0,2026-09-27 15:08:00+00:00
2026-09-27 15:09:29+00:00,FF64,,121,64,2026-09-27 15:09:00+00:00
2026-09-27 15:10:29+00:00,VALID,668424.0,89,0,2026-09-27 15:10:00+00:00
2026-09-27 15:11:29+00:00,FF64,,121,64,2026-09-27 15:11:00+00:00
2026-09-27 15:12:29+00:00,VALID,668544.0,89,0,2026-09-27 15:12:00+00:00
2026-09-27 15:13:29+00:00,FF64,,121,64,2026-09-27 15:13:00+00:00
2026-09-27 15:14:29+00:00,VALID,668664.0,89,0,2026-09-27 15:14:00+00:00
2026-09-27 15:15:29+00:00,VALID,668724.0,89,0,2026-09-27 15:15:00+00:00
2026-09-27 15:16:29+00:00,VALID,668784.0,89,0,2026-09-27 15:16:00+00:00
2026-09-27 15:17:29+00:00,FF64,,121,64,2026-09-27 15:17:00+00:00
2026-09-27 15:18:29+00:00,VALID,668904.0,89,0,2026-09-27 15:18:00+00:00
2026-09-27 15:19:29+00:00,VALID,668964.0,89,0,2026-09-27 15:19:00+00:00
2026-09-27 15:20:29+00:00,VALID,669024.0,89,0,2026-09-27 15:20:00+00:00
2026-09-27 15:21:29+00:00,FF64,,121,64,2026-09-27 15:21:00+00:00
2026-09-27 15:22:29+00:00,VALID,669144.0,89,0,2026-09-27 15:22:00+00:00
2026-09-27 15:23:29+00:00,FF64,,121,64,2026-09-27 15:23:00+00:00
2026-09-27 15:24:29+00:00,VALID,669264.0,89,0,2026-09-27 15:24:00+00:00
2026-09-27 15:25:29+00:00,FF64,,121,64,2026-09-27 15:25:00+00:00
2026-09-27 15:26:29+00:00,VALID,669384.0,89,0,2026-09-27 15:26:00+00:00
2026-09-27 15:27:29+00:00,FF64,,121,64,2026-09-27 15:27:00+00:00
2026-09-27 15:28:29+00:00,VALID,669504.0,89,0,2026-09-27 15:28:00+00:00
2026-09-27 15:29:29+00:00,VALID,669564.0,89,0,2026-09-27 15:29:00+00:00
2026-09-27 15:30:29+00:00,VALID,669624.0,89,0,2026-09-27 15:30:00+00:00
2026-09-27 15:31:29+00:00,FF64,,121,64,2026-09-27 15:31:00+00:00
2026-09-27 15:32:29+00:00,VALID,669744.0,89,0,2026-09-27 15:32:00+00:00
2026-09-27 15:33:29+00:00,FF64,,121,64,2026-09-27 15:33:00+00:00
2026-09-27 15:34:29+00:00,VALID,669864.0,89,0,2026-09-27 15:34:00+00:00
2026-09-27 15:35:29+00:00,FF64,,121,64,2026-09-27 15:35:00+00:00
2026-09-27 15:36:29+00:00,VALID,669984.0,89,0,2026-09-27 15:36:00+00:00
2026-09-27 15:37:29+00:00,VALID,670044.0,89,0,2026-09-27 15:37:00+00:00
2026-09-27 15:38:29+00:00,VALID,670104.0,89,0,2026-09-27 15:38:00+00:00
2026-09-27 15:39:29+00:00,VALID,670164.0,89,0,2026-09-27 15:39:00+00:00
2026-09-27 15:40:29+00:00,VALID,670224.0,89,0,2026-09-27 15:40:00+00:00
2026-09-27 15:41:29+00:00,FF64,,121,64,2026-09-27 15:41:00+00:00
2026-09-27 15:42:29+00:00,VALID,670344.0,89,0,2026-09-27 15:42:00+00:00
2026-09-27 15:43:29+00:00,VALID,670404.0,89,0,2026-09-27 15:43:00+00:00
2026-09-27 15:44:29+00:00,VALID,670464.0,89,0,2026-09-27 15:44:00+00:00
2026-09-27 15:45:29+00:00,FF64,,121,64,2026-09-27 15:45:00+00:00
2026-09-27 15:46:29+00:00,VALID,670584.0,89,0,2026-09-27 15:46:00+00:00
2026-09-27 15:47:29+00:00,FF64,,121,64,2026-09-27 15:47:00+00:00
2026-09-27 15:48:29+00:00,VALID,670704.0,89,0,2026-09-27 15:48:00+00:00
2026-09-27 15:49:29+00:00,FF64,,121,64,2026-09-27 15:49:00+00:00
2026-09-27 15:50:29+00:00,VALID,670824.0,89,0,2026-09-27 15:50:00+00:00
2026-09-27 15:51:29+00:00,VALID,670884.0,89,0,2026-09-27 15:51:00+00:00
2026-09-27 15:52:29+00:00,VALID,670944.0,89,0,2026-09-27 15:52:00+00:00
2026-09-27 15:53:29+00:00,VALID,671004.0,89,0,2026-09-27 15:53:00+00:00
2026-09-27 15:54:29+00:00,VALID,671064.0,89,0,2026-09-27 15:54:00+00:00
2026-09-27 15:55:29+00:00,FF64,,121,64,2026-09-27 15:55:00+00:00
2026-09-27 15:56:29+00:00,VALID,671184.0,89,0,2026-09-27 15:56:00+00:00
2026-09-27 15:57:29+00:00,VALID,671244.0,89,0,2026-09-27 15:57:00+00:00
2026-09-27 15:58:29+00:00,VALID,671304.0,89,0,2026-09-27 15:58:00+00:00
2026-09-27 15:59:29+00:00,FF64,,121,64,2026-09-27 15:59:00+00:00
2026-09-27 16:00:29+00:00,VALID,671424.0,89,0,2026-09-27 16:00:00+00:00
2026-09-27 16:01:29+00:00,FF64,,121,64,2026-09-27 16:01:00+00:00
2026-09-27 16:02:29+00:00,VALID,671544.0,89,0,2026-09-27 16:02:00+00:00
2026-09-27 16:03:29+00:00,VALID,671604.0,89,0,2026-09-27 16:03:00+00:00
2026-09-27 16:04:29+00:00,VALID,671664.0,89,0,2026-09-27 16:04:00+00:00
2026-09-27 16:05:29+00:00,VALID,671724.0,89,0,2026-09-27 16:05:00+00:00
2026-09-27 16:06:29+00:00,VALID,671784.0,89,0,2026-09-27 16:06:00+00:00
2026-09-27 16:07:29+00:00,FF64,,121,64,2026-09-27 16:07:00+00:00
2026-09-27 16:08:29+00:00,VALID,671904.0,89,0,2026-09-27 16:08:00+00:00
2026-09-27 16:09:29+00:00,FF64,,121,64,2026-09-27 16:09:00+00:00
2026-09-27 16:10:29+00:00,VALID,672024.0,89,0,2026-09-27 16:10:00+00:00
2026-09-27 16:11:29+00:00,VALID,672084.0,89,0,2026-09-27 16:11:00+00:00
2026-09-27 16:12:29+00:00,VALID,672144.0,89,0,2026-09-27 16:12:00+00:00
2026-09-27 16:13:29+00:00,FF64,,121,64,2026-09-27 16:13:00+00:00
2026-09-27 16:14:29+00:00,VALID,672264.0,89,0,2026-09-27 16:14:00+00:00
2026-09-27 16:15:29+00:00,FF64,,121,64,2026-09-27 16:15:00+00:00
2026-09-27 16:16:29+00:00,VALID,672384.0,89,0,2026-09-27 16:16:00+00:00
2026-09-27 16:17:29+00:00,FF64,,121,64,2026-09-27 16:17:00+00:00
2026-09-27 16:18:29+00:00,VALID,672504.0,89,0,2026-09-27 16:18:00+00:00
2026-09-27 16:19:29+00:00,VALID,672564.0,89,0,2026-09-27 16:19:00+00:00
2026-09-27 16:20:29+00:00,VALID,672624.0,89,0,2026-09-27 16:20:00+00:00
2026-09-27 16:21:29+00:00,FF64,,121,64,2026-09-27 16:21:00+00:00
2026-09-27 16:22:29+00:00,VALID,672744.0,89,0,2026-09-27 16:22:00+00:00
2026-09-27 16:23:29+00:00,FF64,,121,64,2026-09-27 16:23:00+00:00
2026-09-27 16:24:29+00:00,VALID,672864.0,89,0,2026-09-27 16:24:00+00:00
2026-09-27 16:25:29+00:00,VALID,672924.0,89,0,2026-09-27 16:25:00+00:00
2026-09-27 16:26:29+00:00,VALID,672984.0,89,0,2026-09-27 16:26:00+00:00
2026-09-27 16:27:29+00:00,FF64,,121,64,2026-09-27 16:27:00+00:00
2026-09-27 16:28:29+00:00,VALID,673104.0,89,0,2026-09-27 16:28:00+00:00
2026-09-27 16:29:29+00:00,VALID,673164.0,89,0,2026-09-27 16:29:00+00:00
2026-09-27 16:30:29+00:00,VALID,673224.0,89,0,2026-09-27 16:30:00+00:00
2026-09-27 16:31:29+00:00,FF64,,121,64,2026-09-27 16:31:00+00:00
2026-09-27 16:32:29+00:00,VALID,673344.0,89,0,2026-09-27 16:32:00+00:00
2026-09-27 16:33:29+00:00,VALID,673404.0,89,0,2026-09-27 16:33:00+00:00
2026-09-27 16:34:29+00:00,VALID,673464.0,89,0,2026-09-27 16:34:00+00:00
2026-09-27 16:35:29+00:00,FF64,,121,64,2026-09-27 16:35:00+00:00
2026-09-27 16:36:29+00:00,VALID,673584.0,89,0,2026-09-27 16:36:00+00:00
2026-09-27 16:37:29+00:00,FF64,,121,64,2026-09-27 16:37:00+00:00
2026-09-27 16:38:29+00:00,VALID,673704.0,89,0,2026-09-27 16:38:00+00:00
2026-09-27 16:39:29+00:00,VALID,673764.0,89,0,2026-09-27 16:39:00+00:00
2026-09-27 16:40:29+00:00,VALID,673824.0,89,0,2026-09-27 16:40:00+00:00
2026-09-27 16:41:29+00:00,VALID,673884.0,89,0,2026-09-27 16:41:00+00:00
2026-09-27 16:42:29+00:00,VALID,673944.0,89,0,2026-09-27 16:42:00+00:00
2026-09-27 16:43:29+00:00,FF64,,121,64,2026-09-27 16:43:00+00:00
2026-09-27 16:44:29+00:00,VALID,674064.0,89,0,2026-09-27 16:44:00+00:00
2026-09-27 16:45:29+00:00,FF64,,121,64,2026-09-27 16:45:00+00:00
2026-09-27 16:46:29+00:00,VALID,674184.0,89,0,2026-09-27 16:46:00+00:00
2026-09-27 16:47:29+00:00,FF64,,121,64,2026-09-27 16:47:00+00:00
2026-09-27 16:48:29+00:00,VALID,674304.0,89,0,2026-09-27 16:48:00+00:00
2026-09-27 16:49:29+00:00,FF64,,121,64,2026-09-27 16:49:00+00:00
2026-09-27 16:50:29+00:00,VALID,674424.0,89,0,2026-09-27 16:50:00+00:00
2026-09-27 16:51:29+00:00,FF64,,121,64,2026-09-27 16:51:00+00:00
2026-09-27 16:52:29+00:00,VALID,674544.0,89,0,2026-09-27 16:52:00+00:00
2026-09-27 16:53:29+00:00,FF64,,121,64,2026-09-27 16:53:00+00:00
2026-09-27 16:54:29+00:00,VALID,674664.0,89,0,2026-09-27 16:54:00+00:00
2026-09-27 16:55:29+00:00,VALID,674724.0,89,0,2026-09-27 16:55:00+00:00
2026-09-27 16:56:29+00:00,VALID,674784.0,89,0,2026-09-27 16:56:00+00:00
2026-09-27 16:57:29+00:00,FF64,,121,64,2026-09-27 16:57:00+00:00
2026-09-27 16:58:29+00:00,VALID,674904.0,89,0,2026-09-27 16:58:00+00:00
2026-09-27 16:59:29+00:00,FF64,,121,64,2026-09-27 16:59:00+00:00
2026-09-27 17:00:29+00:00,VALID,675024.0,89,0,2026-09-27 17:00:00+00:00
2026-09-27 17:01:29+00:00,FF64,,121,64,2026-09-27 17:01:00+00:00
2026-09-27 17:02:29+00:00,VALID,675144.0,89,0,2026-09-27 17:02:00+00:00
2026-09-27 17:03:29+00:00,FF64,,121,64,2026-09-27 17:03:00+00:00
2026-09-27 17:04:29+00:00,VALID,675264.0,89,0,2026-09-27 17:04:00+00:00
2026-09-27 17:05:29+00:00,FF64,,121,64,2026-09-27 17:05:00+00:00
2026-09-27 17:06:29+00:00,VALID,675384.0,89,0,2026-09-27 17:06:00+00:00
2026-09-27 17:07:29+00:00,FF64,,121,64,2026-09-27 17:07:00+00:00
2026-09-27 17:08:29+00:00,VALID,675504.0,89,0,2026-09-27 17:08:00+00:00
2026-09-27 17:09:29+00:00,FF64,,121,64,2026-09-27 17:09:00+00:00
2026-09-27 17:10:29+00:00,VALID,675624.0,89,0,2026-09-27 17:10:00+00:00
2026-09-27 17:11:29+00:00,FF64,,121,64,2026-09-27 17:11:00+00:00
2026-09-27 17:12:29+00:00,VALID,675744.0,89,0,2026-09-27 17:12:00+00:00
2026-09-27 17:13:29+00:00,VALID,675804.0,89,0,2026-09-27 17:13:00+00:00
2026-09-27 17:14:29+00:00,VALID,675864.0,89,0,2026-09-27 17:14:00+00:00
2026-09-27 17:15:29+00:00,FF64,,121,64,2026-09-27 17:15:00+00:00
2026-09-27 17:16:29+00:00,VALID,675985.0,89,0,2026-09-27 17:16:00+00:00
2026-09-27 17:17:29+00:00,VALID,676045.0,89,0,2026-09-27 17:17:00+00:00
2026-09-27 17:18:29+00:00,VALID,676105.0,89,0,2026-09-27 17:18:00+00:00
2026-09-27 17:19:29+00:00,FF64,,121,64,2026-09-27 17:19:00+00:00
2026-09-27 17:20:29+00:00,VALID,676225.0,89,0,2026-09-27 17:20:00+00:00
2026-09-27 17:21:29+00:00,FF64,,121,64,2026-09-27 17:21:00+00:00
2026-09-27 17:22:29+00:00,VALID,676345.0,89,0,2026-09-27 17:22:00+00:00
2026-09-27 17:23:29+00:00,FF64,,121,64,2026-09-27 17:23:00+00:00
2026-09-27 17:24:29+00:00,VALID,676465.0,89,0,2026-09-27 17:24:00+00:00
2026-09-27 17:25:29+00:00,VALID,676525.0,89,0,2026-09-27 17:25:00+00:00
2026-09-27 17:26:29+00:00,VALID,676585.0,89,0,2026-09-27 17:26:00+00:00
2026-09-27 17:27:29+00:00,FF64,,121,64,2026-09-27 17:27:00+00:00
2026-09-27 17:28:29+00:00,VALID,676705.0,89,0,2026-09-27 17:28:00+00:00
2026-09-27 17:29:29+00:00,FF64,,121,64,2026-09-27 17:29:00+00:00
2026-09-27 17:30:29+00:00,VALID,676825.0,89,0,2026-09-27 17:30:00+00:00
2026-09-27 17:31:29+00:00,FF64,,121,64,2026-09-27 17:31:00+00:00
2026-09-27 17:32:29+00:00,VALID,676945.0,89,0,2026-09-27 17:32:00+00:00
2026-09-27 17:33:29+00:00,VALID,677005.0,89,0,2026-09-27 17:33:00+00:00
2026-09-27 17:34:29+00:00,VALID,677065.0,89,0,2026-09-27 17:34:00+00:00
2026-09-27 17:35:29+00:00,VALID,677125.0,89,0,2026-09-27 17:35:00+00:00
2026-09-27 17:36:29+00:00,VALID,677185.0,89,0,2026-09-27 17:36:00+00:00
2026-09-27 17:37:29+00:00,FF64,,121,64,2026-09-27 17:37:00+00:00
2026-09-27 17:38:29+00:00,VALID,677305.0,89,0,2026-09-27 17:38:00+00:00
2026-09-27 17:39:29+00:00,FF64,,121,64,2026-09-27 17:39:00+00:00
2026-09-27 17:40:29+00:00,VALID,677425.0,89,0,2026-09-27 17:40:00+00:00
2026-09-27 17:41:29+00:00,FF64,,121,64,2026-09-27 17:41:00+00:00
2026-09-27 17:42:29+00:00,VALID,677545.0,89,0,2026-09-27 17:42:00+00:00
2026-09-27 17:43:29+00:00,VALID,677605.0,89,0,2026-09-27 17:43:00+00:00
2026-09-27 17:44:29+00:00,VALID,677665.0,89,0,2026-09-27 17:44:00+00:00
2026-09-27 17:45:29+00:00,VALID,677725.0,89,0,2026-09-27 17:45:00+00:00
2026-09-27 17:46:29+00:00,VALID,677785.0,89,0,2026-09-27 17:46:00+00:00
2026-09-27 17:47:29+00:00,FF64,,121,64,2026-09-27 17:47:00+00:00
2026-09-27 17:48:29+00:00,VALID,677905.0,89,0,2026-09-27 17:48:00+00:00
2026-09-27 17:49:29+00:00,FF64,,121,64,2026-09-27 17:49:00+00:00
2026-09-27 17:50:29+00:00,VALID,678025.0,89,0,2026-09-27 17:50:00+00:00
2026-09-27 17:51:29+00:00,FF64,,121,64,2026-09-27 17:51:00+00:00
2026-09-27 17:52:29+00:00,VALID,678145.0,89,0,2026-09-27 17:52:00+00:00
2026-09-27 17:53:29+00:00,VALID,678205.0,89,0,2026-09-27 17:53:00+00:00
2026-09-27 17:54:29+00:00,VALID,678265.0,89,0,2026-09-27 17:54:00+00:00
2026-09-27 17:55:29+00:00,VALID,678325.0,89,0,2026-09-27 17:55:00+00:00
2026-09-27 17:56:29+00:00,VALID,678385.0,89,0,2026-09-27 17:56:00+00:00
2026-09-27 17:57:29+00:00,VALID,678445.0,89,0,2026-09-27 17:57:00+00:00
2026-09-27 17:58:29+00:00,VALID,678505.0,89,0,2026-09-27 17:58:00+00:00
2026-09-27 17:59:29+00:00,FF64,,121,64,2026-09-27 17:59:00+00:00
2026-09-27 18:00:29+00:00,VALID,678625.0,89,0,2026-09-27 18:00:00+00:00
2026-09-27 18:01:29+00:00,FF64,,121,64,2026-09-27 18:01:00+00:00
2026-09-27 18:02:29+00:00,VALID,678745.0,89,0,2026-09-27 18:02:00+00:00
2026-09-27 18:03:29+00:00,FF64,,121,64,2026-09-27 18:03:00+00:00
2026-09-27 18:04:29+00:00,VALID,678865.0,89,0,2026-09-27 18:04:00+00:00
2026-09-27 18:05:29+00:00,FF64,,121,64,2026-09-27 18:05:00+00:00
2026-09-27 18:06:29+00:00,VALID,678985.0,89,0,2026-09-27 18:06:00+00:00
2026-09-27 18:07:29+00:00,VALID,679045.0,89,0,2026-09-27 18:07:00+00:00
2026-09-27 18:08:29+00:00,VALID,679105.0,89,0,2026-09-27 18:08:00+00:00
2026-09-27 18:09:29+00:00,FF64,,121,64,2026-09-27 18:09:00+00:00
2026-09-27 18:10:29+00:00,VALID,679225.0,89,0,2026-09-27 18:10:00+00:00
2026-09-27 18:11:29+00:00,FF64,,121,64,2026-09-27 18:11:00+00:00
2026-09-27 18:12:29+00:00,VALID,679345.0,89,0,2026-09-27 18:12:00+00:00
2026-09-27 18:13:29+00:00,FF64,,121,64,2026-09-27 18:13:00+00:00
2026-09-27 18:14:29+00:00,VALID,679465.0,89,0,2026-09-27 18:14:00+00:00
2026-09-27 18:15:29+00:00,FF64,,121,64,2026-09-27 18:15:00+00:00
2026-09-27 18:16:29+00:00,VALID,679585.0,89,0,2026-09-27 18:16:00+00:00
2026-09-27 18:17:29+00:00,FF64,,121,64,2026-09-27 18:17:00+00:00
2026-09-27 18:18:29+00:00,VALID,679705.0,89,0,2026-09-27 18:18:00+00:00
2026-09-27 18:19:29+00:00,VALID,679765.0,89,0,2026-09-27 18:19:00+00:00
2026-09-27 18:20:29+00:00,VALID,679825.0,89,0,2026-09-27 18:20:00+00:00
2026-09-27 18:21:29+00:00,FF64,,121,64,2026-09-27 18:21:00+00:00
2026-09-27 18:22:29+00:00,VALID,679945.0,89,0,2026-09-27 18:22:00+00:00
2026-09-27 18:23:29+00:00,FF64,,121,64,2026-09-27 18:23:00+00:00
2026-09-27 18:24:29+00:00,VALID,680065.0,89,0,2026-09-27 18:24:00+00:00
2026-09-27 18:25:29+00:00,FF64,,121,64,2026-09-27 18:25:00+00:00
2026-09-27 18:26:29+00:00,VALID,680185.0,89,0,2026-09-27 18:26:00+00:00
2026-09-27 18:27:29+00:00,VALID,680245.0,89,0,2026-09-27 18:27:00+00:00
2026-09-27 18:28:29+00:00,VALID,680305.0,89,0,2026-09-27 18:28:00+00:00
2026-09-27 18:29:29+00:00,FF64,,121,64,2026-09-27 18:29:00+00:00
2026-09-27 18:30:29+00:00,VALID,680425.0,89,0,2026-09-27 18:30:00+00:00
2026-09-27 18:31:29+00:00,FF64,,121,64,2026-09-27 18:31:00+00:00
2026-09-27 18:32:29+00:00,VALID,680545.0,89,0,2026-09-27 18:32:00+00:00
2026-09-27 18:33:29+00:00,FF64,,121,64,2026-09-27 18:33:00+00:00
2026-09-27 18:34:29+00:00,VALID,680665.0,89,0,2026-09-27 18:34:00+00:00
2026-09-27 18:35:29+00:00,FF64,,121,64,2026-09-27 18:35:00+00:00
2026-09-27 18:36:29+00:00,VALID,680785.0,89,0,2026-09-27 18:36:00+00:00
2026-09-27 18:37:29+00:00,FF64,,121,64,2026-09-27 18:37:00+00:00
2026-09-27 18:38:29+00:00,VALID,680905.0,89,0,2026-09-27 18:38:00+00:00
2026-09-27 18:39:29+00:00,VALID,680965.0,89,0,2026-09-27 18:39:00+00:00
2026-09-27 18:40:29+00:00,VALID,681025.0,89,0,2026-09-27 18:40:00+00:00
2026-09-27 18:41:29+00:00,VALID,681085.0,89,0,2026-09-27 18:41:00+00:00
2026-09-27 18:42:29+00:00,VALID,681145.0,89,0,2026-09-27 18:42:00+00:00
2026-09-27 18:43:29+00:00,VALID,681205.0,89,0,2026-09-27 18:43:00+00:00
2026-09-27 18:44:29+00:00,VALID,681265.0,89,0,2026-09-27 18:44:00+00:00
2026-09-27 18:45:29+00:00,FF64,,121,64,2026-09-27 18:45:00+00:00
2026-09-27 18:46:29+00:00,VALID,681385.0,89,0,2026-09-27 18:46:00+00:00
2026-09-27 18:47:29+00:00,FF64,,121,64,2026-09-27 18:47:00+00:00
2026-09-27 18:48:29+00:00,VALID,681505.0,89,0,2026-09-27 18:48:00+00:00
2026-09-27 18:49:29+00:00,FF64,,121,64,2026-09-27 18:49:00+00:00
2026-09-27 18:50:29+00:00,VALID,681625.0,89,0,2026-09-27 18:50:00+00:00
2026-09-27 18:51:29+00:00,FF64,,121,64,2026-09-27 18:51:00+00:00
2026-09-27 18:52:29+00:00,VALID,681745.0,89,0,2026-09-27 18:52:00+00:00
2026-09-27 18:53:29+00:00,VALID,681805.0,89,0,2026-09-27 18:53:00+00:00
2026-09-27 18:54:29+00:00,VALID,681865.0,89,0,2026-09-27 18:54:00+00:00
2026-09-27 18:55:29+00:00,FF64,,121,64,2026-09-27 18:55:00+00:00
2026-09-27 18:56:29+00:00,VALID,681985.0,89,0,2026-09-27 18:56:00+00:00
2026-09-27 18:57:29+00:00,FF64,,121,64,2026-09-27 18:57:00+00:00
2026-09-27 18:58:29+00:00,VALID,682105.0,89,0,2026-09-27 18:58:00+00:00
2026-09-27 18:59:29+00:00,VALID,682165.0,89,0,2026-09-27 18:59:00+00:00
2026-09-27 19:00:29+00:00,VALID,682225.0,89,0,2026-09-27 19:00:00+00:00
2026-09-27 19:01:29+00:00,FF64,,121,64,2026-09-27 19:01:00+00:00
2026-09-27 19:02:29+00:00,VALID,682345.0,89,0,2026-09-27 19:02:00+00:00
2026-09-27 19:03:29+00:00,VALID,682405.0,89,0,2026-09-27 19:03:00+00:00
2026-09-27 19:04:29+00:00,VALID,682465.0,89,0,2026-09-27 19:04:00+00:00
2026-09-27 19:05:29+00:00,FF64,,121,64,2026-09-27 19:05:00+00:00
2026-09-27 19:06:29+00:00,VALID,682585.0,89,0,2026-09-27 19:06:00+00:00
2026-09-27 19:07:29+00:00,FF64,,121,64,2026-09-27 19:07:00+00:00
2026-09-27 19:08:29+00:00,VALID,682705.0,89,0,2026-09-27 19:08:00+00:00
2026-09-27 19:09:29+00:00,VALID,682765.0,89,0,2026-09-27 19:09:00+00:00
2026-09-27 19:10:29+00:00,VALID,682825.0,89,0,2026-09-27 19:10:00+00:00
2026-09-27 19:11:29+00:00,FF64,,121,64,2026-09-27 19:11:00+00:00
2026-09-27 19:12:29+00:00,VALID,682945.0,89,0,2026-09-27 19:12:00+00:00
2026-09-27 19:13:29+00:00,FF64,,121,64,2026-09-27 19:13:00+00:00
2026-09-27 19:14:29+00:00,VALID,683065.0,89,0,2026-09-27 19:14:00+00:00
2026-09-27 19:15:29+00:00,FF64,,121,64,2026-09-27 19:15:00+00:00
2026-09-27 19:16:29+00:00,VALID,683185.0,89,0,2026-09-27 19:16:00+00:00
2026-09-27 19:17:29+00:00,VALID,683245.0,89,0,2026-09-27 19:17:00+00:00
2026-09-27 19:18:29+00:00,VALID,683305.0,89,0,2026-09-27 19:18:00+00:00
2026-09-27 19:19:29+00:00,FF64,,121,64,2026-09-27 19:19:00+00:00
2026-09-27 19:20:29+00:00,VALID,683425.0,89,0,2026-09-27 19:20:00+00:00
2026-09-27 19:21:29+00:00,FF64,,121,64,2026-09-27 19:21:00+00:00
2026-09-27 19:22:29+00:00,VALID,683545.0,89,0,2026-09-27 19:22:00+00:00
2026-09-27 19:23:29+00:00,FF64,,121,64,2026-09-27 19:23:00+00:00
2026-09-27 19:24:29+00:00,VALID,683665.0,89,0,2026-09-27 19:24:00+00:00
2026-09-27 19:25:29+00:00,VALID,683725.0,89,0,2026-09-27 19:25:00+00:00
2026-09-27 19:26:29+00:00,VALID,683785.0,89,0,2026-09-27 19:26:00+00:00
2026-09-27 19:27:29+00:00,FF64,,121,64,2026-09-27 19:27:00+00:00
2026-09-27 19:28:29+00:00,VALID,683905.0,89,0,2026-09-27 19:28:00+00:00
2026-09-27 19:29:29+00:00,FF64,,121,64,2026-09-27 19:29:00+00:00
2026-09-27 19:30:29+00:00,VALID,684025.0,89,0,2026-09-27 19:30:00+00:00
2026-09-27 19:31:29+00:00,FF64,,121,64,2026-09-27 19:31:00+00:00
2026-09-27 19:32:29+00:00,VALID,684145.0,89,0,2026-09-27 19:32:00+00:00
2026-09-27 19:33:29+00:00,FF64,,121,64,2026-09-27 19:33:00+00:00
2026-09-27 19:34:29+00:00,VALID,684265.0,89,0,2026-09-27 19:34:00+00:00
2026-09-27 19:35:29+00:00,VALID,684325.0,89,0,2026-09-27 19:35:00+00:00
2026-09-27 19:36:29+00:00,VALID,684385.0,89,0,2026-09-27 19:36:00+00:00
2026-09-27 19:37:29+00:00,FF64,,121,64,2026-09-27 19:37:00+00:00
2026-09-27 19:38:29+00:00,VALID,684505.0,89,0,2026-09-27 19:38:00+00:00
2026-09-27 19:39:29+00:00,FF64,,121,64,2026-09-27 19:39:00+00:00
2026-09-27 19:40:29+00:00,VALID,684625.0,89,0,2026-09-27 19:40:00+00:00
2026-09-27 19:41:29+00:00,VALID,684685.0,89,0,2026-09-27 19:41:00+00:00
2026-09-27 19:42:29+00:00,VALID,684745.0,89,0,2026-09-27 19:42:00+00:00
2026-09-27 19:43:29+00:00,FF64,,121,64,2026-09-27 19:43:00+00:00
2026-09-27 19:44:29+00:00,VALID,684865.0,89,0,2026-09-27 19:44:00+00:00
2026-09-27 19:45:29+00:00,VALID,684925.0,89,0,2026-09-27 19:45:00+00:00
2026-09-27 19:46:29+00:00,VALID,684985.0,89,0,2026-09-27 19:46:00+00:00
2026-09-27 19:47:29+00:00,FF64,,121,64,2026-09-27 19:47:00+00:00
2026-09-27 19:48:29+00:00,VALID,685105.0,90,0,2026-09-27 19:48:00+00:00
2026-09-27 19:49:29+00:00,FF64,,122,64,2026-09-27 19:49:00+00:00
2026-09-27 19:50:29+00:00,VALID,685225.0,90,0,2026-09-27 19:50:00+00:00
2026-09-27 19:51:29+00:00,FF64,,122,64,2026-09-27 19:51:00+00:00
2026-09-27 19:52:29+00:00,VALID,685345.0,90,0,2026-09-27 19:52:00+00:00
2026-09-27 19:53:29+00:00,FF64,,122,64,2026-09-27 19:53:00+00:00
2026-09-27 19:54:29+00:00,VALID,685465.0,90,0,2026-09-27 19:54:00+00:00
2026-09-27 19:55:29+00:00,FF64,,122,64,2026-09-27 19:55:00+00:00
2026-09-27 19:56:29+00:00,VALID,685585.0,90,0,2026-09-27 19:56:00+00:00
2026-09-27 19:57:29+00:00,FF64,,122,64,2026-09-27 19:57:00+00:00
2026-09-27 19:58:29+00:00,VALID,685705.0,90,0,2026-09-27 19:58:00+00:00
2026-09-27 19:59:29+00:00,FF64,,122,64,2026-09-27 19:59:00+00:00
2026-09-27 20:00:29+00:00,VALID,685825.0,89,0,2026-09-27 20:00:00+00:00
2026-09-27 20:01:29+00:00,VALID,685885.0,89,0,2026-09-27 20:01:00+00:00
2026-09-27 20:02:29+00:00,VALID,685945.0,89,0,2026-09-27 20:02:00+00:00
2026-09-27 20:03:29+00:00,VALID,686005.0,89,0,2026-09-27 20:03:00+00:00
2026-09-27 20:04:29+00:00,VALID,686065.0,89,0,2026-09-27 20:04:00+00:00
2026-09-27 20:05:29+00:00,VALID,686125.0,89,0,2026-09-27 20:05:00+00:00
2026-09-27 20:06:29+00:00,VALID,686185.0,89,0,2026-09-27 20:06:00+00:00
2026-09-27 20:07:29+00:00,FF64,,121,64,2026-09-27 20:07:00+00:00
2026-09-27 20:08:29+00:00,VALID,686305.0,89,0,2026-09-27 20:08:00+00:00
2026-09-27 20:09:29+00:00,VALID,686365.0,89,0,2026-09-27 20:09:00+00:00
2026-09-27 20:10:29+00:00,VALID,686425.0,89,0,2026-09-27 20:10:00+00:00
2026-09-27 20:11:29+00:00,FF64,,121,64,2026-09-27 20:11:00+00:00
2026-09-27 20:12:29+00:00,VALID,686545.0,89,0,2026-09-27 20:12:00+00:00
2026-09-27 20:13:29+00:00,VALID,686605.0,89,0,2026-09-27 20:13:00+00:00
2026-09-27 20:14:29+00:00,VALID,686665.0,89,0,2026-09-27 20:14:00+00:00
2026-09-27 20:15:29+00:00,VALID,686725.0,89,0,2026-09-27 20:15:00+00:00
2026-09-27 20:16:29+00:00,VALID,686785.0,89,0,2026-09-27 20:16:00+00:00
2026-09-27 20:17:29+00:00,VALID,686845.0,89,0,2026-09-27 20:17:00+00:00
2026-09-27 20:18:29+00:00,VALID,686905.0,89,0,2026-09-27 20:18:00+00:00
2026-09-27 20:19:29+00:00,VALID,686965.0,89,0,2026-09-27 20:19:00+00:00
2026-09-27 20:20:29+00:00,VALID,687025.0,89,0,2026-09-27 20:20:00+00:00
2026-09-27 20:21:29+00:00,FF64,,121,64,2026-09-27 20:21:00+00:00
2026-09-27 20:22:29+00:00,VALID,687145.0,89,0,2026-09-27 20:22:00+00:00
2026-09-27 20:23:29+00:00,FF64,,121,64,2026-09-27 20:23:00+00:00
2026-09-27 20:24:29+00:00,VALID,687265.0,89,0,2026-09-27 20:24:00+00:00
2026-09-27 20:25:29+00:00,FF64,,121,64,2026-09-27 20:25:00+00:00
2026-09-27 20:26:29+00:00,VALID,687385.0,89,0,2026-09-27 20:26:00+00:00
2026-09-27 20:27:29+00:00,FF64,,121,64,2026-09-27 20:27:00+00:00
2026-09-27 20:28:29+00:00,VALID,687505.0,89,0,2026-09-27 20:28:00+00:00
2026-09-27 20:29:29+00:00,VALID,687565.0,89,0,2026-09-27 20:29:00+00:00
2026-09-27 20:30:29+00:00,VALID,687625.0,89,0,2026-09-27 20:30:00+00:00
2026-09-27 20:31:29+00:00,FF64,,121,64,2026-09-27 20:31:00+00:00
2026-09-27 20:32:29+00:00,VALID,687745.0,89,0,2026-09-27 20:32:00+00:00
2026-09-27 20:33:29+00:00,FF64,,121,64,2026-09-27 20:33:00+00:00
2026-09-27 20:34:29+00:00,VALID,687865.0,89,0,2026-09-27 20:34:00+00:00
2026-09-27 20:35:29+00:00,FF64,,121,64,2026-09-27 20:35:00+00:00
2026-09-27 20:36:29+00:00,VALID,687985.0,89,0,2026-09-27 20:36:00+00:00
2026-09-27 20:37:29+00:00,VALID,688045.0,89,0,2026-09-27 20:37:00+00:00
2026-09-27 20:38:29+00:00,VALID,688105.0,89,0,2026-09-27 20:38:00+00:00
2026-09-27 20:39:29+00:00,VALID,688165.0,89,0,2026-09-27 20:39:00+00:00
2026-09-27 20:40:29+00:00,VALID,688225.0,89,0,2026-09-27 20:40:00+00:00
2026-09-27 20:41:29+00:00,VALID,688285.0,89,0,2026-09-27 20:41:00+00:00
2026-09-27 20:42:29+00:00,VALID,688345.0,89,0,2026-09-27 20:42:00+00:00
2026-09-27 20:43:29+00:00,FF64,,121,64,2026-09-27 20:43:00+00:00
2026-09-27 20:44:29+00:00,VALID,688465.0,89,0,2026-09-27 20:44:00+00:00
2026-09-27 20:45:29+00:00,FF64,,121,64,2026-09-27 20:45:00+00:00
2026-09-27 20:46:29+00:00,VALID,688585.0,89,0,2026-09-27 20:46:00+00:00
2026-09-27 20:47:29+00:00,VALID,688645.0,89,0,2026-09-27 20:47:00+00:00
2026-09-27 20:48:29+00:00,VALID,688705.0,89,0,2026-09-27 20:48:00+00:00
2026-09-27 20:49:29+00:00,VALID,688765.0,89,0,2026-09-27 20:49:00+00:00
2026-09-27 20:50:29+00:00,VALID,688825.0,89,0,2026-09-27 20:50:00+00:00
2026-09-27 20:51:29+00:00,FF64,,121,64,2026-09-27 20:51:00+00:00
2026-09-27 20:52:29+00:00,VALID,688945.0,89,0,2026-09-27 20:52:00+00:00
2026-09-27 20:53:29+00:00,FF64,,121,64,2026-09-27 20:53:00+00:00
2026-09-27 20:54:29+00:00,VALID,689065.0,89,0,2026-09-27 20:54:00+00:00
2026-09-27 20:55:29+00:00,FF64,,121,64,2026-09-27 20:55:00+00:00
2026-09-27 20:56:29+00:00,VALID,689185.0,89,0,2026-09-27 20:56:00+00:00
2026-09-27 20:57:29+00:00,FF64,,121,64,2026-09-27 20:57:00+00:00
2026-09-27 20:58:29+00:00,VALID,689305.0,89,0,2026-09-27 20:58:00+00:00
2026-09-27 20:59:29+00:00,FF64,,121,64,2026-09-27 20:59:00+00:00
2026-09-27 21:00:29+00:00,VALID,689425.0,89,0,2026-09-27 21:00:00+00:00
2026-09-27 21:01:29+00:00,FF64,,121,64,2026-09-27 21:01:00+00:00
2026-09-27 21:02:29+00:00,VALID,689545.0,89,0,2026-09-27 21:02:00+00:00
2026-09-27 21:03:29+00:00,FF64,,121,64,2026-09-27 21:03:00+00:00
2026-09-27 21:04:29+00:00,VALID,689665.0,89,0,2026-09-27 21:04:00+00:00
2026-09-27 21:05:29+00:00,FF64,,121,64,2026-09-27 21:05:00+00:00
2026-09-27 21:06:29+00:00,VALID,689785.0,89,0,2026-09-27 21:06:00+00:00
2026-09-27 21:07:29+00:00,FF64,,121,64,2026-09-27 21:07:00+00:00
2026-09-27 21:08:29+00:00,VALID,689905.0,89,0,2026-09-27 21:08:00+00:00
2026-09-27 21:09:29+00:00,FF64,,121,64,2026-09-27 21:09:00+00:00
2026-09-27 21:10:29+00:00,VALID,690025.0,89,0,2026-09-27 21:10:00+00:00
2026-09-27 21:11:29+00:00,VALID,690085.0,89,0,2026-09-27 21:11:00+00:00
2026-09-27 21:12:29+00:00,VALID,690145.0,89,0,2026-09-27 21:12:00+00:00
2026-09-27 21:13:29+00:00,FF64,,121,64,2026-09-27 21:13:00+00:00
2026-09-27 21:14:29+00:00,VALID,690265.0,89,0,2026-09-27 21:14:00+00:00
2026-09-27 21:15:29+00:00,FF64,,121,64,2026-09-27 21:15:00+00:00
2026-09-27 21:16:29+00:00,VALID,690385.0,89,0,2026-09-27 21:16:00+00:00
2026-09-27 21:17:29+00:00,VALID,690445.0,89,0,2026-09-27 21:17:00+00:00
2026-09-27 21:18:29+00:00,VALID,690505.0,89,0,2026-09-27 21:18:00+00:00
2026-09-27 21:19:29+00:00,FF64,,121,64,2026-09-27 21:19:00+00:00
2026-09-27 21:20:29+00:00,VALID,690625.0,89,0,2026-09-27 21:20:00+00:00
2026-09-27 21:21:29+00:00,FF64,,121,64,2026-09-27 21:21:00+00:00
2026-09-27 21:22:29+00:00,VALID,690745.0,89,0,2026-09-27 21:22:00+00:00
2026-09-27 21:23:29+00:00,FF64,,121,64,2026-09-27 21:23:00+00:00
2026-09-27 21:24:29+00:00,VALID,690865.0,89,0,2026-09-27 21:24:00+00:00
2026-09-27 21:25:29+00:00,FF64,,121,64,2026-09-27 21:25:00+00:00
2026-09-27 21:26:29+00:00,VALID,690985.0,89,0,2026-09-27 21:26:00+00:00
2026-09-27 21:27:29+00:00,FF64,,121,64,2026-09-27 21:27:00+00:00
2026-09-27 21:28:29+00:00,VALID,691105.0,89,0,2026-09-27 21:28:00+00:00
2026-09-27 21:29:29+00:00,VALID,691165.0,89,0,2026-09-27 21:29:00+00:00
2026-09-27 21:30:29+00:00,VALID,691225.0,89,0,2026-09-27 21:30:00+00:00
2026-09-27 21:31:29+00:00,FF64,,121,64,2026-09-27 21:31:00+00:00
2026-09-27 21:32:29+00:00,VALID,691345.0,89,0,2026-09-27 21:32:00+00:00
2026-09-27 21:33:29+00:00,VALID,691405.0,89,0,2026-09-27 21:33:00+00:00
2026-09-27 21:34:29+00:00,VALID,691465.0,89,0,2026-09-27 21:34:00+00:00
2026-09-27 21:35:29+00:00,VALID,691525.0,89,0,2026-09-27 21:35:00+00:00
2026-09-27 21:36:29+00:00,VALID,691585.0,89,0,2026-09-27 21:36:00+00:00
2026-09-27 21:37:29+00:00,FF64,,121,64,2026-09-27 21:37:00+00:00
2026-09-27 21:38:29+00:00,VALID,691705.0,89,0,2026-09-27 21:38:00+00:00
2026-09-27 21:39:29+00:00,FF64,,121,64,2026-09-27 21:39:00+00:00
2026-09-27 21:40:29+00:00,VALID,691825.0,89,0,2026-09-27 21:40:00+00:00
2026-09-27 21:41:29+00:00,FF64,,121,64,2026-09-27 21:41:00+00:00
2026-09-27 21:42:29+00:00,VALID,691945.0,89,0,2026-09-27 21:42:00+00:00
2026-09-27 21:43:29+00:00,VALID,692005.0,89,0,2026-09-27 21:43:00+00:00
2026-09-27 21:44:29+00:00,VALID,692065.0,89,0,2026-09-27 21:44:00+00:00
2026-09-27 21:45:29+00:00,FF64,,121,64,2026-09-27 21:45:00+00:00
2026-09-27 21:46:29+00:00,VALID,692185.0,89,0,2026-09-27 21:46:00+00:00
2026-09-27 21:47:29+00:00,VALID,692245.0,89,0,2026-09-27 21:47:00+00:00
2026-09-27 21:48:29+00:00,VALID,692305.0,89,0,2026-09-27 21:48:00+00:00
2026-09-27 21:49:29+00:00,FF64,,121,64,2026-09-27 21:49:00+00:00
2026-09-27 21:50:29+00:00,VALID,692425.0,89,0,2026-09-27 21:50:00+00:00
2026-09-27 21:51:29+00:00,FF64,,121,64,2026-09-27 21:51:00+00:00
2026-09-27 21:52:29+00:00,VALID,692545.0,89,0,2026-09-27 21:52:00+00:00
2026-09-27 21:53:29+00:00,FF64,,121,64,2026-09-27 21:53:00+00:00
2026-09-27 21:54:29+00:00,VALID,692665.0,89,0,2026-09-27 21:54:00+00:00
2026-09-27 21:55:29+00:00,VALID,692725.0,89,0,2026-09-27 21:55:00+00:00
2026-09-27 21:56:29+00:00,VALID,692785.0,89,0,2026-09-27 21:56:00+00:00
2026-09-27 21:57:29+00:00,VALID,692845.0,89,0,2026-09-27 21:57:00+00:00
2026-09-27 21:58:29+00:00,VALID,692905.0,89,0,2026-09-27 21:58:00+00:00
2026-09-27 21:59:29+00:00,FF64,,121,64,2026-09-27 21:59:00+00:00
2026-09-27 22:00:29+00:00,VALID,693025.0,89,0,2026-09-27 22:00:00+00:00
2026-09-27 22:01:29+00:00,VALID,693085.0,89,0,2026-09-27 22:01:00+00:00
2026-09-27 22:02:29+00:00,VALID,693145.0,89,0,2026-09-27 22:02:00+00:00
2026-09-27 22:03:29+00:00,VALID,693205.0,89,0,2026-09-27 22:03:00+00:00
2026-09-27 22:04:29+00:00,VALID,693265.0,89,0,2026-09-27 22:04:00+00:00
2026-09-27 22:05:29+00:00,FF64,,121,64,2026-09-27 22:05:00+00:00
2026-09-27 22:06:29+00:00,VALID,693385.0,89,0,2026-09-27 22:06:00+00:00
2026-09-27 22:07:29+00:00,FF64,,121,64,2026-09-27 22:07:00+00:00
2026-09-27 22:08:29+00:00,VALID,693505.0,89,0,2026-09-27 22:08:00+00:00
2026-09-27 22:09:29+00:00,FF64,,121,64,2026-09-27 22:09:00+00:00
2026-09-27 22:10:29+00:00,VALID,693625.0,89,0,2026-09-27 22:10:00+00:00
2026-09-27 22:11:29+00:00,FF64,,121,64,2026-09-27 22:11:00+00:00
2026-09-27 22:12:29+00:00,VALID,693745.0,89,0,2026-09-27 22:12:00+00:00
2026-09-27 22:13:29+00:00,FF64,,121,64,2026-09-27 22:13:00+00:00
2026-09-27 22:14:29+00:00,VALID,693865.0,89,0,2026-09-27 22:14:00+00:00
2026-09-27 22:15:30+00:00,FF64,,121,64,2026-09-27 22:15:00+00:00
2026-09-27 22:16:30+00:00,VALID,693985.0,89,0,2026-09-27 22:16:00+00:00
2026-09-27 22:17:30+00:00,VALID,694045.0,89,0,2026-09-27 22:17:00+00:00
2026-09-27 22:18:30+00:00,VALID,694105.0,89,0,2026-09-27 22:18:00+00:00
2026-09-27 22:19:30+00:00,FF64,,121,64,2026-09-27 22:19:00+00:00
2026-09-27 22:20:30+00:00,VALID,694225.0,89,0,2026-09-27 22:20:00+00:00
2026-09-27 22:21:30+00:00,FF64,,121,64,2026-09-27 22:21:00+00:00
2026-09-27 22:22:30+00:00,VALID,694345.0,89,0,2026-09-27 22:22:00+00:00
2026-09-27 22:23:30+00:00,FF64,,121,64,2026-09-27 22:23:00+00:00
2026-09-27 22:24:30+00:00,VALID,694465.0,89,0,2026-09-27 22:24:00+00:00
2026-09-27 22:25:30+00:00,VALID,694525.0,89,0,2026-09-27 22:25:00+00:00
2026-09-27 22:26:30+00:00,VALID,694585.0,89,0,2026-09-27 22:26:00+00:00
2026-09-27 22:27:30+00:00,VALID,694645.0,89,0,2026-09-27 22:27:00+00:00
2026-09-27 22:28:30+00:00,VALID,694705.0,89,0,2026-09-27 22:28:00+00:00
2026-09-27 22:29:30+00:00,VALID,694765.0,89,0,2026-09-27 22:29:00+00:00
2026-09-27 22:30:30+00:00,VALID,694825.0,89,0,2026-09-27 22:30:00+00:00
2026-09-27 22:31:30+00:00,FF64,,121,64,2026-09-27 22:31:00+00:00
2026-09-27 22:32:30+00:00,VALID,694945.0,89,0,2026-09-27 22:32:00+00:00
2026-09-27 22:33:30+00:00,VALID,695005.0,89,0,2026-09-27 22:33:00+00:00
2026-09-27 22:34:30+00:00,VALID,695065.0,89,0,2026-09-27 22:34:00+00:00
2026-09-27 22:35:30+00:00,FF64,,121,64,2026-09-27 22:35:00+00:00
2026-09-27 22:36:30+00:00,VALID,695185.0,89,0,2026-09-27 22:36:00+00:00
2026-09-27 22:37:30+00:00,FF64,,121,64,2026-09-27 22:37:00+00:00
2026-09-27 22:38:30+00:00,VALID,695305.0,89,0,2026-09-27 22:38:00+00:00
2026-09-27 22:39:30+00:00,FF64,,121,64,2026-09-27 22:39:00+00:00
2026-09-27 22:40:30+00:00,VALID,695425.0,89,0,2026-09-27 22:40:00+00:00
2026-09-27 22:41:30+00:00,FF64,,121,64,2026-09-27 22:41:00+00:00
2026-09-27 22:42:30+00:00,VALID,695545.0,89,0,2026-09-27 22:42:00+00:00
2026-09-27 22:43:30+00:00,VALID,695605.0,89,0,2026-09-27 22:43:00+00:00
2026-09-27 22:44:30+00:00,VALID,695665.0,89,0,2026-09-27 22:44:00+00:00
2026-09-27 22:45:30+00:00,FF64,,121,64,2026-09-27 22:45:00+00:00
2026-09-27 22:46:30+00:00,VALID,695785.0,89,0,2026-09-27 22:46:00+00:00
2026-09-27 22:47:30+00:00,FF64,,121,64,2026-09-27 22:47:00+00:00
2026-09-27 22:48:30+00:00,VALID,695905.0,89,0,2026-09-27 22:48:00+00:00
2026-09-27 22:49:30+00:00,FF64,,121,64,2026-09-27 22:49:00+00:00
2026-09-27 22:50:30+00:00,VALID,696025.0,89,0,2026-09-27 22:50:00+00:00
2026-09-27 22:51:30+00:00,FF64,,121,64,2026-09-27 22:51:00+00:00
2026-09-27 22:52:30+00:00,VALID,696145.0,88,0,2026-09-27 22:52:00+00:00
2026-09-27 22:53:30+00:00,VALID,696205.0,86,0,2026-09-27 22:53:00+00:00
2026-09-27 22:54:30+00:00,VALID,696265.0,86,0,2026-09-27 22:54:00+00:00
2026-09-27 22:55:30+00:00,FF64,,118,64,2026-09-27 22:55:00+00:00
2026-09-27 22:56:30+00:00,VALID,696385.0,86,0,2026-09-27 22:56:00+00:00
2026-09-27 22:57:30+00:00,FF64,,118,64,2026-09-27 22:57:00+00:00
2026-09-27 22:58:30+00:00,VALID,696505.0,86,0,2026-09-27 22:58:00+00:00
2026-09-27 22:59:30+00:00,VALID,696565.0,86,0,2026-09-27 22:59:00+00:00
2026-09-27 23:00:30+00:00,VALID,696625.0,86,0,2026-09-27 23:00:00+00:00
2026-09-27 23:01:30+00:00,VALID,696685.0,86,0,2026-09-27 23:01:00+00:00
2026-09-27 23:02:30+00:00,VALID,696745.0,86,0,2026-09-27 23:02:00+00:00
2026-09-27 23:03:30+00:00,FF64,,118,64,2026-09-27 23:03:00+00:00
2026-09-27 23:04:30+00:00,VALID,696865.0,86,0,2026-09-27 23:04:00+00:00
2026-09-27 23:05:30+00:00,FF64,,118,64,2026-09-27 23:05:00+00:00
2026-09-27 23:06:30+00:00,VALID,696985.0,86,0,2026-09-27 23:06:00+00:00
2026-09-27 23:07:30+00:00,VALID,697045.0,86,0,2026-09-27 23:07:00+00:00
2026-09-27 23:08:30+00:00,VALID,697105.0,86,0,2026-09-27 23:08:00+00:00
2026-09-27 23:09:30+00:00,FF64,,118,64,2026-09-27 23:09:00+00:00
2026-09-27 23:10:30+00:00,VALID,697225.0,86,0,2026-09-27 23:10:00+00:00
2026-09-27 23:11:30+00:00,FF64,,118,64,2026-09-27 23:11:00+00:00
2026-09-27 23:12:30+00:00,VALID,697345.0,86,0,2026-09-27 23:12:00+00:00
2026-09-27 23:13:30+00:00,FF64,,118,64,2026-09-27 23:13:00+00:00
2026-09-27 23:14:30+00:00,VALID,697465.0,86,0,2026-09-27 23:14:00+00:00
2026-09-27 23:15:30+00:00,FF64,,118,64,2026-09-27 23:15:00+00:00
2026-09-27 23:16:30+00:00,VALID,697585.0,86,0,2026-09-27 23:16:00+00:00
2026-09-27 23:17:30+00:00,FF64,,118,64,2026-09-27 23:17:00+00:00
2026-09-27 23:18:30+00:00,VALID,697705.0,86,0,2026-09-27 23:18:00+00:00
2026-09-27 23:19:30+00:00,FF64,,118,64,2026-09-27 23:19:00+00:00
2026-09-27 23:20:30+00:00,VALID,697825.0,86,0,2026-09-27 23:20:00+00:00
2026-09-27 23:21:30+00:00,FF64,,118,64,2026-09-27 23:21:00+00:00
2026-09-27 23:22:30+00:00,VALID,697945.0,86,0,2026-09-27 23:22:00+00:00
2026-09-27 23:23:30+00:00,FF64,,118,64,2026-09-27 23:23:00+00:00
2026-09-27 23:24:30+00:00,VALID,698065.0,86,0,2026-09-27 23:24:00+00:00
2026-09-27 23:25:30+00:00,VALID,698125.0,86,0,2026-09-27 23:25:00+00:00
2026-09-27 23:26:30+00:00,VALID,698185.0,86,0,2026-09-27 23:26:00+00:00
2026-09-27 23:27:30+00:00,FF64,,118,64,2026-09-27 23:27:00+00:00
2026-09-27 23:28:30+00:00,VALID,698305.0,86,0,2026-09-27 23:28:00+00:00
2026-09-27 23:29:30+00:00,VALID,698365.0,86,0,2026-09-27 23:29:00+00:00
2026-09-27 23:30:30+00:00,VALID,698425.0,86,0,2026-09-27 23:30:00+00:00
2026-09-27 23:31:30+00:00,FF64,,118,64,2026-09-27 23:31:00+00:00
2026-09-27 23:32:30+00:00,VALID,698545.0,86,0,2026-09-27 23:32:00+00:00
2026-09-27 23:33:30+00:00,FF64,,118,64,2026-09-27 23:33:00+00:00
2026-09-27 23:34:30+00:00,VALID,698665.0,86,0,2026-09-27 23:34:00+00:00
2026-09-27 23:35:30+00:00,FF64,,118,64,2026-09-27 23:35:00+00:00
2026-09-27 23:36:30+00:00,VALID,698785.0,86,0,2026-09-27 23:36:00+00:00
2026-09-27 23:37:30+00:00,VALID,698845.0,86,0,2026-09-27 23:37:00+00:00
2026-09-27 23:38:30+00:00,VALID,698905.0,86,0,2026-09-27 23:38:00+00:00
2026-09-27 23:39:30+00:00,VALID,698965.0,86,0,2026-09-27 23:39:00+00:00
2026-09-27 23:40:30+00:00,VALID,699025.0,86,0,2026-09-27 23:40:00+00:00
2026-09-27 23:41:30+00:00,FF64,,118,64,2026-09-27 23:41:00+00:00
2026-09-27 23:42:30+00:00,VALID,699145.0,86,0,2026-09-27 23:42:00+00:00
2026-09-27 23:43:30+00:00,VALID,699205.0,86,0,2026-09-27 23:43:00+00:00
2026-09-27 23:44:30+00:00,VALID,699265.0,86,0,2026-09-27 23:44:00+00:00
2026-09-27 23:45:30+00:00,FF64,,118,64,2026-09-27 23:45:00+00:00
2026-09-27 23:46:30+00:00,VALID,699385.0,86,0,2026-09-27 23:46:00+00:00
2026-09-27 23:47:30+00:00,FF64,,118,64,2026-09-27 23:47:00+00:00
2026-09-27 23:48:30+00:00,VALID,699505.0,86,0,2026-09-27 23:48:00+00:00
2026-09-27 23:49:30+00:00,VALID,699565.0,86,0,2026-09-27 23:49:00+00:00
2026-09-27 23:50:30+00:00,VALID,699625.0,86,0,2026-09-27 23:50:00+00:00
2026-09-27 23:51:30+00:00,VALID,699685.0,86,0,2026-09-27 23:51:00+00:00
2026-09-27 23:52:30+00:00,VALID,699745.0,86,0,2026-09-27 23:52:00+00:00
2026-09-27 23:53:30+00:00,VALID,699805.0,86,0,2026-09-27 23:53:00+00:00
2026-09-27 23:54:30+00:00,VALID,699865.0,86,0,2026-09-27 23:54:00+00:00
2026-09-27 23:55:30+00:00,VALID,699925.0,86,0,2026-09-27 23:55:00+00:00
2026-09-27 23:56:30+00:00,VALID,699985.0,86,0,2026-09-27 23:56:00+00:00
2026-09-27 23:57:30+00:00,FF64,,118,64,2026-09-27 23:57:00+00:00
2026-09-27 23:58:30+00:00,VALID,700105.0,86,0,2026-09-27 23:58:00+00:00
2026-09-27 23:59:30+00:00,FF64,,118,64,2026-09-27 23:59:00+00:00
2026-09-28 00:00:30+00:00,VALID,700225.0,86,0,2026-09-28 00:00:00+00:00
2026-09-28 00:01:30+00:00,FF64,,118,64,2026-09-28 00:01:00+00:00
2026-09-28 00:02:30+00:00,VALID,700345.0,86,0,2026-09-28 00:02:00+00:00
2026-09-28 00:03:30+00:00,FF64,,118,64,2026-09-28 00:03:00+00:00
2026-09-28 00:04:30+00:00,VALID,700465.0,86,0,2026-09-28 00:04:00+00:00
2026-09-28 00:05:30+00:00,FF64,,118,64,2026-09-28 00:05:00+00:00
2026-09-28 00:06:30+00:00,VALID,700585.0,86,0,2026-09-28 00:06:00+00:00
