mode,effect_sd,lag_min,seed,horizon_min,p_value,positive_folds,post_only,pre_only,pass_bonferroni
injected,0.5,15.0,0,30,0.0029623061418533325,4.0,21.0,6.0,True
injected,0.5,15.0,0,60,0.011327922344207764,4.0,18.0,6.0,True
injected,0.5,15.0,0,120,0.021642625331878662,4.0,18.0,7.0,False
injected_any,0.5,15.0,0,0,,,,,True
injected,0.5,15.0,1,30,0.0018595829606056213,4.0,22.0,6.0,True
injected,0.5,15.0,1,60,0.00845026969909668,4.0,17.0,5.0,True
injected,0.5,15.0,1,120,0.00960540771484375,4.0,15.0,4.0,True
injected_any,0.5,15.0,1,0,,,,,True
injected,0.5,15.0,2,30,0.0018595829606056213,4.0,22.0,6.0,True
injected,0.5,15.0,2,60,0.002171754837036133,4.0,18.0,4.0,True
injected,0.5,15.0,2,120,0.002171754837036133,4.0,18.0,4.0,True
injected_any,0.5,15.0,2,0,,,,,True
injected,0.5,15.0,3,30,0.0012469589710235596,4.0,21.0,5.0,True
injected,0.5,15.0,3,60,0.005311012268066406,4.0,18.0,5.0,True
injected,0.5,15.0,3,120,0.013301849365234375,4.0,16.0,5.0,True
injected_any,0.5,15.0,3,0,,,,,True
injected,0.5,15.0,4,30,0.000771939754486084,3.0,20.0,4.0,True
injected,0.5,15.0,4,60,0.005311012268066406,3.0,18.0,5.0,True
injected,0.5,15.0,4,120,0.007316648960113525,4.0,19.0,6.0,True
injected_any,0.5,15.0,4,0,,,,,True
injected,0.5,15.0,5,30,0.0029623061418533325,4.0,21.0,6.0,True
injected,0.5,15.0,5,60,0.00845026969909668,4.0,17.0,5.0,True
injected,0.5,15.0,5,120,0.01734483242034912,4.0,17.0,6.0,False
injected_any,0.5,15.0,5,0,,,,,True
injected,0.5,15.0,6,30,0.0016634464263916016,3.0,24.0,7.0,True
injected,0.5,15.0,6,60,0.003305375576019287,3.0,19.0,5.0,True
injected,0.5,15.0,6,120,0.002171754837036133,3.0,18.0,4.0,True
injected_any,0.5,15.0,6,0,,,,,True
injected,0.5,15.0,7,30,0.011327922344207764,4.0,18.0,6.0,True
injected,0.5,15.0,7,60,0.01544189453125,4.0,14.0,4.0,True
injected,0.5,15.0,7,120,0.020694732666015625,4.0,15.0,5.0,False
injected_any,0.5,15.0,7,0,,,,,True
injected,0.5,15.0,8,30,0.000771939754486084,4.0,20.0,4.0,True
injected,0.5,15.0,8,60,0.003305375576019287,4.0,19.0,5.0,True
injected,0.5,15.0,8,120,0.00845026969909668,4.0,17.0,5.0,True
injected_any,0.5,15.0,8,0,,,,,True
injected,0.5,15.0,9,30,0.0018595829606056213,3.0,22.0,6.0,True
injected,0.5,15.0,9,60,0.0035986900329589844,3.0,17.0,4.0,True
injected,0.5,15.0,9,120,0.005908966064453125,3.0,16.0,4.0,True
injected_any,0.5,15.0,9,0,,,,,True
injected,0.5,15.0,10,30,0.0020386576652526855,3.0,20.0,5.0,True
injected,0.5,15.0,10,60,0.0037689208984375,3.0,15.0,3.0,True
injected,0.5,15.0,10,120,0.00960540771484375,3.0,15.0,4.0,True
injected_any,0.5,15.0,10,0,,,,,True
injected,0.5,15.0,11,30,0.0001553744077682495,4.0,23.0,4.0,True
injected,0.5,15.0,11,60,0.001299738883972168,4.0,19.0,4.0,True
injected,0.5,15.0,11,120,0.0035986900329589844,4.0,17.0,4.0,True
injected_any,0.5,15.0,11,0,,,,,True
injected,0.5,15.0,12,30,0.0029623061418533325,3.0,21.0,6.0,True
injected,0.5,15.0,12,60,0.00845026969909668,3.0,17.0,5.0,True
injected,0.5,15.0,12,120,0.00845026969909668,3.0,17.0,5.0,True
injected_any,0.5,15.0,12,0,,,,,True
injected,0.5,15.0,13,30,0.0012469589710235596,3.0,21.0,5.0,True
injected,0.5,15.0,13,60,0.003305375576019287,3.0,19.0,5.0,True
injected,0.5,15.0,13,120,0.00845026969909668,3.0,17.0,5.0,True
injected_any,0.5,15.0,13,0,,,,,True
injected,0.5,15.0,14,30,0.001299738883972168,3.0,19.0,4.0,True
injected,0.5,15.0,14,60,0.005908966064453125,3.0,16.0,4.0,True
injected,0.5,15.0,14,120,0.00845026969909668,4.0,17.0,5.0,True
injected_any,0.5,15.0,14,0,,,,,True
injected,0.5,15.0,15,30,0.0046776533126831055,4.0,20.0,6.0,True
injected,0.5,15.0,15,60,0.020694732666015625,4.0,15.0,5.0,False
injected,0.5,15.0,15,120,0.00960540771484375,4.0,15.0,4.0,True
injected_any,0.5,15.0,15,0,,,,,True
injected,0.5,15.0,16,30,0.0020386576652526855,3.0,20.0,5.0,True
injected,0.5,15.0,16,60,0.0037689208984375,3.0,15.0,3.0,True
injected,0.5,15.0,16,120,0.0063629150390625,3.0,14.0,3.0,True
injected_any,0.5,15.0,16,0,,,,,True
injected,0.5,15.0,17,30,0.0001553744077682495,4.0,23.0,4.0,True
injected,0.5,15.0,17,60,0.001299738883972168,4.0,19.0,4.0,True
injected,0.5,15.0,17,120,0.003305375576019287,4.0,19.0,5.0,True
injected_any,0.5,15.0,17,0,,,,,True
injected,0.5,15.0,18,30,0.0029623061418533325,4.0,21.0,6.0,True
injected,0.5,15.0,18,60,0.005311012268066406,4.0,18.0,5.0,True
injected,0.5,15.0,18,120,0.005311012268066406,4.0,18.0,5.0,True
injected_any,0.5,15.0,18,0,,,,,True
injected,0.5,15.0,19,30,0.0007568597793579102,3.0,22.0,5.0,True
injected,0.5,15.0,19,60,0.0007448196411132812,3.0,18.0,3.0,True
injected,0.5,15.0,19,120,0.0007448196411132812,4.0,18.0,3.0,True
injected_any,0.5,15.0,19,0,,,,,True
injected,0.5,15.0,20,30,0.0029623061418533325,3.0,21.0,6.0,True
injected,0.5,15.0,20,60,0.005311012268066406,3.0,18.0,5.0,True
injected,0.5,15.0,20,120,0.01734483242034912,3.0,17.0,6.0,False
injected_any,0.5,15.0,20,0,,,,,True
injected,0.5,15.0,21,30,0.0004552602767944336,3.0,21.0,4.0,True
injected,0.5,15.0,21,60,0.0035986900329589844,3.0,17.0,4.0,True
injected,0.5,15.0,21,120,0.00845026969909668,3.0,17.0,5.0,True
injected_any,0.5,15.0,21,0,,,,,True
injected,0.5,15.0,22,30,0.0012469589710235596,3.0,21.0,5.0,True
injected,0.5,15.0,22,60,0.00845026969909668,3.0,17.0,5.0,True
injected,0.5,15.0,22,120,0.013301849365234375,4.0,16.0,5.0,True
injected_any,0.5,15.0,22,0,,,,,True
injected,0.5,15.0,23,30,0.003305375576019287,3.0,19.0,5.0,True
injected,0.5,15.0,23,60,0.005311012268066406,4.0,18.0,5.0,True
injected,0.5,15.0,23,120,0.00845026969909668,4.0,17.0,5.0,True
injected_any,0.5,15.0,23,0,,,,,True
injected,0.5,15.0,24,30,0.0029623061418533325,3.0,21.0,6.0,True
injected,0.5,15.0,24,60,0.005908966064453125,3.0,16.0,4.0,True
injected,0.5,15.0,24,120,0.005908966064453125,3.0,16.0,4.0,True
injected_any,0.5,15.0,24,0,,,,,True
injected,0.5,15.0,25,30,0.0001553744077682495,4.0,23.0,4.0,True
injected,0.5,15.0,25,60,0.0004277229309082031,4.0,19.0,3.0,True
injected,0.5,15.0,25,120,0.0007448196411132812,4.0,18.0,3.0,True
injected_any,0.5,15.0,25,0,,,,,True
injected,0.5,15.0,26,30,0.0046776533126831055,3.0,20.0,6.0,True
injected,0.5,15.0,26,60,0.00845026969909668,3.0,17.0,5.0,True
injected,0.5,15.0,26,120,0.013301849365234375,3.0,16.0,5.0,True
injected_any,0.5,15.0,26,0,,,,,True
injected,0.5,15.0,27,30,8.999556303024292e-05,3.0,24.0,4.0,True
injected,0.5,15.0,27,60,0.000244140625,3.0,20.0,3.0,True
injected,0.5,15.0,27,120,0.0007448196411132812,3.0,18.0,3.0,True
injected_any,0.5,15.0,27,0,,,,,True
injected,0.5,15.0,28,30,0.0007568597793579102,3.0,22.0,5.0,True
injected,0.5,15.0,28,60,0.0035986900329589844,3.0,17.0,4.0,True
injected,0.5,15.0,28,120,0.00845026969909668,3.0,17.0,5.0,True
injected_any,0.5,15.0,28,0,,,,,True
injected,0.5,15.0,29,30,0.0007568597793579102,3.0,22.0,5.0,True
injected,0.5,15.0,29,60,0.0035986900329589844,3.0,17.0,4.0,True
injected,0.5,15.0,29,120,0.0022125244140625,3.0,16.0,3.0,True
injected_any,0.5,15.0,29,0,,,,,True
injected,0.5,15.0,30,30,0.003305375576019287,3.0,19.0,5.0,True
injected,0.5,15.0,30,60,0.0037689208984375,3.0,15.0,3.0,True
injected,0.5,15.0,30,120,0.0063629150390625,3.0,14.0,3.0,True
injected_any,0.5,15.0,30,0,,,,,True
injected,0.5,15.0,31,30,0.0012469589710235596,3.0,21.0,5.0,True
injected,0.5,15.0,31,60,0.0012884140014648438,3.0,17.0,3.0,True
injected,0.5,15.0,31,120,0.0035986900329589844,3.0,17.0,4.0,True
injected_any,0.5,15.0,31,0,,,,,True
injected,0.5,15.0,32,30,0.0004389551468193531,4.0,25.0,6.0,True
injected,0.5,15.0,32,60,0.000771939754486084,4.0,20.0,4.0,True
injected,0.5,15.0,32,120,0.002171754837036133,4.0,18.0,4.0,True
injected_any,0.5,15.0,32,0,,,,,True
injected,0.5,15.0,33,30,0.003305375576019287,3.0,19.0,5.0,True
injected,0.5,15.0,33,60,0.005908966064453125,3.0,16.0,4.0,True
injected,0.5,15.0,33,120,0.0022125244140625,4.0,16.0,3.0,True
injected_any,0.5,15.0,33,0,,,,,True
injected,0.5,15.0,34,30,0.00045611709356307983,3.0,23.0,5.0,True
injected,0.5,15.0,34,60,0.0007448196411132812,3.0,18.0,3.0,True
injected,0.5,15.0,34,120,0.0012884140014648438,3.0,17.0,3.0,True
injected_any,0.5,15.0,34,0,,,,,True
injected,0.5,15.0,35,30,0.0012469589710235596,4.0,21.0,5.0,True
injected,0.5,15.0,35,60,0.00845026969909668,4.0,17.0,5.0,True
injected,0.5,15.0,35,120,0.00845026969909668,4.0,17.0,5.0,True
injected_any,0.5,15.0,35,0,,,,,True
injected,0.5,15.0,36,30,0.0046776533126831055,4.0,20.0,6.0,True
injected,0.5,15.0,36,60,0.005311012268066406,4.0,18.0,5.0,True
injected,0.5,15.0,36,120,0.00845026969909668,4.0,17.0,5.0,True
injected_any,0.5,15.0,36,0,,,,,True
injected,0.5,15.0,37,30,0.0046776533126831055,3.0,20.0,6.0,True
injected,0.5,15.0,37,60,0.0035986900329589844,3.0,17.0,4.0,True
injected,0.5,15.0,37,120,0.00960540771484375,3.0,15.0,4.0,True
injected_any,0.5,15.0,37,0,,,,,True
injected,0.5,15.0,38,30,0.0012469589710235596,3.0,21.0,5.0,True
injected,0.5,15.0,38,60,0.0035986900329589844,3.0,17.0,4.0,True
injected,0.5,15.0,38,120,0.0035986900329589844,4.0,17.0,4.0,True
injected_any,0.5,15.0,38,0,,,,,True
injected,0.5,15.0,39,30,0.014479637145996094,3.0,19.0,7.0,True
injected,0.5,15.0,39,60,0.026239395141601562,3.0,16.0,6.0,False
injected,0.5,15.0,39,120,0.026239395141601562,4.0,16.0,6.0,False
injected_any,0.5,15.0,39,0,,,,,True
injected,0.5,15.0,40,30,0.003305375576019287,4.0,19.0,5.0,True
injected,0.5,15.0,40,60,0.011327922344207764,4.0,18.0,6.0,True
injected,0.5,15.0,40,120,0.026239395141601562,4.0,16.0,6.0,False
injected_any,0.5,15.0,40,0,,,,,True
injected,0.5,15.0,41,30,0.003305375576019287,3.0,19.0,5.0,True
injected,0.5,15.0,41,60,0.005908966064453125,3.0,16.0,4.0,True
injected,0.5,15.0,41,120,0.005908966064453125,3.0,16.0,4.0,True
injected_any,0.5,15.0,41,0,,,,,True
injected,0.5,15.0,42,30,0.0012469589710235596,4.0,21.0,5.0,True
injected,0.5,15.0,42,60,0.007316648960113525,4.0,19.0,6.0,True
injected,0.5,15.0,42,120,0.01734483242034912,4.0,17.0,6.0,False
injected_any,0.5,15.0,42,0,,,,,True
injected,0.5,15.0,43,30,0.0012469589710235596,4.0,21.0,5.0,True
injected,0.5,15.0,43,60,0.00845026969909668,4.0,17.0,5.0,True
injected,0.5,15.0,43,120,0.00845026969909668,4.0,17.0,5.0,True
injected_any,0.5,15.0,43,0,,,,,True
injected,0.5,15.0,44,30,0.0007568597793579102,4.0,22.0,5.0,True
injected,0.5,15.0,44,60,0.0007448196411132812,4.0,18.0,3.0,True
injected,0.5,15.0,44,120,0.0035986900329589844,4.0,17.0,4.0,True
injected_any,0.5,15.0,44,0,,,,,True
injected,0.5,15.0,45,30,0.0020386576652526855,3.0,20.0,5.0,True
injected,0.5,15.0,45,60,0.005908966064453125,3.0,16.0,4.0,True
injected,0.5,15.0,45,120,0.013301849365234375,3.0,16.0,5.0,True
injected_any,0.5,15.0,45,0,,,,,True
injected,0.5,15.0,46,30,0.0007568597793579102,4.0,22.0,5.0,True
injected,0.5,15.0,46,60,0.005311012268066406,4.0,18.0,5.0,True
injected,0.5,15.0,46,120,0.00845026969909668,4.0,17.0,5.0,True
injected_any,0.5,15.0,46,0,,,,,True
injected,0.5,15.0,47,30,0.0020386576652526855,4.0,20.0,5.0,True
injected,0.5,15.0,47,60,0.01734483242034912,4.0,17.0,6.0,False
injected,0.5,15.0,47,120,0.01734483242034912,4.0,17.0,6.0,False
injected_any,0.5,15.0,47,0,,,,,True
injected,0.5,15.0,48,30,0.0007154531776905061,4.0,24.0,6.0,True
injected,0.5,15.0,48,60,0.003305375576019287,4.0,19.0,5.0,True
injected,0.5,15.0,48,120,0.0035986900329589844,4.0,17.0,4.0,True
injected_any,0.5,15.0,48,0,,,,,True
injected,0.5,15.0,49,30,0.0012469589710235596,3.0,21.0,5.0,True
injected,0.5,15.0,49,60,0.0035986900329589844,3.0,17.0,4.0,True
injected,0.5,15.0,49,120,0.00845026969909668,3.0,17.0,5.0,True
injected_any,0.5,15.0,49,0,,,,,True
injected,0.5,30.0,0,30,0.048126220703125,3.0,13.0,5.0,False
injected,0.5,30.0,0,60,0.057659149169921875,3.0,14.0,6.0,False
injected,0.5,30.0,0,120,0.1189422607421875,3.0,12.0,6.0,False
injected_any,0.5,30.0,0,0,,,,,False
injected,0.5,30.0,1,30,0.048126220703125,3.0,13.0,5.0,False
injected,0.5,30.0,1,60,0.0037689208984375,3.0,15.0,3.0,True
injected,0.5,30.0,1,120,0.0063629150390625,3.0,14.0,3.0,True
injected_any,0.5,30.0,1,0,,,,,True
injected,0.5,30.0,2,30,0.1189422607421875,2.0,12.0,6.0,False
injected,0.5,30.0,2,60,0.0317840576171875,3.0,14.0,5.0,False
injected,0.5,30.0,2,120,0.020694732666015625,3.0,15.0,5.0,False
injected_any,0.5,30.0,2,0,,,,,False
injected,0.5,30.0,3,30,0.0245208740234375,4.0,13.0,4.0,False
injected,0.5,30.0,3,60,0.01544189453125,3.0,14.0,4.0,True
injected,0.5,30.0,3,120,0.0384063720703125,3.0,12.0,4.0,False
injected_any,0.5,30.0,3,0,,,,,True
injected,0.5,30.0,4,30,0.08353424072265625,3.0,13.0,6.0,False
injected,0.5,30.0,4,60,0.01734483242034912,3.0,17.0,6.0,False
injected,0.5,30.0,4,120,0.03917694091796875,3.0,15.0,6.0,False
injected_any,0.5,30.0,4,0,,,,,False
injected,0.5,30.0,5,30,0.057659149169921875,4.0,14.0,6.0,False
injected,0.5,30.0,5,60,0.06690025329589844,3.0,15.0,7.0,False
injected,0.5,30.0,5,120,0.09462356567382812,3.0,14.0,7.0,False
injected_any,0.5,30.0,5,0,,,,,False
injected,0.5,30.0,6,30,0.1796417236328125,2.0,12.0,7.0,False
injected,0.5,30.0,6,60,0.0317840576171875,3.0,14.0,5.0,False
injected,0.5,30.0,6,120,0.0317840576171875,3.0,14.0,5.0,False
injected_any,0.5,30.0,6,0,,,,,False
injected,0.5,30.0,7,30,0.0717315673828125,3.0,12.0,5.0,False
injected,0.5,30.0,7,60,0.01544189453125,3.0,14.0,4.0,True
injected,0.5,30.0,7,120,0.0317840576171875,3.0,14.0,5.0,False
injected_any,0.5,30.0,7,0,,,,,True
injected,0.5,30.0,8,30,0.0384063720703125,4.0,12.0,4.0,False
injected,0.5,30.0,8,60,0.013301849365234375,3.0,16.0,5.0,True
injected,0.5,30.0,8,120,0.0317840576171875,3.0,14.0,5.0,False
injected_any,0.5,30.0,8,0,,,,,True
injected,0.5,30.0,9,30,0.0717315673828125,4.0,12.0,5.0,False
injected,0.5,30.0,9,60,0.01544189453125,3.0,14.0,4.0,True
injected,0.5,30.0,9,120,0.0245208740234375,3.0,13.0,4.0,False
injected_any,0.5,30.0,9,0,,,,,True
injected,0.5,30.0,10,30,0.08353424072265625,3.0,13.0,6.0,False
injected,0.5,30.0,10,60,0.057659149169921875,3.0,14.0,6.0,False
injected,0.5,30.0,10,120,0.09462356567382812,3.0,14.0,7.0,False
injected_any,0.5,30.0,10,0,,,,,False
injected,0.5,30.0,11,30,0.0717315673828125,3.0,12.0,5.0,False
injected,0.5,30.0,11,60,0.057659149169921875,3.0,14.0,6.0,False
injected,0.5,30.0,11,120,0.048126220703125,3.0,13.0,5.0,False
injected_any,0.5,30.0,11,0,,,,,False
injected,0.5,30.0,12,30,0.1189422607421875,2.0,12.0,6.0,False
injected,0.5,30.0,12,60,0.03917694091796875,3.0,15.0,6.0,False
injected,0.5,30.0,12,120,0.03917694091796875,3.0,15.0,6.0,False
injected_any,0.5,30.0,12,0,,,,,False
injected,0.5,30.0,13,30,0.0717315673828125,4.0,12.0,5.0,False
injected,0.5,30.0,13,60,0.03917694091796875,3.0,15.0,6.0,False
injected,0.5,30.0,13,120,0.08353424072265625,3.0,13.0,6.0,False
injected_any,0.5,30.0,13,0,,,,,False
injected,0.5,30.0,14,30,0.08353424072265625,2.0,13.0,6.0,False
injected,0.5,30.0,14,60,0.020694732666015625,3.0,15.0,5.0,False
injected,0.5,30.0,14,120,0.057659149169921875,3.0,14.0,6.0,False
injected_any,0.5,30.0,14,0,,,,,False
injected,0.5,30.0,15,30,0.1189422607421875,3.0,12.0,6.0,False
injected,0.5,30.0,15,60,0.057659149169921875,3.0,14.0,6.0,False
injected,0.5,30.0,15,120,0.048126220703125,3.0,13.0,5.0,False
injected_any,0.5,30.0,15,0,,,,,False
injected,0.5,30.0,16,30,0.048126220703125,4.0,13.0,5.0,False
injected,0.5,30.0,16,60,0.0317840576171875,3.0,14.0,5.0,False
injected,0.5,30.0,16,120,0.08353424072265625,3.0,13.0,6.0,False
injected_any,0.5,30.0,16,0,,,,,False
injected,0.5,30.0,17,30,0.0717315673828125,3.0,12.0,5.0,False
injected,0.5,30.0,17,60,0.09462356567382812,3.0,14.0,7.0,False
injected,0.5,30.0,17,120,0.06690025329589844,3.0,15.0,7.0,False
injected_any,0.5,30.0,17,0,,,,,False
injected,0.5,30.0,18,30,0.048126220703125,4.0,13.0,5.0,False
injected,0.5,30.0,18,60,0.0717315673828125,3.0,12.0,5.0,False
injected,0.5,30.0,18,120,0.0717315673828125,3.0,12.0,5.0,False
injected_any,0.5,30.0,18,0,,,,,False
injected,0.5,30.0,19,30,0.048126220703125,4.0,13.0,5.0,False
injected,0.5,30.0,19,60,0.0063629150390625,3.0,14.0,3.0,True
injected,0.5,30.0,19,120,0.01544189453125,3.0,14.0,4.0,True
injected_any,0.5,30.0,19,0,,,,,True
injected,0.5,30.0,20,30,0.057659149169921875,3.0,14.0,6.0,False
injected,0.5,30.0,20,60,0.01734483242034912,3.0,17.0,6.0,False
injected,0.5,30.0,20,120,0.020694732666015625,3.0,15.0,5.0,False
injected_any,0.5,30.0,20,0,,,,,False
injected,0.5,30.0,21,30,0.1050567626953125,2.0,11.0,5.0,False
injected,0.5,30.0,21,60,0.09462356567382812,3.0,14.0,7.0,False
injected,0.5,30.0,21,120,0.06690025329589844,3.0,15.0,7.0,False
injected_any,0.5,30.0,21,0,,,,,False
injected,0.5,30.0,22,30,0.0245208740234375,4.0,13.0,4.0,False
injected,0.5,30.0,22,60,0.013301849365234375,3.0,16.0,5.0,True
injected,0.5,30.0,22,120,0.03917694091796875,3.0,15.0,6.0,False
injected_any,0.5,30.0,22,0,,,,,True
injected,0.5,30.0,23,30,0.0384063720703125,3.0,12.0,4.0,False
injected,0.5,30.0,23,60,0.020694732666015625,3.0,15.0,5.0,False
injected,0.5,30.0,23,120,0.020694732666015625,3.0,15.0,5.0,False
injected_any,0.5,30.0,23,0,,,,,False
injected,0.5,30.0,24,30,0.13158798217773438,3.0,13.0,7.0,False
injected,0.5,30.0,24,60,0.0245208740234375,3.0,13.0,4.0,False
injected,0.5,30.0,24,120,0.0063629150390625,3.0,14.0,3.0,True
injected_any,0.5,30.0,24,0,,,,,True
injected,0.5,30.0,25,30,0.0317840576171875,3.0,14.0,5.0,False
injected,0.5,30.0,25,60,0.0245208740234375,3.0,13.0,4.0,False
injected,0.5,30.0,25,120,0.0106353759765625,3.0,13.0,3.0,True
injected_any,0.5,30.0,25,0,,,,,True
injected,0.5,30.0,26,30,0.0245208740234375,4.0,13.0,4.0,False
injected,0.5,30.0,26,60,0.00960540771484375,3.0,15.0,4.0,True
injected,0.5,30.0,26,120,0.0317840576171875,3.0,14.0,5.0,False
injected_any,0.5,30.0,26,0,,,,,True
injected,0.5,30.0,27,30,0.0317840576171875,3.0,14.0,5.0,False
injected,0.5,30.0,27,60,0.005908966064453125,3.0,16.0,4.0,True
injected,0.5,30.0,27,120,0.01544189453125,3.0,14.0,4.0,True
injected_any,0.5,30.0,27,0,,,,,True
injected,0.5,30.0,28,30,0.0245208740234375,4.0,13.0,4.0,False
injected,0.5,30.0,28,60,0.0245208740234375,3.0,13.0,4.0,False
injected,0.5,30.0,28,120,0.0245208740234375,3.0,13.0,4.0,False
injected_any,0.5,30.0,28,0,,,,,False
injected,0.5,30.0,29,30,0.0245208740234375,4.0,13.0,4.0,False
injected,0.5,30.0,29,60,0.0317840576171875,3.0,14.0,5.0,False
injected,0.5,30.0,29,120,0.057659149169921875,3.0,14.0,6.0,False
injected_any,0.5,30.0,29,0,,,,,False
injected,0.5,30.0,30,30,0.0717315673828125,4.0,12.0,5.0,False
injected,0.5,30.0,30,60,0.0317840576171875,3.0,14.0,5.0,False
injected,0.5,30.0,30,120,0.048126220703125,3.0,13.0,5.0,False
injected_any,0.5,30.0,30,0,,,,,False
injected,0.5,30.0,31,30,0.13158798217773438,3.0,13.0,7.0,False
injected,0.5,30.0,31,60,0.00845026969909668,3.0,17.0,5.0,True
injected,0.5,30.0,31,120,0.00960540771484375,3.0,15.0,4.0,True
injected_any,0.5,30.0,31,0,,,,,True
injected,0.5,30.0,32,30,0.1189422607421875,2.0,12.0,6.0,False
injected,0.5,30.0,32,60,0.0106353759765625,3.0,13.0,3.0,True
injected,0.5,30.0,32,120,0.0106353759765625,3.0,13.0,3.0,True
injected_any,0.5,30.0,32,0,,,,,True
injected,0.5,30.0,33,30,0.048126220703125,3.0,13.0,5.0,False
injected,0.5,30.0,33,60,0.03917694091796875,3.0,15.0,6.0,False
injected,0.5,30.0,33,120,0.057659149169921875,3.0,14.0,6.0,False
injected_any,0.5,30.0,33,0,,,,,False
injected,0.5,30.0,34,30,0.048126220703125,4.0,13.0,5.0,False
injected,0.5,30.0,34,60,0.0037689208984375,3.0,15.0,3.0,True
injected,0.5,30.0,34,120,0.0063629150390625,3.0,14.0,3.0,True
injected_any,0.5,30.0,34,0,,,,,True
injected,0.5,30.0,35,30,0.01544189453125,4.0,14.0,4.0,True
injected,0.5,30.0,35,60,0.01544189453125,3.0,14.0,4.0,True
injected,0.5,30.0,35,120,0.0245208740234375,3.0,13.0,4.0,False
injected_any,0.5,30.0,35,0,,,,,True
injected,0.5,30.0,36,30,0.1189422607421875,2.0,12.0,6.0,False
injected,0.5,30.0,36,60,0.04656982421875,3.0,16.0,7.0,False
injected,0.5,30.0,36,120,0.057659149169921875,3.0,14.0,6.0,False
injected_any,0.5,30.0,36,0,,,,,False
injected,0.5,30.0,37,30,0.06690025329589844,4.0,15.0,7.0,False
injected,0.5,30.0,37,60,0.026239395141601562,3.0,16.0,6.0,False
injected,0.5,30.0,37,120,0.0317840576171875,3.0,14.0,5.0,False
injected_any,0.5,30.0,37,0,,,,,False
injected,0.5,30.0,38,30,0.1189422607421875,2.0,12.0,6.0,False
injected,0.5,30.0,38,60,0.020694732666015625,3.0,15.0,5.0,False
injected,0.5,30.0,38,120,0.0317840576171875,3.0,14.0,5.0,False
injected_any,0.5,30.0,38,0,,,,,False
injected,0.5,30.0,39,30,0.048126220703125,4.0,13.0,5.0,False
injected,0.5,30.0,39,60,0.03917694091796875,3.0,15.0,6.0,False
injected,0.5,30.0,39,120,0.08353424072265625,3.0,13.0,6.0,False
injected_any,0.5,30.0,39,0,,,,,False
injected,0.5,30.0,40,30,0.0384063720703125,3.0,12.0,4.0,False
injected,0.5,30.0,40,60,0.03917694091796875,3.0,15.0,6.0,False
injected,0.5,30.0,40,120,0.09462356567382812,3.0,14.0,7.0,False
injected_any,0.5,30.0,40,0,,,,,False
injected,0.5,30.0,41,30,0.0717315673828125,2.0,12.0,5.0,False
injected,0.5,30.0,41,60,0.020694732666015625,3.0,15.0,5.0,False
injected,0.5,30.0,41,120,0.01544189453125,3.0,14.0,4.0,True
injected_any,0.5,30.0,41,0,,,,,True
injected,0.5,30.0,42,30,0.01544189453125,4.0,14.0,4.0,True
injected,0.5,30.0,42,60,0.057659149169921875,4.0,14.0,6.0,False
injected,0.5,30.0,42,120,0.13158798217773438,2.0,13.0,7.0,False
injected_any,0.5,30.0,42,0,,,,,True
injected,0.5,30.0,43,30,0.08353424072265625,3.0,13.0,6.0,False
injected,0.5,30.0,43,60,0.03917694091796875,3.0,15.0,6.0,False
injected,0.5,30.0,43,120,0.0317840576171875,3.0,14.0,5.0,False
injected_any,0.5,30.0,43,0,,,,,False
injected,0.5,30.0,44,30,0.08353424072265625,3.0,13.0,6.0,False
injected,0.5,30.0,44,60,0.013301849365234375,3.0,16.0,5.0,True
injected,0.5,30.0,44,120,0.020694732666015625,3.0,15.0,5.0,False
injected_any,0.5,30.0,44,0,,,,,True
injected,0.5,30.0,45,30,0.0317840576171875,4.0,14.0,5.0,False
injected,0.5,30.0,45,60,0.03917694091796875,3.0,15.0,6.0,False
injected,0.5,30.0,45,120,0.057659149169921875,3.0,14.0,6.0,False
injected_any,0.5,30.0,45,0,,,,,False
injected,0.5,30.0,46,30,0.0245208740234375,4.0,13.0,4.0,False
injected,0.5,30.0,46,60,0.057659149169921875,3.0,14.0,6.0,False
injected,0.5,30.0,46,120,0.08353424072265625,3.0,13.0,6.0,False
injected_any,0.5,30.0,46,0,,,,,False
injected,0.5,30.0,47,30,0.048126220703125,4.0,13.0,5.0,False
injected,0.5,30.0,47,60,0.14313936233520508,2.0,14.0,8.0,False
injected,0.5,30.0,47,120,0.2517223358154297,3.0,12.0,8.0,False
injected_any,0.5,30.0,47,0,,,,,False
injected,0.5,30.0,48,30,0.0245208740234375,4.0,13.0,4.0,False
injected,0.5,30.0,48,60,0.00960540771484375,3.0,15.0,4.0,True
injected,0.5,30.0,48,120,0.01544189453125,3.0,14.0,4.0,True
injected_any,0.5,30.0,48,0,,,,,True
injected,0.5,30.0,49,30,0.0717315673828125,3.0,12.0,5.0,False
injected,0.5,30.0,49,60,0.020694732666015625,3.0,15.0,5.0,False
injected,0.5,30.0,49,120,0.03917694091796875,3.0,15.0,6.0,False
injected_any,0.5,30.0,49,0,,,,,False
injected,0.5,60.0,0,30,0.5,2.0,9.0,8.0,False
injected,0.5,60.0,0,60,0.1796417236328125,3.0,12.0,7.0,False
injected,0.5,60.0,0,120,0.08353424072265625,4.0,13.0,6.0,False
injected_any,0.5,60.0,0,0,,,,,False
injected,0.5,60.0,1,30,0.5,2.0,9.0,8.0,False
injected,0.5,60.0,1,60,0.2403411865234375,3.0,11.0,7.0,False
injected,0.5,60.0,1,120,0.0245208740234375,3.0,13.0,4.0,False
injected_any,0.5,60.0,1,0,,,,,False
injected,0.5,60.0,2,30,0.5,2.0,9.0,8.0,False
injected,0.5,60.0,2,60,0.1796417236328125,2.0,12.0,7.0,False
injected,0.5,60.0,2,120,0.020694732666015625,4.0,15.0,5.0,False
injected_any,0.5,60.0,2,0,,,,,False
injected,0.5,60.0,3,30,0.5,2.0,9.0,8.0,False
injected,0.5,60.0,3,60,0.13158798217773438,3.0,13.0,7.0,False
injected,0.5,60.0,3,120,0.048126220703125,4.0,13.0,5.0,False
injected_any,0.5,60.0,3,0,,,,,False
injected,0.5,60.0,4,30,0.5,2.0,9.0,8.0,False
injected,0.5,60.0,4,60,0.1796417236328125,3.0,12.0,7.0,False
injected,0.5,60.0,4,120,0.0317840576171875,4.0,14.0,5.0,False
injected_any,0.5,60.0,4,0,,,,,False
injected,0.5,60.0,5,30,0.5,2.0,9.0,8.0,False
injected,0.5,60.0,5,60,0.1796417236328125,3.0,12.0,7.0,False
injected,0.5,60.0,5,120,0.057659149169921875,4.0,14.0,6.0,False
injected_any,0.5,60.0,5,0,,,,,False
injected,0.5,60.0,6,30,0.5,2.0,9.0,8.0,False
injected,0.5,60.0,6,60,0.19165515899658203,3.0,13.0,8.0,False
injected,0.5,60.0,6,120,0.048126220703125,3.0,13.0,5.0,False
injected_any,0.5,60.0,6,0,,,,,False
injected,0.5,60.0,7,30,0.5,2.0,9.0,8.0,False
injected,0.5,60.0,7,60,0.1189422607421875,2.0,12.0,6.0,False
injected,0.5,60.0,7,120,0.0317840576171875,4.0,14.0,5.0,False
injected_any,0.5,60.0,7,0,,,,,False
injected,0.5,60.0,8,30,0.5,2.0,9.0,8.0,False
injected,0.5,60.0,8,60,0.13158798217773438,3.0,13.0,7.0,False
injected,0.5,60.0,8,120,0.048126220703125,4.0,13.0,5.0,False
injected_any,0.5,60.0,8,0,,,,,False
injected,0.5,60.0,9,30,0.5,2.0,9.0,8.0,False
injected,0.5,60.0,9,60,0.1796417236328125,3.0,12.0,7.0,False
injected,0.5,60.0,9,120,0.0384063720703125,2.0,12.0,4.0,False
injected_any,0.5,60.0,9,0,,,,,False
injected,0.5,60.0,10,30,0.5,2.0,9.0,8.0,False
injected,0.5,60.0,10,60,0.13158798217773438,3.0,13.0,7.0,False
injected,0.5,60.0,10,120,0.08353424072265625,2.0,13.0,6.0,False
injected_any,0.5,60.0,10,0,,,,,False
injected,0.5,60.0,11,30,0.5,2.0,9.0,8.0,False
injected,0.5,60.0,11,60,0.2517223358154297,3.0,12.0,8.0,False
injected,0.5,60.0,11,120,0.0106353759765625,3.0,13.0,3.0,True
injected_any,0.5,60.0,11,0,,,,,True
injected,0.5,60.0,12,30,0.5,2.0,9.0,8.0,False
injected,0.5,60.0,12,60,0.19165515899658203,3.0,13.0,8.0,False
injected,0.5,60.0,12,120,0.0717315673828125,3.0,12.0,5.0,False
injected_any,0.5,60.0,12,0,,,,,False
injected,0.5,60.0,13,30,0.5,2.0,9.0,8.0,False
injected,0.5,60.0,13,60,0.1796417236328125,3.0,12.0,7.0,False
injected,0.5,60.0,13,120,0.0717315673828125,2.0,12.0,5.0,False
injected_any,0.5,60.0,13,0,,,,,False
injected,0.5,60.0,14,30,0.5,2.0,9.0,8.0,False
injected,0.5,60.0,14,60,0.1796417236328125,3.0,12.0,7.0,False
injected,0.5,60.0,14,120,0.08353424072265625,4.0,13.0,6.0,False
injected_any,0.5,60.0,14,0,,,,,False
injected,0.5,60.0,15,30,0.5,2.0,9.0,8.0,False
injected,0.5,60.0,15,60,0.40726470947265625,2.0,10.0,8.0,False
injected,0.5,60.0,15,120,0.048126220703125,3.0,13.0,5.0,False
injected_any,0.5,60.0,15,0,,,,,False
injected,0.5,60.0,16,30,0.5,2.0,9.0,8.0,False
injected,0.5,60.0,16,60,0.1796417236328125,3.0,12.0,7.0,False
injected,0.5,60.0,16,120,0.1050567626953125,2.0,11.0,5.0,False
injected_any,0.5,60.0,16,0,,,,,False
injected,0.5,60.0,17,30,0.5,2.0,9.0,8.0,False
injected,0.5,60.0,17,60,0.1796417236328125,2.0,12.0,7.0,False
injected,0.5,60.0,17,120,0.020694732666015625,4.0,15.0,5.0,False
injected_any,0.5,60.0,17,0,,,,,False
injected,0.5,60.0,18,30,0.5,2.0,9.0,8.0,False
injected,0.5,60.0,18,60,0.3145294189453125,2.0,10.0,7.0,False
injected,0.5,60.0,18,120,0.0717315673828125,3.0,12.0,5.0,False
injected_any,0.5,60.0,18,0,,,,,False
injected,0.5,60.0,19,30,0.5,2.0,9.0,8.0,False
injected,0.5,60.0,19,60,0.1796417236328125,2.0,12.0,7.0,False
injected,0.5,60.0,19,120,0.0245208740234375,4.0,13.0,4.0,False
injected_any,0.5,60.0,19,0,,,,,False
injected,0.5,60.0,20,30,0.5,2.0,9.0,8.0,False
injected,0.5,60.0,20,60,0.19165515899658203,3.0,13.0,8.0,False
injected,0.5,60.0,20,120,0.0384063720703125,3.0,12.0,4.0,False
injected_any,0.5,60.0,20,0,,,,,False
injected,0.5,60.0,21,30,0.5,2.0,9.0,8.0,False
injected,0.5,60.0,21,60,0.2517223358154297,3.0,12.0,8.0,False
injected,0.5,60.0,21,120,0.0317840576171875,3.0,14.0,5.0,False
injected_any,0.5,60.0,21,0,,,,,False
injected,0.5,60.0,22,30,0.5,2.0,9.0,8.0,False
injected,0.5,60.0,22,60,0.1796417236328125,3.0,12.0,7.0,False
injected,0.5,60.0,22,120,0.048126220703125,4.0,13.0,5.0,False
injected_any,0.5,60.0,22,0,,,,,False
injected,0.5,60.0,23,30,0.5,2.0,9.0,8.0,False
injected,0.5,60.0,23,60,0.1796417236328125,2.0,12.0,7.0,False
injected,0.5,60.0,23,120,0.01544189453125,4.0,14.0,4.0,True
injected_any,0.5,60.0,23,0,,,,,True
injected,0.5,60.0,24,30,0.5,2.0,9.0,8.0,False
injected,0.5,60.0,24,60,0.40726470947265625,1.0,10.0,8.0,False
injected,0.5,60.0,24,120,0.0384063720703125,3.0,12.0,4.0,False
injected_any,0.5,60.0,24,0,,,,,False
injected,0.5,60.0,25,30,0.5,2.0,9.0,8.0,False
injected,0.5,60.0,25,60,0.2517223358154297,2.0,12.0,8.0,False
injected,0.5,60.0,25,120,0.017578125,4.0,12.0,3.0,False
injected_any,0.5,60.0,25,0,,,,,False
injected,0.5,60.0,26,30,0.5,2.0,9.0,8.0,False
injected,0.5,60.0,26,60,0.13158798217773438,3.0,13.0,7.0,False
injected,0.5,60.0,26,120,0.048126220703125,3.0,13.0,5.0,False
injected_any,0.5,60.0,26,0,,,,,False
injected,0.5,60.0,27,30,0.5,2.0,9.0,8.0,False
injected,0.5,60.0,27,60,0.13158798217773438,3.0,13.0,7.0,False
injected,0.5,60.0,27,120,0.017578125,3.0,12.0,3.0,False
injected_any,0.5,60.0,27,0,,,,,False
injected,0.5,60.0,28,30,0.5,2.0,9.0,8.0,False
injected,0.5,60.0,28,60,0.1796417236328125,2.0,12.0,7.0,False
injected,0.5,60.0,28,120,0.0717315673828125,3.0,12.0,5.0,False
injected_any,0.5,60.0,28,0,,,,,False
injected,0.5,60.0,29,30,0.5,2.0,9.0,8.0,False
injected,0.5,60.0,29,60,0.1796417236328125,3.0,12.0,7.0,False
injected,0.5,60.0,29,120,0.0245208740234375,3.0,13.0,4.0,False
injected_any,0.5,60.0,29,0,,,,,False
injected,0.5,60.0,30,30,0.5,2.0,9.0,8.0,False
injected,0.5,60.0,30,60,0.3145294189453125,2.0,10.0,7.0,False
injected,0.5,60.0,30,120,0.05923461914062499,2.0,11.0,4.0,False
injected_any,0.5,60.0,30,0,,,,,False
injected,0.5,60.0,31,30,0.5,2.0,9.0,8.0,False
injected,0.5,60.0,31,60,0.19165515899658203,3.0,13.0,8.0,False
injected,0.5,60.0,31,120,0.0384063720703125,3.0,12.0,4.0,False
injected_any,0.5,60.0,31,0,,,,,False
injected,0.5,60.0,32,30,0.5,2.0,9.0,8.0,False
injected,0.5,60.0,32,60,0.13158798217773438,3.0,13.0,7.0,False
injected,0.5,60.0,32,120,0.01544189453125,4.0,14.0,4.0,True
injected_any,0.5,60.0,32,0,,,,,True
injected,0.5,60.0,33,30,0.5,2.0,9.0,8.0,False
injected,0.5,60.0,33,60,0.40726470947265625,2.0,10.0,8.0,False
injected,0.5,60.0,33,120,0.0384063720703125,3.0,12.0,4.0,False
injected_any,0.5,60.0,33,0,,,,,False
injected,0.5,60.0,34,30,0.5,2.0,9.0,8.0,False
injected,0.5,60.0,34,60,0.1796417236328125,2.0,12.0,7.0,False
injected,0.5,60.0,34,120,0.017578125,3.0,12.0,3.0,False
injected_any,0.5,60.0,34,0,,,,,False
injected,0.5,60.0,35,30,0.5,2.0,9.0,8.0,False
injected,0.5,60.0,35,60,0.2403411865234375,2.0,11.0,7.0,False
injected,0.5,60.0,35,120,0.0384063720703125,4.0,12.0,4.0,False
injected_any,0.5,60.0,35,0,,,,,False
injected,0.5,60.0,36,30,0.5,2.0,9.0,8.0,False
injected,0.5,60.0,36,60,0.3238029479980469,3.0,11.0,8.0,False
injected,0.5,60.0,36,120,0.0317840576171875,3.0,14.0,5.0,False
injected_any,0.5,60.0,36,0,,,,,False
injected,0.5,60.0,37,30,0.5,2.0,9.0,8.0,False
injected,0.5,60.0,37,60,0.13158798217773438,3.0,13.0,7.0,False
injected,0.5,60.0,37,120,0.048126220703125,3.0,13.0,5.0,False
injected_any,0.5,60.0,37,0,,,,,False
injected,0.5,60.0,38,30,0.5,2.0,9.0,8.0,False
injected,0.5,60.0,38,60,0.2517223358154297,3.0,12.0,8.0,False
injected,0.5,60.0,38,120,0.057659149169921875,4.0,14.0,6.0,False
injected_any,0.5,60.0,38,0,,,,,False
injected,0.5,60.0,39,30,0.5,2.0,9.0,8.0,False
injected,0.5,60.0,39,60,0.1796417236328125,3.0,12.0,7.0,False
injected,0.5,60.0,39,120,0.1050567626953125,4.0,11.0,5.0,False
injected_any,0.5,60.0,39,0,,,,,False
injected,0.5,60.0,40,30,0.5,2.0,9.0,8.0,False
injected,0.5,60.0,40,60,0.2403411865234375,3.0,11.0,7.0,False
injected,0.5,60.0,40,120,0.1661529541015625,3.0,11.0,6.0,False
injected_any,0.5,60.0,40,0,,,,,False
injected,0.5,60.0,41,30,0.5,2.0,9.0,8.0,False
injected,0.5,60.0,41,60,0.2517223358154297,3.0,12.0,8.0,False
injected,0.5,60.0,41,120,0.01544189453125,3.0,14.0,4.0,True
injected_any,0.5,60.0,41,0,,,,,True
injected,0.5,60.0,42,30,0.5,2.0,9.0,8.0,False
injected,0.5,60.0,42,60,0.1796417236328125,3.0,12.0,7.0,False
injected,0.5,60.0,42,120,0.08353424072265625,4.0,13.0,6.0,False
injected_any,0.5,60.0,42,0,,,,,False
injected,0.5,60.0,43,30,0.5,2.0,9.0,8.0,False
injected,0.5,60.0,43,60,0.40726470947265625,2.0,10.0,8.0,False
injected,0.5,60.0,43,120,0.0384063720703125,3.0,12.0,4.0,False
injected_any,0.5,60.0,43,0,,,,,False
injected,0.5,60.0,44,30,0.5,2.0,9.0,8.0,False
injected,0.5,60.0,44,60,0.19165515899658203,3.0,13.0,8.0,False
injected,0.5,60.0,44,120,0.0317840576171875,3.0,14.0,5.0,False
injected_any,0.5,60.0,44,0,,,,,False
injected,0.5,60.0,45,30,0.5,2.0,9.0,8.0,False
injected,0.5,60.0,45,60,0.3145294189453125,2.0,10.0,7.0,False
injected,0.5,60.0,45,120,0.05923461914062499,2.0,11.0,4.0,False
injected_any,0.5,60.0,45,0,,,,,False
injected,0.5,60.0,46,30,0.5,2.0,9.0,8.0,False
injected,0.5,60.0,46,60,0.2403411865234375,2.0,11.0,7.0,False
injected,0.5,60.0,46,120,0.0717315673828125,3.0,12.0,5.0,False
injected_any,0.5,60.0,46,0,,,,,False
injected,0.5,60.0,47,30,0.5,2.0,9.0,8.0,False
injected,0.5,60.0,47,60,0.1796417236328125,3.0,12.0,7.0,False
injected,0.5,60.0,47,120,0.0717315673828125,4.0,12.0,5.0,False
injected_any,0.5,60.0,47,0,,,,,False
injected,0.5,60.0,48,30,0.5,2.0,9.0,8.0,False
injected,0.5,60.0,48,60,0.13158798217773438,3.0,13.0,7.0,False
injected,0.5,60.0,48,120,0.0245208740234375,4.0,13.0,4.0,False
injected_any,0.5,60.0,48,0,,,,,False
injected,0.5,60.0,49,30,0.5,2.0,9.0,8.0,False
injected,0.5,60.0,49,60,0.1796417236328125,3.0,12.0,7.0,False
injected,0.5,60.0,49,120,0.1189422607421875,3.0,12.0,6.0,False
injected_any,0.5,60.0,49,0,,,,,False
injected,1.0,15.0,0,30,9.650597348809242e-06,4.0,28.0,4.0,True
injected,1.0,15.0,0,60,4.398822784423828e-05,4.0,23.0,3.0,True
injected,1.0,15.0,0,120,0.0020386576652526855,4.0,20.0,5.0,True
injected_any,1.0,15.0,0,0,,,,,True
injected,1.0,15.0,1,30,7.618218660354614e-06,4.0,26.0,3.0,True
injected,1.0,15.0,1,60,5.4836273193359375e-06,4.0,21.0,1.0,True
injected,1.0,15.0,1,120,0.00020122528076171875,4.0,18.0,2.0,True
injected_any,1.0,15.0,1,0,,,,,True
injected,1.0,15.0,2,30,9.650597348809242e-06,4.0,28.0,4.0,True
injected,1.0,15.0,2,60,9.715557098388672e-06,4.0,23.0,2.0,True
injected,1.0,15.0,2,120,7.826089859008789e-05,4.0,22.0,3.0,True
injected_any,1.0,15.0,2,0,,,,,True
injected,1.0,15.0,3,30,2.314336597919464e-07,4.0,29.0,2.0,True
injected,1.0,15.0,3,60,7.748603820800781e-07,4.0,24.0,1.0,True
injected,1.0,15.0,3,120,0.000244140625,4.0,20.0,3.0,True
injected_any,1.0,15.0,3,0,,,,,True
injected,1.0,15.0,4,30,1.2780074030160904e-06,4.0,29.0,3.0,True
injected,1.0,15.0,4,60,7.748603820800781e-07,4.0,24.0,1.0,True
injected,1.0,15.0,4,120,0.0001385807991027832,4.0,21.0,3.0,True
injected_any,1.0,15.0,4,0,,,,,True
injected,1.0,15.0,5,30,1.697661355137825e-05,4.0,27.0,4.0,True
injected,1.0,15.0,5,60,7.826089859008789e-05,4.0,22.0,3.0,True
injected,1.0,15.0,5,120,0.0029623061418533325,4.0,21.0,6.0,True
injected_any,1.0,15.0,5,0,,,,,True
injected,1.0,15.0,6,30,1.1180760338902473e-05,3.0,30.0,5.0,True
injected,1.0,15.0,6,60,5.245208740234375e-06,3.0,24.0,2.0,True
injected,1.0,15.0,6,120,1.7940998077392578e-05,3.0,22.0,2.0,True
injected_any,1.0,15.0,6,0,,,,,True
injected,1.0,15.0,7,30,7.618218660354614e-06,4.0,26.0,3.0,True
injected,1.0,15.0,7,60,2.002716064453125e-05,4.0,19.0,1.0,True
injected,1.0,15.0,7,120,0.0035986900329589844,4.0,17.0,4.0,True
injected_any,1.0,15.0,7,0,,,,,True
injected,1.0,15.0,8,30,5.587935447692871e-08,4.0,28.0,1.0,True
injected,1.0,15.0,8,60,5.960464477539063e-08,4.0,24.0,0.0,True
injected,1.0,15.0,8,120,2.002716064453125e-05,4.0,19.0,1.0,True
injected_any,1.0,15.0,8,0,,,,,True
injected,1.0,15.0,9,30,7.005874067544937e-07,4.0,30.0,3.0,True
injected,1.0,15.0,9,60,1.4901161193847656e-06,3.0,23.0,1.0,True
injected,1.0,15.0,9,120,0.0001385807991027832,3.0,21.0,3.0,True
injected_any,1.0,15.0,9,0,,,,,True
injected,1.0,15.0,10,30,4.215165972709656e-06,4.0,27.0,3.0,True
injected,1.0,15.0,10,60,1.7940998077392578e-05,3.0,22.0,2.0,True
injected,1.0,15.0,10,120,0.0012469589710235596,3.0,21.0,5.0,True
injected_any,1.0,15.0,10,0,,,,,True
injected,1.0,15.0,11,30,4.33996319770813e-07,4.0,28.0,2.0,True
injected,1.0,15.0,11,60,5.4836273193359375e-06,4.0,21.0,1.0,True
injected,1.0,15.0,11,120,2.002716064453125e-05,4.0,19.0,1.0,True
injected_any,1.0,15.0,11,0,,,,,True
injected,1.0,15.0,12,30,7.005874067544937e-07,4.0,30.0,3.0,True
injected,1.0,15.0,12,60,1.4901161193847656e-06,3.0,23.0,1.0,True
injected,1.0,15.0,12,120,3.3020973205566406e-05,3.0,21.0,2.0,True
injected_any,1.0,15.0,12,0,,,,,True
injected,1.0,15.0,13,30,7.005874067544937e-07,4.0,30.0,3.0,True
injected,1.0,15.0,13,60,2.823770046234131e-06,4.0,25.0,2.0,True
injected,1.0,15.0,13,120,0.000244140625,3.0,20.0,3.0,True
injected_any,1.0,15.0,13,0,,,,,True
injected,1.0,15.0,14,30,4.215165972709656e-06,4.0,27.0,3.0,True
injected,1.0,15.0,14,60,5.4836273193359375e-06,4.0,21.0,1.0,True
injected,1.0,15.0,14,120,0.0007448196411132812,4.0,18.0,3.0,True
injected_any,1.0,15.0,14,0,,,,,True
injected,1.0,15.0,15,30,5.1857903599739075e-05,4.0,25.0,4.0,True
injected,1.0,15.0,15,60,0.0007448196411132812,4.0,18.0,3.0,True
injected,1.0,15.0,15,120,0.0022125244140625,4.0,16.0,3.0,True
injected_any,1.0,15.0,15,0,,,,,True
injected,1.0,15.0,16,30,8.121132850646973e-07,4.0,27.0,2.0,True
injected,1.0,15.0,16,60,2.86102294921875e-06,4.0,22.0,1.0,True
injected,1.0,15.0,16,120,0.0003643035888671875,3.0,17.0,2.0,True
injected_any,1.0,15.0,16,0,,,,,True
injected,1.0,15.0,17,30,2.314336597919464e-07,4.0,29.0,2.0,True
injected,1.0,15.0,17,60,9.715557098388672e-06,4.0,23.0,2.0,True
injected,1.0,15.0,17,120,0.00026676058769226074,4.0,22.0,4.0,True
injected_any,1.0,15.0,17,0,,,,,True
injected,1.0,15.0,18,30,1.372024416923523e-05,4.0,25.0,3.0,True
injected,1.0,15.0,18,60,1.7940998077392578e-05,4.0,22.0,2.0,True
injected,1.0,15.0,18,120,0.0004277229309082031,4.0,19.0,3.0,True
injected_any,1.0,15.0,18,0,,,,,True
injected,1.0,15.0,19,30,1.2316741049289703e-07,4.0,30.0,2.0,True
injected,1.0,15.0,19,60,2.9802322387695312e-08,4.0,25.0,0.0,True
injected,1.0,15.0,19,120,5.245208740234375e-06,4.0,24.0,2.0,True
injected_any,1.0,15.0,19,0,,,,,True
injected,1.0,15.0,20,30,9.707873687148094e-07,4.0,32.0,4.0,True
injected,1.0,15.0,20,60,1.516193151473999e-06,3.0,26.0,2.0,True
injected,1.0,15.0,20,120,7.826089859008789e-05,3.0,22.0,3.0,True
injected_any,1.0,15.0,20,0,,,,,True
injected,1.0,15.0,21,30,4.33996319770813e-07,4.0,28.0,2.0,True
injected,1.0,15.0,21,60,1.7940998077392578e-05,3.0,22.0,2.0,True
injected,1.0,15.0,21,120,0.000244140625,3.0,20.0,3.0,True
injected_any,1.0,15.0,21,0,,,,,True
injected,1.0,15.0,22,30,6.542541086673737e-08,4.0,31.0,2.0,True
injected,1.0,15.0,22,60,7.748603820800781e-07,4.0,24.0,1.0,True
injected,1.0,15.0,22,120,3.3020973205566406e-05,4.0,21.0,2.0,True
injected_any,1.0,15.0,22,0,,,,,True
injected,1.0,15.0,23,30,2.314336597919464e-07,4.0,29.0,2.0,True
injected,1.0,15.0,23,60,4.023313522338867e-07,4.0,25.0,1.0,True
injected,1.0,15.0,23,120,1.7940998077392578e-05,4.0,22.0,2.0,True
injected_any,1.0,15.0,23,0,,,,,True
injected,1.0,15.0,24,30,5.653710104525089e-05,3.0,27.0,5.0,True
injected,1.0,15.0,24,60,1.7940998077392578e-05,3.0,22.0,2.0,True
injected,1.0,15.0,24,120,6.0558319091796875e-05,3.0,20.0,2.0,True
injected_any,1.0,15.0,24,0,,,,,True
injected,1.0,15.0,25,30,1.2316741049289703e-07,4.0,30.0,2.0,True
injected,1.0,15.0,25,60,7.748603820800781e-07,4.0,24.0,1.0,True
injected,1.0,15.0,25,120,1.4901161193847656e-06,4.0,23.0,1.0,True
injected_any,1.0,15.0,25,0,,,,,True
injected,1.0,15.0,26,30,8.121132850646973e-07,4.0,27.0,2.0,True
injected,1.0,15.0,26,60,5.4836273193359375e-06,4.0,21.0,1.0,True
injected,1.0,15.0,26,120,0.0004277229309082031,3.0,19.0,3.0,True
injected_any,1.0,15.0,26,0,,,,,True
injected,1.0,15.0,27,30,1.8364517018198967e-08,4.0,33.0,2.0,True
injected,1.0,15.0,27,60,7.450580596923828e-09,4.0,27.0,0.0,True
injected,1.0,15.0,27,120,1.4901161193847656e-06,3.0,23.0,1.0,True
injected_any,1.0,15.0,27,0,,,,,True
injected,1.0,15.0,28,30,2.314336597919464e-07,4.0,29.0,2.0,True
injected,1.0,15.0,28,60,2.86102294921875e-06,4.0,22.0,1.0,True
injected,1.0,15.0,28,120,0.0001385807991027832,3.0,21.0,3.0,True
injected_any,1.0,15.0,28,0,,,,,True
injected,1.0,15.0,29,30,1.0803341865539551e-07,4.0,27.0,1.0,True
injected,1.0,15.0,29,60,2.86102294921875e-06,4.0,22.0,1.0,True
injected,1.0,15.0,29,120,0.000244140625,3.0,20.0,3.0,True
injected_any,1.0,15.0,29,0,,,,,True
injected,1.0,15.0,30,30,5.245208740234375e-06,4.0,24.0,2.0,True
injected,1.0,15.0,30,60,5.4836273193359375e-06,4.0,21.0,1.0,True
injected,1.0,15.0,30,120,0.0007448196411132812,3.0,18.0,3.0,True
injected_any,1.0,15.0,30,0,,,,,True
injected,1.0,15.0,31,30,5.464302375912666e-06,3.0,29.0,4.0,True
injected,1.0,15.0,31,60,2.823770046234131e-06,3.0,25.0,2.0,True
injected,1.0,15.0,31,120,4.398822784423828e-05,3.0,23.0,3.0,True
injected_any,1.0,15.0,31,0,,,,,True
injected,1.0,15.0,32,30,3.08244489133358e-06,4.0,30.0,4.0,True
injected,1.0,15.0,32,60,7.748603820800781e-07,4.0,24.0,1.0,True
injected,1.0,15.0,32,120,7.826089859008789e-05,4.0,22.0,3.0,True
injected_any,1.0,15.0,32,0,,,,,True
injected,1.0,15.0,33,30,1.516193151473999e-06,4.0,26.0,2.0,True
injected,1.0,15.0,33,60,3.3020973205566406e-05,3.0,21.0,2.0,True
injected,1.0,15.0,33,120,0.0004277229309082031,4.0,19.0,3.0,True
injected_any,1.0,15.0,33,0,,,,,True
injected,1.0,15.0,34,30,6.542541086673737e-08,4.0,31.0,2.0,True
injected,1.0,15.0,34,60,2.9802322387695312e-08,4.0,25.0,0.0,True
injected,1.0,15.0,34,120,2.86102294921875e-06,3.0,22.0,1.0,True
injected_any,1.0,15.0,34,0,,,,,True
injected,1.0,15.0,35,30,4.33996319770813e-07,4.0,28.0,2.0,True
injected,1.0,15.0,35,60,2.86102294921875e-06,4.0,22.0,1.0,True
injected,1.0,15.0,35,120,0.000110626220703125,4.0,19.0,2.0,True
injected_any,1.0,15.0,35,0,,,,,True
injected,1.0,15.0,36,30,2.9738061130046848e-05,4.0,26.0,4.0,True
injected,1.0,15.0,36,60,7.826089859008789e-05,4.0,22.0,3.0,True
injected,1.0,15.0,36,120,0.0007448196411132812,4.0,18.0,3.0,True
injected_any,1.0,15.0,36,0,,,,,True
injected,1.0,15.0,37,30,9.609758853912354e-05,4.0,26.0,5.0,True
injected,1.0,15.0,37,60,0.0004552602767944336,3.0,21.0,4.0,True
injected,1.0,15.0,37,120,0.0035986900329589844,3.0,17.0,4.0,True
injected_any,1.0,15.0,37,0,,,,,True
injected,1.0,15.0,38,30,9.650597348809242e-06,4.0,28.0,4.0,True
injected,1.0,15.0,38,60,2.4616718292236328e-05,3.0,24.0,3.0,True
injected,1.0,15.0,38,120,0.0004552602767944336,4.0,21.0,4.0,True
injected_any,1.0,15.0,38,0,,,,,True
injected,1.0,15.0,39,30,7.618218660354614e-06,4.0,26.0,3.0,True
injected,1.0,15.0,39,60,6.0558319091796875e-05,4.0,20.0,2.0,True
injected,1.0,15.0,39,120,0.003305375576019287,4.0,19.0,5.0,True
injected_any,1.0,15.0,39,0,,,,,True
injected,1.0,15.0,40,30,2.314336597919464e-07,4.0,29.0,2.0,True
injected,1.0,15.0,40,60,7.748603820800781e-07,4.0,24.0,1.0,True
injected,1.0,15.0,40,120,0.000244140625,4.0,20.0,3.0,True
injected_any,1.0,15.0,40,0,,,,,True
injected,1.0,15.0,41,30,2.4616718292236328e-05,3.0,24.0,3.0,True
injected,1.0,15.0,41,60,0.000110626220703125,3.0,19.0,2.0,True
injected,1.0,15.0,41,120,0.0007448196411132812,3.0,18.0,3.0,True
injected_any,1.0,15.0,41,0,,,,,True
injected,1.0,15.0,42,30,2.823770046234131e-06,4.0,25.0,2.0,True
injected,1.0,15.0,42,60,0.0001385807991027832,4.0,21.0,3.0,True
injected,1.0,15.0,42,120,0.005311012268066406,4.0,18.0,5.0,True
injected_any,1.0,15.0,42,0,,,,,True
injected,1.0,15.0,43,30,1.2780074030160904e-06,4.0,29.0,3.0,True
injected,1.0,15.0,43,60,2.86102294921875e-06,4.0,22.0,1.0,True
injected,1.0,15.0,43,120,0.000110626220703125,4.0,19.0,2.0,True
injected_any,1.0,15.0,43,0,,,,,True
injected,1.0,15.0,44,30,7.005874067544937e-07,4.0,30.0,3.0,True
injected,1.0,15.0,44,60,8.121132850646973e-07,4.0,27.0,2.0,True
injected,1.0,15.0,44,120,8.999556303024292e-05,4.0,24.0,4.0,True
injected_any,1.0,15.0,44,0,,,,,True
injected,1.0,15.0,45,30,1.516193151473999e-06,4.0,26.0,2.0,True
injected,1.0,15.0,45,60,3.3020973205566406e-05,4.0,21.0,2.0,True
injected,1.0,15.0,45,120,0.002171754837036133,3.0,18.0,4.0,True
injected_any,1.0,15.0,45,0,,,,,True
injected,1.0,15.0,46,30,2.314336597919464e-07,4.0,29.0,2.0,True
injected,1.0,15.0,46,60,9.715557098388672e-06,4.0,23.0,2.0,True
injected,1.0,15.0,46,120,0.000244140625,4.0,20.0,3.0,True
injected_any,1.0,15.0,46,0,,,,,True
injected,1.0,15.0,47,30,1.516193151473999e-06,4.0,26.0,2.0,True
injected,1.0,15.0,47,60,3.3020973205566406e-05,4.0,21.0,2.0,True
injected,1.0,15.0,47,120,0.0035986900329589844,4.0,17.0,4.0,True
injected_any,1.0,15.0,47,0,,,,,True
injected,1.0,15.0,48,30,2.314336597919464e-07,4.0,29.0,2.0,True
injected,1.0,15.0,48,60,2.86102294921875e-06,4.0,22.0,1.0,True
injected,1.0,15.0,48,120,6.0558319091796875e-05,4.0,20.0,2.0,True
injected_any,1.0,15.0,48,0,,,,,True
injected,1.0,15.0,49,30,1.2780074030160904e-06,4.0,29.0,3.0,True
injected,1.0,15.0,49,60,5.245208740234375e-06,3.0,24.0,2.0,True
injected,1.0,15.0,49,120,0.00026676058769226074,3.0,22.0,4.0,True
injected_any,1.0,15.0,49,0,,,,,True
injected,1.0,30.0,0,30,0.0001553744077682495,4.0,23.0,4.0,True
injected,1.0,30.0,0,60,7.826089859008789e-05,4.0,22.0,3.0,True
injected,1.0,30.0,0,120,0.002171754837036133,4.0,18.0,4.0,True
injected_any,1.0,30.0,0,0,,,,,True
injected,1.0,30.0,1,30,8.999556303024292e-05,4.0,24.0,4.0,True
injected,1.0,30.0,1,60,5.4836273193359375e-06,4.0,21.0,1.0,True
injected,1.0,30.0,1,120,3.814697265625e-05,4.0,18.0,1.0,True
injected_any,1.0,30.0,1,0,,,,,True
injected,1.0,30.0,2,30,8.999556303024292e-05,4.0,24.0,4.0,True
injected,1.0,30.0,2,60,1.7940998077392578e-05,4.0,22.0,2.0,True
injected,1.0,30.0,2,120,3.3020973205566406e-05,4.0,21.0,2.0,True
injected_any,1.0,30.0,2,0,,,,,True
injected,1.0,30.0,3,30,9.715557098388672e-06,4.0,23.0,2.0,True
injected,1.0,30.0,3,60,9.715557098388672e-06,4.0,23.0,2.0,True
injected,1.0,30.0,3,120,0.0004277229309082031,4.0,19.0,3.0,True
injected_any,1.0,30.0,3,0,,,,,True
injected,1.0,30.0,4,30,0.00026676058769226074,4.0,22.0,4.0,True
injected,1.0,30.0,4,60,5.245208740234375e-06,4.0,24.0,2.0,True
injected,1.0,30.0,4,120,0.0001385807991027832,4.0,21.0,3.0,True
injected_any,1.0,30.0,4,0,,,,,True
injected,1.0,30.0,5,30,8.999556303024292e-05,4.0,24.0,4.0,True
injected,1.0,30.0,5,60,0.0004552602767944336,4.0,21.0,4.0,True
injected,1.0,30.0,5,120,0.0046776533126831055,4.0,20.0,6.0,True
injected_any,1.0,30.0,5,0,,,,,True
injected,1.0,30.0,6,30,0.00016245711594820025,3.0,25.0,5.0,True
injected,1.0,30.0,6,60,1.7940998077392578e-05,3.0,22.0,2.0,True
injected,1.0,30.0,6,120,3.3020973205566406e-05,3.0,21.0,2.0,True
injected_any,1.0,30.0,6,0,,,,,True
injected,1.0,30.0,7,30,4.398822784423828e-05,4.0,23.0,3.0,True
injected,1.0,30.0,7,60,3.814697265625e-05,4.0,18.0,1.0,True
injected,1.0,30.0,7,120,0.0035986900329589844,4.0,17.0,4.0,True
injected_any,1.0,30.0,7,0,,,,,True
injected,1.0,30.0,8,30,3.3020973205566406e-05,4.0,21.0,2.0,True
injected,1.0,30.0,8,60,1.4901161193847656e-06,4.0,23.0,1.0,True
injected,1.0,30.0,8,120,3.814697265625e-05,4.0,18.0,1.0,True
injected_any,1.0,30.0,8,0,,,,,True
injected,1.0,30.0,9,30,1.372024416923523e-05,4.0,25.0,3.0,True
injected,1.0,30.0,9,60,5.4836273193359375e-06,3.0,21.0,1.0,True
injected,1.0,30.0,9,120,0.000110626220703125,3.0,19.0,2.0,True
injected_any,1.0,30.0,9,0,,,,,True
injected,1.0,30.0,10,30,0.00026676058769226074,4.0,22.0,4.0,True
injected,1.0,30.0,10,60,0.000110626220703125,3.0,19.0,2.0,True
injected,1.0,30.0,10,120,0.003305375576019287,3.0,19.0,5.0,True
injected_any,1.0,30.0,10,0,,,,,True
injected,1.0,30.0,11,30,2.4616718292236328e-05,4.0,24.0,3.0,True
injected,1.0,30.0,11,60,1.7940998077392578e-05,4.0,22.0,2.0,True
injected,1.0,30.0,11,120,2.002716064453125e-05,4.0,19.0,1.0,True
injected_any,1.0,30.0,11,0,,,,,True
injected,1.0,30.0,12,30,0.0001553744077682495,3.0,23.0,4.0,True
injected,1.0,30.0,12,60,1.4901161193847656e-06,3.0,23.0,1.0,True
injected,1.0,30.0,12,120,3.3020973205566406e-05,3.0,21.0,2.0,True
injected_any,1.0,30.0,12,0,,,,,True
injected,1.0,30.0,13,30,8.999556303024292e-05,4.0,24.0,4.0,True
injected,1.0,30.0,13,60,2.4616718292236328e-05,4.0,24.0,3.0,True
injected,1.0,30.0,13,120,0.0004277229309082031,3.0,19.0,3.0,True
injected_any,1.0,30.0,13,0,,,,,True
injected,1.0,30.0,14,30,0.000771939754486084,4.0,20.0,4.0,True
injected,1.0,30.0,14,60,1.049041748046875e-05,4.0,20.0,1.0,True
injected,1.0,30.0,14,120,0.0007448196411132812,4.0,18.0,3.0,True
injected_any,1.0,30.0,14,0,,,,,True
injected,1.0,30.0,15,30,0.00045611709356307983,4.0,23.0,5.0,True
injected,1.0,30.0,15,60,0.0004277229309082031,4.0,19.0,3.0,True
injected,1.0,30.0,15,120,0.0006561279296875,4.0,16.0,2.0,True
injected_any,1.0,30.0,15,0,,,,,True
injected,1.0,30.0,16,30,0.0001385807991027832,4.0,21.0,3.0,True
injected,1.0,30.0,16,60,2.002716064453125e-05,4.0,19.0,1.0,True
injected,1.0,30.0,16,120,0.0011749267578125,3.0,15.0,2.0,True
injected_any,1.0,30.0,16,0,,,,,True
injected,1.0,30.0,17,30,2.4616718292236328e-05,4.0,24.0,3.0,True
injected,1.0,30.0,17,60,1.7940998077392578e-05,4.0,22.0,2.0,True
injected,1.0,30.0,17,120,0.0001385807991027832,4.0,21.0,3.0,True
injected_any,1.0,30.0,17,0,,,,,True
injected,1.0,30.0,18,30,7.826089859008789e-05,4.0,22.0,3.0,True
injected,1.0,30.0,18,60,6.0558319091796875e-05,4.0,20.0,2.0,True
injected,1.0,30.0,18,120,0.0003643035888671875,4.0,17.0,2.0,True
injected_any,1.0,30.0,18,0,,,,,True
injected,1.0,30.0,19,30,7.618218660354614e-06,4.0,26.0,3.0,True
injected,1.0,30.0,19,60,2.9802322387695312e-08,4.0,25.0,0.0,True
injected,1.0,30.0,19,120,9.715557098388672e-06,4.0,23.0,2.0,True
injected_any,1.0,30.0,19,0,,,,,True
injected,1.0,30.0,20,30,5.1857903599739075e-05,4.0,25.0,4.0,True
injected,1.0,30.0,20,60,1.372024416923523e-05,3.0,25.0,3.0,True
injected,1.0,30.0,20,120,0.0001385807991027832,3.0,21.0,3.0,True
injected_any,1.0,30.0,20,0,,,,,True
injected,1.0,30.0,21,30,0.0001385807991027832,4.0,21.0,3.0,True
injected,1.0,30.0,21,60,6.0558319091796875e-05,3.0,20.0,2.0,True
injected,1.0,30.0,21,120,0.0004277229309082031,3.0,19.0,3.0,True
injected_any,1.0,30.0,21,0,,,,,True
injected,1.0,30.0,22,30,1.372024416923523e-05,4.0,25.0,3.0,True
injected,1.0,30.0,22,60,7.748603820800781e-07,4.0,24.0,1.0,True
injected,1.0,30.0,22,120,6.0558319091796875e-05,4.0,20.0,2.0,True
injected_any,1.0,30.0,22,0,,,,,True
injected,1.0,30.0,23,30,4.398822784423828e-05,4.0,23.0,3.0,True
injected,1.0,30.0,23,60,5.245208740234375e-06,4.0,24.0,2.0,True
injected,1.0,30.0,23,120,3.3020973205566406e-05,4.0,21.0,2.0,True
injected_any,1.0,30.0,23,0,,,,,True
injected,1.0,30.0,24,30,0.0011578500270843506,3.0,23.0,6.0,True
injected,1.0,30.0,24,60,6.0558319091796875e-05,3.0,20.0,2.0,True
injected,1.0,30.0,24,120,3.814697265625e-05,3.0,18.0,1.0,True
injected_any,1.0,30.0,24,0,,,,,True
injected,1.0,30.0,25,30,7.618218660354614e-06,4.0,26.0,3.0,True
injected,1.0,30.0,25,60,4.023313522338867e-07,4.0,25.0,1.0,True
injected,1.0,30.0,25,120,2.384185791015625e-07,4.0,22.0,0.0,True
injected_any,1.0,30.0,25,0,,,,,True
injected,1.0,30.0,26,30,1.7940998077392578e-05,4.0,22.0,2.0,True
injected,1.0,30.0,26,60,1.4901161193847656e-06,4.0,23.0,1.0,True
injected,1.0,30.0,26,120,0.000244140625,3.0,20.0,3.0,True
injected_any,1.0,30.0,26,0,,,,,True
injected,1.0,30.0,27,30,4.215165972709656e-06,4.0,27.0,3.0,True
injected,1.0,30.0,27,60,3.725290298461914e-09,4.0,28.0,0.0,True
injected,1.0,30.0,27,120,2.384185791015625e-07,3.0,22.0,0.0,True
injected_any,1.0,30.0,27,0,,,,,True
injected,1.0,30.0,28,30,5.245208740234375e-06,4.0,24.0,2.0,True
injected,1.0,30.0,28,60,2.86102294921875e-06,4.0,22.0,1.0,True
injected,1.0,30.0,28,120,6.0558319091796875e-05,3.0,20.0,2.0,True
injected_any,1.0,30.0,28,0,,,,,True
injected,1.0,30.0,29,30,5.245208740234375e-06,4.0,24.0,2.0,True
injected,1.0,30.0,29,60,1.049041748046875e-05,4.0,20.0,1.0,True
injected,1.0,30.0,29,120,0.0004277229309082031,3.0,19.0,3.0,True
injected_any,1.0,30.0,29,0,,,,,True
injected,1.0,30.0,30,30,4.398822784423828e-05,4.0,23.0,3.0,True
injected,1.0,30.0,30,60,2.002716064453125e-05,4.0,19.0,1.0,True
injected,1.0,30.0,30,120,0.0006561279296875,3.0,16.0,2.0,True
injected_any,1.0,30.0,30,0,,,,,True
injected,1.0,30.0,31,30,0.0002730563282966614,3.0,24.0,5.0,True
injected,1.0,30.0,31,60,9.715557098388672e-06,3.0,23.0,2.0,True
injected,1.0,30.0,31,120,3.3020973205566406e-05,3.0,21.0,2.0,True
injected_any,1.0,30.0,31,0,,,,,True
injected,1.0,30.0,32,30,8.999556303024292e-05,4.0,24.0,4.0,True
injected,1.0,30.0,32,60,1.4901161193847656e-06,4.0,23.0,1.0,True
injected,1.0,30.0,32,120,3.3020973205566406e-05,4.0,21.0,2.0,True
injected_any,1.0,30.0,32,0,,,,,True
injected,1.0,30.0,33,30,2.4616718292236328e-05,4.0,24.0,3.0,True
injected,1.0,30.0,33,60,3.3020973205566406e-05,3.0,21.0,2.0,True
injected,1.0,30.0,33,120,0.0004277229309082031,4.0,19.0,3.0,True
injected_any,1.0,30.0,33,0,,,,,True
injected,1.0,30.0,34,30,7.618218660354614e-06,4.0,26.0,3.0,True
injected,1.0,30.0,34,60,1.4901161193847656e-08,4.0,26.0,0.0,True
injected,1.0,30.0,34,120,4.76837158203125e-07,3.0,21.0,0.0,True
injected_any,1.0,30.0,34,0,,,,,True
injected,1.0,30.0,35,30,9.715557098388672e-06,4.0,23.0,2.0,True
injected,1.0,30.0,35,60,1.4901161193847656e-06,4.0,23.0,1.0,True
injected,1.0,30.0,35,120,3.814697265625e-05,4.0,18.0,1.0,True
injected_any,1.0,30.0,35,0,,,,,True
injected,1.0,30.0,36,30,0.00045611709356307983,4.0,23.0,5.0,True
injected,1.0,30.0,36,60,7.826089859008789e-05,4.0,22.0,3.0,True
injected,1.0,30.0,36,120,0.00020122528076171875,4.0,18.0,2.0,True
injected_any,1.0,30.0,36,0,,,,,True
injected,1.0,30.0,37,30,0.0007568597793579102,4.0,22.0,5.0,True
injected,1.0,30.0,37,60,0.0004552602767944336,3.0,21.0,4.0,True
injected,1.0,30.0,37,120,0.0012884140014648438,3.0,17.0,3.0,True
injected_any,1.0,30.0,37,0,,,,,True
injected,1.0,30.0,38,30,0.00026676058769226074,4.0,22.0,4.0,True
injected,1.0,30.0,38,60,0.0001385807991027832,3.0,21.0,3.0,True
injected,1.0,30.0,38,120,0.001299738883972168,4.0,19.0,4.0,True
injected_any,1.0,30.0,38,0,,,,,True
injected,1.0,30.0,39,30,2.4616718292236328e-05,4.0,24.0,3.0,True
injected,1.0,30.0,39,60,3.3020973205566406e-05,4.0,21.0,2.0,True
injected,1.0,30.0,39,120,0.001299738883972168,4.0,19.0,4.0,True
injected_any,1.0,30.0,39,0,,,,,True
injected,1.0,30.0,40,30,5.245208740234375e-06,4.0,24.0,2.0,True
injected,1.0,30.0,40,60,1.4901161193847656e-06,4.0,23.0,1.0,True
injected,1.0,30.0,40,120,0.0004277229309082031,4.0,19.0,3.0,True
injected_any,1.0,30.0,40,0,,,,,True
injected,1.0,30.0,41,30,0.000771939754486084,3.0,20.0,4.0,True
injected,1.0,30.0,41,60,0.000110626220703125,3.0,19.0,2.0,True
injected,1.0,30.0,41,120,0.00020122528076171875,3.0,18.0,2.0,True
injected_any,1.0,30.0,41,0,,,,,True
injected,1.0,30.0,42,30,3.3020973205566406e-05,4.0,21.0,2.0,True
injected,1.0,30.0,42,60,0.000244140625,4.0,20.0,3.0,True
injected,1.0,30.0,42,120,0.005311012268066406,4.0,18.0,5.0,True
injected_any,1.0,30.0,42,0,,,,,True
injected,1.0,30.0,43,30,5.1857903599739075e-05,4.0,25.0,4.0,True
injected,1.0,30.0,43,60,5.4836273193359375e-06,4.0,21.0,1.0,True
injected,1.0,30.0,43,120,3.814697265625e-05,4.0,18.0,1.0,True
injected_any,1.0,30.0,43,0,,,,,True
injected,1.0,30.0,44,30,5.1857903599739075e-05,4.0,25.0,4.0,True
injected,1.0,30.0,44,60,5.245208740234375e-06,4.0,24.0,2.0,True
injected,1.0,30.0,44,120,0.00026676058769226074,4.0,22.0,4.0,True
injected_any,1.0,30.0,44,0,,,,,True
injected,1.0,30.0,45,30,2.4616718292236328e-05,4.0,24.0,3.0,True
injected,1.0,30.0,45,60,3.3020973205566406e-05,4.0,21.0,2.0,True
injected,1.0,30.0,45,120,0.0007448196411132812,3.0,18.0,3.0,True
injected_any,1.0,30.0,45,0,,,,,True
injected,1.0,30.0,46,30,1.516193151473999e-06,4.0,26.0,2.0,True
injected,1.0,30.0,46,60,5.245208740234375e-06,4.0,24.0,2.0,True
injected,1.0,30.0,46,120,0.000110626220703125,4.0,19.0,2.0,True
injected_any,1.0,30.0,46,0,,,,,True
injected,1.0,30.0,47,30,7.826089859008789e-05,4.0,22.0,3.0,True
injected,1.0,30.0,47,60,0.0001385807991027832,4.0,21.0,3.0,True
injected,1.0,30.0,47,120,0.0035986900329589844,4.0,17.0,4.0,True
injected_any,1.0,30.0,47,0,,,,,True
injected,1.0,30.0,48,30,1.372024416923523e-05,4.0,25.0,3.0,True
injected,1.0,30.0,48,60,7.748603820800781e-07,4.0,24.0,1.0,True
injected,1.0,30.0,48,120,1.049041748046875e-05,4.0,20.0,1.0,True
injected_any,1.0,30.0,48,0,,,,,True
injected,1.0,30.0,49,30,4.398822784423828e-05,4.0,23.0,3.0,True
injected,1.0,30.0,49,60,9.715557098388672e-06,3.0,23.0,2.0,True
injected,1.0,30.0,49,120,0.0004552602767944336,3.0,21.0,4.0,True
injected_any,1.0,30.0,49,0,,,,,True
injected,1.0,60.0,0,30,0.4018096923828125,2.0,9.0,7.0,False
injected,1.0,60.0,0,60,0.0012884140014648438,3.0,17.0,3.0,True
injected,1.0,60.0,0,120,0.003305375576019287,4.0,19.0,5.0,True
injected_any,1.0,60.0,0,0,,,,,True
injected,1.0,60.0,1,30,0.4999999999999999,2.0,8.0,7.0,False
injected,1.0,60.0,1,60,0.0012884140014648438,3.0,17.0,3.0,True
injected,1.0,60.0,1,120,7.2479248046875e-05,4.0,17.0,1.0,True
injected_any,1.0,60.0,1,0,,,,,True
injected,1.0,60.0,2,30,0.4018096923828125,2.0,9.0,7.0,False
injected,1.0,60.0,2,60,0.000110626220703125,3.0,19.0,2.0,True
injected,1.0,60.0,2,120,1.7940998077392578e-05,4.0,22.0,2.0,True
injected_any,1.0,60.0,2,0,,,,,True
injected,1.0,60.0,3,30,0.4999999999999999,2.0,8.0,7.0,False
injected,1.0,60.0,3,60,0.000110626220703125,3.0,19.0,2.0,True
injected,1.0,60.0,3,120,0.000110626220703125,4.0,19.0,2.0,True
injected_any,1.0,60.0,3,0,,,,,True
injected,1.0,60.0,4,30,0.4018096923828125,2.0,9.0,7.0,False
injected,1.0,60.0,4,60,6.0558319091796875e-05,3.0,20.0,2.0,True
injected,1.0,60.0,4,120,0.000771939754486084,4.0,20.0,4.0,True
injected_any,1.0,60.0,4,0,,,,,True
injected,1.0,60.0,5,30,0.4999999999999999,2.0,8.0,7.0,False
injected,1.0,60.0,5,60,0.0007448196411132812,3.0,18.0,3.0,True
injected,1.0,60.0,5,120,0.0012469589710235596,4.0,21.0,5.0,True
injected_any,1.0,60.0,5,0,,,,,True
injected,1.0,60.0,6,30,0.4018096923828125,2.0,9.0,7.0,False
injected,1.0,60.0,6,60,0.0001385807991027832,3.0,21.0,3.0,True
injected,1.0,60.0,6,120,7.826089859008789e-05,3.0,22.0,3.0,True
injected_any,1.0,60.0,6,0,,,,,True
injected,1.0,60.0,7,30,0.4999999999999999,2.0,8.0,7.0,False
injected,1.0,60.0,7,60,0.0106353759765625,3.0,13.0,3.0,True
injected,1.0,60.0,7,120,0.013301849365234375,4.0,16.0,5.0,True
injected_any,1.0,60.0,7,0,,,,,True
injected,1.0,60.0,8,30,0.4018096923828125,2.0,9.0,7.0,False
injected,1.0,60.0,8,60,1.049041748046875e-05,3.0,20.0,1.0,True
injected,1.0,60.0,8,120,7.62939453125e-06,4.0,17.0,0.0,True
injected_any,1.0,60.0,8,0,,,,,True
injected,1.0,60.0,9,30,0.4018096923828125,2.0,9.0,7.0,False
injected,1.0,60.0,9,60,6.0558319091796875e-05,3.0,20.0,2.0,True
injected,1.0,60.0,9,120,6.0558319091796875e-05,3.0,20.0,2.0,True
injected_any,1.0,60.0,9,0,,,,,True
injected,1.0,60.0,10,30,0.4999999999999999,2.0,8.0,7.0,False
injected,1.0,60.0,10,60,0.000110626220703125,3.0,19.0,2.0,True
injected,1.0,60.0,10,120,0.0012469589710235596,3.0,21.0,5.0,True
injected_any,1.0,60.0,10,0,,,,,True
injected,1.0,60.0,11,30,0.4018096923828125,2.0,9.0,7.0,False
injected,1.0,60.0,11,60,0.00020122528076171875,3.0,18.0,2.0,True
injected,1.0,60.0,11,120,7.2479248046875e-05,4.0,17.0,1.0,True
injected_any,1.0,60.0,11,0,,,,,True
injected,1.0,60.0,12,30,0.4018096923828125,2.0,9.0,7.0,False
injected,1.0,60.0,12,60,0.000244140625,3.0,20.0,3.0,True
injected,1.0,60.0,12,120,0.000244140625,3.0,20.0,3.0,True
injected_any,1.0,60.0,12,0,,,,,True
injected,1.0,60.0,13,30,0.4018096923828125,2.0,9.0,7.0,False
injected,1.0,60.0,13,60,0.0001385807991027832,3.0,21.0,3.0,True
injected,1.0,60.0,13,120,0.00020122528076171875,3.0,18.0,2.0,True
injected_any,1.0,60.0,13,0,,,,,True
injected,1.0,60.0,14,30,0.4999999999999999,2.0,8.0,7.0,False
injected,1.0,60.0,14,60,0.0012884140014648438,3.0,17.0,3.0,True
injected,1.0,60.0,14,120,0.0012884140014648438,4.0,17.0,3.0,True
injected_any,1.0,60.0,14,0,,,,,True
injected,1.0,60.0,15,30,0.4999999999999999,2.0,8.0,7.0,False
injected,1.0,60.0,15,60,0.00960540771484375,3.0,15.0,4.0,True
injected,1.0,60.0,15,120,0.005908966064453125,4.0,16.0,4.0,True
injected_any,1.0,60.0,15,0,,,,,True
injected,1.0,60.0,16,30,0.4999999999999999,2.0,8.0,7.0,False
injected,1.0,60.0,16,60,7.2479248046875e-05,3.0,17.0,1.0,True
injected,1.0,60.0,16,120,0.0012884140014648438,3.0,17.0,3.0,True
injected_any,1.0,60.0,16,0,,,,,True
injected,1.0,60.0,17,30,0.4018096923828125,2.0,9.0,7.0,False
injected,1.0,60.0,17,60,0.000110626220703125,3.0,19.0,2.0,True
injected,1.0,60.0,17,120,7.826089859008789e-05,4.0,22.0,3.0,True
injected_any,1.0,60.0,17,0,,,,,True
injected,1.0,60.0,18,30,0.4999999999999999,2.0,8.0,7.0,False
injected,1.0,60.0,18,60,0.0003643035888671875,3.0,17.0,2.0,True
injected,1.0,60.0,18,120,0.0004277229309082031,4.0,19.0,3.0,True
injected_any,1.0,60.0,18,0,,,,,True
injected,1.0,60.0,19,30,0.4018096923828125,2.0,9.0,7.0,False
injected,1.0,60.0,19,60,0.000110626220703125,3.0,19.0,2.0,True
injected,1.0,60.0,19,120,7.826089859008789e-05,4.0,22.0,3.0,True
injected_any,1.0,60.0,19,0,,,,,True
injected,1.0,60.0,20,30,0.4018096923828125,2.0,9.0,7.0,False
injected,1.0,60.0,20,60,0.00026676058769226074,3.0,22.0,4.0,True
injected,1.0,60.0,20,120,0.000244140625,3.0,20.0,3.0,True
injected_any,1.0,60.0,20,0,,,,,True
injected,1.0,60.0,21,30,0.4018096923828125,2.0,9.0,7.0,False
injected,1.0,60.0,21,60,0.00020122528076171875,3.0,18.0,2.0,True
injected,1.0,60.0,21,120,0.0004277229309082031,3.0,19.0,3.0,True
injected_any,1.0,60.0,21,0,,,,,True
injected,1.0,60.0,22,30,0.4018096923828125,2.0,9.0,7.0,False
injected,1.0,60.0,22,60,6.0558319091796875e-05,3.0,20.0,2.0,True
injected,1.0,60.0,22,120,0.0004277229309082031,4.0,19.0,3.0,True
injected_any,1.0,60.0,22,0,,,,,True
injected,1.0,60.0,23,30,0.4018096923828125,2.0,9.0,7.0,False
injected,1.0,60.0,23,60,3.3020973205566406e-05,3.0,21.0,2.0,True
injected,1.0,60.0,23,120,6.0558319091796875e-05,4.0,20.0,2.0,True
injected_any,1.0,60.0,23,0,,,,,True
injected,1.0,60.0,24,30,0.4999999999999999,2.0,8.0,7.0,False
injected,1.0,60.0,24,60,0.000244140625,3.0,20.0,3.0,True
injected,1.0,60.0,24,120,0.000110626220703125,3.0,19.0,2.0,True
injected_any,1.0,60.0,24,0,,,,,True
injected,1.0,60.0,25,30,0.4018096923828125,2.0,9.0,7.0,False
injected,1.0,60.0,25,60,0.000110626220703125,3.0,19.0,2.0,True
injected,1.0,60.0,25,120,5.4836273193359375e-06,4.0,21.0,1.0,True
injected_any,1.0,60.0,25,0,,,,,True
injected,1.0,60.0,26,30,0.4999999999999999,2.0,8.0,7.0,False
injected,1.0,60.0,26,60,0.000110626220703125,3.0,19.0,2.0,True
injected,1.0,60.0,26,120,0.000771939754486084,3.0,20.0,4.0,True
injected_any,1.0,60.0,26,0,,,,,True
injected,1.0,60.0,27,30,0.395263671875,2.0,8.0,6.0,False
injected,1.0,60.0,27,60,1.7940998077392578e-05,3.0,22.0,2.0,True
injected,1.0,60.0,27,120,1.049041748046875e-05,3.0,20.0,1.0,True
injected_any,1.0,60.0,27,0,,,,,True
injected,1.0,60.0,28,30,0.4018096923828125,2.0,9.0,7.0,False
injected,1.0,60.0,28,60,0.00020122528076171875,3.0,18.0,2.0,True
injected,1.0,60.0,28,120,0.000110626220703125,3.0,19.0,2.0,True
injected_any,1.0,60.0,28,0,,,,,True
injected,1.0,60.0,29,30,0.4018096923828125,2.0,9.0,7.0,False
injected,1.0,60.0,29,60,3.814697265625e-05,3.0,18.0,1.0,True
injected,1.0,60.0,29,120,0.000244140625,3.0,20.0,3.0,True
injected_any,1.0,60.0,29,0,,,,,True
injected,1.0,60.0,30,30,0.4999999999999999,2.0,8.0,7.0,False
injected,1.0,60.0,30,60,0.0002593994140625,3.0,15.0,1.0,True
injected,1.0,60.0,30,120,0.0006561279296875,3.0,16.0,2.0,True
injected_any,1.0,60.0,30,0,,,,,True
injected,1.0,60.0,31,30,0.4018096923828125,2.0,9.0,7.0,False
injected,1.0,60.0,31,60,6.0558319091796875e-05,3.0,20.0,2.0,True
injected,1.0,60.0,31,120,3.3020973205566406e-05,3.0,21.0,2.0,True
injected_any,1.0,60.0,31,0,,,,,True
injected,1.0,60.0,32,30,0.4018096923828125,2.0,9.0,7.0,False
injected,1.0,60.0,32,60,6.0558319091796875e-05,3.0,20.0,2.0,True
injected,1.0,60.0,32,120,0.000244140625,4.0,20.0,3.0,True
injected_any,1.0,60.0,32,0,,,,,True
injected,1.0,60.0,33,30,0.4018096923828125,2.0,9.0,7.0,False
injected,1.0,60.0,33,60,0.00020122528076171875,3.0,18.0,2.0,True
injected,1.0,60.0,33,120,0.000244140625,4.0,20.0,3.0,True
injected_any,1.0,60.0,33,0,,,,,True
injected,1.0,60.0,34,30,0.4018096923828125,2.0,9.0,7.0,False
injected,1.0,60.0,34,60,3.3020973205566406e-05,3.0,21.0,2.0,True
injected,1.0,60.0,34,120,1.049041748046875e-05,3.0,20.0,1.0,True
injected_any,1.0,60.0,34,0,,,,,True
injected,1.0,60.0,35,30,0.4018096923828125,2.0,9.0,7.0,False
injected,1.0,60.0,35,60,0.00020122528076171875,3.0,18.0,2.0,True
injected,1.0,60.0,35,120,0.00020122528076171875,4.0,18.0,2.0,True
injected_any,1.0,60.0,35,0,,,,,True
injected,1.0,60.0,36,30,0.4999999999999999,2.0,8.0,7.0,False
injected,1.0,60.0,36,60,0.002171754837036133,3.0,18.0,4.0,True
injected,1.0,60.0,36,120,0.0007448196411132812,4.0,18.0,3.0,True
injected_any,1.0,60.0,36,0,,,,,True
injected,1.0,60.0,37,30,0.4999999999999999,2.0,8.0,7.0,False
injected,1.0,60.0,37,60,0.005311012268066406,3.0,18.0,5.0,True
injected,1.0,60.0,37,120,0.0012884140014648438,3.0,17.0,3.0,True
injected_any,1.0,60.0,37,0,,,,,True
injected,1.0,60.0,38,30,0.4999999999999999,2.0,8.0,7.0,False
injected,1.0,60.0,38,60,0.00845026969909668,3.0,17.0,5.0,True
injected,1.0,60.0,38,120,0.002171754837036133,4.0,18.0,4.0,True
injected_any,1.0,60.0,38,0,,,,,True
injected,1.0,60.0,39,30,0.4999999999999999,2.0,8.0,7.0,False
injected,1.0,60.0,39,60,0.00020122528076171875,3.0,18.0,2.0,True
injected,1.0,60.0,39,120,0.001299738883972168,4.0,19.0,4.0,True
injected_any,1.0,60.0,39,0,,,,,True
injected,1.0,60.0,40,30,0.4018096923828125,2.0,9.0,7.0,False
injected,1.0,60.0,40,60,0.00020122528076171875,3.0,18.0,2.0,True
injected,1.0,60.0,40,120,0.0007448196411132812,4.0,18.0,3.0,True
injected_any,1.0,60.0,40,0,,,,,True
injected,1.0,60.0,41,30,0.4999999999999999,2.0,8.0,7.0,False
injected,1.0,60.0,41,60,0.0035986900329589844,3.0,17.0,4.0,True
injected,1.0,60.0,41,120,0.0012884140014648438,3.0,17.0,3.0,True
injected_any,1.0,60.0,41,0,,,,,True
injected,1.0,60.0,42,30,0.4999999999999999,2.0,8.0,7.0,False
injected,1.0,60.0,42,60,0.0022125244140625,3.0,16.0,3.0,True
injected,1.0,60.0,42,120,0.005311012268066406,4.0,18.0,5.0,True
injected_any,1.0,60.0,42,0,,,,,True
injected,1.0,60.0,43,30,0.4999999999999999,2.0,8.0,7.0,False
injected,1.0,60.0,43,60,0.00020122528076171875,3.0,18.0,2.0,True
injected,1.0,60.0,43,120,0.000110626220703125,4.0,19.0,2.0,True
injected_any,1.0,60.0,43,0,,,,,True
injected,1.0,60.0,44,30,0.4999999999999999,2.0,8.0,7.0,False
injected,1.0,60.0,44,60,6.0558319091796875e-05,3.0,20.0,2.0,True
injected,1.0,60.0,44,120,8.999556303024292e-05,4.0,24.0,4.0,True
injected_any,1.0,60.0,44,0,,,,,True
injected,1.0,60.0,45,30,0.4999999999999999,2.0,8.0,7.0,False
injected,1.0,60.0,45,60,3.814697265625e-05,3.0,18.0,1.0,True
injected,1.0,60.0,45,120,0.000110626220703125,3.0,19.0,2.0,True
injected_any,1.0,60.0,45,0,,,,,True
injected,1.0,60.0,46,30,0.4018096923828125,2.0,9.0,7.0,False
injected,1.0,60.0,46,60,0.00020122528076171875,3.0,18.0,2.0,True
injected,1.0,60.0,46,120,0.00020122528076171875,4.0,18.0,2.0,True
injected_any,1.0,60.0,46,0,,,,,True
injected,1.0,60.0,47,30,0.4018096923828125,2.0,9.0,7.0,False
injected,1.0,60.0,47,60,0.0006561279296875,3.0,16.0,2.0,True
injected,1.0,60.0,47,120,0.0035986900329589844,4.0,17.0,4.0,True
injected_any,1.0,60.0,47,0,,,,,True
injected,1.0,60.0,48,30,0.4018096923828125,2.0,9.0,7.0,False
injected,1.0,60.0,48,60,0.000110626220703125,3.0,19.0,2.0,True
injected,1.0,60.0,48,120,0.000110626220703125,4.0,19.0,2.0,True
injected_any,1.0,60.0,48,0,,,,,True
injected,1.0,60.0,49,30,0.4018096923828125,2.0,9.0,7.0,False
injected,1.0,60.0,49,60,0.000244140625,3.0,20.0,3.0,True
injected,1.0,60.0,49,120,0.0020386576652526855,3.0,20.0,5.0,True
injected_any,1.0,60.0,49,0,,,,,True
injected,1.5,15.0,0,30,2.0884908735752106e-07,4.0,32.0,3.0,True
injected,1.5,15.0,0,60,1.372024416923523e-05,4.0,25.0,3.0,True
injected,1.5,15.0,0,120,0.0004552602767944336,4.0,21.0,4.0,True
injected_any,1.5,15.0,0,0,,,,,True
injected,1.5,15.0,1,30,4.33996319770813e-07,4.0,28.0,2.0,True
injected,1.5,15.0,1,60,1.7940998077392578e-05,4.0,22.0,2.0,True
injected,1.5,15.0,1,120,0.0004277229309082031,4.0,19.0,3.0,True
injected_any,1.5,15.0,1,0,,,,,True
injected,1.5,15.0,2,30,1.2780074030160904e-06,4.0,29.0,3.0,True
injected,1.5,15.0,2,60,9.715557098388672e-06,4.0,23.0,2.0,True
injected,1.5,15.0,2,120,4.398822784423828e-05,4.0,23.0,3.0,True
injected_any,1.5,15.0,2,0,,,,,True
injected,1.5,15.0,3,30,2.8870999813079834e-08,4.0,29.0,1.0,True
injected,1.5,15.0,3,60,5.245208740234375e-06,4.0,24.0,2.0,True
injected,1.5,15.0,3,120,0.000771939754486084,4.0,20.0,4.0,True
injected_any,1.5,15.0,3,0,,,,,True
injected,1.5,15.0,4,30,6.542541086673737e-08,4.0,31.0,2.0,True
injected,1.5,15.0,4,60,4.023313522338867e-07,4.0,25.0,1.0,True
injected,1.5,15.0,4,120,4.398822784423828e-05,4.0,23.0,3.0,True
injected_any,1.5,15.0,4,0,,,,,True
injected,1.5,15.0,5,30,2.314336597919464e-07,4.0,29.0,2.0,True
injected,1.5,15.0,5,60,7.826089859008789e-05,4.0,22.0,3.0,True
injected,1.5,15.0,5,120,0.0011578500270843506,4.0,23.0,6.0,True
injected_any,1.5,15.0,5,0,,,,,True
injected,1.5,15.0,6,30,2.0884908735752106e-07,4.0,32.0,3.0,True
injected,1.5,15.0,6,60,5.245208740234375e-06,3.0,24.0,2.0,True
injected,1.5,15.0,6,120,2.4616718292236328e-05,3.0,24.0,3.0,True
injected_any,1.5,15.0,6,0,,,,,True
injected,1.5,15.0,7,30,4.215165972709656e-06,4.0,27.0,3.0,True
injected,1.5,15.0,7,60,3.3020973205566406e-05,4.0,21.0,2.0,True
injected,1.5,15.0,7,120,0.001299738883972168,4.0,19.0,4.0,True
injected_any,1.5,15.0,7,0,,,,,True
injected,1.5,15.0,8,30,7.683411240577698e-09,4.0,31.0,1.0,True
injected,1.5,15.0,8,60,2.9802322387695312e-08,4.0,25.0,0.0,True
injected,1.5,15.0,8,120,9.5367431640625e-07,4.0,20.0,0.0,True
injected_any,1.5,15.0,8,0,,,,,True
injected,1.5,15.0,9,30,7.683411240577698e-09,4.0,31.0,1.0,True
injected,1.5,15.0,9,60,1.4901161193847656e-06,3.0,23.0,1.0,True
injected,1.5,15.0,9,120,4.398822784423828e-05,4.0,23.0,3.0,True
injected_any,1.5,15.0,9,0,,,,,True
injected,1.5,15.0,10,30,5.587935447692871e-08,4.0,28.0,1.0,True
injected,1.5,15.0,10,60,7.826089859008789e-05,3.0,22.0,3.0,True
injected,1.5,15.0,10,120,0.0011578500270843506,3.0,23.0,6.0,True
injected_any,1.5,15.0,10,0,,,,,True
injected,1.5,15.0,11,30,3.958120942115784e-09,4.0,32.0,1.0,True
injected,1.5,15.0,11,60,7.748603820800781e-07,4.0,24.0,1.0,True
injected,1.5,15.0,11,120,1.049041748046875e-05,4.0,20.0,1.0,True
injected_any,1.5,15.0,11,0,,,,,True
injected,1.5,15.0,12,30,6.542541086673737e-08,4.0,31.0,2.0,True
injected,1.5,15.0,12,60,1.4901161193847656e-06,3.0,23.0,1.0,True
injected,1.5,15.0,12,120,4.398822784423828e-05,3.0,23.0,3.0,True
injected_any,1.5,15.0,12,0,,,,,True
injected,1.5,15.0,13,30,6.542541086673737e-08,4.0,31.0,2.0,True
injected,1.5,15.0,13,60,2.823770046234131e-06,4.0,25.0,2.0,True
injected,1.5,15.0,13,120,0.000244140625,4.0,20.0,3.0,True
injected_any,1.5,15.0,13,0,,,,,True
injected,1.5,15.0,14,30,4.33996319770813e-07,4.0,28.0,2.0,True
injected,1.5,15.0,14,60,1.4901161193847656e-06,4.0,23.0,1.0,True
injected,1.5,15.0,14,120,0.000244140625,4.0,20.0,3.0,True
injected_any,1.5,15.0,14,0,,,,,True
injected,1.5,15.0,15,30,1.697661355137825e-05,4.0,27.0,4.0,True
injected,1.5,15.0,15,60,0.0004277229309082031,4.0,19.0,3.0,True
injected,1.5,15.0,15,120,0.0022125244140625,4.0,16.0,3.0,True
injected_any,1.5,15.0,15,0,,,,,True
injected,1.5,15.0,16,30,4.33996319770813e-07,4.0,28.0,2.0,True
injected,1.5,15.0,16,60,1.7940998077392578e-05,4.0,22.0,2.0,True
injected,1.5,15.0,16,120,0.0003643035888671875,3.0,17.0,2.0,True
injected_any,1.5,15.0,16,0,,,,,True
injected,1.5,15.0,17,30,7.683411240577698e-09,4.0,31.0,1.0,True
injected,1.5,15.0,17,60,2.823770046234131e-06,4.0,25.0,2.0,True
injected,1.5,15.0,17,120,7.826089859008789e-05,4.0,22.0,3.0,True
injected_any,1.5,15.0,17,0,,,,,True
injected,1.5,15.0,18,30,8.121132850646973e-07,4.0,27.0,2.0,True
injected,1.5,15.0,18,60,7.826089859008789e-05,4.0,22.0,3.0,True
injected,1.5,15.0,18,120,0.0004277229309082031,4.0,19.0,3.0,True
injected_any,1.5,15.0,18,0,,,,,True
injected,1.5,15.0,19,30,2.3283064365386963e-10,4.0,32.0,0.0,True
injected,1.5,15.0,19,60,1.4901161193847656e-08,4.0,26.0,0.0,True
injected,1.5,15.0,19,120,1.516193151473999e-06,4.0,26.0,2.0,True
injected_any,1.5,15.0,19,0,,,,,True
injected,1.5,15.0,20,30,6.165646482259035e-08,4.0,34.0,3.0,True
injected,1.5,15.0,20,60,8.121132850646973e-07,3.0,27.0,2.0,True
injected,1.5,15.0,20,120,2.4616718292236328e-05,3.0,24.0,3.0,True
injected_any,1.5,15.0,20,0,,,,,True
injected,1.5,15.0,21,30,1.4901161193847656e-08,4.0,30.0,1.0,True
injected,1.5,15.0,21,60,9.715557098388672e-06,3.0,23.0,2.0,True
injected,1.5,15.0,21,120,0.0004552602767944336,3.0,21.0,4.0,True
injected_any,1.5,15.0,21,0,,,,,True
injected,1.5,15.0,22,30,1.0477378964424133e-09,4.0,34.0,1.0,True
injected,1.5,15.0,22,60,2.086162567138672e-07,4.0,26.0,1.0,True
injected,1.5,15.0,22,120,9.715557098388672e-06,4.0,23.0,2.0,True
injected_any,1.5,15.0,22,0,,,,,True
injected,1.5,15.0,23,30,3.958120942115784e-09,4.0,32.0,1.0,True
injected,1.5,15.0,23,60,2.086162567138672e-07,4.0,26.0,1.0,True
injected,1.5,15.0,23,120,1.4901161193847656e-06,4.0,23.0,1.0,True
injected_any,1.5,15.0,23,0,,,,,True
injected,1.5,15.0,24,30,1.9279075786471367e-05,4.0,29.0,5.0,True
injected,1.5,15.0,24,60,7.826089859008789e-05,3.0,22.0,3.0,True
injected,1.5,15.0,24,120,6.0558319091796875e-05,3.0,20.0,2.0,True
injected_any,1.5,15.0,24,0,,,,,True
injected,1.5,15.0,25,30,2.0372681319713593e-09,4.0,33.0,1.0,True
injected,1.5,15.0,25,60,2.086162567138672e-07,4.0,26.0,1.0,True
injected,1.5,15.0,25,120,1.4901161193847656e-06,4.0,23.0,1.0,True
injected_any,1.5,15.0,25,0,,,,,True
injected,1.5,15.0,26,30,1.4901161193847656e-08,4.0,30.0,1.0,True
injected,1.5,15.0,26,60,1.4901161193847656e-06,4.0,23.0,1.0,True
injected,1.5,15.0,26,120,0.0001385807991027832,4.0,21.0,3.0,True
injected_any,1.5,15.0,26,0,,,,,True
injected,1.5,15.0,27,30,2.764863893389702e-10,4.0,36.0,1.0,True
injected,1.5,15.0,27,60,9.313225746154785e-10,4.0,30.0,0.0,True
injected,1.5,15.0,27,120,5.960464477539063e-08,4.0,24.0,0.0,True
injected_any,1.5,15.0,27,0,,,,,True
injected,1.5,15.0,28,30,3.958120942115784e-09,4.0,32.0,1.0,True
injected,1.5,15.0,28,60,7.748603820800781e-07,4.0,24.0,1.0,True
injected,1.5,15.0,28,120,9.715557098388672e-06,4.0,23.0,2.0,True
injected_any,1.5,15.0,28,0,,,,,True
injected,1.5,15.0,29,30,9.313225746154785e-10,4.0,30.0,0.0,True
injected,1.5,15.0,29,60,1.4901161193847656e-06,4.0,23.0,1.0,True
injected,1.5,15.0,29,120,0.0001385807991027832,4.0,21.0,3.0,True
injected_any,1.5,15.0,29,0,,,,,True
injected,1.5,15.0,30,30,1.4901161193847656e-08,4.0,26.0,0.0,True
injected,1.5,15.0,30,60,2.002716064453125e-05,4.0,19.0,1.0,True
injected,1.5,15.0,30,120,0.0007448196411132812,4.0,18.0,3.0,True
injected_any,1.5,15.0,30,0,,,,,True
injected,1.5,15.0,31,30,1.2780074030160904e-06,3.0,29.0,3.0,True
injected,1.5,15.0,31,60,1.372024416923523e-05,3.0,25.0,3.0,True
injected,1.5,15.0,31,120,0.00016245711594820025,3.0,25.0,5.0,True
injected_any,1.5,15.0,31,0,,,,,True
injected,1.5,15.0,32,30,6.542541086673737e-08,4.0,31.0,2.0,True
injected,1.5,15.0,32,60,4.023313522338867e-07,4.0,25.0,1.0,True
injected,1.5,15.0,32,120,1.7940998077392578e-05,4.0,22.0,2.0,True
injected_any,1.5,15.0,32,0,,,,,True
injected,1.5,15.0,33,30,4.33996319770813e-07,4.0,28.0,2.0,True
injected,1.5,15.0,33,60,9.715557098388672e-06,3.0,23.0,2.0,True
injected,1.5,15.0,33,120,0.000244140625,4.0,20.0,3.0,True
injected_any,1.5,15.0,33,0,,,,,True
injected,1.5,15.0,34,30,1.1641532182693481e-10,4.0,33.0,0.0,True
injected,1.5,15.0,34,60,1.0803341865539551e-07,3.0,27.0,1.0,True
injected,1.5,15.0,34,120,7.748603820800781e-07,3.0,24.0,1.0,True
injected_any,1.5,15.0,34,0,,,,,True
injected,1.5,15.0,35,30,7.683411240577698e-09,4.0,31.0,1.0,True
injected,1.5,15.0,35,60,2.823770046234131e-06,4.0,25.0,2.0,True
injected,1.5,15.0,35,120,3.3020973205566406e-05,4.0,21.0,2.0,True
injected_any,1.5,15.0,35,0,,,,,True
injected,1.5,15.0,36,30,1.697661355137825e-05,4.0,27.0,4.0,True
injected,1.5,15.0,36,60,0.0001553744077682495,4.0,23.0,4.0,True
injected,1.5,15.0,36,120,0.0004277229309082031,4.0,19.0,3.0,True
injected_any,1.5,15.0,36,0,,,,,True
injected,1.5,15.0,37,30,9.650597348809242e-06,4.0,28.0,4.0,True
injected,1.5,15.0,37,60,0.00045611709356307983,3.0,23.0,5.0,True
injected,1.5,15.0,37,120,0.001299738883972168,3.0,19.0,4.0,True
injected_any,1.5,15.0,37,0,,,,,True
injected,1.5,15.0,38,30,5.464302375912666e-06,4.0,29.0,4.0,True
injected,1.5,15.0,38,60,2.4616718292236328e-05,3.0,24.0,3.0,True
injected,1.5,15.0,38,120,0.0004552602767944336,4.0,21.0,4.0,True
injected_any,1.5,15.0,38,0,,,,,True
injected,1.5,15.0,39,30,2.3245811462402344e-06,4.0,28.0,3.0,True
injected,1.5,15.0,39,60,7.826089859008789e-05,4.0,22.0,3.0,True
injected,1.5,15.0,39,120,0.0020386576652526855,4.0,20.0,5.0,True
injected_any,1.5,15.0,39,0,,,,,True
injected,1.5,15.0,40,30,7.683411240577698e-09,4.0,31.0,1.0,True
injected,1.5,15.0,40,60,7.748603820800781e-07,4.0,24.0,1.0,True
injected,1.5,15.0,40,120,0.0001385807991027832,4.0,21.0,3.0,True
injected_any,1.5,15.0,40,0,,,,,True
injected,1.5,15.0,41,30,2.823770046234131e-06,4.0,25.0,2.0,True
injected,1.5,15.0,41,60,6.0558319091796875e-05,3.0,20.0,2.0,True
injected,1.5,15.0,41,120,0.0004277229309082031,3.0,19.0,3.0,True
injected_any,1.5,15.0,41,0,,,,,True
injected,1.5,15.0,42,30,1.516193151473999e-06,4.0,26.0,2.0,True
injected,1.5,15.0,42,60,1.7940998077392578e-05,4.0,22.0,2.0,True
injected,1.5,15.0,42,120,0.001299738883972168,4.0,19.0,4.0,True
injected_any,1.5,15.0,42,0,,,,,True
injected,1.5,15.0,43,30,1.2316741049289703e-07,4.0,30.0,2.0,True
injected,1.5,15.0,43,60,1.4901161193847656e-06,4.0,23.0,1.0,True
injected,1.5,15.0,43,120,0.000244140625,4.0,20.0,3.0,True
injected_any,1.5,15.0,43,0,,,,,True
injected,1.5,15.0,44,30,1.4901161193847656e-08,4.0,30.0,1.0,True
injected,1.5,15.0,44,60,4.215165972709656e-06,3.0,27.0,3.0,True
injected,1.5,15.0,44,120,0.0004389551468193531,3.0,25.0,6.0,True
injected_any,1.5,15.0,44,0,,,,,True
injected,1.5,15.0,45,30,4.33996319770813e-07,4.0,28.0,2.0,True
injected,1.5,15.0,45,60,1.7940998077392578e-05,4.0,22.0,2.0,True
injected,1.5,15.0,45,120,0.0004277229309082031,3.0,19.0,3.0,True
injected_any,1.5,15.0,45,0,,,,,True
injected,1.5,15.0,46,30,2.0372681319713593e-09,4.0,33.0,1.0,True
injected,1.5,15.0,46,60,1.516193151473999e-06,4.0,26.0,2.0,True
injected,1.5,15.0,46,120,1.7940998077392578e-05,4.0,22.0,2.0,True
injected_any,1.5,15.0,46,0,,,,,True
injected,1.5,15.0,47,30,2.8870999813079834e-08,4.0,29.0,1.0,True
injected,1.5,15.0,47,60,1.7940998077392578e-05,4.0,22.0,2.0,True
injected,1.5,15.0,47,120,0.001299738883972168,4.0,19.0,4.0,True
injected_any,1.5,15.0,47,0,,,,,True
injected,1.5,15.0,48,30,3.958120942115784e-09,4.0,32.0,1.0,True
injected,1.5,15.0,48,60,4.023313522338867e-07,4.0,25.0,1.0,True
injected,1.5,15.0,48,120,1.049041748046875e-05,4.0,20.0,1.0,True
injected_any,1.5,15.0,48,0,,,,,True
injected,1.5,15.0,49,30,3.4691765904426575e-08,4.0,32.0,2.0,True
injected,1.5,15.0,49,60,5.245208740234375e-06,3.0,24.0,2.0,True
injected,1.5,15.0,49,120,0.00026676058769226074,4.0,22.0,4.0,True
injected_any,1.5,15.0,49,0,,,,,True
injected,1.5,30.0,0,30,5.464302375912666e-06,4.0,29.0,4.0,True
injected,1.5,30.0,0,60,1.372024416923523e-05,4.0,25.0,3.0,True
injected,1.5,30.0,0,120,0.000771939754486084,4.0,20.0,4.0,True
injected_any,1.5,30.0,0,0,,,,,True
injected,1.5,30.0,1,30,5.1857903599739075e-05,4.0,25.0,4.0,True
injected,1.5,30.0,1,60,2.86102294921875e-06,4.0,22.0,1.0,True
injected,1.5,30.0,1,120,3.814697265625e-05,4.0,18.0,1.0,True
injected_any,1.5,30.0,1,0,,,,,True
injected,1.5,30.0,2,30,5.464302375912666e-06,4.0,29.0,4.0,True
injected,1.5,30.0,2,60,2.4616718292236328e-05,4.0,24.0,3.0,True
injected,1.5,30.0,2,120,1.7940998077392578e-05,4.0,22.0,2.0,True
injected_any,1.5,30.0,2,0,,,,,True
injected,1.5,30.0,3,30,4.33996319770813e-07,4.0,28.0,2.0,True
injected,1.5,30.0,3,60,4.023313522338867e-07,4.0,25.0,1.0,True
injected,1.5,30.0,3,120,6.0558319091796875e-05,4.0,20.0,2.0,True
injected_any,1.5,30.0,3,0,,,,,True
injected,1.5,30.0,4,30,9.650597348809242e-06,4.0,28.0,4.0,True
injected,1.5,30.0,4,60,4.023313522338867e-07,4.0,25.0,1.0,True
injected,1.5,30.0,4,120,3.3020973205566406e-05,4.0,21.0,2.0,True
injected_any,1.5,30.0,4,0,,,,,True
injected,1.5,30.0,5,30,5.464302375912666e-06,4.0,29.0,4.0,True
injected,1.5,30.0,5,60,0.0001553744077682495,4.0,23.0,4.0,True
injected,1.5,30.0,5,120,0.0012469589710235596,4.0,21.0,5.0,True
injected_any,1.5,30.0,5,0,,,,,True
injected,1.5,30.0,6,30,1.9279075786471367e-05,3.0,29.0,5.0,True
injected,1.5,30.0,6,60,2.4616718292236328e-05,3.0,24.0,3.0,True
injected,1.5,30.0,6,120,1.7940998077392578e-05,3.0,22.0,2.0,True
injected_any,1.5,30.0,6,0,,,,,True
injected,1.5,30.0,7,30,1.372024416923523e-05,4.0,25.0,3.0,True
injected,1.5,30.0,7,60,5.4836273193359375e-06,4.0,21.0,1.0,True
injected,1.5,30.0,7,120,0.001299738883972168,4.0,19.0,4.0,True
injected_any,1.5,30.0,7,0,,,,,True
injected,1.5,30.0,8,30,8.121132850646973e-07,4.0,27.0,2.0,True
injected,1.5,30.0,8,60,2.9802322387695312e-08,4.0,25.0,0.0,True
injected,1.5,30.0,8,120,1.9073486328125e-06,4.0,19.0,0.0,True
injected_any,1.5,30.0,8,0,,,,,True
injected,1.5,30.0,9,30,7.005874067544937e-07,4.0,30.0,3.0,True
injected,1.5,30.0,9,60,5.245208740234375e-06,3.0,24.0,2.0,True
injected,1.5,30.0,9,120,3.3020973205566406e-05,3.0,21.0,2.0,True
injected_any,1.5,30.0,9,0,,,,,True
injected,1.5,30.0,10,30,1.697661355137825e-05,4.0,27.0,4.0,True
injected,1.5,30.0,10,60,1.7940998077392578e-05,3.0,22.0,2.0,True
injected,1.5,30.0,10,120,0.0012469589710235596,3.0,21.0,5.0,True
injected_any,1.5,30.0,10,0,,,,,True
injected,1.5,30.0,11,30,2.3245811462402344e-06,4.0,28.0,3.0,True
injected,1.5,30.0,11,60,7.748603820800781e-07,4.0,24.0,1.0,True
injected,1.5,30.0,11,120,2.002716064453125e-05,4.0,19.0,1.0,True
injected_any,1.5,30.0,11,0,,,,,True
injected,1.5,30.0,12,30,4.215165972709656e-06,3.0,27.0,3.0,True
injected,1.5,30.0,12,60,1.4901161193847656e-06,3.0,23.0,1.0,True
injected,1.5,30.0,12,120,7.826089859008789e-05,3.0,22.0,3.0,True
injected_any,1.5,30.0,12,0,,,,,True
injected,1.5,30.0,13,30,9.650597348809242e-06,4.0,28.0,4.0,True
injected,1.5,30.0,13,60,1.516193151473999e-06,4.0,26.0,2.0,True
injected,1.5,30.0,13,120,6.0558319091796875e-05,3.0,20.0,2.0,True
injected_any,1.5,30.0,13,0,,,,,True
injected,1.5,30.0,14,30,8.999556303024292e-05,4.0,24.0,4.0,True
injected,1.5,30.0,14,60,1.4901161193847656e-06,4.0,23.0,1.0,True
injected,1.5,30.0,14,120,0.000244140625,4.0,20.0,3.0,True
injected_any,1.5,30.0,14,0,,,,,True
injected,1.5,30.0,15,30,0.00016245711594820025,4.0,25.0,5.0,True
injected,1.5,30.0,15,60,0.000244140625,4.0,20.0,3.0,True
injected,1.5,30.0,15,120,0.0006561279296875,4.0,16.0,2.0,True
injected_any,1.5,30.0,15,0,,,,,True
injected,1.5,30.0,16,30,7.618218660354614e-06,4.0,26.0,3.0,True
injected,1.5,30.0,16,60,2.86102294921875e-06,4.0,22.0,1.0,True
injected,1.5,30.0,16,120,0.0003643035888671875,3.0,17.0,2.0,True
injected_any,1.5,30.0,16,0,,,,,True
injected,1.5,30.0,17,30,1.2780074030160904e-06,4.0,29.0,3.0,True
injected,1.5,30.0,17,60,5.245208740234375e-06,4.0,24.0,2.0,True
injected,1.5,30.0,17,120,7.826089859008789e-05,4.0,22.0,3.0,True
injected_any,1.5,30.0,17,0,,,,,True
injected,1.5,30.0,18,30,7.618218660354614e-06,4.0,26.0,3.0,True
injected,1.5,30.0,18,60,9.715557098388672e-06,4.0,23.0,2.0,True
injected,1.5,30.0,18,120,0.000110626220703125,4.0,19.0,2.0,True
injected_any,1.5,30.0,18,0,,,,,True
injected,1.5,30.0,19,30,1.2316741049289703e-07,4.0,30.0,2.0,True
injected,1.5,30.0,19,60,1.4901161193847656e-08,4.0,26.0,0.0,True
injected,1.5,30.0,19,120,2.823770046234131e-06,4.0,25.0,2.0,True
injected_any,1.5,30.0,19,0,,,,,True
injected,1.5,30.0,20,30,7.005874067544937e-07,4.0,30.0,3.0,True
injected,1.5,30.0,20,60,8.121132850646973e-07,3.0,27.0,2.0,True
injected,1.5,30.0,20,120,4.398822784423828e-05,3.0,23.0,3.0,True
injected_any,1.5,30.0,20,0,,,,,True
injected,1.5,30.0,21,30,4.215165972709656e-06,4.0,27.0,3.0,True
injected,1.5,30.0,21,60,1.7940998077392578e-05,3.0,22.0,2.0,True
injected,1.5,30.0,21,120,0.000244140625,3.0,20.0,3.0,True
injected_any,1.5,30.0,21,0,,,,,True
injected,1.5,30.0,22,30,7.005874067544937e-07,4.0,30.0,3.0,True
injected,1.5,30.0,22,60,2.086162567138672e-07,4.0,26.0,1.0,True
injected,1.5,30.0,22,120,1.7940998077392578e-05,4.0,22.0,2.0,True
injected_any,1.5,30.0,22,0,,,,,True
injected,1.5,30.0,23,30,1.2780074030160904e-06,4.0,29.0,3.0,True
injected,1.5,30.0,23,60,2.086162567138672e-07,4.0,26.0,1.0,True
injected,1.5,30.0,23,120,2.86102294921875e-06,4.0,22.0,1.0,True
injected_any,1.5,30.0,23,0,,,,,True
injected,1.5,30.0,24,30,0.0001620317343622446,4.0,27.0,6.0,True
injected,1.5,30.0,24,60,9.715557098388672e-06,3.0,23.0,2.0,True
injected,1.5,30.0,24,120,1.049041748046875e-05,3.0,20.0,1.0,True
injected_any,1.5,30.0,24,0,,,,,True
injected,1.5,30.0,25,30,7.005874067544937e-07,4.0,30.0,3.0,True
injected,1.5,30.0,25,60,2.086162567138672e-07,4.0,26.0,1.0,True
injected,1.5,30.0,25,120,2.86102294921875e-06,4.0,22.0,1.0,True
injected_any,1.5,30.0,25,0,,,,,True
injected,1.5,30.0,26,30,1.516193151473999e-06,4.0,26.0,2.0,True
injected,1.5,30.0,26,60,1.4901161193847656e-06,4.0,23.0,1.0,True
injected,1.5,30.0,26,120,0.000244140625,3.0,20.0,3.0,True
injected_any,1.5,30.0,26,0,,,,,True
injected,1.5,30.0,27,30,7.005874067544937e-07,4.0,30.0,3.0,True
injected,1.5,30.0,27,60,1.862645149230957e-09,4.0,29.0,0.0,True
injected,1.5,30.0,27,120,1.1920928955078125e-07,4.0,23.0,0.0,True
injected_any,1.5,30.0,27,0,,,,,True
injected,1.5,30.0,28,30,2.314336597919464e-07,4.0,29.0,2.0,True
injected,1.5,30.0,28,60,7.748603820800781e-07,4.0,24.0,1.0,True
injected,1.5,30.0,28,120,1.7940998077392578e-05,4.0,22.0,2.0,True
injected_any,1.5,30.0,28,0,,,,,True
injected,1.5,30.0,29,30,4.33996319770813e-07,4.0,28.0,2.0,True
injected,1.5,30.0,29,60,2.86102294921875e-06,4.0,22.0,1.0,True
injected,1.5,30.0,29,120,0.000244140625,3.0,20.0,3.0,True
injected_any,1.5,30.0,29,0,,,,,True
injected,1.5,30.0,30,30,7.618218660354614e-06,4.0,26.0,3.0,True
injected,1.5,30.0,30,60,5.4836273193359375e-06,4.0,21.0,1.0,True
injected,1.5,30.0,30,120,0.0003643035888671875,3.0,17.0,2.0,True
injected_any,1.5,30.0,30,0,,,,,True
injected,1.5,30.0,31,30,1.9279075786471367e-05,3.0,29.0,5.0,True
injected,1.5,30.0,31,60,7.618218660354614e-06,3.0,26.0,3.0,True
injected,1.5,30.0,31,120,9.715557098388672e-06,3.0,23.0,2.0,True
injected_any,1.5,30.0,31,0,,,,,True
injected,1.5,30.0,32,30,2.3245811462402344e-06,4.0,28.0,3.0,True
injected,1.5,30.0,32,60,4.023313522338867e-07,4.0,25.0,1.0,True
injected,1.5,30.0,32,120,1.7940998077392578e-05,4.0,22.0,2.0,True
injected_any,1.5,30.0,32,0,,,,,True
injected,1.5,30.0,33,30,4.215165972709656e-06,4.0,27.0,3.0,True
injected,1.5,30.0,33,60,9.715557098388672e-06,3.0,23.0,2.0,True
injected,1.5,30.0,33,120,0.000244140625,4.0,20.0,3.0,True
injected_any,1.5,30.0,33,0,,,,,True
injected,1.5,30.0,34,30,1.2316741049289703e-07,4.0,30.0,2.0,True
injected,1.5,30.0,34,60,1.0803341865539551e-07,3.0,27.0,1.0,True
injected,1.5,30.0,34,120,1.4901161193847656e-06,3.0,23.0,1.0,True
injected_any,1.5,30.0,34,0,,,,,True
injected,1.5,30.0,35,30,2.314336597919464e-07,4.0,29.0,2.0,True
injected,1.5,30.0,35,60,2.823770046234131e-06,4.0,25.0,2.0,True
injected,1.5,30.0,35,120,6.0558319091796875e-05,4.0,20.0,2.0,True
injected_any,1.5,30.0,35,0,,,,,True
injected,1.5,30.0,36,30,9.609758853912354e-05,4.0,26.0,5.0,True
injected,1.5,30.0,36,60,2.4616718292236328e-05,4.0,24.0,3.0,True
injected,1.5,30.0,36,120,0.000110626220703125,4.0,19.0,2.0,True
injected_any,1.5,30.0,36,0,,,,,True
injected,1.5,30.0,37,30,9.609758853912354e-05,4.0,26.0,5.0,True
injected,1.5,30.0,37,60,8.999556303024292e-05,3.0,24.0,4.0,True
injected,1.5,30.0,37,120,0.0004277229309082031,3.0,19.0,3.0,True
injected_any,1.5,30.0,37,0,,,,,True
injected,1.5,30.0,38,30,1.697661355137825e-05,4.0,27.0,4.0,True
injected,1.5,30.0,38,60,2.4616718292236328e-05,3.0,24.0,3.0,True
injected,1.5,30.0,38,120,0.0004552602767944336,4.0,21.0,4.0,True
injected_any,1.5,30.0,38,0,,,,,True
injected,1.5,30.0,39,30,4.215165972709656e-06,4.0,27.0,3.0,True
injected,1.5,30.0,39,60,9.715557098388672e-06,4.0,23.0,2.0,True
injected,1.5,30.0,39,120,0.000771939754486084,4.0,20.0,4.0,True
injected_any,1.5,30.0,39,0,,,,,True
injected,1.5,30.0,40,30,4.33996319770813e-07,4.0,28.0,2.0,True
injected,1.5,30.0,40,60,7.748603820800781e-07,4.0,24.0,1.0,True
injected,1.5,30.0,40,120,0.000244140625,4.0,20.0,3.0,True
injected_any,1.5,30.0,40,0,,,,,True
injected,1.5,30.0,41,30,8.999556303024292e-05,3.0,24.0,4.0,True
injected,1.5,30.0,41,60,3.3020973205566406e-05,3.0,21.0,2.0,True
injected,1.5,30.0,41,120,0.000110626220703125,3.0,19.0,2.0,True
injected_any,1.5,30.0,41,0,,,,,True
injected,1.5,30.0,42,30,2.823770046234131e-06,4.0,25.0,2.0,True
injected,1.5,30.0,42,60,1.7940998077392578e-05,4.0,22.0,2.0,True
injected,1.5,30.0,42,120,0.001299738883972168,4.0,19.0,4.0,True
injected_any,1.5,30.0,42,0,,,,,True
injected,1.5,30.0,43,30,1.697661355137825e-05,4.0,27.0,4.0,True
injected,1.5,30.0,43,60,1.4901161193847656e-06,4.0,23.0,1.0,True
injected,1.5,30.0,43,120,2.002716064453125e-05,4.0,19.0,1.0,True
injected_any,1.5,30.0,43,0,,,,,True
injected,1.5,30.0,44,30,3.08244489133358e-06,4.0,30.0,4.0,True
injected,1.5,30.0,44,60,4.215165972709656e-06,4.0,27.0,3.0,True
injected,1.5,30.0,44,120,8.999556303024292e-05,4.0,24.0,4.0,True
injected_any,1.5,30.0,44,0,,,,,True
injected,1.5,30.0,45,30,4.215165972709656e-06,4.0,27.0,3.0,True
injected,1.5,30.0,45,60,1.4901161193847656e-06,4.0,23.0,1.0,True
injected,1.5,30.0,45,120,0.000110626220703125,3.0,19.0,2.0,True
injected_any,1.5,30.0,45,0,,,,,True
injected,1.5,30.0,46,30,6.542541086673737e-08,4.0,31.0,2.0,True
injected,1.5,30.0,46,60,1.516193151473999e-06,4.0,26.0,2.0,True
injected,1.5,30.0,46,120,3.3020973205566406e-05,4.0,21.0,2.0,True
injected_any,1.5,30.0,46,0,,,,,True
injected,1.5,30.0,47,30,4.215165972709656e-06,4.0,27.0,3.0,True
injected,1.5,30.0,47,60,1.7940998077392578e-05,4.0,22.0,2.0,True
injected,1.5,30.0,47,120,0.0012884140014648438,4.0,17.0,3.0,True
injected_any,1.5,30.0,47,0,,,,,True
injected,1.5,30.0,48,30,2.3245811462402344e-06,4.0,28.0,3.0,True
injected,1.5,30.0,48,60,4.023313522338867e-07,4.0,25.0,1.0,True
injected,1.5,30.0,48,120,1.049041748046875e-05,4.0,20.0,1.0,True
injected_any,1.5,30.0,48,0,,,,,True
injected,1.5,30.0,49,30,2.3245811462402344e-06,4.0,28.0,3.0,True
injected,1.5,30.0,49,60,5.245208740234375e-06,3.0,24.0,2.0,True
injected,1.5,30.0,49,120,0.00026676058769226074,3.0,22.0,4.0,True
injected_any,1.5,30.0,49,0,,,,,True
injected,1.5,60.0,0,30,0.395263671875,2.0,8.0,6.0,False
injected,1.5,60.0,0,60,7.826089859008789e-05,4.0,22.0,3.0,True
injected,1.5,60.0,0,120,0.003305375576019287,4.0,19.0,5.0,True
injected_any,1.5,60.0,0,0,,,,,True
injected,1.5,60.0,1,30,0.4018096923828125,2.0,9.0,7.0,False
injected,1.5,60.0,1,60,1.049041748046875e-05,4.0,20.0,1.0,True
injected,1.5,60.0,1,120,3.814697265625e-05,4.0,18.0,1.0,True
injected_any,1.5,60.0,1,0,,,,,True
injected,1.5,60.0,2,30,0.395263671875,2.0,8.0,6.0,False
injected,1.5,60.0,2,60,1.7940998077392578e-05,4.0,22.0,2.0,True
injected,1.5,60.0,2,120,3.3020973205566406e-05,4.0,21.0,2.0,True
injected_any,1.5,60.0,2,0,,,,,True
injected,1.5,60.0,3,30,0.4018096923828125,2.0,9.0,7.0,False
injected,1.5,60.0,3,60,2.86102294921875e-06,4.0,22.0,1.0,True
injected,1.5,60.0,3,120,6.0558319091796875e-05,4.0,20.0,2.0,True
injected_any,1.5,60.0,3,0,,,,,True
injected,1.5,60.0,4,30,0.395263671875,2.0,8.0,6.0,False
injected,1.5,60.0,4,60,7.748603820800781e-07,4.0,24.0,1.0,True
injected,1.5,60.0,4,120,0.0001385807991027832,4.0,21.0,3.0,True
injected_any,1.5,60.0,4,0,,,,,True
injected,1.5,60.0,5,30,0.4018096923828125,2.0,9.0,7.0,False
injected,1.5,60.0,5,60,0.000771939754486084,4.0,20.0,4.0,True
injected,1.5,60.0,5,120,0.0012469589710235596,4.0,21.0,5.0,True
injected_any,1.5,60.0,5,0,,,,,True
injected,1.5,60.0,6,30,0.395263671875,2.0,8.0,6.0,False
injected,1.5,60.0,6,60,1.7940998077392578e-05,3.0,22.0,2.0,True
injected,1.5,60.0,6,120,4.398822784423828e-05,3.0,23.0,3.0,True
injected_any,1.5,60.0,6,0,,,,,True
injected,1.5,60.0,7,30,0.4018096923828125,2.0,9.0,7.0,False
injected,1.5,60.0,7,60,0.00020122528076171875,4.0,18.0,2.0,True
injected,1.5,60.0,7,120,0.003305375576019287,4.0,19.0,5.0,True
injected_any,1.5,60.0,7,0,,,,,True
injected,1.5,60.0,8,30,0.395263671875,2.0,8.0,6.0,False
injected,1.5,60.0,8,60,1.1920928955078125e-07,4.0,23.0,0.0,True
injected,1.5,60.0,8,120,7.62939453125e-06,4.0,17.0,0.0,True
injected_any,1.5,60.0,8,0,,,,,True
injected,1.5,60.0,9,30,0.395263671875,2.0,8.0,6.0,False
injected,1.5,60.0,9,60,2.86102294921875e-06,3.0,22.0,1.0,True
injected,1.5,60.0,9,120,3.3020973205566406e-05,3.0,21.0,2.0,True
injected_any,1.5,60.0,9,0,,,,,True
injected,1.5,60.0,10,30,0.4018096923828125,2.0,9.0,7.0,False
injected,1.5,60.0,10,60,0.0001385807991027832,3.0,21.0,3.0,True
injected,1.5,60.0,10,120,0.0012469589710235596,3.0,21.0,5.0,True
injected_any,1.5,60.0,10,0,,,,,True
injected,1.5,60.0,11,30,0.395263671875,2.0,8.0,6.0,False
injected,1.5,60.0,11,60,2.86102294921875e-06,3.0,22.0,1.0,True
injected,1.5,60.0,11,120,3.814697265625e-05,4.0,18.0,1.0,True
injected_any,1.5,60.0,11,0,,,,,True
injected,1.5,60.0,12,30,0.395263671875,2.0,8.0,6.0,False
injected,1.5,60.0,12,60,2.86102294921875e-06,3.0,22.0,1.0,True
injected,1.5,60.0,12,120,0.0001385807991027832,3.0,21.0,3.0,True
injected_any,1.5,60.0,12,0,,,,,True
injected,1.5,60.0,13,30,0.395263671875,2.0,8.0,6.0,False
injected,1.5,60.0,13,60,9.715557098388672e-06,3.0,23.0,2.0,True
injected,1.5,60.0,13,120,0.00020122528076171875,3.0,18.0,2.0,True
injected_any,1.5,60.0,13,0,,,,,True
injected,1.5,60.0,14,30,0.4018096923828125,2.0,9.0,7.0,False
injected,1.5,60.0,14,60,2.86102294921875e-06,4.0,22.0,1.0,True
injected,1.5,60.0,14,120,0.000244140625,4.0,20.0,3.0,True
injected_any,1.5,60.0,14,0,,,,,True
injected,1.5,60.0,15,30,0.4018096923828125,2.0,9.0,7.0,False
injected,1.5,60.0,15,60,0.0007448196411132812,3.0,18.0,3.0,True
injected,1.5,60.0,15,120,0.0022125244140625,4.0,16.0,3.0,True
injected_any,1.5,60.0,15,0,,,,,True
injected,1.5,60.0,16,30,0.4018096923828125,2.0,9.0,7.0,False
injected,1.5,60.0,16,60,6.0558319091796875e-05,3.0,20.0,2.0,True
injected,1.5,60.0,16,120,0.0012884140014648438,3.0,17.0,3.0,True
injected_any,1.5,60.0,16,0,,,,,True
injected,1.5,60.0,17,30,0.395263671875,2.0,8.0,6.0,False
injected,1.5,60.0,17,60,9.715557098388672e-06,4.0,23.0,2.0,True
injected,1.5,60.0,17,120,0.0001385807991027832,4.0,21.0,3.0,True
injected_any,1.5,60.0,17,0,,,,,True
injected,1.5,60.0,18,30,0.4018096923828125,2.0,9.0,7.0,False
injected,1.5,60.0,18,60,0.0001385807991027832,4.0,21.0,3.0,True
injected,1.5,60.0,18,120,0.0004277229309082031,4.0,19.0,3.0,True
injected_any,1.5,60.0,18,0,,,,,True
injected,1.5,60.0,19,30,0.395263671875,2.0,8.0,6.0,False
injected,1.5,60.0,19,60,5.960464477539063e-08,4.0,24.0,0.0,True
injected,1.5,60.0,19,120,9.715557098388672e-06,4.0,23.0,2.0,True
injected_any,1.5,60.0,19,0,,,,,True
injected,1.5,60.0,20,30,0.395263671875,2.0,8.0,6.0,False
injected,1.5,60.0,20,60,2.823770046234131e-06,3.0,25.0,2.0,True
injected,1.5,60.0,20,120,7.826089859008789e-05,3.0,22.0,3.0,True
injected_any,1.5,60.0,20,0,,,,,True
injected,1.5,60.0,21,30,0.395263671875,2.0,8.0,6.0,False
injected,1.5,60.0,21,60,3.3020973205566406e-05,3.0,21.0,2.0,True
injected,1.5,60.0,21,120,0.000771939754486084,3.0,20.0,4.0,True
injected_any,1.5,60.0,21,0,,,,,True
injected,1.5,60.0,22,30,0.395263671875,2.0,8.0,6.0,False
injected,1.5,60.0,22,60,2.086162567138672e-07,4.0,26.0,1.0,True
injected,1.5,60.0,22,120,3.3020973205566406e-05,4.0,21.0,2.0,True
injected_any,1.5,60.0,22,0,,,,,True
injected,1.5,60.0,23,30,0.395263671875,2.0,8.0,6.0,False
injected,1.5,60.0,23,60,7.748603820800781e-07,4.0,24.0,1.0,True
injected,1.5,60.0,23,120,1.049041748046875e-05,4.0,20.0,1.0,True
injected_any,1.5,60.0,23,0,,,,,True
injected,1.5,60.0,24,30,0.4018096923828125,2.0,9.0,7.0,False
injected,1.5,60.0,24,60,7.826089859008789e-05,3.0,22.0,3.0,True
injected,1.5,60.0,24,120,6.0558319091796875e-05,3.0,20.0,2.0,True
injected_any,1.5,60.0,24,0,,,,,True
injected,1.5,60.0,25,30,0.395263671875,2.0,8.0,6.0,False
injected,1.5,60.0,25,60,7.748603820800781e-07,3.0,24.0,1.0,True
injected,1.5,60.0,25,120,5.4836273193359375e-06,4.0,21.0,1.0,True
injected_any,1.5,60.0,25,0,,,,,True
injected,1.5,60.0,26,30,0.395263671875,2.0,8.0,6.0,False
injected,1.5,60.0,26,60,5.4836273193359375e-06,3.0,21.0,1.0,True
injected,1.5,60.0,26,120,0.0004277229309082031,3.0,19.0,3.0,True
injected_any,1.5,60.0,26,0,,,,,True
injected,1.5,60.0,27,30,0.5,2.0,7.0,6.0,False
injected,1.5,60.0,27,60,3.725290298461914e-09,3.0,28.0,0.0,True
injected,1.5,60.0,27,120,5.960464477539063e-08,3.0,24.0,0.0,True
injected_any,1.5,60.0,27,0,,,,,True
injected,1.5,60.0,28,30,0.395263671875,2.0,8.0,6.0,False
injected,1.5,60.0,28,60,5.4836273193359375e-06,3.0,21.0,1.0,True
injected,1.5,60.0,28,120,6.0558319091796875e-05,3.0,20.0,2.0,True
injected_any,1.5,60.0,28,0,,,,,True
injected,1.5,60.0,29,30,0.395263671875,2.0,8.0,6.0,False
injected,1.5,60.0,29,60,2.86102294921875e-06,3.0,22.0,1.0,True
injected,1.5,60.0,29,120,0.0004277229309082031,3.0,19.0,3.0,True
injected_any,1.5,60.0,29,0,,,,,True
injected,1.5,60.0,30,30,0.4018096923828125,2.0,9.0,7.0,False
injected,1.5,60.0,30,60,0.00020122528076171875,3.0,18.0,2.0,True
injected,1.5,60.0,30,120,0.0006561279296875,3.0,16.0,2.0,True
injected_any,1.5,60.0,30,0,,,,,True
injected,1.5,60.0,31,30,0.395263671875,2.0,8.0,6.0,False
injected,1.5,60.0,31,60,2.4616718292236328e-05,3.0,24.0,3.0,True
injected,1.5,60.0,31,120,0.0001553744077682495,3.0,23.0,4.0,True
injected_any,1.5,60.0,31,0,,,,,True
injected,1.5,60.0,32,30,0.395263671875,2.0,8.0,6.0,False
injected,1.5,60.0,32,60,1.4901161193847656e-06,4.0,23.0,1.0,True
injected,1.5,60.0,32,120,6.0558319091796875e-05,4.0,20.0,2.0,True
injected_any,1.5,60.0,32,0,,,,,True
injected,1.5,60.0,33,30,0.4018096923828125,2.0,9.0,7.0,False
injected,1.5,60.0,33,60,3.3020973205566406e-05,3.0,21.0,2.0,True
injected,1.5,60.0,33,120,0.000244140625,4.0,20.0,3.0,True
injected_any,1.5,60.0,33,0,,,,,True
injected,1.5,60.0,34,30,0.395263671875,2.0,8.0,6.0,False
injected,1.5,60.0,34,60,7.748603820800781e-07,3.0,24.0,1.0,True
injected,1.5,60.0,34,120,5.4836273193359375e-06,3.0,21.0,1.0,True
injected_any,1.5,60.0,34,0,,,,,True
injected,1.5,60.0,35,30,0.395263671875,2.0,8.0,6.0,False
injected,1.5,60.0,35,60,1.7940998077392578e-05,3.0,22.0,2.0,True
injected,1.5,60.0,35,120,0.0004277229309082031,3.0,19.0,3.0,True
injected_any,1.5,60.0,35,0,,,,,True
injected,1.5,60.0,36,30,0.4018096923828125,2.0,9.0,7.0,False
injected,1.5,60.0,36,60,7.826089859008789e-05,3.0,22.0,3.0,True
injected,1.5,60.0,36,120,0.0004277229309082031,4.0,19.0,3.0,True
injected_any,1.5,60.0,36,0,,,,,True
injected,1.5,60.0,37,30,0.4018096923828125,2.0,9.0,7.0,False
injected,1.5,60.0,37,60,0.0007568597793579102,3.0,22.0,5.0,True
injected,1.5,60.0,37,120,0.0004277229309082031,3.0,19.0,3.0,True
injected_any,1.5,60.0,37,0,,,,,True
injected,1.5,60.0,38,30,0.4018096923828125,2.0,9.0,7.0,False
injected,1.5,60.0,38,60,7.826089859008789e-05,3.0,22.0,3.0,True
injected,1.5,60.0,38,120,0.0004552602767944336,4.0,21.0,4.0,True
injected_any,1.5,60.0,38,0,,,,,True
injected,1.5,60.0,39,30,0.4018096923828125,2.0,9.0,7.0,False
injected,1.5,60.0,39,60,0.0001385807991027832,4.0,21.0,3.0,True
injected,1.5,60.0,39,120,0.001299738883972168,4.0,19.0,4.0,True
injected_any,1.5,60.0,39,0,,,,,True
injected,1.5,60.0,40,30,0.395263671875,2.0,8.0,6.0,False
injected,1.5,60.0,40,60,5.4836273193359375e-06,4.0,21.0,1.0,True
injected,1.5,60.0,40,120,0.0007448196411132812,4.0,18.0,3.0,True
injected_any,1.5,60.0,40,0,,,,,True
injected,1.5,60.0,41,30,0.4018096923828125,2.0,9.0,7.0,False
injected,1.5,60.0,41,60,6.0558319091796875e-05,3.0,20.0,2.0,True
injected,1.5,60.0,41,120,0.0004277229309082031,3.0,19.0,3.0,True
injected_any,1.5,60.0,41,0,,,,,True
injected,1.5,60.0,42,30,0.4018096923828125,2.0,9.0,7.0,False
injected,1.5,60.0,42,60,6.0558319091796875e-05,4.0,20.0,2.0,True
injected,1.5,60.0,42,120,0.001299738883972168,4.0,19.0,4.0,True
injected_any,1.5,60.0,42,0,,,,,True
injected,1.5,60.0,43,30,0.395263671875,2.0,8.0,6.0,False
injected,1.5,60.0,43,60,5.4836273193359375e-06,3.0,21.0,1.0,True
injected,1.5,60.0,43,120,6.0558319091796875e-05,4.0,20.0,2.0,True
injected_any,1.5,60.0,43,0,,,,,True
injected,1.5,60.0,44,30,0.4018096923828125,2.0,9.0,7.0,False
injected,1.5,60.0,44,60,2.4616718292236328e-05,3.0,24.0,3.0,True
injected,1.5,60.0,44,120,8.999556303024292e-05,4.0,24.0,4.0,True
injected_any,1.5,60.0,44,0,,,,,True
injected,1.5,60.0,45,30,0.4018096923828125,2.0,9.0,7.0,False
injected,1.5,60.0,45,60,6.0558319091796875e-05,3.0,20.0,2.0,True
injected,1.5,60.0,45,120,0.000110626220703125,3.0,19.0,2.0,True
injected_any,1.5,60.0,45,0,,,,,True
injected,1.5,60.0,46,30,0.395263671875,2.0,8.0,6.0,False
injected,1.5,60.0,46,60,9.715557098388672e-06,4.0,23.0,2.0,True
injected,1.5,60.0,46,120,0.000110626220703125,4.0,19.0,2.0,True
injected_any,1.5,60.0,46,0,,,,,True
injected,1.5,60.0,47,30,0.395263671875,2.0,8.0,6.0,False
injected,1.5,60.0,47,60,6.0558319091796875e-05,4.0,20.0,2.0,True
injected,1.5,60.0,47,120,0.0035986900329589844,4.0,17.0,4.0,True
injected_any,1.5,60.0,47,0,,,,,True
injected,1.5,60.0,48,30,0.395263671875,2.0,8.0,6.0,False
injected,1.5,60.0,48,60,1.4901161193847656e-06,4.0,23.0,1.0,True
injected,1.5,60.0,48,120,3.814697265625e-05,4.0,18.0,1.0,True
injected_any,1.5,60.0,48,0,,,,,True
injected,1.5,60.0,49,30,0.395263671875,2.0,8.0,6.0,False
injected,1.5,60.0,49,60,9.715557098388672e-06,3.0,23.0,2.0,True
injected,1.5,60.0,49,120,0.001299738883972168,3.0,19.0,4.0,True
injected_any,1.5,60.0,49,0,,,,,True
injected,2.0,15.0,0,30,2.0884908735752106e-07,4.0,32.0,3.0,True
injected,2.0,15.0,0,60,1.372024416923523e-05,4.0,25.0,3.0,True
injected,2.0,15.0,0,120,0.0004552602767944336,4.0,21.0,4.0,True
injected_any,2.0,15.0,0,0,,,,,True
injected,2.0,15.0,1,30,4.33996319770813e-07,4.0,28.0,2.0,True
injected,2.0,15.0,1,60,1.7940998077392578e-05,4.0,22.0,2.0,True
injected,2.0,15.0,1,120,0.0004277229309082031,4.0,19.0,3.0,True
injected_any,2.0,15.0,1,0,,,,,True
injected,2.0,15.0,2,30,7.005874067544937e-07,4.0,30.0,3.0,True
injected,2.0,15.0,2,60,5.245208740234375e-06,4.0,24.0,2.0,True
injected,2.0,15.0,2,120,9.715557098388672e-06,4.0,23.0,2.0,True
injected_any,2.0,15.0,2,0,,,,,True
injected,2.0,15.0,3,30,2.8870999813079834e-08,4.0,29.0,1.0,True
injected,2.0,15.0,3,60,5.245208740234375e-06,4.0,24.0,2.0,True
injected,2.0,15.0,3,120,0.000771939754486084,4.0,20.0,4.0,True
injected_any,2.0,15.0,3,0,,,,,True
injected,2.0,15.0,4,30,3.4691765904426575e-08,4.0,32.0,2.0,True
injected,2.0,15.0,4,60,2.086162567138672e-07,4.0,26.0,1.0,True
injected,2.0,15.0,4,120,9.715557098388672e-06,4.0,23.0,2.0,True
injected_any,2.0,15.0,4,0,,,,,True
injected,2.0,15.0,5,30,1.2316741049289703e-07,4.0,30.0,2.0,True
injected,2.0,15.0,5,60,4.398822784423828e-05,4.0,23.0,3.0,True
injected,2.0,15.0,5,120,0.00045611709356307983,4.0,23.0,5.0,True
injected_any,2.0,15.0,5,0,,,,,True
injected,2.0,15.0,6,30,2.0884908735752106e-07,4.0,32.0,3.0,True
injected,2.0,15.0,6,60,5.245208740234375e-06,3.0,24.0,2.0,True
injected,2.0,15.0,6,120,2.4616718292236328e-05,3.0,24.0,3.0,True
injected_any,2.0,15.0,6,0,,,,,True
injected,2.0,15.0,7,30,8.121132850646973e-07,4.0,27.0,2.0,True
injected,2.0,15.0,7,60,5.4836273193359375e-06,4.0,21.0,1.0,True
injected,2.0,15.0,7,120,0.000771939754486084,4.0,20.0,4.0,True
injected_any,2.0,15.0,7,0,,,,,True
injected,2.0,15.0,8,30,7.683411240577698e-09,4.0,31.0,1.0,True
injected,2.0,15.0,8,60,2.9802322387695312e-08,4.0,25.0,0.0,True
injected,2.0,15.0,8,120,9.5367431640625e-07,4.0,20.0,0.0,True
injected_any,2.0,15.0,8,0,,,,,True
injected,2.0,15.0,9,30,3.958120942115784e-09,4.0,32.0,1.0,True
injected,2.0,15.0,9,60,7.748603820800781e-07,3.0,24.0,1.0,True
injected,2.0,15.0,9,120,9.715557098388672e-06,4.0,23.0,2.0,True
injected_any,2.0,15.0,9,0,,,,,True
injected,2.0,15.0,10,30,5.587935447692871e-08,4.0,28.0,1.0,True
injected,2.0,15.0,10,60,7.826089859008789e-05,3.0,22.0,3.0,True
injected,2.0,15.0,10,120,0.0011578500270843506,3.0,23.0,6.0,True
injected_any,2.0,15.0,10,0,,,,,True
injected,2.0,15.0,11,30,3.958120942115784e-09,4.0,32.0,1.0,True
injected,2.0,15.0,11,60,7.748603820800781e-07,4.0,24.0,1.0,True
injected,2.0,15.0,11,120,1.049041748046875e-05,4.0,20.0,1.0,True
injected_any,2.0,15.0,11,0,,,,,True
injected,2.0,15.0,12,30,6.542541086673737e-08,4.0,31.0,2.0,True
injected,2.0,15.0,12,60,1.4901161193847656e-06,3.0,23.0,1.0,True
injected,2.0,15.0,12,120,4.398822784423828e-05,3.0,23.0,3.0,True
injected_any,2.0,15.0,12,0,,,,,True
injected,2.0,15.0,13,30,3.4691765904426575e-08,4.0,32.0,2.0,True
injected,2.0,15.0,13,60,1.516193151473999e-06,4.0,26.0,2.0,True
injected,2.0,15.0,13,120,6.0558319091796875e-05,4.0,20.0,2.0,True
injected_any,2.0,15.0,13,0,,,,,True
injected,2.0,15.0,14,30,4.33996319770813e-07,4.0,28.0,2.0,True
injected,2.0,15.0,14,60,1.4901161193847656e-06,4.0,23.0,1.0,True
injected,2.0,15.0,14,120,0.000244140625,4.0,20.0,3.0,True
injected_any,2.0,15.0,14,0,,,,,True
injected,2.0,15.0,15,30,1.697661355137825e-05,4.0,27.0,4.0,True
injected,2.0,15.0,15,60,0.0004277229309082031,4.0,19.0,3.0,True
injected,2.0,15.0,15,120,0.0022125244140625,4.0,16.0,3.0,True
injected_any,2.0,15.0,15,0,,,,,True
injected,2.0,15.0,16,30,4.33996319770813e-07,4.0,28.0,2.0,True
injected,2.0,15.0,16,60,1.7940998077392578e-05,4.0,22.0,2.0,True
injected,2.0,15.0,16,120,0.0003643035888671875,3.0,17.0,2.0,True
injected_any,2.0,15.0,16,0,,,,,True
injected,2.0,15.0,17,30,7.683411240577698e-09,4.0,31.0,1.0,True
injected,2.0,15.0,17,60,2.823770046234131e-06,4.0,25.0,2.0,True
injected,2.0,15.0,17,120,7.826089859008789e-05,4.0,22.0,3.0,True
injected_any,2.0,15.0,17,0,,,,,True
injected,2.0,15.0,18,30,8.121132850646973e-07,4.0,27.0,2.0,True
injected,2.0,15.0,18,60,7.826089859008789e-05,4.0,22.0,3.0,True
injected,2.0,15.0,18,120,0.0004277229309082031,4.0,19.0,3.0,True
injected_any,2.0,15.0,18,0,,,,,True
injected,2.0,15.0,19,30,2.3283064365386963e-10,4.0,32.0,0.0,True
injected,2.0,15.0,19,60,1.4901161193847656e-08,4.0,26.0,0.0,True
injected,2.0,15.0,19,120,1.516193151473999e-06,4.0,26.0,2.0,True
injected_any,2.0,15.0,19,0,,,,,True
injected,2.0,15.0,20,30,6.165646482259035e-08,4.0,34.0,3.0,True
injected,2.0,15.0,20,60,8.121132850646973e-07,3.0,27.0,2.0,True
injected,2.0,15.0,20,120,2.4616718292236328e-05,3.0,24.0,3.0,True
injected_any,2.0,15.0,20,0,,,,,True
injected,2.0,15.0,21,30,1.4901161193847656e-08,4.0,30.0,1.0,True
injected,2.0,15.0,21,60,9.715557098388672e-06,3.0,23.0,2.0,True
injected,2.0,15.0,21,120,0.0004552602767944336,3.0,21.0,4.0,True
injected_any,2.0,15.0,21,0,,,,,True
injected,2.0,15.0,22,30,1.0477378964424133e-09,4.0,34.0,1.0,True
injected,2.0,15.0,22,60,1.0803341865539551e-07,4.0,27.0,1.0,True
injected,2.0,15.0,22,120,5.245208740234375e-06,4.0,24.0,2.0,True
injected_any,2.0,15.0,22,0,,,,,True
injected,2.0,15.0,23,30,3.958120942115784e-09,4.0,32.0,1.0,True
injected,2.0,15.0,23,60,2.086162567138672e-07,4.0,26.0,1.0,True
injected,2.0,15.0,23,120,1.4901161193847656e-06,4.0,23.0,1.0,True
injected_any,2.0,15.0,23,0,,,,,True
injected,2.0,15.0,24,30,1.9279075786471367e-05,4.0,29.0,5.0,True
injected,2.0,15.0,24,60,7.826089859008789e-05,3.0,22.0,3.0,True
injected,2.0,15.0,24,120,6.0558319091796875e-05,3.0,20.0,2.0,True
injected_any,2.0,15.0,24,0,,,,,True
injected,2.0,15.0,25,30,2.0372681319713593e-09,4.0,33.0,1.0,True
injected,2.0,15.0,25,60,1.0803341865539551e-07,4.0,27.0,1.0,True
injected,2.0,15.0,25,120,7.748603820800781e-07,4.0,24.0,1.0,True
injected_any,2.0,15.0,25,0,,,,,True
injected,2.0,15.0,26,30,1.4901161193847656e-08,4.0,30.0,1.0,True
injected,2.0,15.0,26,60,1.4901161193847656e-06,4.0,23.0,1.0,True
injected,2.0,15.0,26,120,0.0001385807991027832,4.0,21.0,3.0,True
injected_any,2.0,15.0,26,0,,,,,True
injected,2.0,15.0,27,30,5.384208634495735e-10,4.0,35.0,1.0,True
injected,2.0,15.0,27,60,2.3283064365386963e-10,4.0,32.0,0.0,True
injected,2.0,15.0,27,120,7.450580596923828e-09,4.0,27.0,0.0,True
injected_any,2.0,15.0,27,0,,,,,True
injected,2.0,15.0,28,30,3.958120942115784e-09,4.0,32.0,1.0,True
injected,2.0,15.0,28,60,7.748603820800781e-07,4.0,24.0,1.0,True
injected,2.0,15.0,28,120,9.715557098388672e-06,4.0,23.0,2.0,True
injected_any,2.0,15.0,28,0,,,,,True
injected,2.0,15.0,29,30,9.313225746154785e-10,4.0,30.0,0.0,True
injected,2.0,15.0,29,60,1.4901161193847656e-06,4.0,23.0,1.0,True
injected,2.0,15.0,29,120,0.0001385807991027832,4.0,21.0,3.0,True
injected_any,2.0,15.0,29,0,,,,,True
injected,2.0,15.0,30,30,1.4901161193847656e-08,4.0,26.0,0.0,True
injected,2.0,15.0,30,60,2.002716064453125e-05,4.0,19.0,1.0,True
injected,2.0,15.0,30,120,0.0007448196411132812,4.0,18.0,3.0,True
injected_any,2.0,15.0,30,0,,,,,True
injected,2.0,15.0,31,30,1.2780074030160904e-06,3.0,29.0,3.0,True
injected,2.0,15.0,31,60,1.372024416923523e-05,3.0,25.0,3.0,True
injected,2.0,15.0,31,120,0.00016245711594820025,3.0,25.0,5.0,True
injected_any,2.0,15.0,31,0,,,,,True
injected,2.0,15.0,32,30,6.542541086673737e-08,4.0,31.0,2.0,True
injected,2.0,15.0,32,60,4.023313522338867e-07,4.0,25.0,1.0,True
injected,2.0,15.0,32,120,1.7940998077392578e-05,4.0,22.0,2.0,True
injected_any,2.0,15.0,32,0,,,,,True
injected,2.0,15.0,33,30,2.314336597919464e-07,4.0,29.0,2.0,True
injected,2.0,15.0,33,60,9.715557098388672e-06,3.0,23.0,2.0,True
injected,2.0,15.0,33,120,0.0004552602767944336,4.0,21.0,4.0,True
injected_any,2.0,15.0,33,0,,,,,True
injected,2.0,15.0,34,30,1.1641532182693481e-10,4.0,33.0,0.0,True
injected,2.0,15.0,34,60,5.587935447692871e-08,3.0,28.0,1.0,True
injected,2.0,15.0,34,120,4.023313522338867e-07,3.0,25.0,1.0,True
injected_any,2.0,15.0,34,0,,,,,True
injected,2.0,15.0,35,30,7.683411240577698e-09,4.0,31.0,1.0,True
injected,2.0,15.0,35,60,2.823770046234131e-06,4.0,25.0,2.0,True
injected,2.0,15.0,35,120,3.3020973205566406e-05,4.0,21.0,2.0,True
injected_any,2.0,15.0,35,0,,,,,True
injected,2.0,15.0,36,30,1.697661355137825e-05,4.0,27.0,4.0,True
injected,2.0,15.0,36,60,0.0001553744077682495,4.0,23.0,4.0,True
injected,2.0,15.0,36,120,0.0004277229309082031,4.0,19.0,3.0,True
injected_any,2.0,15.0,36,0,,,,,True
injected,2.0,15.0,37,30,9.650597348809242e-06,4.0,28.0,4.0,True
injected,2.0,15.0,37,60,0.00045611709356307983,3.0,23.0,5.0,True
injected,2.0,15.0,37,120,0.001299738883972168,3.0,19.0,4.0,True
injected_any,2.0,15.0,37,0,,,,,True
injected,2.0,15.0,38,30,5.464302375912666e-06,4.0,29.0,4.0,True
injected,2.0,15.0,38,60,2.4616718292236328e-05,3.0,24.0,3.0,True
injected,2.0,15.0,38,120,0.0004552602767944336,4.0,21.0,4.0,True
injected_any,2.0,15.0,38,0,,,,,True
injected,2.0,15.0,39,30,4.33996319770813e-07,4.0,28.0,2.0,True
injected,2.0,15.0,39,60,1.7940998077392578e-05,4.0,22.0,2.0,True
injected,2.0,15.0,39,120,0.0007568597793579102,4.0,22.0,5.0,True
injected_any,2.0,15.0,39,0,,,,,True
injected,2.0,15.0,40,30,7.683411240577698e-09,4.0,31.0,1.0,True
injected,2.0,15.0,40,60,7.748603820800781e-07,4.0,24.0,1.0,True
injected,2.0,15.0,40,120,0.0001385807991027832,4.0,21.0,3.0,True
injected_any,2.0,15.0,40,0,,,,,True
injected,2.0,15.0,41,30,2.823770046234131e-06,4.0,25.0,2.0,True
injected,2.0,15.0,41,60,6.0558319091796875e-05,3.0,20.0,2.0,True
injected,2.0,15.0,41,120,0.0004277229309082031,3.0,19.0,3.0,True
injected_any,2.0,15.0,41,0,,,,,True
injected,2.0,15.0,42,30,1.516193151473999e-06,4.0,26.0,2.0,True
injected,2.0,15.0,42,60,1.7940998077392578e-05,4.0,22.0,2.0,True
injected,2.0,15.0,42,120,0.001299738883972168,4.0,19.0,4.0,True
injected_any,2.0,15.0,42,0,,,,,True
injected,2.0,15.0,43,30,6.542541086673737e-08,4.0,31.0,2.0,True
injected,2.0,15.0,43,60,7.748603820800781e-07,4.0,24.0,1.0,True
injected,2.0,15.0,43,120,6.0558319091796875e-05,4.0,20.0,2.0,True
injected_any,2.0,15.0,43,0,,,,,True
injected,2.0,15.0,44,30,1.4901161193847656e-08,4.0,30.0,1.0,True
injected,2.0,15.0,44,60,4.215165972709656e-06,3.0,27.0,3.0,True
injected,2.0,15.0,44,120,0.0004389551468193531,3.0,25.0,6.0,True
injected_any,2.0,15.0,44,0,,,,,True
injected,2.0,15.0,45,30,4.33996319770813e-07,4.0,28.0,2.0,True
injected,2.0,15.0,45,60,1.7940998077392578e-05,4.0,22.0,2.0,True
injected,2.0,15.0,45,120,0.0004277229309082031,3.0,19.0,3.0,True
injected_any,2.0,15.0,45,0,,,,,True
injected,2.0,15.0,46,30,2.0372681319713593e-09,4.0,33.0,1.0,True
injected,2.0,15.0,46,60,2.086162567138672e-07,4.0,26.0,1.0,True
injected,2.0,15.0,46,120,2.86102294921875e-06,4.0,22.0,1.0,True
injected_any,2.0,15.0,46,0,,,,,True
injected,2.0,15.0,47,30,1.4901161193847656e-08,4.0,30.0,1.0,True
injected,2.0,15.0,47,60,9.715557098388672e-06,4.0,23.0,2.0,True
injected,2.0,15.0,47,120,0.0004277229309082031,4.0,19.0,3.0,True
injected_any,2.0,15.0,47,0,,,,,True
injected,2.0,15.0,48,30,3.958120942115784e-09,4.0,32.0,1.0,True
injected,2.0,15.0,48,60,4.023313522338867e-07,4.0,25.0,1.0,True
injected,2.0,15.0,48,120,1.049041748046875e-05,4.0,20.0,1.0,True
injected_any,2.0,15.0,48,0,,,,,True
injected,2.0,15.0,49,30,3.4691765904426575e-08,4.0,32.0,2.0,True
injected,2.0,15.0,49,60,5.245208740234375e-06,3.0,24.0,2.0,True
injected,2.0,15.0,49,120,0.00026676058769226074,4.0,22.0,4.0,True
injected_any,2.0,15.0,49,0,,,,,True
injected,2.0,30.0,0,30,3.08244489133358e-06,4.0,30.0,4.0,True
injected,2.0,30.0,0,60,1.372024416923523e-05,4.0,25.0,3.0,True
injected,2.0,30.0,0,120,0.000771939754486084,4.0,20.0,4.0,True
injected_any,2.0,30.0,0,0,,,,,True
injected,2.0,30.0,1,30,1.697661355137825e-05,4.0,27.0,4.0,True
injected,2.0,30.0,1,60,2.86102294921875e-06,4.0,22.0,1.0,True
injected,2.0,30.0,1,120,3.814697265625e-05,4.0,18.0,1.0,True
injected_any,2.0,30.0,1,0,,,,,True
injected,2.0,30.0,2,30,5.464302375912666e-06,4.0,29.0,4.0,True
injected,2.0,30.0,2,60,2.4616718292236328e-05,4.0,24.0,3.0,True
injected,2.0,30.0,2,120,1.7940998077392578e-05,4.0,22.0,2.0,True
injected_any,2.0,30.0,2,0,,,,,True
injected,2.0,30.0,3,30,2.314336597919464e-07,4.0,29.0,2.0,True
injected,2.0,30.0,3,60,4.023313522338867e-07,4.0,25.0,1.0,True
injected,2.0,30.0,3,120,6.0558319091796875e-05,4.0,20.0,2.0,True
injected_any,2.0,30.0,3,0,,,,,True
injected,2.0,30.0,4,30,5.464302375912666e-06,4.0,29.0,4.0,True
injected,2.0,30.0,4,60,2.086162567138672e-07,4.0,26.0,1.0,True
injected,2.0,30.0,4,120,1.7940998077392578e-05,4.0,22.0,2.0,True
injected_any,2.0,30.0,4,0,,,,,True
injected,2.0,30.0,5,30,3.08244489133358e-06,4.0,30.0,4.0,True
injected,2.0,30.0,5,60,0.0001553744077682495,4.0,23.0,4.0,True
injected,2.0,30.0,5,120,0.0012469589710235596,4.0,21.0,5.0,True
injected_any,2.0,30.0,5,0,,,,,True
injected,2.0,30.0,6,30,1.1180760338902473e-05,3.0,30.0,5.0,True
injected,2.0,30.0,6,60,2.4616718292236328e-05,3.0,24.0,3.0,True
injected,2.0,30.0,6,120,1.7940998077392578e-05,3.0,22.0,2.0,True
injected_any,2.0,30.0,6,0,,,,,True
injected,2.0,30.0,7,30,7.618218660354614e-06,4.0,26.0,3.0,True
injected,2.0,30.0,7,60,5.4836273193359375e-06,4.0,21.0,1.0,True
injected,2.0,30.0,7,120,0.001299738883972168,4.0,19.0,4.0,True
injected_any,2.0,30.0,7,0,,,,,True
injected,2.0,30.0,8,30,4.33996319770813e-07,4.0,28.0,2.0,True
injected,2.0,30.0,8,60,2.9802322387695312e-08,4.0,25.0,0.0,True
injected,2.0,30.0,8,120,1.9073486328125e-06,4.0,19.0,0.0,True
injected_any,2.0,30.0,8,0,,,,,True
injected,2.0,30.0,9,30,3.8300640881061554e-07,4.0,31.0,3.0,True
injected,2.0,30.0,9,60,5.245208740234375e-06,3.0,24.0,2.0,True
injected,2.0,30.0,9,120,3.3020973205566406e-05,3.0,21.0,2.0,True
injected_any,2.0,30.0,9,0,,,,,True
injected,2.0,30.0,10,30,5.464302375912666e-06,4.0,29.0,4.0,True
injected,2.0,30.0,10,60,7.826089859008789e-05,3.0,22.0,3.0,True
injected,2.0,30.0,10,120,0.0012469589710235596,3.0,21.0,5.0,True
injected_any,2.0,30.0,10,0,,,,,True
injected,2.0,30.0,11,30,1.2780074030160904e-06,4.0,29.0,3.0,True
injected,2.0,30.0,11,60,7.748603820800781e-07,4.0,24.0,1.0,True
injected,2.0,30.0,11,120,2.002716064453125e-05,4.0,19.0,1.0,True
injected_any,2.0,30.0,11,0,,,,,True
injected,2.0,30.0,12,30,2.3245811462402344e-06,3.0,28.0,3.0,True
injected,2.0,30.0,12,60,1.4901161193847656e-06,3.0,23.0,1.0,True
injected,2.0,30.0,12,120,7.826089859008789e-05,3.0,22.0,3.0,True
injected_any,2.0,30.0,12,0,,,,,True
injected,2.0,30.0,13,30,5.464302375912666e-06,4.0,29.0,4.0,True
injected,2.0,30.0,13,60,1.516193151473999e-06,4.0,26.0,2.0,True
injected,2.0,30.0,13,120,6.0558319091796875e-05,3.0,20.0,2.0,True
injected_any,2.0,30.0,13,0,,,,,True
injected,2.0,30.0,14,30,2.9738061130046848e-05,4.0,26.0,4.0,True
injected,2.0,30.0,14,60,1.4901161193847656e-06,4.0,23.0,1.0,True
injected,2.0,30.0,14,120,0.000244140625,4.0,20.0,3.0,True
injected_any,2.0,30.0,14,0,,,,,True
injected,2.0,30.0,15,30,0.00016245711594820025,4.0,25.0,5.0,True
injected,2.0,30.0,15,60,0.000244140625,4.0,20.0,3.0,True
injected,2.0,30.0,15,120,0.0006561279296875,4.0,16.0,2.0,True
injected_any,2.0,30.0,15,0,,,,,True
injected,2.0,30.0,16,30,4.215165972709656e-06,4.0,27.0,3.0,True
injected,2.0,30.0,16,60,1.7940998077392578e-05,4.0,22.0,2.0,True
injected,2.0,30.0,16,120,0.0003643035888671875,3.0,17.0,2.0,True
injected_any,2.0,30.0,16,0,,,,,True
injected,2.0,30.0,17,30,1.2780074030160904e-06,4.0,29.0,3.0,True
injected,2.0,30.0,17,60,2.823770046234131e-06,4.0,25.0,2.0,True
injected,2.0,30.0,17,120,7.826089859008789e-05,4.0,22.0,3.0,True
injected_any,2.0,30.0,17,0,,,,,True
injected,2.0,30.0,18,30,4.215165972709656e-06,4.0,27.0,3.0,True
injected,2.0,30.0,18,60,4.398822784423828e-05,4.0,23.0,3.0,True
injected,2.0,30.0,18,120,0.000110626220703125,4.0,19.0,2.0,True
injected_any,2.0,30.0,18,0,,,,,True
injected,2.0,30.0,19,30,1.2316741049289703e-07,4.0,30.0,2.0,True
injected,2.0,30.0,19,60,1.4901161193847656e-08,4.0,26.0,0.0,True
injected,2.0,30.0,19,120,2.823770046234131e-06,4.0,25.0,2.0,True
injected_any,2.0,30.0,19,0,,,,,True
injected,2.0,30.0,20,30,3.8300640881061554e-07,4.0,31.0,3.0,True
injected,2.0,30.0,20,60,8.121132850646973e-07,3.0,27.0,2.0,True
injected,2.0,30.0,20,120,4.398822784423828e-05,3.0,23.0,3.0,True
injected_any,2.0,30.0,20,0,,,,,True
injected,2.0,30.0,21,30,2.3245811462402344e-06,4.0,28.0,3.0,True
injected,2.0,30.0,21,60,1.7940998077392578e-05,3.0,22.0,2.0,True
injected,2.0,30.0,21,120,0.000244140625,3.0,20.0,3.0,True
injected_any,2.0,30.0,21,0,,,,,True
injected,2.0,30.0,22,30,3.8300640881061554e-07,4.0,31.0,3.0,True
injected,2.0,30.0,22,60,2.086162567138672e-07,4.0,26.0,1.0,True
injected,2.0,30.0,22,120,1.7940998077392578e-05,4.0,22.0,2.0,True
injected_any,2.0,30.0,22,0,,,,,True
injected,2.0,30.0,23,30,1.2780074030160904e-06,4.0,29.0,3.0,True
injected,2.0,30.0,23,60,2.086162567138672e-07,4.0,26.0,1.0,True
injected,2.0,30.0,23,120,2.86102294921875e-06,4.0,22.0,1.0,True
injected_any,2.0,30.0,23,0,,,,,True
injected,2.0,30.0,24,30,0.0001620317343622446,4.0,27.0,6.0,True
injected,2.0,30.0,24,60,9.715557098388672e-06,3.0,23.0,2.0,True
injected,2.0,30.0,24,120,1.049041748046875e-05,3.0,20.0,1.0,True
injected_any,2.0,30.0,24,0,,,,,True
injected,2.0,30.0,25,30,7.005874067544937e-07,4.0,30.0,3.0,True
injected,2.0,30.0,25,60,2.086162567138672e-07,4.0,26.0,1.0,True
injected,2.0,30.0,25,120,2.86102294921875e-06,4.0,22.0,1.0,True
injected_any,2.0,30.0,25,0,,,,,True
injected,2.0,30.0,26,30,8.121132850646973e-07,4.0,27.0,2.0,True
injected,2.0,30.0,26,60,1.4901161193847656e-06,4.0,23.0,1.0,True
injected,2.0,30.0,26,120,0.000244140625,3.0,20.0,3.0,True
injected_any,2.0,30.0,26,0,,,,,True
injected,2.0,30.0,27,30,1.1360680218786001e-07,4.0,33.0,3.0,True
injected,2.0,30.0,27,60,9.313225746154785e-10,4.0,30.0,0.0,True
injected,2.0,30.0,27,120,5.960464477539063e-08,4.0,24.0,0.0,True
injected_any,2.0,30.0,27,0,,,,,True
injected,2.0,30.0,28,30,2.314336597919464e-07,4.0,29.0,2.0,True
injected,2.0,30.0,28,60,7.748603820800781e-07,4.0,24.0,1.0,True
injected,2.0,30.0,28,120,1.7940998077392578e-05,4.0,22.0,2.0,True
injected_any,2.0,30.0,28,0,,,,,True
injected,2.0,30.0,29,30,2.314336597919464e-07,4.0,29.0,2.0,True
injected,2.0,30.0,29,60,2.86102294921875e-06,4.0,22.0,1.0,True
injected,2.0,30.0,29,120,0.000244140625,3.0,20.0,3.0,True
injected_any,2.0,30.0,29,0,,,,,True
injected,2.0,30.0,30,30,4.215165972709656e-06,4.0,27.0,3.0,True
injected,2.0,30.0,30,60,3.3020973205566406e-05,4.0,21.0,2.0,True
injected,2.0,30.0,30,120,0.0003643035888671875,3.0,17.0,2.0,True
injected_any,2.0,30.0,30,0,,,,,True
injected,2.0,30.0,31,30,1.1180760338902473e-05,3.0,30.0,5.0,True
injected,2.0,30.0,31,60,7.618218660354614e-06,3.0,26.0,3.0,True
injected,2.0,30.0,31,120,9.715557098388672e-06,3.0,23.0,2.0,True
injected_any,2.0,30.0,31,0,,,,,True
injected,2.0,30.0,32,30,1.2780074030160904e-06,4.0,29.0,3.0,True
injected,2.0,30.0,32,60,4.023313522338867e-07,4.0,25.0,1.0,True
injected,2.0,30.0,32,120,1.7940998077392578e-05,4.0,22.0,2.0,True
injected_any,2.0,30.0,32,0,,,,,True
injected,2.0,30.0,33,30,2.3245811462402344e-06,4.0,28.0,3.0,True
injected,2.0,30.0,33,60,9.715557098388672e-06,3.0,23.0,2.0,True
injected,2.0,30.0,33,120,0.000244140625,4.0,20.0,3.0,True
injected_any,2.0,30.0,33,0,,,,,True
injected,2.0,30.0,34,30,6.542541086673737e-08,4.0,31.0,2.0,True
injected,2.0,30.0,34,60,1.0803341865539551e-07,3.0,27.0,1.0,True
injected,2.0,30.0,34,120,1.4901161193847656e-06,3.0,23.0,1.0,True
injected_any,2.0,30.0,34,0,,,,,True
injected,2.0,30.0,35,30,2.314336597919464e-07,4.0,29.0,2.0,True
injected,2.0,30.0,35,60,2.823770046234131e-06,4.0,25.0,2.0,True
injected,2.0,30.0,35,120,6.0558319091796875e-05,4.0,20.0,2.0,True
injected_any,2.0,30.0,35,0,,,,,True
injected,2.0,30.0,36,30,5.653710104525089e-05,4.0,27.0,5.0,True
injected,2.0,30.0,36,60,2.4616718292236328e-05,4.0,24.0,3.0,True
injected,2.0,30.0,36,120,0.000110626220703125,4.0,19.0,2.0,True
injected_any,2.0,30.0,36,0,,,,,True
injected,2.0,30.0,37,30,5.653710104525089e-05,4.0,27.0,5.0,True
injected,2.0,30.0,37,60,8.999556303024292e-05,3.0,24.0,4.0,True
injected,2.0,30.0,37,120,0.0004277229309082031,3.0,19.0,3.0,True
injected_any,2.0,30.0,37,0,,,,,True
injected,2.0,30.0,38,30,9.650597348809242e-06,4.0,28.0,4.0,True
injected,2.0,30.0,38,60,2.4616718292236328e-05,3.0,24.0,3.0,True
injected,2.0,30.0,38,120,0.0004552602767944336,4.0,21.0,4.0,True
injected_any,2.0,30.0,38,0,,,,,True
injected,2.0,30.0,39,30,1.2780074030160904e-06,4.0,29.0,3.0,True
injected,2.0,30.0,39,60,4.398822784423828e-05,4.0,23.0,3.0,True
injected,2.0,30.0,39,120,0.000771939754486084,4.0,20.0,4.0,True
injected_any,2.0,30.0,39,0,,,,,True
injected,2.0,30.0,40,30,2.314336597919464e-07,4.0,29.0,2.0,True
injected,2.0,30.0,40,60,7.748603820800781e-07,4.0,24.0,1.0,True
injected,2.0,30.0,40,120,0.000244140625,4.0,20.0,3.0,True
injected_any,2.0,30.0,40,0,,,,,True
injected,2.0,30.0,41,30,5.1857903599739075e-05,4.0,25.0,4.0,True
injected,2.0,30.0,41,60,3.3020973205566406e-05,3.0,21.0,2.0,True
injected,2.0,30.0,41,120,0.000110626220703125,3.0,19.0,2.0,True
injected_any,2.0,30.0,41,0,,,,,True
injected,2.0,30.0,42,30,1.516193151473999e-06,4.0,26.0,2.0,True
injected,2.0,30.0,42,60,1.7940998077392578e-05,4.0,22.0,2.0,True
injected,2.0,30.0,42,120,0.001299738883972168,4.0,19.0,4.0,True
injected_any,2.0,30.0,42,0,,,,,True
injected,2.0,30.0,43,30,9.650597348809242e-06,4.0,28.0,4.0,True
injected,2.0,30.0,43,60,1.4901161193847656e-06,4.0,23.0,1.0,True
injected,2.0,30.0,43,120,2.002716064453125e-05,4.0,19.0,1.0,True
injected_any,2.0,30.0,43,0,,,,,True
injected,2.0,30.0,44,30,1.7327256500720978e-06,4.0,31.0,4.0,True
injected,2.0,30.0,44,60,4.215165972709656e-06,4.0,27.0,3.0,True
injected,2.0,30.0,44,120,8.999556303024292e-05,4.0,24.0,4.0,True
injected_any,2.0,30.0,44,0,,,,,True
injected,2.0,30.0,45,30,2.3245811462402344e-06,4.0,28.0,3.0,True
injected,2.0,30.0,45,60,9.715557098388672e-06,4.0,23.0,2.0,True
injected,2.0,30.0,45,120,0.000110626220703125,3.0,19.0,2.0,True
injected_any,2.0,30.0,45,0,,,,,True
injected,2.0,30.0,46,30,6.542541086673737e-08,4.0,31.0,2.0,True
injected,2.0,30.0,46,60,1.516193151473999e-06,4.0,26.0,2.0,True
injected,2.0,30.0,46,120,3.3020973205566406e-05,4.0,21.0,2.0,True
injected_any,2.0,30.0,46,0,,,,,True
injected,2.0,30.0,47,30,2.3245811462402344e-06,4.0,28.0,3.0,True
injected,2.0,30.0,47,60,1.7940998077392578e-05,4.0,22.0,2.0,True
injected,2.0,30.0,47,120,0.0012884140014648438,4.0,17.0,3.0,True
injected_any,2.0,30.0,47,0,,,,,True
injected,2.0,30.0,48,30,1.2780074030160904e-06,4.0,29.0,3.0,True
injected,2.0,30.0,48,60,4.023313522338867e-07,4.0,25.0,1.0,True
injected,2.0,30.0,48,120,1.049041748046875e-05,4.0,20.0,1.0,True
injected_any,2.0,30.0,48,0,,,,,True
injected,2.0,30.0,49,30,1.2780074030160904e-06,4.0,29.0,3.0,True
injected,2.0,30.0,49,60,5.245208740234375e-06,3.0,24.0,2.0,True
injected,2.0,30.0,49,120,0.00026676058769226074,3.0,22.0,4.0,True
injected_any,2.0,30.0,49,0,,,,,True
injected,2.0,60.0,0,30,0.395263671875,2.0,8.0,6.0,False
injected,2.0,60.0,0,60,4.398822784423828e-05,4.0,23.0,3.0,True
injected,2.0,60.0,0,120,0.003305375576019287,4.0,19.0,5.0,True
injected_any,2.0,60.0,0,0,,,,,True
injected,2.0,60.0,1,30,0.4018096923828125,2.0,9.0,7.0,False
injected,2.0,60.0,1,60,1.049041748046875e-05,4.0,20.0,1.0,True
injected,2.0,60.0,1,120,3.814697265625e-05,4.0,18.0,1.0,True
injected_any,2.0,60.0,1,0,,,,,True
injected,2.0,60.0,2,30,0.395263671875,2.0,8.0,6.0,False
injected,2.0,60.0,2,60,1.7940998077392578e-05,4.0,22.0,2.0,True
injected,2.0,60.0,2,120,3.3020973205566406e-05,4.0,21.0,2.0,True
injected_any,2.0,60.0,2,0,,,,,True
injected,2.0,60.0,3,30,0.395263671875,2.0,8.0,6.0,False
injected,2.0,60.0,3,60,9.715557098388672e-06,3.0,23.0,2.0,True
injected,2.0,60.0,3,120,0.0004277229309082031,3.0,19.0,3.0,True
injected_any,2.0,60.0,3,0,,,,,True
injected,2.0,60.0,4,30,0.395263671875,2.0,8.0,6.0,False
injected,2.0,60.0,4,60,4.023313522338867e-07,4.0,25.0,1.0,True
injected,2.0,60.0,4,120,0.0001385807991027832,4.0,21.0,3.0,True
injected_any,2.0,60.0,4,0,,,,,True
injected,2.0,60.0,5,30,0.395263671875,2.0,8.0,6.0,False
injected,2.0,60.0,5,60,0.0001385807991027832,4.0,21.0,3.0,True
injected,2.0,60.0,5,120,0.0012469589710235596,4.0,21.0,5.0,True
injected_any,2.0,60.0,5,0,,,,,True
injected,2.0,60.0,6,30,0.395263671875,2.0,8.0,6.0,False
injected,2.0,60.0,6,60,9.715557098388672e-06,3.0,23.0,2.0,True
injected,2.0,60.0,6,120,4.398822784423828e-05,3.0,23.0,3.0,True
injected_any,2.0,60.0,6,0,,,,,True
injected,2.0,60.0,7,30,0.4018096923828125,2.0,9.0,7.0,False
injected,2.0,60.0,7,60,0.000110626220703125,4.0,19.0,2.0,True
injected,2.0,60.0,7,120,0.003305375576019287,4.0,19.0,5.0,True
injected_any,2.0,60.0,7,0,,,,,True
injected,2.0,60.0,8,30,0.395263671875,2.0,8.0,6.0,False
injected,2.0,60.0,8,60,5.960464477539063e-08,4.0,24.0,0.0,True
injected,2.0,60.0,8,120,7.62939453125e-06,4.0,17.0,0.0,True
injected_any,2.0,60.0,8,0,,,,,True
injected,2.0,60.0,9,30,0.395263671875,2.0,8.0,6.0,False
injected,2.0,60.0,9,60,1.4901161193847656e-06,3.0,23.0,1.0,True
injected,2.0,60.0,9,120,3.3020973205566406e-05,3.0,21.0,2.0,True
injected_any,2.0,60.0,9,0,,,,,True
injected,2.0,60.0,10,30,0.395263671875,2.0,8.0,6.0,False
injected,2.0,60.0,10,60,7.826089859008789e-05,3.0,22.0,3.0,True
injected,2.0,60.0,10,120,0.0029623061418533325,3.0,21.0,6.0,True
injected_any,2.0,60.0,10,0,,,,,True
injected,2.0,60.0,11,30,0.395263671875,2.0,8.0,6.0,False
injected,2.0,60.0,11,60,2.86102294921875e-06,3.0,22.0,1.0,True
injected,2.0,60.0,11,120,3.814697265625e-05,4.0,18.0,1.0,True
injected_any,2.0,60.0,11,0,,,,,True
injected,2.0,60.0,12,30,0.395263671875,2.0,8.0,6.0,False
injected,2.0,60.0,12,60,1.4901161193847656e-06,3.0,23.0,1.0,True
injected,2.0,60.0,12,120,0.0001385807991027832,3.0,21.0,3.0,True
injected_any,2.0,60.0,12,0,,,,,True
injected,2.0,60.0,13,30,0.395263671875,2.0,8.0,6.0,False
injected,2.0,60.0,13,60,5.245208740234375e-06,3.0,24.0,2.0,True
injected,2.0,60.0,13,120,0.00020122528076171875,3.0,18.0,2.0,True
injected_any,2.0,60.0,13,0,,,,,True
injected,2.0,60.0,14,30,0.395263671875,2.0,8.0,6.0,False
injected,2.0,60.0,14,60,5.245208740234375e-06,3.0,24.0,2.0,True
injected,2.0,60.0,14,120,0.000771939754486084,3.0,20.0,4.0,True
injected_any,2.0,60.0,14,0,,,,,True
injected,2.0,60.0,15,30,0.395263671875,2.0,8.0,6.0,False
injected,2.0,60.0,15,60,0.000244140625,3.0,20.0,3.0,True
injected,2.0,60.0,15,120,0.0035986900329589844,4.0,17.0,4.0,True
injected_any,2.0,60.0,15,0,,,,,True
injected,2.0,60.0,16,30,0.4018096923828125,2.0,9.0,7.0,False
injected,2.0,60.0,16,60,3.3020973205566406e-05,3.0,21.0,2.0,True
injected,2.0,60.0,16,120,0.0012884140014648438,3.0,17.0,3.0,True
injected_any,2.0,60.0,16,0,,,,,True
injected,2.0,60.0,17,30,0.395263671875,2.0,8.0,6.0,False
injected,2.0,60.0,17,60,9.715557098388672e-06,4.0,23.0,2.0,True
injected,2.0,60.0,17,120,0.0001385807991027832,4.0,21.0,3.0,True
injected_any,2.0,60.0,17,0,,,,,True
injected,2.0,60.0,18,30,0.4018096923828125,2.0,9.0,7.0,False
injected,2.0,60.0,18,60,0.0001385807991027832,4.0,21.0,3.0,True
injected,2.0,60.0,18,120,0.0004277229309082031,4.0,19.0,3.0,True
injected_any,2.0,60.0,18,0,,,,,True
injected,2.0,60.0,19,30,0.395263671875,2.0,8.0,6.0,False
injected,2.0,60.0,19,60,2.9802322387695312e-08,4.0,25.0,0.0,True
injected,2.0,60.0,19,120,9.715557098388672e-06,4.0,23.0,2.0,True
injected_any,2.0,60.0,19,0,,,,,True
injected,2.0,60.0,20,30,0.395263671875,2.0,8.0,6.0,False
injected,2.0,60.0,20,60,1.516193151473999e-06,3.0,26.0,2.0,True
injected,2.0,60.0,20,120,7.826089859008789e-05,3.0,22.0,3.0,True
injected_any,2.0,60.0,20,0,,,,,True
injected,2.0,60.0,21,30,0.395263671875,2.0,8.0,6.0,False
injected,2.0,60.0,21,60,3.3020973205566406e-05,3.0,21.0,2.0,True
injected,2.0,60.0,21,120,0.000771939754486084,3.0,20.0,4.0,True
injected_any,2.0,60.0,21,0,,,,,True
injected,2.0,60.0,22,30,0.395263671875,2.0,8.0,6.0,False
injected,2.0,60.0,22,60,1.0803341865539551e-07,4.0,27.0,1.0,True
injected,2.0,60.0,22,120,3.3020973205566406e-05,4.0,21.0,2.0,True
injected_any,2.0,60.0,22,0,,,,,True
injected,2.0,60.0,23,30,0.395263671875,2.0,8.0,6.0,False
injected,2.0,60.0,23,60,4.023313522338867e-07,4.0,25.0,1.0,True
injected,2.0,60.0,23,120,1.049041748046875e-05,4.0,20.0,1.0,True
injected_any,2.0,60.0,23,0,,,,,True
injected,2.0,60.0,24,30,0.4018096923828125,2.0,9.0,7.0,False
injected,2.0,60.0,24,60,7.826089859008789e-05,3.0,22.0,3.0,True
injected,2.0,60.0,24,120,6.0558319091796875e-05,3.0,20.0,2.0,True
injected_any,2.0,60.0,24,0,,,,,True
injected,2.0,60.0,25,30,0.395263671875,2.0,8.0,6.0,False
injected,2.0,60.0,25,60,7.748603820800781e-07,3.0,24.0,1.0,True
injected,2.0,60.0,25,120,5.4836273193359375e-06,4.0,21.0,1.0,True
injected_any,2.0,60.0,25,0,,,,,True
injected,2.0,60.0,26,30,0.395263671875,2.0,8.0,6.0,False
injected,2.0,60.0,26,60,2.86102294921875e-06,3.0,22.0,1.0,True
injected,2.0,60.0,26,120,0.0004277229309082031,3.0,19.0,3.0,True
injected_any,2.0,60.0,26,0,,,,,True
injected,2.0,60.0,27,30,0.5,2.0,7.0,6.0,False
injected,2.0,60.0,27,60,1.862645149230957e-09,3.0,29.0,0.0,True
injected,2.0,60.0,27,120,5.960464477539063e-08,3.0,24.0,0.0,True
injected_any,2.0,60.0,27,0,,,,,True
injected,2.0,60.0,28,30,0.395263671875,2.0,8.0,6.0,False
injected,2.0,60.0,28,60,2.86102294921875e-06,3.0,22.0,1.0,True
injected,2.0,60.0,28,120,6.0558319091796875e-05,3.0,20.0,2.0,True
injected_any,2.0,60.0,28,0,,,,,True
injected,2.0,60.0,29,30,0.395263671875,2.0,8.0,6.0,False
injected,2.0,60.0,29,60,2.86102294921875e-06,3.0,22.0,1.0,True
injected,2.0,60.0,29,120,0.0004277229309082031,3.0,19.0,3.0,True
injected_any,2.0,60.0,29,0,,,,,True
injected,2.0,60.0,30,30,0.395263671875,2.0,8.0,6.0,False
injected,2.0,60.0,30,60,3.814697265625e-05,3.0,18.0,1.0,True
injected,2.0,60.0,30,120,0.0011749267578125,3.0,15.0,2.0,True
injected_any,2.0,60.0,30,0,,,,,True
injected,2.0,60.0,31,30,0.395263671875,2.0,8.0,6.0,False
injected,2.0,60.0,31,60,1.372024416923523e-05,3.0,25.0,3.0,True
injected,2.0,60.0,31,120,0.0001553744077682495,3.0,23.0,4.0,True
injected_any,2.0,60.0,31,0,,,,,True
injected,2.0,60.0,32,30,0.395263671875,2.0,8.0,6.0,False
injected,2.0,60.0,32,60,1.4901161193847656e-06,4.0,23.0,1.0,True
injected,2.0,60.0,32,120,6.0558319091796875e-05,4.0,20.0,2.0,True
injected_any,2.0,60.0,32,0,,,,,True
injected,2.0,60.0,33,30,0.395263671875,2.0,8.0,6.0,False
injected,2.0,60.0,33,60,1.7940998077392578e-05,3.0,22.0,2.0,True
injected,2.0,60.0,33,120,0.000771939754486084,4.0,20.0,4.0,True
injected_any,2.0,60.0,33,0,,,,,True
injected,2.0,60.0,34,30,0.395263671875,2.0,8.0,6.0,False
injected,2.0,60.0,34,60,4.023313522338867e-07,3.0,25.0,1.0,True
injected,2.0,60.0,34,120,5.4836273193359375e-06,3.0,21.0,1.0,True
injected_any,2.0,60.0,34,0,,,,,True
injected,2.0,60.0,35,30,0.395263671875,2.0,8.0,6.0,False
injected,2.0,60.0,35,60,9.715557098388672e-06,3.0,23.0,2.0,True
injected,2.0,60.0,35,120,0.0004277229309082031,3.0,19.0,3.0,True
injected_any,2.0,60.0,35,0,,,,,True
injected,2.0,60.0,36,30,0.4018096923828125,2.0,9.0,7.0,False
injected,2.0,60.0,36,60,0.0001553744077682495,3.0,23.0,4.0,True
injected,2.0,60.0,36,120,0.0004277229309082031,4.0,19.0,3.0,True
injected_any,2.0,60.0,36,0,,,,,True
injected,2.0,60.0,37,30,0.4018096923828125,2.0,9.0,7.0,False
injected,2.0,60.0,37,60,0.0007568597793579102,3.0,22.0,5.0,True
injected,2.0,60.0,37,120,0.0004277229309082031,3.0,19.0,3.0,True
injected_any,2.0,60.0,37,0,,,,,True
injected,2.0,60.0,38,30,0.4018096923828125,2.0,9.0,7.0,False
injected,2.0,60.0,38,60,4.398822784423828e-05,3.0,23.0,3.0,True
injected,2.0,60.0,38,120,0.0004552602767944336,4.0,21.0,4.0,True
injected_any,2.0,60.0,38,0,,,,,True
injected,2.0,60.0,39,30,0.395263671875,2.0,8.0,6.0,False
injected,2.0,60.0,39,60,1.7940998077392578e-05,4.0,22.0,2.0,True
injected,2.0,60.0,39,120,0.001299738883972168,4.0,19.0,4.0,True
injected_any,2.0,60.0,39,0,,,,,True
injected,2.0,60.0,40,30,0.395263671875,2.0,8.0,6.0,False
injected,2.0,60.0,40,60,2.86102294921875e-06,4.0,22.0,1.0,True
injected,2.0,60.0,40,120,0.0007448196411132812,4.0,18.0,3.0,True
injected_any,2.0,60.0,40,0,,,,,True
injected,2.0,60.0,41,30,0.4018096923828125,2.0,9.0,7.0,False
injected,2.0,60.0,41,60,6.0558319091796875e-05,3.0,20.0,2.0,True
injected,2.0,60.0,41,120,0.0004277229309082031,3.0,19.0,3.0,True
injected_any,2.0,60.0,41,0,,,,,True
injected,2.0,60.0,42,30,0.4018096923828125,2.0,9.0,7.0,False
injected,2.0,60.0,42,60,6.0558319091796875e-05,4.0,20.0,2.0,True
injected,2.0,60.0,42,120,0.001299738883972168,4.0,19.0,4.0,True
injected_any,2.0,60.0,42,0,,,,,True
injected,2.0,60.0,43,30,0.395263671875,2.0,8.0,6.0,False
injected,2.0,60.0,43,60,2.86102294921875e-06,3.0,22.0,1.0,True
injected,2.0,60.0,43,120,6.0558319091796875e-05,4.0,20.0,2.0,True
injected_any,2.0,60.0,43,0,,,,,True
injected,2.0,60.0,44,30,0.4018096923828125,2.0,9.0,7.0,False
injected,2.0,60.0,44,60,1.372024416923523e-05,3.0,25.0,3.0,True
injected,2.0,60.0,44,120,8.999556303024292e-05,4.0,24.0,4.0,True
injected_any,2.0,60.0,44,0,,,,,True
injected,2.0,60.0,45,30,0.4018096923828125,2.0,9.0,7.0,False
injected,2.0,60.0,45,60,3.3020973205566406e-05,3.0,21.0,2.0,True
injected,2.0,60.0,45,120,0.000110626220703125,3.0,19.0,2.0,True
injected_any,2.0,60.0,45,0,,,,,True
injected,2.0,60.0,46,30,0.395263671875,2.0,8.0,6.0,False
injected,2.0,60.0,46,60,5.245208740234375e-06,4.0,24.0,2.0,True
injected,2.0,60.0,46,120,0.000110626220703125,4.0,19.0,2.0,True
injected_any,2.0,60.0,46,0,,,,,True
injected,2.0,60.0,47,30,0.395263671875,2.0,8.0,6.0,False
injected,2.0,60.0,47,60,3.3020973205566406e-05,4.0,21.0,2.0,True
injected,2.0,60.0,47,120,0.0035986900329589844,4.0,17.0,4.0,True
injected_any,2.0,60.0,47,0,,,,,True
injected,2.0,60.0,48,30,0.395263671875,2.0,8.0,6.0,False
injected,2.0,60.0,48,60,1.4901161193847656e-06,4.0,23.0,1.0,True
injected,2.0,60.0,48,120,3.814697265625e-05,4.0,18.0,1.0,True
injected_any,2.0,60.0,48,0,,,,,True
injected,2.0,60.0,49,30,0.395263671875,2.0,8.0,6.0,False
injected,2.0,60.0,49,60,9.715557098388672e-06,3.0,23.0,2.0,True
injected,2.0,60.0,49,120,0.001299738883972168,3.0,19.0,4.0,True
injected_any,2.0,60.0,49,0,,,,,True
null,0.0,,0,30,0.8203582763671875,1.0,8.0,11.0,False
null,0.0,,0,60,0.951873779296875,1.0,6.0,12.0,False
null,0.0,,0,120,0.8665771484375,1.0,5.0,8.0,False
null_any,0.0,,0,0,,,,,False
null,0.0,,1,30,0.7975635528564453,0.0,10.0,13.0,False
null,0.0,,1,60,0.7382664680480957,2.0,10.0,12.0,False
null,0.0,,1,120,0.8665771484375,1.0,5.0,8.0,False
null_any,0.0,,1,0,,,,,False
null,0.0,,2,30,0.88671875,2.0,4.0,7.0,False
null,0.0,,2,60,0.8949432373046875,0.0,6.0,10.0,False
null,0.0,,2,120,0.8338470458984375,1.0,7.0,10.0,False
null_any,0.0,,2,0,,,,,False
null,0.0,,3,30,0.40726470947265625,2.0,10.0,8.0,False
null,0.0,,3,60,0.7482776641845703,1.0,9.0,11.0,False
null,0.0,,3,120,0.3238029479980469,2.0,11.0,8.0,False
null_any,0.0,,3,0,,,,,False
null,0.0,,4,30,0.4018096923828125,2.0,9.0,7.0,False
null,0.0,,4,60,0.7255859375,1.0,5.0,6.0,False
null,0.0,,4,120,0.96728515625,0.0,3.0,8.0,False
null_any,0.0,,4,0,,,,,False
null,0.0,,5,30,0.6854705810546875,2.0,8.0,9.0,False
null,0.0,,5,60,0.8568606376647949,0.0,9.0,13.0,False
null,0.0,,5,120,0.88671875,2.0,4.0,7.0,False
null_any,0.0,,5,0,,,,,False
null,0.0,,6,30,0.5927352905273438,1.0,9.0,9.0,False
null,0.0,,6,60,0.13158798217773438,4.0,13.0,7.0,False
null,0.0,,6,120,0.4999999999999999,1.0,8.0,7.0,False
null_any,0.0,,6,0,,,,,False
null,0.0,,7,30,0.0317840576171875,3.0,14.0,5.0,False
null,0.0,,7,60,0.03917694091796875,3.0,15.0,6.0,False
null,0.0,,7,120,0.003173828125,4.0,11.0,1.0,True
null_any,0.0,,7,0,,,,,True
null,0.0,,8,30,0.27062809467315674,3.0,14.0,10.0,False
null,0.0,,8,60,0.3388197422027588,2.0,13.0,10.0,False
null,0.0,,8,120,0.03271484375,3.0,9.0,2.0,False
null_any,0.0,,8,0,,,,,False
null,0.0,,9,30,0.4194098711013794,2.0,13.0,11.0,False
null,0.0,,9,60,0.33181190490722656,2.0,12.0,9.0,False
null,0.0,,9,120,0.5,1.0,7.0,6.0,False
null_any,0.0,,9,0,,,,,False
null,0.0,,10,30,0.8203582763671875,1.0,8.0,11.0,False
null,0.0,,10,60,0.41190147399902344,2.0,11.0,9.0,False
null,0.0,,10,120,0.8338470458984375,2.0,7.0,10.0,False
null_any,0.0,,10,0,,,,,False
null,0.0,,11,30,0.91021728515625,2.0,5.0,9.0,False
null,0.0,,11,60,0.808344841003418,1.0,9.0,12.0,False
null,0.0,,11,120,0.70947265625,2.0,6.0,7.0,False
null_any,0.0,,11,0,,,,,False
null,0.0,,12,30,0.5,3.0,9.0,8.0,False
null,0.0,,12,60,0.7789658308029175,1.0,12.0,15.0,False
null,0.0,,12,120,0.8684120178222656,0.0,8.0,12.0,False
null_any,0.0,,12,0,,,,,False
null,0.0,,13,30,0.6761970520019531,2.0,9.0,10.0,False
null,0.0,,13,60,0.5,2.0,9.0,8.0,False
null,0.0,,13,120,0.29052734375,3.0,8.0,5.0,False
null_any,0.0,,13,0,,,,,False
null,0.0,,14,30,0.38720703125,1.0,7.0,5.0,False
null,0.0,,14,60,0.6854705810546875,2.0,8.0,9.0,False
null,0.0,,14,120,0.30361938476562494,3.0,9.0,6.0,False
null_any,0.0,,14,0,,,,,False
null,0.0,,15,30,0.577490508556366,2.0,13.0,13.0,False
null,0.0,,15,60,0.42250949144363403,1.0,14.0,12.0,False
null,0.0,,15,120,0.696380615234375,1.0,7.0,8.0,False
null_any,0.0,,15,0,,,,,False
null,0.0,,16,30,0.2272491455078125,2.0,10.0,6.0,False
null,0.0,,16,60,0.08978271484375,4.0,10.0,4.0,False
null,0.0,,16,120,0.61279296875,1.0,6.0,6.0,False
null_any,0.0,,16,0,,,,,False
null,0.0,,17,30,0.604736328125,1.0,7.0,7.0,False
null,0.0,,17,60,0.5,1.0,9.0,8.0,False
null,0.0,,17,120,0.29052734375,2.0,8.0,5.0,False
null_any,0.0,,17,0,,,,,False
null,0.0,,18,30,0.9423408508300781,0.0,7.0,13.0,False
null,0.0,,18,60,0.9330997467041016,1.0,8.0,14.0,False
null,0.0,,18,120,0.940765380859375,1.0,5.0,10.0,False
null_any,0.0,,18,0,,,,,False
null,0.0,,19,30,0.15087890624999997,4.0,10.0,5.0,False
null,0.0,,19,60,0.2403411865234375,2.0,11.0,7.0,False
null,0.0,,19,120,0.2403411865234375,3.0,11.0,7.0,False
null_any,0.0,,19,0,,,,,False
null,0.0,,20,30,0.5,2.0,11.0,10.0,False
null,0.0,,20,60,0.1796417236328125,3.0,12.0,7.0,False
null,0.0,,20,120,0.017578125,3.0,12.0,3.0,False
null_any,0.0,,20,0,,,,,False
null,0.0,,21,30,0.5,2.0,10.0,9.0,False
null,0.0,,21,60,0.19165515899658203,3.0,13.0,8.0,False
null,0.0,,21,120,0.15087890624999997,2.0,10.0,5.0,False
null_any,0.0,,21,0,,,,,False
null,0.0,,22,30,0.5880985260009766,1.0,10.0,10.0,False
null,0.0,,22,60,0.8665771484375,1.0,5.0,8.0,False
null,0.0,,22,120,0.70947265625,1.0,6.0,7.0,False
null_any,0.0,,22,0,,,,,False
null,0.0,,23,30,0.4018096923828125,3.0,9.0,7.0,False
null,0.0,,23,60,0.9164657592773438,0.0,7.0,12.0,False
null,0.0,,23,120,0.6854705810546875,1.0,8.0,9.0,False
null_any,0.0,,23,0,,,,,False
null,0.0,,24,30,0.13158798217773438,3.0,13.0,7.0,False
null,0.0,,24,60,0.4194098711013794,2.0,13.0,11.0,False
null,0.0,,24,120,0.4018096923828125,1.0,9.0,7.0,False
null_any,0.0,,24,0,,,,,False
null,0.0,,25,30,0.9936370849609375,1.0,4.0,13.0,False
null,0.0,,25,60,0.7596588134765625,3.0,8.0,10.0,False
null,0.0,,25,120,0.8949432373046875,1.0,6.0,10.0,False
null_any,0.0,,25,0,,,,,False
null,0.0,,26,30,0.41190147399902344,2.0,11.0,9.0,False
null,0.0,,26,60,0.5981903076171875,2.0,8.0,8.0,False
null,0.0,,26,120,0.88671875,0.0,4.0,7.0,False
null_any,0.0,,26,0,,,,,False
null,0.0,,27,30,0.6681880950927734,0.0,10.0,11.0,False
null,0.0,,27,60,0.9053764343261719,1.0,8.0,13.0,False
null,0.0,,27,120,0.15087890624999997,2.0,10.0,5.0,False
null_any,0.0,,27,0,,,,,False
null,0.0,,28,30,0.1661529541015625,3.0,11.0,6.0,False
null,0.0,,28,60,0.2617335319519043,2.0,13.0,9.0,False
null,0.0,,28,120,0.3238029479980469,2.0,11.0,8.0,False
null_any,0.0,,28,0,,,,,False
null,0.0,,29,30,0.6854705810546875,2.0,8.0,9.0,False
null,0.0,,29,60,0.5,1.0,9.0,8.0,False
null,0.0,,29,120,0.70947265625,1.0,6.0,7.0,False
null_any,0.0,,29,0,,,,,False
null,0.0,,30,30,0.3145294189453125,2.0,10.0,7.0,False
null,0.0,,30,60,0.2517223358154297,2.0,12.0,8.0,False
null,0.0,,30,120,0.604736328125,1.0,7.0,7.0,False
null_any,0.0,,30,0,,,,,False
null,0.0,,31,30,0.8810577392578125,0.0,7.0,11.0,False
null,0.0,,31,60,0.8684120178222656,1.0,8.0,12.0,False
null,0.0,,31,120,0.84912109375,1.0,6.0,9.0,False
null_any,0.0,,31,0,,,,,False
null,0.0,,32,30,0.5805901288986206,2.0,12.0,12.0,False
null,0.0,,32,60,0.5,2.0,11.0,10.0,False
null,0.0,,32,120,0.7482776641845703,1.0,9.0,11.0,False
null_any,0.0,,32,0,,,,,False
null,0.0,,33,30,0.5840940475463867,2.0,11.0,11.0,False
null,0.0,,33,60,0.5,3.0,7.0,6.0,False
null,0.0,,33,120,0.38720703125,2.0,7.0,5.0,False
null_any,0.0,,33,0,,,,,False
null,0.0,,34,30,0.604736328125,1.0,7.0,7.0,False
null,0.0,,34,60,0.1661529541015625,4.0,11.0,6.0,False
null,0.0,,34,120,0.5,1.0,9.0,8.0,False
null_any,0.0,,34,0,,,,,False
null,0.0,,35,30,0.88671875,1.0,4.0,7.0,False
null,0.0,,35,60,0.3238029479980469,1.0,11.0,8.0,False
null,0.0,,35,120,0.5,1.0,9.0,8.0,False
null_any,0.0,,35,0,,,,,False
null,0.0,,36,30,0.8338470458984375,0.0,7.0,10.0,False
null,0.0,,36,60,0.808344841003418,1.0,9.0,12.0,False
null,0.0,,36,120,0.70947265625,1.0,6.0,7.0,False
null_any,0.0,,36,0,,,,,False
null,0.0,,37,30,0.2403411865234375,1.0,11.0,7.0,False
null,0.0,,37,60,0.4194098711013794,2.0,13.0,11.0,False
null,0.0,,37,120,0.3145294189453125,2.0,10.0,7.0,False
null_any,0.0,,37,0,,,,,False
null,0.0,,38,30,0.9682159423828125,1.0,6.0,13.0,False
null,0.0,,38,60,0.4999999999999999,2.0,8.0,7.0,False
null,0.0,,38,120,0.80615234375,1.0,5.0,7.0,False
null_any,0.0,,38,0,,,,,False
null,0.0,,39,30,0.5927352905273438,2.0,9.0,9.0,False
null,0.0,,39,60,0.41190147399902344,3.0,11.0,9.0,False
null,0.0,,39,120,0.19384765625,3.0,8.0,4.0,False
null_any,0.0,,39,0,,,,,False
null,0.0,,40,30,0.3145294189453125,2.0,10.0,7.0,False
null,0.0,,40,60,0.41190147399902344,1.0,11.0,9.0,False
null,0.0,,40,120,0.29052734375,2.0,8.0,5.0,False
null_any,0.0,,40,0,,,,,False
null,0.0,,41,30,0.4018096923828125,3.0,9.0,7.0,False
null,0.0,,41,60,0.4159059524536133,3.0,12.0,10.0,False
null,0.0,,41,120,0.1050567626953125,3.0,11.0,5.0,False
null_any,0.0,,41,0,,,,,False
null,0.0,,42,30,0.0717315673828125,2.0,12.0,5.0,False
null,0.0,,42,60,0.005908966064453125,3.0,16.0,4.0,True
null,0.0,,42,120,0.1334228515625,2.0,9.0,4.0,False
null_any,0.0,,42,0,,,,,True
null,0.0,,43,30,0.1334228515625,3.0,9.0,4.0,False
null,0.0,,43,60,0.026239395141601562,3.0,16.0,6.0,False
null,0.0,,43,120,0.4018096923828125,2.0,9.0,7.0,False
null_any,0.0,,43,0,,,,,False
null,0.0,,44,30,0.5927352905273438,2.0,9.0,9.0,False
null,0.0,,44,60,0.8684120178222656,1.0,8.0,12.0,False
null,0.0,,44,120,0.80615234375,0.0,5.0,7.0,False
null_any,0.0,,44,0,,,,,False
null,0.0,,45,30,0.9423408508300781,1.0,7.0,13.0,False
null,0.0,,45,60,0.9461239278316498,1.0,9.0,16.0,False
null,0.0,,45,120,0.982421875,0.0,4.0,11.0,False
null_any,0.0,,45,0,,,,,False
null,0.0,,46,30,0.7727508544921875,0.0,7.0,9.0,False
null,0.0,,46,60,0.5,2.0,12.0,11.0,False
null,0.0,,46,120,0.08978271484375,4.0,10.0,4.0,False
null_any,0.0,,46,0,,,,,False
null,0.0,,47,30,0.5981903076171875,2.0,8.0,8.0,False
null,0.0,,47,60,0.5981903076171875,1.0,8.0,8.0,False
null,0.0,,47,120,0.38720703125,1.0,7.0,5.0,False
null_any,0.0,,47,0,,,,,False
null,0.0,,48,30,0.78802490234375,1.0,6.0,8.0,False
null,0.0,,48,60,0.6681880950927734,1.0,10.0,11.0,False
null,0.0,,48,120,0.3238029479980469,2.0,11.0,8.0,False
null_any,0.0,,48,0,,,,,False
null,0.0,,49,30,0.5,2.0,10.0,9.0,False
null,0.0,,49,60,0.6761970520019531,0.0,9.0,10.0,False
null,0.0,,49,120,0.30361938476562494,2.0,9.0,6.0,False
null_any,0.0,,49,0,,,,,False
null,0.0,,50,30,0.7596588134765625,1.0,8.0,10.0,False
null,0.0,,50,60,0.9826551675796509,0.0,7.0,16.0,False
null,0.0,,50,120,0.982421875,0.0,4.0,11.0,False
null_any,0.0,,50,0,,,,,False
null,0.0,,51,30,0.8665771484375,0.0,5.0,8.0,False
null,0.0,,51,60,0.8810577392578125,0.0,7.0,11.0,False
null,0.0,,51,120,0.91021728515625,0.0,5.0,9.0,False
null_any,0.0,,51,0,,,,,False
null,0.0,,52,30,0.4194098711013794,1.0,13.0,11.0,False
null,0.0,,52,60,0.06690025329589844,3.0,15.0,7.0,False
null,0.0,,52,120,0.1661529541015625,2.0,11.0,6.0,False
null_any,0.0,,52,0,,,,,False
null,0.0,,53,30,0.5927352905273438,2.0,9.0,9.0,False
null,0.0,,53,60,0.2517223358154297,3.0,12.0,8.0,False
null,0.0,,53,120,0.7596588134765625,1.0,8.0,10.0,False
null_any,0.0,,53,0,,,,,False
null,0.0,,54,30,0.0037689208984375,4.0,15.0,3.0,True
null,0.0,,54,60,0.1796417236328125,3.0,12.0,7.0,False
null,0.0,,54,120,0.78802490234375,1.0,6.0,8.0,False
null_any,0.0,,54,0,,,,,True
null,0.0,,55,30,0.5840940475463867,1.0,11.0,11.0,False
null,0.0,,55,60,0.4018096923828125,1.0,9.0,7.0,False
null,0.0,,55,120,0.61279296875,1.0,6.0,6.0,False
null_any,0.0,,55,0,,,,,False
null,0.0,,56,30,0.604736328125,1.0,7.0,7.0,False
null,0.0,,56,60,0.8203582763671875,0.0,8.0,11.0,False
null,0.0,,56,120,0.1334228515625,3.0,9.0,4.0,False
null_any,0.0,,56,0,,,,,False
null,0.0,,57,30,0.19165515899658203,2.0,13.0,8.0,False
null,0.0,,57,60,0.6611802577972412,2.0,11.0,12.0,False
null,0.0,,57,120,0.2272491455078125,3.0,10.0,6.0,False
null_any,0.0,,57,0,,,,,False
null,0.0,,58,30,0.6681880950927734,3.0,10.0,11.0,False
null,0.0,,58,60,0.6681880950927734,1.0,10.0,11.0,False
null,0.0,,58,120,0.9282684326171875,0.0,6.0,11.0,False
null_any,0.0,,58,0,,,,,False
null,0.0,,59,30,0.171875,1.0,7.0,3.0,False
null,0.0,,59,60,0.19165515899658203,3.0,13.0,8.0,False
null,0.0,,59,120,0.4999999999999999,2.0,8.0,7.0,False
null_any,0.0,,59,0,,,,,False
null,0.0,,60,30,0.78802490234375,1.0,6.0,8.0,False
null,0.0,,60,60,0.6761970520019531,2.0,9.0,10.0,False
null,0.0,,60,120,0.4999999999999999,2.0,8.0,7.0,False
null_any,0.0,,60,0,,,,,False
null,0.0,,61,30,0.787821888923645,1.0,11.0,14.0,False
null,0.0,,61,60,0.5805901288986206,2.0,12.0,12.0,False
null,0.0,,61,120,0.696380615234375,2.0,7.0,8.0,False
null_any,0.0,,61,0,,,,,False
null,0.0,,62,30,0.9915497303009033,0.0,6.0,16.0,False
null,0.0,,62,60,0.6681880950927734,1.0,10.0,11.0,False
null,0.0,,62,120,0.78802490234375,1.0,6.0,8.0,False
null_any,0.0,,62,0,,,,,False
null,0.0,,63,30,0.9903945922851562,0.0,5.0,14.0,False
null,0.0,,63,60,0.6681880950927734,2.0,10.0,11.0,False
null,0.0,,63,120,0.9615936279296875,0.0,5.0,11.0,False
null_any,0.0,,63,0,,,,,False
null,0.0,,64,30,0.13158798217773438,4.0,13.0,7.0,False
null,0.0,,64,60,0.19165515899658203,3.0,13.0,8.0,False
null,0.0,,64,120,0.19384765625,3.0,8.0,4.0,False
null_any,0.0,,64,0,,,,,False
null,0.0,,65,30,0.2517223358154297,3.0,12.0,8.0,False
null,0.0,,65,60,0.33181190490722656,3.0,12.0,9.0,False
null,0.0,,65,120,0.21197509765625,3.0,9.0,5.0,False
null_any,0.0,,65,0,,,,,False
null,0.0,,66,30,0.5,2.0,9.0,8.0,False
null,0.0,,66,60,0.3388197422027588,2.0,13.0,10.0,False
null,0.0,,66,120,0.1334228515625,4.0,9.0,4.0,False
null_any,0.0,,66,0,,,,,False
null,0.0,,67,30,0.9615936279296875,1.0,5.0,11.0,False
null,0.0,,67,60,0.604736328125,1.0,7.0,7.0,False
null,0.0,,67,120,0.9453125,0.0,3.0,7.0,False
null_any,0.0,,67,0,,,,,False
null,0.0,,68,30,0.9866981506347656,0.0,6.0,15.0,False
null,0.0,,68,60,0.95343017578125,0.0,8.0,15.0,False
null,0.0,,68,120,0.7596588134765625,0.0,8.0,10.0,False
null_any,0.0,,68,0,,,,,False
null,0.0,,69,30,0.8949432373046875,1.0,6.0,10.0,False
null,0.0,,69,60,0.05923461914062499,3.0,11.0,4.0,False
null,0.0,,69,120,0.38720703125,2.0,7.0,5.0,False
null_any,0.0,,69,0,,,,,False
null,0.0,,70,30,0.33181190490722656,2.0,12.0,9.0,False
null,0.0,,70,60,0.8203582763671875,1.0,8.0,11.0,False
null,0.0,,70,120,0.7727508544921875,1.0,7.0,9.0,False
null_any,0.0,,70,0,,,,,False
null,0.0,,71,30,0.8568606376647949,1.0,9.0,13.0,False
null,0.0,,71,60,0.3388197422027588,2.0,13.0,10.0,False
null,0.0,,71,120,0.604736328125,2.0,7.0,7.0,False
null_any,0.0,,71,0,,,,,False
null,0.0,,72,30,0.5981903076171875,2.0,8.0,8.0,False
null,0.0,,72,60,0.5927352905273438,2.0,9.0,9.0,False
null,0.0,,72,120,0.4999999999999999,3.0,8.0,7.0,False
null_any,0.0,,72,0,,,,,False
null,0.0,,73,30,0.1796417236328125,2.0,12.0,7.0,False
null,0.0,,73,60,0.33181190490722656,2.0,12.0,9.0,False
null,0.0,,73,120,0.3388197422027588,2.0,13.0,10.0,False
null_any,0.0,,73,0,,,,,False
null,0.0,,74,30,0.2403411865234375,2.0,11.0,7.0,False
null,0.0,,74,60,0.5,2.0,11.0,10.0,False
null,0.0,,74,120,0.30361938476562494,2.0,9.0,6.0,False
null_any,0.0,,74,0,,,,,False
null,0.0,,75,30,0.3238029479980469,2.0,11.0,8.0,False
null,0.0,,75,60,0.4194098711013794,2.0,13.0,11.0,False
null,0.0,,75,120,0.604736328125,1.0,7.0,7.0,False
null_any,0.0,,75,0,,,,,False
null,0.0,,76,30,0.8810577392578125,0.0,7.0,11.0,False
null,0.0,,76,60,0.5805901288986206,1.0,12.0,12.0,False
null,0.0,,76,120,0.7255859375,0.0,5.0,6.0,False
null_any,0.0,,76,0,,,,,False
null,0.0,,77,30,0.7382664680480957,1.0,10.0,12.0,False
null,0.0,,77,60,0.30361938476562494,3.0,9.0,6.0,False
null,0.0,,77,120,0.08978271484375,4.0,10.0,4.0,False
null_any,0.0,,77,0,,,,,False
null,0.0,,78,30,0.6681880950927734,1.0,10.0,11.0,False
null,0.0,,78,60,0.8203582763671875,2.0,8.0,11.0,False
null,0.0,,78,120,0.8338470458984375,1.0,7.0,10.0,False
null_any,0.0,,78,0,,,,,False
null,0.0,,79,30,0.5,2.0,7.0,6.0,False
null,0.0,,79,60,0.0063629150390625,4.0,14.0,3.0,True
null,0.0,,79,120,0.0286865234375,3.0,11.0,3.0,False
null_any,0.0,,79,0,,,,,True
null,0.0,,80,30,0.696380615234375,0.0,7.0,8.0,False
null,0.0,,80,60,0.696380615234375,2.0,7.0,8.0,False
null,0.0,,80,120,0.11328125,2.0,8.0,3.0,False
null_any,0.0,,80,0,,,,,False
null,0.0,,81,30,0.8949432373046875,1.0,6.0,10.0,False
null,0.0,,81,60,0.5927352905273438,1.0,9.0,9.0,False
null,0.0,,81,120,0.8665771484375,1.0,5.0,8.0,False
null_any,0.0,,81,0,,,,,False
null,0.0,,82,30,0.5,2.0,11.0,10.0,False
null,0.0,,82,60,0.048126220703125,4.0,13.0,5.0,False
null,0.0,,82,120,0.05923461914062499,3.0,11.0,4.0,False
null_any,0.0,,82,0,,,,,False
null,0.0,,83,30,0.30361938476562494,3.0,9.0,6.0,False
null,0.0,,83,60,0.4159059524536133,2.0,12.0,10.0,False
null,0.0,,83,120,0.6854705810546875,1.0,8.0,9.0,False
null_any,0.0,,83,0,,,,,False
null,0.0,,84,30,0.8949801921844482,1.0,9.0,14.0,False
null,0.0,,84,60,0.9680426716804504,0.0,8.0,16.0,False
null,0.0,,84,120,0.8949432373046875,1.0,6.0,10.0,False
null_any,0.0,,84,0,,,,,False
null,0.0,,85,30,0.13158798217773438,3.0,13.0,7.0,False
null,0.0,,85,60,0.9793052673339844,0.0,6.0,14.0,False
null,0.0,,85,120,0.940765380859375,0.0,5.0,10.0,False
null_any,0.0,,85,0,,,,,False
null,0.0,,86,30,0.577490508556366,2.0,13.0,13.0,False
null,0.0,,86,60,0.42250949144363403,1.0,14.0,12.0,False
null,0.0,,86,120,0.696380615234375,1.0,7.0,8.0,False
null_any,0.0,,86,0,,,,,False
null,0.0,,87,30,0.9282684326171875,1.0,6.0,11.0,False
null,0.0,,87,60,0.808344841003418,2.0,9.0,12.0,False
null,0.0,,87,120,0.91021728515625,1.0,5.0,9.0,False
null_any,0.0,,87,0,,,,,False
null,0.0,,88,30,0.8203582763671875,2.0,8.0,11.0,False
null,0.0,,88,60,0.9962310791015625,0.0,4.0,14.0,False
null,0.0,,88,120,1.0,0.0,0.0,10.0,False
null_any,0.0,,88,0,,,,,False
null,0.0,,89,30,0.2403411865234375,2.0,11.0,7.0,False
null,0.0,,89,60,0.08431877195835114,3.0,17.0,9.0,False
null,0.0,,89,120,0.15087890624999997,3.0,10.0,5.0,False
null_any,0.0,,89,0,,,,,False
null,0.0,,90,30,0.8338470458984375,1.0,7.0,10.0,False
null,0.0,,90,60,0.7596588134765625,1.0,8.0,10.0,False
null,0.0,,90,120,0.8949432373046875,1.0,6.0,10.0,False
null_any,0.0,,90,0,,,,,False
null,0.0,,91,30,0.9164657592773438,1.0,7.0,12.0,False
null,0.0,,91,60,0.40726470947265625,2.0,10.0,8.0,False
null,0.0,,91,120,0.8810577392578125,1.0,7.0,11.0,False
null_any,0.0,,91,0,,,,,False
null,0.0,,92,30,0.7382664680480957,1.0,10.0,12.0,False
null,0.0,,92,60,0.395263671875,2.0,8.0,6.0,False
null,0.0,,92,120,0.7255859375,2.0,5.0,6.0,False
null_any,0.0,,92,0,,,,,False
null,0.0,,93,30,0.8810577392578125,1.0,7.0,11.0,False
null,0.0,,93,60,0.7482776641845703,1.0,9.0,11.0,False
null,0.0,,93,120,0.5,1.0,9.0,8.0,False
null_any,0.0,,93,0,,,,,False
null,0.0,,94,30,0.951873779296875,2.0,6.0,12.0,False
null,0.0,,94,60,0.9886720776557922,0.0,7.0,17.0,False
null,0.0,,94,120,0.9935302734375,0.0,3.0,11.0,False
null_any,0.0,,94,0,,,,,False
null,0.0,,95,30,0.5,2.0,12.0,11.0,False
null,0.0,,95,60,0.6611802577972412,2.0,11.0,12.0,False
null,0.0,,95,120,0.36328125,2.0,5.0,3.0,False
null_any,0.0,,95,0,,,,,False
null,0.0,,96,30,0.3238029479980469,2.0,11.0,8.0,False
null,0.0,,96,60,0.5,2.0,9.0,8.0,False
null,0.0,,96,120,0.29052734375,2.0,8.0,5.0,False
null_any,0.0,,96,0,,,,,False
null,0.0,,97,30,0.9682159423828125,0.0,6.0,13.0,False
null,0.0,,97,60,0.9866981506347656,0.0,6.0,15.0,False
null,0.0,,97,120,0.91021728515625,1.0,5.0,9.0,False
null_any,0.0,,97,0,,,,,False
null,0.0,,98,30,0.29052734375,2.0,8.0,5.0,False
null,0.0,,98,60,0.395263671875,2.0,8.0,6.0,False
null,0.0,,98,120,0.951873779296875,0.0,6.0,12.0,False
null_any,0.0,,98,0,,,,,False
null,0.0,,99,30,0.5880985260009766,2.0,10.0,10.0,False
null,0.0,,99,60,0.5,2.0,10.0,9.0,False
null,0.0,,99,120,0.5,2.0,7.0,6.0,False
null_any,0.0,,99,0,,,,,False
null,0.0,,100,30,0.5,2.0,9.0,8.0,False
null,0.0,,100,60,0.696380615234375,1.0,7.0,8.0,False
null,0.0,,100,120,0.61279296875,1.0,6.0,6.0,False
null_any,0.0,,100,0,,,,,False
null,0.0,,101,30,0.95343017578125,0.0,8.0,15.0,False
null,0.0,,101,60,0.885238528251648,0.0,10.0,15.0,False
null,0.0,,101,120,0.40726470947265625,1.0,10.0,8.0,False
null_any,0.0,,101,0,,,,,False
null,0.0,,102,30,0.696380615234375,2.0,7.0,8.0,False
null,0.0,,102,60,0.4018096923828125,3.0,9.0,7.0,False
null,0.0,,102,120,0.8810577392578125,0.0,7.0,11.0,False
null_any,0.0,,102,0,,,,,False
null,0.0,,103,30,0.5,1.0,11.0,10.0,False
null,0.0,,103,60,0.13158798217773438,4.0,13.0,7.0,False
null,0.0,,103,120,0.29052734375,3.0,8.0,5.0,False
null_any,0.0,,103,0,,,,,False
null,0.0,,104,30,0.1189422607421875,3.0,12.0,6.0,False
null,0.0,,104,60,0.4018096923828125,1.0,9.0,7.0,False
null,0.0,,104,120,0.80615234375,1.0,5.0,7.0,False
null_any,0.0,,104,0,,,,,False
null,0.0,,105,30,0.5981903076171875,1.0,8.0,8.0,False
null,0.0,,105,60,0.951873779296875,0.0,6.0,12.0,False
null,0.0,,105,120,0.5,2.0,7.0,6.0,False
null_any,0.0,,105,0,,,,,False
null,0.0,,106,30,0.0063629150390625,4.0,14.0,3.0,True
null,0.0,,106,60,0.09462356567382812,2.0,14.0,7.0,False
null,0.0,,106,120,0.604736328125,1.0,7.0,7.0,False
null_any,0.0,,106,0,,,,,True
null,0.0,,107,30,0.5,1.0,9.0,8.0,False
null,0.0,,107,60,0.40726470947265625,2.0,10.0,8.0,False
null,0.0,,107,120,0.80615234375,2.0,5.0,7.0,False
null_any,0.0,,107,0,,,,,False
null,0.0,,108,30,0.017578125,4.0,12.0,3.0,False
null,0.0,,108,60,0.5,2.0,9.0,8.0,False
null,0.0,,108,120,0.7727508544921875,1.0,7.0,9.0,False
null_any,0.0,,108,0,,,,,False
null,0.0,,109,30,0.1661529541015625,2.0,11.0,6.0,False
null,0.0,,109,60,0.0245208740234375,3.0,13.0,4.0,False
null,0.0,,109,120,0.072998046875,3.0,9.0,3.0,False
null_any,0.0,,109,0,,,,,False
null,0.0,,110,30,0.9754791259765625,0.0,5.0,12.0,False
null,0.0,,110,60,0.9156812280416489,1.0,10.0,16.0,False
null,0.0,,110,120,0.9682159423828125,0.0,6.0,13.0,False
null_any,0.0,,110,0,,,,,False
null,0.0,,111,30,0.057659149169921875,2.0,14.0,6.0,False
null,0.0,,111,60,0.2517223358154297,2.0,12.0,8.0,False
null,0.0,,111,120,0.0245208740234375,4.0,13.0,4.0,False
null_any,0.0,,111,0,,,,,False
null,0.0,,112,30,0.5,3.0,13.0,12.0,False
null,0.0,,112,60,0.42250949144363403,3.0,14.0,12.0,False
null,0.0,,112,120,0.30361938476562494,2.0,9.0,6.0,False
null_any,0.0,,112,0,,,,,False
null,0.0,,113,30,0.6854705810546875,1.0,8.0,9.0,False
null,0.0,,113,60,0.4018096923828125,2.0,9.0,7.0,False
null,0.0,,113,120,0.80615234375,1.0,5.0,7.0,False
null_any,0.0,,113,0,,,,,False
null,0.0,,114,30,0.604736328125,1.0,7.0,7.0,False
null,0.0,,114,60,0.8203582763671875,0.0,8.0,11.0,False
null,0.0,,114,120,0.1334228515625,3.0,9.0,4.0,False
null_any,0.0,,114,0,,,,,False
null,0.0,,115,30,0.9998893737792969,0.0,3.0,18.0,False
null,0.0,,115,60,0.996401309967041,0.0,5.0,16.0,False
null,0.0,,115,120,0.982421875,1.0,4.0,11.0,False
null_any,0.0,,115,0,,,,,False
null,0.0,,116,30,0.3238029479980469,1.0,11.0,8.0,False
null,0.0,,116,60,0.5,1.0,10.0,9.0,False
null,0.0,,116,120,0.604736328125,2.0,7.0,7.0,False
null_any,0.0,,116,0,,,,,False
null,0.0,,117,30,0.8338470458984375,2.0,7.0,10.0,False
null,0.0,,117,60,0.885238528251648,1.0,10.0,15.0,False
null,0.0,,117,120,0.8203582763671875,1.0,8.0,11.0,False
null_any,0.0,,117,0,,,,,False
null,0.0,,118,30,0.1796417236328125,2.0,12.0,7.0,False
null,0.0,,118,60,0.5927352905273438,2.0,9.0,9.0,False
null,0.0,,118,120,0.70947265625,1.0,6.0,7.0,False
null_any,0.0,,118,0,,,,,False
null,0.0,,119,30,0.4018096923828125,1.0,9.0,7.0,False
null,0.0,,119,60,0.0717315673828125,2.0,12.0,5.0,False
null,0.0,,119,120,0.5927352905273438,1.0,9.0,9.0,False
null_any,0.0,,119,0,,,,,False
null,0.0,,120,30,0.98876953125,1.0,3.0,10.0,False
null,0.0,,120,60,0.9164657592773438,1.0,7.0,12.0,False
null,0.0,,120,120,0.6854705810546875,1.0,8.0,9.0,False
null_any,0.0,,120,0,,,,,False
null,0.0,,121,30,0.78802490234375,1.0,6.0,8.0,False
null,0.0,,121,60,0.5,2.0,9.0,8.0,False
null,0.0,,121,120,0.5,2.0,6.0,5.0,False
null_any,0.0,,121,0,,,,,False
null,0.0,,122,30,0.9164657592773438,1.0,7.0,12.0,False
null,0.0,,122,60,0.5927352905273438,2.0,9.0,9.0,False
null,0.0,,122,120,0.7727508544921875,2.0,7.0,9.0,False
null_any,0.0,,122,0,,,,,False
null,0.0,,123,30,0.5,1.0,12.0,11.0,False
null,0.0,,123,60,0.9053764343261719,1.0,8.0,13.0,False
null,0.0,,123,120,0.953857421875,0.0,4.0,9.0,False
null_any,0.0,,123,0,,,,,False
null,0.0,,124,30,0.048126220703125,4.0,13.0,5.0,False
null,0.0,,124,60,0.30361938476562494,2.0,9.0,6.0,False
null,0.0,,124,120,0.78802490234375,1.0,6.0,8.0,False
null_any,0.0,,124,0,,,,,False
null,0.0,,125,30,0.6854705810546875,1.0,8.0,9.0,False
null,0.0,,125,60,0.41190147399902344,1.0,11.0,9.0,False
null,0.0,,125,120,0.29052734375,3.0,8.0,5.0,False
null_any,0.0,,125,0,,,,,False
null,0.0,,126,30,0.9282684326171875,1.0,6.0,11.0,False
null,0.0,,126,60,0.9053764343261719,0.0,8.0,13.0,False
null,0.0,,126,120,0.2272491455078125,3.0,10.0,6.0,False
null_any,0.0,,126,0,,,,,False
null,0.0,,127,30,0.5927352905273438,2.0,9.0,9.0,False
null,0.0,,127,60,0.5927352905273438,2.0,9.0,9.0,False
null,0.0,,127,120,0.395263671875,2.0,8.0,6.0,False
null_any,0.0,,127,0,,,,,False
null,0.0,,128,30,0.5840940475463867,2.0,11.0,11.0,False
null,0.0,,128,60,0.8568606376647949,1.0,9.0,13.0,False
null,0.0,,128,120,0.953857421875,1.0,4.0,9.0,False
null_any,0.0,,128,0,,,,,False
null,0.0,,129,30,0.7382664680480957,1.0,10.0,12.0,False
null,0.0,,129,60,0.5,2.0,10.0,9.0,False
null,0.0,,129,120,0.70947265625,1.0,6.0,7.0,False
null_any,0.0,,129,0,,,,,False
null,0.0,,130,30,0.41190147399902344,2.0,11.0,9.0,False
null,0.0,,130,60,0.5,2.0,12.0,11.0,False
null,0.0,,130,120,0.1334228515625,2.0,9.0,4.0,False
null_any,0.0,,130,0,,,,,False
null,0.0,,131,30,0.604736328125,2.0,7.0,7.0,False
null,0.0,,131,60,0.19165515899658203,3.0,13.0,8.0,False
null,0.0,,131,120,0.395263671875,2.0,8.0,6.0,False
null_any,0.0,,131,0,,,,,False
null,0.0,,132,30,0.0063629150390625,4.0,14.0,3.0,True
null,0.0,,132,60,0.09462356567382812,2.0,14.0,7.0,False
null,0.0,,132,120,0.604736328125,1.0,7.0,7.0,False
null_any,0.0,,132,0,,,,,True
null,0.0,,133,30,0.29052734375,2.0,8.0,5.0,False
null,0.0,,133,60,0.41190147399902344,2.0,11.0,9.0,False
null,0.0,,133,120,0.828125,1.0,4.0,6.0,False
null_any,0.0,,133,0,,,,,False
null,0.0,,134,30,0.808344841003418,1.0,9.0,12.0,False
null,0.0,,134,60,0.8338470458984375,1.0,7.0,10.0,False
null,0.0,,134,120,0.953857421875,0.0,4.0,9.0,False
null_any,0.0,,134,0,,,,,False
null,0.0,,135,30,0.5805901288986206,2.0,12.0,12.0,False
null,0.0,,135,60,0.13158798217773438,2.0,13.0,7.0,False
null,0.0,,135,120,0.8338470458984375,1.0,7.0,10.0,False
null_any,0.0,,135,0,,,,,False
null,0.0,,136,30,0.14313936233520508,3.0,14.0,8.0,False
null,0.0,,136,60,0.5880985260009766,1.0,10.0,10.0,False
null,0.0,,136,120,0.80615234375,1.0,5.0,7.0,False
null_any,0.0,,136,0,,,,,False
null,0.0,,137,30,0.9682159423828125,1.0,6.0,13.0,False
null,0.0,,137,60,0.8949432373046875,1.0,6.0,10.0,False
null,0.0,,137,120,0.953857421875,0.0,4.0,9.0,False
null_any,0.0,,137,0,,,,,False
null,0.0,,138,30,0.0106353759765625,4.0,13.0,3.0,True
null,0.0,,138,60,0.026239395141601562,4.0,16.0,6.0,False
null,0.0,,138,120,0.0717315673828125,4.0,12.0,5.0,False
null_any,0.0,,138,0,,,,,True
null,0.0,,139,30,0.7214014530181885,2.0,12.0,14.0,False
null,0.0,,139,60,0.9319770261645317,1.0,11.0,18.0,False
null,0.0,,139,120,0.9615936279296875,0.0,5.0,11.0,False
null_any,0.0,,139,0,,,,,False
null,0.0,,140,30,0.7293719053268433,2.0,11.0,13.0,False
null,0.0,,140,60,0.27062809467315674,3.0,14.0,10.0,False
null,0.0,,140,120,0.30361938476562494,2.0,9.0,6.0,False
null_any,0.0,,140,0,,,,,False
null,0.0,,141,30,0.8684120178222656,1.0,8.0,12.0,False
null,0.0,,141,60,0.4159059524536133,2.0,12.0,10.0,False
null,0.0,,141,120,0.78802490234375,1.0,6.0,8.0,False
null_any,0.0,,141,0,,,,,False
null,0.0,,142,30,0.7727508544921875,1.0,7.0,9.0,False
null,0.0,,142,60,0.0384063720703125,3.0,12.0,4.0,False
null,0.0,,142,120,0.61279296875,2.0,6.0,6.0,False
null_any,0.0,,142,0,,,,,False
null,0.0,,143,30,0.40726470947265625,2.0,10.0,8.0,False
null,0.0,,143,60,0.604736328125,1.0,7.0,7.0,False
null,0.0,,143,120,0.4018096923828125,3.0,9.0,7.0,False
null_any,0.0,,143,0,,,,,False
null,0.0,,144,30,0.8203582763671875,1.0,8.0,11.0,False
null,0.0,,144,60,0.5840940475463867,1.0,11.0,11.0,False
null,0.0,,144,120,0.2403411865234375,3.0,11.0,7.0,False
null_any,0.0,,144,0,,,,,False
null,0.0,,145,30,0.8684120178222656,1.0,8.0,12.0,False
null,0.0,,145,60,0.5,2.0,11.0,10.0,False
null,0.0,,145,120,0.61279296875,1.0,6.0,6.0,False
null_any,0.0,,145,0,,,,,False
null,0.0,,146,30,0.3388197422027588,2.0,13.0,10.0,False
null,0.0,,146,60,0.5880985260009766,1.0,10.0,10.0,False
null,0.0,,146,120,0.604736328125,2.0,7.0,7.0,False
null_any,0.0,,146,0,,,,,False
null,0.0,,147,30,0.3145294189453125,2.0,10.0,7.0,False
null,0.0,,147,60,0.6761970520019531,1.0,9.0,10.0,False
null,0.0,,147,120,0.376953125,2.0,6.0,4.0,False
null_any,0.0,,147,0,,,,,False
null,0.0,,148,30,0.8665771484375,0.0,5.0,8.0,False
null,0.0,,148,60,0.8203582763671875,0.0,8.0,11.0,False
null,0.0,,148,120,0.7727508544921875,1.0,7.0,9.0,False
null_any,0.0,,148,0,,,,,False
null,0.0,,149,30,0.996826171875,0.0,2.0,10.0,False
null,0.0,,149,60,0.8203582763671875,1.0,8.0,11.0,False
null,0.0,,149,120,0.38720703125,2.0,7.0,5.0,False
null_any,0.0,,149,0,,,,,False
null,0.0,,150,30,0.9164657592773438,1.0,7.0,12.0,False
null,0.0,,150,60,0.3238029479980469,3.0,11.0,8.0,False
null,0.0,,150,120,0.2272491455078125,2.0,10.0,6.0,False
null_any,0.0,,150,0,,,,,False
null,0.0,,151,30,0.41190147399902344,2.0,11.0,9.0,False
null,0.0,,151,60,0.696380615234375,1.0,7.0,8.0,False
null,0.0,,151,120,0.29052734375,2.0,8.0,5.0,False
null_any,0.0,,151,0,,,,,False
null,0.0,,152,30,0.3238029479980469,2.0,11.0,8.0,False
null,0.0,,152,60,0.3238029479980469,2.0,11.0,8.0,False
null,0.0,,152,120,0.2272491455078125,3.0,10.0,6.0,False
null_any,0.0,,152,0,,,,,False
null,0.0,,153,30,0.6681880950927734,1.0,10.0,11.0,False
null,0.0,,153,60,0.7596588134765625,1.0,8.0,10.0,False
null,0.0,,153,120,0.9615936279296875,1.0,5.0,11.0,False
null_any,0.0,,153,0,,,,,False
null,0.0,,154,30,0.1796417236328125,3.0,12.0,7.0,False
null,0.0,,154,60,0.5,2.0,12.0,11.0,False
null,0.0,,154,120,0.3145294189453125,3.0,10.0,7.0,False
null_any,0.0,,154,0,,,,,False
null,0.0,,155,30,0.6611802577972412,1.0,11.0,12.0,False
null,0.0,,155,60,0.4194098711013794,3.0,13.0,11.0,False
null,0.0,,155,120,0.808344841003418,2.0,9.0,12.0,False
null_any,0.0,,155,0,,,,,False
null,0.0,,156,30,0.9164657592773438,0.0,7.0,12.0,False
null,0.0,,156,60,0.7727508544921875,1.0,7.0,9.0,False
null,0.0,,156,120,0.70947265625,1.0,6.0,7.0,False
null_any,0.0,,156,0,,,,,False
null,0.0,,157,30,0.5,1.0,11.0,10.0,False
null,0.0,,157,60,0.30361938476562494,2.0,9.0,6.0,False
null,0.0,,157,120,0.01123046875,3.0,11.0,2.0,True
null_any,0.0,,157,0,,,,,True
null,0.0,,158,30,0.6854705810546875,1.0,8.0,9.0,False
null,0.0,,158,60,0.7596588134765625,2.0,8.0,10.0,False
null,0.0,,158,120,0.623046875,2.0,5.0,5.0,False
null_any,0.0,,158,0,,,,,False
null,0.0,,159,30,0.696380615234375,2.0,7.0,8.0,False
null,0.0,,159,60,0.91021728515625,2.0,5.0,9.0,False
null,0.0,,159,120,0.7727508544921875,1.0,7.0,9.0,False
null_any,0.0,,159,0,,,,,False
null,0.0,,160,30,0.6854705810546875,2.0,8.0,9.0,False
null,0.0,,160,60,0.2403411865234375,2.0,11.0,7.0,False
null,0.0,,160,120,0.40726470947265625,2.0,10.0,8.0,False
null_any,0.0,,160,0,,,,,False
null,0.0,,161,30,0.604736328125,1.0,7.0,7.0,False
null,0.0,,161,60,0.2403411865234375,3.0,11.0,7.0,False
null,0.0,,161,120,0.08978271484375,2.0,10.0,4.0,False
null_any,0.0,,161,0,,,,,False
null,0.0,,162,30,0.40726470947265625,3.0,10.0,8.0,False
null,0.0,,162,60,0.15372812747955322,2.0,15.0,9.0,False
null,0.0,,162,120,0.3238029479980469,3.0,11.0,8.0,False
null_any,0.0,,162,0,,,,,False
null,0.0,,163,30,0.5,2.0,9.0,8.0,False
null,0.0,,163,60,0.3145294189453125,3.0,10.0,7.0,False
null,0.0,,163,120,0.171875,3.0,7.0,3.0,False
null_any,0.0,,163,0,,,,,False
null,0.0,,164,30,0.696380615234375,1.0,7.0,8.0,False
null,0.0,,164,60,0.7596588134765625,1.0,8.0,10.0,False
null,0.0,,164,120,0.30361938476562494,2.0,9.0,6.0,False
null_any,0.0,,164,0,,,,,False
null,0.0,,165,30,0.15087890624999997,3.0,10.0,5.0,False
null,0.0,,165,60,0.8810577392578125,1.0,7.0,11.0,False
null,0.0,,165,120,0.30361938476562494,2.0,9.0,6.0,False
null_any,0.0,,165,0,,,,,False
null,0.0,,166,30,0.9793052673339844,0.0,6.0,14.0,False
null,0.0,,166,60,0.8949801921844482,0.0,9.0,14.0,False
null,0.0,,166,120,0.8810577392578125,1.0,7.0,11.0,False
null_any,0.0,,166,0,,,,,False
null,0.0,,167,30,0.91021728515625,2.0,5.0,9.0,False
null,0.0,,167,60,0.808344841003418,1.0,9.0,12.0,False
null,0.0,,167,120,0.70947265625,2.0,6.0,7.0,False
null_any,0.0,,167,0,,,,,False
null,0.0,,168,30,0.70947265625,0.0,6.0,7.0,False
null,0.0,,168,60,0.5927352905273438,1.0,9.0,9.0,False
null,0.0,,168,120,0.927001953125,1.0,4.0,8.0,False
null_any,0.0,,168,0,,,,,False
null,0.0,,169,30,0.70947265625,1.0,6.0,7.0,False
null,0.0,,169,60,0.9330997467041016,1.0,8.0,14.0,False
null,0.0,,169,120,0.9615936279296875,0.0,5.0,11.0,False
null_any,0.0,,169,0,,,,,False
null,0.0,,170,30,0.19165515899658203,3.0,13.0,8.0,False
null,0.0,,170,60,0.2617335319519043,3.0,13.0,9.0,False
null,0.0,,170,120,0.2403411865234375,3.0,11.0,7.0,False
null_any,0.0,,170,0,,,,,False
null,0.0,,171,30,0.5,2.0,7.0,6.0,False
null,0.0,,171,60,0.41190147399902344,3.0,11.0,9.0,False
null,0.0,,171,120,0.8949432373046875,1.0,6.0,10.0,False
null_any,0.0,,171,0,,,,,False
null,0.0,,172,30,0.8684120178222656,1.0,8.0,12.0,False
null,0.0,,172,60,0.5981903076171875,1.0,8.0,8.0,False
null,0.0,,172,120,0.88671875,1.0,4.0,7.0,False
null_any,0.0,,172,0,,,,,False
null,0.0,,173,30,0.98876953125,1.0,3.0,10.0,False
null,0.0,,173,60,0.940765380859375,0.0,5.0,10.0,False
null,0.0,,173,120,0.6761970520019531,2.0,9.0,10.0,False
null_any,0.0,,173,0,,,,,False
null,0.0,,174,30,0.3238029479980469,2.0,11.0,8.0,False
null,0.0,,174,60,0.41190147399902344,3.0,11.0,9.0,False
null,0.0,,174,120,0.696380615234375,1.0,7.0,8.0,False
null_any,0.0,,174,0,,,,,False
null,0.0,,175,30,0.940765380859375,1.0,5.0,10.0,False
null,0.0,,175,60,0.9915497303009033,1.0,6.0,16.0,False
null,0.0,,175,120,0.9282684326171875,1.0,6.0,11.0,False
null_any,0.0,,175,0,,,,,False
null,0.0,,176,30,0.5981903076171875,2.0,8.0,8.0,False
null,0.0,,176,60,0.5,1.0,10.0,9.0,False
null,0.0,,176,120,0.5,2.0,9.0,8.0,False
null_any,0.0,,176,0,,,,,False
null,0.0,,177,30,0.13158798217773438,3.0,13.0,7.0,False
null,0.0,,177,60,0.048126220703125,3.0,13.0,5.0,False
null,0.0,,177,120,0.13158798217773438,3.0,13.0,7.0,False
null_any,0.0,,177,0,,,,,False
null,0.0,,178,30,0.9164657592773438,0.0,7.0,12.0,False
null,0.0,,178,60,0.951873779296875,1.0,6.0,12.0,False
null,0.0,,178,120,0.80615234375,1.0,5.0,7.0,False
null_any,0.0,,178,0,,,,,False
null,0.0,,179,30,0.6761970520019531,1.0,9.0,10.0,False
null,0.0,,179,60,0.09462356567382812,2.0,14.0,7.0,False
null,0.0,,179,120,0.08353424072265625,3.0,13.0,6.0,False
null_any,0.0,,179,0,,,,,False
null,0.0,,180,30,0.08353424072265625,2.0,13.0,6.0,False
null,0.0,,180,60,0.10501980781555176,3.0,15.0,8.0,False
null,0.0,,180,120,0.0717315673828125,4.0,12.0,5.0,False
null_any,0.0,,180,0,,,,,False
null,0.0,,181,30,0.9754791259765625,0.0,5.0,12.0,False
null,0.0,,181,60,0.5981903076171875,2.0,8.0,8.0,False
null,0.0,,181,120,0.5,2.0,9.0,8.0,False
null_any,0.0,,181,0,,,,,False
null,0.0,,182,30,0.5,3.0,9.0,8.0,False
null,0.0,,182,60,0.19165515899658203,3.0,13.0,8.0,False
null,0.0,,182,120,0.2272491455078125,2.0,10.0,6.0,False
null_any,0.0,,182,0,,,,,False
null,0.0,,183,30,0.7596588134765625,1.0,8.0,10.0,False
null,0.0,,183,60,0.8684120178222656,1.0,8.0,12.0,False
null,0.0,,183,120,0.953857421875,0.0,4.0,9.0,False
null_any,0.0,,183,0,,,,,False
null,0.0,,184,30,0.2272491455078125,2.0,10.0,6.0,False
null,0.0,,184,60,0.3388197422027588,1.0,13.0,10.0,False
null,0.0,,184,120,0.696380615234375,2.0,7.0,8.0,False
null_any,0.0,,184,0,,,,,False
null,0.0,,185,30,0.2403411865234375,2.0,11.0,7.0,False
null,0.0,,185,60,0.5,2.0,11.0,10.0,False
null,0.0,,185,120,0.30361938476562494,2.0,9.0,6.0,False
null_any,0.0,,185,0,,,,,False
null,0.0,,186,30,0.4159059524536133,2.0,12.0,10.0,False
null,0.0,,186,60,0.808344841003418,2.0,9.0,12.0,False
null,0.0,,186,120,0.7482776641845703,1.0,9.0,11.0,False
null_any,0.0,,186,0,,,,,False
null,0.0,,187,30,0.6854705810546875,2.0,8.0,9.0,False
null,0.0,,187,60,0.8338470458984375,1.0,7.0,10.0,False
null,0.0,,187,120,0.9282684326171875,1.0,6.0,11.0,False
null_any,0.0,,187,0,,,,,False
null,0.0,,188,30,0.21197509765625,3.0,9.0,5.0,False
null,0.0,,188,60,0.5927352905273438,2.0,9.0,9.0,False
null,0.0,,188,120,0.696380615234375,1.0,7.0,8.0,False
null_any,0.0,,188,0,,,,,False
null,0.0,,189,30,0.21217811107635498,3.0,15.0,10.0,False
null,0.0,,189,60,0.4159059524536133,2.0,12.0,10.0,False
null,0.0,,189,120,0.84912109375,1.0,6.0,9.0,False
null_any,0.0,,189,0,,,,,False
null,0.0,,190,30,0.2617335319519043,3.0,13.0,9.0,False
null,0.0,,190,60,0.5,2.0,10.0,9.0,False
null,0.0,,190,120,0.8338470458984375,1.0,7.0,10.0,False
null_any,0.0,,190,0,,,,,False
null,0.0,,191,30,0.6854705810546875,0.0,8.0,9.0,False
null,0.0,,191,60,0.41190147399902344,1.0,11.0,9.0,False
null,0.0,,191,120,0.15087890624999997,1.0,10.0,5.0,False
null_any,0.0,,191,0,,,,,False
null,0.0,,192,30,0.5840940475463867,2.0,11.0,11.0,False
null,0.0,,192,60,0.95343017578125,0.0,8.0,15.0,False
null,0.0,,192,120,0.604736328125,2.0,7.0,7.0,False
null_any,0.0,,192,0,,,,,False
null,0.0,,193,30,0.5981903076171875,2.0,8.0,8.0,False
null,0.0,,193,60,0.3238029479980469,3.0,11.0,8.0,False
null,0.0,,193,120,0.5,2.0,5.0,4.0,False
null_any,0.0,,193,0,,,,,False
null,0.0,,194,30,0.13158798217773438,3.0,13.0,7.0,False
null,0.0,,194,60,0.014479637145996094,4.0,19.0,7.0,True
null,0.0,,194,120,0.21197509765625,2.0,9.0,5.0,False
null_any,0.0,,194,0,,,,,True
null,0.0,,195,30,0.99908447265625,0.0,2.0,12.0,False
null,0.0,,195,60,0.9915497303009033,0.0,6.0,16.0,False
null,0.0,,195,120,0.9754791259765625,0.0,5.0,12.0,False
null_any,0.0,,195,0,,,,,False
null,0.0,,196,30,0.5805901288986206,2.0,12.0,12.0,False
null,0.0,,196,60,0.5,2.0,11.0,10.0,False
null,0.0,,196,120,0.7482776641845703,1.0,9.0,11.0,False
null_any,0.0,,196,0,,,,,False
null,0.0,,197,30,0.09462356567382812,4.0,14.0,7.0,False
null,0.0,,197,60,0.1796417236328125,2.0,12.0,7.0,False
null,0.0,,197,120,0.84912109375,2.0,6.0,9.0,False
null_any,0.0,,197,0,,,,,False
null,0.0,,198,30,0.9946889877319336,0.0,6.0,17.0,False
null,0.0,,198,60,0.9940910339355469,0.0,5.0,15.0,False
null,0.0,,198,120,0.5,2.0,6.0,5.0,False
null_any,0.0,,198,0,,,,,False
null,0.0,,199,30,0.8338470458984375,1.0,7.0,10.0,False
null,0.0,,199,60,0.13158798217773438,3.0,13.0,7.0,False
null,0.0,,199,120,0.15087890624999997,2.0,10.0,5.0,False
null_any,0.0,,199,0,,,,,False
