morphology,effect_sd_per_affected_metric,lag_min,seed,activated_events,detected_rf_events,detected,best_p,best_horizon_min
joint_step,0.5,15,0,38,172,True,0.0002730563282966614,30
joint_step,0.5,15,1,28,168,True,0.0018595829606056213,30
joint_step,0.5,15,2,35,171,True,0.00045611709356307983,30
joint_step,0.5,15,3,36,172,True,8.999556303024292e-05,30
joint_step,0.5,15,4,33,169,True,0.0029623061418533325,30
joint_step,0.5,15,5,33,169,True,0.000771939754486084,30
joint_step,0.5,15,6,28,165,True,0.0106353759765625,120
joint_step,0.5,15,7,29,169,True,0.0026114396750926976,30
joint_step,0.5,15,8,37,172,True,0.0001553744077682495,30
joint_step,0.5,15,9,26,164,False,0.021642625331878662,30
joint_step,0.5,15,10,34,173,True,0.00016245711594820025,30
joint_step,0.5,15,11,31,167,True,0.007316648960113525,30
joint_step,0.5,15,12,35,171,True,0.00026676058769226074,30
joint_step,0.5,15,13,40,170,True,0.0001385807991027832,30
joint_step,0.5,15,14,37,170,True,0.00045611709356307983,30
joint_step,0.5,15,15,33,170,True,0.0004552602767944336,30
joint_step,0.5,15,16,31,169,True,0.000771939754486084,30
joint_step,0.5,15,17,30,168,True,0.0018595829606056213,30
joint_step,0.5,15,18,33,170,True,0.00026676058769226074,30
joint_step,0.5,15,19,30,168,True,0.0046776533126831055,30
joint_step,0.5,15,20,34,170,True,0.00045611709356307983,30
joint_step,0.5,15,21,33,170,True,0.0004552602767944336,30
joint_step,0.5,15,22,33,169,True,0.0018595829606056213,30
joint_step,0.5,15,23,37,173,True,4.398822784423828e-05,30
joint_step,0.5,15,24,37,172,True,7.826089859008789e-05,30
joint_step,0.5,15,25,31,172,True,8.999556303024292e-05,30
joint_step,0.5,15,26,33,170,True,0.0007154531776905061,30
joint_step,0.5,15,27,30,170,True,0.0012469589710235596,30
joint_step,0.5,15,28,26,167,True,0.0046776533126831055,30
joint_step,0.5,15,29,32,167,False,0.004065029323101044,30
joint_step,0.5,15,30,36,170,True,0.0010512007866054773,30
joint_step,0.5,15,31,30,168,True,0.0012469589710235596,30
joint_step,0.5,15,32,34,171,True,7.826089859008789e-05,30
joint_step,0.5,15,33,28,168,True,0.002171754837036133,30
joint_step,0.5,15,34,34,169,True,0.0016634464263916016,30
joint_step,0.5,15,35,37,171,True,0.00045611709356307983,30
joint_step,0.5,15,36,32,169,True,0.0016634464263916016,30
joint_step,0.5,15,37,37,169,True,0.0018595829606056213,30
joint_step,0.5,15,38,29,166,True,0.002171754837036133,30
joint_step,0.5,15,39,37,170,True,0.0007568597793579102,30
joint_step,0.5,15,40,39,174,True,2.4616718292236328e-05,30
joint_step,0.5,15,41,33,169,True,0.0004552602767944336,30
joint_step,0.5,15,42,34,169,True,0.0004552602767944336,30
joint_step,0.5,15,43,28,167,True,0.002171754837036133,30
joint_step,0.5,15,44,34,169,True,0.000771939754486084,30
joint_step,0.5,15,45,34,169,True,0.0011578500270843506,30
joint_step,0.5,15,46,35,171,True,0.0002730563282966614,30
joint_step,0.5,15,47,35,171,True,0.0002730563282966614,30
joint_step,0.5,15,48,30,169,True,0.0018595829606056213,30
joint_step,0.5,15,49,34,171,True,0.000244140625,30
joint_step,0.5,30,0,38,169,True,0.003305375576019287,30
joint_step,0.5,30,1,28,162,False,0.03195732831954956,30
joint_step,0.5,30,2,35,167,True,0.007316648960113525,30
joint_step,0.5,30,3,36,166,True,0.0106353759765625,120
joint_step,0.5,30,4,33,170,True,0.007316648960113525,30
joint_step,0.5,30,5,33,167,True,0.003692626953125,120
joint_step,0.5,30,6,28,164,True,0.003692626953125,120
joint_step,0.5,30,7,29,168,True,0.011327922344207764,60
joint_step,0.5,30,8,37,165,True,0.0063629150390625,120
joint_step,0.5,30,9,26,164,False,0.0245208740234375,120
joint_step,0.5,30,10,34,167,True,0.0063629150390625,120
joint_step,0.5,30,11,31,166,True,0.014479637145996094,30
joint_step,0.5,30,12,35,167,True,0.0063629150390625,120
joint_step,0.5,30,13,40,169,True,0.0020386576652526855,30
joint_step,0.5,30,14,37,165,True,0.005311012268066406,30
joint_step,0.5,30,15,33,165,False,0.017578125,120
joint_step,0.5,30,16,31,163,True,0.0064697265625,120
joint_step,0.5,30,17,30,162,False,0.021642625331878662,30
joint_step,0.5,30,18,33,167,True,0.007316648960113525,30
joint_step,0.5,30,19,30,167,True,0.014479637145996094,30
joint_step,0.5,30,20,34,168,True,0.0063629150390625,120
joint_step,0.5,30,21,33,163,False,0.01734483242034912,30
joint_step,0.5,30,22,33,166,True,0.011327922344207764,30
joint_step,0.5,30,23,37,165,True,0.0106353759765625,120
joint_step,0.5,30,24,37,169,True,0.0020904541015625,120
joint_step,0.5,30,25,31,165,True,0.01544189453125,120
joint_step,0.5,30,26,33,167,True,0.003692626953125,120
joint_step,0.5,30,27,30,167,True,0.00845026969909668,30
joint_step,0.5,30,28,26,163,False,0.0245208740234375,120
joint_step,0.5,30,29,32,166,True,0.0106353759765625,120
joint_step,0.5,30,30,36,168,True,0.003305375576019287,60
joint_step,0.5,30,31,30,162,False,0.0245208740234375,120
joint_step,0.5,30,32,34,165,True,0.0106353759765625,120
joint_step,0.5,30,33,28,167,True,0.0106353759765625,120
joint_step,0.5,30,34,34,165,True,0.01544189453125,120
joint_step,0.5,30,35,37,166,False,0.021642625331878662,30
joint_step,0.5,30,36,32,167,True,0.011327922344207764,60
joint_step,0.5,30,37,37,166,True,0.0020904541015625,120
joint_step,0.5,30,38,29,166,False,0.017578125,120
joint_step,0.5,30,39,37,166,True,0.00845026969909668,60
joint_step,0.5,30,40,39,168,True,0.0063629150390625,120
joint_step,0.5,30,41,33,166,True,0.003305375576019287,30
joint_step,0.5,30,42,34,165,True,0.0063629150390625,120
joint_step,0.5,30,43,28,165,True,0.0095786452293396,30
joint_step,0.5,30,44,34,169,True,0.005311012268066406,60
joint_step,0.5,30,45,34,167,True,0.005311012268066406,30
joint_step,0.5,30,46,35,166,True,0.011327922344207764,60
joint_step,0.5,30,47,35,168,True,0.0046776533126831055,30
joint_step,0.5,30,48,30,165,True,0.003692626953125,120
joint_step,0.5,30,49,34,165,True,0.00845026969909668,30
joint_step,0.5,60,0,38,167,True,0.0106353759765625,120
joint_step,0.5,60,1,28,163,False,0.0245208740234375,120
joint_step,0.5,60,2,35,166,True,0.01544189453125,120
joint_step,0.5,60,3,36,171,True,0.003692626953125,120
joint_step,0.5,60,4,33,167,False,0.03195732831954956,60
joint_step,0.5,60,5,33,163,True,0.0106353759765625,120
joint_step,0.5,60,6,28,164,True,0.0106353759765625,120
joint_step,0.5,60,7,29,163,False,0.05387607216835022,60
joint_step,0.5,60,8,37,169,True,0.0064697265625,120
joint_step,0.5,60,9,26,163,False,0.0245208740234375,120
joint_step,0.5,60,10,34,168,True,0.0106353759765625,120
joint_step,0.5,60,11,31,165,False,0.0245208740234375,120
joint_step,0.5,60,12,35,168,False,0.03195732831954956,60
joint_step,0.5,60,13,40,170,True,0.01123046875,120
joint_step,0.5,60,14,37,167,True,0.0106353759765625,120
joint_step,0.5,60,15,33,169,False,0.01734483242034912,60
joint_step,0.5,60,16,31,168,True,0.0064697265625,120
joint_step,0.5,60,17,30,165,False,0.0245208740234375,120
joint_step,0.5,60,18,33,164,True,0.0064697265625,120
joint_step,0.5,60,19,30,168,False,0.0245208740234375,120
joint_step,0.5,60,20,34,167,True,0.0063629150390625,120
joint_step,0.5,60,21,33,165,False,0.0286865234375,120
joint_step,0.5,60,22,33,164,False,0.048126220703125,120
joint_step,0.5,60,23,37,166,True,0.003692626953125,120
joint_step,0.5,60,24,37,171,True,0.0064697265625,120
joint_step,0.5,60,25,31,167,True,0.0063629150390625,120
joint_step,0.5,60,26,33,167,True,0.0106353759765625,120
joint_step,0.5,60,27,30,165,False,0.0384063720703125,120
joint_step,0.5,60,28,26,164,True,0.01544189453125,120
joint_step,0.5,60,29,32,167,True,0.0106353759765625,120
joint_step,0.5,60,30,36,167,False,0.0245208740234375,120
joint_step,0.5,60,31,30,168,False,0.0245208740234375,120
joint_step,0.5,60,32,34,170,False,0.01734483242034912,60
joint_step,0.5,60,33,28,167,True,0.003692626953125,120
joint_step,0.5,60,34,34,164,False,0.0717315673828125,120
joint_step,0.5,60,35,37,168,False,0.017578125,120
joint_step,0.5,60,36,32,168,False,0.0245208740234375,120
joint_step,0.5,60,37,37,168,True,0.0106353759765625,120
joint_step,0.5,60,38,29,167,False,0.0286865234375,120
joint_step,0.5,60,39,37,168,True,0.0064697265625,120
joint_step,0.5,60,40,39,169,True,0.0106353759765625,120
joint_step,0.5,60,41,33,166,False,0.017578125,120
joint_step,0.5,60,42,34,166,False,0.0245208740234375,120
joint_step,0.5,60,43,28,168,True,0.003692626953125,120
joint_step,0.5,60,44,34,168,True,0.0106353759765625,120
joint_step,0.5,60,45,34,165,False,0.0384063720703125,120
joint_step,0.5,60,46,35,165,False,0.0286865234375,120
joint_step,0.5,60,47,35,165,False,0.017578125,120
joint_step,0.5,60,48,30,164,True,0.0106353759765625,120
joint_step,0.5,60,49,34,164,True,0.003692626953125,120
joint_step,1.0,15,0,38,180,True,1.2780074030160904e-06,30
joint_step,1.0,15,1,28,175,True,2.9738061130046848e-05,30
joint_step,1.0,15,2,35,179,True,4.33996319770813e-07,30
joint_step,1.0,15,3,36,178,True,2.3245811462402344e-06,30
joint_step,1.0,15,4,33,177,True,4.215165972709656e-06,30
joint_step,1.0,15,5,33,177,True,2.823770046234131e-06,30
joint_step,1.0,15,6,28,172,True,7.826089859008789e-05,30
joint_step,1.0,15,7,29,175,True,2.9738061130046848e-05,30
joint_step,1.0,15,8,37,178,True,8.121132850646973e-07,30
joint_step,1.0,15,9,26,171,True,0.0002730563282966614,30
joint_step,1.0,15,10,34,178,True,1.2780074030160904e-06,30
joint_step,1.0,15,11,31,174,True,5.1857903599739075e-05,30
joint_step,1.0,15,12,35,179,True,2.3245811462402344e-06,30
joint_step,1.0,15,13,40,180,True,3.725290298461914e-09,30
joint_step,1.0,15,14,37,178,True,4.33996319770813e-07,30
joint_step,1.0,15,15,33,178,True,8.121132850646973e-07,30
joint_step,1.0,15,16,31,175,True,2.4616718292236328e-05,30
joint_step,1.0,15,17,30,172,True,8.999556303024292e-05,30
joint_step,1.0,15,18,33,179,True,5.587935447692871e-08,30
joint_step,1.0,15,19,30,174,True,0.00016245711594820025,30
joint_step,1.0,15,20,34,180,True,1.2316741049289703e-07,30
joint_step,1.0,15,21,33,175,True,5.245208740234375e-06,30
joint_step,1.0,15,22,33,177,True,3.309384919703007e-05,30
joint_step,1.0,15,23,37,180,True,5.587935447692871e-08,30
joint_step,1.0,15,24,37,181,True,5.587935447692871e-08,30
joint_step,1.0,15,25,31,179,True,1.2780074030160904e-06,30
joint_step,1.0,15,26,33,176,True,1.9279075786471367e-05,30
joint_step,1.0,15,27,30,175,True,2.4616718292236328e-05,30
joint_step,1.0,15,28,26,172,True,4.398822784423828e-05,30
joint_step,1.0,15,29,32,175,True,3.309384919703007e-05,30
joint_step,1.0,15,30,36,179,True,3.7137651816010475e-06,30
joint_step,1.0,15,31,30,173,True,8.999556303024292e-05,30
joint_step,1.0,15,32,34,177,True,2.086162567138672e-07,30
joint_step,1.0,15,33,28,175,True,1.372024416923523e-05,30
joint_step,1.0,15,34,34,176,True,5.842093378305435e-05,30
joint_step,1.0,15,35,37,178,True,2.3245811462402344e-06,30
joint_step,1.0,15,36,32,177,True,1.9279075786471367e-05,30
joint_step,1.0,15,37,37,178,True,1.9279075786471367e-05,30
joint_step,1.0,15,38,29,173,True,2.86102294921875e-06,30
joint_step,1.0,15,39,37,178,True,4.33996319770813e-07,30
joint_step,1.0,15,40,39,181,True,2.8870999813079834e-08,30
joint_step,1.0,15,41,33,178,True,1.0803341865539551e-07,30
joint_step,1.0,15,42,34,175,True,2.823770046234131e-06,30
joint_step,1.0,15,43,28,173,True,9.715557098388672e-06,30
joint_step,1.0,15,44,34,177,True,8.121132850646973e-07,30
joint_step,1.0,15,45,34,176,True,4.215165972709656e-06,30
joint_step,1.0,15,46,35,180,True,1.2316741049289703e-07,30
joint_step,1.0,15,47,35,178,True,1.2780074030160904e-06,30
joint_step,1.0,15,48,30,175,True,1.372024416923523e-05,30
joint_step,1.0,15,49,34,177,True,5.960464477539063e-08,30
joint_step,1.0,30,0,38,176,True,1.697661355137825e-05,30
joint_step,1.0,30,1,28,169,True,5.653710104525089e-05,30
joint_step,1.0,30,2,35,175,True,3.309384919703007e-05,30
joint_step,1.0,30,3,36,174,True,5.653710104525089e-05,30
joint_step,1.0,30,4,33,175,True,5.1857903599739075e-05,30
joint_step,1.0,30,5,33,173,True,7.618218660354614e-06,30
joint_step,1.0,30,6,28,169,True,0.00048828125,120
joint_step,1.0,30,7,29,172,True,0.0002730563282966614,30
joint_step,1.0,30,8,37,173,True,5.653710104525089e-05,30
joint_step,1.0,30,9,26,168,True,0.0026114396750926976,30
joint_step,1.0,30,10,34,174,True,9.650597348809242e-06,30
joint_step,1.0,30,11,31,169,True,0.0004389551468193531,30
joint_step,1.0,30,12,35,174,True,1.697661355137825e-05,30
joint_step,1.0,30,13,40,175,True,4.215165972709656e-06,30
joint_step,1.0,30,14,37,172,True,7.618218660354614e-06,30
joint_step,1.0,30,15,33,172,True,9.609758853912354e-05,30
joint_step,1.0,30,16,31,169,True,0.0001220703125,120
joint_step,1.0,30,17,30,168,True,0.0016634464263916016,30
joint_step,1.0,30,18,33,173,True,1.697661355137825e-05,30
joint_step,1.0,30,19,30,173,True,0.00016245711594820025,30
joint_step,1.0,30,20,34,175,True,9.609758853912354e-05,30
joint_step,1.0,30,21,33,171,True,8.999556303024292e-05,30
joint_step,1.0,30,22,33,170,True,0.0002675263676792383,30
joint_step,1.0,30,23,37,174,True,9.650597348809242e-06,30
joint_step,1.0,30,24,37,176,True,7.618218660354614e-06,30
joint_step,1.0,30,25,31,172,True,2.9738061130046848e-05,30
joint_step,1.0,30,26,33,173,True,0.0002541302237659693,30
joint_step,1.0,30,27,30,173,True,0.00045611709356307983,30
joint_step,1.0,30,28,26,167,True,0.0020386576652526855,30
joint_step,1.0,30,29,32,172,True,0.0006593635771423578,30
joint_step,1.0,30,30,36,173,True,0.0002359933714615181,30
joint_step,1.0,30,31,30,168,True,0.00045611709356307983,30
joint_step,1.0,30,32,34,173,True,8.999556303024292e-05,30
joint_step,1.0,30,33,28,172,True,0.00016245711594820025,30
joint_step,1.0,30,34,34,170,True,0.0005966214812360704,30
joint_step,1.0,30,35,37,174,True,5.653710104525089e-05,30
joint_step,1.0,30,36,32,173,True,0.0001620317343622446,30
joint_step,1.0,30,37,37,172,True,9.756279177963734e-05,30
joint_step,1.0,30,38,29,170,True,0.0001385807991027832,30
joint_step,1.0,30,39,37,174,True,3.3020973205566406e-05,60
joint_step,1.0,30,40,39,176,True,1.697661355137825e-05,30
joint_step,1.0,30,41,33,172,True,1.697661355137825e-05,30
joint_step,1.0,30,42,34,171,True,0.00026676058769226074,30
joint_step,1.0,30,43,28,171,True,0.0002730563282966614,30
joint_step,1.0,30,44,34,173,True,2.9738061130046848e-05,30
joint_step,1.0,30,45,34,172,True,2.9738061130046848e-05,30
joint_step,1.0,30,46,35,173,True,1.9279075786471367e-05,30
joint_step,1.0,30,47,35,174,True,0.0001620317343622446,30
joint_step,1.0,30,48,30,171,True,0.0004389551468193531,30
joint_step,1.0,30,49,34,174,True,4.398822784423828e-05,30
joint_step,1.0,60,0,38,177,True,0.00048828125,120
joint_step,1.0,60,1,28,168,True,0.00845026969909668,60
joint_step,1.0,60,2,35,171,True,0.003305375576019287,60
joint_step,1.0,60,3,36,179,True,0.00091552734375,120
joint_step,1.0,60,4,33,173,True,0.011327922344207764,60
joint_step,1.0,60,5,33,170,True,0.00091552734375,120
joint_step,1.0,60,6,28,170,True,0.00048828125,120
joint_step,1.0,60,7,29,170,True,0.01544189453125,120
joint_step,1.0,60,8,37,177,True,0.0004277229309082031,60
joint_step,1.0,60,9,26,169,True,0.0106353759765625,120
joint_step,1.0,60,10,34,175,True,0.0020386576652526855,60
joint_step,1.0,60,11,31,175,True,0.0063629150390625,120
joint_step,1.0,60,12,35,175,True,0.003692626953125,120
joint_step,1.0,60,13,40,178,True,0.0007448196411132812,60
joint_step,1.0,60,14,37,175,True,0.0020904541015625,120
joint_step,1.0,60,15,33,176,True,0.001708984375,120
joint_step,1.0,60,16,31,175,True,0.000244140625,120
joint_step,1.0,60,17,30,173,True,0.01544189453125,120
joint_step,1.0,60,18,33,173,True,0.00091552734375,120
joint_step,1.0,60,19,30,174,True,0.007316648960113525,60
joint_step,1.0,60,20,34,177,True,0.0002593994140625,120
joint_step,1.0,60,21,33,172,True,0.0035986900329589844,60
joint_step,1.0,60,22,33,174,True,0.01544189453125,120
joint_step,1.0,60,23,37,173,True,0.00048828125,120
joint_step,1.0,60,24,37,176,True,0.0001220703125,120
joint_step,1.0,60,25,31,174,True,0.0020386576652526855,60
joint_step,1.0,60,26,33,175,True,0.00091552734375,120
joint_step,1.0,60,27,30,172,True,0.011327922344207764,60
joint_step,1.0,60,28,26,170,True,0.0063629150390625,120
joint_step,1.0,60,29,32,175,True,0.003692626953125,120
joint_step,1.0,60,30,36,175,True,0.0020904541015625,120
joint_step,1.0,60,31,30,175,True,0.0106353759765625,120
joint_step,1.0,60,32,34,176,True,0.001708984375,120
joint_step,1.0,60,33,28,172,True,0.00091552734375,120
joint_step,1.0,60,34,34,173,True,0.0106353759765625,120
joint_step,1.0,60,35,37,176,True,0.007316648960113525,60
joint_step,1.0,60,36,32,174,True,0.0063629150390625,120
joint_step,1.0,60,37,37,176,True,0.00048828125,120
joint_step,1.0,60,38,29,175,True,0.00960540771484375,60
joint_step,1.0,60,39,37,177,True,0.00091552734375,120
joint_step,1.0,60,40,39,178,True,0.00048828125,120
joint_step,1.0,60,41,33,174,True,0.002171754837036133,60
joint_step,1.0,60,42,34,177,True,0.0020904541015625,120
joint_step,1.0,60,43,28,173,True,0.00091552734375,120
joint_step,1.0,60,44,34,175,True,0.0020904541015625,120
joint_step,1.0,60,45,34,172,True,0.0106353759765625,120
joint_step,1.0,60,46,35,173,True,0.002171754837036133,60
joint_step,1.0,60,47,35,174,True,0.003692626953125,120
joint_step,1.0,60,48,30,170,True,0.00091552734375,120
joint_step,1.0,60,49,34,172,True,0.0004277229309082031,60
joint_step,1.5,15,0,38,180,True,1.2780074030160904e-06,30
joint_step,1.5,15,1,28,175,True,2.9738061130046848e-05,30
joint_step,1.5,15,2,35,179,True,4.33996319770813e-07,30
joint_step,1.5,15,3,36,178,True,2.3245811462402344e-06,30
joint_step,1.5,15,4,33,177,True,4.215165972709656e-06,30
joint_step,1.5,15,5,33,177,True,2.823770046234131e-06,30
joint_step,1.5,15,6,28,172,True,7.826089859008789e-05,30
joint_step,1.5,15,7,29,175,True,2.9738061130046848e-05,30
joint_step,1.5,15,8,37,178,True,8.121132850646973e-07,30
joint_step,1.5,15,9,26,171,True,0.0002730563282966614,30
joint_step,1.5,15,10,34,178,True,1.2780074030160904e-06,30
joint_step,1.5,15,11,31,174,True,5.1857903599739075e-05,30
joint_step,1.5,15,12,35,179,True,2.3245811462402344e-06,30
joint_step,1.5,15,13,40,180,True,3.725290298461914e-09,30
joint_step,1.5,15,14,37,178,True,4.33996319770813e-07,30
joint_step,1.5,15,15,33,178,True,8.121132850646973e-07,30
joint_step,1.5,15,16,31,175,True,2.4616718292236328e-05,30
joint_step,1.5,15,17,30,172,True,8.999556303024292e-05,30
joint_step,1.5,15,18,33,179,True,5.587935447692871e-08,30
joint_step,1.5,15,19,30,174,True,0.00016245711594820025,30
joint_step,1.5,15,20,34,180,True,1.2316741049289703e-07,30
joint_step,1.5,15,21,33,175,True,5.245208740234375e-06,30
joint_step,1.5,15,22,33,177,True,3.309384919703007e-05,30
joint_step,1.5,15,23,37,180,True,5.587935447692871e-08,30
joint_step,1.5,15,24,37,181,True,5.587935447692871e-08,30
joint_step,1.5,15,25,31,179,True,1.2780074030160904e-06,30
joint_step,1.5,15,26,33,176,True,1.9279075786471367e-05,30
joint_step,1.5,15,27,30,175,True,2.4616718292236328e-05,30
joint_step,1.5,15,28,26,172,True,4.398822784423828e-05,30
joint_step,1.5,15,29,32,175,True,3.309384919703007e-05,30
joint_step,1.5,15,30,36,179,True,3.7137651816010475e-06,30
joint_step,1.5,15,31,30,173,True,8.999556303024292e-05,30
joint_step,1.5,15,32,34,177,True,2.086162567138672e-07,30
joint_step,1.5,15,33,28,175,True,1.372024416923523e-05,30
joint_step,1.5,15,34,34,176,True,5.842093378305435e-05,30
joint_step,1.5,15,35,37,178,True,2.3245811462402344e-06,30
joint_step,1.5,15,36,32,177,True,1.9279075786471367e-05,30
joint_step,1.5,15,37,37,178,True,1.9279075786471367e-05,30
joint_step,1.5,15,38,29,173,True,2.86102294921875e-06,30
joint_step,1.5,15,39,37,178,True,4.33996319770813e-07,30
joint_step,1.5,15,40,39,181,True,2.8870999813079834e-08,30
joint_step,1.5,15,41,33,178,True,1.0803341865539551e-07,30
joint_step,1.5,15,42,34,175,True,2.823770046234131e-06,30
joint_step,1.5,15,43,28,173,True,9.715557098388672e-06,30
joint_step,1.5,15,44,34,177,True,8.121132850646973e-07,30
joint_step,1.5,15,45,34,176,True,4.215165972709656e-06,30
joint_step,1.5,15,46,35,180,True,1.2316741049289703e-07,30
joint_step,1.5,15,47,35,178,True,1.2780074030160904e-06,30
joint_step,1.5,15,48,30,175,True,1.372024416923523e-05,30
joint_step,1.5,15,49,34,177,True,5.960464477539063e-08,30
joint_step,1.5,30,0,38,177,True,5.464302375912666e-06,30
joint_step,1.5,30,1,28,170,True,1.697661355137825e-05,30
joint_step,1.5,30,2,35,177,True,5.464302375912666e-06,30
joint_step,1.5,30,3,36,176,True,5.464302375912666e-06,30
joint_step,1.5,30,4,33,175,True,1.697661355137825e-05,30
joint_step,1.5,30,5,33,174,True,1.516193151473999e-06,30
joint_step,1.5,30,6,28,170,True,0.00048828125,120
joint_step,1.5,30,7,29,173,True,9.609758853912354e-05,30
joint_step,1.5,30,8,37,175,True,9.650597348809242e-06,30
joint_step,1.5,30,9,26,168,True,0.0016634464263916016,30
joint_step,1.5,30,10,34,175,True,3.08244489133358e-06,30
joint_step,1.5,30,11,31,171,True,0.00016245711594820025,30
joint_step,1.5,30,12,35,175,True,2.3245811462402344e-06,30
joint_step,1.5,30,13,40,176,True,4.33996319770813e-07,30
joint_step,1.5,30,14,37,173,True,2.3245811462402344e-06,30
joint_step,1.5,30,15,33,174,True,9.650597348809242e-06,30
joint_step,1.5,30,16,31,170,True,7.2479248046875e-05,60
joint_step,1.5,30,17,30,170,True,0.0004389551468193531,30
joint_step,1.5,30,18,33,175,True,2.3245811462402344e-06,30
joint_step,1.5,30,19,30,174,True,9.609758853912354e-05,30
joint_step,1.5,30,20,34,177,True,9.650597348809242e-06,30
joint_step,1.5,30,21,33,172,True,1.372024416923523e-05,30
joint_step,1.5,30,22,33,172,True,5.653710104525089e-05,30
joint_step,1.5,30,23,37,176,True,1.2780074030160904e-06,30
joint_step,1.5,30,24,37,178,True,4.33996319770813e-07,30
joint_step,1.5,30,25,31,173,True,2.3245811462402344e-06,30
joint_step,1.5,30,26,33,175,True,3.480084706097841e-05,30
joint_step,1.5,30,27,30,175,True,5.1857903599739075e-05,30
joint_step,1.5,30,28,26,169,True,0.00026676058769226074,30
joint_step,1.5,30,29,32,173,True,0.0002541302237659693,30
joint_step,1.5,30,30,36,174,True,3.5127392038702965e-05,30
joint_step,1.5,30,31,30,170,True,5.1857903599739075e-05,30
joint_step,1.5,30,32,34,174,True,7.618218660354614e-06,30
joint_step,1.5,30,33,28,172,True,0.00016245711594820025,30
joint_step,1.5,30,34,34,172,True,0.00015627557877451181,30
joint_step,1.5,30,35,37,175,True,1.9279075786471367e-05,30
joint_step,1.5,30,36,32,173,True,5.842093378305435e-05,30
joint_step,1.5,30,37,37,174,True,1.9279075786471367e-05,30
joint_step,1.5,30,38,29,172,True,1.7940998077392578e-05,30
joint_step,1.5,30,39,37,175,True,1.697661355137825e-05,30
joint_step,1.5,30,40,39,178,True,1.2780074030160904e-06,30
joint_step,1.5,30,41,33,174,True,4.215165972709656e-06,30
joint_step,1.5,30,42,34,173,True,4.398822784423828e-05,30
joint_step,1.5,30,43,28,173,True,5.1857903599739075e-05,30
joint_step,1.5,30,44,34,174,True,4.215165972709656e-06,30
joint_step,1.5,30,45,34,172,True,1.697661355137825e-05,30
joint_step,1.5,30,46,35,174,True,3.08244489133358e-06,30
joint_step,1.5,30,47,35,176,True,1.9279075786471367e-05,30
joint_step,1.5,30,48,30,172,True,9.609758853912354e-05,30
joint_step,1.5,30,49,34,176,True,2.823770046234131e-06,30
joint_step,1.5,60,0,38,177,True,0.0004552602767944336,60
joint_step,1.5,60,1,28,168,True,0.005311012268066406,60
joint_step,1.5,60,2,35,171,True,0.0012469589710235596,60
joint_step,1.5,60,3,36,179,True,0.0004277229309082031,60
joint_step,1.5,60,4,33,173,True,0.0020386576652526855,60
joint_step,1.5,60,5,33,170,True,0.0003643035888671875,60
joint_step,1.5,60,6,28,170,True,0.00048828125,120
joint_step,1.5,60,7,29,170,True,0.0029623061418533325,60
joint_step,1.5,60,8,37,177,True,0.000110626220703125,60
joint_step,1.5,60,9,26,169,True,0.0106353759765625,120
joint_step,1.5,60,10,34,175,True,0.000771939754486084,60
joint_step,1.5,60,11,31,175,True,0.003305375576019287,60
joint_step,1.5,60,12,35,175,True,0.000771939754486084,60
joint_step,1.5,60,13,40,178,True,0.000110626220703125,60
joint_step,1.5,60,14,37,175,True,0.001299738883972168,60
joint_step,1.5,60,15,33,176,True,0.000110626220703125,60
joint_step,1.5,60,16,31,175,True,0.000244140625,120
joint_step,1.5,60,17,30,173,True,0.01544189453125,120
joint_step,1.5,60,18,33,173,True,0.000110626220703125,60
joint_step,1.5,60,19,30,174,True,0.0046776533126831055,60
joint_step,1.5,60,20,34,177,True,7.826089859008789e-05,60
joint_step,1.5,60,21,33,172,True,0.002171754837036133,60
joint_step,1.5,60,22,33,174,True,0.0046776533126831055,60
joint_step,1.5,60,23,37,173,True,0.000244140625,60
joint_step,1.5,60,24,37,176,True,1.049041748046875e-05,60
joint_step,1.5,60,25,31,174,True,0.0012469589710235596,60
joint_step,1.5,60,26,33,175,True,0.000771939754486084,60
joint_step,1.5,60,27,30,172,True,0.0046776533126831055,60
joint_step,1.5,60,28,26,170,True,0.0063629150390625,120
joint_step,1.5,60,29,32,175,True,0.0020386576652526855,60
joint_step,1.5,60,30,36,175,True,0.0004552602767944336,60
joint_step,1.5,60,31,30,175,True,0.0106353759765625,120
joint_step,1.5,60,32,34,176,True,0.000110626220703125,60
joint_step,1.5,60,33,28,172,True,0.00091552734375,120
joint_step,1.5,60,34,34,173,True,0.007316648960113525,60
joint_step,1.5,60,35,37,176,True,0.0029623061418533325,60
joint_step,1.5,60,36,32,174,True,0.003305375576019287,60
joint_step,1.5,60,37,37,176,True,0.00048828125,120
joint_step,1.5,60,38,29,175,True,0.0022125244140625,60
joint_step,1.5,60,39,37,177,True,0.000244140625,60
joint_step,1.5,60,40,39,178,True,0.0001385807991027832,60
joint_step,1.5,60,41,33,174,True,0.0004277229309082031,60
joint_step,1.5,60,42,34,177,True,0.001299738883972168,60
joint_step,1.5,60,43,28,173,True,0.00091552734375,120
joint_step,1.5,60,44,34,175,True,0.0004277229309082031,60
joint_step,1.5,60,45,34,172,True,0.0106353759765625,120
joint_step,1.5,60,46,35,173,True,0.000244140625,60
joint_step,1.5,60,47,35,174,True,0.0012469589710235596,60
joint_step,1.5,60,48,30,170,True,0.00091552734375,120
joint_step,1.5,60,49,34,172,True,0.0001385807991027832,60
dl_only_step,0.5,15,0,38,168,True,0.0046776533126831055,30
dl_only_step,0.5,15,1,28,164,False,0.01734483242034912,30
dl_only_step,0.5,15,2,35,166,True,0.007316648960113525,30
dl_only_step,0.5,15,3,36,168,True,0.0020386576652526855,30
dl_only_step,0.5,15,4,33,168,True,0.007316648960113525,30
dl_only_step,0.5,15,5,33,165,True,0.005908966064453125,30
dl_only_step,0.5,15,6,28,162,False,0.0245208740234375,120
dl_only_step,0.5,15,7,29,167,False,0.0095786452293396,30
dl_only_step,0.5,15,8,37,169,True,0.0020386576652526855,30
dl_only_step,0.5,15,9,26,160,False,0.14313936233520508,30
dl_only_step,0.5,15,10,34,170,True,0.0012469589710235596,30
dl_only_step,0.5,15,11,31,164,False,0.0384063720703125,120
dl_only_step,0.5,15,12,35,169,True,0.000771939754486084,30
dl_only_step,0.5,15,13,40,167,True,0.002171754837036133,30
dl_only_step,0.5,15,14,37,167,True,0.003305375576019287,30
dl_only_step,0.5,15,15,33,167,True,0.003305375576019287,30
dl_only_step,0.5,15,16,31,165,True,0.00845026969909668,30
dl_only_step,0.5,15,17,30,164,False,0.021642625331878662,30
dl_only_step,0.5,15,18,33,166,True,0.005311012268066406,30
dl_only_step,0.5,15,19,30,166,False,0.01734483242034912,30
dl_only_step,0.5,15,20,34,165,True,0.011327922344207764,30
dl_only_step,0.5,15,21,33,166,True,0.00845026969909668,30
dl_only_step,0.5,15,22,33,166,True,0.011327922344207764,30
dl_only_step,0.5,15,23,37,169,True,0.000771939754486084,30
dl_only_step,0.5,15,24,37,169,True,0.000771939754486084,30
dl_only_step,0.5,15,25,31,168,True,0.001299738883972168,30
dl_only_step,0.5,15,26,33,166,True,0.007316648960113525,30
dl_only_step,0.5,15,27,30,167,True,0.007316648960113525,30
dl_only_step,0.5,15,28,26,164,False,0.026239395141601562,30
dl_only_step,0.5,15,29,32,162,False,0.05387607216835022,30
dl_only_step,0.5,15,30,36,165,False,0.017849069088697433,30
dl_only_step,0.5,15,31,30,165,True,0.00845026969909668,30
dl_only_step,0.5,15,32,34,168,True,0.001299738883972168,30
dl_only_step,0.5,15,33,28,164,False,0.0317840576171875,30
dl_only_step,0.5,15,34,34,164,False,0.026119492948055267,30
dl_only_step,0.5,15,35,37,168,True,0.0046776533126831055,30
dl_only_step,0.5,15,36,32,164,False,0.026119492948055267,30
dl_only_step,0.5,15,37,37,166,True,0.007316648960113525,30
dl_only_step,0.5,15,38,29,164,True,0.00960540771484375,30
dl_only_step,0.5,15,39,37,166,True,0.011327922344207764,30
dl_only_step,0.5,15,40,39,172,True,0.00026676058769226074,30
dl_only_step,0.5,15,41,33,165,True,0.00845026969909668,30
dl_only_step,0.5,15,42,34,166,True,0.0035986900329589844,30
dl_only_step,0.5,15,43,28,164,False,0.017578125,120
dl_only_step,0.5,15,44,34,165,True,0.00960540771484375,30
dl_only_step,0.5,15,45,34,165,True,0.011327922344207764,30
dl_only_step,0.5,15,46,35,167,True,0.0046776533126831055,30
dl_only_step,0.5,15,47,35,167,True,0.0046776533126831055,30
dl_only_step,0.5,15,48,30,165,False,0.021642625331878662,30
dl_only_step,0.5,15,49,34,168,True,0.0035986900329589844,30
dl_only_step,0.5,30,0,38,164,True,0.0106353759765625,120
dl_only_step,0.5,30,1,28,161,False,0.048126220703125,120
dl_only_step,0.5,30,2,35,163,False,0.048126220703125,120
dl_only_step,0.5,30,3,36,163,True,0.0106353759765625,120
dl_only_step,0.5,30,4,33,164,False,0.0384063720703125,120
dl_only_step,0.5,30,5,33,164,True,0.003692626953125,120
dl_only_step,0.5,30,6,28,162,True,0.0064697265625,120
dl_only_step,0.5,30,7,29,163,False,0.0245208740234375,120
dl_only_step,0.5,30,8,37,162,True,0.0106353759765625,120
dl_only_step,0.5,30,9,26,163,False,0.0245208740234375,120
dl_only_step,0.5,30,10,34,162,True,0.0106353759765625,120
dl_only_step,0.5,30,11,31,163,False,0.0245208740234375,120
dl_only_step,0.5,30,12,35,163,True,0.0106353759765625,120
dl_only_step,0.5,30,13,40,164,True,0.0106353759765625,120
dl_only_step,0.5,30,14,37,161,True,0.0106353759765625,120
dl_only_step,0.5,30,15,33,162,False,0.017578125,120
dl_only_step,0.5,30,16,31,161,True,0.0064697265625,120
dl_only_step,0.5,30,17,30,159,False,0.048126220703125,120
dl_only_step,0.5,30,18,33,162,False,0.017578125,120
dl_only_step,0.5,30,19,30,162,False,0.048126220703125,120
dl_only_step,0.5,30,20,34,165,True,0.0106353759765625,120
dl_only_step,0.5,30,21,33,159,False,0.0717315673828125,120
dl_only_step,0.5,30,22,33,163,False,0.0245208740234375,120
dl_only_step,0.5,30,23,37,162,False,0.017578125,120
dl_only_step,0.5,30,24,37,165,True,0.003692626953125,120
dl_only_step,0.5,30,25,31,161,False,0.0245208740234375,120
dl_only_step,0.5,30,26,33,164,True,0.003692626953125,120
dl_only_step,0.5,30,27,30,162,False,0.0717315673828125,120
dl_only_step,0.5,30,28,26,161,False,0.0245208740234375,120
dl_only_step,0.5,30,29,32,164,True,0.0106353759765625,120
dl_only_step,0.5,30,30,36,164,True,0.0106353759765625,120
dl_only_step,0.5,30,31,30,160,False,0.0245208740234375,120
dl_only_step,0.5,30,32,34,163,True,0.0106353759765625,120
dl_only_step,0.5,30,33,28,164,True,0.0106353759765625,120
dl_only_step,0.5,30,34,34,161,False,0.0245208740234375,120
dl_only_step,0.5,30,35,37,161,False,0.0717315673828125,120
dl_only_step,0.5,30,36,32,163,False,0.0245208740234375,120
dl_only_step,0.5,30,37,37,163,True,0.003692626953125,120
dl_only_step,0.5,30,38,29,163,False,0.017578125,120
dl_only_step,0.5,30,39,37,162,False,0.017578125,120
dl_only_step,0.5,30,40,39,163,True,0.0106353759765625,120
dl_only_step,0.5,30,41,33,163,True,0.0106353759765625,120
dl_only_step,0.5,30,42,34,163,True,0.0106353759765625,120
dl_only_step,0.5,30,43,28,164,True,0.0106353759765625,120
dl_only_step,0.5,30,44,34,164,True,0.0106353759765625,120
dl_only_step,0.5,30,45,34,162,False,0.0245208740234375,120
dl_only_step,0.5,30,46,35,162,False,0.0384063720703125,120
dl_only_step,0.5,30,47,35,163,True,0.0106353759765625,120
dl_only_step,0.5,30,48,30,164,True,0.003692626953125,120
dl_only_step,0.5,30,49,34,162,False,0.0384063720703125,120
dl_only_step,0.5,60,0,38,159,False,0.0384063720703125,120
dl_only_step,0.5,60,1,28,157,False,0.0384063720703125,120
dl_only_step,0.5,60,2,35,157,False,0.048126220703125,120
dl_only_step,0.5,60,3,36,164,False,0.017578125,120
dl_only_step,0.5,60,4,33,162,False,0.05923461914062499,120
dl_only_step,0.5,60,5,33,158,False,0.017578125,120
dl_only_step,0.5,60,6,28,159,False,0.0245208740234375,120
dl_only_step,0.5,60,7,29,158,False,0.1189422607421875,120
dl_only_step,0.5,60,8,37,162,False,0.0286865234375,120
dl_only_step,0.5,60,9,26,155,False,0.0717315673828125,120
dl_only_step,0.5,60,10,34,163,False,0.017578125,120
dl_only_step,0.5,60,11,31,160,False,0.0384063720703125,120
dl_only_step,0.5,60,12,35,160,False,0.05923461914062499,120
dl_only_step,0.5,60,13,40,161,False,0.046142578125,120
dl_only_step,0.5,60,14,37,164,False,0.017578125,120
dl_only_step,0.5,60,15,33,164,False,0.0384063720703125,120
dl_only_step,0.5,60,16,31,163,False,0.017578125,120
dl_only_step,0.5,60,17,30,161,False,0.0717315673828125,120
dl_only_step,0.5,60,18,33,160,False,0.017578125,120
dl_only_step,0.5,60,19,30,161,False,0.0384063720703125,120
dl_only_step,0.5,60,20,34,160,False,0.0245208740234375,120
dl_only_step,0.5,60,21,33,160,False,0.05923461914062499,120
dl_only_step,0.5,60,22,33,158,False,0.0717315673828125,120
dl_only_step,0.5,60,23,37,159,True,0.0106353759765625,120
dl_only_step,0.5,60,24,37,162,False,0.0286865234375,120
dl_only_step,0.5,60,25,31,161,True,0.0106353759765625,120
dl_only_step,0.5,60,26,33,161,False,0.017578125,120
dl_only_step,0.5,60,27,30,159,False,0.0717315673828125,120
dl_only_step,0.5,60,28,26,161,False,0.0245208740234375,120
dl_only_step,0.5,60,29,32,162,False,0.0384063720703125,120
dl_only_step,0.5,60,30,36,160,False,0.0717315673828125,120
dl_only_step,0.5,60,31,30,162,False,0.0384063720703125,120
dl_only_step,0.5,60,32,34,163,False,0.05923461914062499,120
dl_only_step,0.5,60,33,28,160,False,0.017578125,120
dl_only_step,0.5,60,34,34,156,False,0.1661529541015625,120
dl_only_step,0.5,60,35,37,161,False,0.0384063720703125,120
dl_only_step,0.5,60,36,32,160,False,0.0717315673828125,120
dl_only_step,0.5,60,37,37,161,False,0.017578125,120
dl_only_step,0.5,60,38,29,162,False,0.0286865234375,120
dl_only_step,0.5,60,39,37,162,False,0.017578125,120
dl_only_step,0.5,60,40,39,161,False,0.0384063720703125,120
dl_only_step,0.5,60,41,33,160,False,0.05923461914062499,120
dl_only_step,0.5,60,42,34,160,False,0.0384063720703125,120
dl_only_step,0.5,60,43,28,161,False,0.017578125,120
dl_only_step,0.5,60,44,34,161,False,0.017578125,120
dl_only_step,0.5,60,45,34,159,False,0.05923461914062499,120
dl_only_step,0.5,60,46,35,159,False,0.05923461914062499,120
dl_only_step,0.5,60,47,35,159,False,0.05923461914062499,120
dl_only_step,0.5,60,48,30,159,False,0.0384063720703125,120
dl_only_step,0.5,60,49,34,159,True,0.0106353759765625,120
dl_only_step,1.0,15,0,38,172,True,0.0002730563282966614,30
dl_only_step,1.0,15,1,28,168,True,0.0018595829606056213,30
dl_only_step,1.0,15,2,35,171,True,0.00045611709356307983,30
dl_only_step,1.0,15,3,36,172,True,8.999556303024292e-05,30
dl_only_step,1.0,15,4,33,169,True,0.0029623061418533325,30
dl_only_step,1.0,15,5,33,169,True,0.000771939754486084,30
dl_only_step,1.0,15,6,28,165,True,0.0106353759765625,120
dl_only_step,1.0,15,7,29,169,True,0.0026114396750926976,30
dl_only_step,1.0,15,8,37,172,True,0.0001553744077682495,30
dl_only_step,1.0,15,9,26,164,False,0.021642625331878662,30
dl_only_step,1.0,15,10,34,173,True,0.00016245711594820025,30
dl_only_step,1.0,15,11,31,167,True,0.007316648960113525,30
dl_only_step,1.0,15,12,35,171,True,0.00026676058769226074,30
dl_only_step,1.0,15,13,40,170,True,0.0001385807991027832,30
dl_only_step,1.0,15,14,37,170,True,0.00045611709356307983,30
dl_only_step,1.0,15,15,33,170,True,0.0004552602767944336,30
dl_only_step,1.0,15,16,31,169,True,0.000771939754486084,30
dl_only_step,1.0,15,17,30,168,True,0.0018595829606056213,30
dl_only_step,1.0,15,18,33,170,True,0.00026676058769226074,30
dl_only_step,1.0,15,19,30,168,True,0.0046776533126831055,30
dl_only_step,1.0,15,20,34,170,True,0.00045611709356307983,30
dl_only_step,1.0,15,21,33,170,True,0.0004552602767944336,30
dl_only_step,1.0,15,22,33,169,True,0.0018595829606056213,30
dl_only_step,1.0,15,23,37,173,True,4.398822784423828e-05,30
dl_only_step,1.0,15,24,37,172,True,7.826089859008789e-05,30
dl_only_step,1.0,15,25,31,172,True,8.999556303024292e-05,30
dl_only_step,1.0,15,26,33,170,True,0.0007154531776905061,30
dl_only_step,1.0,15,27,30,170,True,0.0012469589710235596,30
dl_only_step,1.0,15,28,26,167,True,0.0046776533126831055,30
dl_only_step,1.0,15,29,32,167,False,0.004065029323101044,30
dl_only_step,1.0,15,30,36,170,True,0.0010512007866054773,30
dl_only_step,1.0,15,31,30,168,True,0.0012469589710235596,30
dl_only_step,1.0,15,32,34,171,True,7.826089859008789e-05,30
dl_only_step,1.0,15,33,28,168,True,0.002171754837036133,30
dl_only_step,1.0,15,34,34,169,True,0.0016634464263916016,30
dl_only_step,1.0,15,35,37,171,True,0.00045611709356307983,30
dl_only_step,1.0,15,36,32,169,True,0.0016634464263916016,30
dl_only_step,1.0,15,37,37,169,True,0.0018595829606056213,30
dl_only_step,1.0,15,38,29,166,True,0.002171754837036133,30
dl_only_step,1.0,15,39,37,170,True,0.0007568597793579102,30
dl_only_step,1.0,15,40,39,174,True,2.4616718292236328e-05,30
dl_only_step,1.0,15,41,33,169,True,0.0004552602767944336,30
dl_only_step,1.0,15,42,34,169,True,0.0004552602767944336,30
dl_only_step,1.0,15,43,28,167,True,0.002171754837036133,30
dl_only_step,1.0,15,44,34,169,True,0.000771939754486084,30
dl_only_step,1.0,15,45,34,169,True,0.0011578500270843506,30
dl_only_step,1.0,15,46,35,171,True,0.0002730563282966614,30
dl_only_step,1.0,15,47,35,171,True,0.0002730563282966614,30
dl_only_step,1.0,15,48,30,169,True,0.0018595829606056213,30
dl_only_step,1.0,15,49,34,171,True,0.000244140625,30
dl_only_step,1.0,30,0,38,169,True,0.003305375576019287,30
dl_only_step,1.0,30,1,28,162,False,0.03195732831954956,30
dl_only_step,1.0,30,2,35,167,True,0.007316648960113525,30
dl_only_step,1.0,30,3,36,166,True,0.0106353759765625,120
dl_only_step,1.0,30,4,33,170,True,0.007316648960113525,30
dl_only_step,1.0,30,5,33,167,True,0.003692626953125,120
dl_only_step,1.0,30,6,28,164,True,0.003692626953125,120
dl_only_step,1.0,30,7,29,168,True,0.011327922344207764,60
dl_only_step,1.0,30,8,37,165,True,0.0063629150390625,120
dl_only_step,1.0,30,9,26,164,False,0.0245208740234375,120
dl_only_step,1.0,30,10,34,167,True,0.0063629150390625,120
dl_only_step,1.0,30,11,31,166,True,0.014479637145996094,30
dl_only_step,1.0,30,12,35,167,True,0.0063629150390625,120
dl_only_step,1.0,30,13,40,169,True,0.0020386576652526855,30
dl_only_step,1.0,30,14,37,165,True,0.005311012268066406,30
dl_only_step,1.0,30,15,33,165,False,0.017578125,120
dl_only_step,1.0,30,16,31,163,True,0.0064697265625,120
dl_only_step,1.0,30,17,30,162,False,0.021642625331878662,30
dl_only_step,1.0,30,18,33,167,True,0.007316648960113525,30
dl_only_step,1.0,30,19,30,167,True,0.014479637145996094,30
dl_only_step,1.0,30,20,34,168,True,0.0063629150390625,120
dl_only_step,1.0,30,21,33,163,False,0.01734483242034912,30
dl_only_step,1.0,30,22,33,166,True,0.011327922344207764,30
dl_only_step,1.0,30,23,37,165,True,0.0106353759765625,120
dl_only_step,1.0,30,24,37,169,True,0.0020904541015625,120
dl_only_step,1.0,30,25,31,165,True,0.01544189453125,120
dl_only_step,1.0,30,26,33,167,True,0.003692626953125,120
dl_only_step,1.0,30,27,30,167,True,0.00845026969909668,30
dl_only_step,1.0,30,28,26,163,False,0.0245208740234375,120
dl_only_step,1.0,30,29,32,166,True,0.0106353759765625,120
dl_only_step,1.0,30,30,36,168,True,0.003305375576019287,60
dl_only_step,1.0,30,31,30,162,False,0.0245208740234375,120
dl_only_step,1.0,30,32,34,165,True,0.0106353759765625,120
dl_only_step,1.0,30,33,28,167,True,0.0106353759765625,120
dl_only_step,1.0,30,34,34,165,True,0.01544189453125,120
dl_only_step,1.0,30,35,37,166,False,0.021642625331878662,30
dl_only_step,1.0,30,36,32,167,True,0.011327922344207764,60
dl_only_step,1.0,30,37,37,166,True,0.0020904541015625,120
dl_only_step,1.0,30,38,29,166,False,0.017578125,120
dl_only_step,1.0,30,39,37,166,True,0.00845026969909668,60
dl_only_step,1.0,30,40,39,168,True,0.0063629150390625,120
dl_only_step,1.0,30,41,33,166,True,0.003305375576019287,30
dl_only_step,1.0,30,42,34,165,True,0.0063629150390625,120
dl_only_step,1.0,30,43,28,165,True,0.0095786452293396,30
dl_only_step,1.0,30,44,34,169,True,0.005311012268066406,60
dl_only_step,1.0,30,45,34,167,True,0.005311012268066406,30
dl_only_step,1.0,30,46,35,166,True,0.011327922344207764,60
dl_only_step,1.0,30,47,35,168,True,0.0046776533126831055,30
dl_only_step,1.0,30,48,30,165,True,0.003692626953125,120
dl_only_step,1.0,30,49,34,165,True,0.00845026969909668,30
dl_only_step,1.0,60,0,38,167,True,0.0106353759765625,120
dl_only_step,1.0,60,1,28,163,False,0.0245208740234375,120
dl_only_step,1.0,60,2,35,166,True,0.01544189453125,120
dl_only_step,1.0,60,3,36,171,True,0.003692626953125,120
dl_only_step,1.0,60,4,33,167,False,0.03195732831954956,60
dl_only_step,1.0,60,5,33,163,True,0.0106353759765625,120
dl_only_step,1.0,60,6,28,164,True,0.0106353759765625,120
dl_only_step,1.0,60,7,29,163,False,0.05387607216835022,60
dl_only_step,1.0,60,8,37,169,True,0.0064697265625,120
dl_only_step,1.0,60,9,26,163,False,0.0245208740234375,120
dl_only_step,1.0,60,10,34,168,True,0.0106353759765625,120
dl_only_step,1.0,60,11,31,165,False,0.0245208740234375,120
dl_only_step,1.0,60,12,35,168,False,0.03195732831954956,60
dl_only_step,1.0,60,13,40,170,True,0.01123046875,120
dl_only_step,1.0,60,14,37,167,True,0.0106353759765625,120
dl_only_step,1.0,60,15,33,169,False,0.01734483242034912,60
dl_only_step,1.0,60,16,31,168,True,0.0064697265625,120
dl_only_step,1.0,60,17,30,165,False,0.0245208740234375,120
dl_only_step,1.0,60,18,33,164,True,0.0064697265625,120
dl_only_step,1.0,60,19,30,168,False,0.0245208740234375,120
dl_only_step,1.0,60,20,34,167,True,0.0063629150390625,120
dl_only_step,1.0,60,21,33,165,False,0.0286865234375,120
dl_only_step,1.0,60,22,33,164,False,0.048126220703125,120
dl_only_step,1.0,60,23,37,166,True,0.003692626953125,120
dl_only_step,1.0,60,24,37,171,True,0.0064697265625,120
dl_only_step,1.0,60,25,31,167,True,0.0063629150390625,120
dl_only_step,1.0,60,26,33,167,True,0.0106353759765625,120
dl_only_step,1.0,60,27,30,165,False,0.0384063720703125,120
dl_only_step,1.0,60,28,26,164,True,0.01544189453125,120
dl_only_step,1.0,60,29,32,167,True,0.0106353759765625,120
dl_only_step,1.0,60,30,36,167,False,0.0245208740234375,120
dl_only_step,1.0,60,31,30,168,False,0.0245208740234375,120
dl_only_step,1.0,60,32,34,170,False,0.01734483242034912,60
dl_only_step,1.0,60,33,28,167,True,0.003692626953125,120
dl_only_step,1.0,60,34,34,164,False,0.0717315673828125,120
dl_only_step,1.0,60,35,37,168,False,0.017578125,120
dl_only_step,1.0,60,36,32,168,False,0.0245208740234375,120
dl_only_step,1.0,60,37,37,168,True,0.0106353759765625,120
dl_only_step,1.0,60,38,29,167,False,0.0286865234375,120
dl_only_step,1.0,60,39,37,168,True,0.0064697265625,120
dl_only_step,1.0,60,40,39,169,True,0.0106353759765625,120
dl_only_step,1.0,60,41,33,166,False,0.017578125,120
dl_only_step,1.0,60,42,34,166,False,0.0245208740234375,120
dl_only_step,1.0,60,43,28,168,True,0.003692626953125,120
dl_only_step,1.0,60,44,34,168,True,0.0106353759765625,120
dl_only_step,1.0,60,45,34,165,False,0.0384063720703125,120
dl_only_step,1.0,60,46,35,165,False,0.0286865234375,120
dl_only_step,1.0,60,47,35,165,False,0.017578125,120
dl_only_step,1.0,60,48,30,164,True,0.0106353759765625,120
dl_only_step,1.0,60,49,34,164,True,0.003692626953125,120
dl_only_step,1.5,15,0,38,179,True,2.3245811462402344e-06,30
dl_only_step,1.5,15,1,28,175,True,2.9738061130046848e-05,30
dl_only_step,1.5,15,2,35,178,True,4.215165972709656e-06,30
dl_only_step,1.5,15,3,36,178,True,2.3245811462402344e-06,30
dl_only_step,1.5,15,4,33,176,True,2.9738061130046848e-05,30
dl_only_step,1.5,15,5,33,176,True,5.245208740234375e-06,30
dl_only_step,1.5,15,6,28,172,True,0.00026676058769226074,30
dl_only_step,1.5,15,7,29,174,True,0.00016245711594820025,30
dl_only_step,1.5,15,8,37,178,True,4.215165972709656e-06,30
dl_only_step,1.5,15,9,26,170,True,0.0011578500270843506,30
dl_only_step,1.5,15,10,34,178,True,5.464302375912666e-06,30
dl_only_step,1.5,15,11,31,173,True,0.0002730563282966614,30
dl_only_step,1.5,15,12,35,178,True,4.215165972709656e-06,30
dl_only_step,1.5,15,13,40,179,True,1.0803341865539551e-07,30
dl_only_step,1.5,15,14,37,178,True,2.3245811462402344e-06,30
dl_only_step,1.5,15,15,33,177,True,7.618218660354614e-06,30
dl_only_step,1.5,15,16,31,175,True,2.4616718292236328e-05,30
dl_only_step,1.5,15,17,30,172,True,0.0002730563282966614,30
dl_only_step,1.5,15,18,33,178,True,8.121132850646973e-07,30
dl_only_step,1.5,15,19,30,173,True,0.0002730563282966614,30
dl_only_step,1.5,15,20,34,179,True,1.2780074030160904e-06,30
dl_only_step,1.5,15,21,33,175,True,5.245208740234375e-06,30
dl_only_step,1.5,15,22,33,176,True,5.653710104525089e-05,30
dl_only_step,1.5,15,23,37,179,True,8.121132850646973e-07,30
dl_only_step,1.5,15,24,37,180,True,1.0803341865539551e-07,30
dl_only_step,1.5,15,25,31,179,True,1.2780074030160904e-06,30
dl_only_step,1.5,15,26,33,175,True,9.756279177963734e-05,30
dl_only_step,1.5,15,27,30,174,True,4.398822784423828e-05,30
dl_only_step,1.5,15,28,26,172,True,0.0001553744077682495,30
dl_only_step,1.5,15,29,32,174,True,0.0001620317343622446,30
dl_only_step,1.5,15,30,36,178,True,2.062879502773285e-05,30
dl_only_step,1.5,15,31,30,173,True,8.999556303024292e-05,30
dl_only_step,1.5,15,32,34,176,True,2.823770046234131e-06,30
dl_only_step,1.5,15,33,28,174,True,8.999556303024292e-05,30
dl_only_step,1.5,15,34,34,175,True,9.756279177963734e-05,30
dl_only_step,1.5,15,35,37,177,True,1.697661355137825e-05,30
dl_only_step,1.5,15,36,32,177,True,1.9279075786471367e-05,30
dl_only_step,1.5,15,37,37,177,True,3.309384919703007e-05,30
dl_only_step,1.5,15,38,29,173,True,1.7940998077392578e-05,30
dl_only_step,1.5,15,39,37,177,True,4.215165972709656e-06,30
dl_only_step,1.5,15,40,39,180,True,4.33996319770813e-07,30
dl_only_step,1.5,15,41,33,177,True,1.516193151473999e-06,30
dl_only_step,1.5,15,42,34,175,True,1.372024416923523e-05,30
dl_only_step,1.5,15,43,28,172,True,7.826089859008789e-05,30
dl_only_step,1.5,15,44,34,176,True,7.618218660354614e-06,30
dl_only_step,1.5,15,45,34,176,True,1.697661355137825e-05,30
dl_only_step,1.5,15,46,35,179,True,1.2780074030160904e-06,30
dl_only_step,1.5,15,47,35,177,True,9.650597348809242e-06,30
dl_only_step,1.5,15,48,30,175,True,5.1857903599739075e-05,30
dl_only_step,1.5,15,49,34,176,True,1.4901161193847656e-06,30
dl_only_step,1.5,30,0,38,175,True,2.9738061130046848e-05,30
dl_only_step,1.5,30,1,28,168,True,0.00016245711594820025,30
dl_only_step,1.5,30,2,35,174,True,9.609758853912354e-05,30
dl_only_step,1.5,30,3,36,173,True,9.609758853912354e-05,30
dl_only_step,1.5,30,4,33,175,True,0.0001553744077682495,30
dl_only_step,1.5,30,5,33,172,True,1.372024416923523e-05,30
dl_only_step,1.5,30,6,28,168,True,0.00048828125,120
dl_only_step,1.5,30,7,29,172,True,0.00045611709356307983,30
dl_only_step,1.5,30,8,37,172,True,0.00016245711594820025,30
dl_only_step,1.5,30,9,26,167,True,0.006270475685596466,30
dl_only_step,1.5,30,10,34,173,True,2.9738061130046848e-05,30
dl_only_step,1.5,30,11,31,169,True,0.0011578500270843506,30
dl_only_step,1.5,30,12,35,173,True,5.1857903599739075e-05,30
dl_only_step,1.5,30,13,40,174,True,1.372024416923523e-05,30
dl_only_step,1.5,30,14,37,171,True,1.372024416923523e-05,30
dl_only_step,1.5,30,15,33,172,True,0.000244140625,60
dl_only_step,1.5,30,16,31,168,True,0.0001220703125,120
dl_only_step,1.5,30,17,30,167,True,0.0016634464263916016,30
dl_only_step,1.5,30,18,33,173,True,2.9738061130046848e-05,30
dl_only_step,1.5,30,19,30,173,True,0.00045611709356307983,30
dl_only_step,1.5,30,20,34,175,True,0.0002593994140625,120
dl_only_step,1.5,30,21,33,170,True,0.0001553744077682495,30
dl_only_step,1.5,30,22,33,169,True,0.0007154531776905061,30
dl_only_step,1.5,30,23,37,173,True,2.9738061130046848e-05,30
dl_only_step,1.5,30,24,37,175,True,1.049041748046875e-05,60
dl_only_step,1.5,30,25,31,172,True,8.999556303024292e-05,30
dl_only_step,1.5,30,26,33,172,True,0.0004106976557523012,30
dl_only_step,1.5,30,27,30,172,True,0.0007568597793579102,30
dl_only_step,1.5,30,28,26,166,True,0.003305375576019287,30
dl_only_step,1.5,30,29,32,171,True,0.000771939754486084,60
dl_only_step,1.5,30,30,36,172,True,0.00026676058769226074,60
dl_only_step,1.5,30,31,30,167,True,0.0007568597793579102,30
dl_only_step,1.5,30,32,34,172,True,0.0001553744077682495,30
dl_only_step,1.5,30,33,28,172,True,0.00045611709356307983,30
dl_only_step,1.5,30,34,34,169,True,0.0009391127387061716,30
dl_only_step,1.5,30,35,37,174,True,0.00016245711594820025,30
dl_only_step,1.5,30,36,32,172,True,0.0004389551468193531,30
dl_only_step,1.5,30,37,37,171,True,0.0002593994140625,120
dl_only_step,1.5,30,38,29,170,True,0.000244140625,30
dl_only_step,1.5,30,39,37,173,True,3.3020973205566406e-05,60
dl_only_step,1.5,30,40,39,175,True,5.1857903599739075e-05,30
dl_only_step,1.5,30,41,33,171,True,5.1857903599739075e-05,30
dl_only_step,1.5,30,42,34,170,True,0.000771939754486084,30
dl_only_step,1.5,30,43,28,170,True,0.00045611709356307983,30
dl_only_step,1.5,30,44,34,173,True,8.999556303024292e-05,30
dl_only_step,1.5,30,45,34,171,True,5.1857903599739075e-05,30
dl_only_step,1.5,30,46,35,172,True,5.653710104525089e-05,30
dl_only_step,1.5,30,47,35,173,True,0.0001620317343622446,30
dl_only_step,1.5,30,48,30,170,True,0.0004389551468193531,30
dl_only_step,1.5,30,49,34,173,True,7.826089859008789e-05,30
dl_only_step,1.5,60,0,38,174,True,0.00048828125,120
dl_only_step,1.5,60,1,28,165,False,0.01734483242034912,60
dl_only_step,1.5,60,2,35,170,True,0.007316648960113525,60
dl_only_step,1.5,60,3,36,175,True,0.00091552734375,120
dl_only_step,1.5,60,4,33,170,True,0.011327922344207764,60
dl_only_step,1.5,60,5,33,168,True,0.00091552734375,120
dl_only_step,1.5,60,6,28,169,True,0.00048828125,120
dl_only_step,1.5,60,7,29,169,True,0.01544189453125,120
dl_only_step,1.5,60,8,37,173,True,0.00091552734375,120
dl_only_step,1.5,60,9,26,166,True,0.0106353759765625,120
dl_only_step,1.5,60,10,34,172,True,0.0020386576652526855,60
dl_only_step,1.5,60,11,31,171,True,0.0063629150390625,120
dl_only_step,1.5,60,12,35,173,True,0.003692626953125,120
dl_only_step,1.5,60,13,40,174,True,0.001708984375,120
dl_only_step,1.5,60,14,37,172,True,0.0020904541015625,120
dl_only_step,1.5,60,15,33,174,True,0.001708984375,120
dl_only_step,1.5,60,16,31,172,True,0.000244140625,120
dl_only_step,1.5,60,17,30,169,True,0.01544189453125,120
dl_only_step,1.5,60,18,33,170,True,0.00091552734375,120
dl_only_step,1.5,60,19,30,171,True,0.007316648960113525,60
dl_only_step,1.5,60,20,34,174,True,0.0002593994140625,120
dl_only_step,1.5,60,21,33,169,True,0.00845026969909668,60
dl_only_step,1.5,60,22,33,170,True,0.01544189453125,120
dl_only_step,1.5,60,23,37,171,True,0.00048828125,120
dl_only_step,1.5,60,24,37,175,True,0.0001220703125,120
dl_only_step,1.5,60,25,31,171,True,0.0037689208984375,120
dl_only_step,1.5,60,26,33,172,True,0.00091552734375,120
dl_only_step,1.5,60,27,30,169,False,0.021642625331878662,60
dl_only_step,1.5,60,28,26,166,True,0.0063629150390625,120
dl_only_step,1.5,60,29,32,172,True,0.003692626953125,120
dl_only_step,1.5,60,30,36,172,True,0.0020904541015625,120
dl_only_step,1.5,60,31,30,171,True,0.0106353759765625,120
dl_only_step,1.5,60,32,34,173,True,0.001708984375,120
dl_only_step,1.5,60,33,28,170,True,0.00091552734375,120
dl_only_step,1.5,60,34,34,170,True,0.0106353759765625,120
dl_only_step,1.5,60,35,37,173,True,0.007316648960113525,60
dl_only_step,1.5,60,36,32,172,True,0.0063629150390625,120
dl_only_step,1.5,60,37,37,173,True,0.00048828125,120
dl_only_step,1.5,60,38,29,172,True,0.01123046875,120
dl_only_step,1.5,60,39,37,174,True,0.00091552734375,120
dl_only_step,1.5,60,40,39,174,True,0.00048828125,120
dl_only_step,1.5,60,41,33,171,True,0.003692626953125,120
dl_only_step,1.5,60,42,34,173,True,0.0020904541015625,120
dl_only_step,1.5,60,43,28,171,True,0.00091552734375,120
dl_only_step,1.5,60,44,34,172,True,0.0020904541015625,120
dl_only_step,1.5,60,45,34,170,True,0.0106353759765625,120
dl_only_step,1.5,60,46,35,170,True,0.005311012268066406,60
dl_only_step,1.5,60,47,35,171,True,0.003692626953125,120
dl_only_step,1.5,60,48,30,167,True,0.00091552734375,120
dl_only_step,1.5,60,49,34,169,True,0.001299738883972168,60
ul_only_step,0.5,15,0,38,168,True,0.0046776533126831055,30
ul_only_step,0.5,15,1,28,164,False,0.01734483242034912,30
ul_only_step,0.5,15,2,35,166,True,0.007316648960113525,30
ul_only_step,0.5,15,3,36,168,True,0.0020386576652526855,30
ul_only_step,0.5,15,4,33,168,True,0.007316648960113525,30
ul_only_step,0.5,15,5,33,165,True,0.005908966064453125,30
ul_only_step,0.5,15,6,28,162,False,0.0245208740234375,120
ul_only_step,0.5,15,7,29,167,False,0.0095786452293396,30
ul_only_step,0.5,15,8,37,169,True,0.0020386576652526855,30
ul_only_step,0.5,15,9,26,160,False,0.14313936233520508,30
ul_only_step,0.5,15,10,34,170,True,0.0012469589710235596,30
ul_only_step,0.5,15,11,31,164,False,0.0384063720703125,120
ul_only_step,0.5,15,12,35,169,True,0.000771939754486084,30
ul_only_step,0.5,15,13,40,167,True,0.002171754837036133,30
ul_only_step,0.5,15,14,37,167,True,0.003305375576019287,30
ul_only_step,0.5,15,15,33,167,True,0.003305375576019287,30
ul_only_step,0.5,15,16,31,165,True,0.00845026969909668,30
ul_only_step,0.5,15,17,30,164,False,0.021642625331878662,30
ul_only_step,0.5,15,18,33,166,True,0.005311012268066406,30
ul_only_step,0.5,15,19,30,166,False,0.01734483242034912,30
ul_only_step,0.5,15,20,34,165,True,0.011327922344207764,30
ul_only_step,0.5,15,21,33,166,True,0.00845026969909668,30
ul_only_step,0.5,15,22,33,166,True,0.011327922344207764,30
ul_only_step,0.5,15,23,37,169,True,0.000771939754486084,30
ul_only_step,0.5,15,24,37,169,True,0.000771939754486084,30
ul_only_step,0.5,15,25,31,168,True,0.001299738883972168,30
ul_only_step,0.5,15,26,33,166,True,0.007316648960113525,30
ul_only_step,0.5,15,27,30,167,True,0.007316648960113525,30
ul_only_step,0.5,15,28,26,164,False,0.026239395141601562,30
ul_only_step,0.5,15,29,32,162,False,0.05387607216835022,30
ul_only_step,0.5,15,30,36,165,False,0.017849069088697433,30
ul_only_step,0.5,15,31,30,165,True,0.00845026969909668,30
ul_only_step,0.5,15,32,34,168,True,0.001299738883972168,30
ul_only_step,0.5,15,33,28,164,False,0.0317840576171875,30
ul_only_step,0.5,15,34,34,164,False,0.026119492948055267,30
ul_only_step,0.5,15,35,37,168,True,0.0046776533126831055,30
ul_only_step,0.5,15,36,32,164,False,0.026119492948055267,30
ul_only_step,0.5,15,37,37,166,True,0.007316648960113525,30
ul_only_step,0.5,15,38,29,164,True,0.00960540771484375,30
ul_only_step,0.5,15,39,37,166,True,0.011327922344207764,30
ul_only_step,0.5,15,40,39,172,True,0.00026676058769226074,30
ul_only_step,0.5,15,41,33,165,True,0.00845026969909668,30
ul_only_step,0.5,15,42,34,166,True,0.0035986900329589844,30
ul_only_step,0.5,15,43,28,164,False,0.017578125,120
ul_only_step,0.5,15,44,34,165,True,0.00960540771484375,30
ul_only_step,0.5,15,45,34,165,True,0.011327922344207764,30
ul_only_step,0.5,15,46,35,167,True,0.0046776533126831055,30
ul_only_step,0.5,15,47,35,167,True,0.0046776533126831055,30
ul_only_step,0.5,15,48,30,165,False,0.021642625331878662,30
ul_only_step,0.5,15,49,34,168,True,0.0035986900329589844,30
ul_only_step,0.5,30,0,38,164,True,0.0106353759765625,120
ul_only_step,0.5,30,1,28,161,False,0.048126220703125,120
ul_only_step,0.5,30,2,35,163,False,0.048126220703125,120
ul_only_step,0.5,30,3,36,163,True,0.0106353759765625,120
ul_only_step,0.5,30,4,33,164,False,0.0384063720703125,120
ul_only_step,0.5,30,5,33,164,True,0.003692626953125,120
ul_only_step,0.5,30,6,28,162,True,0.0064697265625,120
ul_only_step,0.5,30,7,29,163,False,0.0245208740234375,120
ul_only_step,0.5,30,8,37,162,True,0.0106353759765625,120
ul_only_step,0.5,30,9,26,163,False,0.0245208740234375,120
ul_only_step,0.5,30,10,34,162,True,0.0106353759765625,120
ul_only_step,0.5,30,11,31,163,False,0.0245208740234375,120
ul_only_step,0.5,30,12,35,163,True,0.0106353759765625,120
ul_only_step,0.5,30,13,40,164,True,0.0106353759765625,120
ul_only_step,0.5,30,14,37,161,True,0.0106353759765625,120
ul_only_step,0.5,30,15,33,162,False,0.017578125,120
ul_only_step,0.5,30,16,31,161,True,0.0064697265625,120
ul_only_step,0.5,30,17,30,159,False,0.048126220703125,120
ul_only_step,0.5,30,18,33,162,False,0.017578125,120
ul_only_step,0.5,30,19,30,162,False,0.048126220703125,120
ul_only_step,0.5,30,20,34,165,True,0.0106353759765625,120
ul_only_step,0.5,30,21,33,159,False,0.0717315673828125,120
ul_only_step,0.5,30,22,33,163,False,0.0245208740234375,120
ul_only_step,0.5,30,23,37,162,False,0.017578125,120
ul_only_step,0.5,30,24,37,165,True,0.003692626953125,120
ul_only_step,0.5,30,25,31,161,False,0.0245208740234375,120
ul_only_step,0.5,30,26,33,164,True,0.003692626953125,120
ul_only_step,0.5,30,27,30,162,False,0.0717315673828125,120
ul_only_step,0.5,30,28,26,161,False,0.0245208740234375,120
ul_only_step,0.5,30,29,32,164,True,0.0106353759765625,120
ul_only_step,0.5,30,30,36,164,True,0.0106353759765625,120
ul_only_step,0.5,30,31,30,160,False,0.0245208740234375,120
ul_only_step,0.5,30,32,34,163,True,0.0106353759765625,120
ul_only_step,0.5,30,33,28,164,True,0.0106353759765625,120
ul_only_step,0.5,30,34,34,161,False,0.0245208740234375,120
ul_only_step,0.5,30,35,37,161,False,0.0717315673828125,120
ul_only_step,0.5,30,36,32,163,False,0.0245208740234375,120
ul_only_step,0.5,30,37,37,163,True,0.003692626953125,120
ul_only_step,0.5,30,38,29,163,False,0.017578125,120
ul_only_step,0.5,30,39,37,162,False,0.017578125,120
ul_only_step,0.5,30,40,39,163,True,0.0106353759765625,120
ul_only_step,0.5,30,41,33,163,True,0.0106353759765625,120
ul_only_step,0.5,30,42,34,163,True,0.0106353759765625,120
ul_only_step,0.5,30,43,28,164,True,0.0106353759765625,120
ul_only_step,0.5,30,44,34,164,True,0.0106353759765625,120
ul_only_step,0.5,30,45,34,162,False,0.0245208740234375,120
ul_only_step,0.5,30,46,35,162,False,0.0384063720703125,120
ul_only_step,0.5,30,47,35,163,True,0.0106353759765625,120
ul_only_step,0.5,30,48,30,164,True,0.003692626953125,120
ul_only_step,0.5,30,49,34,162,False,0.0384063720703125,120
ul_only_step,0.5,60,0,38,159,False,0.0384063720703125,120
ul_only_step,0.5,60,1,28,157,False,0.0384063720703125,120
ul_only_step,0.5,60,2,35,157,False,0.048126220703125,120
ul_only_step,0.5,60,3,36,164,False,0.017578125,120
ul_only_step,0.5,60,4,33,162,False,0.05923461914062499,120
ul_only_step,0.5,60,5,33,158,False,0.017578125,120
ul_only_step,0.5,60,6,28,159,False,0.0245208740234375,120
ul_only_step,0.5,60,7,29,158,False,0.1189422607421875,120
ul_only_step,0.5,60,8,37,162,False,0.0286865234375,120
ul_only_step,0.5,60,9,26,155,False,0.0717315673828125,120
ul_only_step,0.5,60,10,34,163,False,0.017578125,120
ul_only_step,0.5,60,11,31,160,False,0.0384063720703125,120
ul_only_step,0.5,60,12,35,160,False,0.05923461914062499,120
ul_only_step,0.5,60,13,40,161,False,0.046142578125,120
ul_only_step,0.5,60,14,37,164,False,0.017578125,120
ul_only_step,0.5,60,15,33,164,False,0.0384063720703125,120
ul_only_step,0.5,60,16,31,163,False,0.017578125,120
ul_only_step,0.5,60,17,30,161,False,0.0717315673828125,120
ul_only_step,0.5,60,18,33,160,False,0.017578125,120
ul_only_step,0.5,60,19,30,161,False,0.0384063720703125,120
ul_only_step,0.5,60,20,34,160,False,0.0245208740234375,120
ul_only_step,0.5,60,21,33,160,False,0.05923461914062499,120
ul_only_step,0.5,60,22,33,158,False,0.0717315673828125,120
ul_only_step,0.5,60,23,37,159,True,0.0106353759765625,120
ul_only_step,0.5,60,24,37,162,False,0.0286865234375,120
ul_only_step,0.5,60,25,31,161,True,0.0106353759765625,120
ul_only_step,0.5,60,26,33,161,False,0.017578125,120
ul_only_step,0.5,60,27,30,159,False,0.0717315673828125,120
ul_only_step,0.5,60,28,26,161,False,0.0245208740234375,120
ul_only_step,0.5,60,29,32,162,False,0.0384063720703125,120
ul_only_step,0.5,60,30,36,160,False,0.0717315673828125,120
ul_only_step,0.5,60,31,30,162,False,0.0384063720703125,120
ul_only_step,0.5,60,32,34,163,False,0.05923461914062499,120
ul_only_step,0.5,60,33,28,160,False,0.017578125,120
ul_only_step,0.5,60,34,34,156,False,0.1661529541015625,120
ul_only_step,0.5,60,35,37,161,False,0.0384063720703125,120
ul_only_step,0.5,60,36,32,160,False,0.0717315673828125,120
ul_only_step,0.5,60,37,37,161,False,0.017578125,120
ul_only_step,0.5,60,38,29,162,False,0.0286865234375,120
ul_only_step,0.5,60,39,37,162,False,0.017578125,120
ul_only_step,0.5,60,40,39,161,False,0.0384063720703125,120
ul_only_step,0.5,60,41,33,160,False,0.05923461914062499,120
ul_only_step,0.5,60,42,34,160,False,0.0384063720703125,120
ul_only_step,0.5,60,43,28,161,False,0.017578125,120
ul_only_step,0.5,60,44,34,161,False,0.017578125,120
ul_only_step,0.5,60,45,34,159,False,0.05923461914062499,120
ul_only_step,0.5,60,46,35,159,False,0.05923461914062499,120
ul_only_step,0.5,60,47,35,159,False,0.05923461914062499,120
ul_only_step,0.5,60,48,30,159,False,0.0384063720703125,120
ul_only_step,0.5,60,49,34,159,True,0.0106353759765625,120
ul_only_step,1.0,15,0,38,172,True,0.0002730563282966614,30
ul_only_step,1.0,15,1,28,168,True,0.0018595829606056213,30
ul_only_step,1.0,15,2,35,171,True,0.00045611709356307983,30
ul_only_step,1.0,15,3,36,172,True,8.999556303024292e-05,30
ul_only_step,1.0,15,4,33,169,True,0.0029623061418533325,30
ul_only_step,1.0,15,5,33,169,True,0.000771939754486084,30
ul_only_step,1.0,15,6,28,165,True,0.0106353759765625,120
ul_only_step,1.0,15,7,29,169,True,0.0026114396750926976,30
ul_only_step,1.0,15,8,37,172,True,0.0001553744077682495,30
ul_only_step,1.0,15,9,26,164,False,0.021642625331878662,30
ul_only_step,1.0,15,10,34,173,True,0.00016245711594820025,30
ul_only_step,1.0,15,11,31,167,True,0.007316648960113525,30
ul_only_step,1.0,15,12,35,171,True,0.00026676058769226074,30
ul_only_step,1.0,15,13,40,170,True,0.0001385807991027832,30
ul_only_step,1.0,15,14,37,170,True,0.00045611709356307983,30
ul_only_step,1.0,15,15,33,170,True,0.0004552602767944336,30
ul_only_step,1.0,15,16,31,169,True,0.000771939754486084,30
ul_only_step,1.0,15,17,30,168,True,0.0018595829606056213,30
ul_only_step,1.0,15,18,33,170,True,0.00026676058769226074,30
ul_only_step,1.0,15,19,30,168,True,0.0046776533126831055,30
ul_only_step,1.0,15,20,34,170,True,0.00045611709356307983,30
ul_only_step,1.0,15,21,33,170,True,0.0004552602767944336,30
ul_only_step,1.0,15,22,33,169,True,0.0018595829606056213,30
ul_only_step,1.0,15,23,37,173,True,4.398822784423828e-05,30
ul_only_step,1.0,15,24,37,172,True,7.826089859008789e-05,30
ul_only_step,1.0,15,25,31,172,True,8.999556303024292e-05,30
ul_only_step,1.0,15,26,33,170,True,0.0007154531776905061,30
ul_only_step,1.0,15,27,30,170,True,0.0012469589710235596,30
ul_only_step,1.0,15,28,26,167,True,0.0046776533126831055,30
ul_only_step,1.0,15,29,32,167,False,0.004065029323101044,30
ul_only_step,1.0,15,30,36,170,True,0.0010512007866054773,30
ul_only_step,1.0,15,31,30,168,True,0.0012469589710235596,30
ul_only_step,1.0,15,32,34,171,True,7.826089859008789e-05,30
ul_only_step,1.0,15,33,28,168,True,0.002171754837036133,30
ul_only_step,1.0,15,34,34,169,True,0.0016634464263916016,30
ul_only_step,1.0,15,35,37,171,True,0.00045611709356307983,30
ul_only_step,1.0,15,36,32,169,True,0.0016634464263916016,30
ul_only_step,1.0,15,37,37,169,True,0.0018595829606056213,30
ul_only_step,1.0,15,38,29,166,True,0.002171754837036133,30
ul_only_step,1.0,15,39,37,170,True,0.0007568597793579102,30
ul_only_step,1.0,15,40,39,174,True,2.4616718292236328e-05,30
ul_only_step,1.0,15,41,33,169,True,0.0004552602767944336,30
ul_only_step,1.0,15,42,34,169,True,0.0004552602767944336,30
ul_only_step,1.0,15,43,28,167,True,0.002171754837036133,30
ul_only_step,1.0,15,44,34,169,True,0.000771939754486084,30
ul_only_step,1.0,15,45,34,169,True,0.0011578500270843506,30
ul_only_step,1.0,15,46,35,171,True,0.0002730563282966614,30
ul_only_step,1.0,15,47,35,171,True,0.0002730563282966614,30
ul_only_step,1.0,15,48,30,169,True,0.0018595829606056213,30
ul_only_step,1.0,15,49,34,171,True,0.000244140625,30
ul_only_step,1.0,30,0,38,169,True,0.003305375576019287,30
ul_only_step,1.0,30,1,28,162,False,0.03195732831954956,30
ul_only_step,1.0,30,2,35,167,True,0.007316648960113525,30
ul_only_step,1.0,30,3,36,166,True,0.0106353759765625,120
ul_only_step,1.0,30,4,33,170,True,0.007316648960113525,30
ul_only_step,1.0,30,5,33,167,True,0.003692626953125,120
ul_only_step,1.0,30,6,28,164,True,0.003692626953125,120
ul_only_step,1.0,30,7,29,168,True,0.011327922344207764,60
ul_only_step,1.0,30,8,37,165,True,0.0063629150390625,120
ul_only_step,1.0,30,9,26,164,False,0.0245208740234375,120
ul_only_step,1.0,30,10,34,167,True,0.0063629150390625,120
ul_only_step,1.0,30,11,31,166,True,0.014479637145996094,30
ul_only_step,1.0,30,12,35,167,True,0.0063629150390625,120
ul_only_step,1.0,30,13,40,169,True,0.0020386576652526855,30
ul_only_step,1.0,30,14,37,165,True,0.005311012268066406,30
ul_only_step,1.0,30,15,33,165,False,0.017578125,120
ul_only_step,1.0,30,16,31,163,True,0.0064697265625,120
ul_only_step,1.0,30,17,30,162,False,0.021642625331878662,30
ul_only_step,1.0,30,18,33,167,True,0.007316648960113525,30
ul_only_step,1.0,30,19,30,167,True,0.014479637145996094,30
ul_only_step,1.0,30,20,34,168,True,0.0063629150390625,120
ul_only_step,1.0,30,21,33,163,False,0.01734483242034912,30
ul_only_step,1.0,30,22,33,166,True,0.011327922344207764,30
ul_only_step,1.0,30,23,37,165,True,0.0106353759765625,120
ul_only_step,1.0,30,24,37,169,True,0.0020904541015625,120
ul_only_step,1.0,30,25,31,165,True,0.01544189453125,120
ul_only_step,1.0,30,26,33,167,True,0.003692626953125,120
ul_only_step,1.0,30,27,30,167,True,0.00845026969909668,30
ul_only_step,1.0,30,28,26,163,False,0.0245208740234375,120
ul_only_step,1.0,30,29,32,166,True,0.0106353759765625,120
ul_only_step,1.0,30,30,36,168,True,0.003305375576019287,60
ul_only_step,1.0,30,31,30,162,False,0.0245208740234375,120
ul_only_step,1.0,30,32,34,165,True,0.0106353759765625,120
ul_only_step,1.0,30,33,28,167,True,0.0106353759765625,120
ul_only_step,1.0,30,34,34,165,True,0.01544189453125,120
ul_only_step,1.0,30,35,37,166,False,0.021642625331878662,30
ul_only_step,1.0,30,36,32,167,True,0.011327922344207764,60
ul_only_step,1.0,30,37,37,166,True,0.0020904541015625,120
ul_only_step,1.0,30,38,29,166,False,0.017578125,120
ul_only_step,1.0,30,39,37,166,True,0.00845026969909668,60
ul_only_step,1.0,30,40,39,168,True,0.0063629150390625,120
ul_only_step,1.0,30,41,33,166,True,0.003305375576019287,30
ul_only_step,1.0,30,42,34,165,True,0.0063629150390625,120
ul_only_step,1.0,30,43,28,165,True,0.0095786452293396,30
ul_only_step,1.0,30,44,34,169,True,0.005311012268066406,60
ul_only_step,1.0,30,45,34,167,True,0.005311012268066406,30
ul_only_step,1.0,30,46,35,166,True,0.011327922344207764,60
ul_only_step,1.0,30,47,35,168,True,0.0046776533126831055,30
ul_only_step,1.0,30,48,30,165,True,0.003692626953125,120
ul_only_step,1.0,30,49,34,165,True,0.00845026969909668,30
ul_only_step,1.0,60,0,38,167,True,0.0106353759765625,120
ul_only_step,1.0,60,1,28,163,False,0.0245208740234375,120
ul_only_step,1.0,60,2,35,166,True,0.01544189453125,120
ul_only_step,1.0,60,3,36,171,True,0.003692626953125,120
ul_only_step,1.0,60,4,33,167,False,0.03195732831954956,60
ul_only_step,1.0,60,5,33,163,True,0.0106353759765625,120
ul_only_step,1.0,60,6,28,164,True,0.0106353759765625,120
ul_only_step,1.0,60,7,29,163,False,0.05387607216835022,60
ul_only_step,1.0,60,8,37,169,True,0.0064697265625,120
ul_only_step,1.0,60,9,26,163,False,0.0245208740234375,120
ul_only_step,1.0,60,10,34,168,True,0.0106353759765625,120
ul_only_step,1.0,60,11,31,165,False,0.0245208740234375,120
ul_only_step,1.0,60,12,35,168,False,0.03195732831954956,60
ul_only_step,1.0,60,13,40,170,True,0.01123046875,120
ul_only_step,1.0,60,14,37,167,True,0.0106353759765625,120
ul_only_step,1.0,60,15,33,169,False,0.01734483242034912,60
ul_only_step,1.0,60,16,31,168,True,0.0064697265625,120
ul_only_step,1.0,60,17,30,165,False,0.0245208740234375,120
ul_only_step,1.0,60,18,33,164,True,0.0064697265625,120
ul_only_step,1.0,60,19,30,168,False,0.0245208740234375,120
ul_only_step,1.0,60,20,34,167,True,0.0063629150390625,120
ul_only_step,1.0,60,21,33,165,False,0.0286865234375,120
ul_only_step,1.0,60,22,33,164,False,0.048126220703125,120
ul_only_step,1.0,60,23,37,166,True,0.003692626953125,120
ul_only_step,1.0,60,24,37,171,True,0.0064697265625,120
ul_only_step,1.0,60,25,31,167,True,0.0063629150390625,120
ul_only_step,1.0,60,26,33,167,True,0.0106353759765625,120
ul_only_step,1.0,60,27,30,165,False,0.0384063720703125,120
ul_only_step,1.0,60,28,26,164,True,0.01544189453125,120
ul_only_step,1.0,60,29,32,167,True,0.0106353759765625,120
ul_only_step,1.0,60,30,36,167,False,0.0245208740234375,120
ul_only_step,1.0,60,31,30,168,False,0.0245208740234375,120
ul_only_step,1.0,60,32,34,170,False,0.01734483242034912,60
ul_only_step,1.0,60,33,28,167,True,0.003692626953125,120
ul_only_step,1.0,60,34,34,164,False,0.0717315673828125,120
ul_only_step,1.0,60,35,37,168,False,0.017578125,120
ul_only_step,1.0,60,36,32,168,False,0.0245208740234375,120
ul_only_step,1.0,60,37,37,168,True,0.0106353759765625,120
ul_only_step,1.0,60,38,29,167,False,0.0286865234375,120
ul_only_step,1.0,60,39,37,168,True,0.0064697265625,120
ul_only_step,1.0,60,40,39,169,True,0.0106353759765625,120
ul_only_step,1.0,60,41,33,166,False,0.017578125,120
ul_only_step,1.0,60,42,34,166,False,0.0245208740234375,120
ul_only_step,1.0,60,43,28,168,True,0.003692626953125,120
ul_only_step,1.0,60,44,34,168,True,0.0106353759765625,120
ul_only_step,1.0,60,45,34,165,False,0.0384063720703125,120
ul_only_step,1.0,60,46,35,165,False,0.0286865234375,120
ul_only_step,1.0,60,47,35,165,False,0.017578125,120
ul_only_step,1.0,60,48,30,164,True,0.0106353759765625,120
ul_only_step,1.0,60,49,34,164,True,0.003692626953125,120
ul_only_step,1.5,15,0,38,179,True,2.3245811462402344e-06,30
ul_only_step,1.5,15,1,28,175,True,2.9738061130046848e-05,30
ul_only_step,1.5,15,2,35,178,True,4.215165972709656e-06,30
ul_only_step,1.5,15,3,36,178,True,2.3245811462402344e-06,30
ul_only_step,1.5,15,4,33,176,True,2.9738061130046848e-05,30
ul_only_step,1.5,15,5,33,176,True,5.245208740234375e-06,30
ul_only_step,1.5,15,6,28,172,True,0.00026676058769226074,30
ul_only_step,1.5,15,7,29,174,True,0.00016245711594820025,30
ul_only_step,1.5,15,8,37,178,True,4.215165972709656e-06,30
ul_only_step,1.5,15,9,26,170,True,0.0011578500270843506,30
ul_only_step,1.5,15,10,34,178,True,5.464302375912666e-06,30
ul_only_step,1.5,15,11,31,173,True,0.0002730563282966614,30
ul_only_step,1.5,15,12,35,178,True,4.215165972709656e-06,30
ul_only_step,1.5,15,13,40,179,True,1.0803341865539551e-07,30
ul_only_step,1.5,15,14,37,178,True,2.3245811462402344e-06,30
ul_only_step,1.5,15,15,33,177,True,7.618218660354614e-06,30
ul_only_step,1.5,15,16,31,175,True,2.4616718292236328e-05,30
ul_only_step,1.5,15,17,30,172,True,0.0002730563282966614,30
ul_only_step,1.5,15,18,33,178,True,8.121132850646973e-07,30
ul_only_step,1.5,15,19,30,173,True,0.0002730563282966614,30
ul_only_step,1.5,15,20,34,179,True,1.2780074030160904e-06,30
ul_only_step,1.5,15,21,33,175,True,5.245208740234375e-06,30
ul_only_step,1.5,15,22,33,176,True,5.653710104525089e-05,30
ul_only_step,1.5,15,23,37,179,True,8.121132850646973e-07,30
ul_only_step,1.5,15,24,37,180,True,1.0803341865539551e-07,30
ul_only_step,1.5,15,25,31,179,True,1.2780074030160904e-06,30
ul_only_step,1.5,15,26,33,175,True,9.756279177963734e-05,30
ul_only_step,1.5,15,27,30,174,True,4.398822784423828e-05,30
ul_only_step,1.5,15,28,26,172,True,0.0001553744077682495,30
ul_only_step,1.5,15,29,32,174,True,0.0001620317343622446,30
ul_only_step,1.5,15,30,36,178,True,2.062879502773285e-05,30
ul_only_step,1.5,15,31,30,173,True,8.999556303024292e-05,30
ul_only_step,1.5,15,32,34,176,True,2.823770046234131e-06,30
ul_only_step,1.5,15,33,28,174,True,8.999556303024292e-05,30
ul_only_step,1.5,15,34,34,175,True,9.756279177963734e-05,30
ul_only_step,1.5,15,35,37,177,True,1.697661355137825e-05,30
ul_only_step,1.5,15,36,32,177,True,1.9279075786471367e-05,30
ul_only_step,1.5,15,37,37,177,True,3.309384919703007e-05,30
ul_only_step,1.5,15,38,29,173,True,1.7940998077392578e-05,30
ul_only_step,1.5,15,39,37,177,True,4.215165972709656e-06,30
ul_only_step,1.5,15,40,39,180,True,4.33996319770813e-07,30
ul_only_step,1.5,15,41,33,177,True,1.516193151473999e-06,30
ul_only_step,1.5,15,42,34,175,True,1.372024416923523e-05,30
ul_only_step,1.5,15,43,28,172,True,7.826089859008789e-05,30
ul_only_step,1.5,15,44,34,176,True,7.618218660354614e-06,30
ul_only_step,1.5,15,45,34,176,True,1.697661355137825e-05,30
ul_only_step,1.5,15,46,35,179,True,1.2780074030160904e-06,30
ul_only_step,1.5,15,47,35,177,True,9.650597348809242e-06,30
ul_only_step,1.5,15,48,30,175,True,5.1857903599739075e-05,30
ul_only_step,1.5,15,49,34,176,True,1.4901161193847656e-06,30
ul_only_step,1.5,30,0,38,175,True,2.9738061130046848e-05,30
ul_only_step,1.5,30,1,28,168,True,0.00016245711594820025,30
ul_only_step,1.5,30,2,35,174,True,9.609758853912354e-05,30
ul_only_step,1.5,30,3,36,173,True,9.609758853912354e-05,30
ul_only_step,1.5,30,4,33,175,True,0.0001553744077682495,30
ul_only_step,1.5,30,5,33,172,True,1.372024416923523e-05,30
ul_only_step,1.5,30,6,28,168,True,0.00048828125,120
ul_only_step,1.5,30,7,29,172,True,0.00045611709356307983,30
ul_only_step,1.5,30,8,37,172,True,0.00016245711594820025,30
ul_only_step,1.5,30,9,26,167,True,0.006270475685596466,30
ul_only_step,1.5,30,10,34,173,True,2.9738061130046848e-05,30
ul_only_step,1.5,30,11,31,169,True,0.0011578500270843506,30
ul_only_step,1.5,30,12,35,173,True,5.1857903599739075e-05,30
ul_only_step,1.5,30,13,40,174,True,1.372024416923523e-05,30
ul_only_step,1.5,30,14,37,171,True,1.372024416923523e-05,30
ul_only_step,1.5,30,15,33,172,True,0.000244140625,60
ul_only_step,1.5,30,16,31,168,True,0.0001220703125,120
ul_only_step,1.5,30,17,30,167,True,0.0016634464263916016,30
ul_only_step,1.5,30,18,33,173,True,2.9738061130046848e-05,30
ul_only_step,1.5,30,19,30,173,True,0.00045611709356307983,30
ul_only_step,1.5,30,20,34,175,True,0.0002593994140625,120
ul_only_step,1.5,30,21,33,170,True,0.0001553744077682495,30
ul_only_step,1.5,30,22,33,169,True,0.0007154531776905061,30
ul_only_step,1.5,30,23,37,173,True,2.9738061130046848e-05,30
ul_only_step,1.5,30,24,37,175,True,1.049041748046875e-05,60
ul_only_step,1.5,30,25,31,172,True,8.999556303024292e-05,30
ul_only_step,1.5,30,26,33,172,True,0.0004106976557523012,30
ul_only_step,1.5,30,27,30,172,True,0.0007568597793579102,30
ul_only_step,1.5,30,28,26,166,True,0.003305375576019287,30
ul_only_step,1.5,30,29,32,171,True,0.000771939754486084,60
ul_only_step,1.5,30,30,36,172,True,0.00026676058769226074,60
ul_only_step,1.5,30,31,30,167,True,0.0007568597793579102,30
ul_only_step,1.5,30,32,34,172,True,0.0001553744077682495,30
ul_only_step,1.5,30,33,28,172,True,0.00045611709356307983,30
ul_only_step,1.5,30,34,34,169,True,0.0009391127387061716,30
ul_only_step,1.5,30,35,37,174,True,0.00016245711594820025,30
ul_only_step,1.5,30,36,32,172,True,0.0004389551468193531,30
ul_only_step,1.5,30,37,37,171,True,0.0002593994140625,120
ul_only_step,1.5,30,38,29,170,True,0.000244140625,30
ul_only_step,1.5,30,39,37,173,True,3.3020973205566406e-05,60
ul_only_step,1.5,30,40,39,175,True,5.1857903599739075e-05,30
ul_only_step,1.5,30,41,33,171,True,5.1857903599739075e-05,30
ul_only_step,1.5,30,42,34,170,True,0.000771939754486084,30
ul_only_step,1.5,30,43,28,170,True,0.00045611709356307983,30
ul_only_step,1.5,30,44,34,173,True,8.999556303024292e-05,30
ul_only_step,1.5,30,45,34,171,True,5.1857903599739075e-05,30
ul_only_step,1.5,30,46,35,172,True,5.653710104525089e-05,30
ul_only_step,1.5,30,47,35,173,True,0.0001620317343622446,30
ul_only_step,1.5,30,48,30,170,True,0.0004389551468193531,30
ul_only_step,1.5,30,49,34,173,True,7.826089859008789e-05,30
ul_only_step,1.5,60,0,38,174,True,0.00048828125,120
ul_only_step,1.5,60,1,28,165,False,0.01734483242034912,60
ul_only_step,1.5,60,2,35,170,True,0.007316648960113525,60
ul_only_step,1.5,60,3,36,175,True,0.00091552734375,120
ul_only_step,1.5,60,4,33,170,True,0.011327922344207764,60
ul_only_step,1.5,60,5,33,168,True,0.00091552734375,120
ul_only_step,1.5,60,6,28,169,True,0.00048828125,120
ul_only_step,1.5,60,7,29,169,True,0.01544189453125,120
ul_only_step,1.5,60,8,37,173,True,0.00091552734375,120
ul_only_step,1.5,60,9,26,166,True,0.0106353759765625,120
ul_only_step,1.5,60,10,34,172,True,0.0020386576652526855,60
ul_only_step,1.5,60,11,31,171,True,0.0063629150390625,120
ul_only_step,1.5,60,12,35,173,True,0.003692626953125,120
ul_only_step,1.5,60,13,40,174,True,0.001708984375,120
ul_only_step,1.5,60,14,37,172,True,0.0020904541015625,120
ul_only_step,1.5,60,15,33,174,True,0.001708984375,120
ul_only_step,1.5,60,16,31,172,True,0.000244140625,120
ul_only_step,1.5,60,17,30,169,True,0.01544189453125,120
ul_only_step,1.5,60,18,33,170,True,0.00091552734375,120
ul_only_step,1.5,60,19,30,171,True,0.007316648960113525,60
ul_only_step,1.5,60,20,34,174,True,0.0002593994140625,120
ul_only_step,1.5,60,21,33,169,True,0.00845026969909668,60
ul_only_step,1.5,60,22,33,170,True,0.01544189453125,120
ul_only_step,1.5,60,23,37,171,True,0.00048828125,120
ul_only_step,1.5,60,24,37,175,True,0.0001220703125,120
ul_only_step,1.5,60,25,31,171,True,0.0037689208984375,120
ul_only_step,1.5,60,26,33,172,True,0.00091552734375,120
ul_only_step,1.5,60,27,30,169,False,0.021642625331878662,60
ul_only_step,1.5,60,28,26,166,True,0.0063629150390625,120
ul_only_step,1.5,60,29,32,172,True,0.003692626953125,120
ul_only_step,1.5,60,30,36,172,True,0.0020904541015625,120
ul_only_step,1.5,60,31,30,171,True,0.0106353759765625,120
ul_only_step,1.5,60,32,34,173,True,0.001708984375,120
ul_only_step,1.5,60,33,28,170,True,0.00091552734375,120
ul_only_step,1.5,60,34,34,170,True,0.0106353759765625,120
ul_only_step,1.5,60,35,37,173,True,0.007316648960113525,60
ul_only_step,1.5,60,36,32,172,True,0.0063629150390625,120
ul_only_step,1.5,60,37,37,173,True,0.00048828125,120
ul_only_step,1.5,60,38,29,172,True,0.01123046875,120
ul_only_step,1.5,60,39,37,174,True,0.00091552734375,120
ul_only_step,1.5,60,40,39,174,True,0.00048828125,120
ul_only_step,1.5,60,41,33,171,True,0.003692626953125,120
ul_only_step,1.5,60,42,34,173,True,0.0020904541015625,120
ul_only_step,1.5,60,43,28,171,True,0.00091552734375,120
ul_only_step,1.5,60,44,34,172,True,0.0020904541015625,120
ul_only_step,1.5,60,45,34,170,True,0.0106353759765625,120
ul_only_step,1.5,60,46,35,170,True,0.005311012268066406,60
ul_only_step,1.5,60,47,35,171,True,0.003692626953125,120
ul_only_step,1.5,60,48,30,167,True,0.00091552734375,120
ul_only_step,1.5,60,49,34,169,True,0.001299738883972168,60
analog_only_step,0.5,15,0,38,168,True,0.0046776533126831055,30
analog_only_step,0.5,15,1,28,164,False,0.01734483242034912,30
analog_only_step,0.5,15,2,35,166,True,0.007316648960113525,30
analog_only_step,0.5,15,3,36,168,True,0.0020386576652526855,30
analog_only_step,0.5,15,4,33,168,True,0.007316648960113525,30
analog_only_step,0.5,15,5,33,165,True,0.005908966064453125,30
analog_only_step,0.5,15,6,28,162,False,0.0245208740234375,120
analog_only_step,0.5,15,7,29,167,False,0.0095786452293396,30
analog_only_step,0.5,15,8,37,169,True,0.0020386576652526855,30
analog_only_step,0.5,15,9,26,160,False,0.14313936233520508,30
analog_only_step,0.5,15,10,34,170,True,0.0012469589710235596,30
analog_only_step,0.5,15,11,31,164,False,0.0384063720703125,120
analog_only_step,0.5,15,12,35,169,True,0.000771939754486084,30
analog_only_step,0.5,15,13,40,167,True,0.002171754837036133,30
analog_only_step,0.5,15,14,37,167,True,0.003305375576019287,30
analog_only_step,0.5,15,15,33,167,True,0.003305375576019287,30
analog_only_step,0.5,15,16,31,165,True,0.00845026969909668,30
analog_only_step,0.5,15,17,30,164,False,0.021642625331878662,30
analog_only_step,0.5,15,18,33,166,True,0.005311012268066406,30
analog_only_step,0.5,15,19,30,166,False,0.01734483242034912,30
analog_only_step,0.5,15,20,34,165,True,0.011327922344207764,30
analog_only_step,0.5,15,21,33,166,True,0.00845026969909668,30
analog_only_step,0.5,15,22,33,166,True,0.011327922344207764,30
analog_only_step,0.5,15,23,37,169,True,0.000771939754486084,30
analog_only_step,0.5,15,24,37,169,True,0.000771939754486084,30
analog_only_step,0.5,15,25,31,168,True,0.001299738883972168,30
analog_only_step,0.5,15,26,33,166,True,0.007316648960113525,30
analog_only_step,0.5,15,27,30,167,True,0.007316648960113525,30
analog_only_step,0.5,15,28,26,164,False,0.026239395141601562,30
analog_only_step,0.5,15,29,32,162,False,0.05387607216835022,30
analog_only_step,0.5,15,30,36,165,False,0.017849069088697433,30
analog_only_step,0.5,15,31,30,165,True,0.00845026969909668,30
analog_only_step,0.5,15,32,34,168,True,0.001299738883972168,30
analog_only_step,0.5,15,33,28,164,False,0.0317840576171875,30
analog_only_step,0.5,15,34,34,164,False,0.026119492948055267,30
analog_only_step,0.5,15,35,37,168,True,0.0046776533126831055,30
analog_only_step,0.5,15,36,32,164,False,0.026119492948055267,30
analog_only_step,0.5,15,37,37,166,True,0.007316648960113525,30
analog_only_step,0.5,15,38,29,164,True,0.00960540771484375,30
analog_only_step,0.5,15,39,37,166,True,0.011327922344207764,30
analog_only_step,0.5,15,40,39,172,True,0.00026676058769226074,30
analog_only_step,0.5,15,41,33,165,True,0.00845026969909668,30
analog_only_step,0.5,15,42,34,166,True,0.0035986900329589844,30
analog_only_step,0.5,15,43,28,164,False,0.017578125,120
analog_only_step,0.5,15,44,34,165,True,0.00960540771484375,30
analog_only_step,0.5,15,45,34,165,True,0.011327922344207764,30
analog_only_step,0.5,15,46,35,167,True,0.0046776533126831055,30
analog_only_step,0.5,15,47,35,167,True,0.0046776533126831055,30
analog_only_step,0.5,15,48,30,165,False,0.021642625331878662,30
analog_only_step,0.5,15,49,34,168,True,0.0035986900329589844,30
analog_only_step,0.5,30,0,38,163,True,0.0106353759765625,120
analog_only_step,0.5,30,1,28,160,False,0.048126220703125,120
analog_only_step,0.5,30,2,35,162,False,0.048126220703125,120
analog_only_step,0.5,30,3,36,162,True,0.0106353759765625,120
analog_only_step,0.5,30,4,33,164,False,0.0384063720703125,120
analog_only_step,0.5,30,5,33,163,True,0.003692626953125,120
analog_only_step,0.5,30,6,28,161,True,0.0064697265625,120
analog_only_step,0.5,30,7,29,163,False,0.0245208740234375,120
analog_only_step,0.5,30,8,37,161,True,0.0106353759765625,120
analog_only_step,0.5,30,9,26,162,False,0.0245208740234375,120
analog_only_step,0.5,30,10,34,161,True,0.0106353759765625,120
analog_only_step,0.5,30,11,31,163,False,0.0245208740234375,120
analog_only_step,0.5,30,12,35,162,True,0.0106353759765625,120
analog_only_step,0.5,30,13,40,163,True,0.0106353759765625,120
analog_only_step,0.5,30,14,37,160,True,0.0106353759765625,120
analog_only_step,0.5,30,15,33,162,False,0.017578125,120
analog_only_step,0.5,30,16,31,160,True,0.0064697265625,120
analog_only_step,0.5,30,17,30,158,False,0.048126220703125,120
analog_only_step,0.5,30,18,33,162,False,0.017578125,120
analog_only_step,0.5,30,19,30,162,False,0.048126220703125,120
analog_only_step,0.5,30,20,34,165,True,0.0106353759765625,120
analog_only_step,0.5,30,21,33,158,False,0.0717315673828125,120
analog_only_step,0.5,30,22,33,162,False,0.0245208740234375,120
analog_only_step,0.5,30,23,37,161,False,0.017578125,120
analog_only_step,0.5,30,24,37,164,True,0.003692626953125,120
analog_only_step,0.5,30,25,31,161,False,0.0245208740234375,120
analog_only_step,0.5,30,26,33,163,True,0.003692626953125,120
analog_only_step,0.5,30,27,30,161,False,0.0717315673828125,120
analog_only_step,0.5,30,28,26,160,False,0.0245208740234375,120
analog_only_step,0.5,30,29,32,163,True,0.0106353759765625,120
analog_only_step,0.5,30,30,36,163,True,0.0106353759765625,120
analog_only_step,0.5,30,31,30,159,False,0.0245208740234375,120
analog_only_step,0.5,30,32,34,162,True,0.0106353759765625,120
analog_only_step,0.5,30,33,28,164,True,0.0106353759765625,120
analog_only_step,0.5,30,34,34,160,False,0.0245208740234375,120
analog_only_step,0.5,30,35,37,161,False,0.0717315673828125,120
analog_only_step,0.5,30,36,32,162,False,0.0245208740234375,120
analog_only_step,0.5,30,37,37,162,True,0.003692626953125,120
analog_only_step,0.5,30,38,29,163,False,0.017578125,120
analog_only_step,0.5,30,39,37,161,False,0.017578125,120
analog_only_step,0.5,30,40,39,162,True,0.0106353759765625,120
analog_only_step,0.5,30,41,33,162,True,0.0106353759765625,120
analog_only_step,0.5,30,42,34,162,True,0.0106353759765625,120
analog_only_step,0.5,30,43,28,163,True,0.0106353759765625,120
analog_only_step,0.5,30,44,34,164,True,0.0106353759765625,120
analog_only_step,0.5,30,45,34,161,False,0.0245208740234375,120
analog_only_step,0.5,30,46,35,161,False,0.0384063720703125,120
analog_only_step,0.5,30,47,35,162,True,0.0106353759765625,120
analog_only_step,0.5,30,48,30,163,True,0.003692626953125,120
analog_only_step,0.5,30,49,34,161,False,0.0384063720703125,120
analog_only_step,0.5,60,0,38,159,False,0.0384063720703125,120
analog_only_step,0.5,60,1,28,157,False,0.0384063720703125,120
analog_only_step,0.5,60,2,35,157,False,0.048126220703125,120
analog_only_step,0.5,60,3,36,164,False,0.017578125,120
analog_only_step,0.5,60,4,33,162,False,0.05923461914062499,120
analog_only_step,0.5,60,5,33,158,False,0.017578125,120
analog_only_step,0.5,60,6,28,159,False,0.0245208740234375,120
analog_only_step,0.5,60,7,29,158,False,0.1189422607421875,120
analog_only_step,0.5,60,8,37,162,False,0.0286865234375,120
analog_only_step,0.5,60,9,26,155,False,0.0717315673828125,120
analog_only_step,0.5,60,10,34,163,False,0.017578125,120
analog_only_step,0.5,60,11,31,160,False,0.0384063720703125,120
analog_only_step,0.5,60,12,35,160,False,0.05923461914062499,120
analog_only_step,0.5,60,13,40,161,False,0.046142578125,120
analog_only_step,0.5,60,14,37,164,False,0.017578125,120
analog_only_step,0.5,60,15,33,164,False,0.0384063720703125,120
analog_only_step,0.5,60,16,31,163,False,0.017578125,120
analog_only_step,0.5,60,17,30,161,False,0.0717315673828125,120
analog_only_step,0.5,60,18,33,160,False,0.017578125,120
analog_only_step,0.5,60,19,30,161,False,0.0384063720703125,120
analog_only_step,0.5,60,20,34,160,False,0.0245208740234375,120
analog_only_step,0.5,60,21,33,160,False,0.05923461914062499,120
analog_only_step,0.5,60,22,33,158,False,0.0717315673828125,120
analog_only_step,0.5,60,23,37,159,True,0.0106353759765625,120
analog_only_step,0.5,60,24,37,162,False,0.0286865234375,120
analog_only_step,0.5,60,25,31,161,True,0.0106353759765625,120
analog_only_step,0.5,60,26,33,161,False,0.017578125,120
analog_only_step,0.5,60,27,30,159,False,0.0717315673828125,120
analog_only_step,0.5,60,28,26,161,False,0.0245208740234375,120
analog_only_step,0.5,60,29,32,162,False,0.0384063720703125,120
analog_only_step,0.5,60,30,36,160,False,0.0717315673828125,120
analog_only_step,0.5,60,31,30,162,False,0.0384063720703125,120
analog_only_step,0.5,60,32,34,163,False,0.05923461914062499,120
analog_only_step,0.5,60,33,28,160,False,0.017578125,120
analog_only_step,0.5,60,34,34,156,False,0.1661529541015625,120
analog_only_step,0.5,60,35,37,161,False,0.0384063720703125,120
analog_only_step,0.5,60,36,32,160,False,0.0717315673828125,120
analog_only_step,0.5,60,37,37,161,False,0.017578125,120
analog_only_step,0.5,60,38,29,162,False,0.0286865234375,120
analog_only_step,0.5,60,39,37,162,False,0.017578125,120
analog_only_step,0.5,60,40,39,161,False,0.0384063720703125,120
analog_only_step,0.5,60,41,33,160,False,0.05923461914062499,120
analog_only_step,0.5,60,42,34,160,False,0.0384063720703125,120
analog_only_step,0.5,60,43,28,161,False,0.017578125,120
analog_only_step,0.5,60,44,34,161,False,0.017578125,120
analog_only_step,0.5,60,45,34,159,False,0.05923461914062499,120
analog_only_step,0.5,60,46,35,159,False,0.05923461914062499,120
analog_only_step,0.5,60,47,35,159,False,0.05923461914062499,120
analog_only_step,0.5,60,48,30,159,False,0.0384063720703125,120
analog_only_step,0.5,60,49,34,159,True,0.0106353759765625,120
analog_only_step,1.0,15,0,38,176,True,1.697661355137825e-05,30
analog_only_step,1.0,15,1,28,172,True,0.00016245711594820025,30
analog_only_step,1.0,15,2,35,175,True,2.9738061130046848e-05,30
analog_only_step,1.0,15,3,36,176,True,4.215165972709656e-06,30
analog_only_step,1.0,15,4,33,174,True,0.00016245711594820025,30
analog_only_step,1.0,15,5,33,174,True,2.4616718292236328e-05,30
analog_only_step,1.0,15,6,28,169,True,0.00048828125,120
analog_only_step,1.0,15,7,29,172,True,0.0004389551468193531,30
analog_only_step,1.0,15,8,37,176,True,7.618218660354614e-06,30
analog_only_step,1.0,15,9,26,168,True,0.004065029323101044,30
analog_only_step,1.0,15,10,34,177,True,9.650597348809242e-06,30
analog_only_step,1.0,15,11,31,172,True,0.00045611709356307983,30
analog_only_step,1.0,15,12,35,175,True,2.9738061130046848e-05,30
analog_only_step,1.0,15,13,40,176,True,1.516193151473999e-06,30
analog_only_step,1.0,15,14,37,176,True,9.650597348809242e-06,30
analog_only_step,1.0,15,15,33,175,True,1.372024416923523e-05,30
analog_only_step,1.0,15,16,31,173,True,7.2479248046875e-05,60
analog_only_step,1.0,15,17,30,170,True,0.0007154531776905061,30
analog_only_step,1.0,15,18,33,176,True,4.215165972709656e-06,30
analog_only_step,1.0,15,19,30,172,True,0.00045611709356307983,30
analog_only_step,1.0,15,20,34,176,True,9.650597348809242e-06,30
analog_only_step,1.0,15,21,33,174,True,2.4616718292236328e-05,30
analog_only_step,1.0,15,22,33,174,True,9.609758853912354e-05,30
analog_only_step,1.0,15,23,37,176,True,7.618218660354614e-06,30
analog_only_step,1.0,15,24,37,177,True,1.516193151473999e-06,30
analog_only_step,1.0,15,25,31,176,True,9.650597348809242e-06,30
analog_only_step,1.0,15,26,33,173,True,0.0001620317343622446,30
analog_only_step,1.0,15,27,30,173,True,0.0001553744077682495,30
analog_only_step,1.0,15,28,26,171,True,0.00045611709356307983,30
analog_only_step,1.0,15,29,32,173,True,0.0001620317343622446,30
analog_only_step,1.0,15,30,36,176,True,3.480084706097841e-05,30
analog_only_step,1.0,15,31,30,171,True,0.0002730563282966614,30
analog_only_step,1.0,15,32,34,175,True,2.823770046234131e-06,30
analog_only_step,1.0,15,33,28,173,True,0.0001553744077682495,30
analog_only_step,1.0,15,34,34,173,True,0.0002541302237659693,30
analog_only_step,1.0,15,35,37,174,True,9.609758853912354e-05,30
analog_only_step,1.0,15,36,32,174,True,9.756279177963734e-05,30
analog_only_step,1.0,15,37,37,174,True,0.0001620317343622446,30
analog_only_step,1.0,15,38,29,171,True,7.826089859008789e-05,30
analog_only_step,1.0,15,39,37,176,True,1.697661355137825e-05,30
analog_only_step,1.0,15,40,39,177,True,4.215165972709656e-06,30
analog_only_step,1.0,15,41,33,174,True,1.372024416923523e-05,30
analog_only_step,1.0,15,42,34,172,True,8.999556303024292e-05,30
analog_only_step,1.0,15,43,28,170,True,0.0004552602767944336,30
analog_only_step,1.0,15,44,34,175,True,1.372024416923523e-05,30
analog_only_step,1.0,15,45,34,174,True,5.653710104525089e-05,30
analog_only_step,1.0,15,46,35,176,True,9.650597348809242e-06,30
analog_only_step,1.0,15,47,35,175,True,3.309384919703007e-05,30
analog_only_step,1.0,15,48,30,173,True,0.00016245711594820025,30
analog_only_step,1.0,15,49,34,174,True,1.7940998077392578e-05,30
analog_only_step,1.0,30,0,38,174,True,0.00026676058769226074,60
analog_only_step,1.0,30,1,28,168,True,0.0018595829606056213,30
analog_only_step,1.0,30,2,35,173,True,0.0002730563282966614,30
analog_only_step,1.0,30,3,36,172,True,0.000771939754486084,60
analog_only_step,1.0,30,4,33,175,True,0.0004552602767944336,60
analog_only_step,1.0,30,5,33,172,True,0.0001553744077682495,30
analog_only_step,1.0,30,6,28,167,True,0.0020904541015625,120
analog_only_step,1.0,30,7,29,172,True,0.0007568597793579102,30
analog_only_step,1.0,30,8,37,171,True,0.000771939754486084,60
analog_only_step,1.0,30,9,26,166,True,0.014479637145996094,30
analog_only_step,1.0,30,10,34,173,True,0.0001385807991027832,60
analog_only_step,1.0,30,11,31,169,True,0.004065029323101044,30
analog_only_step,1.0,30,12,35,173,True,0.0004552602767944336,60
analog_only_step,1.0,30,13,40,173,True,0.000244140625,60
analog_only_step,1.0,30,14,37,171,True,0.00026676058769226074,30
analog_only_step,1.0,30,15,33,171,True,0.000771939754486084,60
analog_only_step,1.0,30,16,31,167,True,0.00091552734375,120
analog_only_step,1.0,30,17,30,166,True,0.004065029323101044,30
analog_only_step,1.0,30,18,33,172,True,0.000244140625,60
analog_only_step,1.0,30,19,30,173,True,0.0011578500270843506,30
analog_only_step,1.0,30,20,34,174,True,0.0007568597793579102,60
analog_only_step,1.0,30,21,33,169,True,0.0007568597793579102,30
analog_only_step,1.0,30,22,33,169,True,0.0018595829606056213,30
analog_only_step,1.0,30,23,37,172,True,0.00045611709356307983,30
analog_only_step,1.0,30,24,37,174,True,6.0558319091796875e-05,60
analog_only_step,1.0,30,25,31,172,True,0.0012469589710235596,30
analog_only_step,1.0,30,26,33,172,True,0.0004552602767944336,60
analog_only_step,1.0,30,27,30,171,True,0.0012469589710235596,30
analog_only_step,1.0,30,28,26,166,True,0.0063629150390625,120
analog_only_step,1.0,30,29,32,170,True,0.0020386576652526855,60
analog_only_step,1.0,30,30,36,171,True,0.0007568597793579102,60
analog_only_step,1.0,30,31,30,167,True,0.0046776533126831055,30
analog_only_step,1.0,30,32,34,171,True,0.000771939754486084,60
analog_only_step,1.0,30,33,28,171,True,0.0018595829606056213,30
analog_only_step,1.0,30,34,34,168,True,0.0035001833457499743,30
analog_only_step,1.0,30,35,37,173,True,0.0011578500270843506,30
analog_only_step,1.0,30,36,32,171,True,0.0018595829606056213,30
analog_only_step,1.0,30,37,37,171,True,0.0002593994140625,120
analog_only_step,1.0,30,38,29,170,True,0.002171754837036133,30
analog_only_step,1.0,30,39,37,172,True,0.0001385807991027832,60
analog_only_step,1.0,30,40,39,174,True,0.00026676058769226074,60
analog_only_step,1.0,30,41,33,170,True,0.0001553744077682495,30
analog_only_step,1.0,30,42,34,170,True,0.0011749267578125,120
analog_only_step,1.0,30,43,28,169,True,0.0020904541015625,120
analog_only_step,1.0,30,44,34,173,True,0.0004277229309082031,60
analog_only_step,1.0,30,45,34,171,True,0.0007568597793579102,30
analog_only_step,1.0,30,46,35,171,True,0.0004552602767944336,60
analog_only_step,1.0,30,47,35,172,True,0.0007154531776905061,30
analog_only_step,1.0,30,48,30,169,True,0.0011578500270843506,30
analog_only_step,1.0,30,49,34,172,True,0.0004552602767944336,30
analog_only_step,1.0,60,0,38,172,True,0.00048828125,120
analog_only_step,1.0,60,1,28,164,False,0.0245208740234375,120
analog_only_step,1.0,60,2,35,169,True,0.00960540771484375,120
analog_only_step,1.0,60,3,36,174,True,0.00091552734375,120
analog_only_step,1.0,60,4,33,169,False,0.017578125,120
analog_only_step,1.0,60,5,33,166,True,0.00091552734375,120
analog_only_step,1.0,60,6,28,168,True,0.00048828125,120
analog_only_step,1.0,60,7,29,168,True,0.01544189453125,120
analog_only_step,1.0,60,8,37,173,True,0.00091552734375,120
analog_only_step,1.0,60,9,26,164,True,0.0106353759765625,120
analog_only_step,1.0,60,10,34,172,True,0.0020904541015625,120
analog_only_step,1.0,60,11,31,169,True,0.0063629150390625,120
analog_only_step,1.0,60,12,35,172,True,0.003692626953125,120
analog_only_step,1.0,60,13,40,173,True,0.001708984375,120
analog_only_step,1.0,60,14,37,171,True,0.0020904541015625,120
analog_only_step,1.0,60,15,33,173,True,0.001708984375,120
analog_only_step,1.0,60,16,31,170,True,0.000244140625,120
analog_only_step,1.0,60,17,30,168,True,0.01544189453125,120
analog_only_step,1.0,60,18,33,168,True,0.00091552734375,120
analog_only_step,1.0,60,19,30,171,True,0.01544189453125,120
analog_only_step,1.0,60,20,34,172,True,0.0002593994140625,120
analog_only_step,1.0,60,21,33,167,True,0.013301849365234375,60
analog_only_step,1.0,60,22,33,168,True,0.01544189453125,120
analog_only_step,1.0,60,23,37,170,True,0.00048828125,120
analog_only_step,1.0,60,24,37,175,True,0.0001220703125,120
analog_only_step,1.0,60,25,31,169,True,0.0037689208984375,120
analog_only_step,1.0,60,26,33,171,True,0.00091552734375,120
analog_only_step,1.0,60,27,30,168,False,0.0245208740234375,120
analog_only_step,1.0,60,28,26,166,True,0.0063629150390625,120
analog_only_step,1.0,60,29,32,170,True,0.003692626953125,120
analog_only_step,1.0,60,30,36,170,True,0.0020904541015625,120
analog_only_step,1.0,60,31,30,170,True,0.0106353759765625,120
analog_only_step,1.0,60,32,34,173,True,0.001708984375,120
analog_only_step,1.0,60,33,28,168,True,0.00091552734375,120
analog_only_step,1.0,60,34,34,168,True,0.0106353759765625,120
analog_only_step,1.0,60,35,37,171,True,0.0106353759765625,120
analog_only_step,1.0,60,36,32,170,True,0.0063629150390625,120
analog_only_step,1.0,60,37,37,172,True,0.00048828125,120
analog_only_step,1.0,60,38,29,170,True,0.01123046875,120
analog_only_step,1.0,60,39,37,172,True,0.00091552734375,120
analog_only_step,1.0,60,40,39,174,True,0.00048828125,120
analog_only_step,1.0,60,41,33,170,True,0.003692626953125,120
analog_only_step,1.0,60,42,34,171,True,0.0020904541015625,120
analog_only_step,1.0,60,43,28,170,True,0.00091552734375,120
analog_only_step,1.0,60,44,34,170,True,0.0020904541015625,120
analog_only_step,1.0,60,45,34,168,True,0.0106353759765625,120
analog_only_step,1.0,60,46,35,168,True,0.0064697265625,120
analog_only_step,1.0,60,47,35,169,True,0.003692626953125,120
analog_only_step,1.0,60,48,30,166,True,0.00091552734375,120
analog_only_step,1.0,60,49,34,167,True,0.0020904541015625,120
analog_only_step,1.5,15,0,38,180,True,1.2780074030160904e-06,30
analog_only_step,1.5,15,1,28,175,True,2.9738061130046848e-05,30
analog_only_step,1.5,15,2,35,179,True,4.33996319770813e-07,30
analog_only_step,1.5,15,3,36,178,True,2.3245811462402344e-06,30
analog_only_step,1.5,15,4,33,177,True,4.215165972709656e-06,30
analog_only_step,1.5,15,5,33,177,True,2.823770046234131e-06,30
analog_only_step,1.5,15,6,28,172,True,7.826089859008789e-05,30
analog_only_step,1.5,15,7,29,175,True,2.9738061130046848e-05,30
analog_only_step,1.5,15,8,37,178,True,8.121132850646973e-07,30
analog_only_step,1.5,15,9,26,171,True,0.0002730563282966614,30
analog_only_step,1.5,15,10,34,178,True,1.2780074030160904e-06,30
analog_only_step,1.5,15,11,31,174,True,5.1857903599739075e-05,30
analog_only_step,1.5,15,12,35,179,True,2.3245811462402344e-06,30
analog_only_step,1.5,15,13,40,180,True,3.725290298461914e-09,30
analog_only_step,1.5,15,14,37,178,True,4.33996319770813e-07,30
analog_only_step,1.5,15,15,33,178,True,8.121132850646973e-07,30
analog_only_step,1.5,15,16,31,175,True,2.4616718292236328e-05,30
analog_only_step,1.5,15,17,30,172,True,8.999556303024292e-05,30
analog_only_step,1.5,15,18,33,179,True,5.587935447692871e-08,30
analog_only_step,1.5,15,19,30,174,True,0.00016245711594820025,30
analog_only_step,1.5,15,20,34,180,True,1.2316741049289703e-07,30
analog_only_step,1.5,15,21,33,175,True,5.245208740234375e-06,30
analog_only_step,1.5,15,22,33,177,True,3.309384919703007e-05,30
analog_only_step,1.5,15,23,37,180,True,5.587935447692871e-08,30
analog_only_step,1.5,15,24,37,181,True,5.587935447692871e-08,30
analog_only_step,1.5,15,25,31,179,True,1.2780074030160904e-06,30
analog_only_step,1.5,15,26,33,176,True,1.9279075786471367e-05,30
analog_only_step,1.5,15,27,30,175,True,2.4616718292236328e-05,30
analog_only_step,1.5,15,28,26,172,True,4.398822784423828e-05,30
analog_only_step,1.5,15,29,32,175,True,3.309384919703007e-05,30
analog_only_step,1.5,15,30,36,179,True,3.7137651816010475e-06,30
analog_only_step,1.5,15,31,30,173,True,8.999556303024292e-05,30
analog_only_step,1.5,15,32,34,177,True,2.086162567138672e-07,30
analog_only_step,1.5,15,33,28,175,True,1.372024416923523e-05,30
analog_only_step,1.5,15,34,34,176,True,5.842093378305435e-05,30
analog_only_step,1.5,15,35,37,178,True,2.3245811462402344e-06,30
analog_only_step,1.5,15,36,32,177,True,1.9279075786471367e-05,30
analog_only_step,1.5,15,37,37,178,True,1.9279075786471367e-05,30
analog_only_step,1.5,15,38,29,173,True,2.86102294921875e-06,30
analog_only_step,1.5,15,39,37,178,True,4.33996319770813e-07,30
analog_only_step,1.5,15,40,39,181,True,2.8870999813079834e-08,30
analog_only_step,1.5,15,41,33,178,True,1.0803341865539551e-07,30
analog_only_step,1.5,15,42,34,175,True,2.823770046234131e-06,30
analog_only_step,1.5,15,43,28,173,True,9.715557098388672e-06,30
analog_only_step,1.5,15,44,34,177,True,8.121132850646973e-07,30
analog_only_step,1.5,15,45,34,176,True,4.215165972709656e-06,30
analog_only_step,1.5,15,46,35,180,True,1.2316741049289703e-07,30
analog_only_step,1.5,15,47,35,178,True,1.2780074030160904e-06,30
analog_only_step,1.5,15,48,30,175,True,1.372024416923523e-05,30
analog_only_step,1.5,15,49,34,177,True,5.960464477539063e-08,30
analog_only_step,1.5,30,0,38,176,True,1.697661355137825e-05,30
analog_only_step,1.5,30,1,28,169,True,5.653710104525089e-05,30
analog_only_step,1.5,30,2,35,175,True,3.309384919703007e-05,30
analog_only_step,1.5,30,3,36,174,True,5.653710104525089e-05,30
analog_only_step,1.5,30,4,33,175,True,5.1857903599739075e-05,30
analog_only_step,1.5,30,5,33,173,True,7.618218660354614e-06,30
analog_only_step,1.5,30,6,28,169,True,0.00048828125,120
analog_only_step,1.5,30,7,29,172,True,0.0002730563282966614,30
analog_only_step,1.5,30,8,37,173,True,5.653710104525089e-05,30
analog_only_step,1.5,30,9,26,168,True,0.0026114396750926976,30
analog_only_step,1.5,30,10,34,174,True,9.650597348809242e-06,30
analog_only_step,1.5,30,11,31,169,True,0.0004389551468193531,30
analog_only_step,1.5,30,12,35,174,True,1.697661355137825e-05,30
analog_only_step,1.5,30,13,40,175,True,4.215165972709656e-06,30
analog_only_step,1.5,30,14,37,172,True,7.618218660354614e-06,30
analog_only_step,1.5,30,15,33,172,True,9.609758853912354e-05,30
analog_only_step,1.5,30,16,31,169,True,0.0001220703125,120
analog_only_step,1.5,30,17,30,168,True,0.0016634464263916016,30
analog_only_step,1.5,30,18,33,173,True,1.697661355137825e-05,30
analog_only_step,1.5,30,19,30,173,True,0.00016245711594820025,30
analog_only_step,1.5,30,20,34,175,True,9.609758853912354e-05,30
analog_only_step,1.5,30,21,33,171,True,8.999556303024292e-05,30
analog_only_step,1.5,30,22,33,170,True,0.0002675263676792383,30
analog_only_step,1.5,30,23,37,174,True,9.650597348809242e-06,30
analog_only_step,1.5,30,24,37,176,True,7.618218660354614e-06,30
analog_only_step,1.5,30,25,31,172,True,2.9738061130046848e-05,30
analog_only_step,1.5,30,26,33,173,True,0.0002541302237659693,30
analog_only_step,1.5,30,27,30,173,True,0.00045611709356307983,30
analog_only_step,1.5,30,28,26,167,True,0.0020386576652526855,30
analog_only_step,1.5,30,29,32,172,True,0.0006593635771423578,30
analog_only_step,1.5,30,30,36,173,True,0.0002359933714615181,30
analog_only_step,1.5,30,31,30,168,True,0.00045611709356307983,30
analog_only_step,1.5,30,32,34,173,True,8.999556303024292e-05,30
analog_only_step,1.5,30,33,28,172,True,0.00016245711594820025,30
analog_only_step,1.5,30,34,34,170,True,0.0005966214812360704,30
analog_only_step,1.5,30,35,37,174,True,5.653710104525089e-05,30
analog_only_step,1.5,30,36,32,173,True,0.0001620317343622446,30
analog_only_step,1.5,30,37,37,172,True,9.756279177963734e-05,30
analog_only_step,1.5,30,38,29,170,True,0.0001385807991027832,30
analog_only_step,1.5,30,39,37,174,True,3.3020973205566406e-05,60
analog_only_step,1.5,30,40,39,176,True,1.697661355137825e-05,30
analog_only_step,1.5,30,41,33,172,True,1.697661355137825e-05,30
analog_only_step,1.5,30,42,34,171,True,0.00026676058769226074,30
analog_only_step,1.5,30,43,28,171,True,0.0002730563282966614,30
analog_only_step,1.5,30,44,34,173,True,2.9738061130046848e-05,30
analog_only_step,1.5,30,45,34,172,True,2.9738061130046848e-05,30
analog_only_step,1.5,30,46,35,173,True,1.9279075786471367e-05,30
analog_only_step,1.5,30,47,35,174,True,0.0001620317343622446,30
analog_only_step,1.5,30,48,30,171,True,0.0004389551468193531,30
analog_only_step,1.5,30,49,34,174,True,4.398822784423828e-05,30
analog_only_step,1.5,60,0,38,177,True,0.00048828125,120
analog_only_step,1.5,60,1,28,168,True,0.00845026969909668,60
analog_only_step,1.5,60,2,35,171,True,0.003305375576019287,60
analog_only_step,1.5,60,3,36,179,True,0.00091552734375,120
analog_only_step,1.5,60,4,33,173,True,0.011327922344207764,60
analog_only_step,1.5,60,5,33,170,True,0.00091552734375,120
analog_only_step,1.5,60,6,28,170,True,0.00048828125,120
analog_only_step,1.5,60,7,29,170,True,0.01544189453125,120
analog_only_step,1.5,60,8,37,177,True,0.0004277229309082031,60
analog_only_step,1.5,60,9,26,169,True,0.0106353759765625,120
analog_only_step,1.5,60,10,34,175,True,0.0020386576652526855,60
analog_only_step,1.5,60,11,31,175,True,0.0063629150390625,120
analog_only_step,1.5,60,12,35,175,True,0.003692626953125,120
analog_only_step,1.5,60,13,40,178,True,0.0007448196411132812,60
analog_only_step,1.5,60,14,37,175,True,0.0020904541015625,120
analog_only_step,1.5,60,15,33,176,True,0.001708984375,120
analog_only_step,1.5,60,16,31,175,True,0.000244140625,120
analog_only_step,1.5,60,17,30,173,True,0.01544189453125,120
analog_only_step,1.5,60,18,33,173,True,0.00091552734375,120
analog_only_step,1.5,60,19,30,174,True,0.007316648960113525,60
analog_only_step,1.5,60,20,34,177,True,0.0002593994140625,120
analog_only_step,1.5,60,21,33,172,True,0.0035986900329589844,60
analog_only_step,1.5,60,22,33,174,True,0.01544189453125,120
analog_only_step,1.5,60,23,37,173,True,0.00048828125,120
analog_only_step,1.5,60,24,37,176,True,0.0001220703125,120
analog_only_step,1.5,60,25,31,174,True,0.0020386576652526855,60
analog_only_step,1.5,60,26,33,175,True,0.00091552734375,120
analog_only_step,1.5,60,27,30,172,True,0.011327922344207764,60
analog_only_step,1.5,60,28,26,170,True,0.0063629150390625,120
analog_only_step,1.5,60,29,32,175,True,0.003692626953125,120
analog_only_step,1.5,60,30,36,175,True,0.0020904541015625,120
analog_only_step,1.5,60,31,30,175,True,0.0106353759765625,120
analog_only_step,1.5,60,32,34,176,True,0.001708984375,120
analog_only_step,1.5,60,33,28,172,True,0.00091552734375,120
analog_only_step,1.5,60,34,34,173,True,0.0106353759765625,120
analog_only_step,1.5,60,35,37,176,True,0.007316648960113525,60
analog_only_step,1.5,60,36,32,174,True,0.0063629150390625,120
analog_only_step,1.5,60,37,37,176,True,0.00048828125,120
analog_only_step,1.5,60,38,29,175,True,0.00960540771484375,60
analog_only_step,1.5,60,39,37,177,True,0.00091552734375,120
analog_only_step,1.5,60,40,39,178,True,0.00048828125,120
analog_only_step,1.5,60,41,33,174,True,0.002171754837036133,60
analog_only_step,1.5,60,42,34,177,True,0.0020904541015625,120
analog_only_step,1.5,60,43,28,173,True,0.00091552734375,120
analog_only_step,1.5,60,44,34,175,True,0.0020904541015625,120
analog_only_step,1.5,60,45,34,172,True,0.0106353759765625,120
analog_only_step,1.5,60,46,35,173,True,0.002171754837036133,60
analog_only_step,1.5,60,47,35,174,True,0.003692626953125,120
analog_only_step,1.5,60,48,30,170,True,0.00091552734375,120
analog_only_step,1.5,60,49,34,172,True,0.0004277229309082031,60
mcs_only_step,0.5,15,0,38,163,False,0.05923461914062499,120
mcs_only_step,0.5,15,1,28,161,False,0.10501980781555176,30
mcs_only_step,0.5,15,2,35,160,False,0.1189422607421875,120
mcs_only_step,0.5,15,3,36,163,False,0.04656982421875,30
mcs_only_step,0.5,15,4,33,161,False,0.1189422607421875,120
mcs_only_step,0.5,15,5,33,161,False,0.05923461914062499,120
mcs_only_step,0.5,15,6,28,158,False,0.05923461914062499,120
mcs_only_step,0.5,15,7,29,162,False,0.0717315673828125,120
mcs_only_step,0.5,15,8,37,164,False,0.0384063720703125,120
mcs_only_step,0.5,15,9,26,158,False,0.1661529541015625,120
mcs_only_step,0.5,15,10,34,163,False,0.0384063720703125,120
mcs_only_step,0.5,15,11,31,161,False,0.1050567626953125,120
mcs_only_step,0.5,15,12,35,162,False,0.05923461914062499,120
mcs_only_step,0.5,15,13,40,162,False,0.06690025329589844,30
mcs_only_step,0.5,15,14,37,161,False,0.10501980781555176,30
mcs_only_step,0.5,15,15,33,162,False,0.05923461914062499,120
mcs_only_step,0.5,15,16,31,161,False,0.05923461914062499,120
mcs_only_step,0.5,15,17,30,160,False,0.1050567626953125,120
mcs_only_step,0.5,15,18,33,161,False,0.09462356567382812,30
mcs_only_step,0.5,15,19,30,161,False,0.1189422607421875,120
mcs_only_step,0.5,15,20,34,160,False,0.1050567626953125,120
mcs_only_step,0.5,15,21,33,161,False,0.09462356567382812,30
mcs_only_step,0.5,15,22,33,162,False,0.09462356567382812,30
mcs_only_step,0.5,15,23,37,162,False,0.0384063720703125,120
mcs_only_step,0.5,15,24,37,163,False,0.0384063720703125,120
mcs_only_step,0.5,15,25,31,162,False,0.06690025329589844,30
mcs_only_step,0.5,15,26,33,163,False,0.0384063720703125,120
mcs_only_step,0.5,15,27,30,162,False,0.06690025329589844,30
mcs_only_step,0.5,15,28,26,161,False,0.10501980781555176,30
mcs_only_step,0.5,15,29,32,160,False,0.1050567626953125,120
mcs_only_step,0.5,15,30,36,161,False,0.10501980781555176,30
mcs_only_step,0.5,15,31,30,161,False,0.05923461914062499,120
mcs_only_step,0.5,15,32,34,162,False,0.0384063720703125,120
mcs_only_step,0.5,15,33,28,160,False,0.1050567626953125,120
mcs_only_step,0.5,15,34,34,161,False,0.10501980781555176,30
mcs_only_step,0.5,15,35,37,162,False,0.10501980781555176,30
mcs_only_step,0.5,15,36,32,160,False,0.1050567626953125,120
mcs_only_step,0.5,15,37,37,161,False,0.05923461914062499,120
mcs_only_step,0.5,15,38,29,161,False,0.09462356567382812,30
mcs_only_step,0.5,15,39,37,160,False,0.1050567626953125,120
mcs_only_step,0.5,15,40,39,165,False,0.03195732831954956,30
mcs_only_step,0.5,15,41,33,160,False,0.05923461914062499,120
mcs_only_step,0.5,15,42,34,161,False,0.05923461914062499,120
mcs_only_step,0.5,15,43,28,160,False,0.05923461914062499,120
mcs_only_step,0.5,15,44,34,161,False,0.09462356567382812,30
mcs_only_step,0.5,15,45,34,161,False,0.10501980781555176,30
mcs_only_step,0.5,15,46,35,162,False,0.07579481601715088,30
mcs_only_step,0.5,15,47,35,162,False,0.06690025329589844,30
mcs_only_step,0.5,15,48,30,163,False,0.0384063720703125,120
mcs_only_step,0.5,15,49,34,162,False,0.09462356567382812,30
mcs_only_step,0.5,30,0,38,161,False,0.048126220703125,120
mcs_only_step,0.5,30,1,28,161,False,0.048126220703125,120
mcs_only_step,0.5,30,2,35,162,False,0.048126220703125,120
mcs_only_step,0.5,30,3,36,161,False,0.048126220703125,120
mcs_only_step,0.5,30,4,33,163,False,0.0384063720703125,120
mcs_only_step,0.5,30,5,33,161,False,0.0245208740234375,120
mcs_only_step,0.5,30,6,28,160,False,0.0384063720703125,120
mcs_only_step,0.5,30,7,29,161,False,0.048126220703125,120
mcs_only_step,0.5,30,8,37,160,False,0.048126220703125,120
mcs_only_step,0.5,30,9,26,162,False,0.0245208740234375,120
mcs_only_step,0.5,30,10,34,160,False,0.048126220703125,120
mcs_only_step,0.5,30,11,31,161,False,0.048126220703125,120
mcs_only_step,0.5,30,12,35,160,False,0.048126220703125,120
mcs_only_step,0.5,30,13,40,162,False,0.0245208740234375,120
mcs_only_step,0.5,30,14,37,160,False,0.0245208740234375,120
mcs_only_step,0.5,30,15,33,159,False,0.0717315673828125,120
mcs_only_step,0.5,30,16,31,159,False,0.0384063720703125,120
mcs_only_step,0.5,30,17,30,158,False,0.08353424072265625,120
mcs_only_step,0.5,30,18,33,160,False,0.0384063720703125,120
mcs_only_step,0.5,30,19,30,161,False,0.048126220703125,120
mcs_only_step,0.5,30,20,34,163,False,0.0245208740234375,120
mcs_only_step,0.5,30,21,33,158,False,0.1189422607421875,120
mcs_only_step,0.5,30,22,33,161,False,0.048126220703125,120
mcs_only_step,0.5,30,23,37,159,False,0.0717315673828125,120
mcs_only_step,0.5,30,24,37,162,False,0.0245208740234375,120
mcs_only_step,0.5,30,25,31,160,False,0.048126220703125,120
mcs_only_step,0.5,30,26,33,161,False,0.0245208740234375,120
mcs_only_step,0.5,30,27,30,160,False,0.1189422607421875,120
mcs_only_step,0.5,30,28,26,161,False,0.0245208740234375,120
mcs_only_step,0.5,30,29,32,162,False,0.0245208740234375,120
mcs_only_step,0.5,30,30,36,162,False,0.0245208740234375,120
mcs_only_step,0.5,30,31,30,158,False,0.08353424072265625,120
mcs_only_step,0.5,30,32,34,160,False,0.048126220703125,120
mcs_only_step,0.5,30,33,28,162,False,0.0245208740234375,120
mcs_only_step,0.5,30,34,34,159,False,0.048126220703125,120
mcs_only_step,0.5,30,35,37,159,False,0.1189422607421875,120
mcs_only_step,0.5,30,36,32,162,False,0.048126220703125,120
mcs_only_step,0.5,30,37,37,160,False,0.0245208740234375,120
mcs_only_step,0.5,30,38,29,162,False,0.0384063720703125,120
mcs_only_step,0.5,30,39,37,160,False,0.0384063720703125,120
mcs_only_step,0.5,30,40,39,160,False,0.048126220703125,120
mcs_only_step,0.5,30,41,33,160,False,0.048126220703125,120
mcs_only_step,0.5,30,42,34,161,False,0.048126220703125,120
mcs_only_step,0.5,30,43,28,161,False,0.048126220703125,120
mcs_only_step,0.5,30,44,34,162,False,0.0245208740234375,120
mcs_only_step,0.5,30,45,34,161,False,0.048126220703125,120
mcs_only_step,0.5,30,46,35,160,False,0.0717315673828125,120
mcs_only_step,0.5,30,47,35,161,False,0.0245208740234375,120
mcs_only_step,0.5,30,48,30,162,False,0.0245208740234375,120
mcs_only_step,0.5,30,49,34,160,False,0.0717315673828125,120
mcs_only_step,0.5,60,0,38,155,False,0.1189422607421875,120
mcs_only_step,0.5,60,1,28,155,False,0.08353424072265625,120
mcs_only_step,0.5,60,2,35,155,False,0.08353424072265625,120
mcs_only_step,0.5,60,3,36,158,False,0.1189422607421875,120
mcs_only_step,0.5,60,4,33,158,False,0.1661529541015625,120
mcs_only_step,0.5,60,5,33,156,False,0.1189422607421875,120
mcs_only_step,0.5,60,6,28,156,False,0.1189422607421875,120
mcs_only_step,0.5,60,7,29,157,False,0.1661529541015625,120
mcs_only_step,0.5,60,8,37,157,False,0.1189422607421875,120
mcs_only_step,0.5,60,9,26,154,False,0.1189422607421875,120
mcs_only_step,0.5,60,10,34,157,False,0.1189422607421875,120
mcs_only_step,0.5,60,11,31,158,False,0.08353424072265625,120
mcs_only_step,0.5,60,12,35,156,False,0.1661529541015625,120
mcs_only_step,0.5,60,13,40,156,False,0.1661529541015625,120
mcs_only_step,0.5,60,14,37,158,False,0.1189422607421875,120
mcs_only_step,0.5,60,15,33,159,False,0.1189422607421875,120
mcs_only_step,0.5,60,16,31,158,False,0.1189422607421875,120
mcs_only_step,0.5,60,17,30,158,False,0.1189422607421875,120
mcs_only_step,0.5,60,18,33,156,False,0.08353424072265625,120
mcs_only_step,0.5,60,19,30,157,False,0.08353424072265625,120
mcs_only_step,0.5,60,20,34,156,False,0.08353424072265625,120
mcs_only_step,0.5,60,21,33,157,False,0.1189422607421875,120
mcs_only_step,0.5,60,22,33,156,False,0.1189422607421875,120
mcs_only_step,0.5,60,23,37,155,False,0.08353424072265625,120
mcs_only_step,0.5,60,24,37,156,False,0.1661529541015625,120
mcs_only_step,0.5,60,25,31,156,False,0.08353424072265625,120
mcs_only_step,0.5,60,26,33,156,False,0.1189422607421875,120
mcs_only_step,0.5,60,27,30,156,False,0.1189422607421875,120
mcs_only_step,0.5,60,28,26,157,False,0.1189422607421875,120
mcs_only_step,0.5,60,29,32,158,False,0.1189422607421875,120
mcs_only_step,0.5,60,30,36,157,False,0.1189422607421875,120
mcs_only_step,0.5,60,31,30,157,False,0.1189422607421875,120
mcs_only_step,0.5,60,32,34,158,False,0.1661529541015625,120
mcs_only_step,0.5,60,33,28,157,False,0.08353424072265625,120
mcs_only_step,0.5,60,34,34,155,False,0.1189422607421875,120
mcs_only_step,0.5,60,35,37,157,False,0.1189422607421875,120
mcs_only_step,0.5,60,36,32,157,False,0.1189422607421875,120
mcs_only_step,0.5,60,37,37,156,False,0.1189422607421875,120
mcs_only_step,0.5,60,38,29,159,False,0.1661529541015625,120
mcs_only_step,0.5,60,39,37,157,False,0.1189422607421875,120
mcs_only_step,0.5,60,40,39,156,False,0.1189422607421875,120
mcs_only_step,0.5,60,41,33,157,False,0.1189422607421875,120
mcs_only_step,0.5,60,42,34,158,False,0.1661529541015625,120
mcs_only_step,0.5,60,43,28,156,False,0.1189422607421875,120
mcs_only_step,0.5,60,44,34,157,False,0.08353424072265625,120
mcs_only_step,0.5,60,45,34,156,False,0.1189422607421875,120
mcs_only_step,0.5,60,46,35,156,False,0.1189422607421875,120
mcs_only_step,0.5,60,47,35,155,False,0.1661529541015625,120
mcs_only_step,0.5,60,48,30,156,False,0.1189422607421875,120
mcs_only_step,0.5,60,49,34,155,False,0.1189422607421875,120
mcs_only_step,1.0,15,0,38,168,True,0.0046776533126831055,30
mcs_only_step,1.0,15,1,28,164,False,0.01734483242034912,30
mcs_only_step,1.0,15,2,35,166,True,0.007316648960113525,30
mcs_only_step,1.0,15,3,36,168,True,0.0020386576652526855,30
mcs_only_step,1.0,15,4,33,168,True,0.007316648960113525,30
mcs_only_step,1.0,15,5,33,165,True,0.005908966064453125,30
mcs_only_step,1.0,15,6,28,162,False,0.0245208740234375,120
mcs_only_step,1.0,15,7,29,167,False,0.0095786452293396,30
mcs_only_step,1.0,15,8,37,169,True,0.0020386576652526855,30
mcs_only_step,1.0,15,9,26,160,False,0.14313936233520508,30
mcs_only_step,1.0,15,10,34,170,True,0.0012469589710235596,30
mcs_only_step,1.0,15,11,31,164,False,0.0384063720703125,120
mcs_only_step,1.0,15,12,35,169,True,0.000771939754486084,30
mcs_only_step,1.0,15,13,40,167,True,0.002171754837036133,30
mcs_only_step,1.0,15,14,37,167,True,0.003305375576019287,30
mcs_only_step,1.0,15,15,33,167,True,0.003305375576019287,30
mcs_only_step,1.0,15,16,31,165,True,0.00845026969909668,30
mcs_only_step,1.0,15,17,30,164,False,0.021642625331878662,30
mcs_only_step,1.0,15,18,33,166,True,0.005311012268066406,30
mcs_only_step,1.0,15,19,30,166,False,0.01734483242034912,30
mcs_only_step,1.0,15,20,34,165,True,0.011327922344207764,30
mcs_only_step,1.0,15,21,33,166,True,0.00845026969909668,30
mcs_only_step,1.0,15,22,33,166,True,0.011327922344207764,30
mcs_only_step,1.0,15,23,37,169,True,0.000771939754486084,30
mcs_only_step,1.0,15,24,37,169,True,0.000771939754486084,30
mcs_only_step,1.0,15,25,31,168,True,0.001299738883972168,30
mcs_only_step,1.0,15,26,33,166,True,0.007316648960113525,30
mcs_only_step,1.0,15,27,30,167,True,0.007316648960113525,30
mcs_only_step,1.0,15,28,26,164,False,0.026239395141601562,30
mcs_only_step,1.0,15,29,32,162,False,0.05387607216835022,30
mcs_only_step,1.0,15,30,36,165,False,0.017849069088697433,30
mcs_only_step,1.0,15,31,30,165,True,0.00845026969909668,30
mcs_only_step,1.0,15,32,34,168,True,0.001299738883972168,30
mcs_only_step,1.0,15,33,28,164,False,0.0317840576171875,30
mcs_only_step,1.0,15,34,34,164,False,0.026119492948055267,30
mcs_only_step,1.0,15,35,37,168,True,0.0046776533126831055,30
mcs_only_step,1.0,15,36,32,164,False,0.026119492948055267,30
mcs_only_step,1.0,15,37,37,166,True,0.007316648960113525,30
mcs_only_step,1.0,15,38,29,164,True,0.00960540771484375,30
mcs_only_step,1.0,15,39,37,166,True,0.011327922344207764,30
mcs_only_step,1.0,15,40,39,172,True,0.00026676058769226074,30
mcs_only_step,1.0,15,41,33,165,True,0.00845026969909668,30
mcs_only_step,1.0,15,42,34,166,True,0.0035986900329589844,30
mcs_only_step,1.0,15,43,28,164,False,0.017578125,120
mcs_only_step,1.0,15,44,34,165,True,0.00960540771484375,30
mcs_only_step,1.0,15,45,34,165,True,0.011327922344207764,30
mcs_only_step,1.0,15,46,35,167,True,0.0046776533126831055,30
mcs_only_step,1.0,15,47,35,167,True,0.0046776533126831055,30
mcs_only_step,1.0,15,48,30,165,False,0.021642625331878662,30
mcs_only_step,1.0,15,49,34,168,True,0.0035986900329589844,30
mcs_only_step,1.0,30,0,38,163,True,0.0106353759765625,120
mcs_only_step,1.0,30,1,28,160,False,0.048126220703125,120
mcs_only_step,1.0,30,2,35,162,False,0.048126220703125,120
mcs_only_step,1.0,30,3,36,162,True,0.0106353759765625,120
mcs_only_step,1.0,30,4,33,164,False,0.0384063720703125,120
mcs_only_step,1.0,30,5,33,163,True,0.003692626953125,120
mcs_only_step,1.0,30,6,28,161,True,0.0064697265625,120
mcs_only_step,1.0,30,7,29,163,False,0.0245208740234375,120
mcs_only_step,1.0,30,8,37,161,True,0.0106353759765625,120
mcs_only_step,1.0,30,9,26,162,False,0.0245208740234375,120
mcs_only_step,1.0,30,10,34,161,True,0.0106353759765625,120
mcs_only_step,1.0,30,11,31,163,False,0.0245208740234375,120
mcs_only_step,1.0,30,12,35,162,True,0.0106353759765625,120
mcs_only_step,1.0,30,13,40,163,True,0.0106353759765625,120
mcs_only_step,1.0,30,14,37,160,True,0.0106353759765625,120
mcs_only_step,1.0,30,15,33,162,False,0.017578125,120
mcs_only_step,1.0,30,16,31,160,True,0.0064697265625,120
mcs_only_step,1.0,30,17,30,158,False,0.048126220703125,120
mcs_only_step,1.0,30,18,33,162,False,0.017578125,120
mcs_only_step,1.0,30,19,30,162,False,0.048126220703125,120
mcs_only_step,1.0,30,20,34,165,True,0.0106353759765625,120
mcs_only_step,1.0,30,21,33,158,False,0.0717315673828125,120
mcs_only_step,1.0,30,22,33,162,False,0.0245208740234375,120
mcs_only_step,1.0,30,23,37,161,False,0.017578125,120
mcs_only_step,1.0,30,24,37,164,True,0.003692626953125,120
mcs_only_step,1.0,30,25,31,161,False,0.0245208740234375,120
mcs_only_step,1.0,30,26,33,163,True,0.003692626953125,120
mcs_only_step,1.0,30,27,30,161,False,0.0717315673828125,120
mcs_only_step,1.0,30,28,26,160,False,0.0245208740234375,120
mcs_only_step,1.0,30,29,32,163,True,0.0106353759765625,120
mcs_only_step,1.0,30,30,36,163,True,0.0106353759765625,120
mcs_only_step,1.0,30,31,30,159,False,0.0245208740234375,120
mcs_only_step,1.0,30,32,34,162,True,0.0106353759765625,120
mcs_only_step,1.0,30,33,28,164,True,0.0106353759765625,120
mcs_only_step,1.0,30,34,34,160,False,0.0245208740234375,120
mcs_only_step,1.0,30,35,37,161,False,0.0717315673828125,120
mcs_only_step,1.0,30,36,32,162,False,0.0245208740234375,120
mcs_only_step,1.0,30,37,37,162,True,0.003692626953125,120
mcs_only_step,1.0,30,38,29,163,False,0.017578125,120
mcs_only_step,1.0,30,39,37,161,False,0.017578125,120
mcs_only_step,1.0,30,40,39,162,True,0.0106353759765625,120
mcs_only_step,1.0,30,41,33,162,True,0.0106353759765625,120
mcs_only_step,1.0,30,42,34,162,True,0.0106353759765625,120
mcs_only_step,1.0,30,43,28,163,True,0.0106353759765625,120
mcs_only_step,1.0,30,44,34,164,True,0.0106353759765625,120
mcs_only_step,1.0,30,45,34,161,False,0.0245208740234375,120
mcs_only_step,1.0,30,46,35,161,False,0.0384063720703125,120
mcs_only_step,1.0,30,47,35,162,True,0.0106353759765625,120
mcs_only_step,1.0,30,48,30,163,True,0.003692626953125,120
mcs_only_step,1.0,30,49,34,161,False,0.0384063720703125,120
mcs_only_step,1.0,60,0,38,159,False,0.0384063720703125,120
mcs_only_step,1.0,60,1,28,157,False,0.0384063720703125,120
mcs_only_step,1.0,60,2,35,157,False,0.048126220703125,120
mcs_only_step,1.0,60,3,36,164,False,0.017578125,120
mcs_only_step,1.0,60,4,33,162,False,0.05923461914062499,120
mcs_only_step,1.0,60,5,33,158,False,0.017578125,120
mcs_only_step,1.0,60,6,28,159,False,0.0245208740234375,120
mcs_only_step,1.0,60,7,29,158,False,0.1189422607421875,120
mcs_only_step,1.0,60,8,37,162,False,0.0286865234375,120
mcs_only_step,1.0,60,9,26,155,False,0.0717315673828125,120
mcs_only_step,1.0,60,10,34,163,False,0.017578125,120
mcs_only_step,1.0,60,11,31,160,False,0.0384063720703125,120
mcs_only_step,1.0,60,12,35,160,False,0.05923461914062499,120
mcs_only_step,1.0,60,13,40,161,False,0.046142578125,120
mcs_only_step,1.0,60,14,37,164,False,0.017578125,120
mcs_only_step,1.0,60,15,33,164,False,0.0384063720703125,120
mcs_only_step,1.0,60,16,31,163,False,0.017578125,120
mcs_only_step,1.0,60,17,30,161,False,0.0717315673828125,120
mcs_only_step,1.0,60,18,33,160,False,0.017578125,120
mcs_only_step,1.0,60,19,30,161,False,0.0384063720703125,120
mcs_only_step,1.0,60,20,34,160,False,0.0245208740234375,120
mcs_only_step,1.0,60,21,33,160,False,0.05923461914062499,120
mcs_only_step,1.0,60,22,33,158,False,0.0717315673828125,120
mcs_only_step,1.0,60,23,37,159,True,0.0106353759765625,120
mcs_only_step,1.0,60,24,37,162,False,0.0286865234375,120
mcs_only_step,1.0,60,25,31,161,True,0.0106353759765625,120
mcs_only_step,1.0,60,26,33,161,False,0.017578125,120
mcs_only_step,1.0,60,27,30,159,False,0.0717315673828125,120
mcs_only_step,1.0,60,28,26,161,False,0.0245208740234375,120
mcs_only_step,1.0,60,29,32,162,False,0.0384063720703125,120
mcs_only_step,1.0,60,30,36,160,False,0.0717315673828125,120
mcs_only_step,1.0,60,31,30,162,False,0.0384063720703125,120
mcs_only_step,1.0,60,32,34,163,False,0.05923461914062499,120
mcs_only_step,1.0,60,33,28,160,False,0.017578125,120
mcs_only_step,1.0,60,34,34,156,False,0.1661529541015625,120
mcs_only_step,1.0,60,35,37,161,False,0.0384063720703125,120
mcs_only_step,1.0,60,36,32,160,False,0.0717315673828125,120
mcs_only_step,1.0,60,37,37,161,False,0.017578125,120
mcs_only_step,1.0,60,38,29,162,False,0.0286865234375,120
mcs_only_step,1.0,60,39,37,162,False,0.017578125,120
mcs_only_step,1.0,60,40,39,161,False,0.0384063720703125,120
mcs_only_step,1.0,60,41,33,160,False,0.05923461914062499,120
mcs_only_step,1.0,60,42,34,160,False,0.0384063720703125,120
mcs_only_step,1.0,60,43,28,161,False,0.017578125,120
mcs_only_step,1.0,60,44,34,161,False,0.017578125,120
mcs_only_step,1.0,60,45,34,159,False,0.05923461914062499,120
mcs_only_step,1.0,60,46,35,159,False,0.05923461914062499,120
mcs_only_step,1.0,60,47,35,159,False,0.05923461914062499,120
mcs_only_step,1.0,60,48,30,159,False,0.0384063720703125,120
mcs_only_step,1.0,60,49,34,159,True,0.0106353759765625,120
mcs_only_step,1.5,15,0,38,172,True,0.0002730563282966614,30
mcs_only_step,1.5,15,1,28,168,True,0.0018595829606056213,30
mcs_only_step,1.5,15,2,35,171,True,0.00045611709356307983,30
mcs_only_step,1.5,15,3,36,172,True,8.999556303024292e-05,30
mcs_only_step,1.5,15,4,33,169,True,0.0029623061418533325,30
mcs_only_step,1.5,15,5,33,169,True,0.000771939754486084,30
mcs_only_step,1.5,15,6,28,165,True,0.0106353759765625,120
mcs_only_step,1.5,15,7,29,169,True,0.0026114396750926976,30
mcs_only_step,1.5,15,8,37,172,True,0.0001553744077682495,30
mcs_only_step,1.5,15,9,26,164,False,0.021642625331878662,30
mcs_only_step,1.5,15,10,34,173,True,0.00016245711594820025,30
mcs_only_step,1.5,15,11,31,167,True,0.007316648960113525,30
mcs_only_step,1.5,15,12,35,171,True,0.00026676058769226074,30
mcs_only_step,1.5,15,13,40,170,True,0.0001385807991027832,30
mcs_only_step,1.5,15,14,37,170,True,0.00045611709356307983,30
mcs_only_step,1.5,15,15,33,170,True,0.0004552602767944336,30
mcs_only_step,1.5,15,16,31,169,True,0.000771939754486084,30
mcs_only_step,1.5,15,17,30,168,True,0.0018595829606056213,30
mcs_only_step,1.5,15,18,33,170,True,0.00026676058769226074,30
mcs_only_step,1.5,15,19,30,168,True,0.0046776533126831055,30
mcs_only_step,1.5,15,20,34,170,True,0.00045611709356307983,30
mcs_only_step,1.5,15,21,33,170,True,0.0004552602767944336,30
mcs_only_step,1.5,15,22,33,169,True,0.0018595829606056213,30
mcs_only_step,1.5,15,23,37,173,True,4.398822784423828e-05,30
mcs_only_step,1.5,15,24,37,172,True,7.826089859008789e-05,30
mcs_only_step,1.5,15,25,31,172,True,8.999556303024292e-05,30
mcs_only_step,1.5,15,26,33,170,True,0.0007154531776905061,30
mcs_only_step,1.5,15,27,30,170,True,0.0012469589710235596,30
mcs_only_step,1.5,15,28,26,167,True,0.0046776533126831055,30
mcs_only_step,1.5,15,29,32,167,False,0.004065029323101044,30
mcs_only_step,1.5,15,30,36,170,True,0.0010512007866054773,30
mcs_only_step,1.5,15,31,30,168,True,0.0012469589710235596,30
mcs_only_step,1.5,15,32,34,171,True,7.826089859008789e-05,30
mcs_only_step,1.5,15,33,28,168,True,0.002171754837036133,30
mcs_only_step,1.5,15,34,34,169,True,0.0016634464263916016,30
mcs_only_step,1.5,15,35,37,171,True,0.00045611709356307983,30
mcs_only_step,1.5,15,36,32,169,True,0.0016634464263916016,30
mcs_only_step,1.5,15,37,37,169,True,0.0018595829606056213,30
mcs_only_step,1.5,15,38,29,166,True,0.002171754837036133,30
mcs_only_step,1.5,15,39,37,170,True,0.0007568597793579102,30
mcs_only_step,1.5,15,40,39,174,True,2.4616718292236328e-05,30
mcs_only_step,1.5,15,41,33,169,True,0.0004552602767944336,30
mcs_only_step,1.5,15,42,34,169,True,0.0004552602767944336,30
mcs_only_step,1.5,15,43,28,167,True,0.002171754837036133,30
mcs_only_step,1.5,15,44,34,169,True,0.000771939754486084,30
mcs_only_step,1.5,15,45,34,169,True,0.0011578500270843506,30
mcs_only_step,1.5,15,46,35,171,True,0.0002730563282966614,30
mcs_only_step,1.5,15,47,35,171,True,0.0002730563282966614,30
mcs_only_step,1.5,15,48,30,169,True,0.0018595829606056213,30
mcs_only_step,1.5,15,49,34,171,True,0.000244140625,30
mcs_only_step,1.5,30,0,38,169,True,0.003305375576019287,30
mcs_only_step,1.5,30,1,28,162,False,0.03195732831954956,30
mcs_only_step,1.5,30,2,35,167,True,0.007316648960113525,30
mcs_only_step,1.5,30,3,36,166,True,0.0106353759765625,120
mcs_only_step,1.5,30,4,33,170,True,0.007316648960113525,30
mcs_only_step,1.5,30,5,33,167,True,0.003692626953125,120
mcs_only_step,1.5,30,6,28,164,True,0.003692626953125,120
mcs_only_step,1.5,30,7,29,168,True,0.011327922344207764,60
mcs_only_step,1.5,30,8,37,165,True,0.0063629150390625,120
mcs_only_step,1.5,30,9,26,164,False,0.0245208740234375,120
mcs_only_step,1.5,30,10,34,167,True,0.0063629150390625,120
mcs_only_step,1.5,30,11,31,166,True,0.014479637145996094,30
mcs_only_step,1.5,30,12,35,167,True,0.0063629150390625,120
mcs_only_step,1.5,30,13,40,169,True,0.0020386576652526855,30
mcs_only_step,1.5,30,14,37,165,True,0.005311012268066406,30
mcs_only_step,1.5,30,15,33,165,False,0.017578125,120
mcs_only_step,1.5,30,16,31,163,True,0.0064697265625,120
mcs_only_step,1.5,30,17,30,162,False,0.021642625331878662,30
mcs_only_step,1.5,30,18,33,167,True,0.007316648960113525,30
mcs_only_step,1.5,30,19,30,167,True,0.014479637145996094,30
mcs_only_step,1.5,30,20,34,168,True,0.0063629150390625,120
mcs_only_step,1.5,30,21,33,163,False,0.01734483242034912,30
mcs_only_step,1.5,30,22,33,166,True,0.011327922344207764,30
mcs_only_step,1.5,30,23,37,165,True,0.0106353759765625,120
mcs_only_step,1.5,30,24,37,169,True,0.0020904541015625,120
mcs_only_step,1.5,30,25,31,165,True,0.01544189453125,120
mcs_only_step,1.5,30,26,33,167,True,0.003692626953125,120
mcs_only_step,1.5,30,27,30,167,True,0.00845026969909668,30
mcs_only_step,1.5,30,28,26,163,False,0.0245208740234375,120
mcs_only_step,1.5,30,29,32,166,True,0.0106353759765625,120
mcs_only_step,1.5,30,30,36,168,True,0.003305375576019287,60
mcs_only_step,1.5,30,31,30,162,False,0.0245208740234375,120
mcs_only_step,1.5,30,32,34,165,True,0.0106353759765625,120
mcs_only_step,1.5,30,33,28,167,True,0.0106353759765625,120
mcs_only_step,1.5,30,34,34,165,True,0.01544189453125,120
mcs_only_step,1.5,30,35,37,166,False,0.021642625331878662,30
mcs_only_step,1.5,30,36,32,167,True,0.011327922344207764,60
mcs_only_step,1.5,30,37,37,166,True,0.0020904541015625,120
mcs_only_step,1.5,30,38,29,166,False,0.017578125,120
mcs_only_step,1.5,30,39,37,166,True,0.00845026969909668,60
mcs_only_step,1.5,30,40,39,168,True,0.0063629150390625,120
mcs_only_step,1.5,30,41,33,166,True,0.003305375576019287,30
mcs_only_step,1.5,30,42,34,165,True,0.0063629150390625,120
mcs_only_step,1.5,30,43,28,165,True,0.0095786452293396,30
mcs_only_step,1.5,30,44,34,169,True,0.005311012268066406,60
mcs_only_step,1.5,30,45,34,167,True,0.005311012268066406,30
mcs_only_step,1.5,30,46,35,166,True,0.011327922344207764,60
mcs_only_step,1.5,30,47,35,168,True,0.0046776533126831055,30
mcs_only_step,1.5,30,48,30,165,True,0.003692626953125,120
mcs_only_step,1.5,30,49,34,165,True,0.00845026969909668,30
mcs_only_step,1.5,60,0,38,167,True,0.0106353759765625,120
mcs_only_step,1.5,60,1,28,163,False,0.0245208740234375,120
mcs_only_step,1.5,60,2,35,166,True,0.01544189453125,120
mcs_only_step,1.5,60,3,36,171,True,0.003692626953125,120
mcs_only_step,1.5,60,4,33,167,False,0.03195732831954956,60
mcs_only_step,1.5,60,5,33,163,True,0.0106353759765625,120
mcs_only_step,1.5,60,6,28,164,True,0.0106353759765625,120
mcs_only_step,1.5,60,7,29,163,False,0.05387607216835022,60
mcs_only_step,1.5,60,8,37,169,True,0.0064697265625,120
mcs_only_step,1.5,60,9,26,163,False,0.0245208740234375,120
mcs_only_step,1.5,60,10,34,168,True,0.0106353759765625,120
mcs_only_step,1.5,60,11,31,165,False,0.0245208740234375,120
mcs_only_step,1.5,60,12,35,168,False,0.03195732831954956,60
mcs_only_step,1.5,60,13,40,170,True,0.01123046875,120
mcs_only_step,1.5,60,14,37,167,True,0.0106353759765625,120
mcs_only_step,1.5,60,15,33,169,False,0.01734483242034912,60
mcs_only_step,1.5,60,16,31,168,True,0.0064697265625,120
mcs_only_step,1.5,60,17,30,165,False,0.0245208740234375,120
mcs_only_step,1.5,60,18,33,164,True,0.0064697265625,120
mcs_only_step,1.5,60,19,30,168,False,0.0245208740234375,120
mcs_only_step,1.5,60,20,34,167,True,0.0063629150390625,120
mcs_only_step,1.5,60,21,33,165,False,0.0286865234375,120
mcs_only_step,1.5,60,22,33,164,False,0.048126220703125,120
mcs_only_step,1.5,60,23,37,166,True,0.003692626953125,120
mcs_only_step,1.5,60,24,37,171,True,0.0064697265625,120
mcs_only_step,1.5,60,25,31,167,True,0.0063629150390625,120
mcs_only_step,1.5,60,26,33,167,True,0.0106353759765625,120
mcs_only_step,1.5,60,27,30,165,False,0.0384063720703125,120
mcs_only_step,1.5,60,28,26,164,True,0.01544189453125,120
mcs_only_step,1.5,60,29,32,167,True,0.0106353759765625,120
mcs_only_step,1.5,60,30,36,167,False,0.0245208740234375,120
mcs_only_step,1.5,60,31,30,168,False,0.0245208740234375,120
mcs_only_step,1.5,60,32,34,170,False,0.01734483242034912,60
mcs_only_step,1.5,60,33,28,167,True,0.003692626953125,120
mcs_only_step,1.5,60,34,34,164,False,0.0717315673828125,120
mcs_only_step,1.5,60,35,37,168,False,0.017578125,120
mcs_only_step,1.5,60,36,32,168,False,0.0245208740234375,120
mcs_only_step,1.5,60,37,37,168,True,0.0106353759765625,120
mcs_only_step,1.5,60,38,29,167,False,0.0286865234375,120
mcs_only_step,1.5,60,39,37,168,True,0.0064697265625,120
mcs_only_step,1.5,60,40,39,169,True,0.0106353759765625,120
mcs_only_step,1.5,60,41,33,166,False,0.017578125,120
mcs_only_step,1.5,60,42,34,166,False,0.0245208740234375,120
mcs_only_step,1.5,60,43,28,168,True,0.003692626953125,120
mcs_only_step,1.5,60,44,34,168,True,0.0106353759765625,120
mcs_only_step,1.5,60,45,34,165,False,0.0384063720703125,120
mcs_only_step,1.5,60,46,35,165,False,0.0286865234375,120
mcs_only_step,1.5,60,47,35,165,False,0.017578125,120
mcs_only_step,1.5,60,48,30,164,True,0.0106353759765625,120
mcs_only_step,1.5,60,49,34,164,True,0.003692626953125,120
gradual_joint,0.5,15,0,38,167,True,0.0029623061418533325,30
gradual_joint,0.5,15,1,28,162,False,0.03775934875011444,30
gradual_joint,0.5,15,2,35,166,False,0.021642625331878662,30
gradual_joint,0.5,15,3,36,166,True,0.0029623061418533325,30
gradual_joint,0.5,15,4,33,168,True,0.014479637145996094,30
gradual_joint,0.5,15,5,33,165,True,0.003692626953125,120
gradual_joint,0.5,15,6,28,163,True,0.003692626953125,120
gradual_joint,0.5,15,7,29,168,True,0.0095786452293396,30
gradual_joint,0.5,15,8,37,165,True,0.004065029323101044,30
gradual_joint,0.5,15,9,26,163,False,0.0245208740234375,120
gradual_joint,0.5,15,10,34,166,True,0.0029623061418533325,30
gradual_joint,0.5,15,11,31,165,True,0.01544189453125,120
gradual_joint,0.5,15,12,35,166,True,0.0063629150390625,120
gradual_joint,0.5,15,13,40,167,True,0.0046776533126831055,30
gradual_joint,0.5,15,14,37,165,True,0.0029623061418533325,30
gradual_joint,0.5,15,15,33,165,True,0.0095786452293396,30
gradual_joint,0.5,15,16,31,161,True,0.0064697265625,120
gradual_joint,0.5,15,17,30,161,False,0.026119492948055267,30
gradual_joint,0.5,15,18,33,166,True,0.0095786452293396,30
gradual_joint,0.5,15,19,30,167,True,0.014479637145996094,30
gradual_joint,0.5,15,20,34,170,True,0.0046776533126831055,60
gradual_joint,0.5,15,21,33,162,True,0.014479637145996094,30
gradual_joint,0.5,15,22,33,165,True,0.007316648960113525,30
gradual_joint,0.5,15,23,37,165,True,0.0095786452293396,30
gradual_joint,0.5,15,24,37,168,True,0.0020904541015625,120
gradual_joint,0.5,15,25,31,166,True,0.0095786452293396,30
gradual_joint,0.5,15,26,33,165,True,0.003692626953125,120
gradual_joint,0.5,15,27,30,166,True,0.011327922344207764,30
gradual_joint,0.5,15,28,26,162,False,0.0245208740234375,120
gradual_joint,0.5,15,29,32,166,True,0.0106353759765625,120
gradual_joint,0.5,15,30,36,166,True,0.0063629150390625,120
gradual_joint,0.5,15,31,30,160,False,0.0245208740234375,120
gradual_joint,0.5,15,32,34,166,True,0.0046776533126831055,30
gradual_joint,0.5,15,33,28,165,True,0.0106353759765625,120
gradual_joint,0.5,15,34,34,163,True,0.01544189453125,120
gradual_joint,0.5,15,35,37,165,True,0.01205977238714695,30
gradual_joint,0.5,15,36,32,164,True,0.01544189453125,120
gradual_joint,0.5,15,37,37,164,True,0.0020904541015625,120
gradual_joint,0.5,15,38,29,166,False,0.01734483242034912,30
gradual_joint,0.5,15,39,37,165,True,0.0106353759765625,120
gradual_joint,0.5,15,40,39,167,True,0.004065029323101044,30
gradual_joint,0.5,15,41,33,166,True,0.0063629150390625,120
gradual_joint,0.5,15,42,34,165,True,0.0063629150390625,120
gradual_joint,0.5,15,43,28,163,True,0.0106353759765625,120
gradual_joint,0.5,15,44,34,167,True,0.0063629150390625,120
gradual_joint,0.5,15,45,34,165,True,0.0046776533126831055,30
gradual_joint,0.5,15,46,35,165,True,0.01205977238714695,30
gradual_joint,0.5,15,47,35,167,True,0.006270475685596466,30
gradual_joint,0.5,15,48,30,164,True,0.003692626953125,120
gradual_joint,0.5,15,49,34,166,True,0.007316648960113525,30
gradual_joint,0.5,30,0,38,168,True,0.0063629150390625,120
gradual_joint,0.5,30,1,28,162,False,0.11476147174835205,60
gradual_joint,0.5,30,2,35,164,False,0.04357927665114403,60
gradual_joint,0.5,30,3,36,166,True,0.0106353759765625,120
gradual_joint,0.5,30,4,33,163,False,0.0717315673828125,120
gradual_joint,0.5,30,5,33,163,False,0.0384063720703125,120
gradual_joint,0.5,30,6,28,166,True,0.0020904541015625,120
gradual_joint,0.5,30,7,29,162,False,0.048126220703125,120
gradual_joint,0.5,30,8,37,164,False,0.0384063720703125,120
gradual_joint,0.5,30,9,26,165,False,0.0245208740234375,120
gradual_joint,0.5,30,10,34,163,False,0.048126220703125,120
gradual_joint,0.5,30,11,31,164,False,0.048126220703125,120
gradual_joint,0.5,30,12,35,163,False,0.048126220703125,120
gradual_joint,0.5,30,13,40,165,False,0.0245208740234375,120
gradual_joint,0.5,30,14,37,162,False,0.048126220703125,120
gradual_joint,0.5,30,15,33,162,False,0.04656982421875,60
gradual_joint,0.5,30,16,31,164,True,0.0106353759765625,120
gradual_joint,0.5,30,17,30,162,False,0.048126220703125,120
gradual_joint,0.5,30,18,33,162,False,0.04656982421875,60
gradual_joint,0.5,30,19,30,162,False,0.1189422607421875,120
gradual_joint,0.5,30,20,34,169,True,0.0020904541015625,120
gradual_joint,0.5,30,21,33,160,False,0.15372812747955322,60
gradual_joint,0.5,30,22,33,166,False,0.020694732666015625,120
gradual_joint,0.5,30,23,37,165,False,0.03775934875011444,60
gradual_joint,0.5,30,24,37,164,True,0.0106353759765625,120
gradual_joint,0.5,30,25,31,164,False,0.057659149169921875,120
gradual_joint,0.5,30,26,33,166,True,0.0106353759765625,120
gradual_joint,0.5,30,27,30,163,False,0.0717315673828125,120
gradual_joint,0.5,30,28,26,163,True,0.01544189453125,120
gradual_joint,0.5,30,29,32,164,False,0.017578125,120
gradual_joint,0.5,30,30,36,166,True,0.003692626953125,120
gradual_joint,0.5,30,31,30,162,False,0.057659149169921875,120
gradual_joint,0.5,30,32,34,164,False,0.0245208740234375,120
gradual_joint,0.5,30,33,28,164,False,0.0245208740234375,120
gradual_joint,0.5,30,34,34,163,False,0.017578125,120
gradual_joint,0.5,30,35,37,163,False,0.06103906035423279,60
gradual_joint,0.5,30,36,32,166,True,0.01544189453125,120
gradual_joint,0.5,30,37,37,165,True,0.0106353759765625,120
gradual_joint,0.5,30,38,29,162,False,0.0717315673828125,120
gradual_joint,0.5,30,39,37,163,False,0.03195732831954956,60
gradual_joint,0.5,30,40,39,165,False,0.0245208740234375,120
gradual_joint,0.5,30,41,33,163,False,0.0384063720703125,120
gradual_joint,0.5,30,42,34,167,False,0.020694732666015625,120
gradual_joint,0.5,30,43,28,163,False,0.0245208740234375,120
gradual_joint,0.5,30,44,34,164,False,0.048126220703125,120
gradual_joint,0.5,30,45,34,163,False,0.048126220703125,120
gradual_joint,0.5,30,46,35,163,False,0.03195732831954956,60
gradual_joint,0.5,30,47,35,166,True,0.0106353759765625,120
gradual_joint,0.5,30,48,30,165,True,0.0064697265625,120
gradual_joint,0.5,30,49,34,164,False,0.06103906035423279,60
gradual_joint,0.5,60,0,38,167,False,0.08978271484375,120
gradual_joint,0.5,60,1,28,161,False,0.1189422607421875,120
gradual_joint,0.5,60,2,35,161,False,0.1796417236328125,120
gradual_joint,0.5,60,3,36,166,False,0.15087890624999997,120
gradual_joint,0.5,60,4,33,165,False,0.05923461914062499,120
gradual_joint,0.5,60,5,33,163,False,0.046142578125,120
gradual_joint,0.5,60,6,28,163,False,0.05923461914062499,120
gradual_joint,0.5,60,7,29,164,False,0.1050567626953125,120
gradual_joint,0.5,60,8,37,165,False,0.15087890624999997,120
gradual_joint,0.5,60,9,26,162,False,0.048126220703125,120
gradual_joint,0.5,60,10,34,166,False,0.08978271484375,120
gradual_joint,0.5,60,11,31,163,False,0.1050567626953125,120
gradual_joint,0.5,60,12,35,163,False,0.15087890624999997,120
gradual_joint,0.5,60,13,40,165,False,0.08978271484375,120
gradual_joint,0.5,60,14,37,168,False,0.03271484375,120
gradual_joint,0.5,60,15,33,164,False,0.15087890624999997,120
gradual_joint,0.5,60,16,31,166,False,0.072998046875,120
gradual_joint,0.5,60,17,30,163,False,0.30361938476562494,120
gradual_joint,0.5,60,18,33,167,False,0.046142578125,120
gradual_joint,0.5,60,19,30,165,False,0.0717315673828125,120
gradual_joint,0.5,60,20,34,165,False,0.0717315673828125,120
gradual_joint,0.5,60,21,33,165,False,0.21197509765625,120
gradual_joint,0.5,60,22,33,163,False,0.2272491455078125,120
gradual_joint,0.5,60,23,37,163,False,0.1050567626953125,120
gradual_joint,0.5,60,24,37,165,False,0.08978271484375,120
gradual_joint,0.5,60,25,31,163,False,0.1050567626953125,120
gradual_joint,0.5,60,26,33,166,False,0.08978271484375,120
gradual_joint,0.5,60,27,30,163,False,0.2272491455078125,120
gradual_joint,0.5,60,28,26,166,False,0.05923461914062499,120
gradual_joint,0.5,60,29,32,168,False,0.072998046875,120
gradual_joint,0.5,60,30,36,163,False,0.1661529541015625,120
gradual_joint,0.5,60,31,30,166,False,0.21197509765625,120
gradual_joint,0.5,60,32,34,166,False,0.1334228515625,120
gradual_joint,0.5,60,33,28,164,False,0.0286865234375,120
gradual_joint,0.5,60,34,34,164,False,0.2272491455078125,120
gradual_joint,0.5,60,35,37,166,False,0.15087890624999997,120
gradual_joint,0.5,60,36,32,164,False,0.1661529541015625,120
gradual_joint,0.5,60,37,37,165,False,0.08978271484375,120
gradual_joint,0.5,60,38,29,167,False,0.046142578125,120
gradual_joint,0.5,60,39,37,169,False,0.03271484375,120
gradual_joint,0.5,60,40,39,165,False,0.1050567626953125,120
gradual_joint,0.5,60,41,33,163,False,0.2272491455078125,120
gradual_joint,0.5,60,42,34,164,False,0.1050567626953125,120
gradual_joint,0.5,60,43,28,163,False,0.1050567626953125,120
gradual_joint,0.5,60,44,34,165,False,0.05923461914062499,120
gradual_joint,0.5,60,45,34,167,False,0.072998046875,120
gradual_joint,0.5,60,46,35,163,False,0.1661529541015625,120
gradual_joint,0.5,60,47,35,165,False,0.1334228515625,120
gradual_joint,0.5,60,48,30,164,False,0.1334228515625,120
gradual_joint,0.5,60,49,34,163,False,0.1050567626953125,120
gradual_joint,1.0,15,0,38,173,True,4.215165972709656e-06,30
gradual_joint,1.0,15,1,28,166,True,0.00045611709356307983,30
gradual_joint,1.0,15,2,35,172,True,2.9738061130046848e-05,30
gradual_joint,1.0,15,3,36,172,True,4.215165972709656e-06,30
gradual_joint,1.0,15,4,33,173,True,0.00016245711594820025,30
gradual_joint,1.0,15,5,33,170,True,4.398822784423828e-05,30
gradual_joint,1.0,15,6,28,166,True,0.00048828125,120
gradual_joint,1.0,15,7,29,171,True,0.0004389551468193531,30
gradual_joint,1.0,15,8,37,170,True,2.9738061130046848e-05,30
gradual_joint,1.0,15,9,26,165,True,0.006270475685596466,30
gradual_joint,1.0,15,10,34,171,True,3.309384919703007e-05,30
gradual_joint,1.0,15,11,31,169,True,0.0007568597793579102,30
gradual_joint,1.0,15,12,35,172,True,1.697661355137825e-05,30
gradual_joint,1.0,15,13,40,173,True,8.121132850646973e-07,30
gradual_joint,1.0,15,14,37,169,True,1.697661355137825e-05,30
gradual_joint,1.0,15,15,33,171,True,5.1857903599739075e-05,30
gradual_joint,1.0,15,16,31,167,True,0.0001220703125,120
gradual_joint,1.0,15,17,30,167,True,0.00016245711594820025,30
gradual_joint,1.0,15,18,33,172,True,7.618218660354614e-06,30
gradual_joint,1.0,15,19,30,170,True,0.0007154531776905061,30
gradual_joint,1.0,15,20,34,174,True,1.372024416923523e-05,30
gradual_joint,1.0,15,21,33,168,True,4.398822784423828e-05,30
gradual_joint,1.0,15,22,33,169,True,0.0002730563282966614,30
gradual_joint,1.0,15,23,37,171,True,7.618218660354614e-06,30
gradual_joint,1.0,15,24,37,174,True,8.121132850646973e-07,30
gradual_joint,1.0,15,25,31,170,True,5.1857903599739075e-05,30
gradual_joint,1.0,15,26,33,171,True,0.0001620317343622446,30
gradual_joint,1.0,15,27,30,172,True,2.4616718292236328e-05,30
gradual_joint,1.0,15,28,26,166,True,0.000771939754486084,30
gradual_joint,1.0,15,29,32,170,True,0.0004389551468193531,30
gradual_joint,1.0,15,30,36,172,True,5.842093378305435e-05,30
gradual_joint,1.0,15,31,30,165,True,0.00045611709356307983,30
gradual_joint,1.0,15,32,34,171,True,1.372024416923523e-05,30
gradual_joint,1.0,15,33,28,169,True,0.00091552734375,120
gradual_joint,1.0,15,34,34,168,True,0.0001620317343622446,30
gradual_joint,1.0,15,35,37,171,True,9.609758853912354e-05,30
gradual_joint,1.0,15,36,32,169,True,0.0002675263676792383,30
gradual_joint,1.0,15,37,37,170,True,5.653710104525089e-05,30
gradual_joint,1.0,15,38,29,169,True,0.000244140625,30
gradual_joint,1.0,15,39,37,171,True,5.1857903599739075e-05,30
gradual_joint,1.0,15,40,39,174,True,2.3245811462402344e-06,30
gradual_joint,1.0,15,41,33,170,True,1.372024416923523e-05,30
gradual_joint,1.0,15,42,34,169,True,0.0004552602767944336,30
gradual_joint,1.0,15,43,28,169,True,8.999556303024292e-05,30
gradual_joint,1.0,15,44,34,171,True,8.999556303024292e-05,30
gradual_joint,1.0,15,45,34,169,True,5.1857903599739075e-05,30
gradual_joint,1.0,15,46,35,171,True,1.697661355137825e-05,30
gradual_joint,1.0,15,47,35,173,True,5.464302375912666e-06,30
gradual_joint,1.0,15,48,30,169,True,8.999556303024292e-05,30
gradual_joint,1.0,15,49,34,171,True,9.715557098388672e-06,30
gradual_joint,1.0,30,0,38,179,True,0.000244140625,60
gradual_joint,1.0,30,1,28,170,True,0.0035986900329589844,60
gradual_joint,1.0,30,2,35,175,True,0.000771939754486084,60
gradual_joint,1.0,30,3,36,177,True,0.000110626220703125,60
gradual_joint,1.0,30,4,33,173,True,0.001299738883972168,60
gradual_joint,1.0,30,5,33,172,True,0.0001373291015625,60
gradual_joint,1.0,30,6,28,171,True,0.00048828125,120
gradual_joint,1.0,30,7,29,173,True,0.0020386576652526855,60
gradual_joint,1.0,30,8,37,175,True,0.00020122528076171875,60
gradual_joint,1.0,30,9,26,170,True,0.0106353759765625,120
gradual_joint,1.0,30,10,34,174,True,0.0004277229309082031,60
gradual_joint,1.0,30,11,31,172,True,0.005311012268066406,60
gradual_joint,1.0,30,12,35,174,True,0.0004277229309082031,60
gradual_joint,1.0,30,13,40,177,True,3.814697265625e-05,60
gradual_joint,1.0,30,14,37,172,True,0.0007448196411132812,60
gradual_joint,1.0,30,15,33,172,True,0.00020122528076171875,60
gradual_joint,1.0,30,16,31,173,True,0.0001220703125,120
gradual_joint,1.0,30,17,30,168,True,0.01544189453125,120
gradual_joint,1.0,30,18,33,173,True,3.814697265625e-05,60
gradual_joint,1.0,30,19,30,174,True,0.003305375576019287,60
gradual_joint,1.0,30,20,34,178,True,7.826089859008789e-05,60
gradual_joint,1.0,30,21,33,170,True,0.0012884140014648438,60
gradual_joint,1.0,30,22,33,176,True,0.0020386576652526855,60
gradual_joint,1.0,30,23,37,175,True,0.0004277229309082031,60
gradual_joint,1.0,30,24,37,178,True,1.9073486328125e-06,60
gradual_joint,1.0,30,25,31,174,True,0.0004552602767944336,60
gradual_joint,1.0,30,26,33,174,True,0.0004277229309082031,60
gradual_joint,1.0,30,27,30,174,True,0.003305375576019287,60
gradual_joint,1.0,30,28,26,171,True,0.005908966064453125,60
gradual_joint,1.0,30,29,32,172,True,0.001299738883972168,60
gradual_joint,1.0,30,30,36,174,True,0.000244140625,60
gradual_joint,1.0,30,31,30,172,True,0.005908966064453125,60
gradual_joint,1.0,30,32,34,175,True,0.000110626220703125,60
gradual_joint,1.0,30,33,28,172,True,0.00091552734375,120
gradual_joint,1.0,30,34,34,172,True,0.005311012268066406,60
gradual_joint,1.0,30,35,37,174,True,0.0020386576652526855,60
gradual_joint,1.0,30,36,32,173,True,0.002171754837036133,60
gradual_joint,1.0,30,37,37,174,True,0.00048828125,120
gradual_joint,1.0,30,38,29,174,True,0.0006561279296875,60
gradual_joint,1.0,30,39,37,175,True,0.000110626220703125,60
gradual_joint,1.0,30,40,39,178,True,6.0558319091796875e-05,60
gradual_joint,1.0,30,41,33,172,True,0.0007448196411132812,60
gradual_joint,1.0,30,42,34,176,True,0.0004277229309082031,60
gradual_joint,1.0,30,43,28,170,True,0.00091552734375,120
gradual_joint,1.0,30,44,34,175,True,0.00020122528076171875,60
gradual_joint,1.0,30,45,34,172,True,0.00845026969909668,60
gradual_joint,1.0,30,46,35,173,True,0.000110626220703125,60
gradual_joint,1.0,30,47,35,175,True,0.000771939754486084,60
gradual_joint,1.0,30,48,30,172,True,0.0006561279296875,60
gradual_joint,1.0,30,49,34,175,True,0.000244140625,60
gradual_joint,1.0,60,0,38,174,True,0.003173828125,120
gradual_joint,1.0,60,1,28,166,False,0.05923461914062499,120
gradual_joint,1.0,60,2,35,169,False,0.0384063720703125,120
gradual_joint,1.0,60,3,36,174,True,0.003173828125,120
gradual_joint,1.0,60,4,33,171,False,0.0286865234375,120
gradual_joint,1.0,60,5,33,169,True,0.003173828125,120
gradual_joint,1.0,60,6,28,169,True,0.001708984375,120
gradual_joint,1.0,60,7,29,169,False,0.0384063720703125,120
gradual_joint,1.0,60,8,37,173,True,0.005859375,120
gradual_joint,1.0,60,9,26,167,False,0.017578125,120
gradual_joint,1.0,60,10,34,171,True,0.01123046875,120
gradual_joint,1.0,60,11,31,170,False,0.0286865234375,120
gradual_joint,1.0,60,12,35,171,True,0.01123046875,120
gradual_joint,1.0,60,13,40,173,True,0.005859375,120
gradual_joint,1.0,60,14,37,173,True,0.01123046875,120
gradual_joint,1.0,60,15,33,173,True,0.003173828125,120
gradual_joint,1.0,60,16,31,174,True,0.00048828125,120
gradual_joint,1.0,60,17,30,169,False,0.05923461914062499,120
gradual_joint,1.0,60,18,33,171,True,0.003173828125,120
gradual_joint,1.0,60,19,30,170,False,0.05923461914062499,120
gradual_joint,1.0,60,20,34,173,True,0.001708984375,120
gradual_joint,1.0,60,21,33,171,False,0.046142578125,120
gradual_joint,1.0,60,22,33,170,False,0.05923461914062499,120
gradual_joint,1.0,60,23,37,171,True,0.001708984375,120
gradual_joint,1.0,60,24,37,174,True,0.00048828125,120
gradual_joint,1.0,60,25,31,170,False,0.017578125,120
gradual_joint,1.0,60,26,33,171,True,0.003173828125,120
gradual_joint,1.0,60,27,30,169,False,0.0384063720703125,120
gradual_joint,1.0,60,28,26,169,False,0.017578125,120
gradual_joint,1.0,60,29,32,173,True,0.01123046875,120
gradual_joint,1.0,60,30,36,172,True,0.01123046875,120
gradual_joint,1.0,60,31,30,174,False,0.0286865234375,120
gradual_joint,1.0,60,32,34,173,True,0.003173828125,120
gradual_joint,1.0,60,33,28,171,True,0.003173828125,120
gradual_joint,1.0,60,34,34,172,False,0.046142578125,120
gradual_joint,1.0,60,35,37,174,False,0.0286865234375,120
gradual_joint,1.0,60,36,32,173,False,0.0286865234375,120
gradual_joint,1.0,60,37,37,173,True,0.003173828125,120
gradual_joint,1.0,60,38,29,173,True,0.01123046875,120
gradual_joint,1.0,60,39,37,176,True,0.003173828125,120
gradual_joint,1.0,60,40,39,174,True,0.001708984375,120
gradual_joint,1.0,60,41,33,171,False,0.019287109375,120
gradual_joint,1.0,60,42,34,172,True,0.0064697265625,120
gradual_joint,1.0,60,43,28,171,True,0.001708984375,120
gradual_joint,1.0,60,44,34,171,True,0.01123046875,120
gradual_joint,1.0,60,45,34,171,False,0.046142578125,120
gradual_joint,1.0,60,46,35,171,False,0.019287109375,120
gradual_joint,1.0,60,47,35,170,True,0.01123046875,120
gradual_joint,1.0,60,48,30,170,True,0.003173828125,120
gradual_joint,1.0,60,49,34,170,True,0.0064697265625,120
gradual_joint,1.5,15,0,38,175,True,1.2780074030160904e-06,30
gradual_joint,1.5,15,1,28,169,True,5.1857903599739075e-05,30
gradual_joint,1.5,15,2,35,175,True,2.3245811462402344e-06,30
gradual_joint,1.5,15,3,36,174,True,2.3245811462402344e-06,30
gradual_joint,1.5,15,4,33,175,True,2.9738061130046848e-05,30
gradual_joint,1.5,15,5,33,173,True,2.823770046234131e-06,30
gradual_joint,1.5,15,6,28,168,True,0.0004552602767944336,30
gradual_joint,1.5,15,7,29,172,True,9.609758853912354e-05,30
gradual_joint,1.5,15,8,37,173,True,4.215165972709656e-06,30
gradual_joint,1.5,15,9,26,167,True,0.0018595829606056213,30
gradual_joint,1.5,15,10,34,173,True,5.464302375912666e-06,30
gradual_joint,1.5,15,11,31,170,True,0.0002730563282966614,30
gradual_joint,1.5,15,12,35,174,True,4.215165972709656e-06,30
gradual_joint,1.5,15,13,40,175,True,1.0803341865539551e-07,30
gradual_joint,1.5,15,14,37,171,True,2.3245811462402344e-06,30
gradual_joint,1.5,15,15,33,173,True,7.618218660354614e-06,30
gradual_joint,1.5,15,16,31,169,True,2.4616718292236328e-05,30
gradual_joint,1.5,15,17,30,168,True,9.609758853912354e-05,30
gradual_joint,1.5,15,18,33,174,True,4.33996319770813e-07,30
gradual_joint,1.5,15,19,30,173,True,0.00016245711594820025,30
gradual_joint,1.5,15,20,34,176,True,4.215165972709656e-06,30
gradual_joint,1.5,15,21,33,171,True,2.823770046234131e-06,30
gradual_joint,1.5,15,22,33,170,True,9.609758853912354e-05,30
gradual_joint,1.5,15,23,37,174,True,4.33996319770813e-07,30
gradual_joint,1.5,15,24,37,176,True,1.0803341865539551e-07,30
gradual_joint,1.5,15,25,31,173,True,4.215165972709656e-06,30
gradual_joint,1.5,15,26,33,173,True,5.842093378305435e-05,30
gradual_joint,1.5,15,27,30,173,True,1.372024416923523e-05,30
gradual_joint,1.5,15,28,26,167,True,0.0004552602767944336,30
gradual_joint,1.5,15,29,32,171,True,0.0001620317343622446,30
gradual_joint,1.5,15,30,36,173,True,2.062879502773285e-05,30
gradual_joint,1.5,15,31,30,168,True,8.999556303024292e-05,30
gradual_joint,1.5,15,32,34,173,True,2.823770046234131e-06,30
gradual_joint,1.5,15,33,28,172,True,0.0001553744077682495,30
gradual_joint,1.5,15,34,34,170,True,5.842093378305435e-05,30
gradual_joint,1.5,15,35,37,174,True,9.650597348809242e-06,30
gradual_joint,1.5,15,36,32,172,True,3.309384919703007e-05,30
gradual_joint,1.5,15,37,37,172,True,3.309384919703007e-05,30
gradual_joint,1.5,15,38,29,171,True,3.3020973205566406e-05,30
gradual_joint,1.5,15,39,37,173,True,4.215165972709656e-06,30
gradual_joint,1.5,15,40,39,176,True,4.33996319770813e-07,30
gradual_joint,1.5,15,41,33,172,True,1.516193151473999e-06,30
gradual_joint,1.5,15,42,34,171,True,7.826089859008789e-05,30
gradual_joint,1.5,15,43,28,171,True,2.4616718292236328e-05,30
gradual_joint,1.5,15,44,34,174,True,7.618218660354614e-06,30
gradual_joint,1.5,15,45,34,171,True,1.697661355137825e-05,30
gradual_joint,1.5,15,46,35,173,True,1.2780074030160904e-06,30
gradual_joint,1.5,15,47,35,174,True,3.08244489133358e-06,30
gradual_joint,1.5,15,48,30,171,True,2.9738061130046848e-05,30
gradual_joint,1.5,15,49,34,174,True,4.023313522338867e-07,30
gradual_joint,1.5,30,0,38,181,True,7.826089859008789e-05,60
gradual_joint,1.5,30,1,28,171,True,0.002171754837036133,60
gradual_joint,1.5,30,2,35,177,True,0.00026676058769226074,60
gradual_joint,1.5,30,3,36,178,True,6.0558319091796875e-05,60
gradual_joint,1.5,30,4,33,175,True,0.0004552602767944336,60
gradual_joint,1.5,30,5,33,174,True,3.814697265625e-05,60
gradual_joint,1.5,30,6,28,172,True,0.00048828125,120
gradual_joint,1.5,30,7,29,174,True,0.0012469589710235596,60
gradual_joint,1.5,30,8,37,176,True,6.0558319091796875e-05,60
gradual_joint,1.5,30,9,26,170,True,0.007316648960113525,60
gradual_joint,1.5,30,10,34,175,True,0.0001385807991027832,60
gradual_joint,1.5,30,11,31,174,True,0.0020386576652526855,60
gradual_joint,1.5,30,12,35,176,True,0.0001385807991027832,60
gradual_joint,1.5,30,13,40,178,True,1.049041748046875e-05,60
gradual_joint,1.5,30,14,37,174,True,0.0004277229309082031,60
gradual_joint,1.5,30,15,33,174,True,6.0558319091796875e-05,60
gradual_joint,1.5,30,16,31,174,True,7.2479248046875e-05,60
gradual_joint,1.5,30,17,30,170,True,0.007316648960113525,60
gradual_joint,1.5,30,18,33,175,True,1.049041748046875e-05,60
gradual_joint,1.5,30,19,30,176,True,0.0020386576652526855,60
gradual_joint,1.5,30,20,34,179,True,7.826089859008789e-05,60
gradual_joint,1.5,30,21,33,172,True,0.0004277229309082031,60
gradual_joint,1.5,30,22,33,176,True,0.0012469589710235596,60
gradual_joint,1.5,30,23,37,177,True,0.0001385807991027832,60
gradual_joint,1.5,30,24,37,179,True,9.5367431640625e-07,60
gradual_joint,1.5,30,25,31,174,True,0.0004552602767944336,60
gradual_joint,1.5,30,26,33,175,True,0.0001385807991027832,60
gradual_joint,1.5,30,27,30,176,True,0.0012469589710235596,60
gradual_joint,1.5,30,28,26,172,True,0.005908966064453125,60
gradual_joint,1.5,30,29,32,174,True,0.000771939754486084,60
gradual_joint,1.5,30,30,36,175,True,7.826089859008789e-05,60
gradual_joint,1.5,30,31,30,173,True,0.0035986900329589844,60
gradual_joint,1.5,30,32,34,176,True,6.0558319091796875e-05,60
gradual_joint,1.5,30,33,28,173,True,0.0007448196411132812,60
gradual_joint,1.5,30,34,34,173,True,0.0020386576652526855,60
gradual_joint,1.5,30,35,37,176,True,0.0007568597793579102,60
gradual_joint,1.5,30,36,32,175,True,0.000771939754486084,60
gradual_joint,1.5,30,37,37,176,True,0.000244140625,60
gradual_joint,1.5,30,38,29,175,True,0.0006561279296875,60
gradual_joint,1.5,30,39,37,177,True,3.3020973205566406e-05,60
gradual_joint,1.5,30,40,39,180,True,1.7940998077392578e-05,60
gradual_joint,1.5,30,41,33,174,True,0.000244140625,60
gradual_joint,1.5,30,42,34,177,True,0.0004277229309082031,60
gradual_joint,1.5,30,43,28,172,True,0.00048828125,120
gradual_joint,1.5,30,44,34,177,True,0.000110626220703125,60
gradual_joint,1.5,30,45,34,174,True,0.003305375576019287,60
gradual_joint,1.5,30,46,35,174,True,3.3020973205566406e-05,60
gradual_joint,1.5,30,47,35,176,True,0.00026676058769226074,60
gradual_joint,1.5,30,48,30,173,True,0.0003643035888671875,60
gradual_joint,1.5,30,49,34,176,True,0.0001385807991027832,60
gradual_joint,1.5,60,0,38,181,True,0.00048828125,120
gradual_joint,1.5,60,1,28,170,False,0.0245208740234375,120
gradual_joint,1.5,60,2,35,173,True,0.00960540771484375,120
gradual_joint,1.5,60,3,36,179,True,0.00091552734375,120
gradual_joint,1.5,60,4,33,175,True,0.0106353759765625,120
gradual_joint,1.5,60,5,33,174,True,0.001708984375,120
gradual_joint,1.5,60,6,28,173,True,0.00048828125,120
gradual_joint,1.5,60,7,29,174,True,0.01544189453125,120
gradual_joint,1.5,60,8,37,180,True,0.00091552734375,120
gradual_joint,1.5,60,9,26,172,True,0.0063629150390625,120
gradual_joint,1.5,60,10,34,178,True,0.0020904541015625,120
gradual_joint,1.5,60,11,31,177,True,0.0063629150390625,120
gradual_joint,1.5,60,12,35,178,True,0.0020904541015625,120
gradual_joint,1.5,60,13,40,180,True,0.00091552734375,120
gradual_joint,1.5,60,14,37,180,True,0.003692626953125,120
gradual_joint,1.5,60,15,33,177,True,0.001708984375,120
gradual_joint,1.5,60,16,31,177,True,0.00048828125,120
gradual_joint,1.5,60,17,30,174,False,0.0245208740234375,120
gradual_joint,1.5,60,18,33,175,True,0.001708984375,120
gradual_joint,1.5,60,19,30,175,True,0.01544189453125,120
gradual_joint,1.5,60,20,34,176,True,0.0002593994140625,120
gradual_joint,1.5,60,21,33,176,False,0.0286865234375,120
gradual_joint,1.5,60,22,33,177,True,0.01544189453125,120
gradual_joint,1.5,60,23,37,176,True,0.00048828125,120
gradual_joint,1.5,60,24,37,179,True,6.103515625e-05,120
gradual_joint,1.5,60,25,31,176,True,0.0037689208984375,120
gradual_joint,1.5,60,26,33,176,True,0.00091552734375,120
gradual_joint,1.5,60,27,30,173,False,0.0245208740234375,120
gradual_joint,1.5,60,28,26,172,True,0.0106353759765625,120
gradual_joint,1.5,60,29,32,176,True,0.0064697265625,120
gradual_joint,1.5,60,30,36,177,True,0.0020904541015625,120
gradual_joint,1.5,60,31,30,177,False,0.017578125,120
gradual_joint,1.5,60,32,34,177,True,0.001708984375,120
gradual_joint,1.5,60,33,28,175,True,0.00091552734375,120
gradual_joint,1.5,60,34,34,178,False,0.017578125,120
gradual_joint,1.5,60,35,37,179,True,0.0106353759765625,120
gradual_joint,1.5,60,36,32,176,True,0.0063629150390625,120
gradual_joint,1.5,60,37,37,179,True,0.00048828125,120
gradual_joint,1.5,60,38,29,176,True,0.01123046875,120
gradual_joint,1.5,60,39,37,180,True,0.001708984375,120
gradual_joint,1.5,60,40,39,181,True,0.0002593994140625,120
gradual_joint,1.5,60,41,33,175,True,0.003692626953125,120
gradual_joint,1.5,60,42,34,177,True,0.0011749267578125,120
gradual_joint,1.5,60,43,28,174,True,0.00048828125,120
gradual_joint,1.5,60,44,34,176,True,0.0020904541015625,120
gradual_joint,1.5,60,45,34,177,False,0.017578125,120
gradual_joint,1.5,60,46,35,175,True,0.0064697265625,120
gradual_joint,1.5,60,47,35,176,True,0.003692626953125,120
gradual_joint,1.5,60,48,30,173,True,0.001708984375,120
gradual_joint,1.5,60,49,34,175,True,0.0020904541015625,120
