mode,truth_driver,effect_sd,lag_min,seed,true_selected,top1_correct,n_selected,false_driver_selected,selected_drivers,top_driver,top_p
injected,sj01_local_wind_speed_ms__fall,0.5,15.0,0,True,True,1,False,sj01_local_wind_speed_ms__fall,sj01_local_wind_speed_ms__fall,0.0001620317343622446
injected,sj01_local_wind_speed_ms__fall,0.5,15.0,1,True,True,1,False,sj01_local_wind_speed_ms__fall,sj01_local_wind_speed_ms__fall,5.1857903599739075e-05
injected,sj01_local_wind_speed_ms__fall,0.5,15.0,2,True,True,1,False,sj01_local_wind_speed_ms__fall,sj01_local_wind_speed_ms__fall,0.0002675263676792383
injected,sj01_local_wind_speed_ms__fall,0.5,15.0,3,True,True,1,False,sj01_local_wind_speed_ms__fall,sj01_local_wind_speed_ms__fall,3.7137651816010475e-06
injected,sj01_local_wind_speed_ms__fall,0.5,15.0,4,True,True,1,False,sj01_local_wind_speed_ms__fall,sj01_local_wind_speed_ms__fall,0.0016634464263916016
injected,sj01_local_wind_speed_ms__fall,0.5,15.0,5,True,True,1,False,sj01_local_wind_speed_ms__fall,sj01_local_wind_speed_ms__fall,1.7327256500720978e-06
injected,sj01_local_wind_speed_ms__fall,0.5,15.0,6,True,True,1,False,sj01_local_wind_speed_ms__fall,sj01_local_wind_speed_ms__fall,0.0006593635771423578
injected,sj01_local_wind_speed_ms__fall,0.5,15.0,7,True,True,1,False,sj01_local_wind_speed_ms__fall,sj01_local_wind_speed_ms__fall,0.0001553744077682495
injected,sj01_local_wind_speed_ms__fall,0.5,15.0,8,True,True,1,False,sj01_local_wind_speed_ms__fall,sj01_local_wind_speed_ms__fall,0.00016245711594820025
injected,sj01_local_wind_speed_ms__fall,0.5,15.0,9,True,True,1,False,sj01_local_wind_speed_ms__fall,sj01_local_wind_speed_ms__fall,5.842093378305435e-05
injected,sj01_local_wind_speed_ms__fall,0.5,15.0,10,True,True,1,False,sj01_local_wind_speed_ms__fall,sj01_local_wind_speed_ms__fall,1.697661355137825e-05
injected,sj01_local_wind_speed_ms__fall,0.5,15.0,11,True,True,1,False,sj01_local_wind_speed_ms__fall,sj01_local_wind_speed_ms__fall,6.456742994487286e-06
injected,sj01_local_wind_speed_ms__fall,0.5,15.0,12,False,True,0,False,,sj01_local_wind_speed_ms__fall,0.0018595829606056213
injected,sj01_local_wind_speed_ms__fall,0.5,15.0,13,True,True,1,False,sj01_local_wind_speed_ms__fall,sj01_local_wind_speed_ms__fall,3.309384919703007e-05
injected,sj01_local_wind_speed_ms__fall,0.5,15.0,14,True,True,1,False,sj01_local_wind_speed_ms__fall,sj01_local_wind_speed_ms__fall,0.0001620317343622446
injected,sj01_local_wind_speed_ms__fall,0.5,15.0,15,True,True,1,False,sj01_local_wind_speed_ms__fall,sj01_local_wind_speed_ms__fall,9.650597348809242e-06
injected,sj01_local_wind_speed_ms__fall,0.5,15.0,16,True,True,1,False,sj01_local_wind_speed_ms__fall,sj01_local_wind_speed_ms__fall,0.00053250981727615
injected,sj01_local_wind_speed_ms__fall,0.5,15.0,17,False,True,0,False,,sj01_local_wind_speed_ms__fall,0.0029940602835267787
injected,sj01_local_wind_speed_ms__fall,0.5,15.0,18,True,True,1,False,sj01_local_wind_speed_ms__fall,sj01_local_wind_speed_ms__fall,0.0002730563282966614
injected,sj01_local_wind_speed_ms__fall,0.5,15.0,19,True,True,1,False,sj01_local_wind_speed_ms__fall,sj01_local_wind_speed_ms__fall,0.0004106976557523012
injected,sj01_local_wind_speed_ms__fall,0.5,15.0,20,True,True,1,False,sj01_local_wind_speed_ms__fall,sj01_local_wind_speed_ms__fall,5.1857903599739075e-05
injected,sj01_local_wind_speed_ms__fall,0.5,15.0,21,True,True,1,False,sj01_local_wind_speed_ms__fall,sj01_local_wind_speed_ms__fall,1.697661355137825e-05
injected,sj01_local_wind_speed_ms__fall,0.5,15.0,22,True,True,1,False,sj01_local_wind_speed_ms__fall,sj01_local_wind_speed_ms__fall,2.3245811462402344e-06
injected,sj01_local_wind_speed_ms__fall,0.5,15.0,23,True,True,1,False,sj01_local_wind_speed_ms__fall,sj01_local_wind_speed_ms__fall,1.7327256500720978e-06
injected,sj01_local_wind_speed_ms__fall,0.5,15.0,24,True,True,1,False,sj01_local_wind_speed_ms__fall,sj01_local_wind_speed_ms__fall,0.0007568597793579102
injected,sj01_local_wind_speed_ms__fall,0.5,15.0,25,False,True,0,False,,sj01_local_wind_speed_ms__fall,0.0018595829606056213
injected,sj01_local_wind_speed_ms__fall,0.5,15.0,26,True,True,1,False,sj01_local_wind_speed_ms__fall,sj01_local_wind_speed_ms__fall,0.0001620317343622446
injected,sj01_local_wind_speed_ms__fall,0.5,15.0,27,True,True,1,False,sj01_local_wind_speed_ms__fall,sj01_local_wind_speed_ms__fall,7.005874067544937e-07
injected,sj01_local_wind_speed_ms__fall,0.5,15.0,28,True,True,1,False,sj01_local_wind_speed_ms__fall,sj01_local_wind_speed_ms__fall,5.808350397273898e-05
injected,sj01_local_wind_speed_ms__fall,0.5,15.0,29,True,True,1,False,sj01_local_wind_speed_ms__fall,sj01_local_wind_speed_ms__fall,9.609758853912354e-05
injected,sj01_local_wind_speed_ms__fall,0.5,15.0,30,True,True,1,False,sj01_local_wind_speed_ms__fall,sj01_local_wind_speed_ms__fall,1.2171280104666948e-05
injected,sj01_local_wind_speed_ms__fall,0.5,15.0,31,True,True,1,False,sj01_local_wind_speed_ms__fall,sj01_local_wind_speed_ms__fall,1.7327256500720978e-06
injected,sj01_local_wind_speed_ms__fall,0.5,15.0,32,True,True,1,False,sj01_local_wind_speed_ms__fall,sj01_local_wind_speed_ms__fall,5.842093378305435e-05
injected,sj01_local_wind_speed_ms__fall,0.5,15.0,33,False,True,0,False,,sj01_local_wind_speed_ms__fall,0.002275692066177726
injected,sj01_local_wind_speed_ms__fall,0.5,15.0,34,True,True,1,False,sj01_local_wind_speed_ms__fall,sj01_local_wind_speed_ms__fall,0.0002730563282966614
injected,sj01_local_wind_speed_ms__fall,0.5,15.0,35,True,True,1,False,sj01_local_wind_speed_ms__fall,sj01_local_wind_speed_ms__fall,1.9279075786471367e-05
injected,sj01_local_wind_speed_ms__fall,0.5,15.0,36,True,True,1,False,sj01_local_wind_speed_ms__fall,sj01_local_wind_speed_ms__fall,3.309384919703007e-05
injected,sj01_local_wind_speed_ms__fall,0.5,15.0,37,True,True,1,False,sj01_local_wind_speed_ms__fall,sj01_local_wind_speed_ms__fall,0.0007568597793579102
injected,sj01_local_wind_speed_ms__fall,0.5,15.0,38,True,True,1,False,sj01_local_wind_speed_ms__fall,sj01_local_wind_speed_ms__fall,1.697661355137825e-05
injected,sj01_local_wind_speed_ms__fall,0.5,15.0,39,True,True,1,False,sj01_local_wind_speed_ms__fall,sj01_local_wind_speed_ms__fall,1.9279075786471367e-05
injected,sj01_local_wind_speed_ms__fall,0.5,15.0,40,True,True,1,False,sj01_local_wind_speed_ms__fall,sj01_local_wind_speed_ms__fall,1.9279075786471367e-05
injected,sj01_local_wind_speed_ms__fall,0.5,15.0,41,True,True,1,False,sj01_local_wind_speed_ms__fall,sj01_local_wind_speed_ms__fall,4.215165972709656e-06
injected,sj01_local_wind_speed_ms__fall,0.5,15.0,42,True,True,1,False,sj01_local_wind_speed_ms__fall,sj01_local_wind_speed_ms__fall,1.9279075786471367e-05
injected,sj01_local_wind_speed_ms__fall,0.5,15.0,43,True,True,1,False,sj01_local_wind_speed_ms__fall,sj01_local_wind_speed_ms__fall,5.653710104525089e-05
injected,sj01_local_wind_speed_ms__fall,0.5,15.0,44,True,True,1,False,sj01_local_wind_speed_ms__fall,sj01_local_wind_speed_ms__fall,5.653710104525089e-05
injected,sj01_local_wind_speed_ms__fall,0.5,15.0,45,True,True,1,False,sj01_local_wind_speed_ms__fall,sj01_local_wind_speed_ms__fall,0.0001620317343622446
injected,sj01_local_wind_speed_ms__fall,0.5,15.0,46,True,True,1,False,sj01_local_wind_speed_ms__fall,sj01_local_wind_speed_ms__fall,0.0004389551468193531
injected,sj01_local_wind_speed_ms__fall,0.5,15.0,47,True,True,1,False,sj01_local_wind_speed_ms__fall,sj01_local_wind_speed_ms__fall,0.00015627557877451181
injected,sj01_local_wind_speed_ms__fall,0.5,15.0,48,True,True,1,False,sj01_local_wind_speed_ms__fall,sj01_local_wind_speed_ms__fall,0.0002675263676792383
injected,sj01_local_wind_speed_ms__fall,0.5,15.0,49,True,True,1,False,sj01_local_wind_speed_ms__fall,sj01_local_wind_speed_ms__fall,1.9279075786471367e-05
injected,sj01_local_wind_speed_ms__fall,0.5,30.0,0,False,False,0,False,,sj01_local_wind_speed_ms__rise,0.003692626953125
injected,sj01_local_wind_speed_ms__fall,0.5,30.0,1,False,False,0,False,,sj01_local_wind_speed_ms__rise,0.017578125
injected,sj01_local_wind_speed_ms__fall,0.5,30.0,2,False,False,0,False,,cu01_local_temp_avg_c__fall,0.007316648960113525
injected,sj01_local_wind_speed_ms__fall,0.5,30.0,3,False,False,0,False,,sj01_local_wind_speed_ms__rise,0.001708984375
injected,sj01_local_wind_speed_ms__fall,0.5,30.0,4,False,False,0,False,,cu01_local_hum_avg_pct__rise,0.004065029323101044
injected,sj01_local_wind_speed_ms__fall,0.5,30.0,5,False,True,0,False,,sj01_local_wind_speed_ms__fall,0.002171754837036133
injected,sj01_local_wind_speed_ms__fall,0.5,30.0,6,False,False,0,False,,sj01_local_wind_speed_ms__rise,0.0037689208984375
injected,sj01_local_wind_speed_ms__fall,0.5,30.0,7,False,False,1,True,sj01_local_wind_speed_ms__rise,sj01_local_wind_speed_ms__rise,0.001299738883972168
injected,sj01_local_wind_speed_ms__fall,0.5,30.0,8,False,False,0,False,,sj01_local_wind_speed_ms__rise,0.003692626953125
injected,sj01_local_wind_speed_ms__fall,0.5,30.0,9,False,False,1,True,sj01_local_wind_speed_ms__rise,sj01_local_wind_speed_ms__rise,0.0011749267578125
injected,sj01_local_wind_speed_ms__fall,0.5,30.0,10,False,False,0,False,,sj01_local_wind_speed_ms__rise,0.0020904541015625
injected,sj01_local_wind_speed_ms__fall,0.5,30.0,11,False,False,0,False,,sj01_local_wind_speed_ms__rise,0.001708984375
injected,sj01_local_wind_speed_ms__fall,0.5,30.0,12,False,False,1,True,sj01_local_wind_speed_ms__rise,sj01_local_wind_speed_ms__rise,0.0012884140014648438
injected,sj01_local_wind_speed_ms__fall,0.5,30.0,13,False,True,0,False,,sj01_local_wind_speed_ms__fall,0.003305375576019287
injected,sj01_local_wind_speed_ms__fall,0.5,30.0,14,False,False,0,False,,cu01_local_hum_avg_pct__rise,0.0095786452293396
injected,sj01_local_wind_speed_ms__fall,0.5,30.0,15,False,True,0,False,,sj01_local_wind_speed_ms__fall,0.0035986900329589844
injected,sj01_local_wind_speed_ms__fall,0.5,30.0,16,False,False,0,False,,sj01_local_wind_speed_ms__rise,0.0063629150390625
injected,sj01_local_wind_speed_ms__fall,0.5,30.0,17,False,False,0,False,,sj01_local_wind_speed_ms__rise,0.0063629150390625
injected,sj01_local_wind_speed_ms__fall,0.5,30.0,18,False,False,0,False,,sj01_local_wind_speed_ms__rise,0.0020386576652526855
injected,sj01_local_wind_speed_ms__fall,0.5,30.0,19,False,False,0,False,,sj01_local_wind_speed_ms__rise,0.017578125
injected,sj01_local_wind_speed_ms__fall,0.5,30.0,20,False,False,0,False,,cu01_local_hum_avg_pct__rise,0.014479637145996094
injected,sj01_local_wind_speed_ms__fall,0.5,30.0,21,False,True,0,False,,sj01_local_wind_speed_ms__fall,0.0095786452293396
injected,sj01_local_wind_speed_ms__fall,0.5,30.0,22,False,False,1,True,sj01_local_wind_speed_ms__rise,sj01_local_wind_speed_ms__rise,0.0007448196411132812
injected,sj01_local_wind_speed_ms__fall,0.5,30.0,23,False,False,1,True,sj01_local_wind_speed_ms__rise,sj01_local_wind_speed_ms__rise,0.00091552734375
injected,sj01_local_wind_speed_ms__fall,0.5,30.0,24,False,False,0,False,,sj01_local_wind_speed_ms__rise,0.0037689208984375
injected,sj01_local_wind_speed_ms__fall,0.5,30.0,25,False,False,1,True,cu01_local_hum_avg_pct__rise,cu01_local_hum_avg_pct__rise,0.0011578500270843506
injected,sj01_local_wind_speed_ms__fall,0.5,30.0,26,False,False,1,True,sj01_local_wind_speed_ms__rise,sj01_local_wind_speed_ms__rise,0.00048828125
injected,sj01_local_wind_speed_ms__fall,0.5,30.0,27,False,False,0,False,,sj01_local_wind_speed_ms__rise,0.001708984375
injected,sj01_local_wind_speed_ms__fall,0.5,30.0,28,False,False,0,False,,cu01_local_hum_avg_pct__rise,0.0029623061418533325
injected,sj01_local_wind_speed_ms__fall,0.5,30.0,29,False,False,0,False,,cu01_local_hum_avg_pct__rise,0.005336920265108347
injected,sj01_local_wind_speed_ms__fall,0.5,30.0,30,False,False,1,True,sj01_local_wind_speed_ms__rise,sj01_local_wind_speed_ms__rise,0.001299738883972168
injected,sj01_local_wind_speed_ms__fall,0.5,30.0,31,False,False,1,True,sj01_local_wind_speed_ms__rise,sj01_local_wind_speed_ms__rise,0.0011749267578125
injected,sj01_local_wind_speed_ms__fall,0.5,30.0,32,False,False,1,True,sj01_local_wind_speed_ms__rise,sj01_local_wind_speed_ms__rise,0.0012884140014648438
injected,sj01_local_wind_speed_ms__fall,0.5,30.0,33,False,False,0,False,,sj01_local_wind_speed_ms__rise,0.0106353759765625
injected,sj01_local_wind_speed_ms__fall,0.5,30.0,34,False,False,0,False,,cu01_local_hum_avg_pct__rise,0.006270475685596466
injected,sj01_local_wind_speed_ms__fall,0.5,30.0,35,False,False,1,True,sj01_local_wind_speed_ms__rise,sj01_local_wind_speed_ms__rise,0.00048828125
injected,sj01_local_wind_speed_ms__fall,0.5,30.0,36,False,False,0,False,,sj01_local_wind_speed_ms__rise,0.003692626953125
injected,sj01_local_wind_speed_ms__fall,0.5,30.0,37,False,False,1,True,sj01_local_wind_speed_ms__rise,sj01_local_wind_speed_ms__rise,0.0011749267578125
injected,sj01_local_wind_speed_ms__fall,0.5,30.0,38,False,False,0,False,,sj01_local_wind_speed_ms__rise,0.0106353759765625
injected,sj01_local_wind_speed_ms__fall,0.5,30.0,39,False,False,1,True,sj01_local_wind_speed_ms__rise,sj01_local_wind_speed_ms__rise,0.001299738883972168
injected,sj01_local_wind_speed_ms__fall,0.5,30.0,40,False,False,0,False,,sj01_local_wind_speed_ms__rise,0.0106353759765625
injected,sj01_local_wind_speed_ms__fall,0.5,30.0,41,False,False,1,True,sj01_local_wind_speed_ms__rise,sj01_local_wind_speed_ms__rise,0.00091552734375
injected,sj01_local_wind_speed_ms__fall,0.5,30.0,42,False,True,0,False,,sj01_local_wind_speed_ms__fall,0.005311012268066406
injected,sj01_local_wind_speed_ms__fall,0.5,30.0,43,False,False,1,True,sj01_local_wind_speed_ms__rise,sj01_local_wind_speed_ms__rise,0.0006561279296875
injected,sj01_local_wind_speed_ms__fall,0.5,30.0,44,False,False,1,True,sj01_local_wind_speed_ms__rise,sj01_local_wind_speed_ms__rise,0.001299738883972168
injected,sj01_local_wind_speed_ms__fall,0.5,30.0,45,False,False,0,False,,sj01_local_wind_speed_ms__rise,0.0035986900329589844
injected,sj01_local_wind_speed_ms__fall,0.5,30.0,46,False,False,0,False,,sj01_local_wind_speed_ms__rise,0.0020904541015625
injected,sj01_local_wind_speed_ms__fall,0.5,30.0,47,False,False,0,False,,sj01_local_wind_speed_ms__rise,0.0037689208984375
injected,sj01_local_wind_speed_ms__fall,0.5,30.0,48,False,False,1,True,sj01_local_wind_speed_ms__rise,sj01_local_wind_speed_ms__rise,0.00048828125
injected,sj01_local_wind_speed_ms__fall,0.5,30.0,49,False,True,0,False,,sj01_local_wind_speed_ms__fall,0.007316648960113525
injected,sj01_local_wind_speed_ms__fall,0.5,60.0,0,False,False,0,False,,cu01_local_hum_avg_pct__rise,0.0067654934246093035
injected,sj01_local_wind_speed_ms__fall,0.5,60.0,1,False,False,0,False,,cu01_local_hum_avg_pct__rise,0.004065029323101044
injected,sj01_local_wind_speed_ms__fall,0.5,60.0,2,False,False,0,False,,cu01_local_hum_avg_pct__rise,0.005336920265108347
injected,sj01_local_wind_speed_ms__fall,0.5,60.0,3,False,False,0,False,,cu01_local_hum_avg_pct__rise,0.006270475685596466
injected,sj01_local_wind_speed_ms__fall,0.5,60.0,4,False,False,0,False,,cu01_local_hum_avg_pct__rise,0.010030803503468633
injected,sj01_local_wind_speed_ms__fall,0.5,60.0,5,False,False,0,False,,cu01_local_hum_avg_pct__rise,0.008062400855123998
injected,sj01_local_wind_speed_ms__fall,0.5,60.0,6,False,False,0,False,,cu01_local_hum_avg_pct__rise,0.021386972628533847
injected,sj01_local_wind_speed_ms__fall,0.5,60.0,7,False,False,0,False,,cu01_local_hum_avg_pct__rise,0.014724686741828918
injected,sj01_local_wind_speed_ms__fall,0.5,60.0,8,False,False,0,False,,cu01_local_hum_avg_pct__rise,0.004065029323101044
injected,sj01_local_wind_speed_ms__fall,0.5,60.0,9,False,False,0,False,,cu01_local_hum_avg_pct__rise,0.01205977238714695
injected,sj01_local_wind_speed_ms__fall,0.5,60.0,10,False,False,0,False,,sj01_local_hum_avg_pct__rise,0.014479637145996094
injected,sj01_local_wind_speed_ms__fall,0.5,60.0,11,False,False,0,False,,cu01_local_hum_avg_pct__rise,0.004065029323101044
injected,sj01_local_wind_speed_ms__fall,0.5,60.0,12,False,False,0,False,,cu01_local_hum_avg_pct__rise,0.01205977238714695
injected,sj01_local_wind_speed_ms__fall,0.5,60.0,13,False,False,0,False,,cu01_local_hum_avg_pct__rise,0.005336920265108347
injected,sj01_local_wind_speed_ms__fall,0.5,60.0,14,False,False,0,False,,cu01_local_hum_avg_pct__rise,0.014724686741828918
injected,sj01_local_wind_speed_ms__fall,0.5,60.0,15,False,False,0,False,,cu01_local_hum_avg_pct__rise,0.01205977238714695
injected,sj01_local_wind_speed_ms__fall,0.5,60.0,16,False,False,0,False,,cu01_local_hum_avg_pct__rise,0.014724686741828918
injected,sj01_local_wind_speed_ms__fall,0.5,60.0,17,False,False,0,False,,cu01_local_hum_avg_pct__rise,0.021386972628533847
injected,sj01_local_wind_speed_ms__fall,0.5,60.0,18,False,False,0,False,,cu01_local_hum_avg_pct__rise,0.004065029323101044
injected,sj01_local_wind_speed_ms__fall,0.5,60.0,19,False,False,0,False,,cu01_local_hum_avg_pct__rise,0.014724686741828918
injected,sj01_local_wind_speed_ms__fall,0.5,60.0,20,False,False,0,False,,sj01_local_hum_avg_pct__rise,0.017849069088697433
injected,sj01_local_wind_speed_ms__fall,0.5,60.0,21,False,False,0,False,,cu01_local_hum_avg_pct__rise,0.005336920265108347
injected,sj01_local_wind_speed_ms__fall,0.5,60.0,22,False,False,0,False,,cu01_local_hum_avg_pct__rise,0.008062400855123998
injected,sj01_local_wind_speed_ms__fall,0.5,60.0,23,False,False,0,False,,cu01_local_hum_avg_pct__rise,0.021386972628533847
injected,sj01_local_wind_speed_ms__fall,0.5,60.0,24,False,False,0,False,,cu01_local_hum_avg_pct__rise,0.014724686741828918
injected,sj01_local_wind_speed_ms__fall,0.5,60.0,25,False,False,1,True,cu01_local_hum_avg_pct__rise,cu01_local_hum_avg_pct__rise,0.0011578500270843506
injected,sj01_local_wind_speed_ms__fall,0.5,60.0,26,False,False,0,False,,cu01_local_hum_avg_pct__rise,0.005336920265108347
injected,sj01_local_wind_speed_ms__fall,0.5,60.0,27,False,False,0,False,,cu01_local_hum_avg_pct__rise,0.006270475685596466
injected,sj01_local_wind_speed_ms__fall,0.5,60.0,28,False,False,0,False,,cu01_local_hum_avg_pct__rise,0.005336920265108347
injected,sj01_local_wind_speed_ms__fall,0.5,60.0,29,False,False,0,False,,cu01_local_hum_avg_pct__rise,0.0035001833457499743
injected,sj01_local_wind_speed_ms__fall,0.5,60.0,30,False,False,0,False,,cu01_local_hum_avg_pct__rise,0.004065029323101044
injected,sj01_local_wind_speed_ms__fall,0.5,60.0,31,False,False,0,False,,cu01_local_hum_avg_pct__rise,0.01205977238714695
injected,sj01_local_wind_speed_ms__fall,0.5,60.0,32,False,False,0,False,,cu01_local_hum_avg_pct__rise,0.008062400855123998
injected,sj01_local_wind_speed_ms__fall,0.5,60.0,33,False,False,0,False,,cu01_local_hum_avg_pct__rise,0.014724686741828918
injected,sj01_local_wind_speed_ms__fall,0.5,60.0,34,False,False,0,False,,cu01_local_hum_avg_pct__rise,0.0018595829606056213
injected,sj01_local_wind_speed_ms__fall,0.5,60.0,35,False,False,0,False,,cu01_local_hum_avg_pct__rise,0.014724686741828918
injected,sj01_local_wind_speed_ms__fall,0.5,60.0,36,False,False,0,False,,cu01_local_hum_avg_pct__rise,0.017849069088697433
injected,sj01_local_wind_speed_ms__fall,0.5,60.0,37,False,False,0,False,,cu01_local_hum_avg_pct__rise,0.014724686741828918
injected,sj01_local_wind_speed_ms__fall,0.5,60.0,38,False,False,0,False,,cu01_local_hum_avg_pct__rise,0.014724686741828918
injected,sj01_local_wind_speed_ms__fall,0.5,60.0,39,False,False,0,False,,cu01_local_hum_avg_pct__rise,0.005336920265108347
injected,sj01_local_wind_speed_ms__fall,0.5,60.0,40,False,False,0,False,,cu01_local_hum_avg_pct__rise,0.006270475685596466
injected,sj01_local_wind_speed_ms__fall,0.5,60.0,41,False,False,0,False,,cu01_local_hum_avg_pct__rise,0.01205977238714695
injected,sj01_local_wind_speed_ms__fall,0.5,60.0,42,False,False,0,False,,cu01_local_hum_avg_pct__rise,0.0018595829606056213
injected,sj01_local_wind_speed_ms__fall,0.5,60.0,43,False,False,0,False,,cu01_local_hum_avg_pct__rise,0.006270475685596466
injected,sj01_local_wind_speed_ms__fall,0.5,60.0,44,False,False,0,False,,cu01_local_hum_avg_pct__rise,0.014724686741828918
injected,sj01_local_wind_speed_ms__fall,0.5,60.0,45,False,False,0,False,,cu01_local_hum_avg_pct__rise,0.0035001833457499743
injected,sj01_local_wind_speed_ms__fall,0.5,60.0,46,False,False,0,False,,cu01_local_hum_avg_pct__rise,0.006270475685596466
injected,sj01_local_wind_speed_ms__fall,0.5,60.0,47,False,False,0,False,,cu01_local_hum_avg_pct__rise,0.0026114396750926976
injected,sj01_local_wind_speed_ms__fall,0.5,60.0,48,False,False,0,False,,cu01_local_hum_avg_pct__rise,0.010030803503468633
injected,sj01_local_wind_speed_ms__fall,0.5,60.0,49,False,False,0,False,,cu01_local_hum_avg_pct__rise,0.008062400855123998
injected,sj01_local_wind_speed_ms__fall,1.0,15.0,0,True,True,1,False,sj01_local_wind_speed_ms__fall,sj01_local_wind_speed_ms__fall,1.7327256500720978e-06
injected,sj01_local_wind_speed_ms__fall,1.0,15.0,1,True,True,1,False,sj01_local_wind_speed_ms__fall,sj01_local_wind_speed_ms__fall,7.005874067544937e-07
injected,sj01_local_wind_speed_ms__fall,1.0,15.0,2,True,True,1,False,sj01_local_wind_speed_ms__fall,sj01_local_wind_speed_ms__fall,3.7137651816010475e-06
injected,sj01_local_wind_speed_ms__fall,1.0,15.0,3,True,True,1,False,sj01_local_wind_speed_ms__fall,sj01_local_wind_speed_ms__fall,5.2395989769138396e-09
injected,sj01_local_wind_speed_ms__fall,1.0,15.0,4,True,True,1,False,sj01_local_wind_speed_ms__fall,sj01_local_wind_speed_ms__fall,5.842093378305435e-05
injected,sj01_local_wind_speed_ms__fall,1.0,15.0,5,True,True,1,False,sj01_local_wind_speed_ms__fall,sj01_local_wind_speed_ms__fall,2.699380274862051e-09
injected,sj01_local_wind_speed_ms__fall,1.0,15.0,6,True,True,1,False,sj01_local_wind_speed_ms__fall,sj01_local_wind_speed_ms__fall,3.7137651816010475e-06
injected,sj01_local_wind_speed_ms__fall,1.0,15.0,7,True,True,1,False,sj01_local_wind_speed_ms__fall,sj01_local_wind_speed_ms__fall,4.33996319770813e-07
injected,sj01_local_wind_speed_ms__fall,1.0,15.0,8,True,True,1,False,sj01_local_wind_speed_ms__fall,sj01_local_wind_speed_ms__fall,1.2780074030160904e-06
injected,sj01_local_wind_speed_ms__fall,1.0,15.0,9,True,True,1,False,sj01_local_wind_speed_ms__fall,sj01_local_wind_speed_ms__fall,1.6765807231422514e-07
injected,sj01_local_wind_speed_ms__fall,1.0,15.0,10,True,True,1,False,sj01_local_wind_speed_ms__fall,sj01_local_wind_speed_ms__fall,6.165646482259035e-08
injected,sj01_local_wind_speed_ms__fall,1.0,15.0,11,True,True,1,False,sj01_local_wind_speed_ms__fall,sj01_local_wind_speed_ms__fall,3.920786184608005e-07
injected,sj01_local_wind_speed_ms__fall,1.0,15.0,12,True,True,1,False,sj01_local_wind_speed_ms__fall,sj01_local_wind_speed_ms__fall,5.464302375912666e-06
injected,sj01_local_wind_speed_ms__fall,1.0,15.0,13,True,True,1,False,sj01_local_wind_speed_ms__fall,sj01_local_wind_speed_ms__fall,6.165646482259035e-08
injected,sj01_local_wind_speed_ms__fall,1.0,15.0,14,True,True,1,False,sj01_local_wind_speed_ms__fall,sj01_local_wind_speed_ms__fall,9.707873687148094e-07
injected,sj01_local_wind_speed_ms__fall,1.0,15.0,15,True,True,1,False,sj01_local_wind_speed_ms__fall,sj01_local_wind_speed_ms__fall,5.122274160385132e-09
injected,sj01_local_wind_speed_ms__fall,1.0,15.0,16,True,True,1,False,sj01_local_wind_speed_ms__fall,sj01_local_wind_speed_ms__fall,3.28733162291428e-05
injected,sj01_local_wind_speed_ms__fall,1.0,15.0,17,True,True,1,False,sj01_local_wind_speed_ms__fall,sj01_local_wind_speed_ms__fall,9.553821291774511e-05
injected,sj01_local_wind_speed_ms__fall,1.0,15.0,18,True,True,1,False,sj01_local_wind_speed_ms__fall,sj01_local_wind_speed_ms__fall,1.2780074030160904e-06
injected,sj01_local_wind_speed_ms__fall,1.0,15.0,19,True,True,1,False,sj01_local_wind_speed_ms__fall,sj01_local_wind_speed_ms__fall,2.062879502773285e-05
injected,sj01_local_wind_speed_ms__fall,1.0,15.0,20,True,True,1,False,sj01_local_wind_speed_ms__fall,sj01_local_wind_speed_ms__fall,1.2316741049289703e-07
injected,sj01_local_wind_speed_ms__fall,1.0,15.0,21,True,True,1,False,sj01_local_wind_speed_ms__fall,sj01_local_wind_speed_ms__fall,9.70612745732069e-09
injected,sj01_local_wind_speed_ms__fall,1.0,15.0,22,True,True,1,False,sj01_local_wind_speed_ms__fall,sj01_local_wind_speed_ms__fall,2.0372681319713593e-09
injected,sj01_local_wind_speed_ms__fall,1.0,15.0,23,True,True,1,False,sj01_local_wind_speed_ms__fall,sj01_local_wind_speed_ms__fall,7.466951501555741e-10
injected,sj01_local_wind_speed_ms__fall,1.0,15.0,24,True,True,1,False,sj01_local_wind_speed_ms__fall,sj01_local_wind_speed_ms__fall,5.464302375912666e-06
injected,sj01_local_wind_speed_ms__fall,1.0,15.0,25,True,True,1,False,sj01_local_wind_speed_ms__fall,sj01_local_wind_speed_ms__fall,3.309384919703007e-05
injected,sj01_local_wind_speed_ms__fall,1.0,15.0,26,True,True,1,False,sj01_local_wind_speed_ms__fall,sj01_local_wind_speed_ms__fall,5.421970854513347e-07
injected,sj01_local_wind_speed_ms__fall,1.0,15.0,27,True,True,1,False,sj01_local_wind_speed_ms__fall,sj01_local_wind_speed_ms__fall,6.165646482259035e-08
injected,sj01_local_wind_speed_ms__fall,1.0,15.0,28,True,True,1,False,sj01_local_wind_speed_ms__fall,sj01_local_wind_speed_ms__fall,4.182292286714073e-06
injected,sj01_local_wind_speed_ms__fall,1.0,15.0,29,True,True,1,False,sj01_local_wind_speed_ms__fall,sj01_local_wind_speed_ms__fall,9.707873687148094e-07
injected,sj01_local_wind_speed_ms__fall,1.0,15.0,30,True,True,1,False,sj01_local_wind_speed_ms__fall,sj01_local_wind_speed_ms__fall,7.025812465144554e-08
injected,sj01_local_wind_speed_ms__fall,1.0,15.0,31,True,True,1,False,sj01_local_wind_speed_ms__fall,sj01_local_wind_speed_ms__fall,9.70612745732069e-09
injected,sj01_local_wind_speed_ms__fall,1.0,15.0,32,True,True,1,False,sj01_local_wind_speed_ms__fall,sj01_local_wind_speed_ms__fall,9.707873687148094e-07
injected,sj01_local_wind_speed_ms__fall,1.0,15.0,33,True,True,1,False,sj01_local_wind_speed_ms__fall,sj01_local_wind_speed_ms__fall,2.062879502773285e-05
injected,sj01_local_wind_speed_ms__fall,1.0,15.0,34,True,True,1,False,sj01_local_wind_speed_ms__fall,sj01_local_wind_speed_ms__fall,1.1180760338902473e-05
injected,sj01_local_wind_speed_ms__fall,1.0,15.0,35,True,True,1,False,sj01_local_wind_speed_ms__fall,sj01_local_wind_speed_ms__fall,1.6765807231422514e-07
injected,sj01_local_wind_speed_ms__fall,1.0,15.0,36,True,True,1,False,sj01_local_wind_speed_ms__fall,sj01_local_wind_speed_ms__fall,1.6765807231422514e-07
injected,sj01_local_wind_speed_ms__fall,1.0,15.0,37,True,True,1,False,sj01_local_wind_speed_ms__fall,sj01_local_wind_speed_ms__fall,1.697661355137825e-05
injected,sj01_local_wind_speed_ms__fall,1.0,15.0,38,True,True,1,False,sj01_local_wind_speed_ms__fall,sj01_local_wind_speed_ms__fall,9.70612745732069e-09
injected,sj01_local_wind_speed_ms__fall,1.0,15.0,39,True,True,1,False,sj01_local_wind_speed_ms__fall,sj01_local_wind_speed_ms__fall,3.338936949148774e-08
injected,sj01_local_wind_speed_ms__fall,1.0,15.0,40,True,True,1,False,sj01_local_wind_speed_ms__fall,sj01_local_wind_speed_ms__fall,1.6765807231422514e-07
injected,sj01_local_wind_speed_ms__fall,1.0,15.0,41,True,True,1,False,sj01_local_wind_speed_ms__fall,sj01_local_wind_speed_ms__fall,2.0372681319713593e-09
injected,sj01_local_wind_speed_ms__fall,1.0,15.0,42,True,True,1,False,sj01_local_wind_speed_ms__fall,sj01_local_wind_speed_ms__fall,1.6765807231422514e-07
injected,sj01_local_wind_speed_ms__fall,1.0,15.0,43,True,True,1,False,sj01_local_wind_speed_ms__fall,sj01_local_wind_speed_ms__fall,6.91306013322901e-07
injected,sj01_local_wind_speed_ms__fall,1.0,15.0,44,True,True,1,False,sj01_local_wind_speed_ms__fall,sj01_local_wind_speed_ms__fall,1.2780074030160904e-06
injected,sj01_local_wind_speed_ms__fall,1.0,15.0,45,True,True,1,False,sj01_local_wind_speed_ms__fall,sj01_local_wind_speed_ms__fall,3.0192677513696253e-07
injected,sj01_local_wind_speed_ms__fall,1.0,15.0,46,True,True,1,False,sj01_local_wind_speed_ms__fall,sj01_local_wind_speed_ms__fall,3.7137651816010475e-06
injected,sj01_local_wind_speed_ms__fall,1.0,15.0,47,True,True,1,False,sj01_local_wind_speed_ms__fall,sj01_local_wind_speed_ms__fall,7.14963061909657e-06
injected,sj01_local_wind_speed_ms__fall,1.0,15.0,48,True,True,1,False,sj01_local_wind_speed_ms__fall,sj01_local_wind_speed_ms__fall,7.14963061909657e-06
injected,sj01_local_wind_speed_ms__fall,1.0,15.0,49,True,True,1,False,sj01_local_wind_speed_ms__fall,sj01_local_wind_speed_ms__fall,9.285122359870002e-08
injected,sj01_local_wind_speed_ms__fall,1.0,30.0,0,True,True,1,False,sj01_local_wind_speed_ms__fall,sj01_local_wind_speed_ms__fall,2.823770046234131e-06
injected,sj01_local_wind_speed_ms__fall,1.0,30.0,1,True,True,1,False,sj01_local_wind_speed_ms__fall,sj01_local_wind_speed_ms__fall,0.0004389551468193531
injected,sj01_local_wind_speed_ms__fall,1.0,30.0,2,True,True,1,False,sj01_local_wind_speed_ms__fall,sj01_local_wind_speed_ms__fall,0.0001553744077682495
injected,sj01_local_wind_speed_ms__fall,1.0,30.0,3,True,True,2,True,sj01_local_wind_speed_ms__fall;sj01_local_wind_speed_ms__rise,sj01_local_wind_speed_ms__fall,1.0803341865539551e-07
injected,sj01_local_wind_speed_ms__fall,1.0,30.0,4,True,True,1,False,sj01_local_wind_speed_ms__fall,sj01_local_wind_speed_ms__fall,0.0005966214812360704
injected,sj01_local_wind_speed_ms__fall,1.0,30.0,5,True,True,1,False,sj01_local_wind_speed_ms__fall,sj01_local_wind_speed_ms__fall,8.121132850646973e-07
injected,sj01_local_wind_speed_ms__fall,1.0,30.0,6,True,True,1,False,sj01_local_wind_speed_ms__fall,sj01_local_wind_speed_ms__fall,1.2171280104666948e-05
injected,sj01_local_wind_speed_ms__fall,1.0,30.0,7,True,True,2,True,sj01_local_wind_speed_ms__fall;sj01_local_wind_speed_ms__rise,sj01_local_wind_speed_ms__fall,0.00026676058769226074
injected,sj01_local_wind_speed_ms__fall,1.0,30.0,8,True,True,1,False,sj01_local_wind_speed_ms__fall,sj01_local_wind_speed_ms__fall,4.398822784423828e-05
injected,sj01_local_wind_speed_ms__fall,1.0,30.0,9,True,True,2,True,sj01_local_wind_speed_ms__fall;sj01_local_wind_speed_ms__rise,sj01_local_wind_speed_ms__fall,4.215165972709656e-06
injected,sj01_local_wind_speed_ms__fall,1.0,30.0,10,True,True,1,False,sj01_local_wind_speed_ms__fall,sj01_local_wind_speed_ms__fall,1.516193151473999e-06
injected,sj01_local_wind_speed_ms__fall,1.0,30.0,11,True,True,1,False,sj01_local_wind_speed_ms__fall,sj01_local_wind_speed_ms__fall,4.215165972709656e-06
injected,sj01_local_wind_speed_ms__fall,1.0,30.0,12,True,True,2,True,sj01_local_wind_speed_ms__fall;sj01_local_wind_speed_ms__rise,sj01_local_wind_speed_ms__fall,0.0001620317343622446
injected,sj01_local_wind_speed_ms__fall,1.0,30.0,13,True,True,1,False,sj01_local_wind_speed_ms__fall,sj01_local_wind_speed_ms__fall,7.618218660354614e-06
injected,sj01_local_wind_speed_ms__fall,1.0,30.0,14,True,True,1,False,sj01_local_wind_speed_ms__fall,sj01_local_wind_speed_ms__fall,5.1857903599739075e-05
injected,sj01_local_wind_speed_ms__fall,1.0,30.0,15,True,True,2,True,sj01_local_wind_speed_ms__fall;sj01_local_wind_speed_ms__rise,sj01_local_wind_speed_ms__fall,2.086162567138672e-07
injected,sj01_local_wind_speed_ms__fall,1.0,30.0,16,True,True,1,False,sj01_local_wind_speed_ms__fall,sj01_local_wind_speed_ms__fall,0.0002541302237659693
injected,sj01_local_wind_speed_ms__fall,1.0,30.0,17,True,True,1,False,sj01_local_wind_speed_ms__fall,sj01_local_wind_speed_ms__fall,0.00045611709356307983
injected,sj01_local_wind_speed_ms__fall,1.0,30.0,18,True,True,1,False,sj01_local_wind_speed_ms__fall,sj01_local_wind_speed_ms__fall,4.398822784423828e-05
injected,sj01_local_wind_speed_ms__fall,1.0,30.0,19,False,True,0,False,,sj01_local_wind_speed_ms__fall,0.001966586511116475
injected,sj01_local_wind_speed_ms__fall,1.0,30.0,20,True,True,1,False,sj01_local_wind_speed_ms__fall,sj01_local_wind_speed_ms__fall,2.4616718292236328e-05
injected,sj01_local_wind_speed_ms__fall,1.0,30.0,21,True,True,1,False,sj01_local_wind_speed_ms__fall,sj01_local_wind_speed_ms__fall,6.456742994487286e-06
injected,sj01_local_wind_speed_ms__fall,1.0,30.0,22,True,True,2,True,sj01_local_wind_speed_ms__fall;sj01_local_wind_speed_ms__rise,sj01_local_wind_speed_ms__fall,4.023313522338867e-07
injected,sj01_local_wind_speed_ms__fall,1.0,30.0,23,True,True,2,True,sj01_local_wind_speed_ms__fall;sj01_local_wind_speed_ms__rise,sj01_local_wind_speed_ms__fall,4.33996319770813e-07
injected,sj01_local_wind_speed_ms__fall,1.0,30.0,24,True,True,1,False,sj01_local_wind_speed_ms__fall,sj01_local_wind_speed_ms__fall,0.0016634464263916016
injected,sj01_local_wind_speed_ms__fall,1.0,30.0,25,True,True,1,False,sj01_local_wind_speed_ms__fall,sj01_local_wind_speed_ms__fall,0.0002675263676792383
injected,sj01_local_wind_speed_ms__fall,1.0,30.0,26,True,True,1,False,sj01_local_wind_speed_ms__fall,sj01_local_wind_speed_ms__fall,7.748603820800781e-07
injected,sj01_local_wind_speed_ms__fall,1.0,30.0,27,True,True,1,False,sj01_local_wind_speed_ms__fall,sj01_local_wind_speed_ms__fall,2.062879502773285e-05
injected,sj01_local_wind_speed_ms__fall,1.0,30.0,28,True,True,1,False,sj01_local_wind_speed_ms__fall,sj01_local_wind_speed_ms__fall,9.650597348809242e-06
injected,sj01_local_wind_speed_ms__fall,1.0,30.0,29,True,True,1,False,sj01_local_wind_speed_ms__fall,sj01_local_wind_speed_ms__fall,0.0002541302237659693
injected,sj01_local_wind_speed_ms__fall,1.0,30.0,30,True,True,2,True,sj01_local_wind_speed_ms__fall;sj01_local_wind_speed_ms__rise,sj01_local_wind_speed_ms__fall,3.309384919703007e-05
injected,sj01_local_wind_speed_ms__fall,1.0,30.0,31,True,True,2,True,sj01_local_wind_speed_ms__fall;sj01_local_wind_speed_ms__rise,sj01_local_wind_speed_ms__fall,8.121132850646973e-07
injected,sj01_local_wind_speed_ms__fall,1.0,30.0,32,True,True,2,True,sj01_local_wind_speed_ms__fall;sj01_local_wind_speed_ms__rise,sj01_local_wind_speed_ms__fall,2.4616718292236328e-05
injected,sj01_local_wind_speed_ms__fall,1.0,30.0,33,True,True,1,False,sj01_local_wind_speed_ms__fall,sj01_local_wind_speed_ms__fall,0.00026676058769226074
injected,sj01_local_wind_speed_ms__fall,1.0,30.0,34,True,True,1,False,sj01_local_wind_speed_ms__fall,sj01_local_wind_speed_ms__fall,5.842093378305435e-05
injected,sj01_local_wind_speed_ms__fall,1.0,30.0,35,True,True,2,True,sj01_local_wind_speed_ms__fall;sj01_local_wind_speed_ms__rise,sj01_local_wind_speed_ms__fall,1.516193151473999e-06
injected,sj01_local_wind_speed_ms__fall,1.0,30.0,36,True,True,2,True,sj01_local_wind_speed_ms__fall;sj01_local_wind_speed_ms__rise,sj01_local_wind_speed_ms__fall,1.516193151473999e-06
injected,sj01_local_wind_speed_ms__fall,1.0,30.0,37,True,True,1,False,sj01_local_wind_speed_ms__fall,sj01_local_wind_speed_ms__fall,0.0004106976557523012
injected,sj01_local_wind_speed_ms__fall,1.0,30.0,38,True,True,1,False,sj01_local_wind_speed_ms__fall,sj01_local_wind_speed_ms__fall,8.999556303024292e-05
injected,sj01_local_wind_speed_ms__fall,1.0,30.0,39,True,True,1,False,sj01_local_wind_speed_ms__fall,sj01_local_wind_speed_ms__fall,2.1138511328899767e-05
injected,sj01_local_wind_speed_ms__fall,1.0,30.0,40,True,True,1,False,sj01_local_wind_speed_ms__fall,sj01_local_wind_speed_ms__fall,2.1138511328899767e-05
injected,sj01_local_wind_speed_ms__fall,1.0,30.0,41,True,True,2,True,sj01_local_wind_speed_ms__fall;sj01_local_wind_speed_ms__rise,sj01_local_wind_speed_ms__fall,1.1920928955078125e-07
injected,sj01_local_wind_speed_ms__fall,1.0,30.0,42,True,True,1,False,sj01_local_wind_speed_ms__fall,sj01_local_wind_speed_ms__fall,2.3245811462402344e-06
injected,sj01_local_wind_speed_ms__fall,1.0,30.0,43,True,True,1,False,sj01_local_wind_speed_ms__fall,sj01_local_wind_speed_ms__fall,3.5127392038702965e-05
injected,sj01_local_wind_speed_ms__fall,1.0,30.0,44,True,True,2,True,sj01_local_wind_speed_ms__fall;sj01_local_wind_speed_ms__rise,sj01_local_wind_speed_ms__fall,2.9738061130046848e-05
injected,sj01_local_wind_speed_ms__fall,1.0,30.0,45,True,True,1,False,sj01_local_wind_speed_ms__fall,sj01_local_wind_speed_ms__fall,9.609758853912354e-05
injected,sj01_local_wind_speed_ms__fall,1.0,30.0,46,True,True,1,False,sj01_local_wind_speed_ms__fall,sj01_local_wind_speed_ms__fall,8.999556303024292e-05
injected,sj01_local_wind_speed_ms__fall,1.0,30.0,47,True,True,1,False,sj01_local_wind_speed_ms__fall,sj01_local_wind_speed_ms__fall,0.0002359933714615181
injected,sj01_local_wind_speed_ms__fall,1.0,30.0,48,True,True,1,False,sj01_local_wind_speed_ms__fall,sj01_local_wind_speed_ms__fall,0.0002730563282966614
injected,sj01_local_wind_speed_ms__fall,1.0,30.0,49,True,True,1,False,sj01_local_wind_speed_ms__fall,sj01_local_wind_speed_ms__fall,5.464302375912666e-06
injected,sj01_local_wind_speed_ms__fall,1.0,60.0,0,True,True,1,False,sj01_local_wind_speed_ms__fall,sj01_local_wind_speed_ms__fall,8.999556303024292e-05
injected,sj01_local_wind_speed_ms__fall,1.0,60.0,1,False,True,0,False,,sj01_local_wind_speed_ms__fall,0.0020386576652526855
injected,sj01_local_wind_speed_ms__fall,1.0,60.0,2,False,True,0,False,,sj01_local_wind_speed_ms__fall,0.0018595829606056213
injected,sj01_local_wind_speed_ms__fall,1.0,60.0,3,True,True,1,False,sj01_local_wind_speed_ms__fall,sj01_local_wind_speed_ms__fall,1.372024416923523e-05
injected,sj01_local_wind_speed_ms__fall,1.0,60.0,4,False,True,0,False,,sj01_local_wind_speed_ms__fall,0.007316648960113525
injected,sj01_local_wind_speed_ms__fall,1.0,60.0,5,True,True,1,False,sj01_local_wind_speed_ms__fall,sj01_local_wind_speed_ms__fall,1.372024416923523e-05
injected,sj01_local_wind_speed_ms__fall,1.0,60.0,6,True,True,1,False,sj01_local_wind_speed_ms__fall,sj01_local_wind_speed_ms__fall,0.0007154531776905061
injected,sj01_local_wind_speed_ms__fall,1.0,60.0,7,False,True,0,False,,sj01_local_wind_speed_ms__fall,0.0018595829606056213
injected,sj01_local_wind_speed_ms__fall,1.0,60.0,8,True,True,1,False,sj01_local_wind_speed_ms__fall,sj01_local_wind_speed_ms__fall,0.0012469589710235596
injected,sj01_local_wind_speed_ms__fall,1.0,60.0,9,True,True,1,False,sj01_local_wind_speed_ms__fall,sj01_local_wind_speed_ms__fall,9.609758853912354e-05
injected,sj01_local_wind_speed_ms__fall,1.0,60.0,10,True,True,1,False,sj01_local_wind_speed_ms__fall,sj01_local_wind_speed_ms__fall,1.372024416923523e-05
injected,sj01_local_wind_speed_ms__fall,1.0,60.0,11,True,True,1,False,sj01_local_wind_speed_ms__fall,sj01_local_wind_speed_ms__fall,5.1857903599739075e-05
injected,sj01_local_wind_speed_ms__fall,1.0,60.0,12,False,True,0,False,,sj01_local_wind_speed_ms__fall,0.007316648960113525
injected,sj01_local_wind_speed_ms__fall,1.0,60.0,13,True,True,1,False,sj01_local_wind_speed_ms__fall,sj01_local_wind_speed_ms__fall,8.999556303024292e-05
injected,sj01_local_wind_speed_ms__fall,1.0,60.0,14,True,True,1,False,sj01_local_wind_speed_ms__fall,sj01_local_wind_speed_ms__fall,0.0002730563282966614
injected,sj01_local_wind_speed_ms__fall,1.0,60.0,15,True,True,1,False,sj01_local_wind_speed_ms__fall,sj01_local_wind_speed_ms__fall,1.372024416923523e-05
injected,sj01_local_wind_speed_ms__fall,1.0,60.0,16,True,True,1,False,sj01_local_wind_speed_ms__fall,sj01_local_wind_speed_ms__fall,0.0014675278216600418
injected,sj01_local_wind_speed_ms__fall,1.0,60.0,17,False,True,0,False,,sj01_local_wind_speed_ms__fall,0.004065029323101044
injected,sj01_local_wind_speed_ms__fall,1.0,60.0,18,True,True,1,False,sj01_local_wind_speed_ms__fall,sj01_local_wind_speed_ms__fall,0.0001553744077682495
injected,sj01_local_wind_speed_ms__fall,1.0,60.0,19,False,True,0,False,,sj01_local_wind_speed_ms__fall,0.01205977238714695
injected,sj01_local_wind_speed_ms__fall,1.0,60.0,20,True,True,1,False,sj01_local_wind_speed_ms__fall,sj01_local_wind_speed_ms__fall,0.0007568597793579102
injected,sj01_local_wind_speed_ms__fall,1.0,60.0,21,True,True,1,False,sj01_local_wind_speed_ms__fall,sj01_local_wind_speed_ms__fall,0.0002730563282966614
injected,sj01_local_wind_speed_ms__fall,1.0,60.0,22,True,True,1,False,sj01_local_wind_speed_ms__fall,sj01_local_wind_speed_ms__fall,2.4616718292236328e-05
injected,sj01_local_wind_speed_ms__fall,1.0,60.0,23,True,True,1,False,sj01_local_wind_speed_ms__fall,sj01_local_wind_speed_ms__fall,2.9738061130046848e-05
injected,sj01_local_wind_speed_ms__fall,1.0,60.0,24,False,True,0,False,,sj01_local_wind_speed_ms__fall,0.006270475685596466
injected,sj01_local_wind_speed_ms__fall,1.0,60.0,25,False,False,0,False,,cu01_local_hum_avg_pct__rise,0.0026114396750926976
injected,sj01_local_wind_speed_ms__fall,1.0,60.0,26,True,True,1,False,sj01_local_wind_speed_ms__fall,sj01_local_wind_speed_ms__fall,4.398822784423828e-05
injected,sj01_local_wind_speed_ms__fall,1.0,60.0,27,True,True,1,False,sj01_local_wind_speed_ms__fall,sj01_local_wind_speed_ms__fall,8.999556303024292e-05
injected,sj01_local_wind_speed_ms__fall,1.0,60.0,28,True,True,1,False,sj01_local_wind_speed_ms__fall,sj01_local_wind_speed_ms__fall,9.609758853912354e-05
injected,sj01_local_wind_speed_ms__fall,1.0,60.0,29,False,True,0,False,,sj01_local_wind_speed_ms__fall,0.004065029323101044
injected,sj01_local_wind_speed_ms__fall,1.0,60.0,30,True,True,1,False,sj01_local_wind_speed_ms__fall,sj01_local_wind_speed_ms__fall,0.0002675263676792383
injected,sj01_local_wind_speed_ms__fall,1.0,60.0,31,True,True,1,False,sj01_local_wind_speed_ms__fall,sj01_local_wind_speed_ms__fall,1.372024416923523e-05
injected,sj01_local_wind_speed_ms__fall,1.0,60.0,32,True,True,1,False,sj01_local_wind_speed_ms__fall,sj01_local_wind_speed_ms__fall,0.0007568597793579102
injected,sj01_local_wind_speed_ms__fall,1.0,60.0,33,False,True,0,False,,sj01_local_wind_speed_ms__fall,0.0046776533126831055
injected,sj01_local_wind_speed_ms__fall,1.0,60.0,34,True,True,1,False,sj01_local_wind_speed_ms__fall,sj01_local_wind_speed_ms__fall,0.0011578500270843506
injected,sj01_local_wind_speed_ms__fall,1.0,60.0,35,True,True,1,False,sj01_local_wind_speed_ms__fall,sj01_local_wind_speed_ms__fall,5.1857903599739075e-05
injected,sj01_local_wind_speed_ms__fall,1.0,60.0,36,True,True,1,False,sj01_local_wind_speed_ms__fall,sj01_local_wind_speed_ms__fall,5.1857903599739075e-05
injected,sj01_local_wind_speed_ms__fall,1.0,60.0,37,False,True,0,False,,sj01_local_wind_speed_ms__fall,0.006270475685596466
injected,sj01_local_wind_speed_ms__fall,1.0,60.0,38,True,True,1,False,sj01_local_wind_speed_ms__fall,sj01_local_wind_speed_ms__fall,0.0007568597793579102
injected,sj01_local_wind_speed_ms__fall,1.0,60.0,39,True,True,1,False,sj01_local_wind_speed_ms__fall,sj01_local_wind_speed_ms__fall,0.00045611709356307983
injected,sj01_local_wind_speed_ms__fall,1.0,60.0,40,True,True,1,False,sj01_local_wind_speed_ms__fall,sj01_local_wind_speed_ms__fall,0.0007154531776905061
injected,sj01_local_wind_speed_ms__fall,1.0,60.0,41,True,True,1,False,sj01_local_wind_speed_ms__fall,sj01_local_wind_speed_ms__fall,1.7940998077392578e-05
injected,sj01_local_wind_speed_ms__fall,1.0,60.0,42,True,True,1,False,sj01_local_wind_speed_ms__fall,sj01_local_wind_speed_ms__fall,5.653710104525089e-05
injected,sj01_local_wind_speed_ms__fall,1.0,60.0,43,True,True,2,True,sj01_local_wind_speed_ms__fall;sj01_local_wind_speed_ms__rise,sj01_local_wind_speed_ms__fall,0.0002730563282966614
injected,sj01_local_wind_speed_ms__fall,1.0,60.0,44,True,True,1,False,sj01_local_wind_speed_ms__fall,sj01_local_wind_speed_ms__fall,0.0002730563282966614
injected,sj01_local_wind_speed_ms__fall,1.0,60.0,45,True,True,1,False,sj01_local_wind_speed_ms__fall,sj01_local_wind_speed_ms__fall,0.0016634464263916016
injected,sj01_local_wind_speed_ms__fall,1.0,60.0,46,True,True,1,False,sj01_local_wind_speed_ms__fall,sj01_local_wind_speed_ms__fall,0.0011578500270843506
injected,sj01_local_wind_speed_ms__fall,1.0,60.0,47,False,True,0,False,,sj01_local_wind_speed_ms__fall,0.0026114396750926976
injected,sj01_local_wind_speed_ms__fall,1.0,60.0,48,True,True,1,False,sj01_local_wind_speed_ms__fall,sj01_local_wind_speed_ms__fall,0.0011578500270843506
injected,sj01_local_wind_speed_ms__fall,1.0,60.0,49,True,True,1,False,sj01_local_wind_speed_ms__fall,sj01_local_wind_speed_ms__fall,0.0001620317343622446
injected,cu01_local_hum_avg_pct__fall,0.5,15.0,0,False,False,0,False,,cu01_local_hum_avg_pct__rise,0.012153255054727197
injected,cu01_local_hum_avg_pct__fall,0.5,15.0,1,True,True,1,False,cu01_local_hum_avg_pct__fall,cu01_local_hum_avg_pct__fall,0.0016634464263916016
injected,cu01_local_hum_avg_pct__fall,0.5,15.0,2,False,False,0,False,,cu01_local_hum_avg_pct__rise,0.014724686741828918
injected,cu01_local_hum_avg_pct__fall,0.5,15.0,3,True,True,1,False,cu01_local_hum_avg_pct__fall,cu01_local_hum_avg_pct__fall,0.0002675263676792383
injected,cu01_local_hum_avg_pct__fall,0.5,15.0,4,True,True,1,False,cu01_local_hum_avg_pct__fall,cu01_local_hum_avg_pct__fall,0.0012469589710235596
injected,cu01_local_hum_avg_pct__fall,0.5,15.0,5,False,True,0,False,,cu01_local_hum_avg_pct__fall,0.0018595829606056213
injected,cu01_local_hum_avg_pct__fall,0.5,15.0,6,False,False,0,False,,cu01_local_temp_avg_c__rise,0.003173828125
injected,cu01_local_hum_avg_pct__fall,0.5,15.0,7,False,True,0,False,,cu01_local_hum_avg_pct__fall,0.0018595829606056213
injected,cu01_local_hum_avg_pct__fall,0.5,15.0,8,False,True,0,False,,cu01_local_hum_avg_pct__fall,0.005336920265108347
injected,cu01_local_hum_avg_pct__fall,0.5,15.0,9,True,True,1,False,cu01_local_hum_avg_pct__fall,cu01_local_hum_avg_pct__fall,0.0002541302237659693
injected,cu01_local_hum_avg_pct__fall,0.5,15.0,10,True,True,1,False,cu01_local_hum_avg_pct__fall,cu01_local_hum_avg_pct__fall,5.653710104525089e-05
injected,cu01_local_hum_avg_pct__fall,0.5,15.0,11,True,True,1,False,cu01_local_hum_avg_pct__fall,cu01_local_hum_avg_pct__fall,0.00015627557877451181
injected,cu01_local_hum_avg_pct__fall,0.5,15.0,12,True,True,1,False,cu01_local_hum_avg_pct__fall,cu01_local_hum_avg_pct__fall,0.00016245711594820025
injected,cu01_local_hum_avg_pct__fall,0.5,15.0,13,False,True,0,False,,cu01_local_hum_avg_pct__fall,0.0035001833457499743
injected,cu01_local_hum_avg_pct__fall,0.5,15.0,14,True,True,1,False,cu01_local_hum_avg_pct__fall,cu01_local_hum_avg_pct__fall,0.0004389551468193531
injected,cu01_local_hum_avg_pct__fall,0.5,15.0,15,True,True,1,False,cu01_local_hum_avg_pct__fall,cu01_local_hum_avg_pct__fall,0.0001620317343622446
injected,cu01_local_hum_avg_pct__fall,0.5,15.0,16,True,True,1,False,cu01_local_hum_avg_pct__fall,cu01_local_hum_avg_pct__fall,0.0002541302237659693
injected,cu01_local_hum_avg_pct__fall,0.5,15.0,17,False,True,0,False,,cu01_local_hum_avg_pct__fall,0.0029940602835267787
injected,cu01_local_hum_avg_pct__fall,0.5,15.0,18,False,False,0,False,,cu01_local_hum_avg_pct__rise,0.005336920265108347
injected,cu01_local_hum_avg_pct__fall,0.5,15.0,19,True,True,1,False,cu01_local_hum_avg_pct__fall,cu01_local_hum_avg_pct__fall,0.00016245711594820025
injected,cu01_local_hum_avg_pct__fall,0.5,15.0,20,True,True,1,False,cu01_local_hum_avg_pct__fall,cu01_local_hum_avg_pct__fall,0.0001620317343622446
injected,cu01_local_hum_avg_pct__fall,0.5,15.0,21,True,True,1,False,cu01_local_hum_avg_pct__fall,cu01_local_hum_avg_pct__fall,0.0016634464263916016
injected,cu01_local_hum_avg_pct__fall,0.5,15.0,22,True,True,1,False,cu01_local_hum_avg_pct__fall,cu01_local_hum_avg_pct__fall,0.0009391127387061716
injected,cu01_local_hum_avg_pct__fall,0.5,15.0,23,True,True,1,False,cu01_local_hum_avg_pct__fall,cu01_local_hum_avg_pct__fall,0.0004106976557523012
injected,cu01_local_hum_avg_pct__fall,0.5,15.0,24,False,True,0,False,,cu01_local_hum_avg_pct__fall,0.0035001833457499743
injected,cu01_local_hum_avg_pct__fall,0.5,15.0,25,False,True,0,False,,cu01_local_hum_avg_pct__fall,0.0035001833457499743
injected,cu01_local_hum_avg_pct__fall,0.5,15.0,26,True,True,1,False,cu01_local_hum_avg_pct__fall,cu01_local_hum_avg_pct__fall,0.0001620317343622446
injected,cu01_local_hum_avg_pct__fall,0.5,15.0,27,False,False,0,False,,cu01_local_temp_avg_c__rise,0.003173828125
injected,cu01_local_hum_avg_pct__fall,0.5,15.0,28,True,True,1,False,cu01_local_hum_avg_pct__fall,cu01_local_hum_avg_pct__fall,0.0006593635771423578
injected,cu01_local_hum_avg_pct__fall,0.5,15.0,29,False,True,0,False,,cu01_local_hum_avg_pct__fall,0.005336920265108347
injected,cu01_local_hum_avg_pct__fall,0.5,15.0,30,True,True,1,False,cu01_local_hum_avg_pct__fall,cu01_local_hum_avg_pct__fall,0.0004389551468193531
injected,cu01_local_hum_avg_pct__fall,0.5,15.0,31,True,True,1,False,cu01_local_hum_avg_pct__fall,cu01_local_hum_avg_pct__fall,0.0007154531776905061
injected,cu01_local_hum_avg_pct__fall,0.5,15.0,32,True,True,1,False,cu01_local_hum_avg_pct__fall,cu01_local_hum_avg_pct__fall,0.0002675263676792383
injected,cu01_local_hum_avg_pct__fall,0.5,15.0,33,True,True,1,False,cu01_local_hum_avg_pct__fall,cu01_local_hum_avg_pct__fall,0.0001620317343622446
injected,cu01_local_hum_avg_pct__fall,0.5,15.0,34,False,False,0,False,,cu01_local_hum_avg_pct__rise,0.008062400855123998
injected,cu01_local_hum_avg_pct__fall,0.5,15.0,35,True,True,1,False,cu01_local_hum_avg_pct__fall,cu01_local_hum_avg_pct__fall,0.0004106976557523012
injected,cu01_local_hum_avg_pct__fall,0.5,15.0,36,True,True,1,False,cu01_local_hum_avg_pct__fall,cu01_local_hum_avg_pct__fall,0.00015627557877451181
injected,cu01_local_hum_avg_pct__fall,0.5,15.0,37,True,True,1,False,cu01_local_hum_avg_pct__fall,cu01_local_hum_avg_pct__fall,0.00016245711594820025
injected,cu01_local_hum_avg_pct__fall,0.5,15.0,38,True,True,1,False,cu01_local_hum_avg_pct__fall,cu01_local_hum_avg_pct__fall,0.0010512007866054773
injected,cu01_local_hum_avg_pct__fall,0.5,15.0,39,True,True,1,False,cu01_local_hum_avg_pct__fall,cu01_local_hum_avg_pct__fall,0.0002730563282966614
injected,cu01_local_hum_avg_pct__fall,0.5,15.0,40,True,True,1,False,cu01_local_hum_avg_pct__fall,cu01_local_hum_avg_pct__fall,0.0002541302237659693
injected,cu01_local_hum_avg_pct__fall,0.5,15.0,41,True,True,1,False,cu01_local_hum_avg_pct__fall,cu01_local_hum_avg_pct__fall,9.609758853912354e-05
injected,cu01_local_hum_avg_pct__fall,0.5,15.0,42,True,True,1,False,cu01_local_hum_avg_pct__fall,cu01_local_hum_avg_pct__fall,5.842093378305435e-05
injected,cu01_local_hum_avg_pct__fall,0.5,15.0,43,True,True,1,False,cu01_local_hum_avg_pct__fall,cu01_local_hum_avg_pct__fall,0.0006593635771423578
injected,cu01_local_hum_avg_pct__fall,0.5,15.0,44,True,True,1,False,cu01_local_hum_avg_pct__fall,cu01_local_hum_avg_pct__fall,0.0014675278216600418
injected,cu01_local_hum_avg_pct__fall,0.5,15.0,45,True,True,1,False,cu01_local_hum_avg_pct__fall,cu01_local_hum_avg_pct__fall,0.0004389551468193531
injected,cu01_local_hum_avg_pct__fall,0.5,15.0,46,True,True,1,False,cu01_local_hum_avg_pct__fall,cu01_local_hum_avg_pct__fall,0.0010512007866054773
injected,cu01_local_hum_avg_pct__fall,0.5,15.0,47,True,True,1,False,cu01_local_hum_avg_pct__fall,cu01_local_hum_avg_pct__fall,0.0010512007866054773
injected,cu01_local_hum_avg_pct__fall,0.5,15.0,48,True,True,1,False,cu01_local_hum_avg_pct__fall,cu01_local_hum_avg_pct__fall,0.0006593635771423578
injected,cu01_local_hum_avg_pct__fall,0.5,15.0,49,True,True,1,False,cu01_local_hum_avg_pct__fall,cu01_local_hum_avg_pct__fall,0.0006593635771423578
injected,cu01_local_hum_avg_pct__fall,0.5,30.0,0,False,True,0,False,,cu01_local_hum_avg_pct__fall,0.0020386576652526855
injected,cu01_local_hum_avg_pct__fall,0.5,30.0,1,False,False,0,False,,cu01_local_hum_avg_pct__rise,0.0026114396750926976
injected,cu01_local_hum_avg_pct__fall,0.5,30.0,2,True,True,1,False,cu01_local_hum_avg_pct__fall,cu01_local_hum_avg_pct__fall,0.0011578500270843506
injected,cu01_local_hum_avg_pct__fall,0.5,30.0,3,True,True,1,False,cu01_local_hum_avg_pct__fall,cu01_local_hum_avg_pct__fall,0.0004552602767944336
injected,cu01_local_hum_avg_pct__fall,0.5,30.0,4,True,True,1,False,cu01_local_hum_avg_pct__fall,cu01_local_hum_avg_pct__fall,0.0004552602767944336
injected,cu01_local_hum_avg_pct__fall,0.5,30.0,5,True,True,1,False,cu01_local_hum_avg_pct__fall,cu01_local_hum_avg_pct__fall,0.0007568597793579102
injected,cu01_local_hum_avg_pct__fall,0.5,30.0,6,False,False,0,False,,cu01_local_hum_avg_pct__rise,0.01205977238714695
injected,cu01_local_hum_avg_pct__fall,0.5,30.0,7,False,True,0,False,,cu01_local_hum_avg_pct__fall,0.0046776533126831055
injected,cu01_local_hum_avg_pct__fall,0.5,30.0,8,False,False,1,True,cu01_local_hum_avg_pct__rise,cu01_local_hum_avg_pct__rise,0.0010512007866054773
injected,cu01_local_hum_avg_pct__fall,0.5,30.0,9,False,True,0,False,,cu01_local_hum_avg_pct__fall,0.0018595829606056213
injected,cu01_local_hum_avg_pct__fall,0.5,30.0,10,True,True,1,False,cu01_local_hum_avg_pct__fall,cu01_local_hum_avg_pct__fall,0.00026676058769226074
injected,cu01_local_hum_avg_pct__fall,0.5,30.0,11,True,True,1,False,cu01_local_hum_avg_pct__fall,cu01_local_hum_avg_pct__fall,8.999556303024292e-05
injected,cu01_local_hum_avg_pct__fall,0.5,30.0,12,False,True,0,False,,cu01_local_hum_avg_pct__fall,0.0046776533126831055
injected,cu01_local_hum_avg_pct__fall,0.5,30.0,13,True,True,1,False,cu01_local_hum_avg_pct__fall,cu01_local_hum_avg_pct__fall,0.0011578500270843506
injected,cu01_local_hum_avg_pct__fall,0.5,30.0,14,True,True,1,False,cu01_local_hum_avg_pct__fall,cu01_local_hum_avg_pct__fall,0.0001553744077682495
injected,cu01_local_hum_avg_pct__fall,0.5,30.0,15,True,True,1,False,cu01_local_hum_avg_pct__fall,cu01_local_hum_avg_pct__fall,0.0011578500270843506
injected,cu01_local_hum_avg_pct__fall,0.5,30.0,16,True,True,1,False,cu01_local_hum_avg_pct__fall,cu01_local_hum_avg_pct__fall,0.0002730563282966614
injected,cu01_local_hum_avg_pct__fall,0.5,30.0,17,False,True,0,False,,cu01_local_hum_avg_pct__fall,0.021386972628533847
injected,cu01_local_hum_avg_pct__fall,0.5,30.0,18,False,False,0,False,,cu01_local_hum_avg_pct__rise,0.005336920265108347
injected,cu01_local_hum_avg_pct__fall,0.5,30.0,19,True,True,1,False,cu01_local_hum_avg_pct__fall,cu01_local_hum_avg_pct__fall,0.0002730563282966614
injected,cu01_local_hum_avg_pct__fall,0.5,30.0,20,True,True,1,False,cu01_local_hum_avg_pct__fall,cu01_local_hum_avg_pct__fall,2.4616718292236328e-05
injected,cu01_local_hum_avg_pct__fall,0.5,30.0,21,True,True,1,False,cu01_local_hum_avg_pct__fall,cu01_local_hum_avg_pct__fall,0.0012469589710235596
injected,cu01_local_hum_avg_pct__fall,0.5,30.0,22,True,True,1,False,cu01_local_hum_avg_pct__fall,cu01_local_hum_avg_pct__fall,0.00045611709356307983
injected,cu01_local_hum_avg_pct__fall,0.5,30.0,23,True,True,1,False,cu01_local_hum_avg_pct__fall,cu01_local_hum_avg_pct__fall,0.00045611709356307983
injected,cu01_local_hum_avg_pct__fall,0.5,30.0,24,False,True,0,False,,cu01_local_hum_avg_pct__fall,0.0026114396750926976
injected,cu01_local_hum_avg_pct__fall,0.5,30.0,25,True,True,1,False,cu01_local_hum_avg_pct__fall,cu01_local_hum_avg_pct__fall,0.0016634464263916016
injected,cu01_local_hum_avg_pct__fall,0.5,30.0,26,True,True,1,False,cu01_local_hum_avg_pct__fall,cu01_local_hum_avg_pct__fall,0.00026676058769226074
injected,cu01_local_hum_avg_pct__fall,0.5,30.0,27,True,True,1,False,cu01_local_hum_avg_pct__fall,cu01_local_hum_avg_pct__fall,0.0011578500270843506
injected,cu01_local_hum_avg_pct__fall,0.5,30.0,28,True,True,1,False,cu01_local_hum_avg_pct__fall,cu01_local_hum_avg_pct__fall,0.00026676058769226074
injected,cu01_local_hum_avg_pct__fall,0.5,30.0,29,True,True,1,False,cu01_local_hum_avg_pct__fall,cu01_local_hum_avg_pct__fall,0.00026676058769226074
injected,cu01_local_hum_avg_pct__fall,0.5,30.0,30,True,True,1,False,cu01_local_hum_avg_pct__fall,cu01_local_hum_avg_pct__fall,0.00026676058769226074
injected,cu01_local_hum_avg_pct__fall,0.5,30.0,31,True,True,1,False,cu01_local_hum_avg_pct__fall,cu01_local_hum_avg_pct__fall,0.0004552602767944336
injected,cu01_local_hum_avg_pct__fall,0.5,30.0,32,True,True,1,False,cu01_local_hum_avg_pct__fall,cu01_local_hum_avg_pct__fall,4.398822784423828e-05
injected,cu01_local_hum_avg_pct__fall,0.5,30.0,33,True,True,1,False,cu01_local_hum_avg_pct__fall,cu01_local_hum_avg_pct__fall,0.0011578500270843506
injected,cu01_local_hum_avg_pct__fall,0.5,30.0,34,False,False,0,False,,cu01_local_hum_avg_pct__rise,0.0026114396750926976
injected,cu01_local_hum_avg_pct__fall,0.5,30.0,35,False,True,0,False,,cu01_local_hum_avg_pct__fall,0.0018595829606056213
injected,cu01_local_hum_avg_pct__fall,0.5,30.0,36,True,True,1,False,cu01_local_hum_avg_pct__fall,cu01_local_hum_avg_pct__fall,8.999556303024292e-05
injected,cu01_local_hum_avg_pct__fall,0.5,30.0,37,True,True,1,False,cu01_local_hum_avg_pct__fall,cu01_local_hum_avg_pct__fall,0.0012469589710235596
injected,cu01_local_hum_avg_pct__fall,0.5,30.0,38,True,True,1,False,cu01_local_hum_avg_pct__fall,cu01_local_hum_avg_pct__fall,0.0012469589710235596
injected,cu01_local_hum_avg_pct__fall,0.5,30.0,39,True,True,1,False,cu01_local_hum_avg_pct__fall,cu01_local_hum_avg_pct__fall,8.999556303024292e-05
injected,cu01_local_hum_avg_pct__fall,0.5,30.0,40,True,True,1,False,cu01_local_hum_avg_pct__fall,cu01_local_hum_avg_pct__fall,0.0011578500270843506
injected,cu01_local_hum_avg_pct__fall,0.5,30.0,41,True,True,1,False,cu01_local_hum_avg_pct__fall,cu01_local_hum_avg_pct__fall,8.999556303024292e-05
injected,cu01_local_hum_avg_pct__fall,0.5,30.0,42,True,True,1,False,cu01_local_hum_avg_pct__fall,cu01_local_hum_avg_pct__fall,0.0002730563282966614
injected,cu01_local_hum_avg_pct__fall,0.5,30.0,43,True,True,1,False,cu01_local_hum_avg_pct__fall,cu01_local_hum_avg_pct__fall,0.0011578500270843506
injected,cu01_local_hum_avg_pct__fall,0.5,30.0,44,True,True,1,False,cu01_local_hum_avg_pct__fall,cu01_local_hum_avg_pct__fall,0.0007568597793579102
injected,cu01_local_hum_avg_pct__fall,0.5,30.0,45,True,True,1,False,cu01_local_hum_avg_pct__fall,cu01_local_hum_avg_pct__fall,0.0007568597793579102
injected,cu01_local_hum_avg_pct__fall,0.5,30.0,46,False,True,0,False,,cu01_local_hum_avg_pct__fall,0.0029623061418533325
injected,cu01_local_hum_avg_pct__fall,0.5,30.0,47,True,True,1,False,cu01_local_hum_avg_pct__fall,cu01_local_hum_avg_pct__fall,0.0007568597793579102
injected,cu01_local_hum_avg_pct__fall,0.5,30.0,48,True,True,1,False,cu01_local_hum_avg_pct__fall,cu01_local_hum_avg_pct__fall,0.00026676058769226074
injected,cu01_local_hum_avg_pct__fall,0.5,30.0,49,True,True,1,False,cu01_local_hum_avg_pct__fall,cu01_local_hum_avg_pct__fall,0.0012469589710235596
injected,cu01_local_hum_avg_pct__fall,0.5,60.0,0,False,False,0,False,,cu01_local_hum_avg_pct__rise,0.007316648960113525
injected,cu01_local_hum_avg_pct__fall,0.5,60.0,1,False,False,0,False,,cu01_local_hum_avg_pct__rise,0.0046776533126831055
injected,cu01_local_hum_avg_pct__fall,0.5,60.0,2,False,False,0,False,,cu01_local_hum_avg_pct__rise,0.0095786452293396
injected,cu01_local_hum_avg_pct__fall,0.5,60.0,3,False,False,0,False,,cu01_local_temp_avg_c__rise,0.0106353759765625
injected,cu01_local_hum_avg_pct__fall,0.5,60.0,4,False,True,0,False,,cu01_local_hum_avg_pct__fall,0.004065029323101044
injected,cu01_local_hum_avg_pct__fall,0.5,60.0,5,False,True,0,False,,cu01_local_hum_avg_pct__fall,0.008062400855123998
injected,cu01_local_hum_avg_pct__fall,0.5,60.0,6,False,False,0,False,,cu01_local_hum_avg_pct__rise,0.014479637145996094
injected,cu01_local_hum_avg_pct__fall,0.5,60.0,7,False,False,0,False,,cu01_local_hum_avg_pct__rise,0.0029623061418533325
injected,cu01_local_hum_avg_pct__fall,0.5,60.0,8,False,False,0,False,,cu01_local_hum_avg_pct__rise,0.006270475685596466
injected,cu01_local_hum_avg_pct__fall,0.5,60.0,9,False,False,0,False,,cu01_local_hum_avg_pct__rise,0.0046776533126831055
injected,cu01_local_hum_avg_pct__fall,0.5,60.0,10,False,True,0,False,,cu01_local_hum_avg_pct__fall,0.004065029323101044
injected,cu01_local_hum_avg_pct__fall,0.5,60.0,11,False,True,0,False,,cu01_local_hum_avg_pct__fall,0.0026114396750926976
injected,cu01_local_hum_avg_pct__fall,0.5,60.0,12,False,True,0,False,,cu01_local_hum_avg_pct__fall,0.01205977238714695
injected,cu01_local_hum_avg_pct__fall,0.5,60.0,13,False,False,0,False,,cu01_local_hum_avg_pct__rise,0.0029623061418533325
injected,cu01_local_hum_avg_pct__fall,0.5,60.0,14,False,True,0,False,,cu01_local_hum_avg_pct__fall,0.008062400855123998
injected,cu01_local_hum_avg_pct__fall,0.5,60.0,15,False,False,0,False,,cu01_local_hum_avg_pct__rise,0.011327922344207764
injected,cu01_local_hum_avg_pct__fall,0.5,60.0,16,False,True,0,False,,cu01_local_hum_avg_pct__fall,0.008062400855123998
injected,cu01_local_hum_avg_pct__fall,0.5,60.0,17,False,False,0,False,,cu01_local_hum_avg_pct__rise,0.011327922344207764
injected,cu01_local_hum_avg_pct__fall,0.5,60.0,18,False,False,0,False,,cu01_local_hum_avg_pct__rise,0.0029623061418533325
injected,cu01_local_hum_avg_pct__fall,0.5,60.0,19,False,True,0,False,,cu01_local_hum_avg_pct__fall,0.0064697265625
injected,cu01_local_hum_avg_pct__fall,0.5,60.0,20,False,True,0,False,,cu01_local_hum_avg_pct__fall,0.004065029323101044
injected,cu01_local_hum_avg_pct__fall,0.5,60.0,21,False,False,0,False,,cu01_local_hum_avg_pct__rise,0.007316648960113525
injected,cu01_local_hum_avg_pct__fall,0.5,60.0,22,False,False,0,False,,cu01_local_hum_avg_pct__rise,0.0029623061418533325
injected,cu01_local_hum_avg_pct__fall,0.5,60.0,23,False,True,0,False,,cu01_local_hum_avg_pct__fall,0.008062400855123998
injected,cu01_local_hum_avg_pct__fall,0.5,60.0,24,False,False,0,False,,cu01_local_hum_avg_pct__rise,0.014479637145996094
injected,cu01_local_hum_avg_pct__fall,0.5,60.0,25,False,False,0,False,,cu01_local_hum_avg_pct__rise,0.007316648960113525
injected,cu01_local_hum_avg_pct__fall,0.5,60.0,26,False,True,0,False,,cu01_local_hum_avg_pct__fall,0.005336920265108347
injected,cu01_local_hum_avg_pct__fall,0.5,60.0,27,False,True,0,False,,cu01_local_hum_avg_pct__fall,0.021386972628533847
injected,cu01_local_hum_avg_pct__fall,0.5,60.0,28,False,True,0,False,,cu01_local_hum_avg_pct__fall,0.008062400855123998
injected,cu01_local_hum_avg_pct__fall,0.5,60.0,29,False,False,0,False,,cu01_local_hum_avg_pct__rise,0.007316648960113525
injected,cu01_local_hum_avg_pct__fall,0.5,60.0,30,False,True,0,False,,cu01_local_hum_avg_pct__fall,0.004065029323101044
injected,cu01_local_hum_avg_pct__fall,0.5,60.0,31,False,True,0,False,,cu01_local_hum_avg_pct__fall,0.0095786452293396
injected,cu01_local_hum_avg_pct__fall,0.5,60.0,32,False,True,0,False,,cu01_local_hum_avg_pct__fall,0.0026114396750926976
injected,cu01_local_hum_avg_pct__fall,0.5,60.0,33,False,False,0,False,,cu01_local_hum_avg_pct__rise,0.011327922344207764
injected,cu01_local_hum_avg_pct__fall,0.5,60.0,34,False,False,0,False,,cu01_local_hum_avg_pct__rise,0.0095786452293396
injected,cu01_local_hum_avg_pct__fall,0.5,60.0,35,False,False,0,False,,cu01_local_hum_avg_pct__rise,0.011327922344207764
injected,cu01_local_hum_avg_pct__fall,0.5,60.0,36,False,True,0,False,,cu01_local_hum_avg_pct__fall,0.0026114396750926976
injected,cu01_local_hum_avg_pct__fall,0.5,60.0,37,False,False,0,False,,cu01_local_hum_avg_pct__rise,0.003305375576019287
injected,cu01_local_hum_avg_pct__fall,0.5,60.0,38,False,False,0,False,,cu01_local_hum_avg_pct__rise,0.006270475685596466
injected,cu01_local_hum_avg_pct__fall,0.5,60.0,39,False,True,0,False,,cu01_local_hum_avg_pct__fall,0.003692626953125
injected,cu01_local_hum_avg_pct__fall,0.5,60.0,40,False,False,0,False,,cu01_local_hum_avg_pct__rise,0.006270475685596466
injected,cu01_local_hum_avg_pct__fall,0.5,60.0,41,False,True,0,False,,cu01_local_hum_avg_pct__fall,0.0026114396750926976
injected,cu01_local_hum_avg_pct__fall,0.5,60.0,42,False,True,0,False,,cu01_local_hum_avg_pct__fall,0.005336920265108347
injected,cu01_local_hum_avg_pct__fall,0.5,60.0,43,False,True,0,False,,cu01_local_hum_avg_pct__fall,0.005336920265108347
injected,cu01_local_hum_avg_pct__fall,0.5,60.0,44,False,False,0,False,,cu01_local_hum_avg_pct__rise,0.0095786452293396
injected,cu01_local_hum_avg_pct__fall,0.5,60.0,45,False,False,0,False,,cu01_local_hum_avg_pct__rise,0.0029623061418533325
injected,cu01_local_hum_avg_pct__fall,0.5,60.0,46,False,True,0,False,,cu01_local_hum_avg_pct__fall,0.01205977238714695
injected,cu01_local_hum_avg_pct__fall,0.5,60.0,47,False,False,0,False,,cu01_local_hum_avg_pct__rise,0.007316648960113525
injected,cu01_local_hum_avg_pct__fall,0.5,60.0,48,False,True,0,False,,cu01_local_hum_avg_pct__fall,0.004065029323101044
injected,cu01_local_hum_avg_pct__fall,0.5,60.0,49,False,False,0,False,,cu01_local_hum_avg_pct__rise,0.007316648960113525
injected,cu01_local_hum_avg_pct__fall,1.0,15.0,0,True,True,1,False,cu01_local_hum_avg_pct__fall,cu01_local_hum_avg_pct__fall,9.756279177963734e-05
injected,cu01_local_hum_avg_pct__fall,1.0,15.0,1,True,True,2,True,cu01_local_hum_avg_pct__fall;cu01_local_hum_avg_pct__rise,cu01_local_hum_avg_pct__fall,6.456742994487286e-06
injected,cu01_local_hum_avg_pct__fall,1.0,15.0,2,True,True,1,False,cu01_local_hum_avg_pct__fall,cu01_local_hum_avg_pct__fall,0.0007154531776905061
injected,cu01_local_hum_avg_pct__fall,1.0,15.0,3,True,True,1,False,cu01_local_hum_avg_pct__fall,cu01_local_hum_avg_pct__fall,1.1360680218786001e-07
injected,cu01_local_hum_avg_pct__fall,1.0,15.0,4,True,True,1,False,cu01_local_hum_avg_pct__fall,cu01_local_hum_avg_pct__fall,1.2780074030160904e-06
injected,cu01_local_hum_avg_pct__fall,1.0,15.0,5,True,True,1,False,cu01_local_hum_avg_pct__fall,cu01_local_hum_avg_pct__fall,3.8300640881061554e-07
injected,cu01_local_hum_avg_pct__fall,1.0,15.0,6,True,True,1,False,cu01_local_hum_avg_pct__fall,cu01_local_hum_avg_pct__fall,0.00015627557877451181
injected,cu01_local_hum_avg_pct__fall,1.0,15.0,7,True,True,1,False,cu01_local_hum_avg_pct__fall,cu01_local_hum_avg_pct__fall,1.697661355137825e-05
injected,cu01_local_hum_avg_pct__fall,1.0,15.0,8,True,True,2,True,cu01_local_hum_avg_pct__fall;cu01_local_hum_avg_pct__rise,cu01_local_hum_avg_pct__fall,3.480084706097841e-05
injected,cu01_local_hum_avg_pct__fall,1.0,15.0,9,True,True,2,True,cu01_local_hum_avg_pct__fall;cu01_local_hum_avg_pct__rise,cu01_local_hum_avg_pct__fall,2.127981133526191e-06
injected,cu01_local_hum_avg_pct__fall,1.0,15.0,10,True,True,1,False,cu01_local_hum_avg_pct__fall,cu01_local_hum_avg_pct__fall,3.338936949148774e-08
injected,cu01_local_hum_avg_pct__fall,1.0,15.0,11,True,True,1,False,cu01_local_hum_avg_pct__fall,cu01_local_hum_avg_pct__fall,1.6765807231422514e-07
injected,cu01_local_hum_avg_pct__fall,1.0,15.0,12,True,True,1,False,cu01_local_hum_avg_pct__fall,cu01_local_hum_avg_pct__fall,7.005874067544937e-07
injected,cu01_local_hum_avg_pct__fall,1.0,15.0,13,True,True,2,True,cu01_local_hum_avg_pct__fall;cu01_local_hum_avg_pct__rise,cu01_local_hum_avg_pct__fall,2.1138511328899767e-05
injected,cu01_local_hum_avg_pct__fall,1.0,15.0,14,True,True,1,False,cu01_local_hum_avg_pct__fall,cu01_local_hum_avg_pct__fall,3.0192677513696253e-07
injected,cu01_local_hum_avg_pct__fall,1.0,15.0,15,True,True,1,False,cu01_local_hum_avg_pct__fall,cu01_local_hum_avg_pct__fall,1.4144388842396438e-06
injected,cu01_local_hum_avg_pct__fall,1.0,15.0,16,True,True,1,False,cu01_local_hum_avg_pct__fall,cu01_local_hum_avg_pct__fall,2.127981133526191e-06
injected,cu01_local_hum_avg_pct__fall,1.0,15.0,17,True,True,1,False,cu01_local_hum_avg_pct__fall,cu01_local_hum_avg_pct__fall,0.0002359933714615181
injected,cu01_local_hum_avg_pct__fall,1.0,15.0,18,True,True,1,False,cu01_local_hum_avg_pct__fall,cu01_local_hum_avg_pct__fall,9.609758853912354e-05
injected,cu01_local_hum_avg_pct__fall,1.0,15.0,19,True,True,2,True,cu01_local_hum_avg_pct__fall;cu01_local_hum_avg_pct__rise,cu01_local_hum_avg_pct__fall,1.7327256500720978e-06
injected,cu01_local_hum_avg_pct__fall,1.0,15.0,20,True,True,1,False,cu01_local_hum_avg_pct__fall,cu01_local_hum_avg_pct__fall,3.0192677513696253e-07
injected,cu01_local_hum_avg_pct__fall,1.0,15.0,21,True,True,1,False,cu01_local_hum_avg_pct__fall,cu01_local_hum_avg_pct__fall,9.707873687148094e-07
injected,cu01_local_hum_avg_pct__fall,1.0,15.0,22,True,True,2,True,cu01_local_hum_avg_pct__fall;cu01_local_hum_avg_pct__rise,cu01_local_hum_avg_pct__fall,4.182292286714073e-06
injected,cu01_local_hum_avg_pct__fall,1.0,15.0,23,True,True,1,False,cu01_local_hum_avg_pct__fall,cu01_local_hum_avg_pct__fall,2.127981133526191e-06
injected,cu01_local_hum_avg_pct__fall,1.0,15.0,24,True,True,1,False,cu01_local_hum_avg_pct__fall,cu01_local_hum_avg_pct__fall,3.480084706097841e-05
injected,cu01_local_hum_avg_pct__fall,1.0,15.0,25,True,True,1,False,cu01_local_hum_avg_pct__fall,cu01_local_hum_avg_pct__fall,1.1180760338902473e-05
injected,cu01_local_hum_avg_pct__fall,1.0,15.0,26,True,True,1,False,cu01_local_hum_avg_pct__fall,cu01_local_hum_avg_pct__fall,3.0192677513696253e-07
injected,cu01_local_hum_avg_pct__fall,1.0,15.0,27,True,True,1,False,cu01_local_hum_avg_pct__fall,cu01_local_hum_avg_pct__fall,2.1138511328899767e-05
injected,cu01_local_hum_avg_pct__fall,1.0,15.0,28,True,True,2,True,cu01_local_hum_avg_pct__fall;cu01_local_hum_avg_pct__rise,cu01_local_hum_avg_pct__fall,9.707873687148094e-07
injected,cu01_local_hum_avg_pct__fall,1.0,15.0,29,True,True,1,False,cu01_local_hum_avg_pct__fall,cu01_local_hum_avg_pct__fall,2.4616718292236328e-05
injected,cu01_local_hum_avg_pct__fall,1.0,15.0,30,True,True,1,False,cu01_local_hum_avg_pct__fall,cu01_local_hum_avg_pct__fall,1.1360680218786001e-07
injected,cu01_local_hum_avg_pct__fall,1.0,15.0,31,True,True,2,True,cu01_local_hum_avg_pct__fall;cu01_local_hum_avg_pct__rise,cu01_local_hum_avg_pct__fall,1.7327256500720978e-06
injected,cu01_local_hum_avg_pct__fall,1.0,15.0,32,True,True,1,False,cu01_local_hum_avg_pct__fall,cu01_local_hum_avg_pct__fall,1.1360680218786001e-07
injected,cu01_local_hum_avg_pct__fall,1.0,15.0,33,True,True,1,False,cu01_local_hum_avg_pct__fall,cu01_local_hum_avg_pct__fall,5.421970854513347e-07
injected,cu01_local_hum_avg_pct__fall,1.0,15.0,34,True,True,1,False,cu01_local_hum_avg_pct__fall,cu01_local_hum_avg_pct__fall,3.480084706097841e-05
injected,cu01_local_hum_avg_pct__fall,1.0,15.0,35,True,True,1,False,cu01_local_hum_avg_pct__fall,cu01_local_hum_avg_pct__fall,6.456742994487286e-06
injected,cu01_local_hum_avg_pct__fall,1.0,15.0,36,True,True,1,False,cu01_local_hum_avg_pct__fall,cu01_local_hum_avg_pct__fall,2.2168524083099328e-07
injected,cu01_local_hum_avg_pct__fall,1.0,15.0,37,True,True,1,False,cu01_local_hum_avg_pct__fall,cu01_local_hum_avg_pct__fall,3.08244489133358e-06
injected,cu01_local_hum_avg_pct__fall,1.0,15.0,38,True,True,1,False,cu01_local_hum_avg_pct__fall,cu01_local_hum_avg_pct__fall,3.7137651816010475e-06
injected,cu01_local_hum_avg_pct__fall,1.0,15.0,39,True,True,2,True,cu01_local_hum_avg_pct__fall;cu01_local_hum_avg_pct__rise,cu01_local_hum_avg_pct__fall,7.005874067544937e-07
injected,cu01_local_hum_avg_pct__fall,1.0,15.0,40,True,True,1,False,cu01_local_hum_avg_pct__fall,cu01_local_hum_avg_pct__fall,6.91306013322901e-07
injected,cu01_local_hum_avg_pct__fall,1.0,15.0,41,True,True,2,True,cu01_local_hum_avg_pct__fall;cu01_local_hum_avg_pct__rise,cu01_local_hum_avg_pct__fall,1.1360680218786001e-07
injected,cu01_local_hum_avg_pct__fall,1.0,15.0,42,True,True,1,False,cu01_local_hum_avg_pct__fall,cu01_local_hum_avg_pct__fall,1.6765807231422514e-07
injected,cu01_local_hum_avg_pct__fall,1.0,15.0,43,True,True,1,False,cu01_local_hum_avg_pct__fall,cu01_local_hum_avg_pct__fall,2.127981133526191e-06
injected,cu01_local_hum_avg_pct__fall,1.0,15.0,44,True,True,2,True,cu01_local_hum_avg_pct__fall;cu01_local_hum_avg_pct__rise,cu01_local_hum_avg_pct__fall,1.2171280104666948e-05
injected,cu01_local_hum_avg_pct__fall,1.0,15.0,45,True,True,1,False,cu01_local_hum_avg_pct__fall,cu01_local_hum_avg_pct__fall,3.8300640881061554e-07
injected,cu01_local_hum_avg_pct__fall,1.0,15.0,46,True,True,1,False,cu01_local_hum_avg_pct__fall,cu01_local_hum_avg_pct__fall,5.808350397273898e-05
injected,cu01_local_hum_avg_pct__fall,1.0,15.0,47,True,True,1,False,cu01_local_hum_avg_pct__fall,cu01_local_hum_avg_pct__fall,6.456742994487286e-06
injected,cu01_local_hum_avg_pct__fall,1.0,15.0,48,True,True,1,False,cu01_local_hum_avg_pct__fall,cu01_local_hum_avg_pct__fall,3.08244489133358e-06
injected,cu01_local_hum_avg_pct__fall,1.0,15.0,49,True,True,1,False,cu01_local_hum_avg_pct__fall,cu01_local_hum_avg_pct__fall,1.7327256500720978e-06
injected,cu01_local_hum_avg_pct__fall,1.0,30.0,0,True,True,1,False,cu01_local_hum_avg_pct__fall,cu01_local_hum_avg_pct__fall,4.398822784423828e-05
injected,cu01_local_hum_avg_pct__fall,1.0,30.0,1,True,True,1,False,cu01_local_hum_avg_pct__fall,cu01_local_hum_avg_pct__fall,1.9279075786471367e-05
injected,cu01_local_hum_avg_pct__fall,1.0,30.0,2,True,True,1,False,cu01_local_hum_avg_pct__fall,cu01_local_hum_avg_pct__fall,0.00016245711594820025
injected,cu01_local_hum_avg_pct__fall,1.0,30.0,3,True,True,1,False,cu01_local_hum_avg_pct__fall,cu01_local_hum_avg_pct__fall,1.7327256500720978e-06
injected,cu01_local_hum_avg_pct__fall,1.0,30.0,4,True,True,1,False,cu01_local_hum_avg_pct__fall,cu01_local_hum_avg_pct__fall,5.245208740234375e-06
injected,cu01_local_hum_avg_pct__fall,1.0,30.0,5,True,True,1,False,cu01_local_hum_avg_pct__fall,cu01_local_hum_avg_pct__fall,2.823770046234131e-06
injected,cu01_local_hum_avg_pct__fall,1.0,30.0,6,True,True,1,False,cu01_local_hum_avg_pct__fall,cu01_local_hum_avg_pct__fall,0.0002541302237659693
injected,cu01_local_hum_avg_pct__fall,1.0,30.0,7,True,True,1,False,cu01_local_hum_avg_pct__fall,cu01_local_hum_avg_pct__fall,0.00026676058769226074
injected,cu01_local_hum_avg_pct__fall,1.0,30.0,8,True,True,1,False,cu01_local_hum_avg_pct__fall,cu01_local_hum_avg_pct__fall,0.0002541302237659693
injected,cu01_local_hum_avg_pct__fall,1.0,30.0,9,True,True,1,False,cu01_local_hum_avg_pct__fall,cu01_local_hum_avg_pct__fall,7.618218660354614e-06
injected,cu01_local_hum_avg_pct__fall,1.0,30.0,10,True,True,1,False,cu01_local_hum_avg_pct__fall,cu01_local_hum_avg_pct__fall,4.023313522338867e-07
injected,cu01_local_hum_avg_pct__fall,1.0,30.0,11,True,True,1,False,cu01_local_hum_avg_pct__fall,cu01_local_hum_avg_pct__fall,8.121132850646973e-07
injected,cu01_local_hum_avg_pct__fall,1.0,30.0,12,True,True,1,False,cu01_local_hum_avg_pct__fall,cu01_local_hum_avg_pct__fall,5.653710104525089e-05
injected,cu01_local_hum_avg_pct__fall,1.0,30.0,13,True,True,1,False,cu01_local_hum_avg_pct__fall,cu01_local_hum_avg_pct__fall,3.480084706097841e-05
injected,cu01_local_hum_avg_pct__fall,1.0,30.0,14,True,True,1,False,cu01_local_hum_avg_pct__fall,cu01_local_hum_avg_pct__fall,2.086162567138672e-07
injected,cu01_local_hum_avg_pct__fall,1.0,30.0,15,True,True,1,False,cu01_local_hum_avg_pct__fall,cu01_local_hum_avg_pct__fall,4.215165972709656e-06
injected,cu01_local_hum_avg_pct__fall,1.0,30.0,16,True,True,1,False,cu01_local_hum_avg_pct__fall,cu01_local_hum_avg_pct__fall,1.697661355137825e-05
injected,cu01_local_hum_avg_pct__fall,1.0,30.0,17,True,True,1,False,cu01_local_hum_avg_pct__fall,cu01_local_hum_avg_pct__fall,0.0002541302237659693
injected,cu01_local_hum_avg_pct__fall,1.0,30.0,18,True,True,1,False,cu01_local_hum_avg_pct__fall,cu01_local_hum_avg_pct__fall,0.0001385807991027832
injected,cu01_local_hum_avg_pct__fall,1.0,30.0,19,True,True,1,False,cu01_local_hum_avg_pct__fall,cu01_local_hum_avg_pct__fall,7.618218660354614e-06
injected,cu01_local_hum_avg_pct__fall,1.0,30.0,20,True,True,1,False,cu01_local_hum_avg_pct__fall,cu01_local_hum_avg_pct__fall,1.0803341865539551e-07
injected,cu01_local_hum_avg_pct__fall,1.0,30.0,21,True,True,1,False,cu01_local_hum_avg_pct__fall,cu01_local_hum_avg_pct__fall,1.9279075786471367e-05
injected,cu01_local_hum_avg_pct__fall,1.0,30.0,22,True,True,1,False,cu01_local_hum_avg_pct__fall,cu01_local_hum_avg_pct__fall,6.456742994487286e-06
injected,cu01_local_hum_avg_pct__fall,1.0,30.0,23,True,True,1,False,cu01_local_hum_avg_pct__fall,cu01_local_hum_avg_pct__fall,4.215165972709656e-06
injected,cu01_local_hum_avg_pct__fall,1.0,30.0,24,True,True,1,False,cu01_local_hum_avg_pct__fall,cu01_local_hum_avg_pct__fall,0.0004389551468193531
injected,cu01_local_hum_avg_pct__fall,1.0,30.0,25,True,True,1,False,cu01_local_hum_avg_pct__fall,cu01_local_hum_avg_pct__fall,9.609758853912354e-05
injected,cu01_local_hum_avg_pct__fall,1.0,30.0,26,True,True,1,False,cu01_local_hum_avg_pct__fall,cu01_local_hum_avg_pct__fall,2.823770046234131e-06
injected,cu01_local_hum_avg_pct__fall,1.0,30.0,27,True,True,1,False,cu01_local_hum_avg_pct__fall,cu01_local_hum_avg_pct__fall,3.480084706097841e-05
injected,cu01_local_hum_avg_pct__fall,1.0,30.0,28,True,True,1,False,cu01_local_hum_avg_pct__fall,cu01_local_hum_avg_pct__fall,2.086162567138672e-07
injected,cu01_local_hum_avg_pct__fall,1.0,30.0,29,True,True,1,False,cu01_local_hum_avg_pct__fall,cu01_local_hum_avg_pct__fall,2.4616718292236328e-05
injected,cu01_local_hum_avg_pct__fall,1.0,30.0,30,True,True,1,False,cu01_local_hum_avg_pct__fall,cu01_local_hum_avg_pct__fall,2.823770046234131e-06
injected,cu01_local_hum_avg_pct__fall,1.0,30.0,31,True,True,1,False,cu01_local_hum_avg_pct__fall,cu01_local_hum_avg_pct__fall,2.4616718292236328e-05
injected,cu01_local_hum_avg_pct__fall,1.0,30.0,32,True,True,1,False,cu01_local_hum_avg_pct__fall,cu01_local_hum_avg_pct__fall,1.0803341865539551e-07
injected,cu01_local_hum_avg_pct__fall,1.0,30.0,33,True,True,1,False,cu01_local_hum_avg_pct__fall,cu01_local_hum_avg_pct__fall,1.1180760338902473e-05
injected,cu01_local_hum_avg_pct__fall,1.0,30.0,34,True,True,1,False,cu01_local_hum_avg_pct__fall,cu01_local_hum_avg_pct__fall,3.480084706097841e-05
injected,cu01_local_hum_avg_pct__fall,1.0,30.0,35,True,True,1,False,cu01_local_hum_avg_pct__fall,cu01_local_hum_avg_pct__fall,2.9738061130046848e-05
injected,cu01_local_hum_avg_pct__fall,1.0,30.0,36,True,True,1,False,cu01_local_hum_avg_pct__fall,cu01_local_hum_avg_pct__fall,4.33996319770813e-07
injected,cu01_local_hum_avg_pct__fall,1.0,30.0,37,True,True,1,False,cu01_local_hum_avg_pct__fall,cu01_local_hum_avg_pct__fall,3.309384919703007e-05
injected,cu01_local_hum_avg_pct__fall,1.0,30.0,38,True,True,1,False,cu01_local_hum_avg_pct__fall,cu01_local_hum_avg_pct__fall,3.480084706097841e-05
injected,cu01_local_hum_avg_pct__fall,1.0,30.0,39,True,True,1,False,cu01_local_hum_avg_pct__fall,cu01_local_hum_avg_pct__fall,1.0803341865539551e-07
injected,cu01_local_hum_avg_pct__fall,1.0,30.0,40,True,True,1,False,cu01_local_hum_avg_pct__fall,cu01_local_hum_avg_pct__fall,1.2171280104666948e-05
injected,cu01_local_hum_avg_pct__fall,1.0,30.0,41,True,True,1,False,cu01_local_hum_avg_pct__fall,cu01_local_hum_avg_pct__fall,5.587935447692871e-08
injected,cu01_local_hum_avg_pct__fall,1.0,30.0,42,True,True,1,False,cu01_local_hum_avg_pct__fall,cu01_local_hum_avg_pct__fall,2.3245811462402344e-06
injected,cu01_local_hum_avg_pct__fall,1.0,30.0,43,True,True,1,False,cu01_local_hum_avg_pct__fall,cu01_local_hum_avg_pct__fall,2.9738061130046848e-05
injected,cu01_local_hum_avg_pct__fall,1.0,30.0,44,True,True,1,False,cu01_local_hum_avg_pct__fall,cu01_local_hum_avg_pct__fall,2.4616718292236328e-05
injected,cu01_local_hum_avg_pct__fall,1.0,30.0,45,True,True,1,False,cu01_local_hum_avg_pct__fall,cu01_local_hum_avg_pct__fall,7.005874067544937e-07
injected,cu01_local_hum_avg_pct__fall,1.0,30.0,46,True,True,1,False,cu01_local_hum_avg_pct__fall,cu01_local_hum_avg_pct__fall,5.1857903599739075e-05
injected,cu01_local_hum_avg_pct__fall,1.0,30.0,47,True,True,1,False,cu01_local_hum_avg_pct__fall,cu01_local_hum_avg_pct__fall,8.999556303024292e-05
injected,cu01_local_hum_avg_pct__fall,1.0,30.0,48,True,True,1,False,cu01_local_hum_avg_pct__fall,cu01_local_hum_avg_pct__fall,1.372024416923523e-05
injected,cu01_local_hum_avg_pct__fall,1.0,30.0,49,True,True,1,False,cu01_local_hum_avg_pct__fall,cu01_local_hum_avg_pct__fall,1.372024416923523e-05
injected,cu01_local_hum_avg_pct__fall,1.0,60.0,0,True,True,1,False,cu01_local_hum_avg_pct__fall,cu01_local_hum_avg_pct__fall,0.0007568597793579102
injected,cu01_local_hum_avg_pct__fall,1.0,60.0,1,False,False,0,False,,cu01_local_hum_avg_pct__rise,0.007316648960113525
injected,cu01_local_hum_avg_pct__fall,1.0,60.0,2,False,True,0,False,,cu01_local_hum_avg_pct__fall,0.0026114396750926976
injected,cu01_local_hum_avg_pct__fall,1.0,60.0,3,True,True,1,False,cu01_local_hum_avg_pct__fall,cu01_local_hum_avg_pct__fall,0.0001553744077682495
injected,cu01_local_hum_avg_pct__fall,1.0,60.0,4,True,True,1,False,cu01_local_hum_avg_pct__fall,cu01_local_hum_avg_pct__fall,0.0001553744077682495
injected,cu01_local_hum_avg_pct__fall,1.0,60.0,5,True,True,1,False,cu01_local_hum_avg_pct__fall,cu01_local_hum_avg_pct__fall,0.0002730563282966614
injected,cu01_local_hum_avg_pct__fall,1.0,60.0,6,False,True,0,False,,cu01_local_hum_avg_pct__fall,0.0067654934246093035
injected,cu01_local_hum_avg_pct__fall,1.0,60.0,7,True,True,1,False,cu01_local_hum_avg_pct__fall,cu01_local_hum_avg_pct__fall,0.0012469589710235596
injected,cu01_local_hum_avg_pct__fall,1.0,60.0,8,False,True,0,False,,cu01_local_hum_avg_pct__fall,0.01205977238714695
injected,cu01_local_hum_avg_pct__fall,1.0,60.0,9,True,True,1,False,cu01_local_hum_avg_pct__fall,cu01_local_hum_avg_pct__fall,0.0002730563282966614
injected,cu01_local_hum_avg_pct__fall,1.0,60.0,10,True,True,1,False,cu01_local_hum_avg_pct__fall,cu01_local_hum_avg_pct__fall,1.372024416923523e-05
injected,cu01_local_hum_avg_pct__fall,1.0,60.0,11,True,True,1,False,cu01_local_hum_avg_pct__fall,cu01_local_hum_avg_pct__fall,0.00016245711594820025
injected,cu01_local_hum_avg_pct__fall,1.0,60.0,12,True,True,1,False,cu01_local_hum_avg_pct__fall,cu01_local_hum_avg_pct__fall,0.0007568597793579102
injected,cu01_local_hum_avg_pct__fall,1.0,60.0,13,True,True,1,False,cu01_local_hum_avg_pct__fall,cu01_local_hum_avg_pct__fall,0.0011578500270843506
injected,cu01_local_hum_avg_pct__fall,1.0,60.0,14,True,True,1,False,cu01_local_hum_avg_pct__fall,cu01_local_hum_avg_pct__fall,8.999556303024292e-05
injected,cu01_local_hum_avg_pct__fall,1.0,60.0,15,True,True,1,False,cu01_local_hum_avg_pct__fall,cu01_local_hum_avg_pct__fall,0.00016245711594820025
injected,cu01_local_hum_avg_pct__fall,1.0,60.0,16,True,True,1,False,cu01_local_hum_avg_pct__fall,cu01_local_hum_avg_pct__fall,0.0004389551468193531
injected,cu01_local_hum_avg_pct__fall,1.0,60.0,17,False,True,0,False,,cu01_local_hum_avg_pct__fall,0.0035001833457499743
injected,cu01_local_hum_avg_pct__fall,1.0,60.0,18,False,True,0,False,,cu01_local_hum_avg_pct__fall,0.0020386576652526855
injected,cu01_local_hum_avg_pct__fall,1.0,60.0,19,True,True,1,False,cu01_local_hum_avg_pct__fall,cu01_local_hum_avg_pct__fall,0.0002730563282966614
injected,cu01_local_hum_avg_pct__fall,1.0,60.0,20,True,True,1,False,cu01_local_hum_avg_pct__fall,cu01_local_hum_avg_pct__fall,1.372024416923523e-05
injected,cu01_local_hum_avg_pct__fall,1.0,60.0,21,True,True,1,False,cu01_local_hum_avg_pct__fall,cu01_local_hum_avg_pct__fall,0.0007568597793579102
injected,cu01_local_hum_avg_pct__fall,1.0,60.0,22,True,True,1,False,cu01_local_hum_avg_pct__fall,cu01_local_hum_avg_pct__fall,0.0002730563282966614
injected,cu01_local_hum_avg_pct__fall,1.0,60.0,23,True,True,1,False,cu01_local_hum_avg_pct__fall,cu01_local_hum_avg_pct__fall,0.00016245711594820025
injected,cu01_local_hum_avg_pct__fall,1.0,60.0,24,False,True,0,False,,cu01_local_hum_avg_pct__fall,0.0035001833457499743
injected,cu01_local_hum_avg_pct__fall,1.0,60.0,25,False,True,0,False,,cu01_local_hum_avg_pct__fall,0.0035001833457499743
injected,cu01_local_hum_avg_pct__fall,1.0,60.0,26,True,True,1,False,cu01_local_hum_avg_pct__fall,cu01_local_hum_avg_pct__fall,5.1857903599739075e-05
injected,cu01_local_hum_avg_pct__fall,1.0,60.0,27,False,True,0,False,,cu01_local_hum_avg_pct__fall,0.0026114396750926976
injected,cu01_local_hum_avg_pct__fall,1.0,60.0,28,True,True,1,False,cu01_local_hum_avg_pct__fall,cu01_local_hum_avg_pct__fall,5.1857903599739075e-05
injected,cu01_local_hum_avg_pct__fall,1.0,60.0,29,True,True,1,False,cu01_local_hum_avg_pct__fall,cu01_local_hum_avg_pct__fall,0.00045611709356307983
injected,cu01_local_hum_avg_pct__fall,1.0,60.0,30,True,True,1,False,cu01_local_hum_avg_pct__fall,cu01_local_hum_avg_pct__fall,0.00045611709356307983
injected,cu01_local_hum_avg_pct__fall,1.0,60.0,31,True,True,1,False,cu01_local_hum_avg_pct__fall,cu01_local_hum_avg_pct__fall,0.00026676058769226074
injected,cu01_local_hum_avg_pct__fall,1.0,60.0,32,True,True,1,False,cu01_local_hum_avg_pct__fall,cu01_local_hum_avg_pct__fall,7.618218660354614e-06
injected,cu01_local_hum_avg_pct__fall,1.0,60.0,33,True,True,1,False,cu01_local_hum_avg_pct__fall,cu01_local_hum_avg_pct__fall,0.0011578500270843506
injected,cu01_local_hum_avg_pct__fall,1.0,60.0,34,False,True,0,False,,cu01_local_hum_avg_pct__fall,0.010030803503468633
injected,cu01_local_hum_avg_pct__fall,1.0,60.0,35,True,True,1,False,cu01_local_hum_avg_pct__fall,cu01_local_hum_avg_pct__fall,0.0010512007866054773
injected,cu01_local_hum_avg_pct__fall,1.0,60.0,36,True,True,1,False,cu01_local_hum_avg_pct__fall,cu01_local_hum_avg_pct__fall,2.9738061130046848e-05
injected,cu01_local_hum_avg_pct__fall,1.0,60.0,37,True,True,1,False,cu01_local_hum_avg_pct__fall,cu01_local_hum_avg_pct__fall,0.00026676058769226074
injected,cu01_local_hum_avg_pct__fall,1.0,60.0,38,True,True,1,False,cu01_local_hum_avg_pct__fall,cu01_local_hum_avg_pct__fall,0.0012469589710235596
injected,cu01_local_hum_avg_pct__fall,1.0,60.0,39,True,True,1,False,cu01_local_hum_avg_pct__fall,cu01_local_hum_avg_pct__fall,5.1857903599739075e-05
injected,cu01_local_hum_avg_pct__fall,1.0,60.0,40,True,True,1,False,cu01_local_hum_avg_pct__fall,cu01_local_hum_avg_pct__fall,0.0007154531776905061
injected,cu01_local_hum_avg_pct__fall,1.0,60.0,41,True,True,1,False,cu01_local_hum_avg_pct__fall,cu01_local_hum_avg_pct__fall,2.9738061130046848e-05
injected,cu01_local_hum_avg_pct__fall,1.0,60.0,42,True,True,1,False,cu01_local_hum_avg_pct__fall,cu01_local_hum_avg_pct__fall,0.0002675263676792383
injected,cu01_local_hum_avg_pct__fall,1.0,60.0,43,True,True,1,False,cu01_local_hum_avg_pct__fall,cu01_local_hum_avg_pct__fall,0.0004389551468193531
injected,cu01_local_hum_avg_pct__fall,1.0,60.0,44,True,True,1,False,cu01_local_hum_avg_pct__fall,cu01_local_hum_avg_pct__fall,0.0007568597793579102
injected,cu01_local_hum_avg_pct__fall,1.0,60.0,45,True,True,1,False,cu01_local_hum_avg_pct__fall,cu01_local_hum_avg_pct__fall,0.0002730563282966614
injected,cu01_local_hum_avg_pct__fall,1.0,60.0,46,True,True,1,False,cu01_local_hum_avg_pct__fall,cu01_local_hum_avg_pct__fall,0.0011578500270843506
injected,cu01_local_hum_avg_pct__fall,1.0,60.0,47,False,True,0,False,,cu01_local_hum_avg_pct__fall,0.0018595829606056213
injected,cu01_local_hum_avg_pct__fall,1.0,60.0,48,True,True,1,False,cu01_local_hum_avg_pct__fall,cu01_local_hum_avg_pct__fall,0.00016245711594820025
injected,cu01_local_hum_avg_pct__fall,1.0,60.0,49,True,True,1,False,cu01_local_hum_avg_pct__fall,cu01_local_hum_avg_pct__fall,0.0007154531776905061
injected,cu01_local_hum_avg_pct__rise,0.5,15.0,0,True,True,1,False,cu01_local_hum_avg_pct__rise,cu01_local_hum_avg_pct__rise,9.609758853912354e-05
injected,cu01_local_hum_avg_pct__rise,0.5,15.0,1,True,True,1,False,cu01_local_hum_avg_pct__rise,cu01_local_hum_avg_pct__rise,1.9279075786471367e-05
injected,cu01_local_hum_avg_pct__rise,0.5,15.0,2,True,True,1,False,cu01_local_hum_avg_pct__rise,cu01_local_hum_avg_pct__rise,0.0002541302237659693
injected,cu01_local_hum_avg_pct__rise,0.5,15.0,3,True,True,1,False,cu01_local_hum_avg_pct__rise,cu01_local_hum_avg_pct__rise,3.480084706097841e-05
injected,cu01_local_hum_avg_pct__rise,0.5,15.0,4,True,True,1,False,cu01_local_hum_avg_pct__rise,cu01_local_hum_avg_pct__rise,9.609758853912354e-05
injected,cu01_local_hum_avg_pct__rise,0.5,15.0,5,True,True,1,False,cu01_local_hum_avg_pct__rise,cu01_local_hum_avg_pct__rise,6.456742994487286e-06
injected,cu01_local_hum_avg_pct__rise,0.5,15.0,6,True,True,1,False,cu01_local_hum_avg_pct__rise,cu01_local_hum_avg_pct__rise,9.609758853912354e-05
injected,cu01_local_hum_avg_pct__rise,0.5,15.0,7,True,True,1,False,cu01_local_hum_avg_pct__rise,cu01_local_hum_avg_pct__rise,2.9738061130046848e-05
injected,cu01_local_hum_avg_pct__rise,0.5,15.0,8,True,True,1,False,cu01_local_hum_avg_pct__rise,cu01_local_hum_avg_pct__rise,9.609758853912354e-05
injected,cu01_local_hum_avg_pct__rise,0.5,15.0,9,True,True,1,False,cu01_local_hum_avg_pct__rise,cu01_local_hum_avg_pct__rise,1.1180760338902473e-05
injected,cu01_local_hum_avg_pct__rise,0.5,15.0,10,True,True,1,False,cu01_local_hum_avg_pct__rise,cu01_local_hum_avg_pct__rise,3.08244489133358e-06
injected,cu01_local_hum_avg_pct__rise,0.5,15.0,11,True,True,1,False,cu01_local_hum_avg_pct__rise,cu01_local_hum_avg_pct__rise,5.842093378305435e-05
injected,cu01_local_hum_avg_pct__rise,0.5,15.0,12,True,True,1,False,cu01_local_hum_avg_pct__rise,cu01_local_hum_avg_pct__rise,0.0001620317343622446
injected,cu01_local_hum_avg_pct__rise,0.5,15.0,13,True,True,1,False,cu01_local_hum_avg_pct__rise,cu01_local_hum_avg_pct__rise,5.842093378305435e-05
injected,cu01_local_hum_avg_pct__rise,0.5,15.0,14,True,True,1,False,cu01_local_hum_avg_pct__rise,cu01_local_hum_avg_pct__rise,3.309384919703007e-05
injected,cu01_local_hum_avg_pct__rise,0.5,15.0,15,True,True,1,False,cu01_local_hum_avg_pct__rise,cu01_local_hum_avg_pct__rise,3.08244489133358e-06
injected,cu01_local_hum_avg_pct__rise,0.5,15.0,16,True,True,1,False,cu01_local_hum_avg_pct__rise,cu01_local_hum_avg_pct__rise,3.309384919703007e-05
injected,cu01_local_hum_avg_pct__rise,0.5,15.0,17,True,True,1,False,cu01_local_hum_avg_pct__rise,cu01_local_hum_avg_pct__rise,9.609758853912354e-05
injected,cu01_local_hum_avg_pct__rise,0.5,15.0,18,True,True,1,False,cu01_local_hum_avg_pct__rise,cu01_local_hum_avg_pct__rise,5.653710104525089e-05
injected,cu01_local_hum_avg_pct__rise,0.5,15.0,19,True,True,1,False,cu01_local_hum_avg_pct__rise,cu01_local_hum_avg_pct__rise,1.9279075786471367e-05
injected,cu01_local_hum_avg_pct__rise,0.5,15.0,20,True,True,1,False,cu01_local_hum_avg_pct__rise,cu01_local_hum_avg_pct__rise,6.456742994487286e-06
injected,cu01_local_hum_avg_pct__rise,0.5,15.0,21,True,True,1,False,cu01_local_hum_avg_pct__rise,cu01_local_hum_avg_pct__rise,2.9738061130046848e-05
injected,cu01_local_hum_avg_pct__rise,0.5,15.0,22,True,True,1,False,cu01_local_hum_avg_pct__rise,cu01_local_hum_avg_pct__rise,1.9279075786471367e-05
injected,cu01_local_hum_avg_pct__rise,0.5,15.0,23,True,True,1,False,cu01_local_hum_avg_pct__rise,cu01_local_hum_avg_pct__rise,3.7137651816010475e-06
injected,cu01_local_hum_avg_pct__rise,0.5,15.0,24,True,True,1,False,cu01_local_hum_avg_pct__rise,cu01_local_hum_avg_pct__rise,2.9738061130046848e-05
injected,cu01_local_hum_avg_pct__rise,0.5,15.0,25,True,True,1,False,cu01_local_hum_avg_pct__rise,cu01_local_hum_avg_pct__rise,0.0004389551468193531
injected,cu01_local_hum_avg_pct__rise,0.5,15.0,26,True,True,1,False,cu01_local_hum_avg_pct__rise,cu01_local_hum_avg_pct__rise,3.309384919703007e-05
injected,cu01_local_hum_avg_pct__rise,0.5,15.0,27,True,True,1,False,cu01_local_hum_avg_pct__rise,cu01_local_hum_avg_pct__rise,6.456742994487286e-06
injected,cu01_local_hum_avg_pct__rise,0.5,15.0,28,True,True,1,False,cu01_local_hum_avg_pct__rise,cu01_local_hum_avg_pct__rise,3.480084706097841e-05
injected,cu01_local_hum_avg_pct__rise,0.5,15.0,29,True,True,1,False,cu01_local_hum_avg_pct__rise,cu01_local_hum_avg_pct__rise,8.999556303024292e-05
injected,cu01_local_hum_avg_pct__rise,0.5,15.0,30,True,True,1,False,cu01_local_hum_avg_pct__rise,cu01_local_hum_avg_pct__rise,1.9279075786471367e-05
injected,cu01_local_hum_avg_pct__rise,0.5,15.0,31,True,True,1,False,cu01_local_hum_avg_pct__rise,cu01_local_hum_avg_pct__rise,6.456742994487286e-06
injected,cu01_local_hum_avg_pct__rise,0.5,15.0,32,True,True,1,False,cu01_local_hum_avg_pct__rise,cu01_local_hum_avg_pct__rise,5.842093378305435e-05
injected,cu01_local_hum_avg_pct__rise,0.5,15.0,33,True,True,1,False,cu01_local_hum_avg_pct__rise,cu01_local_hum_avg_pct__rise,5.653710104525089e-05
injected,cu01_local_hum_avg_pct__rise,0.5,15.0,34,True,True,1,False,cu01_local_hum_avg_pct__rise,cu01_local_hum_avg_pct__rise,9.609758853912354e-05
injected,cu01_local_hum_avg_pct__rise,0.5,15.0,35,True,True,1,False,cu01_local_hum_avg_pct__rise,cu01_local_hum_avg_pct__rise,3.08244489133358e-06
injected,cu01_local_hum_avg_pct__rise,0.5,15.0,36,True,True,1,False,cu01_local_hum_avg_pct__rise,cu01_local_hum_avg_pct__rise,3.08244489133358e-06
injected,cu01_local_hum_avg_pct__rise,0.5,15.0,37,True,True,1,False,cu01_local_hum_avg_pct__rise,cu01_local_hum_avg_pct__rise,3.309384919703007e-05
injected,cu01_local_hum_avg_pct__rise,0.5,15.0,38,True,True,1,False,cu01_local_hum_avg_pct__rise,cu01_local_hum_avg_pct__rise,9.756279177963734e-05
injected,cu01_local_hum_avg_pct__rise,0.5,15.0,39,True,True,1,False,cu01_local_hum_avg_pct__rise,cu01_local_hum_avg_pct__rise,1.9279075786471367e-05
injected,cu01_local_hum_avg_pct__rise,0.5,15.0,40,True,True,1,False,cu01_local_hum_avg_pct__rise,cu01_local_hum_avg_pct__rise,5.653710104525089e-05
injected,cu01_local_hum_avg_pct__rise,0.5,15.0,41,True,True,1,False,cu01_local_hum_avg_pct__rise,cu01_local_hum_avg_pct__rise,2.062879502773285e-05
injected,cu01_local_hum_avg_pct__rise,0.5,15.0,42,True,True,1,False,cu01_local_hum_avg_pct__rise,cu01_local_hum_avg_pct__rise,1.9279075786471367e-05
injected,cu01_local_hum_avg_pct__rise,0.5,15.0,43,True,True,1,False,cu01_local_hum_avg_pct__rise,cu01_local_hum_avg_pct__rise,6.456742994487286e-06
injected,cu01_local_hum_avg_pct__rise,0.5,15.0,44,True,True,1,False,cu01_local_hum_avg_pct__rise,cu01_local_hum_avg_pct__rise,5.842093378305435e-05
injected,cu01_local_hum_avg_pct__rise,0.5,15.0,45,True,True,1,False,cu01_local_hum_avg_pct__rise,cu01_local_hum_avg_pct__rise,5.653710104525089e-05
injected,cu01_local_hum_avg_pct__rise,0.5,15.0,46,True,True,1,False,cu01_local_hum_avg_pct__rise,cu01_local_hum_avg_pct__rise,0.0001620317343622446
injected,cu01_local_hum_avg_pct__rise,0.5,15.0,47,True,True,1,False,cu01_local_hum_avg_pct__rise,cu01_local_hum_avg_pct__rise,2.9738061130046848e-05
injected,cu01_local_hum_avg_pct__rise,0.5,15.0,48,True,True,1,False,cu01_local_hum_avg_pct__rise,cu01_local_hum_avg_pct__rise,3.309384919703007e-05
injected,cu01_local_hum_avg_pct__rise,0.5,15.0,49,True,True,1,False,cu01_local_hum_avg_pct__rise,cu01_local_hum_avg_pct__rise,3.309384919703007e-05
injected,cu01_local_hum_avg_pct__rise,0.5,30.0,0,True,True,1,False,cu01_local_hum_avg_pct__rise,cu01_local_hum_avg_pct__rise,0.0002675263676792383
injected,cu01_local_hum_avg_pct__rise,0.5,30.0,1,True,True,1,False,cu01_local_hum_avg_pct__rise,cu01_local_hum_avg_pct__rise,0.0004389551468193531
injected,cu01_local_hum_avg_pct__rise,0.5,30.0,2,True,True,1,False,cu01_local_hum_avg_pct__rise,cu01_local_hum_avg_pct__rise,0.0004106976557523012
injected,cu01_local_hum_avg_pct__rise,0.5,30.0,3,True,True,1,False,cu01_local_hum_avg_pct__rise,cu01_local_hum_avg_pct__rise,5.653710104525089e-05
injected,cu01_local_hum_avg_pct__rise,0.5,30.0,4,True,True,1,False,cu01_local_hum_avg_pct__rise,cu01_local_hum_avg_pct__rise,0.0004389551468193531
injected,cu01_local_hum_avg_pct__rise,0.5,30.0,5,True,True,1,False,cu01_local_hum_avg_pct__rise,cu01_local_hum_avg_pct__rise,0.00045611709356307983
injected,cu01_local_hum_avg_pct__rise,0.5,30.0,6,True,True,1,False,cu01_local_hum_avg_pct__rise,cu01_local_hum_avg_pct__rise,0.0002675263676792383
injected,cu01_local_hum_avg_pct__rise,0.5,30.0,7,True,True,1,False,cu01_local_hum_avg_pct__rise,cu01_local_hum_avg_pct__rise,9.609758853912354e-05
injected,cu01_local_hum_avg_pct__rise,0.5,30.0,8,True,True,1,False,cu01_local_hum_avg_pct__rise,cu01_local_hum_avg_pct__rise,0.0016634464263916016
injected,cu01_local_hum_avg_pct__rise,0.5,30.0,9,True,True,1,False,cu01_local_hum_avg_pct__rise,cu01_local_hum_avg_pct__rise,9.650597348809242e-06
injected,cu01_local_hum_avg_pct__rise,0.5,30.0,10,True,True,1,False,cu01_local_hum_avg_pct__rise,cu01_local_hum_avg_pct__rise,2.9738061130046848e-05
injected,cu01_local_hum_avg_pct__rise,0.5,30.0,11,True,True,1,False,cu01_local_hum_avg_pct__rise,cu01_local_hum_avg_pct__rise,1.372024416923523e-05
injected,cu01_local_hum_avg_pct__rise,0.5,30.0,12,True,True,1,False,cu01_local_hum_avg_pct__rise,cu01_local_hum_avg_pct__rise,9.609758853912354e-05
injected,cu01_local_hum_avg_pct__rise,0.5,30.0,13,True,True,1,False,cu01_local_hum_avg_pct__rise,cu01_local_hum_avg_pct__rise,0.00016245711594820025
injected,cu01_local_hum_avg_pct__rise,0.5,30.0,14,True,True,1,False,cu01_local_hum_avg_pct__rise,cu01_local_hum_avg_pct__rise,9.609758853912354e-05
injected,cu01_local_hum_avg_pct__rise,0.5,30.0,15,True,True,1,False,cu01_local_hum_avg_pct__rise,cu01_local_hum_avg_pct__rise,5.653710104525089e-05
injected,cu01_local_hum_avg_pct__rise,0.5,30.0,16,True,True,1,False,cu01_local_hum_avg_pct__rise,cu01_local_hum_avg_pct__rise,0.0007154531776905061
injected,cu01_local_hum_avg_pct__rise,0.5,30.0,17,True,True,1,False,cu01_local_hum_avg_pct__rise,cu01_local_hum_avg_pct__rise,0.00045611709356307983
injected,cu01_local_hum_avg_pct__rise,0.5,30.0,18,True,True,1,False,cu01_local_hum_avg_pct__rise,cu01_local_hum_avg_pct__rise,0.00016245711594820025
injected,cu01_local_hum_avg_pct__rise,0.5,30.0,19,True,True,1,False,cu01_local_hum_avg_pct__rise,cu01_local_hum_avg_pct__rise,9.609758853912354e-05
injected,cu01_local_hum_avg_pct__rise,0.5,30.0,20,True,True,1,False,cu01_local_hum_avg_pct__rise,cu01_local_hum_avg_pct__rise,0.0004106976557523012
injected,cu01_local_hum_avg_pct__rise,0.5,30.0,21,True,True,1,False,cu01_local_hum_avg_pct__rise,cu01_local_hum_avg_pct__rise,5.653710104525089e-05
injected,cu01_local_hum_avg_pct__rise,0.5,30.0,22,True,True,1,False,cu01_local_hum_avg_pct__rise,cu01_local_hum_avg_pct__rise,5.653710104525089e-05
injected,cu01_local_hum_avg_pct__rise,0.5,30.0,23,True,True,1,False,cu01_local_hum_avg_pct__rise,cu01_local_hum_avg_pct__rise,0.0001620317343622446
injected,cu01_local_hum_avg_pct__rise,0.5,30.0,24,True,True,1,False,cu01_local_hum_avg_pct__rise,cu01_local_hum_avg_pct__rise,0.0004389551468193531
injected,cu01_local_hum_avg_pct__rise,0.5,30.0,25,True,True,1,False,cu01_local_hum_avg_pct__rise,cu01_local_hum_avg_pct__rise,0.0016634464263916016
injected,cu01_local_hum_avg_pct__rise,0.5,30.0,26,True,True,1,False,cu01_local_hum_avg_pct__rise,cu01_local_hum_avg_pct__rise,0.00016245711594820025
injected,cu01_local_hum_avg_pct__rise,0.5,30.0,27,False,True,0,False,,cu01_local_hum_avg_pct__rise,0.0026114396750926976
injected,cu01_local_hum_avg_pct__rise,0.5,30.0,28,True,True,1,False,cu01_local_hum_avg_pct__rise,cu01_local_hum_avg_pct__rise,1.372024416923523e-05
injected,cu01_local_hum_avg_pct__rise,0.5,30.0,29,True,True,1,False,cu01_local_hum_avg_pct__rise,cu01_local_hum_avg_pct__rise,0.0011578500270843506
injected,cu01_local_hum_avg_pct__rise,0.5,30.0,30,True,True,1,False,cu01_local_hum_avg_pct__rise,cu01_local_hum_avg_pct__rise,0.00016245711594820025
injected,cu01_local_hum_avg_pct__rise,0.5,30.0,31,True,True,1,False,cu01_local_hum_avg_pct__rise,cu01_local_hum_avg_pct__rise,0.00016245711594820025
injected,cu01_local_hum_avg_pct__rise,0.5,30.0,32,True,True,1,False,cu01_local_hum_avg_pct__rise,cu01_local_hum_avg_pct__rise,0.0016634464263916016
injected,cu01_local_hum_avg_pct__rise,0.5,30.0,33,True,True,1,False,cu01_local_hum_avg_pct__rise,cu01_local_hum_avg_pct__rise,0.00016245711594820025
injected,cu01_local_hum_avg_pct__rise,0.5,30.0,34,True,True,1,False,cu01_local_hum_avg_pct__rise,cu01_local_hum_avg_pct__rise,0.0011578500270843506
injected,cu01_local_hum_avg_pct__rise,0.5,30.0,35,True,True,1,False,cu01_local_hum_avg_pct__rise,cu01_local_hum_avg_pct__rise,0.0002675263676792383
injected,cu01_local_hum_avg_pct__rise,0.5,30.0,36,True,True,1,False,cu01_local_hum_avg_pct__rise,cu01_local_hum_avg_pct__rise,0.00016245711594820025
injected,cu01_local_hum_avg_pct__rise,0.5,30.0,37,True,True,1,False,cu01_local_hum_avg_pct__rise,cu01_local_hum_avg_pct__rise,5.1857903599739075e-05
injected,cu01_local_hum_avg_pct__rise,0.5,30.0,38,True,True,1,False,cu01_local_hum_avg_pct__rise,cu01_local_hum_avg_pct__rise,0.0010512007866054773
injected,cu01_local_hum_avg_pct__rise,0.5,30.0,39,True,True,1,False,cu01_local_hum_avg_pct__rise,cu01_local_hum_avg_pct__rise,9.609758853912354e-05
injected,cu01_local_hum_avg_pct__rise,0.5,30.0,40,True,True,1,False,cu01_local_hum_avg_pct__rise,cu01_local_hum_avg_pct__rise,0.0002730563282966614
injected,cu01_local_hum_avg_pct__rise,0.5,30.0,41,True,True,1,False,cu01_local_hum_avg_pct__rise,cu01_local_hum_avg_pct__rise,5.653710104525089e-05
injected,cu01_local_hum_avg_pct__rise,0.5,30.0,42,True,True,1,False,cu01_local_hum_avg_pct__rise,cu01_local_hum_avg_pct__rise,5.1857903599739075e-05
injected,cu01_local_hum_avg_pct__rise,0.5,30.0,43,True,True,1,False,cu01_local_hum_avg_pct__rise,cu01_local_hum_avg_pct__rise,0.0004389551468193531
injected,cu01_local_hum_avg_pct__rise,0.5,30.0,44,True,True,1,False,cu01_local_hum_avg_pct__rise,cu01_local_hum_avg_pct__rise,5.1857903599739075e-05
injected,cu01_local_hum_avg_pct__rise,0.5,30.0,45,True,True,1,False,cu01_local_hum_avg_pct__rise,cu01_local_hum_avg_pct__rise,0.0007154531776905061
injected,cu01_local_hum_avg_pct__rise,0.5,30.0,46,True,True,1,False,cu01_local_hum_avg_pct__rise,cu01_local_hum_avg_pct__rise,0.0006593635771423578
injected,cu01_local_hum_avg_pct__rise,0.5,30.0,47,False,True,0,False,,cu01_local_hum_avg_pct__rise,0.0018595829606056213
injected,cu01_local_hum_avg_pct__rise,0.5,30.0,48,True,True,1,False,cu01_local_hum_avg_pct__rise,cu01_local_hum_avg_pct__rise,0.0010512007866054773
injected,cu01_local_hum_avg_pct__rise,0.5,30.0,49,True,True,1,False,cu01_local_hum_avg_pct__rise,cu01_local_hum_avg_pct__rise,9.609758853912354e-05
injected,cu01_local_hum_avg_pct__rise,0.5,60.0,0,True,True,1,False,cu01_local_hum_avg_pct__rise,cu01_local_hum_avg_pct__rise,9.609758853912354e-05
injected,cu01_local_hum_avg_pct__rise,0.5,60.0,1,True,True,1,False,cu01_local_hum_avg_pct__rise,cu01_local_hum_avg_pct__rise,9.756279177963734e-05
injected,cu01_local_hum_avg_pct__rise,0.5,60.0,2,True,True,1,False,cu01_local_hum_avg_pct__rise,cu01_local_hum_avg_pct__rise,5.842093378305435e-05
injected,cu01_local_hum_avg_pct__rise,0.5,60.0,3,True,True,1,False,cu01_local_hum_avg_pct__rise,cu01_local_hum_avg_pct__rise,5.464302375912666e-06
injected,cu01_local_hum_avg_pct__rise,0.5,60.0,4,True,True,1,False,cu01_local_hum_avg_pct__rise,cu01_local_hum_avg_pct__rise,5.653710104525089e-05
injected,cu01_local_hum_avg_pct__rise,0.5,60.0,5,True,True,1,False,cu01_local_hum_avg_pct__rise,cu01_local_hum_avg_pct__rise,1.697661355137825e-05
injected,cu01_local_hum_avg_pct__rise,0.5,60.0,6,True,True,1,False,cu01_local_hum_avg_pct__rise,cu01_local_hum_avg_pct__rise,0.0002675263676792383
injected,cu01_local_hum_avg_pct__rise,0.5,60.0,7,True,True,1,False,cu01_local_hum_avg_pct__rise,cu01_local_hum_avg_pct__rise,5.653710104525089e-05
injected,cu01_local_hum_avg_pct__rise,0.5,60.0,8,True,True,1,False,cu01_local_hum_avg_pct__rise,cu01_local_hum_avg_pct__rise,0.0001620317343622446
injected,cu01_local_hum_avg_pct__rise,0.5,60.0,9,True,True,1,False,cu01_local_hum_avg_pct__rise,cu01_local_hum_avg_pct__rise,3.08244489133358e-06
injected,cu01_local_hum_avg_pct__rise,0.5,60.0,10,True,True,1,False,cu01_local_hum_avg_pct__rise,cu01_local_hum_avg_pct__rise,2.9738061130046848e-05
injected,cu01_local_hum_avg_pct__rise,0.5,60.0,11,True,True,1,False,cu01_local_hum_avg_pct__rise,cu01_local_hum_avg_pct__rise,5.464302375912666e-06
injected,cu01_local_hum_avg_pct__rise,0.5,60.0,12,True,True,1,False,cu01_local_hum_avg_pct__rise,cu01_local_hum_avg_pct__rise,0.00016245711594820025
injected,cu01_local_hum_avg_pct__rise,0.5,60.0,13,True,True,1,False,cu01_local_hum_avg_pct__rise,cu01_local_hum_avg_pct__rise,3.309384919703007e-05
injected,cu01_local_hum_avg_pct__rise,0.5,60.0,14,True,True,1,False,cu01_local_hum_avg_pct__rise,cu01_local_hum_avg_pct__rise,9.650597348809242e-06
injected,cu01_local_hum_avg_pct__rise,0.5,60.0,15,True,True,1,False,cu01_local_hum_avg_pct__rise,cu01_local_hum_avg_pct__rise,1.9279075786471367e-05
injected,cu01_local_hum_avg_pct__rise,0.5,60.0,16,True,True,1,False,cu01_local_hum_avg_pct__rise,cu01_local_hum_avg_pct__rise,5.842093378305435e-05
injected,cu01_local_hum_avg_pct__rise,0.5,60.0,17,True,True,1,False,cu01_local_hum_avg_pct__rise,cu01_local_hum_avg_pct__rise,0.0016634464263916016
injected,cu01_local_hum_avg_pct__rise,0.5,60.0,18,True,True,1,False,cu01_local_hum_avg_pct__rise,cu01_local_hum_avg_pct__rise,9.609758853912354e-05
injected,cu01_local_hum_avg_pct__rise,0.5,60.0,19,True,True,1,False,cu01_local_hum_avg_pct__rise,cu01_local_hum_avg_pct__rise,3.309384919703007e-05
injected,cu01_local_hum_avg_pct__rise,0.5,60.0,20,True,True,1,False,cu01_local_hum_avg_pct__rise,cu01_local_hum_avg_pct__rise,5.842093378305435e-05
injected,cu01_local_hum_avg_pct__rise,0.5,60.0,21,True,True,1,False,cu01_local_hum_avg_pct__rise,cu01_local_hum_avg_pct__rise,2.9738061130046848e-05
injected,cu01_local_hum_avg_pct__rise,0.5,60.0,22,True,True,1,False,cu01_local_hum_avg_pct__rise,cu01_local_hum_avg_pct__rise,1.1180760338902473e-05
injected,cu01_local_hum_avg_pct__rise,0.5,60.0,23,True,True,1,False,cu01_local_hum_avg_pct__rise,cu01_local_hum_avg_pct__rise,3.480084706097841e-05
injected,cu01_local_hum_avg_pct__rise,0.5,60.0,24,True,True,1,False,cu01_local_hum_avg_pct__rise,cu01_local_hum_avg_pct__rise,0.0001620317343622446
injected,cu01_local_hum_avg_pct__rise,0.5,60.0,25,True,True,1,False,cu01_local_hum_avg_pct__rise,cu01_local_hum_avg_pct__rise,0.0002675263676792383
injected,cu01_local_hum_avg_pct__rise,0.5,60.0,26,True,True,1,False,cu01_local_hum_avg_pct__rise,cu01_local_hum_avg_pct__rise,9.609758853912354e-05
injected,cu01_local_hum_avg_pct__rise,0.5,60.0,27,True,True,1,False,cu01_local_hum_avg_pct__rise,cu01_local_hum_avg_pct__rise,5.653710104525089e-05
injected,cu01_local_hum_avg_pct__rise,0.5,60.0,28,True,True,1,False,cu01_local_hum_avg_pct__rise,cu01_local_hum_avg_pct__rise,9.650597348809242e-06
injected,cu01_local_hum_avg_pct__rise,0.5,60.0,29,True,True,1,False,cu01_local_hum_avg_pct__rise,cu01_local_hum_avg_pct__rise,0.00016245711594820025
injected,cu01_local_hum_avg_pct__rise,0.5,60.0,30,True,True,1,False,cu01_local_hum_avg_pct__rise,cu01_local_hum_avg_pct__rise,9.650597348809242e-06
injected,cu01_local_hum_avg_pct__rise,0.5,60.0,31,True,True,1,False,cu01_local_hum_avg_pct__rise,cu01_local_hum_avg_pct__rise,9.650597348809242e-06
injected,cu01_local_hum_avg_pct__rise,0.5,60.0,32,True,True,1,False,cu01_local_hum_avg_pct__rise,cu01_local_hum_avg_pct__rise,3.309384919703007e-05
injected,cu01_local_hum_avg_pct__rise,0.5,60.0,33,True,True,1,False,cu01_local_hum_avg_pct__rise,cu01_local_hum_avg_pct__rise,0.0001620317343622446
injected,cu01_local_hum_avg_pct__rise,0.5,60.0,34,True,True,1,False,cu01_local_hum_avg_pct__rise,cu01_local_hum_avg_pct__rise,5.653710104525089e-05
injected,cu01_local_hum_avg_pct__rise,0.5,60.0,35,True,True,1,False,cu01_local_hum_avg_pct__rise,cu01_local_hum_avg_pct__rise,0.00015627557877451181
injected,cu01_local_hum_avg_pct__rise,0.5,60.0,36,True,True,1,False,cu01_local_hum_avg_pct__rise,cu01_local_hum_avg_pct__rise,9.650597348809242e-06
injected,cu01_local_hum_avg_pct__rise,0.5,60.0,37,True,True,1,False,cu01_local_hum_avg_pct__rise,cu01_local_hum_avg_pct__rise,9.609758853912354e-05
injected,cu01_local_hum_avg_pct__rise,0.5,60.0,38,True,True,1,False,cu01_local_hum_avg_pct__rise,cu01_local_hum_avg_pct__rise,9.756279177963734e-05
injected,cu01_local_hum_avg_pct__rise,0.5,60.0,39,True,True,1,False,cu01_local_hum_avg_pct__rise,cu01_local_hum_avg_pct__rise,1.9279075786471367e-05
injected,cu01_local_hum_avg_pct__rise,0.5,60.0,40,True,True,1,False,cu01_local_hum_avg_pct__rise,cu01_local_hum_avg_pct__rise,1.697661355137825e-05
injected,cu01_local_hum_avg_pct__rise,0.5,60.0,41,True,True,1,False,cu01_local_hum_avg_pct__rise,cu01_local_hum_avg_pct__rise,1.9279075786471367e-05
injected,cu01_local_hum_avg_pct__rise,0.5,60.0,42,True,True,1,False,cu01_local_hum_avg_pct__rise,cu01_local_hum_avg_pct__rise,3.309384919703007e-05
injected,cu01_local_hum_avg_pct__rise,0.5,60.0,43,True,True,1,False,cu01_local_hum_avg_pct__rise,cu01_local_hum_avg_pct__rise,9.756279177963734e-05
injected,cu01_local_hum_avg_pct__rise,0.5,60.0,44,True,True,1,False,cu01_local_hum_avg_pct__rise,cu01_local_hum_avg_pct__rise,9.650597348809242e-06
injected,cu01_local_hum_avg_pct__rise,0.5,60.0,45,True,True,1,False,cu01_local_hum_avg_pct__rise,cu01_local_hum_avg_pct__rise,3.309384919703007e-05
injected,cu01_local_hum_avg_pct__rise,0.5,60.0,46,True,True,1,False,cu01_local_hum_avg_pct__rise,cu01_local_hum_avg_pct__rise,9.756279177963734e-05
injected,cu01_local_hum_avg_pct__rise,0.5,60.0,47,True,True,1,False,cu01_local_hum_avg_pct__rise,cu01_local_hum_avg_pct__rise,0.0002675263676792383
injected,cu01_local_hum_avg_pct__rise,0.5,60.0,48,True,True,1,False,cu01_local_hum_avg_pct__rise,cu01_local_hum_avg_pct__rise,0.0006593635771423578
injected,cu01_local_hum_avg_pct__rise,0.5,60.0,49,True,True,1,False,cu01_local_hum_avg_pct__rise,cu01_local_hum_avg_pct__rise,3.309384919703007e-05
injected,cu01_local_hum_avg_pct__rise,1.0,15.0,0,True,True,1,False,cu01_local_hum_avg_pct__rise,cu01_local_hum_avg_pct__rise,1.2316741049289703e-07
injected,cu01_local_hum_avg_pct__rise,1.0,15.0,1,True,True,1,False,cu01_local_hum_avg_pct__rise,cu01_local_hum_avg_pct__rise,6.165646482259035e-08
injected,cu01_local_hum_avg_pct__rise,1.0,15.0,2,True,True,1,False,cu01_local_hum_avg_pct__rise,cu01_local_hum_avg_pct__rise,4.182292286714073e-06
injected,cu01_local_hum_avg_pct__rise,1.0,15.0,3,True,True,1,False,cu01_local_hum_avg_pct__rise,cu01_local_hum_avg_pct__rise,9.285122359870002e-08
injected,cu01_local_hum_avg_pct__rise,1.0,15.0,4,True,True,1,False,cu01_local_hum_avg_pct__rise,cu01_local_hum_avg_pct__rise,6.542541086673737e-08
injected,cu01_local_hum_avg_pct__rise,1.0,15.0,5,True,True,1,False,cu01_local_hum_avg_pct__rise,cu01_local_hum_avg_pct__rise,1.8044374883174896e-08
injected,cu01_local_hum_avg_pct__rise,1.0,15.0,6,True,True,1,False,cu01_local_hum_avg_pct__rise,cu01_local_hum_avg_pct__rise,7.005874067544937e-07
injected,cu01_local_hum_avg_pct__rise,1.0,15.0,7,True,True,1,False,cu01_local_hum_avg_pct__rise,cu01_local_hum_avg_pct__rise,1.2316741049289703e-07
injected,cu01_local_hum_avg_pct__rise,1.0,15.0,8,True,True,1,False,cu01_local_hum_avg_pct__rise,cu01_local_hum_avg_pct__rise,3.8300640881061554e-07
injected,cu01_local_hum_avg_pct__rise,1.0,15.0,9,True,True,1,False,cu01_local_hum_avg_pct__rise,cu01_local_hum_avg_pct__rise,5.122274160385132e-09
injected,cu01_local_hum_avg_pct__rise,1.0,15.0,10,True,True,1,False,cu01_local_hum_avg_pct__rise,cu01_local_hum_avg_pct__rise,5.384208634495735e-10
injected,cu01_local_hum_avg_pct__rise,1.0,15.0,11,True,True,1,False,cu01_local_hum_avg_pct__rise,cu01_local_hum_avg_pct__rise,1.8044374883174896e-08
injected,cu01_local_hum_avg_pct__rise,1.0,15.0,12,True,True,1,False,cu01_local_hum_avg_pct__rise,cu01_local_hum_avg_pct__rise,9.707873687148094e-07
injected,cu01_local_hum_avg_pct__rise,1.0,15.0,13,True,True,1,False,cu01_local_hum_avg_pct__rise,cu01_local_hum_avg_pct__rise,1.6765807231422514e-07
injected,cu01_local_hum_avg_pct__rise,1.0,15.0,14,True,True,1,False,cu01_local_hum_avg_pct__rise,cu01_local_hum_avg_pct__rise,2.0884908735752106e-07
injected,cu01_local_hum_avg_pct__rise,1.0,15.0,15,True,True,1,False,cu01_local_hum_avg_pct__rise,cu01_local_hum_avg_pct__rise,2.699380274862051e-09
injected,cu01_local_hum_avg_pct__rise,1.0,15.0,16,True,True,1,False,cu01_local_hum_avg_pct__rise,cu01_local_hum_avg_pct__rise,1.2149539543315768e-06
injected,cu01_local_hum_avg_pct__rise,1.0,15.0,17,True,True,1,False,cu01_local_hum_avg_pct__rise,cu01_local_hum_avg_pct__rise,3.08244489133358e-06
injected,cu01_local_hum_avg_pct__rise,1.0,15.0,18,True,True,1,False,cu01_local_hum_avg_pct__rise,cu01_local_hum_avg_pct__rise,6.542541086673737e-08
injected,cu01_local_hum_avg_pct__rise,1.0,15.0,19,True,True,1,False,cu01_local_hum_avg_pct__rise,cu01_local_hum_avg_pct__rise,2.0884908735752106e-07
injected,cu01_local_hum_avg_pct__rise,1.0,15.0,20,True,True,1,False,cu01_local_hum_avg_pct__rise,cu01_local_hum_avg_pct__rise,5.122274160385132e-09
injected,cu01_local_hum_avg_pct__rise,1.0,15.0,21,True,True,1,False,cu01_local_hum_avg_pct__rise,cu01_local_hum_avg_pct__rise,7.683411240577698e-09
injected,cu01_local_hum_avg_pct__rise,1.0,15.0,22,True,True,1,False,cu01_local_hum_avg_pct__rise,cu01_local_hum_avg_pct__rise,3.338936949148774e-08
injected,cu01_local_hum_avg_pct__rise,1.0,15.0,23,True,True,1,False,cu01_local_hum_avg_pct__rise,cu01_local_hum_avg_pct__rise,5.2395989769138396e-09
injected,cu01_local_hum_avg_pct__rise,1.0,15.0,24,True,True,1,False,cu01_local_hum_avg_pct__rise,cu01_local_hum_avg_pct__rise,1.7327256500720978e-06
injected,cu01_local_hum_avg_pct__rise,1.0,15.0,25,True,True,1,False,cu01_local_hum_avg_pct__rise,cu01_local_hum_avg_pct__rise,3.08244489133358e-06
injected,cu01_local_hum_avg_pct__rise,1.0,15.0,26,True,True,1,False,cu01_local_hum_avg_pct__rise,cu01_local_hum_avg_pct__rise,2.0884908735752106e-07
injected,cu01_local_hum_avg_pct__rise,1.0,15.0,27,True,True,1,False,cu01_local_hum_avg_pct__rise,cu01_local_hum_avg_pct__rise,5.421970854513347e-07
injected,cu01_local_hum_avg_pct__rise,1.0,15.0,28,True,True,1,False,cu01_local_hum_avg_pct__rise,cu01_local_hum_avg_pct__rise,3.338936949148774e-08
injected,cu01_local_hum_avg_pct__rise,1.0,15.0,29,True,True,1,False,cu01_local_hum_avg_pct__rise,cu01_local_hum_avg_pct__rise,5.587935447692871e-08
injected,cu01_local_hum_avg_pct__rise,1.0,15.0,30,True,True,1,False,cu01_local_hum_avg_pct__rise,cu01_local_hum_avg_pct__rise,3.338936949148774e-08
injected,cu01_local_hum_avg_pct__rise,1.0,15.0,31,True,True,1,False,cu01_local_hum_avg_pct__rise,cu01_local_hum_avg_pct__rise,9.70612745732069e-09
injected,cu01_local_hum_avg_pct__rise,1.0,15.0,32,True,True,1,False,cu01_local_hum_avg_pct__rise,cu01_local_hum_avg_pct__rise,5.421970854513347e-07
injected,cu01_local_hum_avg_pct__rise,1.0,15.0,33,True,True,1,False,cu01_local_hum_avg_pct__rise,cu01_local_hum_avg_pct__rise,3.8300640881061554e-07
injected,cu01_local_hum_avg_pct__rise,1.0,15.0,34,True,True,1,False,cu01_local_hum_avg_pct__rise,cu01_local_hum_avg_pct__rise,3.8300640881061554e-07
injected,cu01_local_hum_avg_pct__rise,1.0,15.0,35,True,True,1,False,cu01_local_hum_avg_pct__rise,cu01_local_hum_avg_pct__rise,9.732502803672105e-09
injected,cu01_local_hum_avg_pct__rise,1.0,15.0,36,True,True,1,False,cu01_local_hum_avg_pct__rise,cu01_local_hum_avg_pct__rise,5.122274160385132e-09
injected,cu01_local_hum_avg_pct__rise,1.0,15.0,37,True,True,1,False,cu01_local_hum_avg_pct__rise,cu01_local_hum_avg_pct__rise,2.0884908735752106e-07
injected,cu01_local_hum_avg_pct__rise,1.0,15.0,38,True,True,1,False,cu01_local_hum_avg_pct__rise,cu01_local_hum_avg_pct__rise,5.421970854513347e-07
injected,cu01_local_hum_avg_pct__rise,1.0,15.0,39,True,True,1,False,cu01_local_hum_avg_pct__rise,cu01_local_hum_avg_pct__rise,3.338936949148774e-08
injected,cu01_local_hum_avg_pct__rise,1.0,15.0,40,True,True,1,False,cu01_local_hum_avg_pct__rise,cu01_local_hum_avg_pct__rise,6.542541086673737e-08
injected,cu01_local_hum_avg_pct__rise,1.0,15.0,41,True,True,1,False,cu01_local_hum_avg_pct__rise,cu01_local_hum_avg_pct__rise,9.732502803672105e-09
injected,cu01_local_hum_avg_pct__rise,1.0,15.0,42,True,True,1,False,cu01_local_hum_avg_pct__rise,cu01_local_hum_avg_pct__rise,5.122274160385132e-09
injected,cu01_local_hum_avg_pct__rise,1.0,15.0,43,True,True,1,False,cu01_local_hum_avg_pct__rise,cu01_local_hum_avg_pct__rise,1.6765807231422514e-07
injected,cu01_local_hum_avg_pct__rise,1.0,15.0,44,True,True,1,False,cu01_local_hum_avg_pct__rise,cu01_local_hum_avg_pct__rise,2.0884908735752106e-07
injected,cu01_local_hum_avg_pct__rise,1.0,15.0,45,True,True,1,False,cu01_local_hum_avg_pct__rise,cu01_local_hum_avg_pct__rise,1.1360680218786001e-07
injected,cu01_local_hum_avg_pct__rise,1.0,15.0,46,True,True,1,False,cu01_local_hum_avg_pct__rise,cu01_local_hum_avg_pct__rise,2.127981133526191e-06
injected,cu01_local_hum_avg_pct__rise,1.0,15.0,47,True,True,1,False,cu01_local_hum_avg_pct__rise,cu01_local_hum_avg_pct__rise,3.8300640881061554e-07
injected,cu01_local_hum_avg_pct__rise,1.0,15.0,48,True,True,1,False,cu01_local_hum_avg_pct__rise,cu01_local_hum_avg_pct__rise,5.421970854513347e-07
injected,cu01_local_hum_avg_pct__rise,1.0,15.0,49,True,True,1,False,cu01_local_hum_avg_pct__rise,cu01_local_hum_avg_pct__rise,5.122274160385132e-09
injected,cu01_local_hum_avg_pct__rise,1.0,30.0,0,True,True,1,False,cu01_local_hum_avg_pct__rise,cu01_local_hum_avg_pct__rise,3.8300640881061554e-07
injected,cu01_local_hum_avg_pct__rise,1.0,30.0,1,True,True,1,False,cu01_local_hum_avg_pct__rise,cu01_local_hum_avg_pct__rise,3.8300640881061554e-07
injected,cu01_local_hum_avg_pct__rise,1.0,30.0,2,True,True,1,False,cu01_local_hum_avg_pct__rise,cu01_local_hum_avg_pct__rise,2.127981133526191e-06
injected,cu01_local_hum_avg_pct__rise,1.0,30.0,3,True,True,1,False,cu01_local_hum_avg_pct__rise,cu01_local_hum_avg_pct__rise,1.1360680218786001e-07
injected,cu01_local_hum_avg_pct__rise,1.0,30.0,4,True,True,1,False,cu01_local_hum_avg_pct__rise,cu01_local_hum_avg_pct__rise,2.0884908735752106e-07
injected,cu01_local_hum_avg_pct__rise,1.0,30.0,5,True,True,1,False,cu01_local_hum_avg_pct__rise,cu01_local_hum_avg_pct__rise,6.542541086673737e-08
injected,cu01_local_hum_avg_pct__rise,1.0,30.0,6,True,True,1,False,cu01_local_hum_avg_pct__rise,cu01_local_hum_avg_pct__rise,1.1180760338902473e-05
injected,cu01_local_hum_avg_pct__rise,1.0,30.0,7,True,True,1,False,cu01_local_hum_avg_pct__rise,cu01_local_hum_avg_pct__rise,3.8300640881061554e-07
injected,cu01_local_hum_avg_pct__rise,1.0,30.0,8,True,True,1,False,cu01_local_hum_avg_pct__rise,cu01_local_hum_avg_pct__rise,3.08244489133358e-06
injected,cu01_local_hum_avg_pct__rise,1.0,30.0,9,True,True,1,False,cu01_local_hum_avg_pct__rise,cu01_local_hum_avg_pct__rise,1.8364517018198967e-08
injected,cu01_local_hum_avg_pct__rise,1.0,30.0,10,True,True,1,False,cu01_local_hum_avg_pct__rise,cu01_local_hum_avg_pct__rise,7.683411240577698e-09
injected,cu01_local_hum_avg_pct__rise,1.0,30.0,11,True,True,1,False,cu01_local_hum_avg_pct__rise,cu01_local_hum_avg_pct__rise,3.958120942115784e-09
injected,cu01_local_hum_avg_pct__rise,1.0,30.0,12,True,True,1,False,cu01_local_hum_avg_pct__rise,cu01_local_hum_avg_pct__rise,1.2780074030160904e-06
injected,cu01_local_hum_avg_pct__rise,1.0,30.0,13,True,True,1,False,cu01_local_hum_avg_pct__rise,cu01_local_hum_avg_pct__rise,1.1360680218786001e-07
injected,cu01_local_hum_avg_pct__rise,1.0,30.0,14,True,True,1,False,cu01_local_hum_avg_pct__rise,cu01_local_hum_avg_pct__rise,3.4691765904426575e-08
injected,cu01_local_hum_avg_pct__rise,1.0,30.0,15,True,True,1,False,cu01_local_hum_avg_pct__rise,cu01_local_hum_avg_pct__rise,9.70612745732069e-09
injected,cu01_local_hum_avg_pct__rise,1.0,30.0,16,True,True,1,False,cu01_local_hum_avg_pct__rise,cu01_local_hum_avg_pct__rise,6.456742994487286e-06
injected,cu01_local_hum_avg_pct__rise,1.0,30.0,17,True,True,1,False,cu01_local_hum_avg_pct__rise,cu01_local_hum_avg_pct__rise,5.653710104525089e-05
injected,cu01_local_hum_avg_pct__rise,1.0,30.0,18,True,True,1,False,cu01_local_hum_avg_pct__rise,cu01_local_hum_avg_pct__rise,7.005874067544937e-07
injected,cu01_local_hum_avg_pct__rise,1.0,30.0,19,True,True,1,False,cu01_local_hum_avg_pct__rise,cu01_local_hum_avg_pct__rise,6.542541086673737e-08
injected,cu01_local_hum_avg_pct__rise,1.0,30.0,20,True,True,1,False,cu01_local_hum_avg_pct__rise,cu01_local_hum_avg_pct__rise,1.2149539543315768e-06
injected,cu01_local_hum_avg_pct__rise,1.0,30.0,21,True,True,1,False,cu01_local_hum_avg_pct__rise,cu01_local_hum_avg_pct__rise,1.2316741049289703e-07
injected,cu01_local_hum_avg_pct__rise,1.0,30.0,22,True,True,1,False,cu01_local_hum_avg_pct__rise,cu01_local_hum_avg_pct__rise,1.1360680218786001e-07
injected,cu01_local_hum_avg_pct__rise,1.0,30.0,23,True,True,1,False,cu01_local_hum_avg_pct__rise,cu01_local_hum_avg_pct__rise,1.6765807231422514e-07
injected,cu01_local_hum_avg_pct__rise,1.0,30.0,24,True,True,1,False,cu01_local_hum_avg_pct__rise,cu01_local_hum_avg_pct__rise,3.08244489133358e-06
injected,cu01_local_hum_avg_pct__rise,1.0,30.0,25,True,True,1,False,cu01_local_hum_avg_pct__rise,cu01_local_hum_avg_pct__rise,1.9279075786471367e-05
injected,cu01_local_hum_avg_pct__rise,1.0,30.0,26,True,True,1,False,cu01_local_hum_avg_pct__rise,cu01_local_hum_avg_pct__rise,7.005874067544937e-07
injected,cu01_local_hum_avg_pct__rise,1.0,30.0,27,True,True,1,False,cu01_local_hum_avg_pct__rise,cu01_local_hum_avg_pct__rise,1.9279075786471367e-05
injected,cu01_local_hum_avg_pct__rise,1.0,30.0,28,True,True,1,False,cu01_local_hum_avg_pct__rise,cu01_local_hum_avg_pct__rise,1.8364517018198967e-08
injected,cu01_local_hum_avg_pct__rise,1.0,30.0,29,True,True,1,False,cu01_local_hum_avg_pct__rise,cu01_local_hum_avg_pct__rise,2.9738061130046848e-05
injected,cu01_local_hum_avg_pct__rise,1.0,30.0,30,True,True,1,False,cu01_local_hum_avg_pct__rise,cu01_local_hum_avg_pct__rise,6.542541086673737e-08
injected,cu01_local_hum_avg_pct__rise,1.0,30.0,31,True,True,1,False,cu01_local_hum_avg_pct__rise,cu01_local_hum_avg_pct__rise,1.8364517018198967e-08
injected,cu01_local_hum_avg_pct__rise,1.0,30.0,32,True,True,1,False,cu01_local_hum_avg_pct__rise,cu01_local_hum_avg_pct__rise,3.08244489133358e-06
injected,cu01_local_hum_avg_pct__rise,1.0,30.0,33,True,True,1,False,cu01_local_hum_avg_pct__rise,cu01_local_hum_avg_pct__rise,7.005874067544937e-07
injected,cu01_local_hum_avg_pct__rise,1.0,30.0,34,True,True,1,False,cu01_local_hum_avg_pct__rise,cu01_local_hum_avg_pct__rise,9.650597348809242e-06
injected,cu01_local_hum_avg_pct__rise,1.0,30.0,35,True,True,1,False,cu01_local_hum_avg_pct__rise,cu01_local_hum_avg_pct__rise,9.707873687148094e-07
injected,cu01_local_hum_avg_pct__rise,1.0,30.0,36,True,True,1,False,cu01_local_hum_avg_pct__rise,cu01_local_hum_avg_pct__rise,2.0884908735752106e-07
injected,cu01_local_hum_avg_pct__rise,1.0,30.0,37,True,True,1,False,cu01_local_hum_avg_pct__rise,cu01_local_hum_avg_pct__rise,1.2316741049289703e-07
injected,cu01_local_hum_avg_pct__rise,1.0,30.0,38,True,True,1,False,cu01_local_hum_avg_pct__rise,cu01_local_hum_avg_pct__rise,9.707873687148094e-07
injected,cu01_local_hum_avg_pct__rise,1.0,30.0,39,True,True,1,False,cu01_local_hum_avg_pct__rise,cu01_local_hum_avg_pct__rise,3.4691765904426575e-08
injected,cu01_local_hum_avg_pct__rise,1.0,30.0,40,True,True,1,False,cu01_local_hum_avg_pct__rise,cu01_local_hum_avg_pct__rise,2.314336597919464e-07
injected,cu01_local_hum_avg_pct__rise,1.0,30.0,41,True,True,1,False,cu01_local_hum_avg_pct__rise,cu01_local_hum_avg_pct__rise,6.165646482259035e-08
injected,cu01_local_hum_avg_pct__rise,1.0,30.0,42,True,True,1,False,cu01_local_hum_avg_pct__rise,cu01_local_hum_avg_pct__rise,6.542541086673737e-08
injected,cu01_local_hum_avg_pct__rise,1.0,30.0,43,True,True,1,False,cu01_local_hum_avg_pct__rise,cu01_local_hum_avg_pct__rise,1.7327256500720978e-06
injected,cu01_local_hum_avg_pct__rise,1.0,30.0,44,True,True,1,False,cu01_local_hum_avg_pct__rise,cu01_local_hum_avg_pct__rise,3.8300640881061554e-07
injected,cu01_local_hum_avg_pct__rise,1.0,30.0,45,True,True,1,False,cu01_local_hum_avg_pct__rise,cu01_local_hum_avg_pct__rise,3.08244489133358e-06
injected,cu01_local_hum_avg_pct__rise,1.0,30.0,46,True,True,1,False,cu01_local_hum_avg_pct__rise,cu01_local_hum_avg_pct__rise,3.7137651816010475e-06
injected,cu01_local_hum_avg_pct__rise,1.0,30.0,47,True,True,1,False,cu01_local_hum_avg_pct__rise,cu01_local_hum_avg_pct__rise,9.650597348809242e-06
injected,cu01_local_hum_avg_pct__rise,1.0,30.0,48,True,True,1,False,cu01_local_hum_avg_pct__rise,cu01_local_hum_avg_pct__rise,1.9279075786471367e-05
injected,cu01_local_hum_avg_pct__rise,1.0,30.0,49,True,True,1,False,cu01_local_hum_avg_pct__rise,cu01_local_hum_avg_pct__rise,6.542541086673737e-08
injected,cu01_local_hum_avg_pct__rise,1.0,60.0,0,True,True,1,False,cu01_local_hum_avg_pct__rise,cu01_local_hum_avg_pct__rise,1.2780074030160904e-06
injected,cu01_local_hum_avg_pct__rise,1.0,60.0,1,True,True,1,False,cu01_local_hum_avg_pct__rise,cu01_local_hum_avg_pct__rise,3.8300640881061554e-07
injected,cu01_local_hum_avg_pct__rise,1.0,60.0,2,True,True,1,False,cu01_local_hum_avg_pct__rise,cu01_local_hum_avg_pct__rise,6.456742994487286e-06
injected,cu01_local_hum_avg_pct__rise,1.0,60.0,3,True,True,1,False,cu01_local_hum_avg_pct__rise,cu01_local_hum_avg_pct__rise,2.0884908735752106e-07
injected,cu01_local_hum_avg_pct__rise,1.0,60.0,4,True,True,1,False,cu01_local_hum_avg_pct__rise,cu01_local_hum_avg_pct__rise,7.005874067544937e-07
injected,cu01_local_hum_avg_pct__rise,1.0,60.0,5,True,True,1,False,cu01_local_hum_avg_pct__rise,cu01_local_hum_avg_pct__rise,2.314336597919464e-07
injected,cu01_local_hum_avg_pct__rise,1.0,60.0,6,True,True,1,False,cu01_local_hum_avg_pct__rise,cu01_local_hum_avg_pct__rise,1.9279075786471367e-05
injected,cu01_local_hum_avg_pct__rise,1.0,60.0,7,True,True,1,False,cu01_local_hum_avg_pct__rise,cu01_local_hum_avg_pct__rise,1.2780074030160904e-06
injected,cu01_local_hum_avg_pct__rise,1.0,60.0,8,True,True,1,False,cu01_local_hum_avg_pct__rise,cu01_local_hum_avg_pct__rise,5.464302375912666e-06
injected,cu01_local_hum_avg_pct__rise,1.0,60.0,9,True,True,1,False,cu01_local_hum_avg_pct__rise,cu01_local_hum_avg_pct__rise,3.4691765904426575e-08
injected,cu01_local_hum_avg_pct__rise,1.0,60.0,10,True,True,1,False,cu01_local_hum_avg_pct__rise,cu01_local_hum_avg_pct__rise,2.8870999813079834e-08
injected,cu01_local_hum_avg_pct__rise,1.0,60.0,11,True,True,1,False,cu01_local_hum_avg_pct__rise,cu01_local_hum_avg_pct__rise,1.4901161193847656e-08
injected,cu01_local_hum_avg_pct__rise,1.0,60.0,12,True,True,1,False,cu01_local_hum_avg_pct__rise,cu01_local_hum_avg_pct__rise,2.3245811462402344e-06
injected,cu01_local_hum_avg_pct__rise,1.0,60.0,13,True,True,1,False,cu01_local_hum_avg_pct__rise,cu01_local_hum_avg_pct__rise,3.8300640881061554e-07
injected,cu01_local_hum_avg_pct__rise,1.0,60.0,14,True,True,1,False,cu01_local_hum_avg_pct__rise,cu01_local_hum_avg_pct__rise,6.542541086673737e-08
injected,cu01_local_hum_avg_pct__rise,1.0,60.0,15,True,True,1,False,cu01_local_hum_avg_pct__rise,cu01_local_hum_avg_pct__rise,3.4691765904426575e-08
injected,cu01_local_hum_avg_pct__rise,1.0,60.0,16,True,True,1,False,cu01_local_hum_avg_pct__rise,cu01_local_hum_avg_pct__rise,1.9279075786471367e-05
injected,cu01_local_hum_avg_pct__rise,1.0,60.0,17,True,True,1,False,cu01_local_hum_avg_pct__rise,cu01_local_hum_avg_pct__rise,9.609758853912354e-05
injected,cu01_local_hum_avg_pct__rise,1.0,60.0,18,True,True,1,False,cu01_local_hum_avg_pct__rise,cu01_local_hum_avg_pct__rise,2.3245811462402344e-06
injected,cu01_local_hum_avg_pct__rise,1.0,60.0,19,True,True,1,False,cu01_local_hum_avg_pct__rise,cu01_local_hum_avg_pct__rise,1.2316741049289703e-07
injected,cu01_local_hum_avg_pct__rise,1.0,60.0,20,True,True,1,False,cu01_local_hum_avg_pct__rise,cu01_local_hum_avg_pct__rise,3.7137651816010475e-06
injected,cu01_local_hum_avg_pct__rise,1.0,60.0,21,True,True,1,False,cu01_local_hum_avg_pct__rise,cu01_local_hum_avg_pct__rise,2.314336597919464e-07
injected,cu01_local_hum_avg_pct__rise,1.0,60.0,22,True,True,1,False,cu01_local_hum_avg_pct__rise,cu01_local_hum_avg_pct__rise,3.8300640881061554e-07
injected,cu01_local_hum_avg_pct__rise,1.0,60.0,23,True,True,1,False,cu01_local_hum_avg_pct__rise,cu01_local_hum_avg_pct__rise,5.421970854513347e-07
injected,cu01_local_hum_avg_pct__rise,1.0,60.0,24,True,True,1,False,cu01_local_hum_avg_pct__rise,cu01_local_hum_avg_pct__rise,5.464302375912666e-06
injected,cu01_local_hum_avg_pct__rise,1.0,60.0,25,True,True,1,False,cu01_local_hum_avg_pct__rise,cu01_local_hum_avg_pct__rise,3.309384919703007e-05
injected,cu01_local_hum_avg_pct__rise,1.0,60.0,26,True,True,1,False,cu01_local_hum_avg_pct__rise,cu01_local_hum_avg_pct__rise,1.2780074030160904e-06
injected,cu01_local_hum_avg_pct__rise,1.0,60.0,27,True,True,1,False,cu01_local_hum_avg_pct__rise,cu01_local_hum_avg_pct__rise,5.653710104525089e-05
injected,cu01_local_hum_avg_pct__rise,1.0,60.0,28,True,True,1,False,cu01_local_hum_avg_pct__rise,cu01_local_hum_avg_pct__rise,6.542541086673737e-08
injected,cu01_local_hum_avg_pct__rise,1.0,60.0,29,True,True,1,False,cu01_local_hum_avg_pct__rise,cu01_local_hum_avg_pct__rise,5.1857903599739075e-05
injected,cu01_local_hum_avg_pct__rise,1.0,60.0,30,True,True,1,False,cu01_local_hum_avg_pct__rise,cu01_local_hum_avg_pct__rise,2.314336597919464e-07
injected,cu01_local_hum_avg_pct__rise,1.0,60.0,31,True,True,1,False,cu01_local_hum_avg_pct__rise,cu01_local_hum_avg_pct__rise,6.542541086673737e-08
injected,cu01_local_hum_avg_pct__rise,1.0,60.0,32,True,True,1,False,cu01_local_hum_avg_pct__rise,cu01_local_hum_avg_pct__rise,5.464302375912666e-06
injected,cu01_local_hum_avg_pct__rise,1.0,60.0,33,True,True,1,False,cu01_local_hum_avg_pct__rise,cu01_local_hum_avg_pct__rise,7.005874067544937e-07
injected,cu01_local_hum_avg_pct__rise,1.0,60.0,34,True,True,1,False,cu01_local_hum_avg_pct__rise,cu01_local_hum_avg_pct__rise,9.650597348809242e-06
injected,cu01_local_hum_avg_pct__rise,1.0,60.0,35,True,True,1,False,cu01_local_hum_avg_pct__rise,cu01_local_hum_avg_pct__rise,3.08244489133358e-06
injected,cu01_local_hum_avg_pct__rise,1.0,60.0,36,True,True,1,False,cu01_local_hum_avg_pct__rise,cu01_local_hum_avg_pct__rise,7.005874067544937e-07
injected,cu01_local_hum_avg_pct__rise,1.0,60.0,37,True,True,1,False,cu01_local_hum_avg_pct__rise,cu01_local_hum_avg_pct__rise,4.33996319770813e-07
injected,cu01_local_hum_avg_pct__rise,1.0,60.0,38,True,True,1,False,cu01_local_hum_avg_pct__rise,cu01_local_hum_avg_pct__rise,3.08244489133358e-06
injected,cu01_local_hum_avg_pct__rise,1.0,60.0,39,True,True,1,False,cu01_local_hum_avg_pct__rise,cu01_local_hum_avg_pct__rise,1.2316741049289703e-07
injected,cu01_local_hum_avg_pct__rise,1.0,60.0,40,True,True,1,False,cu01_local_hum_avg_pct__rise,cu01_local_hum_avg_pct__rise,4.33996319770813e-07
injected,cu01_local_hum_avg_pct__rise,1.0,60.0,41,True,True,1,False,cu01_local_hum_avg_pct__rise,cu01_local_hum_avg_pct__rise,2.0884908735752106e-07
injected,cu01_local_hum_avg_pct__rise,1.0,60.0,42,True,True,1,False,cu01_local_hum_avg_pct__rise,cu01_local_hum_avg_pct__rise,2.314336597919464e-07
injected,cu01_local_hum_avg_pct__rise,1.0,60.0,43,True,True,1,False,cu01_local_hum_avg_pct__rise,cu01_local_hum_avg_pct__rise,3.08244489133358e-06
injected,cu01_local_hum_avg_pct__rise,1.0,60.0,44,True,True,1,False,cu01_local_hum_avg_pct__rise,cu01_local_hum_avg_pct__rise,1.2780074030160904e-06
injected,cu01_local_hum_avg_pct__rise,1.0,60.0,45,True,True,1,False,cu01_local_hum_avg_pct__rise,cu01_local_hum_avg_pct__rise,5.464302375912666e-06
injected,cu01_local_hum_avg_pct__rise,1.0,60.0,46,True,True,1,False,cu01_local_hum_avg_pct__rise,cu01_local_hum_avg_pct__rise,1.1180760338902473e-05
injected,cu01_local_hum_avg_pct__rise,1.0,60.0,47,True,True,1,False,cu01_local_hum_avg_pct__rise,cu01_local_hum_avg_pct__rise,2.9738061130046848e-05
injected,cu01_local_hum_avg_pct__rise,1.0,60.0,48,True,True,1,False,cu01_local_hum_avg_pct__rise,cu01_local_hum_avg_pct__rise,5.653710104525089e-05
injected,cu01_local_hum_avg_pct__rise,1.0,60.0,49,True,True,1,False,cu01_local_hum_avg_pct__rise,cu01_local_hum_avg_pct__rise,2.314336597919464e-07
injected,sj01_local_wind_speed_ms__rise,0.5,15.0,0,False,False,0,False,,cu01_local_hum_avg_pct__rise,0.0026114396750926976
injected,sj01_local_wind_speed_ms__rise,0.5,15.0,1,False,True,0,False,,sj01_local_wind_speed_ms__rise,0.00845026969909668
injected,sj01_local_wind_speed_ms__rise,0.5,15.0,2,False,True,0,False,,sj01_local_wind_speed_ms__rise,0.005908966064453125
injected,sj01_local_wind_speed_ms__rise,0.5,15.0,3,False,True,0,False,,sj01_local_wind_speed_ms__rise,0.0022125244140625
injected,sj01_local_wind_speed_ms__rise,0.5,15.0,4,False,True,0,False,,sj01_local_wind_speed_ms__rise,0.0037689208984375
injected,sj01_local_wind_speed_ms__rise,0.5,15.0,5,True,True,1,False,sj01_local_wind_speed_ms__rise,sj01_local_wind_speed_ms__rise,0.0012884140014648438
injected,sj01_local_wind_speed_ms__rise,0.5,15.0,6,False,True,0,False,,sj01_local_wind_speed_ms__rise,0.0035986900329589844
injected,sj01_local_wind_speed_ms__rise,0.5,15.0,7,False,True,0,False,,sj01_local_wind_speed_ms__rise,0.010030803503468633
injected,sj01_local_wind_speed_ms__rise,0.5,15.0,8,False,True,0,False,,sj01_local_wind_speed_ms__rise,0.013301849365234375
injected,sj01_local_wind_speed_ms__rise,0.5,15.0,9,True,True,1,False,sj01_local_wind_speed_ms__rise,sj01_local_wind_speed_ms__rise,0.0014675278216600418
injected,sj01_local_wind_speed_ms__rise,0.5,15.0,10,True,True,1,False,sj01_local_wind_speed_ms__rise,sj01_local_wind_speed_ms__rise,0.0012884140014648438
injected,sj01_local_wind_speed_ms__rise,0.5,15.0,11,False,True,0,False,,sj01_local_wind_speed_ms__rise,0.0037689208984375
injected,sj01_local_wind_speed_ms__rise,0.5,15.0,12,False,True,0,False,,sj01_local_wind_speed_ms__rise,0.005908966064453125
injected,sj01_local_wind_speed_ms__rise,0.5,15.0,13,True,True,1,False,sj01_local_wind_speed_ms__rise,sj01_local_wind_speed_ms__rise,0.0007154531776905061
injected,sj01_local_wind_speed_ms__rise,0.5,15.0,14,False,True,0,False,,sj01_local_wind_speed_ms__rise,0.0035986900329589844
injected,sj01_local_wind_speed_ms__rise,0.5,15.0,15,True,True,1,False,sj01_local_wind_speed_ms__rise,sj01_local_wind_speed_ms__rise,0.0012884140014648438
injected,sj01_local_wind_speed_ms__rise,0.5,15.0,16,False,True,0,False,,sj01_local_wind_speed_ms__rise,0.0037689208984375
injected,sj01_local_wind_speed_ms__rise,0.5,15.0,17,False,True,0,False,,sj01_local_wind_speed_ms__rise,0.0035986900329589844
injected,sj01_local_wind_speed_ms__rise,0.5,15.0,18,False,True,0,False,,sj01_local_wind_speed_ms__rise,0.004520592745393515
injected,sj01_local_wind_speed_ms__rise,0.5,15.0,19,False,True,0,False,,sj01_local_wind_speed_ms__rise,0.005908966064453125
injected,sj01_local_wind_speed_ms__rise,0.5,15.0,20,True,True,1,False,sj01_local_wind_speed_ms__rise,sj01_local_wind_speed_ms__rise,0.0007448196411132812
injected,sj01_local_wind_speed_ms__rise,0.5,15.0,21,False,True,0,False,,sj01_local_wind_speed_ms__rise,0.013301849365234375
injected,sj01_local_wind_speed_ms__rise,0.5,15.0,22,True,True,1,False,sj01_local_wind_speed_ms__rise,sj01_local_wind_speed_ms__rise,0.0014675278216600418
injected,sj01_local_wind_speed_ms__rise,0.5,15.0,23,True,True,1,False,sj01_local_wind_speed_ms__rise,sj01_local_wind_speed_ms__rise,0.0012884140014648438
injected,sj01_local_wind_speed_ms__rise,0.5,15.0,24,False,True,0,False,,sj01_local_wind_speed_ms__rise,0.017849069088697433
injected,sj01_local_wind_speed_ms__rise,0.5,15.0,25,False,True,0,False,,sj01_local_wind_speed_ms__rise,0.00845026969909668
injected,sj01_local_wind_speed_ms__rise,0.5,15.0,26,False,False,0,False,,cu01_local_hum_avg_pct__rise,0.004065029323101044
injected,sj01_local_wind_speed_ms__rise,0.5,15.0,27,True,True,1,False,sj01_local_wind_speed_ms__rise,sj01_local_wind_speed_ms__rise,0.0012884140014648438
injected,sj01_local_wind_speed_ms__rise,0.5,15.0,28,False,True,0,False,,sj01_local_wind_speed_ms__rise,0.002171754837036133
injected,sj01_local_wind_speed_ms__rise,0.5,15.0,29,False,True,0,False,,sj01_local_wind_speed_ms__rise,0.0022125244140625
injected,sj01_local_wind_speed_ms__rise,0.5,15.0,30,False,True,0,False,,sj01_local_wind_speed_ms__rise,0.0026114396750926976
injected,sj01_local_wind_speed_ms__rise,0.5,15.0,31,False,True,0,False,,sj01_local_wind_speed_ms__rise,0.005908966064453125
injected,sj01_local_wind_speed_ms__rise,0.5,15.0,32,True,True,1,False,sj01_local_wind_speed_ms__rise,sj01_local_wind_speed_ms__rise,0.0012884140014648438
injected,sj01_local_wind_speed_ms__rise,0.5,15.0,33,False,True,0,False,,sj01_local_wind_speed_ms__rise,0.0022125244140625
injected,sj01_local_wind_speed_ms__rise,0.5,15.0,34,False,True,0,False,,sj01_local_wind_speed_ms__rise,0.00845026969909668
injected,sj01_local_wind_speed_ms__rise,0.5,15.0,35,False,False,0,False,,cu01_local_hum_avg_pct__rise,0.006270475685596466
injected,sj01_local_wind_speed_ms__rise,0.5,15.0,36,True,True,1,False,sj01_local_wind_speed_ms__rise,sj01_local_wind_speed_ms__rise,0.0014675278216600418
injected,sj01_local_wind_speed_ms__rise,0.5,15.0,37,False,False,0,False,,cu01_local_hum_avg_pct__rise,0.008062400855123998
injected,sj01_local_wind_speed_ms__rise,0.5,15.0,38,True,True,1,False,sj01_local_wind_speed_ms__rise,sj01_local_wind_speed_ms__rise,0.0012884140014648438
injected,sj01_local_wind_speed_ms__rise,0.5,15.0,39,False,True,0,False,,sj01_local_wind_speed_ms__rise,0.0035986900329589844
injected,sj01_local_wind_speed_ms__rise,0.5,15.0,40,False,True,0,False,,sj01_local_wind_speed_ms__rise,0.0022125244140625
injected,sj01_local_wind_speed_ms__rise,0.5,15.0,41,True,True,1,False,sj01_local_wind_speed_ms__rise,sj01_local_wind_speed_ms__rise,0.0004106976557523012
injected,sj01_local_wind_speed_ms__rise,0.5,15.0,42,False,True,0,False,,sj01_local_wind_speed_ms__rise,0.010030803503468633
injected,sj01_local_wind_speed_ms__rise,0.5,15.0,43,False,True,0,False,,sj01_local_wind_speed_ms__rise,0.0022125244140625
injected,sj01_local_wind_speed_ms__rise,0.5,15.0,44,False,True,0,False,,sj01_local_wind_speed_ms__rise,0.0035986900329589844
injected,sj01_local_wind_speed_ms__rise,0.5,15.0,45,False,True,0,False,,sj01_local_wind_speed_ms__rise,0.001966586511116475
injected,sj01_local_wind_speed_ms__rise,0.5,15.0,46,False,True,0,False,,sj01_local_wind_speed_ms__rise,0.005908966064453125
injected,sj01_local_wind_speed_ms__rise,0.5,15.0,47,False,False,0,False,,cu01_local_hum_avg_pct__rise,0.008062400855123998
injected,sj01_local_wind_speed_ms__rise,0.5,15.0,48,False,False,0,False,,cu01_local_hum_avg_pct__rise,0.0095786452293396
injected,sj01_local_wind_speed_ms__rise,0.5,15.0,49,False,True,0,False,,sj01_local_wind_speed_ms__rise,0.01544189453125
injected,sj01_local_wind_speed_ms__rise,0.5,30.0,0,False,True,0,False,,sj01_local_wind_speed_ms__rise,0.0018595829606056213
injected,sj01_local_wind_speed_ms__rise,0.5,30.0,1,True,True,1,False,sj01_local_wind_speed_ms__rise,sj01_local_wind_speed_ms__rise,0.0010512007866054773
injected,sj01_local_wind_speed_ms__rise,0.5,30.0,2,True,True,1,False,sj01_local_wind_speed_ms__rise,sj01_local_wind_speed_ms__rise,0.00016245711594820025
injected,sj01_local_wind_speed_ms__rise,0.5,30.0,3,True,True,1,False,sj01_local_wind_speed_ms__rise,sj01_local_wind_speed_ms__rise,0.0007568597793579102
injected,sj01_local_wind_speed_ms__rise,0.5,30.0,4,False,True,0,False,,sj01_local_wind_speed_ms__rise,0.003692626953125
injected,sj01_local_wind_speed_ms__rise,0.5,30.0,5,True,True,1,False,sj01_local_wind_speed_ms__rise,sj01_local_wind_speed_ms__rise,0.00045611709356307983
injected,sj01_local_wind_speed_ms__rise,0.5,30.0,6,True,True,1,False,sj01_local_wind_speed_ms__rise,sj01_local_wind_speed_ms__rise,0.0007154531776905061
injected,sj01_local_wind_speed_ms__rise,0.5,30.0,7,False,True,0,False,,sj01_local_wind_speed_ms__rise,0.005336920265108347
injected,sj01_local_wind_speed_ms__rise,0.5,30.0,8,False,True,0,False,,sj01_local_wind_speed_ms__rise,0.0026114396750926976
injected,sj01_local_wind_speed_ms__rise,0.5,30.0,9,True,True,1,False,sj01_local_wind_speed_ms__rise,sj01_local_wind_speed_ms__rise,0.0004389551468193531
injected,sj01_local_wind_speed_ms__rise,0.5,30.0,10,True,True,1,False,sj01_local_wind_speed_ms__rise,sj01_local_wind_speed_ms__rise,9.650597348809242e-06
injected,sj01_local_wind_speed_ms__rise,0.5,30.0,11,True,True,1,False,sj01_local_wind_speed_ms__rise,sj01_local_wind_speed_ms__rise,0.0001373291015625
injected,sj01_local_wind_speed_ms__rise,0.5,30.0,12,True,True,1,False,sj01_local_wind_speed_ms__rise,sj01_local_wind_speed_ms__rise,0.0011578500270843506
injected,sj01_local_wind_speed_ms__rise,0.5,30.0,13,True,True,1,False,sj01_local_wind_speed_ms__rise,sj01_local_wind_speed_ms__rise,2.3245811462402344e-06
injected,sj01_local_wind_speed_ms__rise,0.5,30.0,14,True,True,1,False,sj01_local_wind_speed_ms__rise,sj01_local_wind_speed_ms__rise,0.0004389551468193531
injected,sj01_local_wind_speed_ms__rise,0.5,30.0,15,True,True,1,False,sj01_local_wind_speed_ms__rise,sj01_local_wind_speed_ms__rise,9.650597348809242e-06
injected,sj01_local_wind_speed_ms__rise,0.5,30.0,16,True,True,1,False,sj01_local_wind_speed_ms__rise,sj01_local_wind_speed_ms__rise,0.0011578500270843506
injected,sj01_local_wind_speed_ms__rise,0.5,30.0,17,False,True,0,False,,sj01_local_wind_speed_ms__rise,0.0018595829606056213
injected,sj01_local_wind_speed_ms__rise,0.5,30.0,18,True,True,1,False,sj01_local_wind_speed_ms__rise,sj01_local_wind_speed_ms__rise,0.0004389551468193531
injected,sj01_local_wind_speed_ms__rise,0.5,30.0,19,True,True,1,False,sj01_local_wind_speed_ms__rise,sj01_local_wind_speed_ms__rise,0.0001373291015625
injected,sj01_local_wind_speed_ms__rise,0.5,30.0,20,True,True,1,False,sj01_local_wind_speed_ms__rise,sj01_local_wind_speed_ms__rise,9.609758853912354e-05
injected,sj01_local_wind_speed_ms__rise,0.5,30.0,21,True,True,1,False,sj01_local_wind_speed_ms__rise,sj01_local_wind_speed_ms__rise,0.0002541302237659693
injected,sj01_local_wind_speed_ms__rise,0.5,30.0,22,True,True,1,False,sj01_local_wind_speed_ms__rise,sj01_local_wind_speed_ms__rise,9.650597348809242e-06
injected,sj01_local_wind_speed_ms__rise,0.5,30.0,23,True,True,1,False,sj01_local_wind_speed_ms__rise,sj01_local_wind_speed_ms__rise,0.00016245711594820025
injected,sj01_local_wind_speed_ms__rise,0.5,30.0,24,True,True,1,False,sj01_local_wind_speed_ms__rise,sj01_local_wind_speed_ms__rise,0.0016634464263916016
injected,sj01_local_wind_speed_ms__rise,0.5,30.0,25,False,True,0,False,,sj01_local_wind_speed_ms__rise,0.005908966064453125
injected,sj01_local_wind_speed_ms__rise,0.5,30.0,26,True,True,1,False,sj01_local_wind_speed_ms__rise,sj01_local_wind_speed_ms__rise,0.0010512007866054773
injected,sj01_local_wind_speed_ms__rise,0.5,30.0,27,True,True,1,False,sj01_local_wind_speed_ms__rise,sj01_local_wind_speed_ms__rise,0.0001620317343622446
injected,sj01_local_wind_speed_ms__rise,0.5,30.0,28,True,True,1,False,sj01_local_wind_speed_ms__rise,sj01_local_wind_speed_ms__rise,8.999556303024292e-05
injected,sj01_local_wind_speed_ms__rise,0.5,30.0,29,True,True,1,False,sj01_local_wind_speed_ms__rise,sj01_local_wind_speed_ms__rise,5.653710104525089e-05
injected,sj01_local_wind_speed_ms__rise,0.5,30.0,30,True,True,1,False,sj01_local_wind_speed_ms__rise,sj01_local_wind_speed_ms__rise,0.00016245711594820025
injected,sj01_local_wind_speed_ms__rise,0.5,30.0,31,True,True,1,False,sj01_local_wind_speed_ms__rise,sj01_local_wind_speed_ms__rise,0.0011578500270843506
injected,sj01_local_wind_speed_ms__rise,0.5,30.0,32,True,True,1,False,sj01_local_wind_speed_ms__rise,sj01_local_wind_speed_ms__rise,0.0007154531776905061
injected,sj01_local_wind_speed_ms__rise,0.5,30.0,33,True,True,1,False,sj01_local_wind_speed_ms__rise,sj01_local_wind_speed_ms__rise,5.1857903599739075e-05
injected,sj01_local_wind_speed_ms__rise,0.5,30.0,34,False,True,0,False,,sj01_local_wind_speed_ms__rise,0.002275692066177726
injected,sj01_local_wind_speed_ms__rise,0.5,30.0,35,True,True,1,False,sj01_local_wind_speed_ms__rise,sj01_local_wind_speed_ms__rise,0.0001620317343622446
injected,sj01_local_wind_speed_ms__rise,0.5,30.0,36,True,True,1,False,sj01_local_wind_speed_ms__rise,sj01_local_wind_speed_ms__rise,5.653710104525089e-05
injected,sj01_local_wind_speed_ms__rise,0.5,30.0,37,False,True,0,False,,sj01_local_wind_speed_ms__rise,0.0020386576652526855
injected,sj01_local_wind_speed_ms__rise,0.5,30.0,38,True,True,1,False,sj01_local_wind_speed_ms__rise,sj01_local_wind_speed_ms__rise,0.0006561279296875
injected,sj01_local_wind_speed_ms__rise,0.5,30.0,39,True,True,1,False,sj01_local_wind_speed_ms__rise,sj01_local_wind_speed_ms__rise,2.9738061130046848e-05
injected,sj01_local_wind_speed_ms__rise,0.5,30.0,40,True,True,1,False,sj01_local_wind_speed_ms__rise,sj01_local_wind_speed_ms__rise,0.0007568597793579102
injected,sj01_local_wind_speed_ms__rise,0.5,30.0,41,True,True,1,False,sj01_local_wind_speed_ms__rise,sj01_local_wind_speed_ms__rise,0.00016245711594820025
injected,sj01_local_wind_speed_ms__rise,0.5,30.0,42,True,True,1,False,sj01_local_wind_speed_ms__rise,sj01_local_wind_speed_ms__rise,0.0001620317343622446
injected,sj01_local_wind_speed_ms__rise,0.5,30.0,43,True,True,1,False,sj01_local_wind_speed_ms__rise,sj01_local_wind_speed_ms__rise,0.0004389551468193531
injected,sj01_local_wind_speed_ms__rise,0.5,30.0,44,True,True,1,False,sj01_local_wind_speed_ms__rise,sj01_local_wind_speed_ms__rise,1.9279075786471367e-05
injected,sj01_local_wind_speed_ms__rise,0.5,30.0,45,True,True,1,False,sj01_local_wind_speed_ms__rise,sj01_local_wind_speed_ms__rise,0.0016634464263916016
injected,sj01_local_wind_speed_ms__rise,0.5,30.0,46,False,True,0,False,,sj01_local_wind_speed_ms__rise,0.0029623061418533325
injected,sj01_local_wind_speed_ms__rise,0.5,30.0,47,False,True,0,False,,sj01_local_wind_speed_ms__rise,0.0018595829606056213
injected,sj01_local_wind_speed_ms__rise,0.5,30.0,48,True,True,1,False,sj01_local_wind_speed_ms__rise,sj01_local_wind_speed_ms__rise,0.0004389551468193531
injected,sj01_local_wind_speed_ms__rise,0.5,30.0,49,True,True,1,False,sj01_local_wind_speed_ms__rise,sj01_local_wind_speed_ms__rise,0.0002730563282966614
injected,sj01_local_wind_speed_ms__rise,0.5,60.0,0,False,True,0,False,,sj01_local_wind_speed_ms__rise,0.0022125244140625
injected,sj01_local_wind_speed_ms__rise,0.5,60.0,1,True,True,1,False,sj01_local_wind_speed_ms__rise,sj01_local_wind_speed_ms__rise,0.0003643035888671875
injected,sj01_local_wind_speed_ms__rise,0.5,60.0,2,True,True,1,False,sj01_local_wind_speed_ms__rise,sj01_local_wind_speed_ms__rise,0.0012884140014648438
injected,sj01_local_wind_speed_ms__rise,0.5,60.0,3,False,True,0,False,,sj01_local_wind_speed_ms__rise,0.0022125244140625
injected,sj01_local_wind_speed_ms__rise,0.5,60.0,4,True,True,1,False,sj01_local_wind_speed_ms__rise,sj01_local_wind_speed_ms__rise,0.0011749267578125
injected,sj01_local_wind_speed_ms__rise,0.5,60.0,5,True,True,1,False,sj01_local_wind_speed_ms__rise,sj01_local_wind_speed_ms__rise,0.0006561279296875
injected,sj01_local_wind_speed_ms__rise,0.5,60.0,6,False,True,0,False,,sj01_local_wind_speed_ms__rise,0.003305375576019287
injected,sj01_local_wind_speed_ms__rise,0.5,60.0,7,False,True,0,False,,sj01_local_wind_speed_ms__rise,0.013301849365234375
injected,sj01_local_wind_speed_ms__rise,0.5,60.0,8,False,True,0,False,,sj01_local_wind_speed_ms__rise,0.0037689208984375
injected,sj01_local_wind_speed_ms__rise,0.5,60.0,9,True,True,1,False,sj01_local_wind_speed_ms__rise,sj01_local_wind_speed_ms__rise,0.0006561279296875
injected,sj01_local_wind_speed_ms__rise,0.5,60.0,10,True,True,1,False,sj01_local_wind_speed_ms__rise,sj01_local_wind_speed_ms__rise,0.0002593994140625
injected,sj01_local_wind_speed_ms__rise,0.5,60.0,11,True,True,1,False,sj01_local_wind_speed_ms__rise,sj01_local_wind_speed_ms__rise,0.0002593994140625
injected,sj01_local_wind_speed_ms__rise,0.5,60.0,12,True,True,1,False,sj01_local_wind_speed_ms__rise,sj01_local_wind_speed_ms__rise,0.001299738883972168
injected,sj01_local_wind_speed_ms__rise,0.5,60.0,13,True,True,1,False,sj01_local_wind_speed_ms__rise,sj01_local_wind_speed_ms__rise,0.0001373291015625
injected,sj01_local_wind_speed_ms__rise,0.5,60.0,14,True,True,1,False,sj01_local_wind_speed_ms__rise,sj01_local_wind_speed_ms__rise,0.0007448196411132812
injected,sj01_local_wind_speed_ms__rise,0.5,60.0,15,True,True,1,False,sj01_local_wind_speed_ms__rise,sj01_local_wind_speed_ms__rise,0.0001373291015625
injected,sj01_local_wind_speed_ms__rise,0.5,60.0,16,False,True,0,False,,sj01_local_wind_speed_ms__rise,0.00845026969909668
injected,sj01_local_wind_speed_ms__rise,0.5,60.0,17,False,True,0,False,,sj01_local_wind_speed_ms__rise,0.0020904541015625
injected,sj01_local_wind_speed_ms__rise,0.5,60.0,18,False,True,0,False,,sj01_local_wind_speed_ms__rise,0.0037689208984375
injected,sj01_local_wind_speed_ms__rise,0.5,60.0,19,True,True,1,False,sj01_local_wind_speed_ms__rise,sj01_local_wind_speed_ms__rise,0.0001373291015625
injected,sj01_local_wind_speed_ms__rise,0.5,60.0,20,True,True,1,False,sj01_local_wind_speed_ms__rise,sj01_local_wind_speed_ms__rise,0.0006561279296875
injected,sj01_local_wind_speed_ms__rise,0.5,60.0,21,False,True,0,False,,sj01_local_wind_speed_ms__rise,0.0022125244140625
injected,sj01_local_wind_speed_ms__rise,0.5,60.0,22,True,True,1,False,sj01_local_wind_speed_ms__rise,sj01_local_wind_speed_ms__rise,0.0003643035888671875
injected,sj01_local_wind_speed_ms__rise,0.5,60.0,23,False,True,0,False,,sj01_local_wind_speed_ms__rise,0.0022125244140625
injected,sj01_local_wind_speed_ms__rise,0.5,60.0,24,False,True,0,False,,sj01_local_wind_speed_ms__rise,0.005311012268066406
injected,sj01_local_wind_speed_ms__rise,0.5,60.0,25,False,True,0,False,,sj01_local_wind_speed_ms__rise,0.0022125244140625
injected,sj01_local_wind_speed_ms__rise,0.5,60.0,26,False,True,0,False,,sj01_local_wind_speed_ms__rise,0.0022125244140625
injected,sj01_local_wind_speed_ms__rise,0.5,60.0,27,False,True,0,False,,sj01_local_wind_speed_ms__rise,0.0020386576652526855
injected,sj01_local_wind_speed_ms__rise,0.5,60.0,28,True,True,1,False,sj01_local_wind_speed_ms__rise,sj01_local_wind_speed_ms__rise,0.0011749267578125
injected,sj01_local_wind_speed_ms__rise,0.5,60.0,29,False,True,0,False,,sj01_local_wind_speed_ms__rise,0.0020386576652526855
injected,sj01_local_wind_speed_ms__rise,0.5,60.0,30,True,True,1,False,sj01_local_wind_speed_ms__rise,sj01_local_wind_speed_ms__rise,0.0011749267578125
injected,sj01_local_wind_speed_ms__rise,0.5,60.0,31,True,True,1,False,sj01_local_wind_speed_ms__rise,sj01_local_wind_speed_ms__rise,0.0012884140014648438
injected,sj01_local_wind_speed_ms__rise,0.5,60.0,32,False,True,0,False,,sj01_local_wind_speed_ms__rise,0.0037689208984375
injected,sj01_local_wind_speed_ms__rise,0.5,60.0,33,True,True,1,False,sj01_local_wind_speed_ms__rise,sj01_local_wind_speed_ms__rise,0.0006561279296875
injected,sj01_local_wind_speed_ms__rise,0.5,60.0,34,False,True,0,False,,sj01_local_wind_speed_ms__rise,0.0022125244140625
injected,sj01_local_wind_speed_ms__rise,0.5,60.0,35,False,True,0,False,,sj01_local_wind_speed_ms__rise,0.005908966064453125
injected,sj01_local_wind_speed_ms__rise,0.5,60.0,36,True,True,1,False,sj01_local_wind_speed_ms__rise,sj01_local_wind_speed_ms__rise,0.0011749267578125
injected,sj01_local_wind_speed_ms__rise,0.5,60.0,37,False,True,0,False,,sj01_local_wind_speed_ms__rise,0.0035986900329589844
injected,sj01_local_wind_speed_ms__rise,0.5,60.0,38,True,True,1,False,sj01_local_wind_speed_ms__rise,sj01_local_wind_speed_ms__rise,0.0003643035888671875
injected,sj01_local_wind_speed_ms__rise,0.5,60.0,39,True,True,1,False,sj01_local_wind_speed_ms__rise,sj01_local_wind_speed_ms__rise,0.0003643035888671875
injected,sj01_local_wind_speed_ms__rise,0.5,60.0,40,True,True,1,False,sj01_local_wind_speed_ms__rise,sj01_local_wind_speed_ms__rise,0.0011749267578125
injected,sj01_local_wind_speed_ms__rise,0.5,60.0,41,True,True,1,False,sj01_local_wind_speed_ms__rise,sj01_local_wind_speed_ms__rise,0.0003643035888671875
injected,sj01_local_wind_speed_ms__rise,0.5,60.0,42,True,True,1,False,sj01_local_wind_speed_ms__rise,sj01_local_wind_speed_ms__rise,0.0006561279296875
injected,sj01_local_wind_speed_ms__rise,0.5,60.0,43,False,True,0,False,,sj01_local_wind_speed_ms__rise,0.005311012268066406
injected,sj01_local_wind_speed_ms__rise,0.5,60.0,44,False,True,0,False,,sj01_local_wind_speed_ms__rise,0.0022125244140625
injected,sj01_local_wind_speed_ms__rise,0.5,60.0,45,True,True,1,False,sj01_local_wind_speed_ms__rise,sj01_local_wind_speed_ms__rise,0.0011749267578125
injected,sj01_local_wind_speed_ms__rise,0.5,60.0,46,False,True,0,False,,sj01_local_wind_speed_ms__rise,0.0037689208984375
injected,sj01_local_wind_speed_ms__rise,0.5,60.0,47,False,True,0,False,,sj01_local_wind_speed_ms__rise,0.011327922344207764
injected,sj01_local_wind_speed_ms__rise,0.5,60.0,48,False,True,0,False,,sj01_local_wind_speed_ms__rise,0.005311012268066406
injected,sj01_local_wind_speed_ms__rise,0.5,60.0,49,True,True,1,False,sj01_local_wind_speed_ms__rise,sj01_local_wind_speed_ms__rise,0.00048828125
injected,sj01_local_wind_speed_ms__rise,1.0,15.0,0,True,True,1,False,sj01_local_wind_speed_ms__rise,sj01_local_wind_speed_ms__rise,0.0002730563282966614
injected,sj01_local_wind_speed_ms__rise,1.0,15.0,1,True,True,1,False,sj01_local_wind_speed_ms__rise,sj01_local_wind_speed_ms__rise,0.0003764485300052911
injected,sj01_local_wind_speed_ms__rise,1.0,15.0,2,True,True,1,False,sj01_local_wind_speed_ms__rise,sj01_local_wind_speed_ms__rise,0.0003643035888671875
injected,sj01_local_wind_speed_ms__rise,1.0,15.0,3,True,True,1,False,sj01_local_wind_speed_ms__rise,sj01_local_wind_speed_ms__rise,9.756279177963734e-05
injected,sj01_local_wind_speed_ms__rise,1.0,15.0,4,True,True,1,False,sj01_local_wind_speed_ms__rise,sj01_local_wind_speed_ms__rise,0.0006561279296875
injected,sj01_local_wind_speed_ms__rise,1.0,15.0,5,True,True,1,False,sj01_local_wind_speed_ms__rise,sj01_local_wind_speed_ms__rise,3.7137651816010475e-06
injected,sj01_local_wind_speed_ms__rise,1.0,15.0,6,True,True,1,False,sj01_local_wind_speed_ms__rise,sj01_local_wind_speed_ms__rise,9.756279177963734e-05
injected,sj01_local_wind_speed_ms__rise,1.0,15.0,7,True,True,1,False,sj01_local_wind_speed_ms__rise,sj01_local_wind_speed_ms__rise,0.0005966214812360704
injected,sj01_local_wind_speed_ms__rise,1.0,15.0,8,True,True,1,False,sj01_local_wind_speed_ms__rise,sj01_local_wind_speed_ms__rise,0.0005966214812360704
injected,sj01_local_wind_speed_ms__rise,1.0,15.0,9,True,True,1,False,sj01_local_wind_speed_ms__rise,sj01_local_wind_speed_ms__rise,2.127981133526191e-06
injected,sj01_local_wind_speed_ms__rise,1.0,15.0,10,True,True,1,False,sj01_local_wind_speed_ms__rise,sj01_local_wind_speed_ms__rise,7.618218660354614e-06
injected,sj01_local_wind_speed_ms__rise,1.0,15.0,11,True,True,1,False,sj01_local_wind_speed_ms__rise,sj01_local_wind_speed_ms__rise,9.650597348809242e-06
injected,sj01_local_wind_speed_ms__rise,1.0,15.0,12,True,True,1,False,sj01_local_wind_speed_ms__rise,sj01_local_wind_speed_ms__rise,0.0002675263676792383
injected,sj01_local_wind_speed_ms__rise,1.0,15.0,13,True,True,1,False,sj01_local_wind_speed_ms__rise,sj01_local_wind_speed_ms__rise,9.650597348809242e-06
injected,sj01_local_wind_speed_ms__rise,1.0,15.0,14,True,True,1,False,sj01_local_wind_speed_ms__rise,sj01_local_wind_speed_ms__rise,3.5127392038702965e-05
injected,sj01_local_wind_speed_ms__rise,1.0,15.0,15,True,True,1,False,sj01_local_wind_speed_ms__rise,sj01_local_wind_speed_ms__rise,1.266040180780692e-05
injected,sj01_local_wind_speed_ms__rise,1.0,15.0,16,True,True,1,False,sj01_local_wind_speed_ms__rise,sj01_local_wind_speed_ms__rise,0.0007154531776905061
injected,sj01_local_wind_speed_ms__rise,1.0,15.0,17,True,True,1,False,sj01_local_wind_speed_ms__rise,sj01_local_wind_speed_ms__rise,0.0012469589710235596
injected,sj01_local_wind_speed_ms__rise,1.0,15.0,18,True,True,1,False,sj01_local_wind_speed_ms__rise,sj01_local_wind_speed_ms__rise,0.00014703843771712855
injected,sj01_local_wind_speed_ms__rise,1.0,15.0,19,True,True,1,False,sj01_local_wind_speed_ms__rise,sj01_local_wind_speed_ms__rise,0.00020122528076171875
injected,sj01_local_wind_speed_ms__rise,1.0,15.0,20,True,True,1,False,sj01_local_wind_speed_ms__rise,sj01_local_wind_speed_ms__rise,3.08244489133358e-06
injected,sj01_local_wind_speed_ms__rise,1.0,15.0,21,True,True,1,False,sj01_local_wind_speed_ms__rise,sj01_local_wind_speed_ms__rise,5.653710104525089e-05
injected,sj01_local_wind_speed_ms__rise,1.0,15.0,22,True,True,1,False,sj01_local_wind_speed_ms__rise,sj01_local_wind_speed_ms__rise,7.14963061909657e-06
injected,sj01_local_wind_speed_ms__rise,1.0,15.0,23,True,True,1,False,sj01_local_wind_speed_ms__rise,sj01_local_wind_speed_ms__rise,5.464302375912666e-06
injected,sj01_local_wind_speed_ms__rise,1.0,15.0,24,True,True,1,False,sj01_local_wind_speed_ms__rise,sj01_local_wind_speed_ms__rise,0.0002675263676792383
injected,sj01_local_wind_speed_ms__rise,1.0,15.0,25,True,True,1,False,sj01_local_wind_speed_ms__rise,sj01_local_wind_speed_ms__rise,0.0004389551468193531
injected,sj01_local_wind_speed_ms__rise,1.0,15.0,26,True,True,1,False,sj01_local_wind_speed_ms__rise,sj01_local_wind_speed_ms__rise,5.653710104525089e-05
injected,sj01_local_wind_speed_ms__rise,1.0,15.0,27,True,True,1,False,sj01_local_wind_speed_ms__rise,sj01_local_wind_speed_ms__rise,3.309384919703007e-05
injected,sj01_local_wind_speed_ms__rise,1.0,15.0,28,True,True,1,False,sj01_local_wind_speed_ms__rise,sj01_local_wind_speed_ms__rise,0.00020122528076171875
injected,sj01_local_wind_speed_ms__rise,1.0,15.0,29,True,True,1,False,sj01_local_wind_speed_ms__rise,sj01_local_wind_speed_ms__rise,0.0003643035888671875
injected,sj01_local_wind_speed_ms__rise,1.0,15.0,30,True,True,1,False,sj01_local_wind_speed_ms__rise,sj01_local_wind_speed_ms__rise,3.7137651816010475e-06
injected,sj01_local_wind_speed_ms__rise,1.0,15.0,31,True,True,1,False,sj01_local_wind_speed_ms__rise,sj01_local_wind_speed_ms__rise,1.9279075786471367e-05
injected,sj01_local_wind_speed_ms__rise,1.0,15.0,32,True,True,1,False,sj01_local_wind_speed_ms__rise,sj01_local_wind_speed_ms__rise,8.999556303024292e-05
injected,sj01_local_wind_speed_ms__rise,1.0,15.0,33,True,True,1,False,sj01_local_wind_speed_ms__rise,sj01_local_wind_speed_ms__rise,7.826089859008789e-05
injected,sj01_local_wind_speed_ms__rise,1.0,15.0,34,True,True,1,False,sj01_local_wind_speed_ms__rise,sj01_local_wind_speed_ms__rise,9.756279177963734e-05
injected,sj01_local_wind_speed_ms__rise,1.0,15.0,35,True,True,1,False,sj01_local_wind_speed_ms__rise,sj01_local_wind_speed_ms__rise,0.00015627557877451181
injected,sj01_local_wind_speed_ms__rise,1.0,15.0,36,True,True,1,False,sj01_local_wind_speed_ms__rise,sj01_local_wind_speed_ms__rise,1.2171280104666948e-05
injected,sj01_local_wind_speed_ms__rise,1.0,15.0,37,True,True,1,False,sj01_local_wind_speed_ms__rise,sj01_local_wind_speed_ms__rise,0.0004389551468193531
injected,sj01_local_wind_speed_ms__rise,1.0,15.0,38,True,True,1,False,sj01_local_wind_speed_ms__rise,sj01_local_wind_speed_ms__rise,5.842093378305435e-05
injected,sj01_local_wind_speed_ms__rise,1.0,15.0,39,True,True,1,False,sj01_local_wind_speed_ms__rise,sj01_local_wind_speed_ms__rise,9.108291487791575e-05
injected,sj01_local_wind_speed_ms__rise,1.0,15.0,40,True,True,1,False,sj01_local_wind_speed_ms__rise,sj01_local_wind_speed_ms__rise,3.309384919703007e-05
injected,sj01_local_wind_speed_ms__rise,1.0,15.0,41,True,True,1,False,sj01_local_wind_speed_ms__rise,sj01_local_wind_speed_ms__rise,3.0192677513696253e-07
injected,sj01_local_wind_speed_ms__rise,1.0,15.0,42,True,True,1,False,sj01_local_wind_speed_ms__rise,sj01_local_wind_speed_ms__rise,2.062879502773285e-05
injected,sj01_local_wind_speed_ms__rise,1.0,15.0,43,True,True,1,False,sj01_local_wind_speed_ms__rise,sj01_local_wind_speed_ms__rise,1.9279075786471367e-05
injected,sj01_local_wind_speed_ms__rise,1.0,15.0,44,True,True,1,False,sj01_local_wind_speed_ms__rise,sj01_local_wind_speed_ms__rise,9.756279177963734e-05
injected,sj01_local_wind_speed_ms__rise,1.0,15.0,45,True,True,1,False,sj01_local_wind_speed_ms__rise,sj01_local_wind_speed_ms__rise,2.1138511328899767e-05
injected,sj01_local_wind_speed_ms__rise,1.0,15.0,46,True,True,1,False,sj01_local_wind_speed_ms__rise,sj01_local_wind_speed_ms__rise,9.553821291774511e-05
injected,sj01_local_wind_speed_ms__rise,1.0,15.0,47,True,True,1,False,sj01_local_wind_speed_ms__rise,sj01_local_wind_speed_ms__rise,0.0009391127387061716
injected,sj01_local_wind_speed_ms__rise,1.0,15.0,48,True,True,1,False,sj01_local_wind_speed_ms__rise,sj01_local_wind_speed_ms__rise,9.609758853912354e-05
injected,sj01_local_wind_speed_ms__rise,1.0,15.0,49,True,True,1,False,sj01_local_wind_speed_ms__rise,sj01_local_wind_speed_ms__rise,5.842093378305435e-05
injected,sj01_local_wind_speed_ms__rise,1.0,30.0,0,True,True,1,False,sj01_local_wind_speed_ms__rise,sj01_local_wind_speed_ms__rise,0.0002730563282966614
injected,sj01_local_wind_speed_ms__rise,1.0,30.0,1,True,True,1,False,sj01_local_wind_speed_ms__rise,sj01_local_wind_speed_ms__rise,3.309384919703007e-05
injected,sj01_local_wind_speed_ms__rise,1.0,30.0,2,True,True,1,False,sj01_local_wind_speed_ms__rise,sj01_local_wind_speed_ms__rise,5.1857903599739075e-05
injected,sj01_local_wind_speed_ms__rise,1.0,30.0,3,True,True,1,False,sj01_local_wind_speed_ms__rise,sj01_local_wind_speed_ms__rise,2.9738061130046848e-05
injected,sj01_local_wind_speed_ms__rise,1.0,30.0,4,True,True,1,False,sj01_local_wind_speed_ms__rise,sj01_local_wind_speed_ms__rise,0.0004552602767944336
injected,sj01_local_wind_speed_ms__rise,1.0,30.0,5,True,True,1,False,sj01_local_wind_speed_ms__rise,sj01_local_wind_speed_ms__rise,4.215165972709656e-06
injected,sj01_local_wind_speed_ms__rise,1.0,30.0,6,True,True,1,False,sj01_local_wind_speed_ms__rise,sj01_local_wind_speed_ms__rise,1.697661355137825e-05
injected,sj01_local_wind_speed_ms__rise,1.0,30.0,7,True,True,1,False,sj01_local_wind_speed_ms__rise,sj01_local_wind_speed_ms__rise,0.0005966214812360704
injected,sj01_local_wind_speed_ms__rise,1.0,30.0,8,True,True,1,False,sj01_local_wind_speed_ms__rise,sj01_local_wind_speed_ms__rise,0.0002675263676792383
injected,sj01_local_wind_speed_ms__rise,1.0,30.0,9,True,True,1,False,sj01_local_wind_speed_ms__rise,sj01_local_wind_speed_ms__rise,9.650597348809242e-06
injected,sj01_local_wind_speed_ms__rise,1.0,30.0,10,True,True,1,False,sj01_local_wind_speed_ms__rise,sj01_local_wind_speed_ms__rise,6.542541086673737e-08
injected,sj01_local_wind_speed_ms__rise,1.0,30.0,11,True,True,1,False,sj01_local_wind_speed_ms__rise,sj01_local_wind_speed_ms__rise,5.245208740234375e-06
injected,sj01_local_wind_speed_ms__rise,1.0,30.0,12,True,True,1,False,sj01_local_wind_speed_ms__rise,sj01_local_wind_speed_ms__rise,2.9738061130046848e-05
injected,sj01_local_wind_speed_ms__rise,1.0,30.0,13,True,True,1,False,sj01_local_wind_speed_ms__rise,sj01_local_wind_speed_ms__rise,3.4691765904426575e-08
injected,sj01_local_wind_speed_ms__rise,1.0,30.0,14,True,True,1,False,sj01_local_wind_speed_ms__rise,sj01_local_wind_speed_ms__rise,1.9279075786471367e-05
injected,sj01_local_wind_speed_ms__rise,1.0,30.0,15,True,True,1,False,sj01_local_wind_speed_ms__rise,sj01_local_wind_speed_ms__rise,2.0884908735752106e-07
injected,sj01_local_wind_speed_ms__rise,1.0,30.0,16,True,True,1,False,sj01_local_wind_speed_ms__rise,sj01_local_wind_speed_ms__rise,5.1857903599739075e-05
injected,sj01_local_wind_speed_ms__rise,1.0,30.0,17,True,True,1,False,sj01_local_wind_speed_ms__rise,sj01_local_wind_speed_ms__rise,5.1857903599739075e-05
injected,sj01_local_wind_speed_ms__rise,1.0,30.0,18,True,True,1,False,sj01_local_wind_speed_ms__rise,sj01_local_wind_speed_ms__rise,5.842093378305435e-05
injected,sj01_local_wind_speed_ms__rise,1.0,30.0,19,True,True,1,False,sj01_local_wind_speed_ms__rise,sj01_local_wind_speed_ms__rise,4.215165972709656e-06
injected,sj01_local_wind_speed_ms__rise,1.0,30.0,20,True,True,1,False,sj01_local_wind_speed_ms__rise,sj01_local_wind_speed_ms__rise,1.2780074030160904e-06
injected,sj01_local_wind_speed_ms__rise,1.0,30.0,21,True,True,1,False,sj01_local_wind_speed_ms__rise,sj01_local_wind_speed_ms__rise,2.062879502773285e-05
injected,sj01_local_wind_speed_ms__rise,1.0,30.0,22,True,True,1,False,sj01_local_wind_speed_ms__rise,sj01_local_wind_speed_ms__rise,3.8300640881061554e-07
injected,sj01_local_wind_speed_ms__rise,1.0,30.0,23,True,True,1,False,sj01_local_wind_speed_ms__rise,sj01_local_wind_speed_ms__rise,2.3245811462402344e-06
injected,sj01_local_wind_speed_ms__rise,1.0,30.0,24,True,True,1,False,sj01_local_wind_speed_ms__rise,sj01_local_wind_speed_ms__rise,9.609758853912354e-05
injected,sj01_local_wind_speed_ms__rise,1.0,30.0,25,True,True,1,False,sj01_local_wind_speed_ms__rise,sj01_local_wind_speed_ms__rise,0.00045611709356307983
injected,sj01_local_wind_speed_ms__rise,1.0,30.0,26,True,True,1,False,sj01_local_wind_speed_ms__rise,sj01_local_wind_speed_ms__rise,3.309384919703007e-05
injected,sj01_local_wind_speed_ms__rise,1.0,30.0,27,True,True,1,False,sj01_local_wind_speed_ms__rise,sj01_local_wind_speed_ms__rise,9.650597348809242e-06
injected,sj01_local_wind_speed_ms__rise,1.0,30.0,28,True,True,1,False,sj01_local_wind_speed_ms__rise,sj01_local_wind_speed_ms__rise,4.33996319770813e-07
injected,sj01_local_wind_speed_ms__rise,1.0,30.0,29,True,True,1,False,sj01_local_wind_speed_ms__rise,sj01_local_wind_speed_ms__rise,5.464302375912666e-06
injected,sj01_local_wind_speed_ms__rise,1.0,30.0,30,True,True,1,False,sj01_local_wind_speed_ms__rise,sj01_local_wind_speed_ms__rise,4.215165972709656e-06
injected,sj01_local_wind_speed_ms__rise,1.0,30.0,31,True,True,1,False,sj01_local_wind_speed_ms__rise,sj01_local_wind_speed_ms__rise,2.9738061130046848e-05
injected,sj01_local_wind_speed_ms__rise,1.0,30.0,32,True,True,1,False,sj01_local_wind_speed_ms__rise,sj01_local_wind_speed_ms__rise,9.650597348809242e-06
injected,sj01_local_wind_speed_ms__rise,1.0,30.0,33,True,True,1,False,sj01_local_wind_speed_ms__rise,sj01_local_wind_speed_ms__rise,1.516193151473999e-06
injected,sj01_local_wind_speed_ms__rise,1.0,30.0,34,True,True,1,False,sj01_local_wind_speed_ms__rise,sj01_local_wind_speed_ms__rise,0.0004106976557523012
injected,sj01_local_wind_speed_ms__rise,1.0,30.0,35,True,True,1,False,sj01_local_wind_speed_ms__rise,sj01_local_wind_speed_ms__rise,9.650597348809242e-06
injected,sj01_local_wind_speed_ms__rise,1.0,30.0,36,True,True,1,False,sj01_local_wind_speed_ms__rise,sj01_local_wind_speed_ms__rise,1.2780074030160904e-06
injected,sj01_local_wind_speed_ms__rise,1.0,30.0,37,True,True,1,False,sj01_local_wind_speed_ms__rise,sj01_local_wind_speed_ms__rise,2.4616718292236328e-05
injected,sj01_local_wind_speed_ms__rise,1.0,30.0,38,True,True,1,False,sj01_local_wind_speed_ms__rise,sj01_local_wind_speed_ms__rise,2.9738061130046848e-05
injected,sj01_local_wind_speed_ms__rise,1.0,30.0,39,True,True,1,False,sj01_local_wind_speed_ms__rise,sj01_local_wind_speed_ms__rise,7.005874067544937e-07
injected,sj01_local_wind_speed_ms__rise,1.0,30.0,40,True,True,1,False,sj01_local_wind_speed_ms__rise,sj01_local_wind_speed_ms__rise,3.309384919703007e-05
injected,sj01_local_wind_speed_ms__rise,1.0,30.0,41,True,True,1,False,sj01_local_wind_speed_ms__rise,sj01_local_wind_speed_ms__rise,1.2780074030160904e-06
injected,sj01_local_wind_speed_ms__rise,1.0,30.0,42,True,True,1,False,sj01_local_wind_speed_ms__rise,sj01_local_wind_speed_ms__rise,3.08244489133358e-06
injected,sj01_local_wind_speed_ms__rise,1.0,30.0,43,True,True,1,False,sj01_local_wind_speed_ms__rise,sj01_local_wind_speed_ms__rise,5.653710104525089e-05
injected,sj01_local_wind_speed_ms__rise,1.0,30.0,44,True,True,1,False,sj01_local_wind_speed_ms__rise,sj01_local_wind_speed_ms__rise,3.08244489133358e-06
injected,sj01_local_wind_speed_ms__rise,1.0,30.0,45,True,True,1,False,sj01_local_wind_speed_ms__rise,sj01_local_wind_speed_ms__rise,9.756279177963734e-05
injected,sj01_local_wind_speed_ms__rise,1.0,30.0,46,True,True,1,False,sj01_local_wind_speed_ms__rise,sj01_local_wind_speed_ms__rise,8.999556303024292e-05
injected,sj01_local_wind_speed_ms__rise,1.0,30.0,47,True,True,1,False,sj01_local_wind_speed_ms__rise,sj01_local_wind_speed_ms__rise,0.00016245711594820025
injected,sj01_local_wind_speed_ms__rise,1.0,30.0,48,True,True,1,False,sj01_local_wind_speed_ms__rise,sj01_local_wind_speed_ms__rise,2.9738061130046848e-05
injected,sj01_local_wind_speed_ms__rise,1.0,30.0,49,True,True,1,False,sj01_local_wind_speed_ms__rise,sj01_local_wind_speed_ms__rise,7.618218660354614e-06
injected,sj01_local_wind_speed_ms__rise,1.0,60.0,0,True,True,1,False,sj01_local_wind_speed_ms__rise,sj01_local_wind_speed_ms__rise,0.0002730563282966614
injected,sj01_local_wind_speed_ms__rise,1.0,60.0,1,True,True,1,False,sj01_local_wind_speed_ms__rise,sj01_local_wind_speed_ms__rise,0.0001620317343622446
injected,sj01_local_wind_speed_ms__rise,1.0,60.0,2,True,True,1,False,sj01_local_wind_speed_ms__rise,sj01_local_wind_speed_ms__rise,0.0001553744077682495
injected,sj01_local_wind_speed_ms__rise,1.0,60.0,3,True,True,1,False,sj01_local_wind_speed_ms__rise,sj01_local_wind_speed_ms__rise,0.0002730563282966614
injected,sj01_local_wind_speed_ms__rise,1.0,60.0,4,True,True,1,False,sj01_local_wind_speed_ms__rise,sj01_local_wind_speed_ms__rise,0.000244140625
injected,sj01_local_wind_speed_ms__rise,1.0,60.0,5,True,True,1,False,sj01_local_wind_speed_ms__rise,sj01_local_wind_speed_ms__rise,2.823770046234131e-06
injected,sj01_local_wind_speed_ms__rise,1.0,60.0,6,True,True,1,False,sj01_local_wind_speed_ms__rise,sj01_local_wind_speed_ms__rise,5.1857903599739075e-05
injected,sj01_local_wind_speed_ms__rise,1.0,60.0,7,True,True,1,False,sj01_local_wind_speed_ms__rise,sj01_local_wind_speed_ms__rise,0.0014675278216600418
injected,sj01_local_wind_speed_ms__rise,1.0,60.0,8,True,True,1,False,sj01_local_wind_speed_ms__rise,sj01_local_wind_speed_ms__rise,0.0002675263676792383
injected,sj01_local_wind_speed_ms__rise,1.0,60.0,9,True,True,1,False,sj01_local_wind_speed_ms__rise,sj01_local_wind_speed_ms__rise,2.9738061130046848e-05
injected,sj01_local_wind_speed_ms__rise,1.0,60.0,10,True,True,1,False,sj01_local_wind_speed_ms__rise,sj01_local_wind_speed_ms__rise,2.314336597919464e-07
injected,sj01_local_wind_speed_ms__rise,1.0,60.0,11,True,True,1,False,sj01_local_wind_speed_ms__rise,sj01_local_wind_speed_ms__rise,5.245208740234375e-06
injected,sj01_local_wind_speed_ms__rise,1.0,60.0,12,True,True,1,False,sj01_local_wind_speed_ms__rise,sj01_local_wind_speed_ms__rise,5.1857903599739075e-05
injected,sj01_local_wind_speed_ms__rise,1.0,60.0,13,True,True,1,False,sj01_local_wind_speed_ms__rise,sj01_local_wind_speed_ms__rise,1.9073486328125e-06
injected,sj01_local_wind_speed_ms__rise,1.0,60.0,14,True,True,1,False,sj01_local_wind_speed_ms__rise,sj01_local_wind_speed_ms__rise,1.697661355137825e-05
injected,sj01_local_wind_speed_ms__rise,1.0,60.0,15,True,True,1,False,sj01_local_wind_speed_ms__rise,sj01_local_wind_speed_ms__rise,6.542541086673737e-08
injected,sj01_local_wind_speed_ms__rise,1.0,60.0,16,True,True,1,False,sj01_local_wind_speed_ms__rise,sj01_local_wind_speed_ms__rise,4.398822784423828e-05
injected,sj01_local_wind_speed_ms__rise,1.0,60.0,17,True,True,1,False,sj01_local_wind_speed_ms__rise,sj01_local_wind_speed_ms__rise,0.0002730563282966614
injected,sj01_local_wind_speed_ms__rise,1.0,60.0,18,True,True,1,False,sj01_local_wind_speed_ms__rise,sj01_local_wind_speed_ms__rise,0.0001620317343622446
injected,sj01_local_wind_speed_ms__rise,1.0,60.0,19,True,True,1,False,sj01_local_wind_speed_ms__rise,sj01_local_wind_speed_ms__rise,7.2479248046875e-05
injected,sj01_local_wind_speed_ms__rise,1.0,60.0,20,True,True,1,False,sj01_local_wind_speed_ms__rise,sj01_local_wind_speed_ms__rise,2.3245811462402344e-06
injected,sj01_local_wind_speed_ms__rise,1.0,60.0,21,True,True,1,False,sj01_local_wind_speed_ms__rise,sj01_local_wind_speed_ms__rise,3.480084706097841e-05
injected,sj01_local_wind_speed_ms__rise,1.0,60.0,22,True,True,1,False,sj01_local_wind_speed_ms__rise,sj01_local_wind_speed_ms__rise,5.464302375912666e-06
injected,sj01_local_wind_speed_ms__rise,1.0,60.0,23,True,True,1,False,sj01_local_wind_speed_ms__rise,sj01_local_wind_speed_ms__rise,7.618218660354614e-06
injected,sj01_local_wind_speed_ms__rise,1.0,60.0,24,True,True,1,False,sj01_local_wind_speed_ms__rise,sj01_local_wind_speed_ms__rise,5.1857903599739075e-05
injected,sj01_local_wind_speed_ms__rise,1.0,60.0,25,True,True,1,False,sj01_local_wind_speed_ms__rise,sj01_local_wind_speed_ms__rise,0.0001553744077682495
injected,sj01_local_wind_speed_ms__rise,1.0,60.0,26,True,True,1,False,sj01_local_wind_speed_ms__rise,sj01_local_wind_speed_ms__rise,3.309384919703007e-05
injected,sj01_local_wind_speed_ms__rise,1.0,60.0,27,True,True,1,False,sj01_local_wind_speed_ms__rise,sj01_local_wind_speed_ms__rise,4.215165972709656e-06
injected,sj01_local_wind_speed_ms__rise,1.0,60.0,28,True,True,1,False,sj01_local_wind_speed_ms__rise,sj01_local_wind_speed_ms__rise,2.9738061130046848e-05
injected,sj01_local_wind_speed_ms__rise,1.0,60.0,29,True,True,1,False,sj01_local_wind_speed_ms__rise,sj01_local_wind_speed_ms__rise,9.650597348809242e-06
injected,sj01_local_wind_speed_ms__rise,1.0,60.0,30,True,True,1,False,sj01_local_wind_speed_ms__rise,sj01_local_wind_speed_ms__rise,1.372024416923523e-05
injected,sj01_local_wind_speed_ms__rise,1.0,60.0,31,True,True,1,False,sj01_local_wind_speed_ms__rise,sj01_local_wind_speed_ms__rise,8.999556303024292e-05
injected,sj01_local_wind_speed_ms__rise,1.0,60.0,32,True,True,1,False,sj01_local_wind_speed_ms__rise,sj01_local_wind_speed_ms__rise,2.9738061130046848e-05
injected,sj01_local_wind_speed_ms__rise,1.0,60.0,33,True,True,1,False,sj01_local_wind_speed_ms__rise,sj01_local_wind_speed_ms__rise,7.618218660354614e-06
injected,sj01_local_wind_speed_ms__rise,1.0,60.0,34,True,True,1,False,sj01_local_wind_speed_ms__rise,sj01_local_wind_speed_ms__rise,0.0002675263676792383
injected,sj01_local_wind_speed_ms__rise,1.0,60.0,35,True,True,1,False,sj01_local_wind_speed_ms__rise,sj01_local_wind_speed_ms__rise,9.609758853912354e-05
injected,sj01_local_wind_speed_ms__rise,1.0,60.0,36,True,True,1,False,sj01_local_wind_speed_ms__rise,sj01_local_wind_speed_ms__rise,4.215165972709656e-06
injected,sj01_local_wind_speed_ms__rise,1.0,60.0,37,True,True,1,False,sj01_local_wind_speed_ms__rise,sj01_local_wind_speed_ms__rise,8.999556303024292e-05
injected,sj01_local_wind_speed_ms__rise,1.0,60.0,38,True,True,1,False,sj01_local_wind_speed_ms__rise,sj01_local_wind_speed_ms__rise,2.002716064453125e-05
injected,sj01_local_wind_speed_ms__rise,1.0,60.0,39,True,True,1,False,sj01_local_wind_speed_ms__rise,sj01_local_wind_speed_ms__rise,2.3245811462402344e-06
injected,sj01_local_wind_speed_ms__rise,1.0,60.0,40,True,True,1,False,sj01_local_wind_speed_ms__rise,sj01_local_wind_speed_ms__rise,7.2479248046875e-05
injected,sj01_local_wind_speed_ms__rise,1.0,60.0,41,True,True,1,False,sj01_local_wind_speed_ms__rise,sj01_local_wind_speed_ms__rise,4.215165972709656e-06
injected,sj01_local_wind_speed_ms__rise,1.0,60.0,42,True,True,1,False,sj01_local_wind_speed_ms__rise,sj01_local_wind_speed_ms__rise,5.464302375912666e-06
injected,sj01_local_wind_speed_ms__rise,1.0,60.0,43,True,True,1,False,sj01_local_wind_speed_ms__rise,sj01_local_wind_speed_ms__rise,7.618218660354614e-06
injected,sj01_local_wind_speed_ms__rise,1.0,60.0,44,True,True,1,False,sj01_local_wind_speed_ms__rise,sj01_local_wind_speed_ms__rise,3.309384919703007e-05
injected,sj01_local_wind_speed_ms__rise,1.0,60.0,45,True,True,1,False,sj01_local_wind_speed_ms__rise,sj01_local_wind_speed_ms__rise,0.0001620317343622446
injected,sj01_local_wind_speed_ms__rise,1.0,60.0,46,True,True,1,False,sj01_local_wind_speed_ms__rise,sj01_local_wind_speed_ms__rise,4.398822784423828e-05
injected,sj01_local_wind_speed_ms__rise,1.0,60.0,47,True,True,1,False,sj01_local_wind_speed_ms__rise,sj01_local_wind_speed_ms__rise,5.1857903599739075e-05
injected,sj01_local_wind_speed_ms__rise,1.0,60.0,48,True,True,1,False,sj01_local_wind_speed_ms__rise,sj01_local_wind_speed_ms__rise,1.372024416923523e-05
injected,sj01_local_wind_speed_ms__rise,1.0,60.0,49,True,True,1,False,sj01_local_wind_speed_ms__rise,sj01_local_wind_speed_ms__rise,5.1857903599739075e-05
injected,sj01_local_press_hpa__rise,0.5,15.0,0,False,False,0,False,,cu01_local_hum_avg_pct__rise,0.005336920265108347
injected,sj01_local_press_hpa__rise,0.5,15.0,1,False,False,0,False,,cu01_local_hum_avg_pct__rise,0.006270475685596466
injected,sj01_local_press_hpa__rise,0.5,15.0,2,False,False,0,False,,cu01_local_hum_avg_pct__rise,0.0035001833457499743
injected,sj01_local_press_hpa__rise,0.5,15.0,3,False,True,0,False,,sj01_local_press_hpa__rise,0.011327922344207764
injected,sj01_local_press_hpa__rise,0.5,15.0,4,False,False,0,False,,cu01_local_hum_avg_pct__rise,0.005336920265108347
injected,sj01_local_press_hpa__rise,0.5,15.0,5,False,True,0,False,,sj01_local_press_hpa__rise,0.0029623061418533325
injected,sj01_local_press_hpa__rise,0.5,15.0,6,False,True,0,False,,sj01_local_press_hpa__rise,0.0029623061418533325
injected,sj01_local_press_hpa__rise,0.5,15.0,7,False,False,0,False,,cu01_local_hum_avg_pct__rise,0.0095786452293396
injected,sj01_local_press_hpa__rise,0.5,15.0,8,False,True,0,False,,sj01_local_press_hpa__rise,0.013301849365234375
injected,sj01_local_press_hpa__rise,0.5,15.0,9,False,True,0,False,,sj01_local_press_hpa__rise,0.0046776533126831055
injected,sj01_local_press_hpa__rise,0.5,15.0,10,True,True,1,False,sj01_local_press_hpa__rise,sj01_local_press_hpa__rise,0.0007568597793579102
injected,sj01_local_press_hpa__rise,0.5,15.0,11,False,True,0,False,,sj01_local_press_hpa__rise,0.002171754837036133
injected,sj01_local_press_hpa__rise,0.5,15.0,12,False,False,0,False,,sj01_local_wind_speed_ms__rise,0.00960540771484375
injected,sj01_local_press_hpa__rise,0.5,15.0,13,False,False,0,False,,cu01_local_hum_avg_pct__rise,0.021386972628533847
injected,sj01_local_press_hpa__rise,0.5,15.0,14,False,False,0,False,,cu01_local_hum_avg_pct__rise,0.021386972628533847
injected,sj01_local_press_hpa__rise,0.5,15.0,15,False,True,0,False,,sj01_local_press_hpa__rise,0.013301849365234375
injected,sj01_local_press_hpa__rise,0.5,15.0,16,False,True,0,False,,sj01_local_press_hpa__rise,0.011327922344207764
injected,sj01_local_press_hpa__rise,0.5,15.0,17,False,False,0,False,,cu01_local_hum_avg_pct__rise,0.008062400855123998
injected,sj01_local_press_hpa__rise,0.5,15.0,18,False,False,0,False,,cu01_local_hum_avg_pct__rise,0.005336920265108347
injected,sj01_local_press_hpa__rise,0.5,15.0,19,False,False,0,False,,cu01_local_hum_avg_pct__rise,0.0095786452293396
injected,sj01_local_press_hpa__rise,0.5,15.0,20,False,True,0,False,,sj01_local_press_hpa__rise,0.003305375576019287
injected,sj01_local_press_hpa__rise,0.5,15.0,21,False,True,0,False,,sj01_local_press_hpa__rise,0.0026114396750926976
injected,sj01_local_press_hpa__rise,0.5,15.0,22,False,True,0,False,,sj01_local_press_hpa__rise,0.0020386576652526855
injected,sj01_local_press_hpa__rise,0.5,15.0,23,False,True,0,False,,sj01_local_press_hpa__rise,0.005311012268066406
injected,sj01_local_press_hpa__rise,0.5,15.0,24,False,False,0,False,,cu01_local_hum_avg_pct__rise,0.0095786452293396
injected,sj01_local_press_hpa__rise,0.5,15.0,25,False,False,0,False,,cu01_local_hum_avg_pct__rise,0.0035001833457499743
injected,sj01_local_press_hpa__rise,0.5,15.0,26,False,False,0,False,,cu01_local_hum_avg_pct__rise,0.01205977238714695
injected,sj01_local_press_hpa__rise,0.5,15.0,27,False,False,0,False,,cu01_local_hum_avg_pct__rise,0.008062400855123998
injected,sj01_local_press_hpa__rise,0.5,15.0,28,False,True,0,False,,sj01_local_press_hpa__rise,0.0035986900329589844
injected,sj01_local_press_hpa__rise,0.5,15.0,29,False,True,0,False,,sj01_local_press_hpa__rise,0.0020386576652526855
injected,sj01_local_press_hpa__rise,0.5,15.0,30,False,True,0,False,,sj01_local_press_hpa__rise,0.0046776533126831055
injected,sj01_local_press_hpa__rise,0.5,15.0,31,False,False,0,False,,sj01_local_wind_speed_ms__rise,0.01544189453125
injected,sj01_local_press_hpa__rise,0.5,15.0,32,False,False,0,False,,cu01_local_hum_avg_pct__rise,0.021386972628533847
injected,sj01_local_press_hpa__rise,0.5,15.0,33,False,False,0,False,,cu01_local_hum_avg_pct__rise,0.014724686741828918
injected,sj01_local_press_hpa__rise,0.5,15.0,34,False,False,0,False,,cu01_local_hum_avg_pct__rise,0.005336920265108347
injected,sj01_local_press_hpa__rise,0.5,15.0,35,False,True,0,False,,sj01_local_press_hpa__rise,0.003305375576019287
injected,sj01_local_press_hpa__rise,0.5,15.0,36,False,True,0,False,,sj01_local_press_hpa__rise,0.007316648960113525
injected,sj01_local_press_hpa__rise,0.5,15.0,37,False,False,0,False,,cu01_local_hum_avg_pct__rise,0.01205977238714695
injected,sj01_local_press_hpa__rise,0.5,15.0,38,False,True,0,False,,sj01_local_press_hpa__rise,0.011327922344207764
injected,sj01_local_press_hpa__rise,0.5,15.0,39,False,False,0,False,,cu01_local_hum_avg_pct__rise,0.005336920265108347
injected,sj01_local_press_hpa__rise,0.5,15.0,40,False,True,0,False,,sj01_local_press_hpa__rise,0.011327922344207764
injected,sj01_local_press_hpa__rise,0.5,15.0,41,False,True,0,False,,sj01_local_press_hpa__rise,0.003305375576019287
injected,sj01_local_press_hpa__rise,0.5,15.0,42,False,True,0,False,,sj01_local_press_hpa__rise,0.0046776533126831055
injected,sj01_local_press_hpa__rise,0.5,15.0,43,False,False,0,False,,cu01_local_hum_avg_pct__rise,0.0035001833457499743
injected,sj01_local_press_hpa__rise,0.5,15.0,44,False,False,0,False,,cu01_local_hum_avg_pct__rise,0.017849069088697433
injected,sj01_local_press_hpa__rise,0.5,15.0,45,False,False,0,False,,cu01_local_hum_avg_pct__rise,0.004065029323101044
injected,sj01_local_press_hpa__rise,0.5,15.0,46,False,False,0,False,,cu01_local_hum_avg_pct__rise,0.014724686741828918
injected,sj01_local_press_hpa__rise,0.5,15.0,47,False,False,0,False,,cu01_local_hum_avg_pct__rise,0.021386972628533847
injected,sj01_local_press_hpa__rise,0.5,15.0,48,False,True,0,False,,sj01_local_press_hpa__rise,0.007316648960113525
injected,sj01_local_press_hpa__rise,0.5,15.0,49,True,True,1,False,sj01_local_press_hpa__rise,sj01_local_press_hpa__rise,0.000771939754486084
injected,sj01_local_press_hpa__rise,0.5,30.0,0,False,False,1,True,cu01_local_hum_avg_pct__rise,cu01_local_hum_avg_pct__rise,0.0012469589710235596
injected,sj01_local_press_hpa__rise,0.5,30.0,1,False,False,1,True,cu01_local_hum_avg_pct__rise,cu01_local_hum_avg_pct__rise,0.0004552602767944336
injected,sj01_local_press_hpa__rise,0.5,30.0,2,False,False,0,False,,cu01_local_hum_avg_pct__rise,0.0018595829606056213
injected,sj01_local_press_hpa__rise,0.5,30.0,3,False,False,0,False,,cu01_local_hum_avg_pct__rise,0.003305375576019287
injected,sj01_local_press_hpa__rise,0.5,30.0,4,False,False,1,True,cu01_local_hum_avg_pct__rise,cu01_local_hum_avg_pct__rise,0.0012469589710235596
injected,sj01_local_press_hpa__rise,0.5,30.0,5,False,False,0,False,,cu01_local_hum_avg_pct__rise,0.0020386576652526855
injected,sj01_local_press_hpa__rise,0.5,30.0,6,False,False,1,True,cu01_local_hum_avg_pct__rise,cu01_local_hum_avg_pct__rise,0.0007568597793579102
injected,sj01_local_press_hpa__rise,0.5,30.0,7,False,False,0,False,,cu01_local_hum_avg_pct__rise,0.0020386576652526855
injected,sj01_local_press_hpa__rise,0.5,30.0,8,False,False,1,True,cu01_local_hum_avg_pct__rise,cu01_local_hum_avg_pct__rise,0.0012469589710235596
injected,sj01_local_press_hpa__rise,0.5,30.0,9,False,False,1,True,cu01_local_hum_avg_pct__rise,cu01_local_hum_avg_pct__rise,0.000771939754486084
injected,sj01_local_press_hpa__rise,0.5,30.0,10,False,False,1,True,cu01_local_hum_avg_pct__rise,cu01_local_hum_avg_pct__rise,0.0012469589710235596
injected,sj01_local_press_hpa__rise,0.5,30.0,11,False,False,1,True,cu01_local_hum_avg_pct__rise,cu01_local_hum_avg_pct__rise,0.000771939754486084
injected,sj01_local_press_hpa__rise,0.5,30.0,12,False,False,0,False,,cu01_local_hum_avg_pct__rise,0.0020386576652526855
injected,sj01_local_press_hpa__rise,0.5,30.0,13,False,False,0,False,,cu01_local_hum_avg_pct__rise,0.0020386576652526855
injected,sj01_local_press_hpa__rise,0.5,30.0,14,False,False,0,False,,cu01_local_hum_avg_pct__rise,0.026119492948055267
injected,sj01_local_press_hpa__rise,0.5,30.0,15,False,False,0,False,,cu01_local_hum_avg_pct__rise,0.003305375576019287
injected,sj01_local_press_hpa__rise,0.5,30.0,16,False,False,0,False,,cu01_local_hum_avg_pct__rise,0.006270475685596466
injected,sj01_local_press_hpa__rise,0.5,30.0,17,False,False,0,False,,cu01_local_hum_avg_pct__rise,0.0020386576652526855
injected,sj01_local_press_hpa__rise,0.5,30.0,18,False,False,0,False,,cu01_local_hum_avg_pct__rise,0.0020386576652526855
injected,sj01_local_press_hpa__rise,0.5,30.0,19,False,False,1,True,cu01_local_hum_avg_pct__rise,cu01_local_hum_avg_pct__rise,0.000771939754486084
injected,sj01_local_press_hpa__rise,0.5,30.0,20,False,False,0,False,,cu01_local_hum_avg_pct__rise,0.003305375576019287
injected,sj01_local_press_hpa__rise,0.5,30.0,21,False,False,1,True,cu01_local_hum_avg_pct__rise,cu01_local_hum_avg_pct__rise,0.0012469589710235596
injected,sj01_local_press_hpa__rise,0.5,30.0,22,False,False,1,True,cu01_local_hum_avg_pct__rise,cu01_local_hum_avg_pct__rise,0.0012469589710235596
injected,sj01_local_press_hpa__rise,0.5,30.0,23,False,False,1,True,cu01_local_hum_avg_pct__rise,cu01_local_hum_avg_pct__rise,0.000771939754486084
injected,sj01_local_press_hpa__rise,0.5,30.0,24,False,False,0,False,,cu01_local_hum_avg_pct__rise,0.0018595829606056213
injected,sj01_local_press_hpa__rise,0.5,30.0,25,False,False,0,False,,cu01_local_hum_avg_pct__rise,0.01205977238714695
injected,sj01_local_press_hpa__rise,0.5,30.0,26,False,False,1,True,cu01_local_hum_avg_pct__rise,cu01_local_hum_avg_pct__rise,0.0012469589710235596
injected,sj01_local_press_hpa__rise,0.5,30.0,27,False,False,1,True,cu01_local_hum_avg_pct__rise,cu01_local_hum_avg_pct__rise,0.0012469589710235596
injected,sj01_local_press_hpa__rise,0.5,30.0,28,False,False,0,False,,cu01_local_hum_avg_pct__rise,0.003305375576019287
injected,sj01_local_press_hpa__rise,0.5,30.0,29,False,False,1,True,cu01_local_hum_avg_pct__rise,cu01_local_hum_avg_pct__rise,0.00026676058769226074
injected,sj01_local_press_hpa__rise,0.5,30.0,30,False,False,0,False,,cu01_local_hum_avg_pct__rise,0.0029623061418533325
injected,sj01_local_press_hpa__rise,0.5,30.0,31,False,False,1,True,cu01_local_hum_avg_pct__rise,cu01_local_hum_avg_pct__rise,0.0004552602767944336
injected,sj01_local_press_hpa__rise,0.5,30.0,32,False,False,0,False,,cu01_local_hum_avg_pct__rise,0.0046776533126831055
injected,sj01_local_press_hpa__rise,0.5,30.0,33,False,False,0,False,,cu01_local_hum_avg_pct__rise,0.0046776533126831055
injected,sj01_local_press_hpa__rise,0.5,30.0,34,False,False,0,False,,cu01_local_hum_avg_pct__rise,0.006270475685596466
injected,sj01_local_press_hpa__rise,0.5,30.0,35,False,False,1,True,cu01_local_hum_avg_pct__rise,cu01_local_hum_avg_pct__rise,0.0007568597793579102
injected,sj01_local_press_hpa__rise,0.5,30.0,36,False,False,0,False,,cu01_local_hum_avg_pct__rise,0.007316648960113525
injected,sj01_local_press_hpa__rise,0.5,30.0,37,False,False,1,True,cu01_local_hum_avg_pct__rise,cu01_local_hum_avg_pct__rise,0.0012469589710235596
injected,sj01_local_press_hpa__rise,0.5,30.0,38,False,False,0,False,,cu01_local_hum_avg_pct__rise,0.0020386576652526855
injected,sj01_local_press_hpa__rise,0.5,30.0,39,False,False,1,True,cu01_local_hum_avg_pct__rise,cu01_local_hum_avg_pct__rise,0.0012469589710235596
injected,sj01_local_press_hpa__rise,0.5,30.0,40,False,False,0,False,,cu01_local_hum_avg_pct__rise,0.0046776533126831055
injected,sj01_local_press_hpa__rise,0.5,30.0,41,False,False,0,False,,cu01_local_hum_avg_pct__rise,0.0020386576652526855
injected,sj01_local_press_hpa__rise,0.5,30.0,42,False,False,0,False,,cu01_local_hum_avg_pct__rise,0.007316648960113525
injected,sj01_local_press_hpa__rise,0.5,30.0,43,False,False,1,True,cu01_local_hum_avg_pct__rise,cu01_local_hum_avg_pct__rise,0.0012469589710235596
injected,sj01_local_press_hpa__rise,0.5,30.0,44,False,False,1,True,cu01_local_hum_avg_pct__rise,cu01_local_hum_avg_pct__rise,0.000771939754486084
injected,sj01_local_press_hpa__rise,0.5,30.0,45,False,False,1,True,cu01_local_hum_avg_pct__rise,cu01_local_hum_avg_pct__rise,0.0012469589710235596
injected,sj01_local_press_hpa__rise,0.5,30.0,46,False,False,0,False,,cu01_local_hum_avg_pct__rise,0.004065029323101044
injected,sj01_local_press_hpa__rise,0.5,30.0,47,False,False,0,False,,cu01_local_hum_avg_pct__rise,0.0029623061418533325
injected,sj01_local_press_hpa__rise,0.5,30.0,48,False,False,0,False,,cu01_local_hum_avg_pct__rise,0.0029623061418533325
injected,sj01_local_press_hpa__rise,0.5,30.0,49,False,False,1,True,cu01_local_hum_avg_pct__rise,cu01_local_hum_avg_pct__rise,0.000771939754486084
injected,sj01_local_press_hpa__rise,0.5,60.0,0,False,False,0,False,,cu01_local_hum_avg_pct__rise,0.014724686741828918
injected,sj01_local_press_hpa__rise,0.5,60.0,1,False,False,1,True,sj01_local_wind_speed_ms__rise,sj01_local_wind_speed_ms__rise,0.0002593994140625
injected,sj01_local_press_hpa__rise,0.5,60.0,2,False,True,0,False,,sj01_local_press_hpa__rise,0.005859375
injected,sj01_local_press_hpa__rise,0.5,60.0,3,False,False,0,False,,cu01_local_hum_avg_pct__rise,0.008062400855123998
injected,sj01_local_press_hpa__rise,0.5,60.0,4,False,False,0,False,,cu01_local_hum_avg_pct__rise,0.004065029323101044
injected,sj01_local_press_hpa__rise,0.5,60.0,5,False,False,1,True,sj01_local_wind_speed_ms__rise,sj01_local_wind_speed_ms__rise,0.00091552734375
injected,sj01_local_press_hpa__rise,0.5,60.0,6,False,False,0,False,,cu01_local_hum_avg_pct__rise,0.008062400855123998
injected,sj01_local_press_hpa__rise,0.5,60.0,7,False,False,0,False,,sj01_local_wind_speed_ms__rise,0.00960540771484375
injected,sj01_local_press_hpa__rise,0.5,60.0,8,False,False,0,False,,sj01_local_wind_speed_ms__rise,0.0063629150390625
injected,sj01_local_press_hpa__rise,0.5,60.0,9,False,False,0,False,,cu01_local_hum_avg_pct__rise,0.008062400855123998
injected,sj01_local_press_hpa__rise,0.5,60.0,10,False,False,0,False,,sj01_local_wind_speed_ms__rise,0.003692626953125
injected,sj01_local_press_hpa__rise,0.5,60.0,11,False,False,0,False,,cu01_local_hum_avg_pct__rise,0.004065029323101044
injected,sj01_local_press_hpa__rise,0.5,60.0,12,False,False,1,True,sj01_local_wind_speed_ms__rise,sj01_local_wind_speed_ms__rise,0.0002593994140625
injected,sj01_local_press_hpa__rise,0.5,60.0,13,False,False,0,False,,sj01_local_wind_speed_ms__rise,0.0106353759765625
injected,sj01_local_press_hpa__rise,0.5,60.0,14,False,False,0,False,,sj01_local_wind_speed_ms__rise,0.003692626953125
injected,sj01_local_press_hpa__rise,0.5,60.0,15,False,False,0,False,,sj01_local_wind_speed_ms__rise,0.0020904541015625
injected,sj01_local_press_hpa__rise,0.5,60.0,16,False,False,0,False,,cu01_local_hum_avg_pct__rise,0.008062400855123998
injected,sj01_local_press_hpa__rise,0.5,60.0,17,False,False,0,False,,cu01_local_hum_avg_pct__rise,0.008062400855123998
injected,sj01_local_press_hpa__rise,0.5,60.0,18,False,False,0,False,,sj01_local_wind_speed_ms__rise,0.0022125244140625
injected,sj01_local_press_hpa__rise,0.5,60.0,19,False,False,0,False,,sj01_local_wind_speed_ms__rise,0.0064697265625
injected,sj01_local_press_hpa__rise,0.5,60.0,20,False,False,0,False,,sj01_local_wind_speed_ms__rise,0.0037689208984375
injected,sj01_local_press_hpa__rise,0.5,60.0,21,False,False,0,False,,sj01_local_wind_speed_ms__rise,0.003692626953125
injected,sj01_local_press_hpa__rise,0.5,60.0,22,False,False,0,False,,cu01_local_hum_avg_pct__rise,0.014724686741828918
injected,sj01_local_press_hpa__rise,0.5,60.0,23,False,False,0,False,,cu01_local_hum_avg_pct__rise,0.008062400855123998
injected,sj01_local_press_hpa__rise,0.5,60.0,24,False,False,0,False,,sj01_local_wind_speed_ms__rise,0.0064697265625
injected,sj01_local_press_hpa__rise,0.5,60.0,25,False,False,0,False,,cu01_local_hum_avg_pct__rise,0.008062400855123998
injected,sj01_local_press_hpa__rise,0.5,60.0,26,False,False,0,False,,sj01_local_wind_speed_ms__rise,0.0064697265625
injected,sj01_local_press_hpa__rise,0.5,60.0,27,False,False,0,False,,cu01_local_hum_avg_pct__rise,0.004065029323101044
injected,sj01_local_press_hpa__rise,0.5,60.0,28,False,False,0,False,,sj01_local_wind_speed_ms__rise,0.0020904541015625
injected,sj01_local_press_hpa__rise,0.5,60.0,29,False,False,0,False,,cu01_local_hum_avg_pct__rise,0.0018595829606056213
injected,sj01_local_press_hpa__rise,0.5,60.0,30,False,False,1,True,sj01_local_wind_speed_ms__rise,sj01_local_wind_speed_ms__rise,0.00048828125
injected,sj01_local_press_hpa__rise,0.5,60.0,31,False,False,0,False,,cu01_local_hum_avg_pct__rise,0.008062400855123998
injected,sj01_local_press_hpa__rise,0.5,60.0,32,False,False,0,False,,cu01_local_hum_avg_pct__rise,0.014724686741828918
injected,sj01_local_press_hpa__rise,0.5,60.0,33,False,False,0,False,,cu01_local_hum_avg_pct__rise,0.008062400855123998
injected,sj01_local_press_hpa__rise,0.5,60.0,34,False,False,0,False,,cu01_local_hum_avg_pct__rise,0.008062400855123998
injected,sj01_local_press_hpa__rise,0.5,60.0,35,False,False,0,False,,sj01_local_wind_speed_ms__rise,0.0020904541015625
injected,sj01_local_press_hpa__rise,0.5,60.0,36,False,False,0,False,,cu01_local_hum_avg_pct__rise,0.008062400855123998
injected,sj01_local_press_hpa__rise,0.5,60.0,37,False,False,0,False,,sj01_local_wind_speed_ms__rise,0.001708984375
injected,sj01_local_press_hpa__rise,0.5,60.0,38,False,False,1,True,sj01_local_wind_speed_ms__rise,sj01_local_wind_speed_ms__rise,0.0006561279296875
injected,sj01_local_press_hpa__rise,0.5,60.0,39,False,False,0,False,,cu01_local_hum_avg_pct__rise,0.014724686741828918
injected,sj01_local_press_hpa__rise,0.5,60.0,40,False,False,0,False,,cu01_local_hum_avg_pct__rise,0.008062400855123998
injected,sj01_local_press_hpa__rise,0.5,60.0,41,False,False,0,False,,sj01_local_wind_speed_ms__rise,0.0106353759765625
injected,sj01_local_press_hpa__rise,0.5,60.0,42,False,False,0,False,,sj01_local_wind_speed_ms__rise,0.0020904541015625
injected,sj01_local_press_hpa__rise,0.5,60.0,43,False,False,0,False,,sj01_local_wind_speed_ms__rise,0.003692626953125
injected,sj01_local_press_hpa__rise,0.5,60.0,44,False,False,0,False,,cu01_local_hum_avg_pct__rise,0.008062400855123998
injected,sj01_local_press_hpa__rise,0.5,60.0,45,False,False,1,True,sj01_local_wind_speed_ms__rise,sj01_local_wind_speed_ms__rise,0.0011749267578125
injected,sj01_local_press_hpa__rise,0.5,60.0,46,False,False,0,False,,cu01_local_hum_avg_pct__rise,0.008062400855123998
injected,sj01_local_press_hpa__rise,0.5,60.0,47,False,False,0,False,,sj01_local_wind_speed_ms__rise,0.0063629150390625
injected,sj01_local_press_hpa__rise,0.5,60.0,48,False,False,1,True,sj01_local_wind_speed_ms__rise,sj01_local_wind_speed_ms__rise,0.00091552734375
injected,sj01_local_press_hpa__rise,0.5,60.0,49,False,False,0,False,,sj01_local_wind_speed_ms__rise,0.0020904541015625
injected,sj01_local_press_hpa__rise,1.0,15.0,0,False,True,0,False,,sj01_local_press_hpa__rise,0.0020386576652526855
injected,sj01_local_press_hpa__rise,1.0,15.0,1,True,True,1,False,sj01_local_press_hpa__rise,sj01_local_press_hpa__rise,0.0007568597793579102
injected,sj01_local_press_hpa__rise,1.0,15.0,2,True,True,1,False,sj01_local_press_hpa__rise,sj01_local_press_hpa__rise,0.001299738883972168
injected,sj01_local_press_hpa__rise,1.0,15.0,3,True,True,1,False,sj01_local_press_hpa__rise,sj01_local_press_hpa__rise,7.826089859008789e-05
injected,sj01_local_press_hpa__rise,1.0,15.0,4,True,True,1,False,sj01_local_press_hpa__rise,sj01_local_press_hpa__rise,0.0012884140014648438
injected,sj01_local_press_hpa__rise,1.0,15.0,5,True,True,1,False,sj01_local_press_hpa__rise,sj01_local_press_hpa__rise,2.4616718292236328e-05
injected,sj01_local_press_hpa__rise,1.0,15.0,6,True,True,1,False,sj01_local_press_hpa__rise,sj01_local_press_hpa__rise,8.999556303024292e-05
injected,sj01_local_press_hpa__rise,1.0,15.0,7,True,True,1,False,sj01_local_press_hpa__rise,sj01_local_press_hpa__rise,0.0012469589710235596
injected,sj01_local_press_hpa__rise,1.0,15.0,8,True,True,1,False,sj01_local_press_hpa__rise,sj01_local_press_hpa__rise,0.000110626220703125
injected,sj01_local_press_hpa__rise,1.0,15.0,9,True,True,1,False,sj01_local_press_hpa__rise,sj01_local_press_hpa__rise,0.0001553744077682495
injected,sj01_local_press_hpa__rise,1.0,15.0,10,True,True,1,False,sj01_local_press_hpa__rise,sj01_local_press_hpa__rise,1.697661355137825e-05
injected,sj01_local_press_hpa__rise,1.0,15.0,11,True,True,1,False,sj01_local_press_hpa__rise,sj01_local_press_hpa__rise,1.7940998077392578e-05
injected,sj01_local_press_hpa__rise,1.0,15.0,12,True,True,1,False,sj01_local_press_hpa__rise,sj01_local_press_hpa__rise,0.0004552602767944336
injected,sj01_local_press_hpa__rise,1.0,15.0,13,True,True,1,False,sj01_local_press_hpa__rise,sj01_local_press_hpa__rise,0.000244140625
injected,sj01_local_press_hpa__rise,1.0,15.0,14,False,True,0,False,,sj01_local_press_hpa__rise,0.0046776533126831055
injected,sj01_local_press_hpa__rise,1.0,15.0,15,True,True,1,False,sj01_local_press_hpa__rise,sj01_local_press_hpa__rise,0.000244140625
injected,sj01_local_press_hpa__rise,1.0,15.0,16,True,True,1,False,sj01_local_press_hpa__rise,sj01_local_press_hpa__rise,0.0004552602767944336
injected,sj01_local_press_hpa__rise,1.0,15.0,17,False,True,0,False,,sj01_local_press_hpa__rise,0.005311012268066406
injected,sj01_local_press_hpa__rise,1.0,15.0,18,True,True,1,False,sj01_local_press_hpa__rise,sj01_local_press_hpa__rise,0.0012469589710235596
injected,sj01_local_press_hpa__rise,1.0,15.0,19,True,True,1,False,sj01_local_press_hpa__rise,sj01_local_press_hpa__rise,0.0012884140014648438
injected,sj01_local_press_hpa__rise,1.0,15.0,20,True,True,1,False,sj01_local_press_hpa__rise,sj01_local_press_hpa__rise,4.398822784423828e-05
injected,sj01_local_press_hpa__rise,1.0,15.0,21,True,True,1,False,sj01_local_press_hpa__rise,sj01_local_press_hpa__rise,5.653710104525089e-05
injected,sj01_local_press_hpa__rise,1.0,15.0,22,True,True,1,False,sj01_local_press_hpa__rise,sj01_local_press_hpa__rise,2.4616718292236328e-05
injected,sj01_local_press_hpa__rise,1.0,15.0,23,True,True,1,False,sj01_local_press_hpa__rise,sj01_local_press_hpa__rise,9.715557098388672e-06
injected,sj01_local_press_hpa__rise,1.0,15.0,24,False,True,0,False,,sj01_local_press_hpa__rise,0.0029623061418533325
injected,sj01_local_press_hpa__rise,1.0,15.0,25,False,True,0,False,,sj01_local_press_hpa__rise,0.002171754837036133
injected,sj01_local_press_hpa__rise,1.0,15.0,26,True,True,1,False,sj01_local_press_hpa__rise,sj01_local_press_hpa__rise,0.0011578500270843506
injected,sj01_local_press_hpa__rise,1.0,15.0,27,False,True,0,False,,sj01_local_press_hpa__rise,0.0018595829606056213
injected,sj01_local_press_hpa__rise,1.0,15.0,28,True,True,1,False,sj01_local_press_hpa__rise,sj01_local_press_hpa__rise,1.049041748046875e-05
injected,sj01_local_press_hpa__rise,1.0,15.0,29,True,True,1,False,sj01_local_press_hpa__rise,sj01_local_press_hpa__rise,8.999556303024292e-05
injected,sj01_local_press_hpa__rise,1.0,15.0,30,True,True,1,False,sj01_local_press_hpa__rise,sj01_local_press_hpa__rise,8.999556303024292e-05
injected,sj01_local_press_hpa__rise,1.0,15.0,31,True,True,1,False,sj01_local_press_hpa__rise,sj01_local_press_hpa__rise,0.000244140625
injected,sj01_local_press_hpa__rise,1.0,15.0,32,True,True,1,False,sj01_local_press_hpa__rise,sj01_local_press_hpa__rise,0.00026676058769226074
injected,sj01_local_press_hpa__rise,1.0,15.0,33,True,True,1,False,sj01_local_press_hpa__rise,sj01_local_press_hpa__rise,0.00020122528076171875
injected,sj01_local_press_hpa__rise,1.0,15.0,34,False,True,0,False,,sj01_local_press_hpa__rise,0.0046776533126831055
injected,sj01_local_press_hpa__rise,1.0,15.0,35,True,True,1,False,sj01_local_press_hpa__rise,sj01_local_press_hpa__rise,8.999556303024292e-05
injected,sj01_local_press_hpa__rise,1.0,15.0,36,True,True,1,False,sj01_local_press_hpa__rise,sj01_local_press_hpa__rise,8.999556303024292e-05
injected,sj01_local_press_hpa__rise,1.0,15.0,37,False,False,0,False,,cu01_local_hum_avg_pct__rise,0.0046776533126831055
injected,sj01_local_press_hpa__rise,1.0,15.0,38,True,True,1,False,sj01_local_press_hpa__rise,sj01_local_press_hpa__rise,7.826089859008789e-05
injected,sj01_local_press_hpa__rise,1.0,15.0,39,True,True,2,True,sj01_local_press_hpa__rise;cu01_local_hum_avg_pct__rise,sj01_local_press_hpa__rise,0.0001385807991027832
injected,sj01_local_press_hpa__rise,1.0,15.0,40,True,True,1,False,sj01_local_press_hpa__rise,sj01_local_press_hpa__rise,0.0004552602767944336
injected,sj01_local_press_hpa__rise,1.0,15.0,41,True,True,1,False,sj01_local_press_hpa__rise,sj01_local_press_hpa__rise,2.4616718292236328e-05
injected,sj01_local_press_hpa__rise,1.0,15.0,42,True,True,1,False,sj01_local_press_hpa__rise,sj01_local_press_hpa__rise,0.0001553744077682495
injected,sj01_local_press_hpa__rise,1.0,15.0,43,True,True,1,False,sj01_local_press_hpa__rise,sj01_local_press_hpa__rise,0.0016634464263916016
injected,sj01_local_press_hpa__rise,1.0,15.0,44,True,True,1,False,sj01_local_press_hpa__rise,sj01_local_press_hpa__rise,0.0004277229309082031
injected,sj01_local_press_hpa__rise,1.0,15.0,45,True,True,1,False,sj01_local_press_hpa__rise,sj01_local_press_hpa__rise,4.398822784423828e-05
injected,sj01_local_press_hpa__rise,1.0,15.0,46,False,True,0,False,,sj01_local_press_hpa__rise,0.0020386576652526855
injected,sj01_local_press_hpa__rise,1.0,15.0,47,True,True,1,False,sj01_local_press_hpa__rise,sj01_local_press_hpa__rise,0.0012469589710235596
injected,sj01_local_press_hpa__rise,1.0,15.0,48,True,True,1,False,sj01_local_press_hpa__rise,sj01_local_press_hpa__rise,0.00045611709356307983
injected,sj01_local_press_hpa__rise,1.0,15.0,49,True,True,1,False,sj01_local_press_hpa__rise,sj01_local_press_hpa__rise,4.398822784423828e-05
injected,sj01_local_press_hpa__rise,1.0,30.0,0,False,False,1,True,cu01_local_hum_avg_pct__rise,cu01_local_hum_avg_pct__rise,0.0012469589710235596
injected,sj01_local_press_hpa__rise,1.0,30.0,1,False,False,2,True,sj01_local_wind_speed_ms__rise;cu01_local_hum_avg_pct__rise,sj01_local_wind_speed_ms__rise,0.0006561279296875
injected,sj01_local_press_hpa__rise,1.0,30.0,2,False,False,1,True,cu01_local_hum_avg_pct__rise,cu01_local_hum_avg_pct__rise,0.0011578500270843506
injected,sj01_local_press_hpa__rise,1.0,30.0,3,True,True,1,False,sj01_local_press_hpa__rise,sj01_local_press_hpa__rise,7.2479248046875e-05
injected,sj01_local_press_hpa__rise,1.0,30.0,4,False,False,1,True,cu01_local_hum_avg_pct__rise,cu01_local_hum_avg_pct__rise,0.0007568597793579102
injected,sj01_local_press_hpa__rise,1.0,30.0,5,True,True,1,False,sj01_local_press_hpa__rise,sj01_local_press_hpa__rise,0.0004277229309082031
injected,sj01_local_press_hpa__rise,1.0,30.0,6,False,False,1,True,cu01_local_hum_avg_pct__rise,cu01_local_hum_avg_pct__rise,0.00045611709356307983
injected,sj01_local_press_hpa__rise,1.0,30.0,7,False,False,0,False,,cu01_local_hum_avg_pct__rise,0.003305375576019287
injected,sj01_local_press_hpa__rise,1.0,30.0,8,False,False,0,False,,cu01_local_hum_avg_pct__rise,0.0020386576652526855
injected,sj01_local_press_hpa__rise,1.0,30.0,9,False,False,1,True,cu01_local_hum_avg_pct__rise,cu01_local_hum_avg_pct__rise,0.0004552602767944336
injected,sj01_local_press_hpa__rise,1.0,30.0,10,True,True,2,True,sj01_local_press_hpa__rise;cu01_local_hum_avg_pct__rise,sj01_local_press_hpa__rise,0.0004552602767944336
injected,sj01_local_press_hpa__rise,1.0,30.0,11,True,True,2,True,sj01_local_press_hpa__rise;cu01_local_hum_avg_pct__rise,sj01_local_press_hpa__rise,0.00020122528076171875
injected,sj01_local_press_hpa__rise,1.0,30.0,12,True,False,2,True,sj01_local_wind_speed_ms__rise;sj01_local_press_hpa__rise,sj01_local_wind_speed_ms__rise,0.0006561279296875
injected,sj01_local_press_hpa__rise,1.0,30.0,13,False,False,0,False,,cu01_local_hum_avg_pct__rise,0.003305375576019287
injected,sj01_local_press_hpa__rise,1.0,30.0,14,False,True,0,False,,sj01_local_press_hpa__rise,0.003305375576019287
injected,sj01_local_press_hpa__rise,1.0,30.0,15,False,True,0,False,,sj01_local_press_hpa__rise,0.002171754837036133
injected,sj01_local_press_hpa__rise,1.0,30.0,16,True,True,1,False,sj01_local_press_hpa__rise,sj01_local_press_hpa__rise,0.001299738883972168
injected,sj01_local_press_hpa__rise,1.0,30.0,17,False,False,0,False,,cu01_local_hum_avg_pct__rise,0.0020386576652526855
injected,sj01_local_press_hpa__rise,1.0,30.0,18,False,False,0,False,,cu01_local_hum_avg_pct__rise,0.0020386576652526855
injected,sj01_local_press_hpa__rise,1.0,30.0,19,True,False,2,True,cu01_local_hum_avg_pct__rise;sj01_local_press_hpa__rise,cu01_local_hum_avg_pct__rise,0.000771939754486084
injected,sj01_local_press_hpa__rise,1.0,30.0,20,False,True,0,False,,sj01_local_press_hpa__rise,0.0020386576652526855
injected,sj01_local_press_hpa__rise,1.0,30.0,21,True,True,1,False,sj01_local_press_hpa__rise,sj01_local_press_hpa__rise,0.0004389551468193531
injected,sj01_local_press_hpa__rise,1.0,30.0,22,True,True,2,True,sj01_local_press_hpa__rise;cu01_local_hum_avg_pct__rise,sj01_local_press_hpa__rise,0.0003643035888671875
injected,sj01_local_press_hpa__rise,1.0,30.0,23,True,True,2,True,sj01_local_press_hpa__rise;cu01_local_hum_avg_pct__rise,sj01_local_press_hpa__rise,0.0003643035888671875
injected,sj01_local_press_hpa__rise,1.0,30.0,24,False,True,0,False,,sj01_local_press_hpa__rise,0.001708984375
injected,sj01_local_press_hpa__rise,1.0,30.0,25,False,True,0,False,,sj01_local_press_hpa__rise,0.0064697265625
injected,sj01_local_press_hpa__rise,1.0,30.0,26,True,False,2,True,cu01_local_hum_avg_pct__rise;sj01_local_press_hpa__rise,cu01_local_hum_avg_pct__rise,0.0012469589710235596
injected,sj01_local_press_hpa__rise,1.0,30.0,27,False,False,0,False,,cu01_local_hum_avg_pct__rise,0.0020386576652526855
injected,sj01_local_press_hpa__rise,1.0,30.0,28,True,True,1,False,sj01_local_press_hpa__rise,sj01_local_press_hpa__rise,0.0006561279296875
injected,sj01_local_press_hpa__rise,1.0,30.0,29,True,False,2,True,cu01_local_hum_avg_pct__rise;sj01_local_press_hpa__rise,cu01_local_hum_avg_pct__rise,0.00026676058769226074
injected,sj01_local_press_hpa__rise,1.0,30.0,30,True,True,1,False,sj01_local_press_hpa__rise,sj01_local_press_hpa__rise,0.001299738883972168
injected,sj01_local_press_hpa__rise,1.0,30.0,31,False,False,1,True,cu01_local_hum_avg_pct__rise,cu01_local_hum_avg_pct__rise,0.0004552602767944336
injected,sj01_local_press_hpa__rise,1.0,30.0,32,True,True,1,False,sj01_local_press_hpa__rise,sj01_local_press_hpa__rise,0.00026676058769226074
injected,sj01_local_press_hpa__rise,1.0,30.0,33,False,True,0,False,,sj01_local_press_hpa__rise,0.003305375576019287
injected,sj01_local_press_hpa__rise,1.0,30.0,34,False,False,0,False,,cu01_local_hum_avg_pct__rise,0.006270475685596466
injected,sj01_local_press_hpa__rise,1.0,30.0,35,True,True,1,False,sj01_local_press_hpa__rise,sj01_local_press_hpa__rise,0.00048828125
injected,sj01_local_press_hpa__rise,1.0,30.0,36,True,True,1,False,sj01_local_press_hpa__rise,sj01_local_press_hpa__rise,0.0012884140014648438
injected,sj01_local_press_hpa__rise,1.0,30.0,37,False,False,1,True,cu01_local_hum_avg_pct__rise,cu01_local_hum_avg_pct__rise,0.0007568597793579102
injected,sj01_local_press_hpa__rise,1.0,30.0,38,False,False,1,True,sj01_local_wind_speed_ms__rise,sj01_local_wind_speed_ms__rise,0.0007448196411132812
injected,sj01_local_press_hpa__rise,1.0,30.0,39,True,False,2,True,cu01_local_hum_avg_pct__rise;sj01_local_press_hpa__rise,cu01_local_hum_avg_pct__rise,0.0007568597793579102
injected,sj01_local_press_hpa__rise,1.0,30.0,40,False,False,0,False,,cu01_local_hum_avg_pct__rise,0.007316648960113525
injected,sj01_local_press_hpa__rise,1.0,30.0,41,True,True,1,False,sj01_local_press_hpa__rise,sj01_local_press_hpa__rise,0.0007448196411132812
injected,sj01_local_press_hpa__rise,1.0,30.0,42,True,True,1,False,sj01_local_press_hpa__rise,sj01_local_press_hpa__rise,0.000771939754486084
injected,sj01_local_press_hpa__rise,1.0,30.0,43,False,False,1,True,cu01_local_hum_avg_pct__rise,cu01_local_hum_avg_pct__rise,0.0007568597793579102
injected,sj01_local_press_hpa__rise,1.0,30.0,44,False,False,1,True,cu01_local_hum_avg_pct__rise,cu01_local_hum_avg_pct__rise,0.001299738883972168
injected,sj01_local_press_hpa__rise,1.0,30.0,45,True,True,2,True,sj01_local_press_hpa__rise;cu01_local_hum_avg_pct__rise,sj01_local_press_hpa__rise,0.000110626220703125
injected,sj01_local_press_hpa__rise,1.0,30.0,46,False,False,0,False,,cu01_local_hum_avg_pct__rise,0.004065029323101044
injected,sj01_local_press_hpa__rise,1.0,30.0,47,False,False,0,False,,cu01_local_hum_avg_pct__rise,0.0029623061418533325
injected,sj01_local_press_hpa__rise,1.0,30.0,48,True,True,1,False,sj01_local_press_hpa__rise,sj01_local_press_hpa__rise,0.0007154531776905061
injected,sj01_local_press_hpa__rise,1.0,30.0,49,True,True,1,False,sj01_local_press_hpa__rise,sj01_local_press_hpa__rise,0.0012884140014648438
injected,sj01_local_press_hpa__rise,1.0,60.0,0,False,False,0,False,,cu01_local_hum_avg_pct__rise,0.005336920265108347
injected,sj01_local_press_hpa__rise,1.0,60.0,1,False,False,1,True,sj01_local_wind_speed_ms__rise,sj01_local_wind_speed_ms__rise,0.0002593994140625
injected,sj01_local_press_hpa__rise,1.0,60.0,2,False,True,0,False,,sj01_local_press_hpa__rise,0.003173828125
injected,sj01_local_press_hpa__rise,1.0,60.0,3,True,True,1,False,sj01_local_press_hpa__rise,sj01_local_press_hpa__rise,0.0003643035888671875
injected,sj01_local_press_hpa__rise,1.0,60.0,4,False,False,1,True,cu01_local_hum_avg_pct__rise,cu01_local_hum_avg_pct__rise,0.0011578500270843506
injected,sj01_local_press_hpa__rise,1.0,60.0,5,True,True,2,True,sj01_local_press_hpa__rise;sj01_local_wind_speed_ms__rise,sj01_local_press_hpa__rise,0.0004277229309082031
injected,sj01_local_press_hpa__rise,1.0,60.0,6,False,True,0,False,,sj01_local_press_hpa__rise,0.003305375576019287
injected,sj01_local_press_hpa__rise,1.0,60.0,7,False,False,0,False,,sj01_local_wind_speed_ms__rise,0.00960540771484375
injected,sj01_local_press_hpa__rise,1.0,60.0,8,False,False,0,False,,sj01_local_wind_speed_ms__rise,0.0037689208984375
injected,sj01_local_press_hpa__rise,1.0,60.0,9,False,True,0,False,,sj01_local_press_hpa__rise,0.002171754837036133
injected,sj01_local_press_hpa__rise,1.0,60.0,10,True,True,1,False,sj01_local_press_hpa__rise,sj01_local_press_hpa__rise,0.0012469589710235596
injected,sj01_local_press_hpa__rise,1.0,60.0,11,True,True,1,False,sj01_local_press_hpa__rise,sj01_local_press_hpa__rise,0.00020122528076171875
injected,sj01_local_press_hpa__rise,1.0,60.0,12,False,False,1,True,sj01_local_wind_speed_ms__rise,sj01_local_wind_speed_ms__rise,0.0002593994140625
injected,sj01_local_press_hpa__rise,1.0,60.0,13,False,True,0,False,,sj01_local_press_hpa__rise,0.00845026969909668
injected,sj01_local_press_hpa__rise,1.0,60.0,14,False,False,0,False,,sj01_local_wind_speed_ms__rise,0.0020904541015625
injected,sj01_local_press_hpa__rise,1.0,60.0,15,False,False,1,True,sj01_local_wind_speed_ms__rise,sj01_local_wind_speed_ms__rise,0.0011749267578125
injected,sj01_local_press_hpa__rise,1.0,60.0,16,False,True,0,False,,sj01_local_press_hpa__rise,0.003305375576019287
injected,sj01_local_press_hpa__rise,1.0,60.0,17,False,True,0,False,,sj01_local_press_hpa__rise,0.0064697265625
injected,sj01_local_press_hpa__rise,1.0,60.0,18,False,False,0,False,,sj01_local_wind_speed_ms__rise,0.0022125244140625
injected,sj01_local_press_hpa__rise,1.0,60.0,19,False,True,0,False,,sj01_local_press_hpa__rise,0.0037689208984375
injected,sj01_local_press_hpa__rise,1.0,60.0,20,False,False,0,False,,sj01_local_wind_speed_ms__rise,0.0022125244140625
injected,sj01_local_press_hpa__rise,1.0,60.0,21,False,True,0,False,,sj01_local_press_hpa__rise,0.001708984375
injected,sj01_local_press_hpa__rise,1.0,60.0,22,True,True,1,False,sj01_local_press_hpa__rise,sj01_local_press_hpa__rise,0.0012884140014648438
injected,sj01_local_press_hpa__rise,1.0,60.0,23,True,True,1,False,sj01_local_press_hpa__rise,sj01_local_press_hpa__rise,0.0012884140014648438
injected,sj01_local_press_hpa__rise,1.0,60.0,24,False,True,0,False,,sj01_local_press_hpa__rise,0.001708984375
injected,sj01_local_press_hpa__rise,1.0,60.0,25,False,False,0,False,,cu01_local_hum_avg_pct__rise,0.005336920265108347
injected,sj01_local_press_hpa__rise,1.0,60.0,26,False,True,0,False,,sj01_local_press_hpa__rise,0.001708984375
injected,sj01_local_press_hpa__rise,1.0,60.0,27,False,False,0,False,,cu01_local_hum_avg_pct__rise,0.008062400855123998
injected,sj01_local_press_hpa__rise,1.0,60.0,28,False,False,0,False,,sj01_local_wind_speed_ms__rise,0.0020904541015625
injected,sj01_local_press_hpa__rise,1.0,60.0,29,False,False,1,True,cu01_local_hum_avg_pct__rise,cu01_local_hum_avg_pct__rise,0.00045611709356307983
injected,sj01_local_press_hpa__rise,1.0,60.0,30,True,False,2,True,sj01_local_wind_speed_ms__rise;sj01_local_press_hpa__rise,sj01_local_wind_speed_ms__rise,0.00048828125
injected,sj01_local_press_hpa__rise,1.0,60.0,31,False,False,0,False,,cu01_local_hum_avg_pct__rise,0.005336920265108347
injected,sj01_local_press_hpa__rise,1.0,60.0,32,False,True,0,False,,sj01_local_press_hpa__rise,0.0035986900329589844
injected,sj01_local_press_hpa__rise,1.0,60.0,33,False,False,0,False,,cu01_local_hum_avg_pct__rise,0.005336920265108347
injected,sj01_local_press_hpa__rise,1.0,60.0,34,False,False,0,False,,cu01_local_hum_avg_pct__rise,0.005336920265108347
injected,sj01_local_press_hpa__rise,1.0,60.0,35,True,True,1,False,sj01_local_press_hpa__rise,sj01_local_press_hpa__rise,0.00048828125
injected,sj01_local_press_hpa__rise,1.0,60.0,36,False,True,0,False,,sj01_local_press_hpa__rise,0.0035986900329589844
injected,sj01_local_press_hpa__rise,1.0,60.0,37,False,False,1,True,sj01_local_wind_speed_ms__rise,sj01_local_wind_speed_ms__rise,0.00091552734375
injected,sj01_local_press_hpa__rise,1.0,60.0,38,False,False,1,True,sj01_local_wind_speed_ms__rise,sj01_local_wind_speed_ms__rise,0.0006561279296875
injected,sj01_local_press_hpa__rise,1.0,60.0,39,False,True,0,False,,sj01_local_press_hpa__rise,0.0035986900329589844
injected,sj01_local_press_hpa__rise,1.0,60.0,40,False,True,0,False,,sj01_local_press_hpa__rise,0.007316648960113525
injected,sj01_local_press_hpa__rise,1.0,60.0,41,True,True,1,False,sj01_local_press_hpa__rise,sj01_local_press_hpa__rise,0.0007448196411132812
injected,sj01_local_press_hpa__rise,1.0,60.0,42,True,True,2,True,sj01_local_press_hpa__rise;sj01_local_wind_speed_ms__rise,sj01_local_press_hpa__rise,0.00091552734375
injected,sj01_local_press_hpa__rise,1.0,60.0,43,False,False,0,False,,sj01_local_wind_speed_ms__rise,0.0020904541015625
injected,sj01_local_press_hpa__rise,1.0,60.0,44,False,True,0,False,,sj01_local_press_hpa__rise,0.0063629150390625
injected,sj01_local_press_hpa__rise,1.0,60.0,45,True,True,3,True,sj01_local_press_hpa__rise;cu01_local_hum_avg_pct__rise;sj01_local_wind_speed_ms__rise,sj01_local_press_hpa__rise,0.000110626220703125
injected,sj01_local_press_hpa__rise,1.0,60.0,46,False,False,0,False,,cu01_local_hum_avg_pct__rise,0.010030803503468633
injected,sj01_local_press_hpa__rise,1.0,60.0,47,False,False,0,False,,sj01_local_wind_speed_ms__rise,0.0037689208984375
injected,sj01_local_press_hpa__rise,1.0,60.0,48,False,False,1,True,sj01_local_wind_speed_ms__rise,sj01_local_wind_speed_ms__rise,0.00048828125
injected,sj01_local_press_hpa__rise,1.0,60.0,49,False,False,0,False,,sj01_local_wind_speed_ms__rise,0.0020904541015625
injected,sj01_local_hum_avg_pct__fall,0.5,15.0,0,True,True,1,False,sj01_local_hum_avg_pct__fall,sj01_local_hum_avg_pct__fall,0.0004552602767944336
injected,sj01_local_hum_avg_pct__fall,0.5,15.0,1,True,True,1,False,sj01_local_hum_avg_pct__fall,sj01_local_hum_avg_pct__fall,0.0007568597793579102
injected,sj01_local_hum_avg_pct__fall,0.5,15.0,2,True,True,1,False,sj01_local_hum_avg_pct__fall,sj01_local_hum_avg_pct__fall,0.0010512007866054773
injected,sj01_local_hum_avg_pct__fall,0.5,15.0,3,True,True,1,False,sj01_local_hum_avg_pct__fall,sj01_local_hum_avg_pct__fall,0.0001553744077682495
injected,sj01_local_hum_avg_pct__fall,0.5,15.0,4,True,True,1,False,sj01_local_hum_avg_pct__fall,sj01_local_hum_avg_pct__fall,0.0012469589710235596
injected,sj01_local_hum_avg_pct__fall,0.5,15.0,5,True,True,1,False,sj01_local_hum_avg_pct__fall,sj01_local_hum_avg_pct__fall,5.653710104525089e-05
injected,sj01_local_hum_avg_pct__fall,0.5,15.0,6,True,True,1,False,sj01_local_hum_avg_pct__fall,sj01_local_hum_avg_pct__fall,9.609758853912354e-05
injected,sj01_local_hum_avg_pct__fall,0.5,15.0,7,True,True,1,False,sj01_local_hum_avg_pct__fall,sj01_local_hum_avg_pct__fall,0.000771939754486084
injected,sj01_local_hum_avg_pct__fall,0.5,15.0,8,True,True,1,False,sj01_local_hum_avg_pct__fall,sj01_local_hum_avg_pct__fall,0.0004277229309082031
injected,sj01_local_hum_avg_pct__fall,0.5,15.0,9,True,True,1,False,sj01_local_hum_avg_pct__fall,sj01_local_hum_avg_pct__fall,0.0011578500270843506
injected,sj01_local_hum_avg_pct__fall,0.5,15.0,10,True,True,1,False,sj01_local_hum_avg_pct__fall,sj01_local_hum_avg_pct__fall,9.650597348809242e-06
injected,sj01_local_hum_avg_pct__fall,0.5,15.0,11,True,True,1,False,sj01_local_hum_avg_pct__fall,sj01_local_hum_avg_pct__fall,8.999556303024292e-05
injected,sj01_local_hum_avg_pct__fall,0.5,15.0,12,True,True,1,False,sj01_local_hum_avg_pct__fall,sj01_local_hum_avg_pct__fall,0.00045611709356307983
injected,sj01_local_hum_avg_pct__fall,0.5,15.0,13,True,True,1,False,sj01_local_hum_avg_pct__fall,sj01_local_hum_avg_pct__fall,0.00016245711594820025
injected,sj01_local_hum_avg_pct__fall,0.5,15.0,14,True,True,1,False,sj01_local_hum_avg_pct__fall,sj01_local_hum_avg_pct__fall,0.0010512007866054773
injected,sj01_local_hum_avg_pct__fall,0.5,15.0,15,True,True,1,False,sj01_local_hum_avg_pct__fall,sj01_local_hum_avg_pct__fall,0.0004552602767944336
injected,sj01_local_hum_avg_pct__fall,0.5,15.0,16,True,True,1,False,sj01_local_hum_avg_pct__fall,sj01_local_hum_avg_pct__fall,0.0002675263676792383
injected,sj01_local_hum_avg_pct__fall,0.5,15.0,17,False,True,0,False,,sj01_local_hum_avg_pct__fall,0.0026114396750926976
injected,sj01_local_hum_avg_pct__fall,0.5,15.0,18,True,True,1,False,sj01_local_hum_avg_pct__fall,sj01_local_hum_avg_pct__fall,0.00045611709356307983
injected,sj01_local_hum_avg_pct__fall,0.5,15.0,19,True,True,1,False,sj01_local_hum_avg_pct__fall,sj01_local_hum_avg_pct__fall,0.0016634464263916016
injected,sj01_local_hum_avg_pct__fall,0.5,15.0,20,True,True,1,False,sj01_local_hum_avg_pct__fall,sj01_local_hum_avg_pct__fall,0.000244140625
injected,sj01_local_hum_avg_pct__fall,0.5,15.0,21,True,True,1,False,sj01_local_hum_avg_pct__fall,sj01_local_hum_avg_pct__fall,1.697661355137825e-05
injected,sj01_local_hum_avg_pct__fall,0.5,15.0,22,True,True,1,False,sj01_local_hum_avg_pct__fall,sj01_local_hum_avg_pct__fall,5.1857903599739075e-05
injected,sj01_local_hum_avg_pct__fall,0.5,15.0,23,True,True,1,False,sj01_local_hum_avg_pct__fall,sj01_local_hum_avg_pct__fall,7.826089859008789e-05
injected,sj01_local_hum_avg_pct__fall,0.5,15.0,24,True,True,1,False,sj01_local_hum_avg_pct__fall,sj01_local_hum_avg_pct__fall,0.00016245711594820025
injected,sj01_local_hum_avg_pct__fall,0.5,15.0,25,True,True,1,False,sj01_local_hum_avg_pct__fall,sj01_local_hum_avg_pct__fall,0.0007154531776905061
injected,sj01_local_hum_avg_pct__fall,0.5,15.0,26,True,True,1,False,sj01_local_hum_avg_pct__fall,sj01_local_hum_avg_pct__fall,2.9738061130046848e-05
injected,sj01_local_hum_avg_pct__fall,0.5,15.0,27,False,True,0,False,,sj01_local_hum_avg_pct__fall,0.0020386576652526855
injected,sj01_local_hum_avg_pct__fall,0.5,15.0,28,True,True,1,False,sj01_local_hum_avg_pct__fall,sj01_local_hum_avg_pct__fall,0.0007154531776905061
injected,sj01_local_hum_avg_pct__fall,0.5,15.0,29,True,True,1,False,sj01_local_hum_avg_pct__fall,sj01_local_hum_avg_pct__fall,2.9738061130046848e-05
injected,sj01_local_hum_avg_pct__fall,0.5,15.0,30,True,True,1,False,sj01_local_hum_avg_pct__fall,sj01_local_hum_avg_pct__fall,2.9738061130046848e-05
injected,sj01_local_hum_avg_pct__fall,0.5,15.0,31,True,True,1,False,sj01_local_hum_avg_pct__fall,sj01_local_hum_avg_pct__fall,0.0004552602767944336
injected,sj01_local_hum_avg_pct__fall,0.5,15.0,32,True,True,1,False,sj01_local_hum_avg_pct__fall,sj01_local_hum_avg_pct__fall,0.0002730563282966614
injected,sj01_local_hum_avg_pct__fall,0.5,15.0,33,True,True,2,True,sj01_local_hum_avg_pct__fall;cu01_local_hum_avg_pct__rise,sj01_local_hum_avg_pct__fall,0.00026676058769226074
injected,sj01_local_hum_avg_pct__fall,0.5,15.0,34,True,True,1,False,sj01_local_hum_avg_pct__fall,sj01_local_hum_avg_pct__fall,0.0010512007866054773
injected,sj01_local_hum_avg_pct__fall,0.5,15.0,35,True,True,1,False,sj01_local_hum_avg_pct__fall,sj01_local_hum_avg_pct__fall,1.372024416923523e-05
injected,sj01_local_hum_avg_pct__fall,0.5,15.0,36,True,True,1,False,sj01_local_hum_avg_pct__fall,sj01_local_hum_avg_pct__fall,2.9738061130046848e-05
injected,sj01_local_hum_avg_pct__fall,0.5,15.0,37,True,True,1,False,sj01_local_hum_avg_pct__fall,sj01_local_hum_avg_pct__fall,0.0007154531776905061
injected,sj01_local_hum_avg_pct__fall,0.5,15.0,38,True,True,2,True,sj01_local_hum_avg_pct__fall;cu01_local_hum_avg_pct__rise,sj01_local_hum_avg_pct__fall,0.000244140625
injected,sj01_local_hum_avg_pct__fall,0.5,15.0,39,True,True,1,False,sj01_local_hum_avg_pct__fall,sj01_local_hum_avg_pct__fall,7.826089859008789e-05
injected,sj01_local_hum_avg_pct__fall,0.5,15.0,40,True,True,1,False,sj01_local_hum_avg_pct__fall,sj01_local_hum_avg_pct__fall,7.826089859008789e-05
injected,sj01_local_hum_avg_pct__fall,0.5,15.0,41,True,True,1,False,sj01_local_hum_avg_pct__fall,sj01_local_hum_avg_pct__fall,2.4616718292236328e-05
injected,sj01_local_hum_avg_pct__fall,0.5,15.0,42,True,True,1,False,sj01_local_hum_avg_pct__fall,sj01_local_hum_avg_pct__fall,9.650597348809242e-06
injected,sj01_local_hum_avg_pct__fall,0.5,15.0,43,True,True,1,False,sj01_local_hum_avg_pct__fall,sj01_local_hum_avg_pct__fall,0.0016634464263916016
injected,sj01_local_hum_avg_pct__fall,0.5,15.0,44,True,True,1,False,sj01_local_hum_avg_pct__fall,sj01_local_hum_avg_pct__fall,8.999556303024292e-05
injected,sj01_local_hum_avg_pct__fall,0.5,15.0,45,True,True,1,False,sj01_local_hum_avg_pct__fall,sj01_local_hum_avg_pct__fall,0.0002675263676792383
injected,sj01_local_hum_avg_pct__fall,0.5,15.0,46,True,True,1,False,sj01_local_hum_avg_pct__fall,sj01_local_hum_avg_pct__fall,0.001299738883972168
injected,sj01_local_hum_avg_pct__fall,0.5,15.0,47,True,True,1,False,sj01_local_hum_avg_pct__fall,sj01_local_hum_avg_pct__fall,0.00026676058769226074
injected,sj01_local_hum_avg_pct__fall,0.5,15.0,48,True,True,1,False,sj01_local_hum_avg_pct__fall,sj01_local_hum_avg_pct__fall,0.0002675263676792383
injected,sj01_local_hum_avg_pct__fall,0.5,15.0,49,True,True,1,False,sj01_local_hum_avg_pct__fall,sj01_local_hum_avg_pct__fall,0.0001553744077682495
injected,sj01_local_hum_avg_pct__fall,0.5,30.0,0,True,True,1,False,sj01_local_hum_avg_pct__fall,sj01_local_hum_avg_pct__fall,0.001299738883972168
injected,sj01_local_hum_avg_pct__fall,0.5,30.0,1,False,True,0,False,,sj01_local_hum_avg_pct__fall,0.021386972628533847
injected,sj01_local_hum_avg_pct__fall,0.5,30.0,2,True,True,1,False,sj01_local_hum_avg_pct__fall,sj01_local_hum_avg_pct__fall,0.00045611709356307983
injected,sj01_local_hum_avg_pct__fall,0.5,30.0,3,False,True,0,False,,sj01_local_hum_avg_pct__fall,0.0020386576652526855
injected,sj01_local_hum_avg_pct__fall,0.5,30.0,4,False,False,0,False,,cu01_local_hum_avg_pct__rise,0.0095786452293396
injected,sj01_local_hum_avg_pct__fall,0.5,30.0,5,False,True,0,False,,sj01_local_hum_avg_pct__fall,0.003305375576019287
injected,sj01_local_hum_avg_pct__fall,0.5,30.0,6,False,True,0,False,,sj01_local_hum_avg_pct__fall,0.0046776533126831055
injected,sj01_local_hum_avg_pct__fall,0.5,30.0,7,False,True,0,False,,sj01_local_hum_avg_pct__fall,0.006270475685596466
injected,sj01_local_hum_avg_pct__fall,0.5,30.0,8,False,True,0,False,,sj01_local_hum_avg_pct__fall,0.026119492948055267
injected,sj01_local_hum_avg_pct__fall,0.5,30.0,9,False,True,0,False,,sj01_local_hum_avg_pct__fall,0.004065029323101044
injected,sj01_local_hum_avg_pct__fall,0.5,30.0,10,True,True,1,False,sj01_local_hum_avg_pct__fall,sj01_local_hum_avg_pct__fall,0.0007568597793579102
injected,sj01_local_hum_avg_pct__fall,0.5,30.0,11,False,True,0,False,,sj01_local_hum_avg_pct__fall,0.006270475685596466
injected,sj01_local_hum_avg_pct__fall,0.5,30.0,12,False,True,0,False,,sj01_local_hum_avg_pct__fall,0.004065029323101044
injected,sj01_local_hum_avg_pct__fall,0.5,30.0,13,True,True,1,False,sj01_local_hum_avg_pct__fall,sj01_local_hum_avg_pct__fall,0.0012469589710235596
injected,sj01_local_hum_avg_pct__fall,0.5,30.0,14,False,True,0,False,,sj01_local_hum_avg_pct__fall,0.005311012268066406
injected,sj01_local_hum_avg_pct__fall,0.5,30.0,15,True,True,1,False,sj01_local_hum_avg_pct__fall,sj01_local_hum_avg_pct__fall,0.0012469589710235596
injected,sj01_local_hum_avg_pct__fall,0.5,30.0,16,False,False,0,False,,cu01_local_hum_avg_pct__rise,0.006270475685596466
injected,sj01_local_hum_avg_pct__fall,0.5,30.0,17,False,True,0,False,,sj01_local_hum_avg_pct__fall,0.006270475685596466
injected,sj01_local_hum_avg_pct__fall,0.5,30.0,18,False,True,0,False,,sj01_local_hum_avg_pct__fall,0.0029623061418533325
injected,sj01_local_hum_avg_pct__fall,0.5,30.0,19,False,False,0,False,,sj01_local_wind_speed_ms__rise,0.020694732666015625
injected,sj01_local_hum_avg_pct__fall,0.5,30.0,20,False,True,0,False,,sj01_local_hum_avg_pct__fall,0.00845026969909668
injected,sj01_local_hum_avg_pct__fall,0.5,30.0,21,True,True,1,False,sj01_local_hum_avg_pct__fall,sj01_local_hum_avg_pct__fall,0.0012469589710235596
injected,sj01_local_hum_avg_pct__fall,0.5,30.0,22,True,True,1,False,sj01_local_hum_avg_pct__fall,sj01_local_hum_avg_pct__fall,0.0004552602767944336
injected,sj01_local_hum_avg_pct__fall,0.5,30.0,23,False,True,0,False,,sj01_local_hum_avg_pct__fall,0.005311012268066406
injected,sj01_local_hum_avg_pct__fall,0.5,30.0,24,False,True,0,False,,sj01_local_hum_avg_pct__fall,0.0046776533126831055
injected,sj01_local_hum_avg_pct__fall,0.5,30.0,25,False,True,0,False,,sj01_local_hum_avg_pct__fall,0.007316648960113525
injected,sj01_local_hum_avg_pct__fall,0.5,30.0,26,False,True,0,False,,sj01_local_hum_avg_pct__fall,0.0029623061418533325
injected,sj01_local_hum_avg_pct__fall,0.5,30.0,27,False,False,0,False,,cu01_local_hum_avg_pct__rise,0.0095786452293396
injected,sj01_local_hum_avg_pct__fall,0.5,30.0,28,False,True,0,False,,sj01_local_hum_avg_pct__fall,0.006270475685596466
injected,sj01_local_hum_avg_pct__fall,0.5,30.0,29,True,True,1,False,sj01_local_hum_avg_pct__fall,sj01_local_hum_avg_pct__fall,0.000771939754486084
injected,sj01_local_hum_avg_pct__fall,0.5,30.0,30,True,True,1,False,sj01_local_hum_avg_pct__fall,sj01_local_hum_avg_pct__fall,0.0012469589710235596
injected,sj01_local_hum_avg_pct__fall,0.5,30.0,31,False,False,0,False,,cu01_local_hum_avg_pct__rise,0.014479637145996094
injected,sj01_local_hum_avg_pct__fall,0.5,30.0,32,False,True,0,False,,sj01_local_hum_avg_pct__fall,0.00845026969909668
injected,sj01_local_hum_avg_pct__fall,0.5,30.0,33,False,True,0,False,,sj01_local_hum_avg_pct__fall,0.00845026969909668
injected,sj01_local_hum_avg_pct__fall,0.5,30.0,34,False,False,0,False,,cu01_local_hum_avg_pct__rise,0.017849069088697433
injected,sj01_local_hum_avg_pct__fall,0.5,30.0,35,True,True,1,False,sj01_local_hum_avg_pct__fall,sj01_local_hum_avg_pct__fall,0.00045611709356307983
injected,sj01_local_hum_avg_pct__fall,0.5,30.0,36,True,True,1,False,sj01_local_hum_avg_pct__fall,sj01_local_hum_avg_pct__fall,0.00026676058769226074
injected,sj01_local_hum_avg_pct__fall,0.5,30.0,37,False,False,0,False,,cu01_local_hum_avg_pct__rise,0.014479637145996094
injected,sj01_local_hum_avg_pct__fall,0.5,30.0,38,False,True,0,False,,sj01_local_hum_avg_pct__fall,0.003305375576019287
injected,sj01_local_hum_avg_pct__fall,0.5,30.0,39,True,True,1,False,sj01_local_hum_avg_pct__fall,sj01_local_hum_avg_pct__fall,0.001299738883972168
injected,sj01_local_hum_avg_pct__fall,0.5,30.0,40,False,True,0,False,,sj01_local_hum_avg_pct__fall,0.003305375576019287
injected,sj01_local_hum_avg_pct__fall,0.5,30.0,41,False,True,0,False,,sj01_local_hum_avg_pct__fall,0.0020386576652526855
injected,sj01_local_hum_avg_pct__fall,0.5,30.0,42,False,True,0,False,,sj01_local_hum_avg_pct__fall,0.0029623061418533325
injected,sj01_local_hum_avg_pct__fall,0.5,30.0,43,False,True,0,False,,sj01_local_hum_avg_pct__fall,0.0046776533126831055
injected,sj01_local_hum_avg_pct__fall,0.5,30.0,44,False,False,0,False,,cu01_local_hum_avg_pct__rise,0.006270475685596466
injected,sj01_local_hum_avg_pct__fall,0.5,30.0,45,False,True,0,False,,sj01_local_hum_avg_pct__fall,0.0026114396750926976
injected,sj01_local_hum_avg_pct__fall,0.5,30.0,46,False,False,0,False,,cu01_local_hum_avg_pct__rise,0.0095786452293396
injected,sj01_local_hum_avg_pct__fall,0.5,30.0,47,False,True,0,False,,sj01_local_hum_avg_pct__fall,0.005311012268066406
injected,sj01_local_hum_avg_pct__fall,0.5,30.0,48,True,True,1,False,sj01_local_hum_avg_pct__fall,sj01_local_hum_avg_pct__fall,0.0007568597793579102
injected,sj01_local_hum_avg_pct__fall,0.5,30.0,49,True,True,1,False,sj01_local_hum_avg_pct__fall,sj01_local_hum_avg_pct__fall,0.00045611709356307983
injected,sj01_local_hum_avg_pct__fall,0.5,60.0,0,False,True,0,False,,sj01_local_hum_avg_pct__fall,0.003692626953125
injected,sj01_local_hum_avg_pct__fall,0.5,60.0,1,False,True,0,False,,sj01_local_hum_avg_pct__fall,0.0020904541015625
injected,sj01_local_hum_avg_pct__fall,0.5,60.0,2,False,True,0,False,,sj01_local_hum_avg_pct__fall,0.0020904541015625
injected,sj01_local_hum_avg_pct__fall,0.5,60.0,3,False,True,0,False,,sj01_local_hum_avg_pct__fall,0.0064697265625
injected,sj01_local_hum_avg_pct__fall,0.5,60.0,4,False,False,0,False,,cu01_local_hum_avg_pct__rise,0.006270475685596466
injected,sj01_local_hum_avg_pct__fall,0.5,60.0,5,False,True,0,False,,sj01_local_hum_avg_pct__fall,0.0063629150390625
injected,sj01_local_hum_avg_pct__fall,0.5,60.0,6,False,True,0,False,,sj01_local_hum_avg_pct__fall,0.0020904541015625
injected,sj01_local_hum_avg_pct__fall,0.5,60.0,7,False,False,0,False,,cu01_local_hum_avg_pct__rise,0.0029623061418533325
injected,sj01_local_hum_avg_pct__fall,0.5,60.0,8,False,True,0,False,,sj01_local_hum_avg_pct__fall,0.003692626953125
injected,sj01_local_hum_avg_pct__fall,0.5,60.0,9,False,True,0,False,,sj01_local_hum_avg_pct__fall,0.003692626953125
injected,sj01_local_hum_avg_pct__fall,0.5,60.0,10,True,True,1,False,sj01_local_hum_avg_pct__fall,sj01_local_hum_avg_pct__fall,0.00048828125
injected,sj01_local_hum_avg_pct__fall,0.5,60.0,11,True,True,1,False,sj01_local_hum_avg_pct__fall,sj01_local_hum_avg_pct__fall,0.0001220703125
injected,sj01_local_hum_avg_pct__fall,0.5,60.0,12,False,False,0,False,,cu01_local_hum_avg_pct__rise,0.006270475685596466
injected,sj01_local_hum_avg_pct__fall,0.5,60.0,13,False,False,0,False,,cu01_local_hum_avg_pct__rise,0.0026114396750926976
injected,sj01_local_hum_avg_pct__fall,0.5,60.0,14,False,False,0,False,,cu01_local_hum_avg_pct__rise,0.005336920265108347
injected,sj01_local_hum_avg_pct__fall,0.5,60.0,15,False,False,0,False,,cu01_local_hum_avg_pct__rise,0.0020904541015625
injected,sj01_local_hum_avg_pct__fall,0.5,60.0,16,False,True,0,False,,sj01_local_hum_avg_pct__fall,0.0063629150390625
injected,sj01_local_hum_avg_pct__fall,0.5,60.0,17,False,False,0,False,,cu01_local_hum_avg_pct__rise,0.017849069088697433
injected,sj01_local_hum_avg_pct__fall,0.5,60.0,18,False,True,0,False,,sj01_local_hum_avg_pct__fall,0.001708984375
injected,sj01_local_hum_avg_pct__fall,0.5,60.0,19,False,False,0,False,,cu01_local_hum_avg_pct__rise,0.0026114396750926976
injected,sj01_local_hum_avg_pct__fall,0.5,60.0,20,False,False,0,False,,cu01_local_hum_avg_pct__rise,0.0018595829606056213
injected,sj01_local_hum_avg_pct__fall,0.5,60.0,21,False,False,0,False,,cu01_local_hum_avg_pct__rise,0.004065029323101044
injected,sj01_local_hum_avg_pct__fall,0.5,60.0,22,False,True,0,False,,sj01_local_hum_avg_pct__fall,0.003692626953125
injected,sj01_local_hum_avg_pct__fall,0.5,60.0,23,False,True,0,False,,sj01_local_hum_avg_pct__fall,0.0037689208984375
injected,sj01_local_hum_avg_pct__fall,0.5,60.0,24,False,False,0,False,,cu01_local_hum_avg_pct__rise,0.0026114396750926976
injected,sj01_local_hum_avg_pct__fall,0.5,60.0,25,False,False,0,False,,cu01_local_hum_avg_pct__rise,0.01205977238714695
injected,sj01_local_hum_avg_pct__fall,0.5,60.0,26,False,True,0,False,,sj01_local_hum_avg_pct__fall,0.0020904541015625
injected,sj01_local_hum_avg_pct__fall,0.5,60.0,27,True,True,1,False,sj01_local_hum_avg_pct__fall,sj01_local_hum_avg_pct__fall,0.00048828125
injected,sj01_local_hum_avg_pct__fall,0.5,60.0,28,False,True,0,False,,sj01_local_hum_avg_pct__fall,0.0064697265625
injected,sj01_local_hum_avg_pct__fall,0.5,60.0,29,False,True,0,False,,sj01_local_hum_avg_pct__fall,0.003692626953125
injected,sj01_local_hum_avg_pct__fall,0.5,60.0,30,True,True,1,False,sj01_local_hum_avg_pct__fall,sj01_local_hum_avg_pct__fall,0.00091552734375
injected,sj01_local_hum_avg_pct__fall,0.5,60.0,31,False,False,0,False,,cu01_local_hum_avg_pct__rise,0.0018595829606056213
injected,sj01_local_hum_avg_pct__fall,0.5,60.0,32,False,False,0,False,,cu01_local_hum_avg_pct__rise,0.01205977238714695
injected,sj01_local_hum_avg_pct__fall,0.5,60.0,33,False,True,0,False,,sj01_local_hum_avg_pct__fall,0.0063629150390625
injected,sj01_local_hum_avg_pct__fall,0.5,60.0,34,False,False,0,False,,cu01_local_hum_avg_pct__rise,0.008062400855123998
injected,sj01_local_hum_avg_pct__fall,0.5,60.0,35,True,True,1,False,sj01_local_hum_avg_pct__fall,sj01_local_hum_avg_pct__fall,0.00048828125
injected,sj01_local_hum_avg_pct__fall,0.5,60.0,36,False,True,0,False,,sj01_local_hum_avg_pct__fall,0.003692626953125
injected,sj01_local_hum_avg_pct__fall,0.5,60.0,37,False,False,1,True,cu01_local_hum_avg_pct__rise,cu01_local_hum_avg_pct__rise,0.0011578500270843506
injected,sj01_local_hum_avg_pct__fall,0.5,60.0,38,True,True,1,False,sj01_local_hum_avg_pct__fall,sj01_local_hum_avg_pct__fall,0.0001220703125
injected,sj01_local_hum_avg_pct__fall,0.5,60.0,39,False,True,0,False,,sj01_local_hum_avg_pct__fall,0.0020904541015625
injected,sj01_local_hum_avg_pct__fall,0.5,60.0,40,True,True,1,False,sj01_local_hum_avg_pct__fall,sj01_local_hum_avg_pct__fall,0.0001220703125
injected,sj01_local_hum_avg_pct__fall,0.5,60.0,41,True,True,1,False,sj01_local_hum_avg_pct__fall,sj01_local_hum_avg_pct__fall,0.00048828125
injected,sj01_local_hum_avg_pct__fall,0.5,60.0,42,False,False,0,False,,cu01_local_hum_avg_pct__rise,0.006270475685596466
injected,sj01_local_hum_avg_pct__fall,0.5,60.0,43,False,True,0,False,,sj01_local_hum_avg_pct__fall,0.0063629150390625
injected,sj01_local_hum_avg_pct__fall,0.5,60.0,44,False,False,0,False,,cu01_local_hum_avg_pct__rise,0.004065029323101044
injected,sj01_local_hum_avg_pct__fall,0.5,60.0,45,False,False,0,False,,cu01_local_hum_avg_pct__rise,0.01205977238714695
injected,sj01_local_hum_avg_pct__fall,0.5,60.0,46,False,False,0,False,,cu01_local_hum_avg_pct__rise,0.006270475685596466
injected,sj01_local_hum_avg_pct__fall,0.5,60.0,47,False,True,0,False,,sj01_local_hum_avg_pct__fall,0.0020904541015625
injected,sj01_local_hum_avg_pct__fall,0.5,60.0,48,False,True,0,False,,sj01_local_hum_avg_pct__fall,0.0106353759765625
injected,sj01_local_hum_avg_pct__fall,0.5,60.0,49,False,False,0,False,,cu01_local_hum_avg_pct__rise,0.0095786452293396
injected,sj01_local_hum_avg_pct__fall,1.0,15.0,0,True,True,1,False,sj01_local_hum_avg_pct__fall,sj01_local_hum_avg_pct__fall,1.049041748046875e-05
injected,sj01_local_hum_avg_pct__fall,1.0,15.0,1,True,True,1,False,sj01_local_hum_avg_pct__fall,sj01_local_hum_avg_pct__fall,2.4616718292236328e-05
injected,sj01_local_hum_avg_pct__fall,1.0,15.0,2,True,True,1,False,sj01_local_hum_avg_pct__fall,sj01_local_hum_avg_pct__fall,3.309384919703007e-05
injected,sj01_local_hum_avg_pct__fall,1.0,15.0,3,True,True,2,True,sj01_local_hum_avg_pct__fall;cu01_local_hum_avg_pct__rise,sj01_local_hum_avg_pct__fall,1.697661355137825e-05
injected,sj01_local_hum_avg_pct__fall,1.0,15.0,4,True,True,2,True,sj01_local_hum_avg_pct__fall;cu01_local_hum_avg_pct__rise,sj01_local_hum_avg_pct__fall,8.999556303024292e-05
injected,sj01_local_hum_avg_pct__fall,1.0,15.0,5,True,True,1,False,sj01_local_hum_avg_pct__fall,sj01_local_hum_avg_pct__fall,7.005874067544937e-07
injected,sj01_local_hum_avg_pct__fall,1.0,15.0,6,True,True,1,False,sj01_local_hum_avg_pct__fall,sj01_local_hum_avg_pct__fall,2.314336597919464e-07
injected,sj01_local_hum_avg_pct__fall,1.0,15.0,7,True,True,1,False,sj01_local_hum_avg_pct__fall,sj01_local_hum_avg_pct__fall,1.7940998077392578e-05
injected,sj01_local_hum_avg_pct__fall,1.0,15.0,8,True,True,1,False,sj01_local_hum_avg_pct__fall,sj01_local_hum_avg_pct__fall,2.86102294921875e-06
injected,sj01_local_hum_avg_pct__fall,1.0,15.0,9,True,True,1,False,sj01_local_hum_avg_pct__fall,sj01_local_hum_avg_pct__fall,4.215165972709656e-06
injected,sj01_local_hum_avg_pct__fall,1.0,15.0,10,True,True,1,False,sj01_local_hum_avg_pct__fall,sj01_local_hum_avg_pct__fall,3.4691765904426575e-08
injected,sj01_local_hum_avg_pct__fall,1.0,15.0,11,True,True,2,True,sj01_local_hum_avg_pct__fall;cu01_local_hum_avg_pct__rise,sj01_local_hum_avg_pct__fall,2.3245811462402344e-06
injected,sj01_local_hum_avg_pct__fall,1.0,15.0,12,True,True,1,False,sj01_local_hum_avg_pct__fall,sj01_local_hum_avg_pct__fall,7.618218660354614e-06
injected,sj01_local_hum_avg_pct__fall,1.0,15.0,13,True,True,1,False,sj01_local_hum_avg_pct__fall,sj01_local_hum_avg_pct__fall,8.121132850646973e-07
injected,sj01_local_hum_avg_pct__fall,1.0,15.0,14,True,True,1,False,sj01_local_hum_avg_pct__fall,sj01_local_hum_avg_pct__fall,9.609758853912354e-05
injected,sj01_local_hum_avg_pct__fall,1.0,15.0,15,True,True,1,False,sj01_local_hum_avg_pct__fall,sj01_local_hum_avg_pct__fall,1.516193151473999e-06
injected,sj01_local_hum_avg_pct__fall,1.0,15.0,16,True,True,1,False,sj01_local_hum_avg_pct__fall,sj01_local_hum_avg_pct__fall,3.480084706097841e-05
injected,sj01_local_hum_avg_pct__fall,1.0,15.0,17,True,True,1,False,sj01_local_hum_avg_pct__fall,sj01_local_hum_avg_pct__fall,0.0002675263676792383
injected,sj01_local_hum_avg_pct__fall,1.0,15.0,18,True,True,1,False,sj01_local_hum_avg_pct__fall,sj01_local_hum_avg_pct__fall,2.823770046234131e-06
injected,sj01_local_hum_avg_pct__fall,1.0,15.0,19,True,True,1,False,sj01_local_hum_avg_pct__fall,sj01_local_hum_avg_pct__fall,0.00016245711594820025
injected,sj01_local_hum_avg_pct__fall,1.0,15.0,20,True,True,2,True,sj01_local_hum_avg_pct__fall;cu01_local_hum_avg_pct__rise,sj01_local_hum_avg_pct__fall,1.1920928955078125e-07
injected,sj01_local_hum_avg_pct__fall,1.0,15.0,21,True,True,1,False,sj01_local_hum_avg_pct__fall,sj01_local_hum_avg_pct__fall,2.8870999813079834e-08
injected,sj01_local_hum_avg_pct__fall,1.0,15.0,22,True,True,1,False,sj01_local_hum_avg_pct__fall,sj01_local_hum_avg_pct__fall,5.587935447692871e-08
injected,sj01_local_hum_avg_pct__fall,1.0,15.0,23,True,True,2,True,sj01_local_hum_avg_pct__fall;cu01_local_hum_avg_pct__rise,sj01_local_hum_avg_pct__fall,4.023313522338867e-07
injected,sj01_local_hum_avg_pct__fall,1.0,15.0,24,True,True,1,False,sj01_local_hum_avg_pct__fall,sj01_local_hum_avg_pct__fall,1.516193151473999e-06
injected,sj01_local_hum_avg_pct__fall,1.0,15.0,25,True,True,1,False,sj01_local_hum_avg_pct__fall,sj01_local_hum_avg_pct__fall,2.9738061130046848e-05
injected,sj01_local_hum_avg_pct__fall,1.0,15.0,26,True,True,2,True,sj01_local_hum_avg_pct__fall;cu01_local_hum_avg_pct__rise,sj01_local_hum_avg_pct__fall,1.2780074030160904e-06
injected,sj01_local_hum_avg_pct__fall,1.0,15.0,27,True,True,2,True,sj01_local_hum_avg_pct__fall;cu01_local_hum_avg_pct__rise,sj01_local_hum_avg_pct__fall,9.715557098388672e-06
injected,sj01_local_hum_avg_pct__fall,1.0,15.0,28,True,True,1,False,sj01_local_hum_avg_pct__fall,sj01_local_hum_avg_pct__fall,9.756279177963734e-05
injected,sj01_local_hum_avg_pct__fall,1.0,15.0,29,True,True,2,True,sj01_local_hum_avg_pct__fall;cu01_local_hum_avg_pct__rise,sj01_local_hum_avg_pct__fall,1.4901161193847656e-08
injected,sj01_local_hum_avg_pct__fall,1.0,15.0,30,True,True,1,False,sj01_local_hum_avg_pct__fall,sj01_local_hum_avg_pct__fall,2.8870999813079834e-08
injected,sj01_local_hum_avg_pct__fall,1.0,15.0,31,True,True,1,False,sj01_local_hum_avg_pct__fall,sj01_local_hum_avg_pct__fall,9.715557098388672e-06
injected,sj01_local_hum_avg_pct__fall,1.0,15.0,32,True,True,1,False,sj01_local_hum_avg_pct__fall,sj01_local_hum_avg_pct__fall,2.3245811462402344e-06
injected,sj01_local_hum_avg_pct__fall,1.0,15.0,33,True,True,2,True,sj01_local_hum_avg_pct__fall;cu01_local_hum_avg_pct__rise,sj01_local_hum_avg_pct__fall,4.023313522338867e-07
injected,sj01_local_hum_avg_pct__fall,1.0,15.0,34,True,True,1,False,sj01_local_hum_avg_pct__fall,sj01_local_hum_avg_pct__fall,2.9738061130046848e-05
injected,sj01_local_hum_avg_pct__fall,1.0,15.0,35,True,True,1,False,sj01_local_hum_avg_pct__fall,sj01_local_hum_avg_pct__fall,5.587935447692871e-08
injected,sj01_local_hum_avg_pct__fall,1.0,15.0,36,True,True,1,False,sj01_local_hum_avg_pct__fall,sj01_local_hum_avg_pct__fall,1.4901161193847656e-08
injected,sj01_local_hum_avg_pct__fall,1.0,15.0,37,True,True,1,False,sj01_local_hum_avg_pct__fall,sj01_local_hum_avg_pct__fall,5.1857903599739075e-05
injected,sj01_local_hum_avg_pct__fall,1.0,15.0,38,True,True,2,True,sj01_local_hum_avg_pct__fall;cu01_local_hum_avg_pct__rise,sj01_local_hum_avg_pct__fall,1.1920928955078125e-07
injected,sj01_local_hum_avg_pct__fall,1.0,15.0,39,True,True,1,False,sj01_local_hum_avg_pct__fall,sj01_local_hum_avg_pct__fall,4.33996319770813e-07
injected,sj01_local_hum_avg_pct__fall,1.0,15.0,40,True,True,1,False,sj01_local_hum_avg_pct__fall,sj01_local_hum_avg_pct__fall,2.086162567138672e-07
injected,sj01_local_hum_avg_pct__fall,1.0,15.0,41,True,True,1,False,sj01_local_hum_avg_pct__fall,sj01_local_hum_avg_pct__fall,1.4901161193847656e-08
injected,sj01_local_hum_avg_pct__fall,1.0,15.0,42,True,True,1,False,sj01_local_hum_avg_pct__fall,sj01_local_hum_avg_pct__fall,1.2780074030160904e-06
injected,sj01_local_hum_avg_pct__fall,1.0,15.0,43,True,True,1,False,sj01_local_hum_avg_pct__fall,sj01_local_hum_avg_pct__fall,1.697661355137825e-05
injected,sj01_local_hum_avg_pct__fall,1.0,15.0,44,True,True,1,False,sj01_local_hum_avg_pct__fall,sj01_local_hum_avg_pct__fall,2.9738061130046848e-05
injected,sj01_local_hum_avg_pct__fall,1.0,15.0,45,True,True,1,False,sj01_local_hum_avg_pct__fall,sj01_local_hum_avg_pct__fall,1.2780074030160904e-06
injected,sj01_local_hum_avg_pct__fall,1.0,15.0,46,True,True,1,False,sj01_local_hum_avg_pct__fall,sj01_local_hum_avg_pct__fall,2.86102294921875e-06
injected,sj01_local_hum_avg_pct__fall,1.0,15.0,47,True,True,2,True,sj01_local_hum_avg_pct__fall;cu01_local_hum_avg_pct__rise,sj01_local_hum_avg_pct__fall,2.823770046234131e-06
injected,sj01_local_hum_avg_pct__fall,1.0,15.0,48,True,True,1,False,sj01_local_hum_avg_pct__fall,sj01_local_hum_avg_pct__fall,1.2780074030160904e-06
injected,sj01_local_hum_avg_pct__fall,1.0,15.0,49,True,True,1,False,sj01_local_hum_avg_pct__fall,sj01_local_hum_avg_pct__fall,1.516193151473999e-06
injected,sj01_local_hum_avg_pct__fall,1.0,30.0,0,True,True,1,False,sj01_local_hum_avg_pct__fall,sj01_local_hum_avg_pct__fall,5.4836273193359375e-06
injected,sj01_local_hum_avg_pct__fall,1.0,30.0,1,True,True,1,False,sj01_local_hum_avg_pct__fall,sj01_local_hum_avg_pct__fall,0.0001553744077682495
injected,sj01_local_hum_avg_pct__fall,1.0,30.0,2,True,True,1,False,sj01_local_hum_avg_pct__fall,sj01_local_hum_avg_pct__fall,2.9738061130046848e-05
injected,sj01_local_hum_avg_pct__fall,1.0,30.0,3,True,True,1,False,sj01_local_hum_avg_pct__fall,sj01_local_hum_avg_pct__fall,9.715557098388672e-06
injected,sj01_local_hum_avg_pct__fall,1.0,30.0,4,True,True,1,False,sj01_local_hum_avg_pct__fall,sj01_local_hum_avg_pct__fall,0.000110626220703125
injected,sj01_local_hum_avg_pct__fall,1.0,30.0,5,True,True,1,False,sj01_local_hum_avg_pct__fall,sj01_local_hum_avg_pct__fall,5.464302375912666e-06
injected,sj01_local_hum_avg_pct__fall,1.0,30.0,6,True,True,1,False,sj01_local_hum_avg_pct__fall,sj01_local_hum_avg_pct__fall,4.215165972709656e-06
injected,sj01_local_hum_avg_pct__fall,1.0,30.0,7,True,True,1,False,sj01_local_hum_avg_pct__fall,sj01_local_hum_avg_pct__fall,4.398822784423828e-05
injected,sj01_local_hum_avg_pct__fall,1.0,30.0,8,True,True,1,False,sj01_local_hum_avg_pct__fall,sj01_local_hum_avg_pct__fall,0.0001385807991027832
injected,sj01_local_hum_avg_pct__fall,1.0,30.0,9,True,True,1,False,sj01_local_hum_avg_pct__fall,sj01_local_hum_avg_pct__fall,5.1857903599739075e-05
injected,sj01_local_hum_avg_pct__fall,1.0,30.0,10,True,True,1,False,sj01_local_hum_avg_pct__fall,sj01_local_hum_avg_pct__fall,1.0803341865539551e-07
injected,sj01_local_hum_avg_pct__fall,1.0,30.0,11,True,True,1,False,sj01_local_hum_avg_pct__fall,sj01_local_hum_avg_pct__fall,1.697661355137825e-05
injected,sj01_local_hum_avg_pct__fall,1.0,30.0,12,True,True,1,False,sj01_local_hum_avg_pct__fall,sj01_local_hum_avg_pct__fall,9.609758853912354e-05
injected,sj01_local_hum_avg_pct__fall,1.0,30.0,13,True,True,1,False,sj01_local_hum_avg_pct__fall,sj01_local_hum_avg_pct__fall,1.372024416923523e-05
injected,sj01_local_hum_avg_pct__fall,1.0,30.0,14,True,True,1,False,sj01_local_hum_avg_pct__fall,sj01_local_hum_avg_pct__fall,0.0001385807991027832
injected,sj01_local_hum_avg_pct__fall,1.0,30.0,15,True,True,1,False,sj01_local_hum_avg_pct__fall,sj01_local_hum_avg_pct__fall,5.245208740234375e-06
injected,sj01_local_hum_avg_pct__fall,1.0,30.0,16,True,True,1,False,sj01_local_hum_avg_pct__fall,sj01_local_hum_avg_pct__fall,8.999556303024292e-05
injected,sj01_local_hum_avg_pct__fall,1.0,30.0,17,True,True,1,False,sj01_local_hum_avg_pct__fall,sj01_local_hum_avg_pct__fall,0.0004106976557523012
injected,sj01_local_hum_avg_pct__fall,1.0,30.0,18,True,True,1,False,sj01_local_hum_avg_pct__fall,sj01_local_hum_avg_pct__fall,2.4616718292236328e-05
injected,sj01_local_hum_avg_pct__fall,1.0,30.0,19,True,True,1,False,sj01_local_hum_avg_pct__fall,sj01_local_hum_avg_pct__fall,0.0007154531776905061
injected,sj01_local_hum_avg_pct__fall,1.0,30.0,20,True,True,1,False,sj01_local_hum_avg_pct__fall,sj01_local_hum_avg_pct__fall,9.715557098388672e-06
injected,sj01_local_hum_avg_pct__fall,1.0,30.0,21,True,True,1,False,sj01_local_hum_avg_pct__fall,sj01_local_hum_avg_pct__fall,2.823770046234131e-06
injected,sj01_local_hum_avg_pct__fall,1.0,30.0,22,True,True,1,False,sj01_local_hum_avg_pct__fall,sj01_local_hum_avg_pct__fall,4.023313522338867e-07
injected,sj01_local_hum_avg_pct__fall,1.0,30.0,23,True,True,1,False,sj01_local_hum_avg_pct__fall,sj01_local_hum_avg_pct__fall,2.86102294921875e-06
injected,sj01_local_hum_avg_pct__fall,1.0,30.0,24,True,True,1,False,sj01_local_hum_avg_pct__fall,sj01_local_hum_avg_pct__fall,0.0001553744077682495
injected,sj01_local_hum_avg_pct__fall,1.0,30.0,25,True,True,1,False,sj01_local_hum_avg_pct__fall,sj01_local_hum_avg_pct__fall,5.1857903599739075e-05
injected,sj01_local_hum_avg_pct__fall,1.0,30.0,26,True,True,1,False,sj01_local_hum_avg_pct__fall,sj01_local_hum_avg_pct__fall,2.823770046234131e-06
injected,sj01_local_hum_avg_pct__fall,1.0,30.0,27,True,True,1,False,sj01_local_hum_avg_pct__fall,sj01_local_hum_avg_pct__fall,0.000244140625
injected,sj01_local_hum_avg_pct__fall,1.0,30.0,28,True,True,1,False,sj01_local_hum_avg_pct__fall,sj01_local_hum_avg_pct__fall,0.0002675263676792383
injected,sj01_local_hum_avg_pct__fall,1.0,30.0,29,True,True,1,False,sj01_local_hum_avg_pct__fall,sj01_local_hum_avg_pct__fall,5.960464477539063e-08
injected,sj01_local_hum_avg_pct__fall,1.0,30.0,30,True,True,1,False,sj01_local_hum_avg_pct__fall,sj01_local_hum_avg_pct__fall,2.823770046234131e-06
injected,sj01_local_hum_avg_pct__fall,1.0,30.0,31,True,True,1,False,sj01_local_hum_avg_pct__fall,sj01_local_hum_avg_pct__fall,7.826089859008789e-05
injected,sj01_local_hum_avg_pct__fall,1.0,30.0,32,True,True,1,False,sj01_local_hum_avg_pct__fall,sj01_local_hum_avg_pct__fall,5.464302375912666e-06
injected,sj01_local_hum_avg_pct__fall,1.0,30.0,33,True,True,1,False,sj01_local_hum_avg_pct__fall,sj01_local_hum_avg_pct__fall,5.4836273193359375e-06
injected,sj01_local_hum_avg_pct__fall,1.0,30.0,34,True,True,1,False,sj01_local_hum_avg_pct__fall,sj01_local_hum_avg_pct__fall,0.00016245711594820025
injected,sj01_local_hum_avg_pct__fall,1.0,30.0,35,True,True,1,False,sj01_local_hum_avg_pct__fall,sj01_local_hum_avg_pct__fall,2.086162567138672e-07
injected,sj01_local_hum_avg_pct__fall,1.0,30.0,36,True,True,1,False,sj01_local_hum_avg_pct__fall,sj01_local_hum_avg_pct__fall,2.086162567138672e-07
injected,sj01_local_hum_avg_pct__fall,1.0,30.0,37,True,True,1,False,sj01_local_hum_avg_pct__fall,sj01_local_hum_avg_pct__fall,0.0002730563282966614
injected,sj01_local_hum_avg_pct__fall,1.0,30.0,38,True,True,1,False,sj01_local_hum_avg_pct__fall,sj01_local_hum_avg_pct__fall,5.4836273193359375e-06
injected,sj01_local_hum_avg_pct__fall,1.0,30.0,39,True,True,1,False,sj01_local_hum_avg_pct__fall,sj01_local_hum_avg_pct__fall,1.4901161193847656e-06
injected,sj01_local_hum_avg_pct__fall,1.0,30.0,40,True,True,1,False,sj01_local_hum_avg_pct__fall,sj01_local_hum_avg_pct__fall,2.823770046234131e-06
injected,sj01_local_hum_avg_pct__fall,1.0,30.0,41,True,True,1,False,sj01_local_hum_avg_pct__fall,sj01_local_hum_avg_pct__fall,1.4901161193847656e-06
injected,sj01_local_hum_avg_pct__fall,1.0,30.0,42,True,True,1,False,sj01_local_hum_avg_pct__fall,sj01_local_hum_avg_pct__fall,7.618218660354614e-06
injected,sj01_local_hum_avg_pct__fall,1.0,30.0,43,True,True,1,False,sj01_local_hum_avg_pct__fall,sj01_local_hum_avg_pct__fall,7.826089859008789e-05
injected,sj01_local_hum_avg_pct__fall,1.0,30.0,44,True,True,1,False,sj01_local_hum_avg_pct__fall,sj01_local_hum_avg_pct__fall,8.999556303024292e-05
injected,sj01_local_hum_avg_pct__fall,1.0,30.0,45,True,True,1,False,sj01_local_hum_avg_pct__fall,sj01_local_hum_avg_pct__fall,3.309384919703007e-05
injected,sj01_local_hum_avg_pct__fall,1.0,30.0,46,True,True,1,False,sj01_local_hum_avg_pct__fall,sj01_local_hum_avg_pct__fall,0.0001385807991027832
injected,sj01_local_hum_avg_pct__fall,1.0,30.0,47,True,True,1,False,sj01_local_hum_avg_pct__fall,sj01_local_hum_avg_pct__fall,5.4836273193359375e-06
injected,sj01_local_hum_avg_pct__fall,1.0,30.0,48,True,True,1,False,sj01_local_hum_avg_pct__fall,sj01_local_hum_avg_pct__fall,3.309384919703007e-05
injected,sj01_local_hum_avg_pct__fall,1.0,30.0,49,True,True,1,False,sj01_local_hum_avg_pct__fall,sj01_local_hum_avg_pct__fall,5.245208740234375e-06
injected,sj01_local_hum_avg_pct__fall,1.0,60.0,0,True,True,2,True,sj01_local_hum_avg_pct__fall;cu01_local_hum_avg_pct__rise,sj01_local_hum_avg_pct__fall,0.00048828125
injected,sj01_local_hum_avg_pct__fall,1.0,60.0,1,False,True,0,False,,sj01_local_hum_avg_pct__fall,0.0020904541015625
injected,sj01_local_hum_avg_pct__fall,1.0,60.0,2,True,True,1,False,sj01_local_hum_avg_pct__fall,sj01_local_hum_avg_pct__fall,0.00045611709356307983
injected,sj01_local_hum_avg_pct__fall,1.0,60.0,3,True,True,1,False,sj01_local_hum_avg_pct__fall,sj01_local_hum_avg_pct__fall,0.0004552602767944336
injected,sj01_local_hum_avg_pct__fall,1.0,60.0,4,False,False,1,True,cu01_local_hum_avg_pct__rise,cu01_local_hum_avg_pct__rise,0.00026676058769226074
injected,sj01_local_hum_avg_pct__fall,1.0,60.0,5,True,True,1,False,sj01_local_hum_avg_pct__fall,sj01_local_hum_avg_pct__fall,0.0012469589710235596
injected,sj01_local_hum_avg_pct__fall,1.0,60.0,6,True,True,1,False,sj01_local_hum_avg_pct__fall,sj01_local_hum_avg_pct__fall,0.0011578500270843506
injected,sj01_local_hum_avg_pct__fall,1.0,60.0,7,True,True,1,False,sj01_local_hum_avg_pct__fall,sj01_local_hum_avg_pct__fall,0.0012469589710235596
injected,sj01_local_hum_avg_pct__fall,1.0,60.0,8,False,True,0,False,,sj01_local_hum_avg_pct__fall,0.003692626953125
injected,sj01_local_hum_avg_pct__fall,1.0,60.0,9,True,False,2,True,cu01_local_hum_avg_pct__rise;sj01_local_hum_avg_pct__fall,cu01_local_hum_avg_pct__rise,0.0001553744077682495
injected,sj01_local_hum_avg_pct__fall,1.0,60.0,10,True,True,2,True,sj01_local_hum_avg_pct__fall;cu01_local_hum_avg_pct__rise,sj01_local_hum_avg_pct__fall,3.0517578125e-05
injected,sj01_local_hum_avg_pct__fall,1.0,60.0,11,True,True,2,True,sj01_local_hum_avg_pct__fall;cu01_local_hum_avg_pct__rise,sj01_local_hum_avg_pct__fall,0.0001220703125
injected,sj01_local_hum_avg_pct__fall,1.0,60.0,12,False,True,0,False,,sj01_local_hum_avg_pct__fall,0.0029623061418533325
injected,sj01_local_hum_avg_pct__fall,1.0,60.0,13,True,False,2,True,cu01_local_hum_avg_pct__rise;sj01_local_hum_avg_pct__fall,cu01_local_hum_avg_pct__rise,0.0004389551468193531
injected,sj01_local_hum_avg_pct__fall,1.0,60.0,14,False,False,1,True,cu01_local_hum_avg_pct__rise,cu01_local_hum_avg_pct__rise,0.0007154531776905061
injected,sj01_local_hum_avg_pct__fall,1.0,60.0,15,True,True,2,True,sj01_local_hum_avg_pct__fall;cu01_local_hum_avg_pct__rise,sj01_local_hum_avg_pct__fall,0.0007568597793579102
injected,sj01_local_hum_avg_pct__fall,1.0,60.0,16,True,True,2,True,sj01_local_hum_avg_pct__fall;cu01_local_hum_avg_pct__rise,sj01_local_hum_avg_pct__fall,0.00045611709356307983
injected,sj01_local_hum_avg_pct__fall,1.0,60.0,17,False,False,0,False,,cu01_local_hum_avg_pct__rise,0.01205977238714695
injected,sj01_local_hum_avg_pct__fall,1.0,60.0,18,True,False,2,True,cu01_local_hum_avg_pct__rise;sj01_local_hum_avg_pct__fall,cu01_local_hum_avg_pct__rise,0.0002730563282966614
injected,sj01_local_hum_avg_pct__fall,1.0,60.0,19,False,False,1,True,cu01_local_hum_avg_pct__rise,cu01_local_hum_avg_pct__rise,0.0007154531776905061
injected,sj01_local_hum_avg_pct__fall,1.0,60.0,20,True,False,2,True,cu01_local_hum_avg_pct__rise;sj01_local_hum_avg_pct__fall,cu01_local_hum_avg_pct__rise,0.0007568597793579102
injected,sj01_local_hum_avg_pct__fall,1.0,60.0,21,True,True,2,True,sj01_local_hum_avg_pct__fall;cu01_local_hum_avg_pct__rise,sj01_local_hum_avg_pct__fall,0.00045611709356307983
injected,sj01_local_hum_avg_pct__fall,1.0,60.0,22,True,True,1,False,sj01_local_hum_avg_pct__fall,sj01_local_hum_avg_pct__fall,0.00026676058769226074
injected,sj01_local_hum_avg_pct__fall,1.0,60.0,23,True,True,1,False,sj01_local_hum_avg_pct__fall,sj01_local_hum_avg_pct__fall,0.0004552602767944336
injected,sj01_local_hum_avg_pct__fall,1.0,60.0,24,False,False,1,True,cu01_local_hum_avg_pct__rise,cu01_local_hum_avg_pct__rise,0.0010512007866054773
injected,sj01_local_hum_avg_pct__fall,1.0,60.0,25,False,False,0,False,,cu01_local_hum_avg_pct__rise,0.0026114396750926976
injected,sj01_local_hum_avg_pct__fall,1.0,60.0,26,True,True,2,True,sj01_local_hum_avg_pct__fall;cu01_local_hum_avg_pct__rise,sj01_local_hum_avg_pct__fall,0.0002593994140625
injected,sj01_local_hum_avg_pct__fall,1.0,60.0,27,True,True,1,False,sj01_local_hum_avg_pct__fall,sj01_local_hum_avg_pct__fall,0.00048828125
injected,sj01_local_hum_avg_pct__fall,1.0,60.0,28,True,True,2,True,sj01_local_hum_avg_pct__fall;cu01_local_hum_avg_pct__rise,sj01_local_hum_avg_pct__fall,0.00091552734375
injected,sj01_local_hum_avg_pct__fall,1.0,60.0,29,True,True,2,True,sj01_local_hum_avg_pct__fall;cu01_local_hum_avg_pct__rise,sj01_local_hum_avg_pct__fall,7.826089859008789e-05
injected,sj01_local_hum_avg_pct__fall,1.0,60.0,30,True,True,2,True,sj01_local_hum_avg_pct__fall;cu01_local_hum_avg_pct__rise,sj01_local_hum_avg_pct__fall,0.0001553744077682495
injected,sj01_local_hum_avg_pct__fall,1.0,60.0,31,False,False,1,True,cu01_local_hum_avg_pct__rise,cu01_local_hum_avg_pct__rise,0.0001553744077682495
injected,sj01_local_hum_avg_pct__fall,1.0,60.0,32,True,True,1,False,sj01_local_hum_avg_pct__fall,sj01_local_hum_avg_pct__fall,0.001299738883972168
injected,sj01_local_hum_avg_pct__fall,1.0,60.0,33,True,False,2,True,cu01_local_hum_avg_pct__rise;sj01_local_hum_avg_pct__fall,cu01_local_hum_avg_pct__rise,0.00045611709356307983
injected,sj01_local_hum_avg_pct__fall,1.0,60.0,34,False,False,0,False,,cu01_local_hum_avg_pct__rise,0.0035001833457499743
injected,sj01_local_hum_avg_pct__fall,1.0,60.0,35,True,True,1,False,sj01_local_hum_avg_pct__fall,sj01_local_hum_avg_pct__fall,3.0517578125e-05
injected,sj01_local_hum_avg_pct__fall,1.0,60.0,36,True,True,2,True,sj01_local_hum_avg_pct__fall;cu01_local_hum_avg_pct__rise,sj01_local_hum_avg_pct__fall,4.398822784423828e-05
injected,sj01_local_hum_avg_pct__fall,1.0,60.0,37,False,False,1,True,cu01_local_hum_avg_pct__rise,cu01_local_hum_avg_pct__rise,0.00016245711594820025
injected,sj01_local_hum_avg_pct__fall,1.0,60.0,38,True,True,2,True,sj01_local_hum_avg_pct__fall;cu01_local_hum_avg_pct__rise,sj01_local_hum_avg_pct__fall,0.0001220703125
injected,sj01_local_hum_avg_pct__fall,1.0,60.0,39,True,True,2,True,sj01_local_hum_avg_pct__fall;cu01_local_hum_avg_pct__rise,sj01_local_hum_avg_pct__fall,0.000244140625
injected,sj01_local_hum_avg_pct__fall,1.0,60.0,40,True,True,2,True,sj01_local_hum_avg_pct__fall;cu01_local_hum_avg_pct__rise,sj01_local_hum_avg_pct__fall,0.0001220703125
injected,sj01_local_hum_avg_pct__fall,1.0,60.0,41,True,True,2,True,sj01_local_hum_avg_pct__fall;cu01_local_hum_avg_pct__rise,sj01_local_hum_avg_pct__fall,0.0004552602767944336
injected,sj01_local_hum_avg_pct__fall,1.0,60.0,42,True,False,2,True,cu01_local_hum_avg_pct__rise;sj01_local_hum_avg_pct__fall,cu01_local_hum_avg_pct__rise,0.0011578500270843506
injected,sj01_local_hum_avg_pct__fall,1.0,60.0,43,True,True,2,True,sj01_local_hum_avg_pct__fall;cu01_local_hum_avg_pct__rise,sj01_local_hum_avg_pct__fall,0.0011749267578125
injected,sj01_local_hum_avg_pct__fall,1.0,60.0,44,False,False,1,True,cu01_local_hum_avg_pct__rise,cu01_local_hum_avg_pct__rise,0.00045611709356307983
injected,sj01_local_hum_avg_pct__fall,1.0,60.0,45,True,True,1,False,sj01_local_hum_avg_pct__fall,sj01_local_hum_avg_pct__fall,0.0011578500270843506
injected,sj01_local_hum_avg_pct__fall,1.0,60.0,46,False,True,0,False,,sj01_local_hum_avg_pct__fall,0.0020386576652526855
injected,sj01_local_hum_avg_pct__fall,1.0,60.0,47,True,True,2,True,sj01_local_hum_avg_pct__fall;cu01_local_hum_avg_pct__rise,sj01_local_hum_avg_pct__fall,0.000244140625
injected,sj01_local_hum_avg_pct__fall,1.0,60.0,48,False,False,1,True,cu01_local_hum_avg_pct__rise,cu01_local_hum_avg_pct__rise,0.0007568597793579102
injected,sj01_local_hum_avg_pct__fall,1.0,60.0,49,True,False,2,True,cu01_local_hum_avg_pct__rise;sj01_local_hum_avg_pct__fall,cu01_local_hum_avg_pct__rise,0.0012469589710235596
injected,cu01_local_temp_avg_c__fall,0.5,15.0,0,True,True,2,True,cu01_local_temp_avg_c__fall;cu01_local_hum_avg_pct__rise,cu01_local_temp_avg_c__fall,0.0007154531776905061
injected,cu01_local_temp_avg_c__fall,0.5,15.0,1,True,True,1,False,cu01_local_temp_avg_c__fall,cu01_local_temp_avg_c__fall,0.0007568597793579102
injected,cu01_local_temp_avg_c__fall,0.5,15.0,2,True,False,2,True,cu01_local_hum_avg_pct__rise;cu01_local_temp_avg_c__fall,cu01_local_hum_avg_pct__rise,0.0007154531776905061
injected,cu01_local_temp_avg_c__fall,0.5,15.0,3,True,True,2,True,cu01_local_temp_avg_c__fall;cu01_local_hum_avg_pct__rise,cu01_local_temp_avg_c__fall,0.0001553744077682495
injected,cu01_local_temp_avg_c__fall,0.5,15.0,4,True,True,1,False,cu01_local_temp_avg_c__fall,cu01_local_temp_avg_c__fall,0.00026676058769226074
injected,cu01_local_temp_avg_c__fall,0.5,15.0,5,True,True,2,True,cu01_local_temp_avg_c__fall;cu01_local_hum_avg_pct__rise,cu01_local_temp_avg_c__fall,0.0002730563282966614
injected,cu01_local_temp_avg_c__fall,0.5,15.0,6,True,True,2,True,cu01_local_temp_avg_c__fall;cu01_local_hum_avg_pct__rise,cu01_local_temp_avg_c__fall,0.0007154531776905061
injected,cu01_local_temp_avg_c__fall,0.5,15.0,7,True,True,1,False,cu01_local_temp_avg_c__fall,cu01_local_temp_avg_c__fall,0.0007568597793579102
injected,cu01_local_temp_avg_c__fall,0.5,15.0,8,True,True,1,False,cu01_local_temp_avg_c__fall,cu01_local_temp_avg_c__fall,0.000771939754486084
injected,cu01_local_temp_avg_c__fall,0.5,15.0,9,True,True,1,False,cu01_local_temp_avg_c__fall,cu01_local_temp_avg_c__fall,0.0016634464263916016
injected,cu01_local_temp_avg_c__fall,0.5,15.0,10,True,True,1,False,cu01_local_temp_avg_c__fall,cu01_local_temp_avg_c__fall,0.0001553744077682495
injected,cu01_local_temp_avg_c__fall,0.5,15.0,11,True,True,1,False,cu01_local_temp_avg_c__fall,cu01_local_temp_avg_c__fall,0.00026676058769226074
injected,cu01_local_temp_avg_c__fall,0.5,15.0,12,True,True,2,True,cu01_local_temp_avg_c__fall;cu01_local_hum_avg_pct__rise,cu01_local_temp_avg_c__fall,0.0001553744077682495
injected,cu01_local_temp_avg_c__fall,0.5,15.0,13,False,False,0,False,,cu01_local_hum_avg_pct__rise,0.0018595829606056213
injected,cu01_local_temp_avg_c__fall,0.5,15.0,14,False,False,0,False,,cu01_local_hum_avg_pct__rise,0.004065029323101044
injected,cu01_local_temp_avg_c__fall,0.5,15.0,15,True,True,1,False,cu01_local_temp_avg_c__fall,cu01_local_temp_avg_c__fall,0.0007568597793579102
injected,cu01_local_temp_avg_c__fall,0.5,15.0,16,True,True,2,True,cu01_local_temp_avg_c__fall;cu01_local_hum_avg_pct__rise,cu01_local_temp_avg_c__fall,0.001299738883972168
injected,cu01_local_temp_avg_c__fall,0.5,15.0,17,True,True,1,False,cu01_local_temp_avg_c__fall,cu01_local_temp_avg_c__fall,0.0016634464263916016
injected,cu01_local_temp_avg_c__fall,0.5,15.0,18,False,False,0,False,,cu01_local_hum_avg_pct__rise,0.0018595829606056213
injected,cu01_local_temp_avg_c__fall,0.5,15.0,19,True,True,1,False,cu01_local_temp_avg_c__fall,cu01_local_temp_avg_c__fall,0.0007568597793579102
injected,cu01_local_temp_avg_c__fall,0.5,15.0,20,True,True,1,False,cu01_local_temp_avg_c__fall,cu01_local_temp_avg_c__fall,0.0012469589710235596
injected,cu01_local_temp_avg_c__fall,0.5,15.0,21,True,True,1,False,cu01_local_temp_avg_c__fall,cu01_local_temp_avg_c__fall,0.00045611709356307983
injected,cu01_local_temp_avg_c__fall,0.5,15.0,22,True,True,2,True,cu01_local_temp_avg_c__fall;cu01_local_hum_avg_pct__rise,cu01_local_temp_avg_c__fall,0.0002675263676792383
injected,cu01_local_temp_avg_c__fall,0.5,15.0,23,True,True,2,True,cu01_local_temp_avg_c__fall;cu01_local_hum_avg_pct__rise,cu01_local_temp_avg_c__fall,8.999556303024292e-05
injected,cu01_local_temp_avg_c__fall,0.5,15.0,24,False,False,1,True,cu01_local_hum_avg_pct__rise,cu01_local_hum_avg_pct__rise,0.0011578500270843506
injected,cu01_local_temp_avg_c__fall,0.5,15.0,25,False,False,1,True,cu01_local_hum_avg_pct__rise,cu01_local_hum_avg_pct__rise,0.0007154531776905061
injected,cu01_local_temp_avg_c__fall,0.5,15.0,26,False,True,0,False,,cu01_local_temp_avg_c__fall,0.0018595829606056213
injected,cu01_local_temp_avg_c__fall,0.5,15.0,27,False,True,0,False,,cu01_local_temp_avg_c__fall,0.003305375576019287
injected,cu01_local_temp_avg_c__fall,0.5,15.0,28,False,True,0,False,,cu01_local_temp_avg_c__fall,0.0018595829606056213
injected,cu01_local_temp_avg_c__fall,0.5,15.0,29,True,True,2,True,cu01_local_temp_avg_c__fall;cu01_local_hum_avg_pct__rise,cu01_local_temp_avg_c__fall,0.00045611709356307983
injected,cu01_local_temp_avg_c__fall,0.5,15.0,30,True,True,2,True,cu01_local_temp_avg_c__fall;cu01_local_hum_avg_pct__rise,cu01_local_temp_avg_c__fall,0.00026676058769226074
injected,cu01_local_temp_avg_c__fall,0.5,15.0,31,True,True,1,False,cu01_local_temp_avg_c__fall,cu01_local_temp_avg_c__fall,0.00026676058769226074
injected,cu01_local_temp_avg_c__fall,0.5,15.0,32,True,True,2,True,cu01_local_temp_avg_c__fall;cu01_local_hum_avg_pct__rise,cu01_local_temp_avg_c__fall,0.00045611709356307983
injected,cu01_local_temp_avg_c__fall,0.5,15.0,33,True,True,1,False,cu01_local_temp_avg_c__fall,cu01_local_temp_avg_c__fall,0.0007568597793579102
injected,cu01_local_temp_avg_c__fall,0.5,15.0,34,False,False,0,False,,cu01_local_hum_avg_pct__rise,0.005336920265108347
injected,cu01_local_temp_avg_c__fall,0.5,15.0,35,True,True,1,False,cu01_local_temp_avg_c__fall,cu01_local_temp_avg_c__fall,0.00045611709356307983
injected,cu01_local_temp_avg_c__fall,0.5,15.0,36,True,False,2,True,cu01_local_hum_avg_pct__rise;cu01_local_temp_avg_c__fall,cu01_local_hum_avg_pct__rise,0.0007154531776905061
injected,cu01_local_temp_avg_c__fall,0.5,15.0,37,False,True,0,False,,cu01_local_temp_avg_c__fall,0.0020386576652526855
injected,cu01_local_temp_avg_c__fall,0.5,15.0,38,True,True,1,False,cu01_local_temp_avg_c__fall,cu01_local_temp_avg_c__fall,0.0004552602767944336
injected,cu01_local_temp_avg_c__fall,0.5,15.0,39,True,True,1,False,cu01_local_temp_avg_c__fall,cu01_local_temp_avg_c__fall,0.0002730563282966614
injected,cu01_local_temp_avg_c__fall,0.5,15.0,40,True,True,1,False,cu01_local_temp_avg_c__fall,cu01_local_temp_avg_c__fall,0.0004552602767944336
injected,cu01_local_temp_avg_c__fall,0.5,15.0,41,True,True,1,False,cu01_local_temp_avg_c__fall,cu01_local_temp_avg_c__fall,0.0011578500270843506
injected,cu01_local_temp_avg_c__fall,0.5,15.0,42,False,False,1,True,cu01_local_hum_avg_pct__rise,cu01_local_hum_avg_pct__rise,0.0011578500270843506
injected,cu01_local_temp_avg_c__fall,0.5,15.0,43,False,True,0,False,,cu01_local_temp_avg_c__fall,0.0020386576652526855
injected,cu01_local_temp_avg_c__fall,0.5,15.0,44,False,False,0,False,,cu01_local_hum_avg_pct__rise,0.0029623061418533325
injected,cu01_local_temp_avg_c__fall,0.5,15.0,45,True,True,2,True,cu01_local_temp_avg_c__fall;cu01_local_hum_avg_pct__rise,cu01_local_temp_avg_c__fall,0.0004389551468193531
injected,cu01_local_temp_avg_c__fall,0.5,15.0,46,False,False,1,True,cu01_local_hum_avg_pct__rise,cu01_local_hum_avg_pct__rise,0.0007154531776905061
injected,cu01_local_temp_avg_c__fall,0.5,15.0,47,False,True,0,False,,cu01_local_temp_avg_c__fall,0.002171754837036133
injected,cu01_local_temp_avg_c__fall,0.5,15.0,48,True,True,1,False,cu01_local_temp_avg_c__fall,cu01_local_temp_avg_c__fall,0.0012469589710235596
injected,cu01_local_temp_avg_c__fall,0.5,15.0,49,True,True,1,False,cu01_local_temp_avg_c__fall,cu01_local_temp_avg_c__fall,0.00045611709356307983
injected,cu01_local_temp_avg_c__fall,0.5,30.0,0,False,False,1,True,cu01_local_hum_avg_pct__rise,cu01_local_hum_avg_pct__rise,0.0011578500270843506
injected,cu01_local_temp_avg_c__fall,0.5,30.0,1,False,True,0,False,,cu01_local_temp_avg_c__fall,0.0020386576652526855
injected,cu01_local_temp_avg_c__fall,0.5,30.0,2,False,True,0,False,,cu01_local_temp_avg_c__fall,0.0020386576652526855
injected,cu01_local_temp_avg_c__fall,0.5,30.0,3,True,True,2,True,cu01_local_temp_avg_c__fall;cu01_local_hum_avg_pct__rise,cu01_local_temp_avg_c__fall,0.000771939754486084
injected,cu01_local_temp_avg_c__fall,0.5,30.0,4,False,False,1,True,cu01_local_hum_avg_pct__rise,cu01_local_hum_avg_pct__rise,0.0007154531776905061
injected,cu01_local_temp_avg_c__fall,0.5,30.0,5,True,True,2,True,cu01_local_temp_avg_c__fall;sj01_local_wind_speed_ms__rise,cu01_local_temp_avg_c__fall,0.000244140625
injected,cu01_local_temp_avg_c__fall,0.5,30.0,6,True,True,2,True,cu01_local_temp_avg_c__fall;cu01_local_hum_avg_pct__rise,cu01_local_temp_avg_c__fall,0.000771939754486084
injected,cu01_local_temp_avg_c__fall,0.5,30.0,7,False,False,0,False,,cu01_local_hum_avg_pct__rise,0.0018595829606056213
injected,cu01_local_temp_avg_c__fall,0.5,30.0,8,False,True,0,False,,cu01_local_temp_avg_c__fall,0.002171754837036133
injected,cu01_local_temp_avg_c__fall,0.5,30.0,9,False,False,0,False,,cu01_local_hum_avg_pct__rise,0.0026114396750926976
injected,cu01_local_temp_avg_c__fall,0.5,30.0,10,True,True,2,True,cu01_local_temp_avg_c__fall;cu01_local_hum_avg_pct__rise,cu01_local_temp_avg_c__fall,0.000244140625
injected,cu01_local_temp_avg_c__fall,0.5,30.0,11,True,False,2,True,cu01_local_hum_avg_pct__rise;cu01_local_temp_avg_c__fall,cu01_local_hum_avg_pct__rise,0.0011578500270843506
injected,cu01_local_temp_avg_c__fall,0.5,30.0,12,False,False,0,False,,cu01_local_hum_avg_pct__rise,0.0018595829606056213
injected,cu01_local_temp_avg_c__fall,0.5,30.0,13,False,True,0,False,,cu01_local_temp_avg_c__fall,0.0020386576652526855
injected,cu01_local_temp_avg_c__fall,0.5,30.0,14,False,False,0,False,,cu01_local_hum_avg_pct__rise,0.0026114396750926976
injected,cu01_local_temp_avg_c__fall,0.5,30.0,15,False,True,0,False,,cu01_local_temp_avg_c__fall,0.003305375576019287
injected,cu01_local_temp_avg_c__fall,0.5,30.0,16,False,False,1,True,cu01_local_hum_avg_pct__rise,cu01_local_hum_avg_pct__rise,0.0016634464263916016
injected,cu01_local_temp_avg_c__fall,0.5,30.0,17,False,False,0,False,,sj01_local_wind_speed_ms__rise,0.0037689208984375
injected,cu01_local_temp_avg_c__fall,0.5,30.0,18,False,False,0,False,,cu01_local_hum_avg_pct__rise,0.0018595829606056213
injected,cu01_local_temp_avg_c__fall,0.5,30.0,19,False,False,0,False,,sj01_local_wind_speed_ms__rise,0.0022125244140625
injected,cu01_local_temp_avg_c__fall,0.5,30.0,20,False,False,1,True,cu01_local_hum_avg_pct__rise,cu01_local_hum_avg_pct__rise,0.0011578500270843506
injected,cu01_local_temp_avg_c__fall,0.5,30.0,21,True,True,2,True,cu01_local_temp_avg_c__fall;cu01_local_hum_avg_pct__rise,cu01_local_temp_avg_c__fall,0.0004552602767944336
injected,cu01_local_temp_avg_c__fall,0.5,30.0,22,False,True,0,False,,cu01_local_temp_avg_c__fall,0.0020386576652526855
injected,cu01_local_temp_avg_c__fall,0.5,30.0,23,False,False,0,False,,cu01_local_hum_avg_pct__rise,0.0018595829606056213
injected,cu01_local_temp_avg_c__fall,0.5,30.0,24,False,False,0,False,,cu01_local_hum_avg_pct__rise,0.006270475685596466
injected,cu01_local_temp_avg_c__fall,0.5,30.0,25,False,False,1,True,cu01_local_hum_avg_pct__rise,cu01_local_hum_avg_pct__rise,0.0007154531776905061
injected,cu01_local_temp_avg_c__fall,0.5,30.0,26,False,False,0,False,,cu01_local_hum_avg_pct__rise,0.005336920265108347
injected,cu01_local_temp_avg_c__fall,0.5,30.0,27,False,False,0,False,,sj01_local_wind_speed_ms__rise,0.0037689208984375
injected,cu01_local_temp_avg_c__fall,0.5,30.0,28,False,False,1,True,cu01_local_hum_avg_pct__rise,cu01_local_hum_avg_pct__rise,0.0007154531776905061
injected,cu01_local_temp_avg_c__fall,0.5,30.0,29,False,False,1,True,cu01_local_hum_avg_pct__rise,cu01_local_hum_avg_pct__rise,0.0011578500270843506
injected,cu01_local_temp_avg_c__fall,0.5,30.0,30,True,True,2,True,cu01_local_temp_avg_c__fall;cu01_local_hum_avg_pct__rise,cu01_local_temp_avg_c__fall,0.0003643035888671875
injected,cu01_local_temp_avg_c__fall,0.5,30.0,31,False,False,0,False,,cu01_local_hum_avg_pct__rise,0.0029623061418533325
injected,cu01_local_temp_avg_c__fall,0.5,30.0,32,True,True,1,False,cu01_local_temp_avg_c__fall,cu01_local_temp_avg_c__fall,0.0012469589710235596
injected,cu01_local_temp_avg_c__fall,0.5,30.0,33,False,False,1,True,cu01_local_hum_avg_pct__rise,cu01_local_hum_avg_pct__rise,0.0016634464263916016
injected,cu01_local_temp_avg_c__fall,0.5,30.0,34,False,False,0,False,,cu01_local_hum_avg_pct__rise,0.006270475685596466
injected,cu01_local_temp_avg_c__fall,0.5,30.0,35,True,True,1,False,cu01_local_temp_avg_c__fall,cu01_local_temp_avg_c__fall,0.000771939754486084
injected,cu01_local_temp_avg_c__fall,0.5,30.0,36,True,True,2,True,cu01_local_temp_avg_c__fall;cu01_local_hum_avg_pct__rise,cu01_local_temp_avg_c__fall,0.0004277229309082031
injected,cu01_local_temp_avg_c__fall,0.5,30.0,37,False,False,0,False,,cu01_local_hum_avg_pct__rise,0.0029623061418533325
injected,cu01_local_temp_avg_c__fall,0.5,30.0,38,False,False,0,False,,cu01_local_hum_avg_pct__rise,0.0026114396750926976
injected,cu01_local_temp_avg_c__fall,0.5,30.0,39,False,True,0,False,,cu01_local_temp_avg_c__fall,0.0020386576652526855
injected,cu01_local_temp_avg_c__fall,0.5,30.0,40,True,False,2,True,cu01_local_hum_avg_pct__rise;cu01_local_temp_avg_c__fall,cu01_local_hum_avg_pct__rise,0.0007154531776905061
injected,cu01_local_temp_avg_c__fall,0.5,30.0,41,False,False,1,True,cu01_local_hum_avg_pct__rise,cu01_local_hum_avg_pct__rise,0.0011578500270843506
injected,cu01_local_temp_avg_c__fall,0.5,30.0,42,False,False,1,True,cu01_local_hum_avg_pct__rise,cu01_local_hum_avg_pct__rise,0.0011578500270843506
injected,cu01_local_temp_avg_c__fall,0.5,30.0,43,False,False,0,False,,cu01_local_hum_avg_pct__rise,0.004065029323101044
injected,cu01_local_temp_avg_c__fall,0.5,30.0,44,False,False,1,True,sj01_local_wind_speed_ms__rise,sj01_local_wind_speed_ms__rise,0.0012884140014648438
injected,cu01_local_temp_avg_c__fall,0.5,30.0,45,True,True,1,False,cu01_local_temp_avg_c__fall,cu01_local_temp_avg_c__fall,0.000771939754486084
injected,cu01_local_temp_avg_c__fall,0.5,30.0,46,False,False,0,False,,cu01_local_hum_avg_pct__rise,0.0026114396750926976
injected,cu01_local_temp_avg_c__fall,0.5,30.0,47,False,False,0,False,,cu01_local_hum_avg_pct__rise,0.0026114396750926976
injected,cu01_local_temp_avg_c__fall,0.5,30.0,48,True,False,2,True,cu01_local_hum_avg_pct__rise;cu01_local_temp_avg_c__fall,cu01_local_hum_avg_pct__rise,0.0011578500270843506
injected,cu01_local_temp_avg_c__fall,0.5,30.0,49,True,True,2,True,cu01_local_temp_avg_c__fall;cu01_local_hum_avg_pct__rise,cu01_local_temp_avg_c__fall,0.000244140625
injected,cu01_local_temp_avg_c__fall,0.5,60.0,0,False,False,1,True,cu01_local_hum_avg_pct__rise,cu01_local_hum_avg_pct__rise,0.0016634464263916016
injected,cu01_local_temp_avg_c__fall,0.5,60.0,1,False,False,0,False,,cu01_local_hum_avg_pct__rise,0.008062400855123998
injected,cu01_local_temp_avg_c__fall,0.5,60.0,2,False,False,0,False,,cu01_local_hum_avg_pct__rise,0.0026114396750926976
injected,cu01_local_temp_avg_c__fall,0.5,60.0,3,False,False,1,True,cu01_local_hum_avg_pct__rise,cu01_local_hum_avg_pct__rise,0.0007154531776905061
injected,cu01_local_temp_avg_c__fall,0.5,60.0,4,False,False,1,True,cu01_local_hum_avg_pct__rise,cu01_local_hum_avg_pct__rise,0.00045611709356307983
injected,cu01_local_temp_avg_c__fall,0.5,60.0,5,False,False,1,True,cu01_local_hum_avg_pct__rise,cu01_local_hum_avg_pct__rise,0.0007568597793579102
injected,cu01_local_temp_avg_c__fall,0.5,60.0,6,False,False,1,True,cu01_local_hum_avg_pct__rise,cu01_local_hum_avg_pct__rise,0.0011578500270843506
injected,cu01_local_temp_avg_c__fall,0.5,60.0,7,False,False,0,False,,cu01_local_hum_avg_pct__rise,0.0026114396750926976
injected,cu01_local_temp_avg_c__fall,0.5,60.0,8,False,False,0,False,,cu01_local_hum_avg_pct__rise,0.0026114396750926976
injected,cu01_local_temp_avg_c__fall,0.5,60.0,9,False,False,0,False,,cu01_local_hum_avg_pct__rise,0.005336920265108347
injected,cu01_local_temp_avg_c__fall,0.5,60.0,10,False,False,1,True,cu01_local_hum_avg_pct__rise,cu01_local_hum_avg_pct__rise,0.0011578500270843506
injected,cu01_local_temp_avg_c__fall,0.5,60.0,11,False,False,1,True,cu01_local_hum_avg_pct__rise,cu01_local_hum_avg_pct__rise,0.0011578500270843506
injected,cu01_local_temp_avg_c__fall,0.5,60.0,12,False,False,0,False,,cu01_local_hum_avg_pct__rise,0.004065029323101044
injected,cu01_local_temp_avg_c__fall,0.5,60.0,13,False,False,0,False,,cu01_local_hum_avg_pct__rise,0.0026114396750926976
injected,cu01_local_temp_avg_c__fall,0.5,60.0,14,False,False,0,False,,cu01_local_hum_avg_pct__rise,0.004065029323101044
injected,cu01_local_temp_avg_c__fall,0.5,60.0,15,False,False,0,False,,cu01_local_hum_avg_pct__rise,0.008062400855123998
injected,cu01_local_temp_avg_c__fall,0.5,60.0,16,False,False,1,True,cu01_local_hum_avg_pct__rise,cu01_local_hum_avg_pct__rise,0.0011578500270843506
injected,cu01_local_temp_avg_c__fall,0.5,60.0,17,False,False,0,False,,cu01_local_hum_avg_pct__rise,0.005336920265108347
injected,cu01_local_temp_avg_c__fall,0.5,60.0,18,False,False,0,False,,cu01_local_hum_avg_pct__rise,0.0026114396750926976
injected,cu01_local_temp_avg_c__fall,0.5,60.0,19,False,False,0,False,,cu01_local_hum_avg_pct__rise,0.004065029323101044
injected,cu01_local_temp_avg_c__fall,0.5,60.0,20,False,False,0,False,,cu01_local_hum_avg_pct__rise,0.0018595829606056213
injected,cu01_local_temp_avg_c__fall,0.5,60.0,21,False,False,1,True,cu01_local_hum_avg_pct__rise,cu01_local_hum_avg_pct__rise,0.0007154531776905061
injected,cu01_local_temp_avg_c__fall,0.5,60.0,22,False,False,1,True,cu01_local_hum_avg_pct__rise,cu01_local_hum_avg_pct__rise,0.0016634464263916016
injected,cu01_local_temp_avg_c__fall,0.5,60.0,23,False,False,0,False,,cu01_local_hum_avg_pct__rise,0.004065029323101044
injected,cu01_local_temp_avg_c__fall,0.5,60.0,24,False,False,0,False,,cu01_local_hum_avg_pct__rise,0.0029623061418533325
injected,cu01_local_temp_avg_c__fall,0.5,60.0,25,False,False,1,True,cu01_local_hum_avg_pct__rise,cu01_local_hum_avg_pct__rise,0.00045611709356307983
injected,cu01_local_temp_avg_c__fall,0.5,60.0,26,False,False,0,False,,cu01_local_hum_avg_pct__rise,0.005336920265108347
injected,cu01_local_temp_avg_c__fall,0.5,60.0,27,False,False,0,False,,cu01_local_hum_avg_pct__rise,0.004065029323101044
injected,cu01_local_temp_avg_c__fall,0.5,60.0,28,False,False,1,True,cu01_local_hum_avg_pct__rise,cu01_local_hum_avg_pct__rise,0.0011578500270843506
injected,cu01_local_temp_avg_c__fall,0.5,60.0,29,False,False,1,True,cu01_local_hum_avg_pct__rise,cu01_local_hum_avg_pct__rise,0.00045611709356307983
injected,cu01_local_temp_avg_c__fall,0.5,60.0,30,False,False,0,False,,cu01_local_hum_avg_pct__rise,0.0018595829606056213
injected,cu01_local_temp_avg_c__fall,0.5,60.0,31,False,False,0,False,,cu01_local_hum_avg_pct__rise,0.0029623061418533325
injected,cu01_local_temp_avg_c__fall,0.5,60.0,32,False,False,1,True,cu01_local_hum_avg_pct__rise,cu01_local_hum_avg_pct__rise,0.0011578500270843506
injected,cu01_local_temp_avg_c__fall,0.5,60.0,33,False,False,0,False,,cu01_local_hum_avg_pct__rise,0.005336920265108347
injected,cu01_local_temp_avg_c__fall,0.5,60.0,34,False,False,0,False,,cu01_local_hum_avg_pct__rise,0.004065029323101044
injected,cu01_local_temp_avg_c__fall,0.5,60.0,35,False,False,0,False,,cu01_local_hum_avg_pct__rise,0.0026114396750926976
injected,cu01_local_temp_avg_c__fall,0.5,60.0,36,False,False,1,True,cu01_local_hum_avg_pct__rise,cu01_local_hum_avg_pct__rise,0.0011578500270843506
injected,cu01_local_temp_avg_c__fall,0.5,60.0,37,False,False,1,True,cu01_local_hum_avg_pct__rise,cu01_local_hum_avg_pct__rise,0.0012469589710235596
injected,cu01_local_temp_avg_c__fall,0.5,60.0,38,False,False,0,False,,cu01_local_hum_avg_pct__rise,0.005336920265108347
injected,cu01_local_temp_avg_c__fall,0.5,60.0,39,False,False,0,False,,cu01_local_hum_avg_pct__rise,0.0018595829606056213
injected,cu01_local_temp_avg_c__fall,0.5,60.0,40,False,False,1,True,cu01_local_hum_avg_pct__rise,cu01_local_hum_avg_pct__rise,0.0007154531776905061
injected,cu01_local_temp_avg_c__fall,0.5,60.0,41,False,False,1,True,cu01_local_hum_avg_pct__rise,cu01_local_hum_avg_pct__rise,0.0011578500270843506
injected,cu01_local_temp_avg_c__fall,0.5,60.0,42,False,False,1,True,cu01_local_hum_avg_pct__rise,cu01_local_hum_avg_pct__rise,0.0011578500270843506
injected,cu01_local_temp_avg_c__fall,0.5,60.0,43,False,False,0,False,,cu01_local_hum_avg_pct__rise,0.004065029323101044
injected,cu01_local_temp_avg_c__fall,0.5,60.0,44,False,False,0,False,,cu01_local_hum_avg_pct__rise,0.0018595829606056213
injected,cu01_local_temp_avg_c__fall,0.5,60.0,45,False,False,1,True,cu01_local_hum_avg_pct__rise,cu01_local_hum_avg_pct__rise,0.0016634464263916016
injected,cu01_local_temp_avg_c__fall,0.5,60.0,46,False,False,0,False,,cu01_local_hum_avg_pct__rise,0.0018595829606056213
injected,cu01_local_temp_avg_c__fall,0.5,60.0,47,False,False,0,False,,cu01_local_hum_avg_pct__rise,0.0018595829606056213
injected,cu01_local_temp_avg_c__fall,0.5,60.0,48,False,False,1,True,cu01_local_hum_avg_pct__rise,cu01_local_hum_avg_pct__rise,0.0011578500270843506
injected,cu01_local_temp_avg_c__fall,0.5,60.0,49,False,False,0,False,,cu01_local_hum_avg_pct__rise,0.0026114396750926976
injected,cu01_local_temp_avg_c__fall,1.0,15.0,0,True,True,2,True,cu01_local_temp_avg_c__fall;cu01_local_hum_avg_pct__rise,cu01_local_temp_avg_c__fall,2.9738061130046848e-05
injected,cu01_local_temp_avg_c__fall,1.0,15.0,1,True,True,1,False,cu01_local_temp_avg_c__fall,cu01_local_temp_avg_c__fall,2.3245811462402344e-06
injected,cu01_local_temp_avg_c__fall,1.0,15.0,2,True,True,2,True,cu01_local_temp_avg_c__fall;cu01_local_hum_avg_pct__rise,cu01_local_temp_avg_c__fall,9.650597348809242e-06
injected,cu01_local_temp_avg_c__fall,1.0,15.0,3,True,True,2,True,cu01_local_temp_avg_c__fall;cu01_local_hum_avg_pct__rise,cu01_local_temp_avg_c__fall,1.0803341865539551e-07
injected,cu01_local_temp_avg_c__fall,1.0,15.0,4,True,True,2,True,cu01_local_temp_avg_c__fall;cu01_local_hum_avg_pct__rise,cu01_local_temp_avg_c__fall,2.823770046234131e-06
injected,cu01_local_temp_avg_c__fall,1.0,15.0,5,True,True,2,True,cu01_local_temp_avg_c__fall;cu01_local_hum_avg_pct__rise,cu01_local_temp_avg_c__fall,7.005874067544937e-07
injected,cu01_local_temp_avg_c__fall,1.0,15.0,6,True,True,2,True,cu01_local_temp_avg_c__fall;cu01_local_hum_avg_pct__rise,cu01_local_temp_avg_c__fall,3.8300640881061554e-07
injected,cu01_local_temp_avg_c__fall,1.0,15.0,7,True,True,2,True,cu01_local_temp_avg_c__fall;cu01_local_hum_avg_pct__rise,cu01_local_temp_avg_c__fall,2.4616718292236328e-05
injected,cu01_local_temp_avg_c__fall,1.0,15.0,8,True,True,1,False,cu01_local_temp_avg_c__fall,cu01_local_temp_avg_c__fall,2.823770046234131e-06
injected,cu01_local_temp_avg_c__fall,1.0,15.0,9,True,True,2,True,cu01_local_temp_avg_c__fall;cu01_local_hum_avg_pct__rise,cu01_local_temp_avg_c__fall,3.309384919703007e-05
injected,cu01_local_temp_avg_c__fall,1.0,15.0,10,True,True,2,True,cu01_local_temp_avg_c__fall;cu01_local_hum_avg_pct__rise,cu01_local_temp_avg_c__fall,2.8870999813079834e-08
injected,cu01_local_temp_avg_c__fall,1.0,15.0,11,True,True,2,True,cu01_local_temp_avg_c__fall;cu01_local_hum_avg_pct__rise,cu01_local_temp_avg_c__fall,4.023313522338867e-07
injected,cu01_local_temp_avg_c__fall,1.0,15.0,12,True,True,2,True,cu01_local_temp_avg_c__fall;cu01_local_hum_avg_pct__rise,cu01_local_temp_avg_c__fall,4.33996319770813e-07
injected,cu01_local_temp_avg_c__fall,1.0,15.0,13,True,True,2,True,cu01_local_temp_avg_c__fall;cu01_local_hum_avg_pct__rise,cu01_local_temp_avg_c__fall,5.464302375912666e-06
injected,cu01_local_temp_avg_c__fall,1.0,15.0,14,True,True,2,True,cu01_local_temp_avg_c__fall;cu01_local_hum_avg_pct__rise,cu01_local_temp_avg_c__fall,0.0001553744077682495
injected,cu01_local_temp_avg_c__fall,1.0,15.0,15,True,True,1,False,cu01_local_temp_avg_c__fall,cu01_local_temp_avg_c__fall,9.650597348809242e-06
injected,cu01_local_temp_avg_c__fall,1.0,15.0,16,True,True,2,True,cu01_local_temp_avg_c__fall;cu01_local_hum_avg_pct__rise,cu01_local_temp_avg_c__fall,4.398822784423828e-05
injected,cu01_local_temp_avg_c__fall,1.0,15.0,17,True,True,2,True,cu01_local_temp_avg_c__fall;cu01_local_hum_avg_pct__rise,cu01_local_temp_avg_c__fall,1.9279075786471367e-05
injected,cu01_local_temp_avg_c__fall,1.0,15.0,18,True,True,2,True,cu01_local_temp_avg_c__fall;cu01_local_hum_avg_pct__rise,cu01_local_temp_avg_c__fall,3.309384919703007e-05
injected,cu01_local_temp_avg_c__fall,1.0,15.0,19,True,True,1,False,cu01_local_temp_avg_c__fall,cu01_local_temp_avg_c__fall,2.9738061130046848e-05
injected,cu01_local_temp_avg_c__fall,1.0,15.0,20,True,True,2,True,cu01_local_temp_avg_c__fall;cu01_local_hum_avg_pct__rise,cu01_local_temp_avg_c__fall,1.516193151473999e-06
injected,cu01_local_temp_avg_c__fall,1.0,15.0,21,True,True,2,True,cu01_local_temp_avg_c__fall;cu01_local_hum_avg_pct__rise,cu01_local_temp_avg_c__fall,1.2316741049289703e-07
injected,cu01_local_temp_avg_c__fall,1.0,15.0,22,True,True,2,True,cu01_local_temp_avg_c__fall;cu01_local_hum_avg_pct__rise,cu01_local_temp_avg_c__fall,1.7327256500720978e-06
injected,cu01_local_temp_avg_c__fall,1.0,15.0,23,True,True,2,True,cu01_local_temp_avg_c__fall;cu01_local_hum_avg_pct__rise,cu01_local_temp_avg_c__fall,2.314336597919464e-07
injected,cu01_local_temp_avg_c__fall,1.0,15.0,24,True,True,1,False,cu01_local_temp_avg_c__fall,cu01_local_temp_avg_c__fall,0.00026676058769226074
injected,cu01_local_temp_avg_c__fall,1.0,15.0,25,True,False,2,True,cu01_local_hum_avg_pct__rise;cu01_local_temp_avg_c__fall,cu01_local_hum_avg_pct__rise,9.609758853912354e-05
injected,cu01_local_temp_avg_c__fall,1.0,15.0,26,True,True,1,False,cu01_local_temp_avg_c__fall,cu01_local_temp_avg_c__fall,2.9738061130046848e-05
injected,cu01_local_temp_avg_c__fall,1.0,15.0,27,True,True,1,False,cu01_local_temp_avg_c__fall,cu01_local_temp_avg_c__fall,1.372024416923523e-05
injected,cu01_local_temp_avg_c__fall,1.0,15.0,28,True,True,2,True,cu01_local_temp_avg_c__fall;cu01_local_hum_avg_pct__rise,cu01_local_temp_avg_c__fall,7.618218660354614e-06
injected,cu01_local_temp_avg_c__fall,1.0,15.0,29,True,True,2,True,cu01_local_temp_avg_c__fall;cu01_local_hum_avg_pct__rise,cu01_local_temp_avg_c__fall,1.2780074030160904e-06
injected,cu01_local_temp_avg_c__fall,1.0,15.0,30,True,True,2,True,cu01_local_temp_avg_c__fall;cu01_local_hum_avg_pct__rise,cu01_local_temp_avg_c__fall,1.0803341865539551e-07
injected,cu01_local_temp_avg_c__fall,1.0,15.0,31,True,True,2,True,cu01_local_temp_avg_c__fall;cu01_local_hum_avg_pct__rise,cu01_local_temp_avg_c__fall,2.4616718292236328e-05
injected,cu01_local_temp_avg_c__fall,1.0,15.0,32,True,True,2,True,cu01_local_temp_avg_c__fall;cu01_local_hum_avg_pct__rise,cu01_local_temp_avg_c__fall,1.2780074030160904e-06
injected,cu01_local_temp_avg_c__fall,1.0,15.0,33,True,True,2,True,cu01_local_temp_avg_c__fall;cu01_local_hum_avg_pct__rise,cu01_local_temp_avg_c__fall,7.618218660354614e-06
injected,cu01_local_temp_avg_c__fall,1.0,15.0,34,True,True,1,False,cu01_local_temp_avg_c__fall,cu01_local_temp_avg_c__fall,0.00016245711594820025
injected,cu01_local_temp_avg_c__fall,1.0,15.0,35,True,True,1,False,cu01_local_temp_avg_c__fall,cu01_local_temp_avg_c__fall,2.3245811462402344e-06
injected,cu01_local_temp_avg_c__fall,1.0,15.0,36,True,True,2,True,cu01_local_temp_avg_c__fall;cu01_local_hum_avg_pct__rise,cu01_local_temp_avg_c__fall,1.516193151473999e-06
injected,cu01_local_temp_avg_c__fall,1.0,15.0,37,True,True,1,False,cu01_local_temp_avg_c__fall,cu01_local_temp_avg_c__fall,4.398822784423828e-05
injected,cu01_local_temp_avg_c__fall,1.0,15.0,38,True,True,2,True,cu01_local_temp_avg_c__fall;cu01_local_hum_avg_pct__rise,cu01_local_temp_avg_c__fall,4.215165972709656e-06
injected,cu01_local_temp_avg_c__fall,1.0,15.0,39,True,True,1,False,cu01_local_temp_avg_c__fall,cu01_local_temp_avg_c__fall,3.08244489133358e-06
injected,cu01_local_temp_avg_c__fall,1.0,15.0,40,True,True,2,True,cu01_local_temp_avg_c__fall;cu01_local_hum_avg_pct__rise,cu01_local_temp_avg_c__fall,1.4901161193847656e-06
injected,cu01_local_temp_avg_c__fall,1.0,15.0,41,True,True,2,True,cu01_local_temp_avg_c__fall;cu01_local_hum_avg_pct__rise,cu01_local_temp_avg_c__fall,2.3245811462402344e-06
injected,cu01_local_temp_avg_c__fall,1.0,15.0,42,True,True,2,True,cu01_local_temp_avg_c__fall;cu01_local_hum_avg_pct__rise,cu01_local_temp_avg_c__fall,7.618218660354614e-06
injected,cu01_local_temp_avg_c__fall,1.0,15.0,43,True,True,2,True,cu01_local_temp_avg_c__fall;cu01_local_hum_avg_pct__rise,cu01_local_temp_avg_c__fall,1.516193151473999e-06
injected,cu01_local_temp_avg_c__fall,1.0,15.0,44,True,True,1,False,cu01_local_temp_avg_c__fall,cu01_local_temp_avg_c__fall,4.398822784423828e-05
injected,cu01_local_temp_avg_c__fall,1.0,15.0,45,True,True,2,True,cu01_local_temp_avg_c__fall;cu01_local_hum_avg_pct__rise,cu01_local_temp_avg_c__fall,3.8300640881061554e-07
injected,cu01_local_temp_avg_c__fall,1.0,15.0,46,True,True,2,True,cu01_local_temp_avg_c__fall;cu01_local_hum_avg_pct__rise,cu01_local_temp_avg_c__fall,8.999556303024292e-05
injected,cu01_local_temp_avg_c__fall,1.0,15.0,47,True,True,2,True,cu01_local_temp_avg_c__fall;cu01_local_hum_avg_pct__rise,cu01_local_temp_avg_c__fall,4.398822784423828e-05
injected,cu01_local_temp_avg_c__fall,1.0,15.0,48,True,True,2,True,cu01_local_temp_avg_c__fall;cu01_local_hum_avg_pct__rise,cu01_local_temp_avg_c__fall,2.823770046234131e-06
injected,cu01_local_temp_avg_c__fall,1.0,15.0,49,True,True,2,True,cu01_local_temp_avg_c__fall;cu01_local_hum_avg_pct__rise,cu01_local_temp_avg_c__fall,2.3245811462402344e-06
injected,cu01_local_temp_avg_c__fall,1.0,30.0,0,True,True,2,True,cu01_local_temp_avg_c__fall;cu01_local_hum_avg_pct__rise,cu01_local_temp_avg_c__fall,0.00016245711594820025
injected,cu01_local_temp_avg_c__fall,1.0,30.0,1,True,True,1,False,cu01_local_temp_avg_c__fall,cu01_local_temp_avg_c__fall,1.372024416923523e-05
injected,cu01_local_temp_avg_c__fall,1.0,30.0,2,True,True,2,True,cu01_local_temp_avg_c__fall;cu01_local_hum_avg_pct__rise,cu01_local_temp_avg_c__fall,0.0001620317343622446
injected,cu01_local_temp_avg_c__fall,1.0,30.0,3,True,True,2,True,cu01_local_temp_avg_c__fall;cu01_local_hum_avg_pct__rise,cu01_local_temp_avg_c__fall,1.372024416923523e-05
injected,cu01_local_temp_avg_c__fall,1.0,30.0,4,True,True,2,True,cu01_local_temp_avg_c__fall;cu01_local_hum_avg_pct__rise,cu01_local_temp_avg_c__fall,8.999556303024292e-05
injected,cu01_local_temp_avg_c__fall,1.0,30.0,5,True,True,2,True,cu01_local_temp_avg_c__fall;cu01_local_hum_avg_pct__rise,cu01_local_temp_avg_c__fall,1.697661355137825e-05
injected,cu01_local_temp_avg_c__fall,1.0,30.0,6,True,True,2,True,cu01_local_temp_avg_c__fall;cu01_local_hum_avg_pct__rise,cu01_local_temp_avg_c__fall,3.3020973205566406e-05
injected,cu01_local_temp_avg_c__fall,1.0,30.0,7,True,True,1,False,cu01_local_temp_avg_c__fall,cu01_local_temp_avg_c__fall,0.0007568597793579102
injected,cu01_local_temp_avg_c__fall,1.0,30.0,8,True,True,1,False,cu01_local_temp_avg_c__fall,cu01_local_temp_avg_c__fall,4.398822784423828e-05
injected,cu01_local_temp_avg_c__fall,1.0,30.0,9,True,True,1,False,cu01_local_temp_avg_c__fall,cu01_local_temp_avg_c__fall,0.0002675263676792383
injected,cu01_local_temp_avg_c__fall,1.0,30.0,10,True,True,2,True,cu01_local_temp_avg_c__fall;cu01_local_hum_avg_pct__rise,cu01_local_temp_avg_c__fall,5.4836273193359375e-06
injected,cu01_local_temp_avg_c__fall,1.0,30.0,11,True,True,2,True,cu01_local_temp_avg_c__fall;cu01_local_hum_avg_pct__rise,cu01_local_temp_avg_c__fall,2.4616718292236328e-05
injected,cu01_local_temp_avg_c__fall,1.0,30.0,12,True,True,2,True,cu01_local_temp_avg_c__fall;cu01_local_hum_avg_pct__rise,cu01_local_temp_avg_c__fall,0.0002730563282966614
injected,cu01_local_temp_avg_c__fall,1.0,30.0,13,True,True,1,False,cu01_local_temp_avg_c__fall,cu01_local_temp_avg_c__fall,2.9738061130046848e-05
injected,cu01_local_temp_avg_c__fall,1.0,30.0,14,True,True,1,False,cu01_local_temp_avg_c__fall,cu01_local_temp_avg_c__fall,0.00026676058769226074
injected,cu01_local_temp_avg_c__fall,1.0,30.0,15,True,True,1,False,cu01_local_temp_avg_c__fall,cu01_local_temp_avg_c__fall,5.1857903599739075e-05
injected,cu01_local_temp_avg_c__fall,1.0,30.0,16,True,True,2,True,cu01_local_temp_avg_c__fall;cu01_local_hum_avg_pct__rise,cu01_local_temp_avg_c__fall,0.0007568597793579102
injected,cu01_local_temp_avg_c__fall,1.0,30.0,17,True,True,1,False,cu01_local_temp_avg_c__fall,cu01_local_temp_avg_c__fall,0.00016245711594820025
injected,cu01_local_temp_avg_c__fall,1.0,30.0,18,True,True,1,False,cu01_local_temp_avg_c__fall,cu01_local_temp_avg_c__fall,0.0007154531776905061
injected,cu01_local_temp_avg_c__fall,1.0,30.0,19,True,True,1,False,cu01_local_temp_avg_c__fall,cu01_local_temp_avg_c__fall,0.00016245711594820025
injected,cu01_local_temp_avg_c__fall,1.0,30.0,20,True,True,1,False,cu01_local_temp_avg_c__fall,cu01_local_temp_avg_c__fall,5.1857903599739075e-05
injected,cu01_local_temp_avg_c__fall,1.0,30.0,21,True,True,1,False,cu01_local_temp_avg_c__fall,cu01_local_temp_avg_c__fall,9.650597348809242e-06
injected,cu01_local_temp_avg_c__fall,1.0,30.0,22,True,True,1,False,cu01_local_temp_avg_c__fall,cu01_local_temp_avg_c__fall,1.9279075786471367e-05
injected,cu01_local_temp_avg_c__fall,1.0,30.0,23,True,True,1,False,cu01_local_temp_avg_c__fall,cu01_local_temp_avg_c__fall,1.697661355137825e-05
injected,cu01_local_temp_avg_c__fall,1.0,30.0,24,True,True,1,False,cu01_local_temp_avg_c__fall,cu01_local_temp_avg_c__fall,0.0012469589710235596
injected,cu01_local_temp_avg_c__fall,1.0,30.0,25,False,False,1,True,cu01_local_hum_avg_pct__rise,cu01_local_hum_avg_pct__rise,0.0004389551468193531
injected,cu01_local_temp_avg_c__fall,1.0,30.0,26,True,True,1,False,cu01_local_temp_avg_c__fall,cu01_local_temp_avg_c__fall,8.999556303024292e-05
injected,cu01_local_temp_avg_c__fall,1.0,30.0,27,True,True,1,False,cu01_local_temp_avg_c__fall,cu01_local_temp_avg_c__fall,0.0001553744077682495
injected,cu01_local_temp_avg_c__fall,1.0,30.0,28,True,True,2,True,cu01_local_temp_avg_c__fall;cu01_local_hum_avg_pct__rise,cu01_local_temp_avg_c__fall,0.00016245711594820025
injected,cu01_local_temp_avg_c__fall,1.0,30.0,29,True,True,2,True,cu01_local_temp_avg_c__fall;cu01_local_hum_avg_pct__rise,cu01_local_temp_avg_c__fall,9.609758853912354e-05
injected,cu01_local_temp_avg_c__fall,1.0,30.0,30,True,True,2,True,cu01_local_temp_avg_c__fall;cu01_local_hum_avg_pct__rise,cu01_local_temp_avg_c__fall,7.618218660354614e-06
injected,cu01_local_temp_avg_c__fall,1.0,30.0,31,True,True,1,False,cu01_local_temp_avg_c__fall,cu01_local_temp_avg_c__fall,0.00045611709356307983
injected,cu01_local_temp_avg_c__fall,1.0,30.0,32,True,True,2,True,cu01_local_temp_avg_c__fall;cu01_local_hum_avg_pct__rise,cu01_local_temp_avg_c__fall,2.9738061130046848e-05
injected,cu01_local_temp_avg_c__fall,1.0,30.0,33,True,True,2,True,cu01_local_temp_avg_c__fall;cu01_local_hum_avg_pct__rise,cu01_local_temp_avg_c__fall,2.9738061130046848e-05
injected,cu01_local_temp_avg_c__fall,1.0,30.0,34,True,True,1,False,cu01_local_temp_avg_c__fall,cu01_local_temp_avg_c__fall,0.0007568597793579102
injected,cu01_local_temp_avg_c__fall,1.0,30.0,35,True,True,1,False,cu01_local_temp_avg_c__fall,cu01_local_temp_avg_c__fall,9.650597348809242e-06
injected,cu01_local_temp_avg_c__fall,1.0,30.0,36,True,True,2,True,cu01_local_temp_avg_c__fall;cu01_local_hum_avg_pct__rise,cu01_local_temp_avg_c__fall,6.0558319091796875e-05
injected,cu01_local_temp_avg_c__fall,1.0,30.0,37,False,False,0,False,,cu01_local_hum_avg_pct__rise,0.0029623061418533325
injected,cu01_local_temp_avg_c__fall,1.0,30.0,38,True,True,1,False,cu01_local_temp_avg_c__fall,cu01_local_temp_avg_c__fall,5.1857903599739075e-05
injected,cu01_local_temp_avg_c__fall,1.0,30.0,39,True,True,1,False,cu01_local_temp_avg_c__fall,cu01_local_temp_avg_c__fall,5.842093378305435e-05
injected,cu01_local_temp_avg_c__fall,1.0,30.0,40,True,True,2,True,cu01_local_temp_avg_c__fall;cu01_local_hum_avg_pct__rise,cu01_local_temp_avg_c__fall,7.2479248046875e-05
injected,cu01_local_temp_avg_c__fall,1.0,30.0,41,True,True,1,False,cu01_local_temp_avg_c__fall,cu01_local_temp_avg_c__fall,5.653710104525089e-05
injected,cu01_local_temp_avg_c__fall,1.0,30.0,42,True,True,2,True,cu01_local_temp_avg_c__fall;cu01_local_hum_avg_pct__rise,cu01_local_temp_avg_c__fall,0.0001553744077682495
injected,cu01_local_temp_avg_c__fall,1.0,30.0,43,True,True,1,False,cu01_local_temp_avg_c__fall,cu01_local_temp_avg_c__fall,7.826089859008789e-05
injected,cu01_local_temp_avg_c__fall,1.0,30.0,44,True,True,2,True,cu01_local_temp_avg_c__fall;sj01_local_wind_speed_ms__rise,cu01_local_temp_avg_c__fall,0.00026676058769226074
injected,cu01_local_temp_avg_c__fall,1.0,30.0,45,True,True,2,True,cu01_local_temp_avg_c__fall;cu01_local_hum_avg_pct__rise,cu01_local_temp_avg_c__fall,3.309384919703007e-05
injected,cu01_local_temp_avg_c__fall,1.0,30.0,46,True,True,2,True,cu01_local_temp_avg_c__fall;cu01_local_hum_avg_pct__rise,cu01_local_temp_avg_c__fall,0.0007568597793579102
injected,cu01_local_temp_avg_c__fall,1.0,30.0,47,True,True,1,False,cu01_local_temp_avg_c__fall,cu01_local_temp_avg_c__fall,0.00026676058769226074
injected,cu01_local_temp_avg_c__fall,1.0,30.0,48,True,True,2,True,cu01_local_temp_avg_c__fall;cu01_local_hum_avg_pct__rise,cu01_local_temp_avg_c__fall,8.999556303024292e-05
injected,cu01_local_temp_avg_c__fall,1.0,30.0,49,True,True,1,False,cu01_local_temp_avg_c__fall,cu01_local_temp_avg_c__fall,9.650597348809242e-06
injected,cu01_local_temp_avg_c__fall,1.0,60.0,0,True,True,2,True,cu01_local_temp_avg_c__fall;cu01_local_hum_avg_pct__rise,cu01_local_temp_avg_c__fall,0.0004552602767944336
injected,cu01_local_temp_avg_c__fall,1.0,60.0,1,True,True,1,False,cu01_local_temp_avg_c__fall,cu01_local_temp_avg_c__fall,0.0012469589710235596
injected,cu01_local_temp_avg_c__fall,1.0,60.0,2,True,True,2,True,cu01_local_temp_avg_c__fall;cu01_local_hum_avg_pct__rise,cu01_local_temp_avg_c__fall,0.0012469589710235596
injected,cu01_local_temp_avg_c__fall,1.0,60.0,3,True,False,2,True,cu01_local_hum_avg_pct__rise;cu01_local_temp_avg_c__fall,cu01_local_hum_avg_pct__rise,0.0004389551468193531
injected,cu01_local_temp_avg_c__fall,1.0,60.0,4,False,False,1,True,cu01_local_hum_avg_pct__rise,cu01_local_hum_avg_pct__rise,0.0002730563282966614
injected,cu01_local_temp_avg_c__fall,1.0,60.0,5,True,True,2,True,cu01_local_temp_avg_c__fall;cu01_local_hum_avg_pct__rise,cu01_local_temp_avg_c__fall,0.0004552602767944336
injected,cu01_local_temp_avg_c__fall,1.0,60.0,6,True,True,2,True,cu01_local_temp_avg_c__fall;cu01_local_hum_avg_pct__rise,cu01_local_temp_avg_c__fall,0.0004552602767944336
injected,cu01_local_temp_avg_c__fall,1.0,60.0,7,False,False,0,False,,cu01_local_hum_avg_pct__rise,0.0026114396750926976
injected,cu01_local_temp_avg_c__fall,1.0,60.0,8,False,True,0,False,,cu01_local_temp_avg_c__fall,0.002171754837036133
injected,cu01_local_temp_avg_c__fall,1.0,60.0,9,False,True,0,False,,cu01_local_temp_avg_c__fall,0.003305375576019287
injected,cu01_local_temp_avg_c__fall,1.0,60.0,10,True,True,2,True,cu01_local_temp_avg_c__fall;cu01_local_hum_avg_pct__rise,cu01_local_temp_avg_c__fall,0.0001385807991027832
injected,cu01_local_temp_avg_c__fall,1.0,60.0,11,True,False,2,True,cu01_local_hum_avg_pct__rise;cu01_local_temp_avg_c__fall,cu01_local_hum_avg_pct__rise,0.0007154531776905061
injected,cu01_local_temp_avg_c__fall,1.0,60.0,12,False,False,0,False,,cu01_local_hum_avg_pct__rise,0.0026114396750926976
injected,cu01_local_temp_avg_c__fall,1.0,60.0,13,True,True,2,True,cu01_local_temp_avg_c__fall;cu01_local_hum_avg_pct__rise,cu01_local_temp_avg_c__fall,0.0012469589710235596
injected,cu01_local_temp_avg_c__fall,1.0,60.0,14,False,False,0,False,,cu01_local_hum_avg_pct__rise,0.004065029323101044
injected,cu01_local_temp_avg_c__fall,1.0,60.0,15,False,True,0,False,,cu01_local_temp_avg_c__fall,0.003305375576019287
injected,cu01_local_temp_avg_c__fall,1.0,60.0,16,False,False,1,True,cu01_local_hum_avg_pct__rise,cu01_local_hum_avg_pct__rise,0.0007154531776905061
injected,cu01_local_temp_avg_c__fall,1.0,60.0,17,False,False,0,False,,cu01_local_hum_avg_pct__rise,0.0035001833457499743
injected,cu01_local_temp_avg_c__fall,1.0,60.0,18,False,False,1,True,cu01_local_hum_avg_pct__rise,cu01_local_hum_avg_pct__rise,0.0016634464263916016
injected,cu01_local_temp_avg_c__fall,1.0,60.0,19,False,False,0,False,,cu01_local_hum_avg_pct__rise,0.0026114396750926976
injected,cu01_local_temp_avg_c__fall,1.0,60.0,20,False,False,0,False,,cu01_local_hum_avg_pct__rise,0.0018595829606056213
injected,cu01_local_temp_avg_c__fall,1.0,60.0,21,True,True,2,True,cu01_local_temp_avg_c__fall;cu01_local_hum_avg_pct__rise,cu01_local_temp_avg_c__fall,0.0001385807991027832
injected,cu01_local_temp_avg_c__fall,1.0,60.0,22,True,True,2,True,cu01_local_temp_avg_c__fall;cu01_local_hum_avg_pct__rise,cu01_local_temp_avg_c__fall,0.0004552602767944336
injected,cu01_local_temp_avg_c__fall,1.0,60.0,23,True,True,1,False,cu01_local_temp_avg_c__fall,cu01_local_temp_avg_c__fall,0.0012469589710235596
injected,cu01_local_temp_avg_c__fall,1.0,60.0,24,False,False,0,False,,cu01_local_hum_avg_pct__rise,0.0018595829606056213
injected,cu01_local_temp_avg_c__fall,1.0,60.0,25,False,False,1,True,cu01_local_hum_avg_pct__rise,cu01_local_hum_avg_pct__rise,0.0002730563282966614
injected,cu01_local_temp_avg_c__fall,1.0,60.0,26,False,True,0,False,,cu01_local_temp_avg_c__fall,0.0029623061418533325
injected,cu01_local_temp_avg_c__fall,1.0,60.0,27,False,False,0,False,,cu01_local_hum_avg_pct__rise,0.004065029323101044
injected,cu01_local_temp_avg_c__fall,1.0,60.0,28,False,False,1,True,cu01_local_hum_avg_pct__rise,cu01_local_hum_avg_pct__rise,0.0011578500270843506
injected,cu01_local_temp_avg_c__fall,1.0,60.0,29,True,False,2,True,cu01_local_hum_avg_pct__rise;cu01_local_temp_avg_c__fall,cu01_local_hum_avg_pct__rise,0.0002730563282966614
injected,cu01_local_temp_avg_c__fall,1.0,60.0,30,True,True,2,True,cu01_local_temp_avg_c__fall;cu01_local_hum_avg_pct__rise,cu01_local_temp_avg_c__fall,0.0007448196411132812
injected,cu01_local_temp_avg_c__fall,1.0,60.0,31,False,False,0,False,,cu01_local_hum_avg_pct__rise,0.0018595829606056213
injected,cu01_local_temp_avg_c__fall,1.0,60.0,32,False,False,1,True,cu01_local_hum_avg_pct__rise,cu01_local_hum_avg_pct__rise,0.0007154531776905061
injected,cu01_local_temp_avg_c__fall,1.0,60.0,33,True,True,1,False,cu01_local_temp_avg_c__fall,cu01_local_temp_avg_c__fall,0.0012469589710235596
injected,cu01_local_temp_avg_c__fall,1.0,60.0,34,False,False,0,False,,cu01_local_hum_avg_pct__rise,0.0026114396750926976
injected,cu01_local_temp_avg_c__fall,1.0,60.0,35,True,True,1,False,cu01_local_temp_avg_c__fall,cu01_local_temp_avg_c__fall,0.000244140625
injected,cu01_local_temp_avg_c__fall,1.0,60.0,36,True,False,2,True,cu01_local_hum_avg_pct__rise;cu01_local_temp_avg_c__fall,cu01_local_hum_avg_pct__rise,0.0007154531776905061
injected,cu01_local_temp_avg_c__fall,1.0,60.0,37,False,False,1,True,cu01_local_hum_avg_pct__rise,cu01_local_hum_avg_pct__rise,0.0007568597793579102
injected,cu01_local_temp_avg_c__fall,1.0,60.0,38,False,True,0,False,,cu01_local_temp_avg_c__fall,0.003305375576019287
injected,cu01_local_temp_avg_c__fall,1.0,60.0,39,True,True,1,False,cu01_local_temp_avg_c__fall,cu01_local_temp_avg_c__fall,0.000771939754486084
injected,cu01_local_temp_avg_c__fall,1.0,60.0,40,True,False,2,True,cu01_local_hum_avg_pct__rise;cu01_local_temp_avg_c__fall,cu01_local_hum_avg_pct__rise,0.0007154531776905061
injected,cu01_local_temp_avg_c__fall,1.0,60.0,41,True,True,2,True,cu01_local_temp_avg_c__fall;cu01_local_hum_avg_pct__rise,cu01_local_temp_avg_c__fall,0.000771939754486084
injected,cu01_local_temp_avg_c__fall,1.0,60.0,42,True,True,2,True,cu01_local_temp_avg_c__fall;cu01_local_hum_avg_pct__rise,cu01_local_temp_avg_c__fall,0.0004552602767944336
injected,cu01_local_temp_avg_c__fall,1.0,60.0,43,False,False,0,False,,cu01_local_hum_avg_pct__rise,0.0026114396750926976
injected,cu01_local_temp_avg_c__fall,1.0,60.0,44,False,False,0,False,,cu01_local_hum_avg_pct__rise,0.0018595829606056213
injected,cu01_local_temp_avg_c__fall,1.0,60.0,45,True,False,2,True,cu01_local_hum_avg_pct__rise;cu01_local_temp_avg_c__fall,cu01_local_hum_avg_pct__rise,0.0010512007866054773
injected,cu01_local_temp_avg_c__fall,1.0,60.0,46,False,False,1,True,cu01_local_hum_avg_pct__rise,cu01_local_hum_avg_pct__rise,0.0011578500270843506
injected,cu01_local_temp_avg_c__fall,1.0,60.0,47,False,False,0,False,,cu01_local_hum_avg_pct__rise,0.0018595829606056213
injected,cu01_local_temp_avg_c__fall,1.0,60.0,48,True,False,2,True,cu01_local_hum_avg_pct__rise;cu01_local_temp_avg_c__fall,cu01_local_hum_avg_pct__rise,0.0011578500270843506
injected,cu01_local_temp_avg_c__fall,1.0,60.0,49,True,True,1,False,cu01_local_temp_avg_c__fall,cu01_local_temp_avg_c__fall,0.000244140625
injected,sj01_local_hum_avg_pct__rise,0.5,15.0,0,True,True,1,False,sj01_local_hum_avg_pct__rise,sj01_local_hum_avg_pct__rise,7.826089859008789e-05
injected,sj01_local_hum_avg_pct__rise,0.5,15.0,1,True,True,1,False,sj01_local_hum_avg_pct__rise,sj01_local_hum_avg_pct__rise,7.826089859008789e-05
injected,sj01_local_hum_avg_pct__rise,0.5,15.0,2,True,True,1,False,sj01_local_hum_avg_pct__rise,sj01_local_hum_avg_pct__rise,0.00045611709356307983
injected,sj01_local_hum_avg_pct__rise,0.5,15.0,3,True,True,1,False,sj01_local_hum_avg_pct__rise,sj01_local_hum_avg_pct__rise,0.0001553744077682495
injected,sj01_local_hum_avg_pct__rise,0.5,15.0,4,True,True,1,False,sj01_local_hum_avg_pct__rise,sj01_local_hum_avg_pct__rise,2.4616718292236328e-05
injected,sj01_local_hum_avg_pct__rise,0.5,15.0,5,True,True,1,False,sj01_local_hum_avg_pct__rise,sj01_local_hum_avg_pct__rise,9.715557098388672e-06
injected,sj01_local_hum_avg_pct__rise,0.5,15.0,6,True,True,1,False,sj01_local_hum_avg_pct__rise,sj01_local_hum_avg_pct__rise,0.00026676058769226074
injected,sj01_local_hum_avg_pct__rise,0.5,15.0,7,False,True,0,False,,sj01_local_hum_avg_pct__rise,0.014479637145996094
injected,sj01_local_hum_avg_pct__rise,0.5,15.0,8,True,True,1,False,sj01_local_hum_avg_pct__rise,sj01_local_hum_avg_pct__rise,0.0004552602767944336
injected,sj01_local_hum_avg_pct__rise,0.5,15.0,9,True,True,1,False,sj01_local_hum_avg_pct__rise,sj01_local_hum_avg_pct__rise,0.0002730563282966614
injected,sj01_local_hum_avg_pct__rise,0.5,15.0,10,True,True,1,False,sj01_local_hum_avg_pct__rise,sj01_local_hum_avg_pct__rise,2.4616718292236328e-05
injected,sj01_local_hum_avg_pct__rise,0.5,15.0,11,True,True,1,False,sj01_local_hum_avg_pct__rise,sj01_local_hum_avg_pct__rise,2.823770046234131e-06
injected,sj01_local_hum_avg_pct__rise,0.5,15.0,12,True,True,1,False,sj01_local_hum_avg_pct__rise,sj01_local_hum_avg_pct__rise,0.0007154531776905061
injected,sj01_local_hum_avg_pct__rise,0.5,15.0,13,True,True,1,False,sj01_local_hum_avg_pct__rise,sj01_local_hum_avg_pct__rise,0.0001553744077682495
injected,sj01_local_hum_avg_pct__rise,0.5,15.0,14,False,True,0,False,,sj01_local_hum_avg_pct__rise,0.002171754837036133
injected,sj01_local_hum_avg_pct__rise,0.5,15.0,15,True,True,1,False,sj01_local_hum_avg_pct__rise,sj01_local_hum_avg_pct__rise,8.999556303024292e-05
injected,sj01_local_hum_avg_pct__rise,0.5,15.0,16,True,True,1,False,sj01_local_hum_avg_pct__rise,sj01_local_hum_avg_pct__rise,0.0001385807991027832
injected,sj01_local_hum_avg_pct__rise,0.5,15.0,17,False,True,0,False,,sj01_local_hum_avg_pct__rise,0.0020386576652526855
injected,sj01_local_hum_avg_pct__rise,0.5,15.0,18,False,True,0,False,,sj01_local_hum_avg_pct__rise,0.006270475685596466
injected,sj01_local_hum_avg_pct__rise,0.5,15.0,19,True,True,1,False,sj01_local_hum_avg_pct__rise,sj01_local_hum_avg_pct__rise,0.00026676058769226074
injected,sj01_local_hum_avg_pct__rise,0.5,15.0,20,True,True,1,False,sj01_local_hum_avg_pct__rise,sj01_local_hum_avg_pct__rise,9.715557098388672e-06
injected,sj01_local_hum_avg_pct__rise,0.5,15.0,21,True,True,1,False,sj01_local_hum_avg_pct__rise,sj01_local_hum_avg_pct__rise,2.4616718292236328e-05
injected,sj01_local_hum_avg_pct__rise,0.5,15.0,22,True,True,1,False,sj01_local_hum_avg_pct__rise,sj01_local_hum_avg_pct__rise,0.0001385807991027832
injected,sj01_local_hum_avg_pct__rise,0.5,15.0,23,True,True,1,False,sj01_local_hum_avg_pct__rise,sj01_local_hum_avg_pct__rise,1.516193151473999e-06
injected,sj01_local_hum_avg_pct__rise,0.5,15.0,24,True,True,1,False,sj01_local_hum_avg_pct__rise,sj01_local_hum_avg_pct__rise,0.0001385807991027832
injected,sj01_local_hum_avg_pct__rise,0.5,15.0,25,True,True,1,False,sj01_local_hum_avg_pct__rise,sj01_local_hum_avg_pct__rise,0.000771939754486084
injected,sj01_local_hum_avg_pct__rise,0.5,15.0,26,True,True,1,False,sj01_local_hum_avg_pct__rise,sj01_local_hum_avg_pct__rise,4.398822784423828e-05
injected,sj01_local_hum_avg_pct__rise,0.5,15.0,27,True,True,1,False,sj01_local_hum_avg_pct__rise,sj01_local_hum_avg_pct__rise,0.000110626220703125
injected,sj01_local_hum_avg_pct__rise,0.5,15.0,28,True,True,1,False,sj01_local_hum_avg_pct__rise,sj01_local_hum_avg_pct__rise,0.001299738883972168
injected,sj01_local_hum_avg_pct__rise,0.5,15.0,29,True,True,1,False,sj01_local_hum_avg_pct__rise,sj01_local_hum_avg_pct__rise,8.999556303024292e-05
injected,sj01_local_hum_avg_pct__rise,0.5,15.0,30,True,True,1,False,sj01_local_hum_avg_pct__rise,sj01_local_hum_avg_pct__rise,5.1857903599739075e-05
injected,sj01_local_hum_avg_pct__rise,0.5,15.0,31,True,True,1,False,sj01_local_hum_avg_pct__rise,sj01_local_hum_avg_pct__rise,1.7940998077392578e-05
injected,sj01_local_hum_avg_pct__rise,0.5,15.0,32,True,True,1,False,sj01_local_hum_avg_pct__rise,sj01_local_hum_avg_pct__rise,3.3020973205566406e-05
injected,sj01_local_hum_avg_pct__rise,0.5,15.0,33,True,True,1,False,sj01_local_hum_avg_pct__rise,sj01_local_hum_avg_pct__rise,9.715557098388672e-06
injected,sj01_local_hum_avg_pct__rise,0.5,15.0,34,True,True,1,False,sj01_local_hum_avg_pct__rise,sj01_local_hum_avg_pct__rise,0.000244140625
injected,sj01_local_hum_avg_pct__rise,0.5,15.0,35,True,True,1,False,sj01_local_hum_avg_pct__rise,sj01_local_hum_avg_pct__rise,7.826089859008789e-05
injected,sj01_local_hum_avg_pct__rise,0.5,15.0,36,True,True,1,False,sj01_local_hum_avg_pct__rise,sj01_local_hum_avg_pct__rise,0.0001553744077682495
injected,sj01_local_hum_avg_pct__rise,0.5,15.0,37,True,True,1,False,sj01_local_hum_avg_pct__rise,sj01_local_hum_avg_pct__rise,0.001299738883972168
injected,sj01_local_hum_avg_pct__rise,0.5,15.0,38,True,True,1,False,sj01_local_hum_avg_pct__rise,sj01_local_hum_avg_pct__rise,9.609758853912354e-05
injected,sj01_local_hum_avg_pct__rise,0.5,15.0,39,True,True,1,False,sj01_local_hum_avg_pct__rise,sj01_local_hum_avg_pct__rise,0.00026676058769226074
injected,sj01_local_hum_avg_pct__rise,0.5,15.0,40,True,True,1,False,sj01_local_hum_avg_pct__rise,sj01_local_hum_avg_pct__rise,0.0001553744077682495
injected,sj01_local_hum_avg_pct__rise,0.5,15.0,41,True,True,1,False,sj01_local_hum_avg_pct__rise,sj01_local_hum_avg_pct__rise,7.826089859008789e-05
injected,sj01_local_hum_avg_pct__rise,0.5,15.0,42,True,True,1,False,sj01_local_hum_avg_pct__rise,sj01_local_hum_avg_pct__rise,3.3020973205566406e-05
injected,sj01_local_hum_avg_pct__rise,0.5,15.0,43,True,True,1,False,sj01_local_hum_avg_pct__rise,sj01_local_hum_avg_pct__rise,0.0002730563282966614
injected,sj01_local_hum_avg_pct__rise,0.5,15.0,44,True,True,1,False,sj01_local_hum_avg_pct__rise,sj01_local_hum_avg_pct__rise,0.0007448196411132812
injected,sj01_local_hum_avg_pct__rise,0.5,15.0,45,True,True,1,False,sj01_local_hum_avg_pct__rise,sj01_local_hum_avg_pct__rise,0.00045611709356307983
injected,sj01_local_hum_avg_pct__rise,0.5,15.0,46,True,True,1,False,sj01_local_hum_avg_pct__rise,sj01_local_hum_avg_pct__rise,7.826089859008789e-05
injected,sj01_local_hum_avg_pct__rise,0.5,15.0,47,True,True,1,False,sj01_local_hum_avg_pct__rise,sj01_local_hum_avg_pct__rise,0.000771939754486084
injected,sj01_local_hum_avg_pct__rise,0.5,15.0,48,True,True,1,False,sj01_local_hum_avg_pct__rise,sj01_local_hum_avg_pct__rise,1.7940998077392578e-05
injected,sj01_local_hum_avg_pct__rise,0.5,15.0,49,True,True,1,False,sj01_local_hum_avg_pct__rise,sj01_local_hum_avg_pct__rise,1.372024416923523e-05
injected,sj01_local_hum_avg_pct__rise,0.5,30.0,0,True,True,1,False,sj01_local_hum_avg_pct__rise,sj01_local_hum_avg_pct__rise,0.0007568597793579102
injected,sj01_local_hum_avg_pct__rise,0.5,30.0,1,True,True,1,False,sj01_local_hum_avg_pct__rise,sj01_local_hum_avg_pct__rise,0.0002730563282966614
injected,sj01_local_hum_avg_pct__rise,0.5,30.0,2,False,False,1,True,sj01_local_wind_speed_ms__rise,sj01_local_wind_speed_ms__rise,0.0006561279296875
injected,sj01_local_hum_avg_pct__rise,0.5,30.0,3,True,True,1,False,sj01_local_hum_avg_pct__rise,sj01_local_hum_avg_pct__rise,0.0004389551468193531
injected,sj01_local_hum_avg_pct__rise,0.5,30.0,4,True,True,1,False,sj01_local_hum_avg_pct__rise,sj01_local_hum_avg_pct__rise,0.00045611709356307983
injected,sj01_local_hum_avg_pct__rise,0.5,30.0,5,True,True,2,True,sj01_local_hum_avg_pct__rise;sj01_local_wind_speed_ms__rise,sj01_local_hum_avg_pct__rise,2.9738061130046848e-05
injected,sj01_local_hum_avg_pct__rise,0.5,30.0,6,True,True,1,False,sj01_local_hum_avg_pct__rise,sj01_local_hum_avg_pct__rise,0.0009391127387061716
injected,sj01_local_hum_avg_pct__rise,0.5,30.0,7,False,True,0,False,,sj01_local_hum_avg_pct__rise,0.01205977238714695
injected,sj01_local_hum_avg_pct__rise,0.5,30.0,8,True,True,1,False,sj01_local_hum_avg_pct__rise,sj01_local_hum_avg_pct__rise,0.0010512007866054773
injected,sj01_local_hum_avg_pct__rise,0.5,30.0,9,True,True,1,False,sj01_local_hum_avg_pct__rise,sj01_local_hum_avg_pct__rise,0.0004389551468193531
injected,sj01_local_hum_avg_pct__rise,0.5,30.0,10,True,True,1,False,sj01_local_hum_avg_pct__rise,sj01_local_hum_avg_pct__rise,9.609758853912354e-05
injected,sj01_local_hum_avg_pct__rise,0.5,30.0,11,True,True,1,False,sj01_local_hum_avg_pct__rise,sj01_local_hum_avg_pct__rise,7.618218660354614e-06
injected,sj01_local_hum_avg_pct__rise,0.5,30.0,12,True,True,1,False,sj01_local_hum_avg_pct__rise,sj01_local_hum_avg_pct__rise,0.0002541302237659693
injected,sj01_local_hum_avg_pct__rise,0.5,30.0,13,True,True,1,False,sj01_local_hum_avg_pct__rise,sj01_local_hum_avg_pct__rise,0.0004389551468193531
injected,sj01_local_hum_avg_pct__rise,0.5,30.0,14,False,False,0,False,,cu01_local_hum_avg_pct__rise,0.005336920265108347
injected,sj01_local_hum_avg_pct__rise,0.5,30.0,15,True,True,1,False,sj01_local_hum_avg_pct__rise,sj01_local_hum_avg_pct__rise,0.0004389551468193531
injected,sj01_local_hum_avg_pct__rise,0.5,30.0,16,True,True,1,False,sj01_local_hum_avg_pct__rise,sj01_local_hum_avg_pct__rise,0.0002675263676792383
injected,sj01_local_hum_avg_pct__rise,0.5,30.0,17,True,False,2,True,sj01_local_wind_speed_ms__rise;sj01_local_hum_avg_pct__rise,sj01_local_wind_speed_ms__rise,0.0006561279296875
injected,sj01_local_hum_avg_pct__rise,0.5,30.0,18,False,True,0,False,,sj01_local_hum_avg_pct__rise,0.0035001833457499743
injected,sj01_local_hum_avg_pct__rise,0.5,30.0,19,True,True,1,False,sj01_local_hum_avg_pct__rise,sj01_local_hum_avg_pct__rise,0.00026676058769226074
injected,sj01_local_hum_avg_pct__rise,0.5,30.0,20,True,True,1,False,sj01_local_hum_avg_pct__rise,sj01_local_hum_avg_pct__rise,0.00045611709356307983
injected,sj01_local_hum_avg_pct__rise,0.5,30.0,21,True,True,1,False,sj01_local_hum_avg_pct__rise,sj01_local_hum_avg_pct__rise,2.9738061130046848e-05
injected,sj01_local_hum_avg_pct__rise,0.5,30.0,22,True,True,1,False,sj01_local_hum_avg_pct__rise,sj01_local_hum_avg_pct__rise,0.00045611709356307983
injected,sj01_local_hum_avg_pct__rise,0.5,30.0,23,True,True,1,False,sj01_local_hum_avg_pct__rise,sj01_local_hum_avg_pct__rise,9.609758853912354e-05
injected,sj01_local_hum_avg_pct__rise,0.5,30.0,24,True,True,1,False,sj01_local_hum_avg_pct__rise,sj01_local_hum_avg_pct__rise,0.0002730563282966614
injected,sj01_local_hum_avg_pct__rise,0.5,30.0,25,True,True,1,False,sj01_local_hum_avg_pct__rise,sj01_local_hum_avg_pct__rise,0.0016634464263916016
injected,sj01_local_hum_avg_pct__rise,0.5,30.0,26,True,True,1,False,sj01_local_hum_avg_pct__rise,sj01_local_hum_avg_pct__rise,0.00016245711594820025
injected,sj01_local_hum_avg_pct__rise,0.5,30.0,27,False,True,0,False,,sj01_local_hum_avg_pct__rise,0.0026114396750926976
injected,sj01_local_hum_avg_pct__rise,0.5,30.0,28,True,True,1,False,sj01_local_hum_avg_pct__rise,sj01_local_hum_avg_pct__rise,0.0012469589710235596
injected,sj01_local_hum_avg_pct__rise,0.5,30.0,29,True,False,2,True,sj01_local_wind_speed_ms__rise;sj01_local_hum_avg_pct__rise,sj01_local_wind_speed_ms__rise,0.0003643035888671875
injected,sj01_local_hum_avg_pct__rise,0.5,30.0,30,True,True,1,False,sj01_local_hum_avg_pct__rise,sj01_local_hum_avg_pct__rise,0.0002675263676792383
injected,sj01_local_hum_avg_pct__rise,0.5,30.0,31,True,True,1,False,sj01_local_hum_avg_pct__rise,sj01_local_hum_avg_pct__rise,0.0004552602767944336
injected,sj01_local_hum_avg_pct__rise,0.5,30.0,32,True,True,1,False,sj01_local_hum_avg_pct__rise,sj01_local_hum_avg_pct__rise,0.0004389551468193531
injected,sj01_local_hum_avg_pct__rise,0.5,30.0,33,True,True,1,False,sj01_local_hum_avg_pct__rise,sj01_local_hum_avg_pct__rise,0.00045611709356307983
injected,sj01_local_hum_avg_pct__rise,0.5,30.0,34,True,True,1,False,sj01_local_hum_avg_pct__rise,sj01_local_hum_avg_pct__rise,0.0006593635771423578
injected,sj01_local_hum_avg_pct__rise,0.5,30.0,35,True,True,1,False,sj01_local_hum_avg_pct__rise,sj01_local_hum_avg_pct__rise,0.0002730563282966614
injected,sj01_local_hum_avg_pct__rise,0.5,30.0,36,True,False,2,True,sj01_local_wind_speed_ms__rise;sj01_local_hum_avg_pct__rise,sj01_local_wind_speed_ms__rise,0.0006561279296875
injected,sj01_local_hum_avg_pct__rise,0.5,30.0,37,True,True,1,False,sj01_local_hum_avg_pct__rise,sj01_local_hum_avg_pct__rise,0.000771939754486084
injected,sj01_local_hum_avg_pct__rise,0.5,30.0,38,True,True,1,False,sj01_local_hum_avg_pct__rise,sj01_local_hum_avg_pct__rise,0.0002675263676792383
injected,sj01_local_hum_avg_pct__rise,0.5,30.0,39,True,True,1,False,sj01_local_hum_avg_pct__rise,sj01_local_hum_avg_pct__rise,0.0001553744077682495
injected,sj01_local_hum_avg_pct__rise,0.5,30.0,40,True,True,1,False,sj01_local_hum_avg_pct__rise,sj01_local_hum_avg_pct__rise,0.0011578500270843506
injected,sj01_local_hum_avg_pct__rise,0.5,30.0,41,True,True,1,False,sj01_local_hum_avg_pct__rise,sj01_local_hum_avg_pct__rise,0.0007568597793579102
injected,sj01_local_hum_avg_pct__rise,0.5,30.0,42,True,True,1,False,sj01_local_hum_avg_pct__rise,sj01_local_hum_avg_pct__rise,8.999556303024292e-05
injected,sj01_local_hum_avg_pct__rise,0.5,30.0,43,True,True,1,False,sj01_local_hum_avg_pct__rise,sj01_local_hum_avg_pct__rise,0.0009391127387061716
injected,sj01_local_hum_avg_pct__rise,0.5,30.0,44,False,True,0,False,,sj01_local_hum_avg_pct__rise,0.0029623061418533325
injected,sj01_local_hum_avg_pct__rise,0.5,30.0,45,True,True,2,True,sj01_local_hum_avg_pct__rise;sj01_local_wind_speed_ms__rise,sj01_local_hum_avg_pct__rise,9.756279177963734e-05
injected,sj01_local_hum_avg_pct__rise,0.5,30.0,46,False,True,0,False,,sj01_local_hum_avg_pct__rise,0.0026114396750926976
injected,sj01_local_hum_avg_pct__rise,0.5,30.0,47,False,True,0,False,,sj01_local_hum_avg_pct__rise,0.0026114396750926976
injected,sj01_local_hum_avg_pct__rise,0.5,30.0,48,True,True,1,False,sj01_local_hum_avg_pct__rise,sj01_local_hum_avg_pct__rise,5.1857903599739075e-05
injected,sj01_local_hum_avg_pct__rise,0.5,30.0,49,True,True,1,False,sj01_local_hum_avg_pct__rise,sj01_local_hum_avg_pct__rise,2.9738061130046848e-05
injected,sj01_local_hum_avg_pct__rise,0.5,60.0,0,False,False,0,False,,cu01_local_temp_avg_c__rise,0.003173828125
injected,sj01_local_hum_avg_pct__rise,0.5,60.0,1,False,False,0,False,,sj01_local_wind_speed_ms__rise,0.0035986900329589844
injected,sj01_local_hum_avg_pct__rise,0.5,60.0,2,False,False,0,False,,sj01_local_wind_speed_ms__rise,0.005908966064453125
injected,sj01_local_hum_avg_pct__rise,0.5,60.0,3,False,False,0,False,,sj01_local_wind_speed_ms__rise,0.0035986900329589844
injected,sj01_local_hum_avg_pct__rise,0.5,60.0,4,False,False,0,False,,cu01_local_hum_avg_pct__rise,0.01205977238714695
injected,sj01_local_hum_avg_pct__rise,0.5,60.0,5,False,False,0,False,,cu01_local_temp_avg_c__rise,0.001708984375
injected,sj01_local_hum_avg_pct__rise,0.5,60.0,6,False,False,0,False,,cu01_local_temp_avg_c__rise,0.0064697265625
injected,sj01_local_hum_avg_pct__rise,0.5,60.0,7,False,False,0,False,,sj01_local_wind_speed_ms__rise,0.013301849365234375
injected,sj01_local_hum_avg_pct__rise,0.5,60.0,8,False,False,0,False,,cu01_local_temp_avg_c__rise,0.001708984375
injected,sj01_local_hum_avg_pct__rise,0.5,60.0,9,False,False,0,False,,cu01_local_temp_avg_c__rise,0.0064697265625
injected,sj01_local_hum_avg_pct__rise,0.5,60.0,10,False,False,0,False,,sj01_local_wind_speed_ms__rise,0.005908966064453125
injected,sj01_local_hum_avg_pct__rise,0.5,60.0,11,False,False,0,False,,cu01_local_temp_avg_c__rise,0.003173828125
injected,sj01_local_hum_avg_pct__rise,0.5,60.0,12,False,False,0,False,,sj01_local_wind_speed_ms__rise,0.013301849365234375
injected,sj01_local_hum_avg_pct__rise,0.5,60.0,13,False,False,0,False,,sj01_local_wind_speed_ms__rise,0.00960540771484375
injected,sj01_local_hum_avg_pct__rise,0.5,60.0,14,False,False,0,False,,cu01_local_hum_avg_pct__rise,0.01205977238714695
injected,sj01_local_hum_avg_pct__rise,0.5,60.0,15,False,False,0,False,,cu01_local_temp_avg_c__rise,0.01123046875
injected,sj01_local_hum_avg_pct__rise,0.5,60.0,16,False,False,0,False,,cu01_local_temp_avg_c__rise,0.01123046875
injected,sj01_local_hum_avg_pct__rise,0.5,60.0,17,False,False,0,False,,sj01_local_wind_speed_ms__rise,0.005908966064453125
injected,sj01_local_hum_avg_pct__rise,0.5,60.0,18,False,False,0,False,,sj01_local_wind_speed_ms__rise,0.013301849365234375
injected,sj01_local_hum_avg_pct__rise,0.5,60.0,19,False,False,0,False,,sj01_local_wind_speed_ms__rise,0.005908966064453125
injected,sj01_local_hum_avg_pct__rise,0.5,60.0,20,False,False,0,False,,cu01_local_hum_avg_pct__rise,0.008062400855123998
injected,sj01_local_hum_avg_pct__rise,0.5,60.0,21,False,False,0,False,,cu01_local_temp_avg_c__rise,0.001708984375
injected,sj01_local_hum_avg_pct__rise,0.5,60.0,22,False,False,0,False,,cu01_local_temp_avg_c__rise,0.001708984375
injected,sj01_local_hum_avg_pct__rise,0.5,60.0,23,False,False,0,False,,cu01_local_temp_avg_c__rise,0.003173828125
injected,sj01_local_hum_avg_pct__rise,0.5,60.0,24,False,False,0,False,,cu01_local_temp_avg_c__rise,0.001708984375
injected,sj01_local_hum_avg_pct__rise,0.5,60.0,25,False,False,0,False,,cu01_local_temp_avg_c__rise,0.01123046875
injected,sj01_local_hum_avg_pct__rise,0.5,60.0,26,False,False,0,False,,cu01_local_temp_avg_c__rise,0.003173828125
injected,sj01_local_hum_avg_pct__rise,0.5,60.0,27,False,False,0,False,,cu01_local_temp_avg_c__rise,0.001708984375
injected,sj01_local_hum_avg_pct__rise,0.5,60.0,28,False,False,0,False,,cu01_local_hum_avg_pct__rise,0.006270475685596466
injected,sj01_local_hum_avg_pct__rise,0.5,60.0,29,False,False,0,False,,sj01_local_wind_speed_ms__rise,0.005908966064453125
injected,sj01_local_hum_avg_pct__rise,0.5,60.0,30,False,False,0,False,,cu01_local_hum_avg_pct__rise,0.014479637145996094
injected,sj01_local_hum_avg_pct__rise,0.5,60.0,31,False,False,0,False,,cu01_local_temp_avg_c__rise,0.005859375
injected,sj01_local_hum_avg_pct__rise,0.5,60.0,32,False,False,0,False,,cu01_local_temp_avg_c__rise,0.003173828125
injected,sj01_local_hum_avg_pct__rise,0.5,60.0,33,False,False,0,False,,cu01_local_hum_avg_pct__rise,0.008062400855123998
injected,sj01_local_hum_avg_pct__rise,0.5,60.0,34,False,False,0,False,,cu01_local_temp_avg_c__rise,0.001708984375
injected,sj01_local_hum_avg_pct__rise,0.5,60.0,35,False,False,0,False,,cu01_local_temp_avg_c__rise,0.0064697265625
injected,sj01_local_hum_avg_pct__rise,0.5,60.0,36,False,False,0,False,,sj01_local_wind_speed_ms__rise,0.005908966064453125
injected,sj01_local_hum_avg_pct__rise,0.5,60.0,37,False,False,0,False,,sj01_local_wind_speed_ms__rise,0.00960540771484375
injected,sj01_local_hum_avg_pct__rise,0.5,60.0,38,False,False,0,False,,cu01_local_hum_avg_pct__rise,0.014479637145996094
injected,sj01_local_hum_avg_pct__rise,0.5,60.0,39,False,False,0,False,,cu01_local_temp_avg_c__rise,0.001708984375
injected,sj01_local_hum_avg_pct__rise,0.5,60.0,40,False,False,0,False,,sj01_local_wind_speed_ms__rise,0.020694732666015625
injected,sj01_local_hum_avg_pct__rise,0.5,60.0,41,False,False,0,False,,cu01_local_temp_avg_c__rise,0.003173828125
injected,sj01_local_hum_avg_pct__rise,0.5,60.0,42,False,False,0,False,,cu01_local_temp_avg_c__rise,0.005859375
injected,sj01_local_hum_avg_pct__rise,0.5,60.0,43,False,False,0,False,,cu01_local_temp_avg_c__rise,0.0064697265625
injected,sj01_local_hum_avg_pct__rise,0.5,60.0,44,False,False,0,False,,cu01_local_temp_avg_c__rise,0.005859375
injected,sj01_local_hum_avg_pct__rise,0.5,60.0,45,False,False,0,False,,sj01_local_wind_speed_ms__rise,0.005908966064453125
injected,sj01_local_hum_avg_pct__rise,0.5,60.0,46,False,False,0,False,,cu01_local_hum_avg_pct__rise,0.021386972628533847
injected,sj01_local_hum_avg_pct__rise,0.5,60.0,47,False,False,0,False,,cu01_local_temp_avg_c__rise,0.01123046875
injected,sj01_local_hum_avg_pct__rise,0.5,60.0,48,False,False,0,False,,cu01_local_temp_avg_c__rise,0.001708984375
injected,sj01_local_hum_avg_pct__rise,0.5,60.0,49,False,False,0,False,,cu01_local_temp_avg_c__rise,0.0064697265625
injected,sj01_local_hum_avg_pct__rise,1.0,15.0,0,True,True,1,False,sj01_local_hum_avg_pct__rise,sj01_local_hum_avg_pct__rise,1.372024416923523e-05
injected,sj01_local_hum_avg_pct__rise,1.0,15.0,1,True,True,1,False,sj01_local_hum_avg_pct__rise,sj01_local_hum_avg_pct__rise,1.516193151473999e-06
injected,sj01_local_hum_avg_pct__rise,1.0,15.0,2,True,True,2,True,sj01_local_hum_avg_pct__rise;sj01_local_wind_speed_ms__rise,sj01_local_hum_avg_pct__rise,1.697661355137825e-05
injected,sj01_local_hum_avg_pct__rise,1.0,15.0,3,True,True,1,False,sj01_local_hum_avg_pct__rise,sj01_local_hum_avg_pct__rise,1.516193151473999e-06
injected,sj01_local_hum_avg_pct__rise,1.0,15.0,4,True,True,1,False,sj01_local_hum_avg_pct__rise,sj01_local_hum_avg_pct__rise,7.748603820800781e-07
injected,sj01_local_hum_avg_pct__rise,1.0,15.0,5,True,True,1,False,sj01_local_hum_avg_pct__rise,sj01_local_hum_avg_pct__rise,1.4901161193847656e-08
injected,sj01_local_hum_avg_pct__rise,1.0,15.0,6,True,True,1,False,sj01_local_hum_avg_pct__rise,sj01_local_hum_avg_pct__rise,7.618218660354614e-06
injected,sj01_local_hum_avg_pct__rise,1.0,15.0,7,False,True,0,False,,sj01_local_hum_avg_pct__rise,0.0018595829606056213
injected,sj01_local_hum_avg_pct__rise,1.0,15.0,8,True,True,1,False,sj01_local_hum_avg_pct__rise,sj01_local_hum_avg_pct__rise,2.4616718292236328e-05
injected,sj01_local_hum_avg_pct__rise,1.0,15.0,9,True,True,1,False,sj01_local_hum_avg_pct__rise,sj01_local_hum_avg_pct__rise,1.697661355137825e-05
injected,sj01_local_hum_avg_pct__rise,1.0,15.0,10,True,True,1,False,sj01_local_hum_avg_pct__rise,sj01_local_hum_avg_pct__rise,5.587935447692871e-08
injected,sj01_local_hum_avg_pct__rise,1.0,15.0,11,True,True,1,False,sj01_local_hum_avg_pct__rise,sj01_local_hum_avg_pct__rise,3.725290298461914e-09
injected,sj01_local_hum_avg_pct__rise,1.0,15.0,12,True,True,1,False,sj01_local_hum_avg_pct__rise,sj01_local_hum_avg_pct__rise,5.653710104525089e-05
injected,sj01_local_hum_avg_pct__rise,1.0,15.0,13,True,True,1,False,sj01_local_hum_avg_pct__rise,sj01_local_hum_avg_pct__rise,1.516193151473999e-06
injected,sj01_local_hum_avg_pct__rise,1.0,15.0,14,True,True,1,False,sj01_local_hum_avg_pct__rise,sj01_local_hum_avg_pct__rise,0.000110626220703125
injected,sj01_local_hum_avg_pct__rise,1.0,15.0,15,True,True,1,False,sj01_local_hum_avg_pct__rise,sj01_local_hum_avg_pct__rise,4.215165972709656e-06
injected,sj01_local_hum_avg_pct__rise,1.0,15.0,16,True,True,1,False,sj01_local_hum_avg_pct__rise,sj01_local_hum_avg_pct__rise,1.4901161193847656e-06
injected,sj01_local_hum_avg_pct__rise,1.0,15.0,17,True,True,1,False,sj01_local_hum_avg_pct__rise,sj01_local_hum_avg_pct__rise,0.0001553744077682495
injected,sj01_local_hum_avg_pct__rise,1.0,15.0,18,True,True,1,False,sj01_local_hum_avg_pct__rise,sj01_local_hum_avg_pct__rise,0.0007154531776905061
injected,sj01_local_hum_avg_pct__rise,1.0,15.0,19,True,True,1,False,sj01_local_hum_avg_pct__rise,sj01_local_hum_avg_pct__rise,5.245208740234375e-06
injected,sj01_local_hum_avg_pct__rise,1.0,15.0,20,True,True,1,False,sj01_local_hum_avg_pct__rise,sj01_local_hum_avg_pct__rise,2.9802322387695312e-08
injected,sj01_local_hum_avg_pct__rise,1.0,15.0,21,True,True,1,False,sj01_local_hum_avg_pct__rise,sj01_local_hum_avg_pct__rise,5.587935447692871e-08
injected,sj01_local_hum_avg_pct__rise,1.0,15.0,22,True,True,1,False,sj01_local_hum_avg_pct__rise,sj01_local_hum_avg_pct__rise,5.245208740234375e-06
injected,sj01_local_hum_avg_pct__rise,1.0,15.0,23,True,True,1,False,sj01_local_hum_avg_pct__rise,sj01_local_hum_avg_pct__rise,2.314336597919464e-07
injected,sj01_local_hum_avg_pct__rise,1.0,15.0,24,True,True,1,False,sj01_local_hum_avg_pct__rise,sj01_local_hum_avg_pct__rise,1.4901161193847656e-06
injected,sj01_local_hum_avg_pct__rise,1.0,15.0,25,True,True,1,False,sj01_local_hum_avg_pct__rise,sj01_local_hum_avg_pct__rise,3.3020973205566406e-05
injected,sj01_local_hum_avg_pct__rise,1.0,15.0,26,True,True,1,False,sj01_local_hum_avg_pct__rise,sj01_local_hum_avg_pct__rise,1.0803341865539551e-07
injected,sj01_local_hum_avg_pct__rise,1.0,15.0,27,True,True,1,False,sj01_local_hum_avg_pct__rise,sj01_local_hum_avg_pct__rise,1.4901161193847656e-06
injected,sj01_local_hum_avg_pct__rise,1.0,15.0,28,True,True,1,False,sj01_local_hum_avg_pct__rise,sj01_local_hum_avg_pct__rise,1.7940998077392578e-05
injected,sj01_local_hum_avg_pct__rise,1.0,15.0,29,True,True,2,True,sj01_local_hum_avg_pct__rise;sj01_local_wind_speed_ms__rise,sj01_local_hum_avg_pct__rise,8.121132850646973e-07
injected,sj01_local_hum_avg_pct__rise,1.0,15.0,30,True,True,1,False,sj01_local_hum_avg_pct__rise,sj01_local_hum_avg_pct__rise,4.33996319770813e-07
injected,sj01_local_hum_avg_pct__rise,1.0,15.0,31,True,True,1,False,sj01_local_hum_avg_pct__rise,sj01_local_hum_avg_pct__rise,7.748603820800781e-07
injected,sj01_local_hum_avg_pct__rise,1.0,15.0,32,True,True,1,False,sj01_local_hum_avg_pct__rise,sj01_local_hum_avg_pct__rise,5.960464477539063e-08
injected,sj01_local_hum_avg_pct__rise,1.0,15.0,33,True,True,1,False,sj01_local_hum_avg_pct__rise,sj01_local_hum_avg_pct__rise,2.823770046234131e-06
injected,sj01_local_hum_avg_pct__rise,1.0,15.0,34,True,True,1,False,sj01_local_hum_avg_pct__rise,sj01_local_hum_avg_pct__rise,9.715557098388672e-06
injected,sj01_local_hum_avg_pct__rise,1.0,15.0,35,True,True,1,False,sj01_local_hum_avg_pct__rise,sj01_local_hum_avg_pct__rise,1.516193151473999e-06
injected,sj01_local_hum_avg_pct__rise,1.0,15.0,36,True,True,2,True,sj01_local_hum_avg_pct__rise;sj01_local_wind_speed_ms__rise,sj01_local_hum_avg_pct__rise,8.121132850646973e-07
injected,sj01_local_hum_avg_pct__rise,1.0,15.0,37,True,True,1,False,sj01_local_hum_avg_pct__rise,sj01_local_hum_avg_pct__rise,6.0558319091796875e-05
injected,sj01_local_hum_avg_pct__rise,1.0,15.0,38,True,True,1,False,sj01_local_hum_avg_pct__rise,sj01_local_hum_avg_pct__rise,5.464302375912666e-06
injected,sj01_local_hum_avg_pct__rise,1.0,15.0,39,True,True,1,False,sj01_local_hum_avg_pct__rise,sj01_local_hum_avg_pct__rise,2.823770046234131e-06
injected,sj01_local_hum_avg_pct__rise,1.0,15.0,40,True,True,1,False,sj01_local_hum_avg_pct__rise,sj01_local_hum_avg_pct__rise,2.823770046234131e-06
injected,sj01_local_hum_avg_pct__rise,1.0,15.0,41,True,True,1,False,sj01_local_hum_avg_pct__rise,sj01_local_hum_avg_pct__rise,4.023313522338867e-07
injected,sj01_local_hum_avg_pct__rise,1.0,15.0,42,True,True,1,False,sj01_local_hum_avg_pct__rise,sj01_local_hum_avg_pct__rise,5.960464477539063e-08
injected,sj01_local_hum_avg_pct__rise,1.0,15.0,43,True,True,1,False,sj01_local_hum_avg_pct__rise,sj01_local_hum_avg_pct__rise,1.697661355137825e-05
injected,sj01_local_hum_avg_pct__rise,1.0,15.0,44,True,True,1,False,sj01_local_hum_avg_pct__rise,sj01_local_hum_avg_pct__rise,3.3020973205566406e-05
injected,sj01_local_hum_avg_pct__rise,1.0,15.0,45,True,True,1,False,sj01_local_hum_avg_pct__rise,sj01_local_hum_avg_pct__rise,7.618218660354614e-06
injected,sj01_local_hum_avg_pct__rise,1.0,15.0,46,True,True,1,False,sj01_local_hum_avg_pct__rise,sj01_local_hum_avg_pct__rise,1.4901161193847656e-06
injected,sj01_local_hum_avg_pct__rise,1.0,15.0,47,True,True,1,False,sj01_local_hum_avg_pct__rise,sj01_local_hum_avg_pct__rise,1.7940998077392578e-05
injected,sj01_local_hum_avg_pct__rise,1.0,15.0,48,True,True,1,False,sj01_local_hum_avg_pct__rise,sj01_local_hum_avg_pct__rise,2.9802322387695312e-08
injected,sj01_local_hum_avg_pct__rise,1.0,15.0,49,True,True,1,False,sj01_local_hum_avg_pct__rise,sj01_local_hum_avg_pct__rise,2.314336597919464e-07
injected,sj01_local_hum_avg_pct__rise,1.0,30.0,0,True,True,1,False,sj01_local_hum_avg_pct__rise,sj01_local_hum_avg_pct__rise,7.826089859008789e-05
injected,sj01_local_hum_avg_pct__rise,1.0,30.0,1,True,True,1,False,sj01_local_hum_avg_pct__rise,sj01_local_hum_avg_pct__rise,2.823770046234131e-06
injected,sj01_local_hum_avg_pct__rise,1.0,30.0,2,True,True,2,True,sj01_local_hum_avg_pct__rise;sj01_local_wind_speed_ms__rise,sj01_local_hum_avg_pct__rise,0.00026676058769226074
injected,sj01_local_hum_avg_pct__rise,1.0,30.0,3,True,True,1,False,sj01_local_hum_avg_pct__rise,sj01_local_hum_avg_pct__rise,3.3020973205566406e-05
injected,sj01_local_hum_avg_pct__rise,1.0,30.0,4,True,True,1,False,sj01_local_hum_avg_pct__rise,sj01_local_hum_avg_pct__rise,9.715557098388672e-06
injected,sj01_local_hum_avg_pct__rise,1.0,30.0,5,True,True,2,True,sj01_local_hum_avg_pct__rise;sj01_local_wind_speed_ms__rise,sj01_local_hum_avg_pct__rise,2.9802322387695312e-08
injected,sj01_local_hum_avg_pct__rise,1.0,30.0,6,True,True,1,False,sj01_local_hum_avg_pct__rise,sj01_local_hum_avg_pct__rise,7.826089859008789e-05
injected,sj01_local_hum_avg_pct__rise,1.0,30.0,7,False,True,0,False,,sj01_local_hum_avg_pct__rise,0.006270475685596466
injected,sj01_local_hum_avg_pct__rise,1.0,30.0,8,True,True,1,False,sj01_local_hum_avg_pct__rise,sj01_local_hum_avg_pct__rise,7.826089859008789e-05
injected,sj01_local_hum_avg_pct__rise,1.0,30.0,9,True,True,1,False,sj01_local_hum_avg_pct__rise,sj01_local_hum_avg_pct__rise,5.1857903599739075e-05
injected,sj01_local_hum_avg_pct__rise,1.0,30.0,10,True,True,1,False,sj01_local_hum_avg_pct__rise,sj01_local_hum_avg_pct__rise,4.023313522338867e-07
injected,sj01_local_hum_avg_pct__rise,1.0,30.0,11,True,True,1,False,sj01_local_hum_avg_pct__rise,sj01_local_hum_avg_pct__rise,1.4901161193847656e-08
injected,sj01_local_hum_avg_pct__rise,1.0,30.0,12,True,True,1,False,sj01_local_hum_avg_pct__rise,sj01_local_hum_avg_pct__rise,9.756279177963734e-05
injected,sj01_local_hum_avg_pct__rise,1.0,30.0,13,True,True,1,False,sj01_local_hum_avg_pct__rise,sj01_local_hum_avg_pct__rise,1.7940998077392578e-05
injected,sj01_local_hum_avg_pct__rise,1.0,30.0,14,True,True,1,False,sj01_local_hum_avg_pct__rise,sj01_local_hum_avg_pct__rise,0.0006561279296875
injected,sj01_local_hum_avg_pct__rise,1.0,30.0,15,True,True,1,False,sj01_local_hum_avg_pct__rise,sj01_local_hum_avg_pct__rise,1.372024416923523e-05
injected,sj01_local_hum_avg_pct__rise,1.0,30.0,16,True,True,1,False,sj01_local_hum_avg_pct__rise,sj01_local_hum_avg_pct__rise,2.86102294921875e-06
injected,sj01_local_hum_avg_pct__rise,1.0,30.0,17,True,True,2,True,sj01_local_hum_avg_pct__rise;sj01_local_wind_speed_ms__rise,sj01_local_hum_avg_pct__rise,0.00026676058769226074
injected,sj01_local_hum_avg_pct__rise,1.0,30.0,18,True,True,1,False,sj01_local_hum_avg_pct__rise,sj01_local_hum_avg_pct__rise,0.0007154531776905061
injected,sj01_local_hum_avg_pct__rise,1.0,30.0,19,True,True,1,False,sj01_local_hum_avg_pct__rise,sj01_local_hum_avg_pct__rise,1.7940998077392578e-05
injected,sj01_local_hum_avg_pct__rise,1.0,30.0,20,True,True,1,False,sj01_local_hum_avg_pct__rise,sj01_local_hum_avg_pct__rise,9.5367431640625e-07
injected,sj01_local_hum_avg_pct__rise,1.0,30.0,21,True,True,1,False,sj01_local_hum_avg_pct__rise,sj01_local_hum_avg_pct__rise,7.748603820800781e-07
injected,sj01_local_hum_avg_pct__rise,1.0,30.0,22,True,True,1,False,sj01_local_hum_avg_pct__rise,sj01_local_hum_avg_pct__rise,4.398822784423828e-05
injected,sj01_local_hum_avg_pct__rise,1.0,30.0,23,True,True,1,False,sj01_local_hum_avg_pct__rise,sj01_local_hum_avg_pct__rise,1.516193151473999e-06
injected,sj01_local_hum_avg_pct__rise,1.0,30.0,24,True,True,1,False,sj01_local_hum_avg_pct__rise,sj01_local_hum_avg_pct__rise,5.4836273193359375e-06
injected,sj01_local_hum_avg_pct__rise,1.0,30.0,25,True,True,1,False,sj01_local_hum_avg_pct__rise,sj01_local_hum_avg_pct__rise,6.0558319091796875e-05
injected,sj01_local_hum_avg_pct__rise,1.0,30.0,26,True,True,1,False,sj01_local_hum_avg_pct__rise,sj01_local_hum_avg_pct__rise,4.023313522338867e-07
injected,sj01_local_hum_avg_pct__rise,1.0,30.0,27,True,True,1,False,sj01_local_hum_avg_pct__rise,sj01_local_hum_avg_pct__rise,2.002716064453125e-05
injected,sj01_local_hum_avg_pct__rise,1.0,30.0,28,True,True,1,False,sj01_local_hum_avg_pct__rise,sj01_local_hum_avg_pct__rise,1.7940998077392578e-05
injected,sj01_local_hum_avg_pct__rise,1.0,30.0,29,True,True,2,True,sj01_local_hum_avg_pct__rise;sj01_local_wind_speed_ms__rise,sj01_local_hum_avg_pct__rise,5.245208740234375e-06
injected,sj01_local_hum_avg_pct__rise,1.0,30.0,30,True,True,1,False,sj01_local_hum_avg_pct__rise,sj01_local_hum_avg_pct__rise,5.245208740234375e-06
injected,sj01_local_hum_avg_pct__rise,1.0,30.0,31,True,True,1,False,sj01_local_hum_avg_pct__rise,sj01_local_hum_avg_pct__rise,2.86102294921875e-06
injected,sj01_local_hum_avg_pct__rise,1.0,30.0,32,True,True,1,False,sj01_local_hum_avg_pct__rise,sj01_local_hum_avg_pct__rise,4.76837158203125e-07
injected,sj01_local_hum_avg_pct__rise,1.0,30.0,33,True,True,1,False,sj01_local_hum_avg_pct__rise,sj01_local_hum_avg_pct__rise,9.715557098388672e-06
injected,sj01_local_hum_avg_pct__rise,1.0,30.0,34,True,True,1,False,sj01_local_hum_avg_pct__rise,sj01_local_hum_avg_pct__rise,6.0558319091796875e-05
injected,sj01_local_hum_avg_pct__rise,1.0,30.0,35,True,True,1,False,sj01_local_hum_avg_pct__rise,sj01_local_hum_avg_pct__rise,5.245208740234375e-06
injected,sj01_local_hum_avg_pct__rise,1.0,30.0,36,True,True,2,True,sj01_local_hum_avg_pct__rise;sj01_local_wind_speed_ms__rise,sj01_local_hum_avg_pct__rise,9.715557098388672e-06
injected,sj01_local_hum_avg_pct__rise,1.0,30.0,37,True,True,1,False,sj01_local_hum_avg_pct__rise,sj01_local_hum_avg_pct__rise,6.0558319091796875e-05
injected,sj01_local_hum_avg_pct__rise,1.0,30.0,38,True,True,1,False,sj01_local_hum_avg_pct__rise,sj01_local_hum_avg_pct__rise,2.9738061130046848e-05
injected,sj01_local_hum_avg_pct__rise,1.0,30.0,39,True,True,1,False,sj01_local_hum_avg_pct__rise,sj01_local_hum_avg_pct__rise,9.715557098388672e-06
injected,sj01_local_hum_avg_pct__rise,1.0,30.0,40,True,True,1,False,sj01_local_hum_avg_pct__rise,sj01_local_hum_avg_pct__rise,3.3020973205566406e-05
injected,sj01_local_hum_avg_pct__rise,1.0,30.0,41,True,True,1,False,sj01_local_hum_avg_pct__rise,sj01_local_hum_avg_pct__rise,5.4836273193359375e-06
injected,sj01_local_hum_avg_pct__rise,1.0,30.0,42,True,True,1,False,sj01_local_hum_avg_pct__rise,sj01_local_hum_avg_pct__rise,5.960464477539063e-08
injected,sj01_local_hum_avg_pct__rise,1.0,30.0,43,True,True,1,False,sj01_local_hum_avg_pct__rise,sj01_local_hum_avg_pct__rise,5.653710104525089e-05
injected,sj01_local_hum_avg_pct__rise,1.0,30.0,44,True,True,1,False,sj01_local_hum_avg_pct__rise,sj01_local_hum_avg_pct__rise,6.0558319091796875e-05
injected,sj01_local_hum_avg_pct__rise,1.0,30.0,45,True,True,2,True,sj01_local_hum_avg_pct__rise;sj01_local_wind_speed_ms__rise,sj01_local_hum_avg_pct__rise,2.4616718292236328e-05
injected,sj01_local_hum_avg_pct__rise,1.0,30.0,46,True,True,1,False,sj01_local_hum_avg_pct__rise,sj01_local_hum_avg_pct__rise,2.002716064453125e-05
injected,sj01_local_hum_avg_pct__rise,1.0,30.0,47,True,True,1,False,sj01_local_hum_avg_pct__rise,sj01_local_hum_avg_pct__rise,3.3020973205566406e-05
injected,sj01_local_hum_avg_pct__rise,1.0,30.0,48,True,True,1,False,sj01_local_hum_avg_pct__rise,sj01_local_hum_avg_pct__rise,2.384185791015625e-07
injected,sj01_local_hum_avg_pct__rise,1.0,30.0,49,True,True,1,False,sj01_local_hum_avg_pct__rise,sj01_local_hum_avg_pct__rise,1.516193151473999e-06
injected,sj01_local_hum_avg_pct__rise,1.0,60.0,0,True,True,1,False,sj01_local_hum_avg_pct__rise,sj01_local_hum_avg_pct__rise,0.0001385807991027832
injected,sj01_local_hum_avg_pct__rise,1.0,60.0,1,True,True,1,False,sj01_local_hum_avg_pct__rise,sj01_local_hum_avg_pct__rise,2.4616718292236328e-05
injected,sj01_local_hum_avg_pct__rise,1.0,60.0,2,False,True,0,False,,sj01_local_hum_avg_pct__rise,0.0018595829606056213
injected,sj01_local_hum_avg_pct__rise,1.0,60.0,3,True,True,1,False,sj01_local_hum_avg_pct__rise,sj01_local_hum_avg_pct__rise,0.00026676058769226074
injected,sj01_local_hum_avg_pct__rise,1.0,60.0,4,True,True,1,False,sj01_local_hum_avg_pct__rise,sj01_local_hum_avg_pct__rise,1.7940998077392578e-05
injected,sj01_local_hum_avg_pct__rise,1.0,60.0,5,True,True,1,False,sj01_local_hum_avg_pct__rise,sj01_local_hum_avg_pct__rise,1.4901161193847656e-06
injected,sj01_local_hum_avg_pct__rise,1.0,60.0,6,True,True,1,False,sj01_local_hum_avg_pct__rise,sj01_local_hum_avg_pct__rise,0.0010512007866054773
injected,sj01_local_hum_avg_pct__rise,1.0,60.0,7,False,True,0,False,,sj01_local_hum_avg_pct__rise,0.0095786452293396
injected,sj01_local_hum_avg_pct__rise,1.0,60.0,8,True,True,1,False,sj01_local_hum_avg_pct__rise,sj01_local_hum_avg_pct__rise,0.0011578500270843506
injected,sj01_local_hum_avg_pct__rise,1.0,60.0,9,True,True,1,False,sj01_local_hum_avg_pct__rise,sj01_local_hum_avg_pct__rise,8.999556303024292e-05
injected,sj01_local_hum_avg_pct__rise,1.0,60.0,10,True,True,1,False,sj01_local_hum_avg_pct__rise,sj01_local_hum_avg_pct__rise,5.245208740234375e-06
injected,sj01_local_hum_avg_pct__rise,1.0,60.0,11,True,True,1,False,sj01_local_hum_avg_pct__rise,sj01_local_hum_avg_pct__rise,1.1920928955078125e-07
injected,sj01_local_hum_avg_pct__rise,1.0,60.0,12,True,True,1,False,sj01_local_hum_avg_pct__rise,sj01_local_hum_avg_pct__rise,0.0004389551468193531
injected,sj01_local_hum_avg_pct__rise,1.0,60.0,13,True,True,1,False,sj01_local_hum_avg_pct__rise,sj01_local_hum_avg_pct__rise,0.0001553744077682495
injected,sj01_local_hum_avg_pct__rise,1.0,60.0,14,True,True,1,False,sj01_local_hum_avg_pct__rise,sj01_local_hum_avg_pct__rise,0.001299738883972168
injected,sj01_local_hum_avg_pct__rise,1.0,60.0,15,True,True,1,False,sj01_local_hum_avg_pct__rise,sj01_local_hum_avg_pct__rise,4.398822784423828e-05
injected,sj01_local_hum_avg_pct__rise,1.0,60.0,16,True,True,1,False,sj01_local_hum_avg_pct__rise,sj01_local_hum_avg_pct__rise,0.00026676058769226074
injected,sj01_local_hum_avg_pct__rise,1.0,60.0,17,False,True,0,False,,sj01_local_hum_avg_pct__rise,0.0026114396750926976
injected,sj01_local_hum_avg_pct__rise,1.0,60.0,18,False,True,0,False,,sj01_local_hum_avg_pct__rise,0.0018595829606056213
injected,sj01_local_hum_avg_pct__rise,1.0,60.0,19,True,True,1,False,sj01_local_hum_avg_pct__rise,sj01_local_hum_avg_pct__rise,0.0001385807991027832
injected,sj01_local_hum_avg_pct__rise,1.0,60.0,20,True,True,1,False,sj01_local_hum_avg_pct__rise,sj01_local_hum_avg_pct__rise,1.7940998077392578e-05
injected,sj01_local_hum_avg_pct__rise,1.0,60.0,21,True,True,1,False,sj01_local_hum_avg_pct__rise,sj01_local_hum_avg_pct__rise,4.398822784423828e-05
injected,sj01_local_hum_avg_pct__rise,1.0,60.0,22,True,True,1,False,sj01_local_hum_avg_pct__rise,sj01_local_hum_avg_pct__rise,0.0001385807991027832
injected,sj01_local_hum_avg_pct__rise,1.0,60.0,23,True,True,1,False,sj01_local_hum_avg_pct__rise,sj01_local_hum_avg_pct__rise,9.715557098388672e-06
injected,sj01_local_hum_avg_pct__rise,1.0,60.0,24,True,True,1,False,sj01_local_hum_avg_pct__rise,sj01_local_hum_avg_pct__rise,7.826089859008789e-05
injected,sj01_local_hum_avg_pct__rise,1.0,60.0,25,False,True,0,False,,sj01_local_hum_avg_pct__rise,0.0029623061418533325
injected,sj01_local_hum_avg_pct__rise,1.0,60.0,26,True,True,1,False,sj01_local_hum_avg_pct__rise,sj01_local_hum_avg_pct__rise,1.7940998077392578e-05
injected,sj01_local_hum_avg_pct__rise,1.0,60.0,27,True,True,1,False,sj01_local_hum_avg_pct__rise,sj01_local_hum_avg_pct__rise,0.00026676058769226074
injected,sj01_local_hum_avg_pct__rise,1.0,60.0,28,True,True,1,False,sj01_local_hum_avg_pct__rise,sj01_local_hum_avg_pct__rise,0.000244140625
injected,sj01_local_hum_avg_pct__rise,1.0,60.0,29,True,True,1,False,sj01_local_hum_avg_pct__rise,sj01_local_hum_avg_pct__rise,0.0001553744077682495
injected,sj01_local_hum_avg_pct__rise,1.0,60.0,30,True,True,1,False,sj01_local_hum_avg_pct__rise,sj01_local_hum_avg_pct__rise,2.4616718292236328e-05
injected,sj01_local_hum_avg_pct__rise,1.0,60.0,31,True,True,1,False,sj01_local_hum_avg_pct__rise,sj01_local_hum_avg_pct__rise,5.4836273193359375e-06
injected,sj01_local_hum_avg_pct__rise,1.0,60.0,32,True,True,1,False,sj01_local_hum_avg_pct__rise,sj01_local_hum_avg_pct__rise,7.826089859008789e-05
injected,sj01_local_hum_avg_pct__rise,1.0,60.0,33,True,True,1,False,sj01_local_hum_avg_pct__rise,sj01_local_hum_avg_pct__rise,3.3020973205566406e-05
injected,sj01_local_hum_avg_pct__rise,1.0,60.0,34,True,True,1,False,sj01_local_hum_avg_pct__rise,sj01_local_hum_avg_pct__rise,0.0011578500270843506
injected,sj01_local_hum_avg_pct__rise,1.0,60.0,35,True,True,1,False,sj01_local_hum_avg_pct__rise,sj01_local_hum_avg_pct__rise,3.3020973205566406e-05
injected,sj01_local_hum_avg_pct__rise,1.0,60.0,36,True,True,1,False,sj01_local_hum_avg_pct__rise,sj01_local_hum_avg_pct__rise,0.00045611709356307983
injected,sj01_local_hum_avg_pct__rise,1.0,60.0,37,True,True,1,False,sj01_local_hum_avg_pct__rise,sj01_local_hum_avg_pct__rise,6.0558319091796875e-05
injected,sj01_local_hum_avg_pct__rise,1.0,60.0,38,True,True,1,False,sj01_local_hum_avg_pct__rise,sj01_local_hum_avg_pct__rise,8.999556303024292e-05
injected,sj01_local_hum_avg_pct__rise,1.0,60.0,39,True,True,1,False,sj01_local_hum_avg_pct__rise,sj01_local_hum_avg_pct__rise,6.0558319091796875e-05
injected,sj01_local_hum_avg_pct__rise,1.0,60.0,40,True,True,1,False,sj01_local_hum_avg_pct__rise,sj01_local_hum_avg_pct__rise,0.000771939754486084
injected,sj01_local_hum_avg_pct__rise,1.0,60.0,41,True,True,1,False,sj01_local_hum_avg_pct__rise,sj01_local_hum_avg_pct__rise,6.0558319091796875e-05
injected,sj01_local_hum_avg_pct__rise,1.0,60.0,42,True,True,1,False,sj01_local_hum_avg_pct__rise,sj01_local_hum_avg_pct__rise,3.3020973205566406e-05
injected,sj01_local_hum_avg_pct__rise,1.0,60.0,43,True,True,1,False,sj01_local_hum_avg_pct__rise,sj01_local_hum_avg_pct__rise,0.00016245711594820025
injected,sj01_local_hum_avg_pct__rise,1.0,60.0,44,True,True,1,False,sj01_local_hum_avg_pct__rise,sj01_local_hum_avg_pct__rise,0.000771939754486084
injected,sj01_local_hum_avg_pct__rise,1.0,60.0,45,True,True,1,False,sj01_local_hum_avg_pct__rise,sj01_local_hum_avg_pct__rise,0.0007154531776905061
injected,sj01_local_hum_avg_pct__rise,1.0,60.0,46,True,True,1,False,sj01_local_hum_avg_pct__rise,sj01_local_hum_avg_pct__rise,0.00026676058769226074
injected,sj01_local_hum_avg_pct__rise,1.0,60.0,47,True,True,1,False,sj01_local_hum_avg_pct__rise,sj01_local_hum_avg_pct__rise,0.0004552602767944336
injected,sj01_local_hum_avg_pct__rise,1.0,60.0,48,True,True,1,False,sj01_local_hum_avg_pct__rise,sj01_local_hum_avg_pct__rise,2.86102294921875e-06
injected,sj01_local_hum_avg_pct__rise,1.0,60.0,49,True,True,1,False,sj01_local_hum_avg_pct__rise,sj01_local_hum_avg_pct__rise,9.715557098388672e-06
injected,sj01_local_press_hpa__fall,0.5,15.0,0,False,False,0,False,,cu01_local_hum_avg_pct__rise,0.010030803503468633
injected,sj01_local_press_hpa__fall,0.5,15.0,1,False,True,0,False,,sj01_local_press_hpa__fall,0.014479637145996094
injected,sj01_local_press_hpa__fall,0.5,15.0,2,False,True,0,False,,sj01_local_press_hpa__fall,0.00845026969909668
injected,sj01_local_press_hpa__fall,0.5,15.0,3,False,True,0,False,,sj01_local_press_hpa__fall,0.005311012268066406
injected,sj01_local_press_hpa__fall,0.5,15.0,4,False,False,0,False,,cu01_local_hum_avg_pct__rise,0.010030803503468633
injected,sj01_local_press_hpa__fall,0.5,15.0,5,False,True,0,False,,sj01_local_press_hpa__fall,0.0063629150390625
injected,sj01_local_press_hpa__fall,0.5,15.0,6,False,True,0,False,,sj01_local_press_hpa__fall,0.002171754837036133
injected,sj01_local_press_hpa__fall,0.5,15.0,7,False,False,0,False,,cu01_local_hum_avg_pct__rise,0.0067654934246093035
injected,sj01_local_press_hpa__fall,0.5,15.0,8,False,False,0,False,,cu01_local_temp_avg_c__rise,0.0064697265625
injected,sj01_local_press_hpa__fall,0.5,15.0,9,True,True,1,False,sj01_local_press_hpa__fall,sj01_local_press_hpa__fall,0.001299738883972168
injected,sj01_local_press_hpa__fall,0.5,15.0,10,False,True,0,False,,sj01_local_press_hpa__fall,0.0046776533126831055
injected,sj01_local_press_hpa__fall,0.5,15.0,11,False,True,0,False,,sj01_local_press_hpa__fall,0.0046776533126831055
injected,sj01_local_press_hpa__fall,0.5,15.0,12,False,True,0,False,,sj01_local_press_hpa__fall,0.003305375576019287
injected,sj01_local_press_hpa__fall,0.5,15.0,13,False,False,0,False,,cu01_local_temp_avg_c__rise,0.0064697265625
injected,sj01_local_press_hpa__fall,0.5,15.0,14,False,False,0,False,,cu01_local_hum_avg_pct__rise,0.010030803503468633
injected,sj01_local_press_hpa__fall,0.5,15.0,15,False,False,0,False,,cu01_local_temp_avg_c__rise,0.0064697265625
injected,sj01_local_press_hpa__fall,0.5,15.0,16,False,False,0,False,,cu01_local_hum_avg_pct__rise,0.021386972628533847
injected,sj01_local_press_hpa__fall,0.5,15.0,17,False,False,0,False,,cu01_local_temp_avg_c__rise,0.0064697265625
injected,sj01_local_press_hpa__fall,0.5,15.0,18,True,True,1,False,sj01_local_press_hpa__fall,sj01_local_press_hpa__fall,0.0012884140014648438
injected,sj01_local_press_hpa__fall,0.5,15.0,19,False,False,0,False,,cu01_local_hum_avg_pct__rise,0.01754101668484509
injected,sj01_local_press_hpa__fall,0.5,15.0,20,False,False,0,False,,cu01_local_temp_avg_c__rise,0.0064697265625
injected,sj01_local_press_hpa__fall,0.5,15.0,21,False,True,0,False,,sj01_local_press_hpa__fall,0.005311012268066406
injected,sj01_local_press_hpa__fall,0.5,15.0,22,False,True,0,False,,sj01_local_press_hpa__fall,0.00845026969909668
injected,sj01_local_press_hpa__fall,0.5,15.0,23,False,True,0,False,,sj01_local_press_hpa__fall,0.002171754837036133
injected,sj01_local_press_hpa__fall,0.5,15.0,24,False,False,0,False,,cu01_local_hum_avg_pct__rise,0.020479795755818493
injected,sj01_local_press_hpa__fall,0.5,15.0,25,False,False,0,False,,cu01_local_hum_avg_pct__rise,0.01754101668484509
injected,sj01_local_press_hpa__fall,0.5,15.0,26,False,True,0,False,,sj01_local_press_hpa__fall,0.003305375576019287
injected,sj01_local_press_hpa__fall,0.5,15.0,27,False,False,0,False,,cu01_local_temp_avg_c__rise,0.01123046875
injected,sj01_local_press_hpa__fall,0.5,15.0,28,False,False,0,False,,cu01_local_hum_avg_pct__rise,0.008062400855123998
injected,sj01_local_press_hpa__fall,0.5,15.0,29,False,True,0,False,,sj01_local_press_hpa__fall,0.0035986900329589844
injected,sj01_local_press_hpa__fall,0.5,15.0,30,True,True,1,False,sj01_local_press_hpa__fall,sj01_local_press_hpa__fall,0.00020122528076171875
injected,sj01_local_press_hpa__fall,0.5,15.0,31,False,False,0,False,,cu01_local_hum_avg_pct__rise,0.012153255054727197
injected,sj01_local_press_hpa__fall,0.5,15.0,32,False,True,0,False,,sj01_local_press_hpa__fall,0.00845026969909668
injected,sj01_local_press_hpa__fall,0.5,15.0,33,False,True,0,False,,sj01_local_press_hpa__fall,0.013301849365234375
injected,sj01_local_press_hpa__fall,0.5,15.0,34,False,False,0,False,,cu01_local_temp_avg_c__rise,0.01123046875
injected,sj01_local_press_hpa__fall,0.5,15.0,35,False,True,0,False,,sj01_local_press_hpa__fall,0.00845026969909668
injected,sj01_local_press_hpa__fall,0.5,15.0,36,False,True,0,False,,sj01_local_press_hpa__fall,0.002171754837036133
injected,sj01_local_press_hpa__fall,0.5,15.0,37,False,False,0,False,,cu01_local_hum_avg_pct__rise,0.012153255054727197
injected,sj01_local_press_hpa__fall,0.5,15.0,38,False,True,0,False,,sj01_local_press_hpa__fall,0.003305375576019287
injected,sj01_local_press_hpa__fall,0.5,15.0,39,False,True,0,False,,sj01_local_press_hpa__fall,0.0035986900329589844
injected,sj01_local_press_hpa__fall,0.5,15.0,40,False,True,0,False,,sj01_local_press_hpa__fall,0.00845026969909668
injected,sj01_local_press_hpa__fall,0.5,15.0,41,True,True,1,False,sj01_local_press_hpa__fall,sj01_local_press_hpa__fall,0.0012884140014648438
injected,sj01_local_press_hpa__fall,0.5,15.0,42,False,False,0,False,,cu01_local_temp_avg_c__rise,0.017578125
injected,sj01_local_press_hpa__fall,0.5,15.0,43,True,True,1,False,sj01_local_press_hpa__fall,sj01_local_press_hpa__fall,0.0007448196411132812
injected,sj01_local_press_hpa__fall,0.5,15.0,44,False,False,0,False,,cu01_local_hum_avg_pct__rise,0.008062400855123998
injected,sj01_local_press_hpa__fall,0.5,15.0,45,False,True,0,False,,sj01_local_press_hpa__fall,0.0035986900329589844
injected,sj01_local_press_hpa__fall,0.5,15.0,46,False,False,0,False,,cu01_local_hum_avg_pct__rise,0.020479795755818493
injected,sj01_local_press_hpa__fall,0.5,15.0,47,False,False,0,False,,cu01_local_hum_avg_pct__rise,0.014724686741828918
injected,sj01_local_press_hpa__fall,0.5,15.0,48,False,True,0,False,,sj01_local_press_hpa__fall,0.005908966064453125
injected,sj01_local_press_hpa__fall,0.5,15.0,49,False,True,0,False,,sj01_local_press_hpa__fall,0.00845026969909668
injected,sj01_local_press_hpa__fall,0.5,30.0,0,False,False,0,False,,cu01_local_hum_avg_pct__rise,0.004065029323101044
injected,sj01_local_press_hpa__fall,0.5,30.0,1,False,True,0,False,,sj01_local_press_hpa__fall,0.005908966064453125
injected,sj01_local_press_hpa__fall,0.5,30.0,2,False,False,0,False,,cu01_local_hum_avg_pct__rise,0.006270475685596466
injected,sj01_local_press_hpa__fall,0.5,30.0,3,False,True,0,False,,sj01_local_press_hpa__fall,0.005908966064453125
injected,sj01_local_press_hpa__fall,0.5,30.0,4,False,False,0,False,,cu01_local_hum_avg_pct__rise,0.01205977238714695
injected,sj01_local_press_hpa__fall,0.5,30.0,5,False,True,0,False,,sj01_local_press_hpa__fall,0.0022125244140625
injected,sj01_local_press_hpa__fall,0.5,30.0,6,False,True,0,False,,sj01_local_press_hpa__fall,0.005908966064453125
injected,sj01_local_press_hpa__fall,0.5,30.0,7,False,True,0,False,,sj01_local_press_hpa__fall,0.0035986900329589844
injected,sj01_local_press_hpa__fall,0.5,30.0,8,False,False,0,False,,cu01_local_hum_avg_pct__rise,0.0026114396750926976
injected,sj01_local_press_hpa__fall,0.5,30.0,9,False,True,0,False,,sj01_local_press_hpa__fall,0.0022125244140625
injected,sj01_local_press_hpa__fall,0.5,30.0,10,False,True,0,False,,sj01_local_press_hpa__fall,0.002171754837036133
injected,sj01_local_press_hpa__fall,0.5,30.0,11,False,True,0,False,,sj01_local_press_hpa__fall,0.005908966064453125
injected,sj01_local_press_hpa__fall,0.5,30.0,12,False,True,0,False,,sj01_local_press_hpa__fall,0.01734483242034912
injected,sj01_local_press_hpa__fall,0.5,30.0,13,False,True,0,False,,sj01_local_press_hpa__fall,0.00960540771484375
injected,sj01_local_press_hpa__fall,0.5,30.0,14,False,False,0,False,,cu01_local_hum_avg_pct__rise,0.01205977238714695
injected,sj01_local_press_hpa__fall,0.5,30.0,15,False,True,0,False,,sj01_local_press_hpa__fall,0.00845026969909668
injected,sj01_local_press_hpa__fall,0.5,30.0,16,False,True,0,False,,sj01_local_press_hpa__fall,0.0035986900329589844
injected,sj01_local_press_hpa__fall,0.5,30.0,17,False,True,0,False,,sj01_local_press_hpa__fall,0.00960540771484375
injected,sj01_local_press_hpa__fall,0.5,30.0,18,False,True,0,False,,sj01_local_press_hpa__fall,0.0022125244140625
injected,sj01_local_press_hpa__fall,0.5,30.0,19,False,False,0,False,,cu01_local_hum_avg_pct__rise,0.01205977238714695
injected,sj01_local_press_hpa__fall,0.5,30.0,20,False,False,0,False,,cu01_local_hum_avg_pct__rise,0.005336920265108347
injected,sj01_local_press_hpa__fall,0.5,30.0,21,False,True,0,False,,sj01_local_press_hpa__fall,0.0035986900329589844
injected,sj01_local_press_hpa__fall,0.5,30.0,22,False,False,0,False,,cu01_local_hum_avg_pct__rise,0.006270475685596466
injected,sj01_local_press_hpa__fall,0.5,30.0,23,False,True,0,False,,sj01_local_press_hpa__fall,0.0035986900329589844
injected,sj01_local_press_hpa__fall,0.5,30.0,24,False,False,0,False,,cu01_local_hum_avg_pct__rise,0.005336920265108347
injected,sj01_local_press_hpa__fall,0.5,30.0,25,False,False,0,False,,cu01_local_hum_avg_pct__rise,0.008062400855123998
injected,sj01_local_press_hpa__fall,0.5,30.0,26,False,True,0,False,,sj01_local_press_hpa__fall,0.011327922344207764
injected,sj01_local_press_hpa__fall,0.5,30.0,27,False,False,0,False,,cu01_local_hum_avg_pct__rise,0.004065029323101044
injected,sj01_local_press_hpa__fall,0.5,30.0,28,False,True,0,False,,sj01_local_press_hpa__fall,0.005311012268066406
injected,sj01_local_press_hpa__fall,0.5,30.0,29,False,True,0,False,,sj01_local_press_hpa__fall,0.002171754837036133
injected,sj01_local_press_hpa__fall,0.5,30.0,30,False,False,0,False,,cu01_local_hum_avg_pct__rise,0.01205977238714695
injected,sj01_local_press_hpa__fall,0.5,30.0,31,False,False,0,False,,cu01_local_hum_avg_pct__rise,0.008062400855123998
injected,sj01_local_press_hpa__fall,0.5,30.0,32,False,True,0,False,,sj01_local_press_hpa__fall,0.002171754837036133
injected,sj01_local_press_hpa__fall,0.5,30.0,33,False,False,0,False,,cu01_local_hum_avg_pct__rise,0.004065029323101044
injected,sj01_local_press_hpa__fall,0.5,30.0,34,False,False,0,False,,cu01_local_hum_avg_pct__rise,0.0026114396750926976
injected,sj01_local_press_hpa__fall,0.5,30.0,35,False,True,0,False,,sj01_local_press_hpa__fall,0.0035986900329589844
injected,sj01_local_press_hpa__fall,0.5,30.0,36,False,True,0,False,,sj01_local_press_hpa__fall,0.0035986900329589844
injected,sj01_local_press_hpa__fall,0.5,30.0,37,False,False,0,False,,cu01_local_hum_avg_pct__rise,0.010030803503468633
injected,sj01_local_press_hpa__fall,0.5,30.0,38,False,True,0,False,,sj01_local_press_hpa__fall,0.005311012268066406
injected,sj01_local_press_hpa__fall,0.5,30.0,39,False,True,0,False,,sj01_local_press_hpa__fall,0.002171754837036133
injected,sj01_local_press_hpa__fall,0.5,30.0,40,False,True,0,False,,sj01_local_press_hpa__fall,0.013301849365234375
injected,sj01_local_press_hpa__fall,0.5,30.0,41,False,True,0,False,,sj01_local_press_hpa__fall,0.0035986900329589844
injected,sj01_local_press_hpa__fall,0.5,30.0,42,False,True,0,False,,sj01_local_press_hpa__fall,0.0035986900329589844
injected,sj01_local_press_hpa__fall,0.5,30.0,43,False,True,0,False,,sj01_local_press_hpa__fall,0.005908966064453125
injected,sj01_local_press_hpa__fall,0.5,30.0,44,False,False,0,False,,cu01_local_hum_avg_pct__rise,0.006270475685596466
injected,sj01_local_press_hpa__fall,0.5,30.0,45,False,True,0,False,,sj01_local_press_hpa__fall,0.00960540771484375
injected,sj01_local_press_hpa__fall,0.5,30.0,46,False,False,0,False,,cu01_local_hum_avg_pct__rise,0.010030803503468633
injected,sj01_local_press_hpa__fall,0.5,30.0,47,False,True,0,False,,sj01_local_press_hpa__fall,0.005311012268066406
injected,sj01_local_press_hpa__fall,0.5,30.0,48,False,False,0,False,,cu01_local_hum_avg_pct__rise,0.008062400855123998
injected,sj01_local_press_hpa__fall,0.5,30.0,49,False,True,0,False,,sj01_local_press_hpa__fall,0.003305375576019287
injected,sj01_local_press_hpa__fall,0.5,60.0,0,False,True,0,False,,sj01_local_press_hpa__fall,0.013301849365234375
injected,sj01_local_press_hpa__fall,0.5,60.0,1,False,False,0,False,,sj01_local_wind_speed_ms__rise,0.01544189453125
injected,sj01_local_press_hpa__fall,0.5,60.0,2,False,False,0,False,,sj01_local_wind_speed_ms__rise,0.01544189453125
injected,sj01_local_press_hpa__fall,0.5,60.0,3,False,False,0,False,,sj01_local_wind_speed_ms__rise,0.00960540771484375
injected,sj01_local_press_hpa__fall,0.5,60.0,4,False,False,0,False,,sj01_local_wind_speed_ms__rise,0.01544189453125
injected,sj01_local_press_hpa__fall,0.5,60.0,5,False,True,0,False,,sj01_local_press_hpa__fall,0.0107421875
injected,sj01_local_press_hpa__fall,0.5,60.0,6,False,False,0,False,,sj01_local_wind_speed_ms__rise,0.0317840576171875
injected,sj01_local_press_hpa__fall,0.5,60.0,7,False,False,0,False,,cu01_local_hum_avg_pct__rise,0.021386972628533847
injected,sj01_local_press_hpa__fall,0.5,60.0,8,False,False,0,False,,sj01_local_wind_speed_ms__rise,0.00960540771484375
injected,sj01_local_press_hpa__fall,0.5,60.0,9,False,True,0,False,,sj01_local_press_hpa__fall,0.020694732666015625
injected,sj01_local_press_hpa__fall,0.5,60.0,10,False,True,0,False,,sj01_local_press_hpa__fall,0.013301849365234375
injected,sj01_local_press_hpa__fall,0.5,60.0,11,False,False,0,False,,sj01_local_wind_speed_ms__rise,0.00960540771484375
injected,sj01_local_press_hpa__fall,0.5,60.0,12,False,False,0,False,,cu01_local_hum_avg_pct__rise,0.014724686741828918
injected,sj01_local_press_hpa__fall,0.5,60.0,13,False,False,0,False,,sj01_local_wind_speed_ms__rise,0.01544189453125
injected,sj01_local_press_hpa__fall,0.5,60.0,14,False,False,0,False,,sj01_local_wind_speed_ms__rise,0.00960540771484375
injected,sj01_local_press_hpa__fall,0.5,60.0,15,False,False,0,False,,cu01_local_hum_avg_pct__rise,0.017849069088697433
injected,sj01_local_press_hpa__fall,0.5,60.0,16,False,True,0,False,,sj01_local_press_hpa__fall,0.0107421875
injected,sj01_local_press_hpa__fall,0.5,60.0,17,False,True,0,False,,sj01_local_press_hpa__fall,0.03917694091796875
injected,sj01_local_press_hpa__fall,0.5,60.0,18,False,True,0,False,,sj01_local_press_hpa__fall,0.020694732666015625
injected,sj01_local_press_hpa__fall,0.5,60.0,19,False,False,0,False,,sj01_local_wind_speed_ms__rise,0.01544189453125
injected,sj01_local_press_hpa__fall,0.5,60.0,20,False,False,0,False,,sj01_local_wind_speed_ms__rise,0.00960540771484375
injected,sj01_local_press_hpa__fall,0.5,60.0,21,False,True,0,False,,sj01_local_press_hpa__fall,0.03917694091796875
injected,sj01_local_press_hpa__fall,0.5,60.0,22,False,False,0,False,,sj01_local_wind_speed_ms__rise,0.01544189453125
injected,sj01_local_press_hpa__fall,0.5,60.0,23,False,False,0,False,,cu01_local_hum_avg_pct__rise,0.021642625331878662
injected,sj01_local_press_hpa__fall,0.5,60.0,24,False,False,0,False,,cu01_local_hum_avg_pct__rise,0.010030803503468633
injected,sj01_local_press_hpa__fall,0.5,60.0,25,False,False,0,False,,sj01_local_wind_speed_ms__rise,0.00960540771484375
injected,sj01_local_press_hpa__fall,0.5,60.0,26,False,True,0,False,,sj01_local_press_hpa__fall,0.013301849365234375
injected,sj01_local_press_hpa__fall,0.5,60.0,27,False,False,0,False,,sj01_local_wind_speed_ms__rise,0.00960540771484375
injected,sj01_local_press_hpa__fall,0.5,60.0,28,False,False,0,False,,sj01_local_wind_speed_ms__rise,0.00960540771484375
injected,sj01_local_press_hpa__fall,0.5,60.0,29,False,True,0,False,,sj01_local_press_hpa__fall,0.013301849365234375
injected,sj01_local_press_hpa__fall,0.5,60.0,30,False,True,0,False,,sj01_local_press_hpa__fall,0.0107421875
injected,sj01_local_press_hpa__fall,0.5,60.0,31,False,False,0,False,,cu01_local_hum_avg_pct__rise,0.014479637145996094
injected,sj01_local_press_hpa__fall,0.5,60.0,32,False,False,0,False,,sj01_local_wind_speed_ms__rise,0.00960540771484375
injected,sj01_local_press_hpa__fall,0.5,60.0,33,False,False,0,False,,sj01_local_wind_speed_ms__rise,0.013301849365234375
injected,sj01_local_press_hpa__fall,0.5,60.0,34,False,False,0,False,,sj01_local_wind_speed_ms__rise,0.00960540771484375
injected,sj01_local_press_hpa__fall,0.5,60.0,35,False,True,0,False,,sj01_local_press_hpa__fall,0.013301849365234375
injected,sj01_local_press_hpa__fall,0.5,60.0,36,False,True,0,False,,sj01_local_press_hpa__fall,0.0107421875
injected,sj01_local_press_hpa__fall,0.5,60.0,37,False,False,0,False,,sj01_local_wind_speed_ms__rise,0.00960540771484375
injected,sj01_local_press_hpa__fall,0.5,60.0,38,False,True,0,False,,sj01_local_press_hpa__fall,0.0107421875
injected,sj01_local_press_hpa__fall,0.5,60.0,39,False,False,0,False,,sj01_local_wind_speed_ms__rise,0.00960540771484375
injected,sj01_local_press_hpa__fall,0.5,60.0,40,False,False,0,False,,sj01_local_wind_speed_ms__rise,0.01544189453125
injected,sj01_local_press_hpa__fall,0.5,60.0,41,False,False,0,False,,sj01_local_wind_speed_ms__rise,0.01544189453125
injected,sj01_local_press_hpa__fall,0.5,60.0,42,False,False,0,False,,sj01_local_wind_speed_ms__rise,0.00960540771484375
injected,sj01_local_press_hpa__fall,0.5,60.0,43,False,False,0,False,,sj01_local_wind_speed_ms__rise,0.00960540771484375
injected,sj01_local_press_hpa__fall,0.5,60.0,44,False,False,0,False,,sj01_local_wind_speed_ms__rise,0.00960540771484375
injected,sj01_local_press_hpa__fall,0.5,60.0,45,False,False,0,False,,sj01_local_wind_speed_ms__rise,0.01544189453125
injected,sj01_local_press_hpa__fall,0.5,60.0,46,False,False,0,False,,sj01_local_wind_speed_ms__rise,0.00960540771484375
injected,sj01_local_press_hpa__fall,0.5,60.0,47,False,False,0,False,,sj01_local_wind_speed_ms__rise,0.00960540771484375
injected,sj01_local_press_hpa__fall,0.5,60.0,48,False,False,0,False,,cu01_local_hum_avg_pct__rise,0.021386972628533847
injected,sj01_local_press_hpa__fall,0.5,60.0,49,False,False,0,False,,cu01_local_hum_avg_pct__rise,0.017849069088697433
injected,sj01_local_press_hpa__fall,1.0,15.0,0,True,True,1,False,sj01_local_press_hpa__fall,sj01_local_press_hpa__fall,0.0004277229309082031
injected,sj01_local_press_hpa__fall,1.0,15.0,1,True,True,1,False,sj01_local_press_hpa__fall,sj01_local_press_hpa__fall,0.000244140625
injected,sj01_local_press_hpa__fall,1.0,15.0,2,True,True,1,False,sj01_local_press_hpa__fall,sj01_local_press_hpa__fall,0.0004277229309082031
injected,sj01_local_press_hpa__fall,1.0,15.0,3,True,True,1,False,sj01_local_press_hpa__fall,sj01_local_press_hpa__fall,9.715557098388672e-06
injected,sj01_local_press_hpa__fall,1.0,15.0,4,True,True,1,False,sj01_local_press_hpa__fall,sj01_local_press_hpa__fall,0.0004552602767944336
injected,sj01_local_press_hpa__fall,1.0,15.0,5,True,True,1,False,sj01_local_press_hpa__fall,sj01_local_press_hpa__fall,4.76837158203125e-07
injected,sj01_local_press_hpa__fall,1.0,15.0,6,True,True,1,False,sj01_local_press_hpa__fall,sj01_local_press_hpa__fall,1.7940998077392578e-05
injected,sj01_local_press_hpa__fall,1.0,15.0,7,True,True,1,False,sj01_local_press_hpa__fall,sj01_local_press_hpa__fall,0.0007154531776905061
injected,sj01_local_press_hpa__fall,1.0,15.0,8,False,True,0,False,,sj01_local_press_hpa__fall,0.0029623061418533325
injected,sj01_local_press_hpa__fall,1.0,15.0,9,True,True,1,False,sj01_local_press_hpa__fall,sj01_local_press_hpa__fall,9.715557098388672e-06
injected,sj01_local_press_hpa__fall,1.0,15.0,10,True,True,1,False,sj01_local_press_hpa__fall,sj01_local_press_hpa__fall,2.9738061130046848e-05
injected,sj01_local_press_hpa__fall,1.0,15.0,11,True,True,1,False,sj01_local_press_hpa__fall,sj01_local_press_hpa__fall,1.372024416923523e-05
injected,sj01_local_press_hpa__fall,1.0,15.0,12,True,True,1,False,sj01_local_press_hpa__fall,sj01_local_press_hpa__fall,7.826089859008789e-05
injected,sj01_local_press_hpa__fall,1.0,15.0,13,True,True,1,False,sj01_local_press_hpa__fall,sj01_local_press_hpa__fall,4.398822784423828e-05
injected,sj01_local_press_hpa__fall,1.0,15.0,14,False,True,0,False,,sj01_local_press_hpa__fall,0.005311012268066406
injected,sj01_local_press_hpa__fall,1.0,15.0,15,True,True,1,False,sj01_local_press_hpa__fall,sj01_local_press_hpa__fall,0.0007154531776905061
injected,sj01_local_press_hpa__fall,1.0,15.0,16,True,True,1,False,sj01_local_press_hpa__fall,sj01_local_press_hpa__fall,0.0007448196411132812
injected,sj01_local_press_hpa__fall,1.0,15.0,17,False,True,0,False,,sj01_local_press_hpa__fall,0.0022125244140625
injected,sj01_local_press_hpa__fall,1.0,15.0,18,True,True,1,False,sj01_local_press_hpa__fall,sj01_local_press_hpa__fall,9.715557098388672e-06
injected,sj01_local_press_hpa__fall,1.0,15.0,19,True,True,1,False,sj01_local_press_hpa__fall,sj01_local_press_hpa__fall,0.000771939754486084
injected,sj01_local_press_hpa__fall,1.0,15.0,20,True,True,1,False,sj01_local_press_hpa__fall,sj01_local_press_hpa__fall,0.00026676058769226074
injected,sj01_local_press_hpa__fall,1.0,15.0,21,True,True,1,False,sj01_local_press_hpa__fall,sj01_local_press_hpa__fall,5.245208740234375e-06
injected,sj01_local_press_hpa__fall,1.0,15.0,22,True,True,1,False,sj01_local_press_hpa__fall,sj01_local_press_hpa__fall,3.3020973205566406e-05
injected,sj01_local_press_hpa__fall,1.0,15.0,23,True,True,1,False,sj01_local_press_hpa__fall,sj01_local_press_hpa__fall,1.4901161193847656e-06
injected,sj01_local_press_hpa__fall,1.0,15.0,24,False,True,0,False,,sj01_local_press_hpa__fall,0.0020386576652526855
injected,sj01_local_press_hpa__fall,1.0,15.0,25,True,True,1,False,sj01_local_press_hpa__fall,sj01_local_press_hpa__fall,0.001299738883972168
injected,sj01_local_press_hpa__fall,1.0,15.0,26,True,True,1,False,sj01_local_press_hpa__fall,sj01_local_press_hpa__fall,8.999556303024292e-05
injected,sj01_local_press_hpa__fall,1.0,15.0,27,True,True,1,False,sj01_local_press_hpa__fall,sj01_local_press_hpa__fall,0.000244140625
injected,sj01_local_press_hpa__fall,1.0,15.0,28,True,True,1,False,sj01_local_press_hpa__fall,sj01_local_press_hpa__fall,0.0004277229309082031
injected,sj01_local_press_hpa__fall,1.0,15.0,29,True,True,1,False,sj01_local_press_hpa__fall,sj01_local_press_hpa__fall,1.7940998077392578e-05
injected,sj01_local_press_hpa__fall,1.0,15.0,30,True,True,1,False,sj01_local_press_hpa__fall,sj01_local_press_hpa__fall,5.960464477539063e-08
injected,sj01_local_press_hpa__fall,1.0,15.0,31,True,True,1,False,sj01_local_press_hpa__fall,sj01_local_press_hpa__fall,7.826089859008789e-05
injected,sj01_local_press_hpa__fall,1.0,15.0,32,True,True,1,False,sj01_local_press_hpa__fall,sj01_local_press_hpa__fall,6.0558319091796875e-05
injected,sj01_local_press_hpa__fall,1.0,15.0,33,True,True,1,False,sj01_local_press_hpa__fall,sj01_local_press_hpa__fall,0.0001385807991027832
injected,sj01_local_press_hpa__fall,1.0,15.0,34,True,True,1,False,sj01_local_press_hpa__fall,sj01_local_press_hpa__fall,0.000771939754486084
injected,sj01_local_press_hpa__fall,1.0,15.0,35,True,True,1,False,sj01_local_press_hpa__fall,sj01_local_press_hpa__fall,3.3020973205566406e-05
injected,sj01_local_press_hpa__fall,1.0,15.0,36,True,True,1,False,sj01_local_press_hpa__fall,sj01_local_press_hpa__fall,5.245208740234375e-06
injected,sj01_local_press_hpa__fall,1.0,15.0,37,False,True,0,False,,sj01_local_press_hpa__fall,0.0046776533126831055
injected,sj01_local_press_hpa__fall,1.0,15.0,38,True,True,1,False,sj01_local_press_hpa__fall,sj01_local_press_hpa__fall,1.372024416923523e-05
injected,sj01_local_press_hpa__fall,1.0,15.0,39,True,True,1,False,sj01_local_press_hpa__fall,sj01_local_press_hpa__fall,1.7940998077392578e-05
injected,sj01_local_press_hpa__fall,1.0,15.0,40,True,True,1,False,sj01_local_press_hpa__fall,sj01_local_press_hpa__fall,7.826089859008789e-05
injected,sj01_local_press_hpa__fall,1.0,15.0,41,True,True,1,False,sj01_local_press_hpa__fall,sj01_local_press_hpa__fall,1.4901161193847656e-06
injected,sj01_local_press_hpa__fall,1.0,15.0,42,True,True,1,False,sj01_local_press_hpa__fall,sj01_local_press_hpa__fall,0.000244140625
injected,sj01_local_press_hpa__fall,1.0,15.0,43,True,True,1,False,sj01_local_press_hpa__fall,sj01_local_press_hpa__fall,3.3020973205566406e-05
injected,sj01_local_press_hpa__fall,1.0,15.0,44,False,True,0,False,,sj01_local_press_hpa__fall,0.003305375576019287
injected,sj01_local_press_hpa__fall,1.0,15.0,45,True,True,1,False,sj01_local_press_hpa__fall,sj01_local_press_hpa__fall,2.86102294921875e-06
injected,sj01_local_press_hpa__fall,1.0,15.0,46,True,True,1,False,sj01_local_press_hpa__fall,sj01_local_press_hpa__fall,0.001299738883972168
injected,sj01_local_press_hpa__fall,1.0,15.0,47,True,True,1,False,sj01_local_press_hpa__fall,sj01_local_press_hpa__fall,0.001299738883972168
injected,sj01_local_press_hpa__fall,1.0,15.0,48,True,True,1,False,sj01_local_press_hpa__fall,sj01_local_press_hpa__fall,2.002716064453125e-05
injected,sj01_local_press_hpa__fall,1.0,15.0,49,True,True,1,False,sj01_local_press_hpa__fall,sj01_local_press_hpa__fall,3.3020973205566406e-05
injected,sj01_local_press_hpa__fall,1.0,30.0,0,True,True,1,False,sj01_local_press_hpa__fall,sj01_local_press_hpa__fall,0.0004277229309082031
injected,sj01_local_press_hpa__fall,1.0,30.0,1,True,True,1,False,sj01_local_press_hpa__fall,sj01_local_press_hpa__fall,0.000771939754486084
injected,sj01_local_press_hpa__fall,1.0,30.0,2,True,True,1,False,sj01_local_press_hpa__fall,sj01_local_press_hpa__fall,0.0012884140014648438
injected,sj01_local_press_hpa__fall,1.0,30.0,3,True,True,1,False,sj01_local_press_hpa__fall,sj01_local_press_hpa__fall,0.000110626220703125
injected,sj01_local_press_hpa__fall,1.0,30.0,4,False,True,0,False,,sj01_local_press_hpa__fall,0.002171754837036133
injected,sj01_local_press_hpa__fall,1.0,30.0,5,True,True,1,False,sj01_local_press_hpa__fall,sj01_local_press_hpa__fall,3.814697265625e-05
injected,sj01_local_press_hpa__fall,1.0,30.0,6,True,True,1,False,sj01_local_press_hpa__fall,sj01_local_press_hpa__fall,0.000244140625
injected,sj01_local_press_hpa__fall,1.0,30.0,7,True,True,1,False,sj01_local_press_hpa__fall,sj01_local_press_hpa__fall,0.000244140625
injected,sj01_local_press_hpa__fall,1.0,30.0,8,False,False,0,False,,cu01_local_hum_avg_pct__rise,0.005336920265108347
injected,sj01_local_press_hpa__fall,1.0,30.0,9,True,True,1,False,sj01_local_press_hpa__fall,sj01_local_press_hpa__fall,1.049041748046875e-05
injected,sj01_local_press_hpa__fall,1.0,30.0,10,True,True,1,False,sj01_local_press_hpa__fall,sj01_local_press_hpa__fall,7.826089859008789e-05
injected,sj01_local_press_hpa__fall,1.0,30.0,11,True,True,1,False,sj01_local_press_hpa__fall,sj01_local_press_hpa__fall,6.0558319091796875e-05
injected,sj01_local_press_hpa__fall,1.0,30.0,12,False,True,0,False,,sj01_local_press_hpa__fall,0.0020386576652526855
injected,sj01_local_press_hpa__fall,1.0,30.0,13,True,True,1,False,sj01_local_press_hpa__fall,sj01_local_press_hpa__fall,0.0004277229309082031
injected,sj01_local_press_hpa__fall,1.0,30.0,14,False,True,0,False,,sj01_local_press_hpa__fall,0.002171754837036133
injected,sj01_local_press_hpa__fall,1.0,30.0,15,True,True,1,False,sj01_local_press_hpa__fall,sj01_local_press_hpa__fall,0.000244140625
injected,sj01_local_press_hpa__fall,1.0,30.0,16,True,True,1,False,sj01_local_press_hpa__fall,sj01_local_press_hpa__fall,0.0004277229309082031
injected,sj01_local_press_hpa__fall,1.0,30.0,17,True,True,1,False,sj01_local_press_hpa__fall,sj01_local_press_hpa__fall,0.0012884140014648438
injected,sj01_local_press_hpa__fall,1.0,30.0,18,True,True,1,False,sj01_local_press_hpa__fall,sj01_local_press_hpa__fall,2.002716064453125e-05
injected,sj01_local_press_hpa__fall,1.0,30.0,19,False,True,0,False,,sj01_local_press_hpa__fall,0.0020386576652526855
injected,sj01_local_press_hpa__fall,1.0,30.0,20,False,True,0,False,,sj01_local_press_hpa__fall,0.0020386576652526855
injected,sj01_local_press_hpa__fall,1.0,30.0,21,True,True,1,False,sj01_local_press_hpa__fall,sj01_local_press_hpa__fall,0.000771939754486084
injected,sj01_local_press_hpa__fall,1.0,30.0,22,True,True,1,False,sj01_local_press_hpa__fall,sj01_local_press_hpa__fall,0.00020122528076171875
injected,sj01_local_press_hpa__fall,1.0,30.0,23,True,True,1,False,sj01_local_press_hpa__fall,sj01_local_press_hpa__fall,0.000110626220703125
injected,sj01_local_press_hpa__fall,1.0,30.0,24,False,True,0,False,,sj01_local_press_hpa__fall,0.014479637145996094
injected,sj01_local_press_hpa__fall,1.0,30.0,25,False,True,0,False,,sj01_local_press_hpa__fall,0.003305375576019287
injected,sj01_local_press_hpa__fall,1.0,30.0,26,True,True,1,False,sj01_local_press_hpa__fall,sj01_local_press_hpa__fall,0.00026676058769226074
injected,sj01_local_press_hpa__fall,1.0,30.0,27,True,True,1,False,sj01_local_press_hpa__fall,sj01_local_press_hpa__fall,0.0003643035888671875
injected,sj01_local_press_hpa__fall,1.0,30.0,28,True,True,1,False,sj01_local_press_hpa__fall,sj01_local_press_hpa__fall,0.000244140625
injected,sj01_local_press_hpa__fall,1.0,30.0,29,True,True,1,False,sj01_local_press_hpa__fall,sj01_local_press_hpa__fall,0.0001385807991027832
injected,sj01_local_press_hpa__fall,1.0,30.0,30,True,True,1,False,sj01_local_press_hpa__fall,sj01_local_press_hpa__fall,0.000244140625
injected,sj01_local_press_hpa__fall,1.0,30.0,31,True,True,1,False,sj01_local_press_hpa__fall,sj01_local_press_hpa__fall,0.000110626220703125
injected,sj01_local_press_hpa__fall,1.0,30.0,32,True,True,1,False,sj01_local_press_hpa__fall,sj01_local_press_hpa__fall,6.0558319091796875e-05
injected,sj01_local_press_hpa__fall,1.0,30.0,33,False,True,0,False,,sj01_local_press_hpa__fall,0.0046776533126831055
injected,sj01_local_press_hpa__fall,1.0,30.0,34,False,True,0,False,,sj01_local_press_hpa__fall,0.00845026969909668
injected,sj01_local_press_hpa__fall,1.0,30.0,35,True,True,1,False,sj01_local_press_hpa__fall,sj01_local_press_hpa__fall,0.00020122528076171875
injected,sj01_local_press_hpa__fall,1.0,30.0,36,True,True,1,False,sj01_local_press_hpa__fall,sj01_local_press_hpa__fall,0.0001385807991027832
injected,sj01_local_press_hpa__fall,1.0,30.0,37,False,True,0,False,,sj01_local_press_hpa__fall,0.003305375576019287
injected,sj01_local_press_hpa__fall,1.0,30.0,38,True,True,1,False,sj01_local_press_hpa__fall,sj01_local_press_hpa__fall,0.0004552602767944336
injected,sj01_local_press_hpa__fall,1.0,30.0,39,True,True,1,False,sj01_local_press_hpa__fall,sj01_local_press_hpa__fall,6.0558319091796875e-05
injected,sj01_local_press_hpa__fall,1.0,30.0,40,True,True,1,False,sj01_local_press_hpa__fall,sj01_local_press_hpa__fall,0.001299738883972168
injected,sj01_local_press_hpa__fall,1.0,30.0,41,True,True,1,False,sj01_local_press_hpa__fall,sj01_local_press_hpa__fall,0.000110626220703125
injected,sj01_local_press_hpa__fall,1.0,30.0,42,True,True,1,False,sj01_local_press_hpa__fall,sj01_local_press_hpa__fall,0.0001385807991027832
injected,sj01_local_press_hpa__fall,1.0,30.0,43,True,True,1,False,sj01_local_press_hpa__fall,sj01_local_press_hpa__fall,0.000110626220703125
injected,sj01_local_press_hpa__fall,1.0,30.0,44,False,False,0,False,,cu01_local_hum_avg_pct__rise,0.006270475685596466
injected,sj01_local_press_hpa__fall,1.0,30.0,45,True,True,1,False,sj01_local_press_hpa__fall,sj01_local_press_hpa__fall,0.0007448196411132812
injected,sj01_local_press_hpa__fall,1.0,30.0,46,True,True,1,False,sj01_local_press_hpa__fall,sj01_local_press_hpa__fall,0.001299738883972168
injected,sj01_local_press_hpa__fall,1.0,30.0,47,True,True,1,False,sj01_local_press_hpa__fall,sj01_local_press_hpa__fall,0.000244140625
injected,sj01_local_press_hpa__fall,1.0,30.0,48,True,True,1,False,sj01_local_press_hpa__fall,sj01_local_press_hpa__fall,0.0007448196411132812
injected,sj01_local_press_hpa__fall,1.0,30.0,49,True,True,1,False,sj01_local_press_hpa__fall,sj01_local_press_hpa__fall,0.000771939754486084
injected,sj01_local_press_hpa__fall,1.0,60.0,0,True,True,1,False,sj01_local_press_hpa__fall,sj01_local_press_hpa__fall,0.000110626220703125
injected,sj01_local_press_hpa__fall,1.0,60.0,1,True,True,1,False,sj01_local_press_hpa__fall,sj01_local_press_hpa__fall,0.001299738883972168
injected,sj01_local_press_hpa__fall,1.0,60.0,2,False,True,0,False,,sj01_local_press_hpa__fall,0.005908966064453125
injected,sj01_local_press_hpa__fall,1.0,60.0,3,True,True,1,False,sj01_local_press_hpa__fall,sj01_local_press_hpa__fall,0.000110626220703125
injected,sj01_local_press_hpa__fall,1.0,60.0,4,False,True,0,False,,sj01_local_press_hpa__fall,0.005311012268066406
injected,sj01_local_press_hpa__fall,1.0,60.0,5,True,True,1,False,sj01_local_press_hpa__fall,sj01_local_press_hpa__fall,7.2479248046875e-05
injected,sj01_local_press_hpa__fall,1.0,60.0,6,True,True,1,False,sj01_local_press_hpa__fall,sj01_local_press_hpa__fall,0.000110626220703125
injected,sj01_local_press_hpa__fall,1.0,60.0,7,True,True,1,False,sj01_local_press_hpa__fall,sj01_local_press_hpa__fall,0.000771939754486084
injected,sj01_local_press_hpa__fall,1.0,60.0,8,False,False,0,False,,sj01_local_wind_speed_ms__rise,0.00960540771484375
injected,sj01_local_press_hpa__fall,1.0,60.0,9,True,True,1,False,sj01_local_press_hpa__fall,sj01_local_press_hpa__fall,1.049041748046875e-05
injected,sj01_local_press_hpa__fall,1.0,60.0,10,True,True,1,False,sj01_local_press_hpa__fall,sj01_local_press_hpa__fall,3.3020973205566406e-05
injected,sj01_local_press_hpa__fall,1.0,60.0,11,True,True,1,False,sj01_local_press_hpa__fall,sj01_local_press_hpa__fall,6.0558319091796875e-05
injected,sj01_local_press_hpa__fall,1.0,60.0,12,True,True,1,False,sj01_local_press_hpa__fall,sj01_local_press_hpa__fall,0.000771939754486084
injected,sj01_local_press_hpa__fall,1.0,60.0,13,True,True,1,False,sj01_local_press_hpa__fall,sj01_local_press_hpa__fall,0.0007448196411132812
injected,sj01_local_press_hpa__fall,1.0,60.0,14,False,True,0,False,,sj01_local_press_hpa__fall,0.005311012268066406
injected,sj01_local_press_hpa__fall,1.0,60.0,15,True,True,1,False,sj01_local_press_hpa__fall,sj01_local_press_hpa__fall,0.001299738883972168
injected,sj01_local_press_hpa__fall,1.0,60.0,16,True,True,1,False,sj01_local_press_hpa__fall,sj01_local_press_hpa__fall,0.0007448196411132812
injected,sj01_local_press_hpa__fall,1.0,60.0,17,True,True,1,False,sj01_local_press_hpa__fall,sj01_local_press_hpa__fall,0.0003643035888671875
injected,sj01_local_press_hpa__fall,1.0,60.0,18,True,True,1,False,sj01_local_press_hpa__fall,sj01_local_press_hpa__fall,0.000110626220703125
injected,sj01_local_press_hpa__fall,1.0,60.0,19,False,True,0,False,,sj01_local_press_hpa__fall,0.003305375576019287
injected,sj01_local_press_hpa__fall,1.0,60.0,20,False,True,0,False,,sj01_local_press_hpa__fall,0.003305375576019287
injected,sj01_local_press_hpa__fall,1.0,60.0,21,True,True,1,False,sj01_local_press_hpa__fall,sj01_local_press_hpa__fall,0.0004277229309082031
injected,sj01_local_press_hpa__fall,1.0,60.0,22,True,True,1,False,sj01_local_press_hpa__fall,sj01_local_press_hpa__fall,0.00020122528076171875
injected,sj01_local_press_hpa__fall,1.0,60.0,23,True,True,1,False,sj01_local_press_hpa__fall,sj01_local_press_hpa__fall,0.00020122528076171875
injected,sj01_local_press_hpa__fall,1.0,60.0,24,False,False,0,False,,cu01_local_hum_avg_pct__rise,0.004520592745393515
injected,sj01_local_press_hpa__fall,1.0,60.0,25,False,True,0,False,,sj01_local_press_hpa__fall,0.003305375576019287
injected,sj01_local_press_hpa__fall,1.0,60.0,26,True,True,1,False,sj01_local_press_hpa__fall,sj01_local_press_hpa__fall,0.0001385807991027832
injected,sj01_local_press_hpa__fall,1.0,60.0,27,True,True,1,False,sj01_local_press_hpa__fall,sj01_local_press_hpa__fall,0.0006561279296875
injected,sj01_local_press_hpa__fall,1.0,60.0,28,True,True,1,False,sj01_local_press_hpa__fall,sj01_local_press_hpa__fall,0.0004277229309082031
injected,sj01_local_press_hpa__fall,1.0,60.0,29,True,True,1,False,sj01_local_press_hpa__fall,sj01_local_press_hpa__fall,0.000244140625
injected,sj01_local_press_hpa__fall,1.0,60.0,30,True,True,1,False,sj01_local_press_hpa__fall,sj01_local_press_hpa__fall,0.0004277229309082031
injected,sj01_local_press_hpa__fall,1.0,60.0,31,True,True,1,False,sj01_local_press_hpa__fall,sj01_local_press_hpa__fall,0.00020122528076171875
injected,sj01_local_press_hpa__fall,1.0,60.0,32,True,True,1,False,sj01_local_press_hpa__fall,sj01_local_press_hpa__fall,0.000110626220703125
injected,sj01_local_press_hpa__fall,1.0,60.0,33,False,True,0,False,,sj01_local_press_hpa__fall,0.007316648960113525
injected,sj01_local_press_hpa__fall,1.0,60.0,34,False,True,0,False,,sj01_local_press_hpa__fall,0.00845026969909668
injected,sj01_local_press_hpa__fall,1.0,60.0,35,True,True,1,False,sj01_local_press_hpa__fall,sj01_local_press_hpa__fall,7.2479248046875e-05
injected,sj01_local_press_hpa__fall,1.0,60.0,36,True,True,1,False,sj01_local_press_hpa__fall,sj01_local_press_hpa__fall,0.000244140625
injected,sj01_local_press_hpa__fall,1.0,60.0,37,False,True,0,False,,sj01_local_press_hpa__fall,0.003305375576019287
injected,sj01_local_press_hpa__fall,1.0,60.0,38,True,True,1,False,sj01_local_press_hpa__fall,sj01_local_press_hpa__fall,0.000771939754486084
injected,sj01_local_press_hpa__fall,1.0,60.0,39,True,True,1,False,sj01_local_press_hpa__fall,sj01_local_press_hpa__fall,0.0004277229309082031
injected,sj01_local_press_hpa__fall,1.0,60.0,40,True,True,1,False,sj01_local_press_hpa__fall,sj01_local_press_hpa__fall,0.001299738883972168
injected,sj01_local_press_hpa__fall,1.0,60.0,41,True,True,1,False,sj01_local_press_hpa__fall,sj01_local_press_hpa__fall,0.00020122528076171875
injected,sj01_local_press_hpa__fall,1.0,60.0,42,True,True,1,False,sj01_local_press_hpa__fall,sj01_local_press_hpa__fall,0.000244140625
injected,sj01_local_press_hpa__fall,1.0,60.0,43,True,True,1,False,sj01_local_press_hpa__fall,sj01_local_press_hpa__fall,0.0004277229309082031
injected,sj01_local_press_hpa__fall,1.0,60.0,44,False,False,0,False,,sj01_local_wind_speed_ms__rise,0.00960540771484375
injected,sj01_local_press_hpa__fall,1.0,60.0,45,True,True,1,False,sj01_local_press_hpa__fall,sj01_local_press_hpa__fall,0.0007448196411132812
injected,sj01_local_press_hpa__fall,1.0,60.0,46,False,True,0,False,,sj01_local_press_hpa__fall,0.002171754837036133
injected,sj01_local_press_hpa__fall,1.0,60.0,47,True,True,1,False,sj01_local_press_hpa__fall,sj01_local_press_hpa__fall,0.001299738883972168
injected,sj01_local_press_hpa__fall,1.0,60.0,48,True,True,1,False,sj01_local_press_hpa__fall,sj01_local_press_hpa__fall,0.00020122528076171875
injected,sj01_local_press_hpa__fall,1.0,60.0,49,True,True,1,False,sj01_local_press_hpa__fall,sj01_local_press_hpa__fall,0.0004277229309082031
injected,cu01_local_temp_avg_c__rise,0.5,15.0,0,True,True,1,False,cu01_local_temp_avg_c__rise,cu01_local_temp_avg_c__rise,0.0003643035888671875
injected,cu01_local_temp_avg_c__rise,0.5,15.0,1,True,True,1,False,cu01_local_temp_avg_c__rise,cu01_local_temp_avg_c__rise,1.049041748046875e-05
injected,cu01_local_temp_avg_c__rise,0.5,15.0,2,True,True,1,False,cu01_local_temp_avg_c__rise,cu01_local_temp_avg_c__rise,0.0003643035888671875
injected,cu01_local_temp_avg_c__rise,0.5,15.0,3,True,True,1,False,cu01_local_temp_avg_c__rise,cu01_local_temp_avg_c__rise,0.000244140625
injected,cu01_local_temp_avg_c__rise,0.5,15.0,4,True,True,1,False,cu01_local_temp_avg_c__rise,cu01_local_temp_avg_c__rise,3.814697265625e-05
injected,cu01_local_temp_avg_c__rise,0.5,15.0,5,True,True,1,False,cu01_local_temp_avg_c__rise,cu01_local_temp_avg_c__rise,6.0558319091796875e-05
injected,cu01_local_temp_avg_c__rise,0.5,15.0,6,True,True,1,False,cu01_local_temp_avg_c__rise,cu01_local_temp_avg_c__rise,7.2479248046875e-05
injected,cu01_local_temp_avg_c__rise,0.5,15.0,7,True,True,1,False,cu01_local_temp_avg_c__rise,cu01_local_temp_avg_c__rise,0.0002593994140625
injected,cu01_local_temp_avg_c__rise,0.5,15.0,8,True,True,1,False,cu01_local_temp_avg_c__rise,cu01_local_temp_avg_c__rise,0.00020122528076171875
injected,cu01_local_temp_avg_c__rise,0.5,15.0,9,True,True,1,False,cu01_local_temp_avg_c__rise,cu01_local_temp_avg_c__rise,2.002716064453125e-05
injected,cu01_local_temp_avg_c__rise,0.5,15.0,10,True,True,1,False,cu01_local_temp_avg_c__rise,cu01_local_temp_avg_c__rise,1.049041748046875e-05
injected,cu01_local_temp_avg_c__rise,0.5,15.0,11,True,True,1,False,cu01_local_temp_avg_c__rise,cu01_local_temp_avg_c__rise,0.0001385807991027832
injected,cu01_local_temp_avg_c__rise,0.5,15.0,12,True,True,1,False,cu01_local_temp_avg_c__rise,cu01_local_temp_avg_c__rise,0.0007448196411132812
injected,cu01_local_temp_avg_c__rise,0.5,15.0,13,True,True,1,False,cu01_local_temp_avg_c__rise,cu01_local_temp_avg_c__rise,1.049041748046875e-05
injected,cu01_local_temp_avg_c__rise,0.5,15.0,14,True,True,1,False,cu01_local_temp_avg_c__rise,cu01_local_temp_avg_c__rise,0.00020122528076171875
injected,cu01_local_temp_avg_c__rise,0.5,15.0,15,True,True,1,False,cu01_local_temp_avg_c__rise,cu01_local_temp_avg_c__rise,0.0003643035888671875
injected,cu01_local_temp_avg_c__rise,0.5,15.0,16,True,True,1,False,cu01_local_temp_avg_c__rise,cu01_local_temp_avg_c__rise,0.0012884140014648438
injected,cu01_local_temp_avg_c__rise,0.5,15.0,17,True,True,1,False,cu01_local_temp_avg_c__rise,cu01_local_temp_avg_c__rise,0.0006561279296875
injected,cu01_local_temp_avg_c__rise,0.5,15.0,18,True,True,1,False,cu01_local_temp_avg_c__rise,cu01_local_temp_avg_c__rise,7.2479248046875e-05
injected,cu01_local_temp_avg_c__rise,0.5,15.0,19,True,True,1,False,cu01_local_temp_avg_c__rise,cu01_local_temp_avg_c__rise,2.002716064453125e-05
injected,cu01_local_temp_avg_c__rise,0.5,15.0,20,True,True,1,False,cu01_local_temp_avg_c__rise,cu01_local_temp_avg_c__rise,6.0558319091796875e-05
injected,cu01_local_temp_avg_c__rise,0.5,15.0,21,True,True,1,False,cu01_local_temp_avg_c__rise,cu01_local_temp_avg_c__rise,1.049041748046875e-05
injected,cu01_local_temp_avg_c__rise,0.5,15.0,22,True,True,1,False,cu01_local_temp_avg_c__rise,cu01_local_temp_avg_c__rise,2.002716064453125e-05
injected,cu01_local_temp_avg_c__rise,0.5,15.0,23,True,True,1,False,cu01_local_temp_avg_c__rise,cu01_local_temp_avg_c__rise,0.0001373291015625
injected,cu01_local_temp_avg_c__rise,0.5,15.0,24,True,True,1,False,cu01_local_temp_avg_c__rise,cu01_local_temp_avg_c__rise,0.0012884140014648438
injected,cu01_local_temp_avg_c__rise,0.5,15.0,25,False,True,0,False,,cu01_local_temp_avg_c__rise,0.0022125244140625
injected,cu01_local_temp_avg_c__rise,0.5,15.0,26,True,True,1,False,cu01_local_temp_avg_c__rise,cu01_local_temp_avg_c__rise,0.000244140625
injected,cu01_local_temp_avg_c__rise,0.5,15.0,27,True,True,1,False,cu01_local_temp_avg_c__rise,cu01_local_temp_avg_c__rise,0.0004277229309082031
injected,cu01_local_temp_avg_c__rise,0.5,15.0,28,True,True,1,False,cu01_local_temp_avg_c__rise,cu01_local_temp_avg_c__rise,6.0558319091796875e-05
injected,cu01_local_temp_avg_c__rise,0.5,15.0,29,True,True,1,False,cu01_local_temp_avg_c__rise,cu01_local_temp_avg_c__rise,3.814697265625e-05
injected,cu01_local_temp_avg_c__rise,0.5,15.0,30,True,True,1,False,cu01_local_temp_avg_c__rise,cu01_local_temp_avg_c__rise,3.3020973205566406e-05
injected,cu01_local_temp_avg_c__rise,0.5,15.0,31,True,True,1,False,cu01_local_temp_avg_c__rise,cu01_local_temp_avg_c__rise,3.814697265625e-05
injected,cu01_local_temp_avg_c__rise,0.5,15.0,32,True,True,1,False,cu01_local_temp_avg_c__rise,cu01_local_temp_avg_c__rise,0.00020122528076171875
injected,cu01_local_temp_avg_c__rise,0.5,15.0,33,True,True,1,False,cu01_local_temp_avg_c__rise,cu01_local_temp_avg_c__rise,0.0006561279296875
injected,cu01_local_temp_avg_c__rise,0.5,15.0,34,False,True,0,False,,cu01_local_temp_avg_c__rise,0.0022125244140625
injected,cu01_local_temp_avg_c__rise,0.5,15.0,35,True,True,1,False,cu01_local_temp_avg_c__rise,cu01_local_temp_avg_c__rise,3.814697265625e-05
injected,cu01_local_temp_avg_c__rise,0.5,15.0,36,True,True,1,False,cu01_local_temp_avg_c__rise,cu01_local_temp_avg_c__rise,6.0558319091796875e-05
injected,cu01_local_temp_avg_c__rise,0.5,15.0,37,True,True,1,False,cu01_local_temp_avg_c__rise,cu01_local_temp_avg_c__rise,0.0006561279296875
injected,cu01_local_temp_avg_c__rise,0.5,15.0,38,True,True,1,False,cu01_local_temp_avg_c__rise,cu01_local_temp_avg_c__rise,6.0558319091796875e-05
injected,cu01_local_temp_avg_c__rise,0.5,15.0,39,True,True,1,False,cu01_local_temp_avg_c__rise,cu01_local_temp_avg_c__rise,0.0001373291015625
injected,cu01_local_temp_avg_c__rise,0.5,15.0,40,True,True,1,False,cu01_local_temp_avg_c__rise,cu01_local_temp_avg_c__rise,1.049041748046875e-05
injected,cu01_local_temp_avg_c__rise,0.5,15.0,41,True,True,1,False,cu01_local_temp_avg_c__rise,cu01_local_temp_avg_c__rise,1.049041748046875e-05
injected,cu01_local_temp_avg_c__rise,0.5,15.0,42,True,True,1,False,cu01_local_temp_avg_c__rise,cu01_local_temp_avg_c__rise,0.0004277229309082031
injected,cu01_local_temp_avg_c__rise,0.5,15.0,43,True,True,1,False,cu01_local_temp_avg_c__rise,cu01_local_temp_avg_c__rise,0.0012884140014648438
injected,cu01_local_temp_avg_c__rise,0.5,15.0,44,True,True,1,False,cu01_local_temp_avg_c__rise,cu01_local_temp_avg_c__rise,0.000110626220703125
injected,cu01_local_temp_avg_c__rise,0.5,15.0,45,True,True,1,False,cu01_local_temp_avg_c__rise,cu01_local_temp_avg_c__rise,6.0558319091796875e-05
injected,cu01_local_temp_avg_c__rise,0.5,15.0,46,True,True,1,False,cu01_local_temp_avg_c__rise,cu01_local_temp_avg_c__rise,0.0012884140014648438
injected,cu01_local_temp_avg_c__rise,0.5,15.0,47,True,True,1,False,cu01_local_temp_avg_c__rise,cu01_local_temp_avg_c__rise,0.0003643035888671875
injected,cu01_local_temp_avg_c__rise,0.5,15.0,48,True,True,1,False,cu01_local_temp_avg_c__rise,cu01_local_temp_avg_c__rise,0.0004277229309082031
injected,cu01_local_temp_avg_c__rise,0.5,15.0,49,True,True,1,False,cu01_local_temp_avg_c__rise,cu01_local_temp_avg_c__rise,6.0558319091796875e-05
injected,cu01_local_temp_avg_c__rise,0.5,30.0,0,True,True,1,False,cu01_local_temp_avg_c__rise,cu01_local_temp_avg_c__rise,0.0011749267578125
injected,cu01_local_temp_avg_c__rise,0.5,30.0,1,True,True,1,False,cu01_local_temp_avg_c__rise,cu01_local_temp_avg_c__rise,0.0012884140014648438
injected,cu01_local_temp_avg_c__rise,0.5,30.0,2,False,True,0,False,,cu01_local_temp_avg_c__rise,0.0022125244140625
injected,cu01_local_temp_avg_c__rise,0.5,30.0,3,True,True,1,False,cu01_local_temp_avg_c__rise,cu01_local_temp_avg_c__rise,0.0007448196411132812
injected,cu01_local_temp_avg_c__rise,0.5,30.0,4,True,True,1,False,cu01_local_temp_avg_c__rise,cu01_local_temp_avg_c__rise,0.0003643035888671875
injected,cu01_local_temp_avg_c__rise,0.5,30.0,5,True,True,1,False,cu01_local_temp_avg_c__rise,cu01_local_temp_avg_c__rise,0.0012884140014648438
injected,cu01_local_temp_avg_c__rise,0.5,30.0,6,False,True,0,False,,cu01_local_temp_avg_c__rise,0.0037689208984375
injected,cu01_local_temp_avg_c__rise,0.5,30.0,7,False,True,0,False,,cu01_local_temp_avg_c__rise,0.0037689208984375
injected,cu01_local_temp_avg_c__rise,0.5,30.0,8,True,True,1,False,cu01_local_temp_avg_c__rise,cu01_local_temp_avg_c__rise,0.0007448196411132812
injected,cu01_local_temp_avg_c__rise,0.5,30.0,9,True,True,1,False,cu01_local_temp_avg_c__rise,cu01_local_temp_avg_c__rise,0.0006561279296875
injected,cu01_local_temp_avg_c__rise,0.5,30.0,10,True,True,1,False,cu01_local_temp_avg_c__rise,cu01_local_temp_avg_c__rise,0.0003643035888671875
injected,cu01_local_temp_avg_c__rise,0.5,30.0,11,True,True,1,False,cu01_local_temp_avg_c__rise,cu01_local_temp_avg_c__rise,0.00020122528076171875
injected,cu01_local_temp_avg_c__rise,0.5,30.0,12,False,True,0,False,,cu01_local_temp_avg_c__rise,0.00960540771484375
injected,cu01_local_temp_avg_c__rise,0.5,30.0,13,True,True,1,False,cu01_local_temp_avg_c__rise,cu01_local_temp_avg_c__rise,0.0003643035888671875
injected,cu01_local_temp_avg_c__rise,0.5,30.0,14,True,True,1,False,cu01_local_temp_avg_c__rise,cu01_local_temp_avg_c__rise,0.0012884140014648438
injected,cu01_local_temp_avg_c__rise,0.5,30.0,15,True,True,1,False,cu01_local_temp_avg_c__rise,cu01_local_temp_avg_c__rise,0.0003643035888671875
injected,cu01_local_temp_avg_c__rise,0.5,30.0,16,False,True,0,False,,cu01_local_temp_avg_c__rise,0.0037689208984375
injected,cu01_local_temp_avg_c__rise,0.5,30.0,17,False,True,0,False,,cu01_local_temp_avg_c__rise,0.0063629150390625
injected,cu01_local_temp_avg_c__rise,0.5,30.0,18,True,True,1,False,cu01_local_temp_avg_c__rise,cu01_local_temp_avg_c__rise,0.0011749267578125
injected,cu01_local_temp_avg_c__rise,0.5,30.0,19,False,True,0,False,,cu01_local_temp_avg_c__rise,0.0022125244140625
injected,cu01_local_temp_avg_c__rise,0.5,30.0,20,True,True,1,False,cu01_local_temp_avg_c__rise,cu01_local_temp_avg_c__rise,0.00020122528076171875
injected,cu01_local_temp_avg_c__rise,0.5,30.0,21,False,True,0,False,,cu01_local_temp_avg_c__rise,0.0037689208984375
injected,cu01_local_temp_avg_c__rise,0.5,30.0,22,True,True,1,False,cu01_local_temp_avg_c__rise,cu01_local_temp_avg_c__rise,0.0003643035888671875
injected,cu01_local_temp_avg_c__rise,0.5,30.0,23,True,True,1,False,cu01_local_temp_avg_c__rise,cu01_local_temp_avg_c__rise,0.0006561279296875
injected,cu01_local_temp_avg_c__rise,0.5,30.0,24,False,False,0,False,,cu01_local_hum_avg_pct__rise,0.008062400855123998
injected,cu01_local_temp_avg_c__rise,0.5,30.0,25,False,True,0,False,,cu01_local_temp_avg_c__rise,0.00960540771484375
injected,cu01_local_temp_avg_c__rise,0.5,30.0,26,True,True,1,False,cu01_local_temp_avg_c__rise,cu01_local_temp_avg_c__rise,0.0011749267578125
injected,cu01_local_temp_avg_c__rise,0.5,30.0,27,True,True,1,False,cu01_local_temp_avg_c__rise,cu01_local_temp_avg_c__rise,0.0007448196411132812
injected,cu01_local_temp_avg_c__rise,0.5,30.0,28,True,True,1,False,cu01_local_temp_avg_c__rise,cu01_local_temp_avg_c__rise,0.0003643035888671875
injected,cu01_local_temp_avg_c__rise,0.5,30.0,29,True,True,1,False,cu01_local_temp_avg_c__rise,cu01_local_temp_avg_c__rise,0.0006561279296875
injected,cu01_local_temp_avg_c__rise,0.5,30.0,30,True,True,1,False,cu01_local_temp_avg_c__rise,cu01_local_temp_avg_c__rise,0.0007448196411132812
injected,cu01_local_temp_avg_c__rise,0.5,30.0,31,True,True,1,False,cu01_local_temp_avg_c__rise,cu01_local_temp_avg_c__rise,0.0006561279296875
injected,cu01_local_temp_avg_c__rise,0.5,30.0,32,True,True,1,False,cu01_local_temp_avg_c__rise,cu01_local_temp_avg_c__rise,0.0012884140014648438
injected,cu01_local_temp_avg_c__rise,0.5,30.0,33,True,True,1,False,cu01_local_temp_avg_c__rise,cu01_local_temp_avg_c__rise,0.0006561279296875
injected,cu01_local_temp_avg_c__rise,0.5,30.0,34,False,True,0,False,,cu01_local_temp_avg_c__rise,0.0035986900329589844
injected,cu01_local_temp_avg_c__rise,0.5,30.0,35,True,True,1,False,cu01_local_temp_avg_c__rise,cu01_local_temp_avg_c__rise,0.0011749267578125
injected,cu01_local_temp_avg_c__rise,0.5,30.0,36,True,True,1,False,cu01_local_temp_avg_c__rise,cu01_local_temp_avg_c__rise,0.0007448196411132812
injected,cu01_local_temp_avg_c__rise,0.5,30.0,37,False,True,0,False,,cu01_local_temp_avg_c__rise,0.003692626953125
injected,cu01_local_temp_avg_c__rise,0.5,30.0,38,True,True,1,False,cu01_local_temp_avg_c__rise,cu01_local_temp_avg_c__rise,0.0003643035888671875
injected,cu01_local_temp_avg_c__rise,0.5,30.0,39,True,True,1,False,cu01_local_temp_avg_c__rise,cu01_local_temp_avg_c__rise,0.0011749267578125
injected,cu01_local_temp_avg_c__rise,0.5,30.0,40,True,True,1,False,cu01_local_temp_avg_c__rise,cu01_local_temp_avg_c__rise,0.00020122528076171875
injected,cu01_local_temp_avg_c__rise,0.5,30.0,41,True,True,1,False,cu01_local_temp_avg_c__rise,cu01_local_temp_avg_c__rise,0.0003643035888671875
injected,cu01_local_temp_avg_c__rise,0.5,30.0,42,False,True,0,False,,cu01_local_temp_avg_c__rise,0.0022125244140625
injected,cu01_local_temp_avg_c__rise,0.5,30.0,43,False,True,0,False,,cu01_local_temp_avg_c__rise,0.0022125244140625
injected,cu01_local_temp_avg_c__rise,0.5,30.0,44,True,True,1,False,cu01_local_temp_avg_c__rise,cu01_local_temp_avg_c__rise,0.00020122528076171875
injected,cu01_local_temp_avg_c__rise,0.5,30.0,45,False,True,0,False,,cu01_local_temp_avg_c__rise,0.0035986900329589844
injected,cu01_local_temp_avg_c__rise,0.5,30.0,46,True,True,1,False,cu01_local_temp_avg_c__rise,cu01_local_temp_avg_c__rise,0.0012884140014648438
injected,cu01_local_temp_avg_c__rise,0.5,30.0,47,True,True,1,False,cu01_local_temp_avg_c__rise,cu01_local_temp_avg_c__rise,0.0011749267578125
injected,cu01_local_temp_avg_c__rise,0.5,30.0,48,False,True,0,False,,cu01_local_temp_avg_c__rise,0.0037689208984375
injected,cu01_local_temp_avg_c__rise,0.5,30.0,49,False,True,0,False,,cu01_local_temp_avg_c__rise,0.0022125244140625
injected,cu01_local_temp_avg_c__rise,0.5,60.0,0,False,False,0,False,,cu01_local_hum_avg_pct__rise,0.005336920265108347
injected,cu01_local_temp_avg_c__rise,0.5,60.0,1,False,False,0,False,,cu01_local_hum_avg_pct__rise,0.010030803503468633
injected,cu01_local_temp_avg_c__rise,0.5,60.0,2,False,False,0,False,,cu01_local_hum_avg_pct__rise,0.0026114396750926976
injected,cu01_local_temp_avg_c__rise,0.5,60.0,3,False,False,0,False,,cu01_local_hum_avg_pct__rise,0.005336920265108347
injected,cu01_local_temp_avg_c__rise,0.5,60.0,4,False,False,0,False,,cu01_local_hum_avg_pct__rise,0.0026114396750926976
injected,cu01_local_temp_avg_c__rise,0.5,60.0,5,False,False,0,False,,cu01_local_hum_avg_pct__rise,0.005336920265108347
injected,cu01_local_temp_avg_c__rise,0.5,60.0,6,False,False,0,False,,cu01_local_hum_avg_pct__rise,0.005336920265108347
injected,cu01_local_temp_avg_c__rise,0.5,60.0,7,False,False,0,False,,cu01_local_hum_avg_pct__rise,0.004065029323101044
injected,cu01_local_temp_avg_c__rise,0.5,60.0,8,False,False,0,False,,cu01_local_hum_avg_pct__rise,0.008062400855123998
injected,cu01_local_temp_avg_c__rise,0.5,60.0,9,False,False,0,False,,cu01_local_hum_avg_pct__rise,0.010030803503468633
injected,cu01_local_temp_avg_c__rise,0.5,60.0,10,False,False,0,False,,cu01_local_hum_avg_pct__rise,0.005336920265108347
injected,cu01_local_temp_avg_c__rise,0.5,60.0,11,False,False,0,False,,cu01_local_hum_avg_pct__rise,0.005336920265108347
injected,cu01_local_temp_avg_c__rise,0.5,60.0,12,False,False,0,False,,cu01_local_hum_avg_pct__rise,0.008062400855123998
injected,cu01_local_temp_avg_c__rise,0.5,60.0,13,False,False,0,False,,cu01_local_hum_avg_pct__rise,0.005336920265108347
injected,cu01_local_temp_avg_c__rise,0.5,60.0,14,False,False,0,False,,cu01_local_hum_avg_pct__rise,0.005336920265108347
injected,cu01_local_temp_avg_c__rise,0.5,60.0,15,False,False,0,False,,cu01_local_hum_avg_pct__rise,0.004065029323101044
injected,cu01_local_temp_avg_c__rise,0.5,60.0,16,False,False,0,False,,cu01_local_hum_avg_pct__rise,0.005336920265108347
injected,cu01_local_temp_avg_c__rise,0.5,60.0,17,False,False,0,False,,cu01_local_hum_avg_pct__rise,0.010030803503468633
injected,cu01_local_temp_avg_c__rise,0.5,60.0,18,False,False,0,False,,cu01_local_hum_avg_pct__rise,0.0026114396750926976
injected,cu01_local_temp_avg_c__rise,0.5,60.0,19,False,False,0,False,,cu01_local_hum_avg_pct__rise,0.010030803503468633
injected,cu01_local_temp_avg_c__rise,0.5,60.0,20,False,False,0,False,,cu01_local_hum_avg_pct__rise,0.008062400855123998
injected,cu01_local_temp_avg_c__rise,0.5,60.0,21,False,False,0,False,,cu01_local_hum_avg_pct__rise,0.005336920265108347
injected,cu01_local_temp_avg_c__rise,0.5,60.0,22,False,False,0,False,,cu01_local_hum_avg_pct__rise,0.005336920265108347
injected,cu01_local_temp_avg_c__rise,0.5,60.0,23,False,False,0,False,,cu01_local_hum_avg_pct__rise,0.008062400855123998
injected,cu01_local_temp_avg_c__rise,0.5,60.0,24,False,False,0,False,,sj01_local_wind_speed_ms__rise,0.005908966064453125
injected,cu01_local_temp_avg_c__rise,0.5,60.0,25,False,False,0,False,,cu01_local_hum_avg_pct__rise,0.005336920265108347
injected,cu01_local_temp_avg_c__rise,0.5,60.0,26,False,False,0,False,,cu01_local_hum_avg_pct__rise,0.010030803503468633
injected,cu01_local_temp_avg_c__rise,0.5,60.0,27,False,False,0,False,,cu01_local_hum_avg_pct__rise,0.005336920265108347
injected,cu01_local_temp_avg_c__rise,0.5,60.0,28,False,False,0,False,,cu01_local_hum_avg_pct__rise,0.005336920265108347
injected,cu01_local_temp_avg_c__rise,0.5,60.0,29,False,False,0,False,,cu01_local_hum_avg_pct__rise,0.0026114396750926976
injected,cu01_local_temp_avg_c__rise,0.5,60.0,30,False,False,0,False,,cu01_local_hum_avg_pct__rise,0.005336920265108347
injected,cu01_local_temp_avg_c__rise,0.5,60.0,31,False,False,0,False,,cu01_local_hum_avg_pct__rise,0.008062400855123998
injected,cu01_local_temp_avg_c__rise,0.5,60.0,32,False,False,0,False,,cu01_local_hum_avg_pct__rise,0.010030803503468633
injected,cu01_local_temp_avg_c__rise,0.5,60.0,33,False,False,0,False,,cu01_local_hum_avg_pct__rise,0.010030803503468633
injected,cu01_local_temp_avg_c__rise,0.5,60.0,34,False,False,0,False,,cu01_local_hum_avg_pct__rise,0.014724686741828918
injected,cu01_local_temp_avg_c__rise,0.5,60.0,35,False,False,0,False,,cu01_local_hum_avg_pct__rise,0.005336920265108347
injected,cu01_local_temp_avg_c__rise,0.5,60.0,36,False,False,0,False,,cu01_local_hum_avg_pct__rise,0.005336920265108347
injected,cu01_local_temp_avg_c__rise,0.5,60.0,37,False,False,0,False,,cu01_local_hum_avg_pct__rise,0.008062400855123998
injected,cu01_local_temp_avg_c__rise,0.5,60.0,38,False,False,0,False,,cu01_local_hum_avg_pct__rise,0.005336920265108347
injected,cu01_local_temp_avg_c__rise,0.5,60.0,39,False,False,0,False,,cu01_local_hum_avg_pct__rise,0.0026114396750926976
injected,cu01_local_temp_avg_c__rise,0.5,60.0,40,False,False,0,False,,cu01_local_hum_avg_pct__rise,0.005336920265108347
injected,cu01_local_temp_avg_c__rise,0.5,60.0,41,False,False,0,False,,cu01_local_hum_avg_pct__rise,0.005336920265108347
injected,cu01_local_temp_avg_c__rise,0.5,60.0,42,False,False,0,False,,cu01_local_hum_avg_pct__rise,0.005336920265108347
injected,cu01_local_temp_avg_c__rise,0.5,60.0,43,False,False,0,False,,cu01_local_hum_avg_pct__rise,0.005336920265108347
injected,cu01_local_temp_avg_c__rise,0.5,60.0,44,False,False,0,False,,cu01_local_hum_avg_pct__rise,0.008062400855123998
injected,cu01_local_temp_avg_c__rise,0.5,60.0,45,False,False,0,False,,cu01_local_hum_avg_pct__rise,0.010030803503468633
injected,cu01_local_temp_avg_c__rise,0.5,60.0,46,False,False,0,False,,cu01_local_hum_avg_pct__rise,0.008062400855123998
injected,cu01_local_temp_avg_c__rise,0.5,60.0,47,False,False,0,False,,cu01_local_hum_avg_pct__rise,0.0026114396750926976
injected,cu01_local_temp_avg_c__rise,0.5,60.0,48,False,False,0,False,,cu01_local_hum_avg_pct__rise,0.005336920265108347
injected,cu01_local_temp_avg_c__rise,0.5,60.0,49,False,False,0,False,,cu01_local_hum_avg_pct__rise,0.005336920265108347
injected,cu01_local_temp_avg_c__rise,1.0,15.0,0,True,True,1,False,cu01_local_temp_avg_c__rise,cu01_local_temp_avg_c__rise,0.000110626220703125
injected,cu01_local_temp_avg_c__rise,1.0,15.0,1,True,True,1,False,cu01_local_temp_avg_c__rise,cu01_local_temp_avg_c__rise,7.748603820800781e-07
injected,cu01_local_temp_avg_c__rise,1.0,15.0,2,True,True,1,False,cu01_local_temp_avg_c__rise,cu01_local_temp_avg_c__rise,6.0558319091796875e-05
injected,cu01_local_temp_avg_c__rise,1.0,15.0,3,True,True,1,False,cu01_local_temp_avg_c__rise,cu01_local_temp_avg_c__rise,2.4616718292236328e-05
injected,cu01_local_temp_avg_c__rise,1.0,15.0,4,True,True,1,False,cu01_local_temp_avg_c__rise,cu01_local_temp_avg_c__rise,1.4901161193847656e-06
injected,cu01_local_temp_avg_c__rise,1.0,15.0,5,True,True,1,False,cu01_local_temp_avg_c__rise,cu01_local_temp_avg_c__rise,2.823770046234131e-06
injected,cu01_local_temp_avg_c__rise,1.0,15.0,6,True,True,1,False,cu01_local_temp_avg_c__rise,cu01_local_temp_avg_c__rise,5.4836273193359375e-06
injected,cu01_local_temp_avg_c__rise,1.0,15.0,7,True,True,1,False,cu01_local_temp_avg_c__rise,cu01_local_temp_avg_c__rise,3.814697265625e-05
injected,cu01_local_temp_avg_c__rise,1.0,15.0,8,True,True,1,False,cu01_local_temp_avg_c__rise,cu01_local_temp_avg_c__rise,1.7940998077392578e-05
injected,cu01_local_temp_avg_c__rise,1.0,15.0,9,True,True,1,False,cu01_local_temp_avg_c__rise,cu01_local_temp_avg_c__rise,2.86102294921875e-06
injected,cu01_local_temp_avg_c__rise,1.0,15.0,10,True,True,1,False,cu01_local_temp_avg_c__rise,cu01_local_temp_avg_c__rise,7.748603820800781e-07
injected,cu01_local_temp_avg_c__rise,1.0,15.0,11,True,True,1,False,cu01_local_temp_avg_c__rise,cu01_local_temp_avg_c__rise,1.372024416923523e-05
injected,cu01_local_temp_avg_c__rise,1.0,15.0,12,True,True,1,False,cu01_local_temp_avg_c__rise,cu01_local_temp_avg_c__rise,0.000244140625
injected,cu01_local_temp_avg_c__rise,1.0,15.0,13,True,True,1,False,cu01_local_temp_avg_c__rise,cu01_local_temp_avg_c__rise,7.748603820800781e-07
injected,cu01_local_temp_avg_c__rise,1.0,15.0,14,True,True,1,False,cu01_local_temp_avg_c__rise,cu01_local_temp_avg_c__rise,1.7940998077392578e-05
injected,cu01_local_temp_avg_c__rise,1.0,15.0,15,True,True,1,False,cu01_local_temp_avg_c__rise,cu01_local_temp_avg_c__rise,1.7940998077392578e-05
injected,cu01_local_temp_avg_c__rise,1.0,15.0,16,True,True,1,False,cu01_local_temp_avg_c__rise,cu01_local_temp_avg_c__rise,7.826089859008789e-05
injected,cu01_local_temp_avg_c__rise,1.0,15.0,17,True,True,1,False,cu01_local_temp_avg_c__rise,cu01_local_temp_avg_c__rise,0.000110626220703125
injected,cu01_local_temp_avg_c__rise,1.0,15.0,18,True,True,1,False,cu01_local_temp_avg_c__rise,cu01_local_temp_avg_c__rise,1.049041748046875e-05
injected,cu01_local_temp_avg_c__rise,1.0,15.0,19,True,True,1,False,cu01_local_temp_avg_c__rise,cu01_local_temp_avg_c__rise,1.4901161193847656e-06
injected,cu01_local_temp_avg_c__rise,1.0,15.0,20,True,True,1,False,cu01_local_temp_avg_c__rise,cu01_local_temp_avg_c__rise,5.245208740234375e-06
injected,cu01_local_temp_avg_c__rise,1.0,15.0,21,True,True,1,False,cu01_local_temp_avg_c__rise,cu01_local_temp_avg_c__rise,1.4901161193847656e-06
injected,cu01_local_temp_avg_c__rise,1.0,15.0,22,True,True,1,False,cu01_local_temp_avg_c__rise,cu01_local_temp_avg_c__rise,1.4901161193847656e-06
injected,cu01_local_temp_avg_c__rise,1.0,15.0,23,True,True,1,False,cu01_local_temp_avg_c__rise,cu01_local_temp_avg_c__rise,2.002716064453125e-05
injected,cu01_local_temp_avg_c__rise,1.0,15.0,24,True,True,1,False,cu01_local_temp_avg_c__rise,cu01_local_temp_avg_c__rise,0.0004277229309082031
injected,cu01_local_temp_avg_c__rise,1.0,15.0,25,True,True,1,False,cu01_local_temp_avg_c__rise,cu01_local_temp_avg_c__rise,0.0004277229309082031
injected,cu01_local_temp_avg_c__rise,1.0,15.0,26,True,True,1,False,cu01_local_temp_avg_c__rise,cu01_local_temp_avg_c__rise,7.826089859008789e-05
injected,cu01_local_temp_avg_c__rise,1.0,15.0,27,True,True,1,False,cu01_local_temp_avg_c__rise,cu01_local_temp_avg_c__rise,2.4616718292236328e-05
injected,cu01_local_temp_avg_c__rise,1.0,15.0,28,True,True,1,False,cu01_local_temp_avg_c__rise,cu01_local_temp_avg_c__rise,2.823770046234131e-06
injected,cu01_local_temp_avg_c__rise,1.0,15.0,29,True,True,1,False,cu01_local_temp_avg_c__rise,cu01_local_temp_avg_c__rise,2.86102294921875e-06
injected,cu01_local_temp_avg_c__rise,1.0,15.0,30,True,True,1,False,cu01_local_temp_avg_c__rise,cu01_local_temp_avg_c__rise,2.823770046234131e-06
injected,cu01_local_temp_avg_c__rise,1.0,15.0,31,True,True,1,False,cu01_local_temp_avg_c__rise,cu01_local_temp_avg_c__rise,2.86102294921875e-06
injected,cu01_local_temp_avg_c__rise,1.0,15.0,32,True,True,1,False,cu01_local_temp_avg_c__rise,cu01_local_temp_avg_c__rise,1.7940998077392578e-05
injected,cu01_local_temp_avg_c__rise,1.0,15.0,33,True,True,1,False,cu01_local_temp_avg_c__rise,cu01_local_temp_avg_c__rise,6.0558319091796875e-05
injected,cu01_local_temp_avg_c__rise,1.0,15.0,34,True,True,1,False,cu01_local_temp_avg_c__rise,cu01_local_temp_avg_c__rise,0.0001385807991027832
injected,cu01_local_temp_avg_c__rise,1.0,15.0,35,True,True,1,False,cu01_local_temp_avg_c__rise,cu01_local_temp_avg_c__rise,5.4836273193359375e-06
injected,cu01_local_temp_avg_c__rise,1.0,15.0,36,True,True,1,False,cu01_local_temp_avg_c__rise,cu01_local_temp_avg_c__rise,5.245208740234375e-06
injected,cu01_local_temp_avg_c__rise,1.0,15.0,37,True,True,1,False,cu01_local_temp_avg_c__rise,cu01_local_temp_avg_c__rise,6.0558319091796875e-05
injected,cu01_local_temp_avg_c__rise,1.0,15.0,38,True,True,1,False,cu01_local_temp_avg_c__rise,cu01_local_temp_avg_c__rise,9.715557098388672e-06
injected,cu01_local_temp_avg_c__rise,1.0,15.0,39,True,True,1,False,cu01_local_temp_avg_c__rise,cu01_local_temp_avg_c__rise,1.049041748046875e-05
injected,cu01_local_temp_avg_c__rise,1.0,15.0,40,True,True,1,False,cu01_local_temp_avg_c__rise,cu01_local_temp_avg_c__rise,7.748603820800781e-07
injected,cu01_local_temp_avg_c__rise,1.0,15.0,41,True,True,1,False,cu01_local_temp_avg_c__rise,cu01_local_temp_avg_c__rise,2.86102294921875e-06
injected,cu01_local_temp_avg_c__rise,1.0,15.0,42,True,True,1,False,cu01_local_temp_avg_c__rise,cu01_local_temp_avg_c__rise,4.398822784423828e-05
injected,cu01_local_temp_avg_c__rise,1.0,15.0,43,True,True,1,False,cu01_local_temp_avg_c__rise,cu01_local_temp_avg_c__rise,0.0004277229309082031
injected,cu01_local_temp_avg_c__rise,1.0,15.0,44,True,True,1,False,cu01_local_temp_avg_c__rise,cu01_local_temp_avg_c__rise,5.245208740234375e-06
injected,cu01_local_temp_avg_c__rise,1.0,15.0,45,True,True,1,False,cu01_local_temp_avg_c__rise,cu01_local_temp_avg_c__rise,2.823770046234131e-06
injected,cu01_local_temp_avg_c__rise,1.0,15.0,46,True,True,1,False,cu01_local_temp_avg_c__rise,cu01_local_temp_avg_c__rise,0.000244140625
injected,cu01_local_temp_avg_c__rise,1.0,15.0,47,True,True,1,False,cu01_local_temp_avg_c__rise,cu01_local_temp_avg_c__rise,6.0558319091796875e-05
injected,cu01_local_temp_avg_c__rise,1.0,15.0,48,True,True,1,False,cu01_local_temp_avg_c__rise,cu01_local_temp_avg_c__rise,7.826089859008789e-05
injected,cu01_local_temp_avg_c__rise,1.0,15.0,49,True,True,1,False,cu01_local_temp_avg_c__rise,cu01_local_temp_avg_c__rise,1.7940998077392578e-05
injected,cu01_local_temp_avg_c__rise,1.0,30.0,0,True,True,1,False,cu01_local_temp_avg_c__rise,cu01_local_temp_avg_c__rise,2.002716064453125e-05
injected,cu01_local_temp_avg_c__rise,1.0,30.0,1,True,True,1,False,cu01_local_temp_avg_c__rise,cu01_local_temp_avg_c__rise,9.715557098388672e-06
injected,cu01_local_temp_avg_c__rise,1.0,30.0,2,True,True,1,False,cu01_local_temp_avg_c__rise,cu01_local_temp_avg_c__rise,0.000110626220703125
injected,cu01_local_temp_avg_c__rise,1.0,30.0,3,True,True,1,False,cu01_local_temp_avg_c__rise,cu01_local_temp_avg_c__rise,2.4616718292236328e-05
injected,cu01_local_temp_avg_c__rise,1.0,30.0,4,True,True,1,False,cu01_local_temp_avg_c__rise,cu01_local_temp_avg_c__rise,2.86102294921875e-06
injected,cu01_local_temp_avg_c__rise,1.0,30.0,5,True,True,1,False,cu01_local_temp_avg_c__rise,cu01_local_temp_avg_c__rise,5.245208740234375e-06
injected,cu01_local_temp_avg_c__rise,1.0,30.0,6,True,True,1,False,cu01_local_temp_avg_c__rise,cu01_local_temp_avg_c__rise,6.0558319091796875e-05
injected,cu01_local_temp_avg_c__rise,1.0,30.0,7,True,True,1,False,cu01_local_temp_avg_c__rise,cu01_local_temp_avg_c__rise,0.000110626220703125
injected,cu01_local_temp_avg_c__rise,1.0,30.0,8,True,True,1,False,cu01_local_temp_avg_c__rise,cu01_local_temp_avg_c__rise,1.7940998077392578e-05
injected,cu01_local_temp_avg_c__rise,1.0,30.0,9,True,True,1,False,cu01_local_temp_avg_c__rise,cu01_local_temp_avg_c__rise,2.86102294921875e-06
injected,cu01_local_temp_avg_c__rise,1.0,30.0,10,True,True,1,False,cu01_local_temp_avg_c__rise,cu01_local_temp_avg_c__rise,1.4901161193847656e-06
injected,cu01_local_temp_avg_c__rise,1.0,30.0,11,True,True,1,False,cu01_local_temp_avg_c__rise,cu01_local_temp_avg_c__rise,2.823770046234131e-06
injected,cu01_local_temp_avg_c__rise,1.0,30.0,12,True,True,1,False,cu01_local_temp_avg_c__rise,cu01_local_temp_avg_c__rise,0.000771939754486084
injected,cu01_local_temp_avg_c__rise,1.0,30.0,13,True,True,1,False,cu01_local_temp_avg_c__rise,cu01_local_temp_avg_c__rise,2.86102294921875e-06
injected,cu01_local_temp_avg_c__rise,1.0,30.0,14,True,True,1,False,cu01_local_temp_avg_c__rise,cu01_local_temp_avg_c__rise,3.3020973205566406e-05
injected,cu01_local_temp_avg_c__rise,1.0,30.0,15,True,True,1,False,cu01_local_temp_avg_c__rise,cu01_local_temp_avg_c__rise,2.86102294921875e-06
injected,cu01_local_temp_avg_c__rise,1.0,30.0,16,True,True,1,False,cu01_local_temp_avg_c__rise,cu01_local_temp_avg_c__rise,0.0001385807991027832
injected,cu01_local_temp_avg_c__rise,1.0,30.0,17,True,True,1,False,cu01_local_temp_avg_c__rise,cu01_local_temp_avg_c__rise,0.0012884140014648438
injected,cu01_local_temp_avg_c__rise,1.0,30.0,18,True,True,1,False,cu01_local_temp_avg_c__rise,cu01_local_temp_avg_c__rise,2.002716064453125e-05
injected,cu01_local_temp_avg_c__rise,1.0,30.0,19,True,True,1,False,cu01_local_temp_avg_c__rise,cu01_local_temp_avg_c__rise,1.7940998077392578e-05
injected,cu01_local_temp_avg_c__rise,1.0,30.0,20,True,True,1,False,cu01_local_temp_avg_c__rise,cu01_local_temp_avg_c__rise,7.748603820800781e-07
injected,cu01_local_temp_avg_c__rise,1.0,30.0,21,True,True,1,False,cu01_local_temp_avg_c__rise,cu01_local_temp_avg_c__rise,3.3020973205566406e-05
injected,cu01_local_temp_avg_c__rise,1.0,30.0,22,True,True,1,False,cu01_local_temp_avg_c__rise,cu01_local_temp_avg_c__rise,2.86102294921875e-06
injected,cu01_local_temp_avg_c__rise,1.0,30.0,23,True,True,1,False,cu01_local_temp_avg_c__rise,cu01_local_temp_avg_c__rise,1.049041748046875e-05
injected,cu01_local_temp_avg_c__rise,1.0,30.0,24,True,True,1,False,cu01_local_temp_avg_c__rise,cu01_local_temp_avg_c__rise,0.0004277229309082031
injected,cu01_local_temp_avg_c__rise,1.0,30.0,25,True,True,1,False,cu01_local_temp_avg_c__rise,cu01_local_temp_avg_c__rise,0.0007448196411132812
injected,cu01_local_temp_avg_c__rise,1.0,30.0,26,True,True,1,False,cu01_local_temp_avg_c__rise,cu01_local_temp_avg_c__rise,3.3020973205566406e-05
injected,cu01_local_temp_avg_c__rise,1.0,30.0,27,True,True,1,False,cu01_local_temp_avg_c__rise,cu01_local_temp_avg_c__rise,9.715557098388672e-06
injected,cu01_local_temp_avg_c__rise,1.0,30.0,28,True,True,1,False,cu01_local_temp_avg_c__rise,cu01_local_temp_avg_c__rise,5.245208740234375e-06
injected,cu01_local_temp_avg_c__rise,1.0,30.0,29,True,True,1,False,cu01_local_temp_avg_c__rise,cu01_local_temp_avg_c__rise,5.4836273193359375e-06
injected,cu01_local_temp_avg_c__rise,1.0,30.0,30,True,True,1,False,cu01_local_temp_avg_c__rise,cu01_local_temp_avg_c__rise,5.245208740234375e-06
injected,cu01_local_temp_avg_c__rise,1.0,30.0,31,True,True,1,False,cu01_local_temp_avg_c__rise,cu01_local_temp_avg_c__rise,2.86102294921875e-06
injected,cu01_local_temp_avg_c__rise,1.0,30.0,32,True,True,1,False,cu01_local_temp_avg_c__rise,cu01_local_temp_avg_c__rise,3.3020973205566406e-05
injected,cu01_local_temp_avg_c__rise,1.0,30.0,33,True,True,1,False,cu01_local_temp_avg_c__rise,cu01_local_temp_avg_c__rise,1.049041748046875e-05
injected,cu01_local_temp_avg_c__rise,1.0,30.0,34,True,True,1,False,cu01_local_temp_avg_c__rise,cu01_local_temp_avg_c__rise,0.0001385807991027832
injected,cu01_local_temp_avg_c__rise,1.0,30.0,35,True,True,1,False,cu01_local_temp_avg_c__rise,cu01_local_temp_avg_c__rise,5.4836273193359375e-06
injected,cu01_local_temp_avg_c__rise,1.0,30.0,36,True,True,1,False,cu01_local_temp_avg_c__rise,cu01_local_temp_avg_c__rise,5.245208740234375e-06
injected,cu01_local_temp_avg_c__rise,1.0,30.0,37,True,True,1,False,cu01_local_temp_avg_c__rise,cu01_local_temp_avg_c__rise,2.002716064453125e-05
injected,cu01_local_temp_avg_c__rise,1.0,30.0,38,True,True,1,False,cu01_local_temp_avg_c__rise,cu01_local_temp_avg_c__rise,2.86102294921875e-06
injected,cu01_local_temp_avg_c__rise,1.0,30.0,39,True,True,1,False,cu01_local_temp_avg_c__rise,cu01_local_temp_avg_c__rise,1.049041748046875e-05
injected,cu01_local_temp_avg_c__rise,1.0,30.0,40,True,True,1,False,cu01_local_temp_avg_c__rise,cu01_local_temp_avg_c__rise,7.748603820800781e-07
injected,cu01_local_temp_avg_c__rise,1.0,30.0,41,True,True,1,False,cu01_local_temp_avg_c__rise,cu01_local_temp_avg_c__rise,2.86102294921875e-06
injected,cu01_local_temp_avg_c__rise,1.0,30.0,42,True,True,1,False,cu01_local_temp_avg_c__rise,cu01_local_temp_avg_c__rise,7.826089859008789e-05
injected,cu01_local_temp_avg_c__rise,1.0,30.0,43,True,True,1,False,cu01_local_temp_avg_c__rise,cu01_local_temp_avg_c__rise,0.00020122528076171875
injected,cu01_local_temp_avg_c__rise,1.0,30.0,44,True,True,1,False,cu01_local_temp_avg_c__rise,cu01_local_temp_avg_c__rise,5.245208740234375e-06
injected,cu01_local_temp_avg_c__rise,1.0,30.0,45,True,True,1,False,cu01_local_temp_avg_c__rise,cu01_local_temp_avg_c__rise,2.4616718292236328e-05
injected,cu01_local_temp_avg_c__rise,1.0,30.0,46,True,True,1,False,cu01_local_temp_avg_c__rise,cu01_local_temp_avg_c__rise,3.3020973205566406e-05
injected,cu01_local_temp_avg_c__rise,1.0,30.0,47,True,True,1,False,cu01_local_temp_avg_c__rise,cu01_local_temp_avg_c__rise,2.002716064453125e-05
injected,cu01_local_temp_avg_c__rise,1.0,30.0,48,True,True,1,False,cu01_local_temp_avg_c__rise,cu01_local_temp_avg_c__rise,6.0558319091796875e-05
injected,cu01_local_temp_avg_c__rise,1.0,30.0,49,True,True,1,False,cu01_local_temp_avg_c__rise,cu01_local_temp_avg_c__rise,1.7940998077392578e-05
injected,cu01_local_temp_avg_c__rise,1.0,60.0,0,False,True,0,False,,cu01_local_temp_avg_c__rise,0.001708984375
injected,cu01_local_temp_avg_c__rise,1.0,60.0,1,True,True,1,False,cu01_local_temp_avg_c__rise,cu01_local_temp_avg_c__rise,0.000244140625
injected,cu01_local_temp_avg_c__rise,1.0,60.0,2,True,True,1,False,cu01_local_temp_avg_c__rise,cu01_local_temp_avg_c__rise,0.00048828125
injected,cu01_local_temp_avg_c__rise,1.0,60.0,3,False,True,0,False,,cu01_local_temp_avg_c__rise,0.001708984375
injected,cu01_local_temp_avg_c__rise,1.0,60.0,4,False,False,0,False,,cu01_local_hum_avg_pct__rise,0.0026114396750926976
injected,cu01_local_temp_avg_c__rise,1.0,60.0,5,True,True,1,False,cu01_local_temp_avg_c__rise,cu01_local_temp_avg_c__rise,0.000244140625
injected,cu01_local_temp_avg_c__rise,1.0,60.0,6,False,True,0,False,,cu01_local_temp_avg_c__rise,0.003173828125
injected,cu01_local_temp_avg_c__rise,1.0,60.0,7,False,False,0,False,,cu01_local_hum_avg_pct__rise,0.006270475685596466
injected,cu01_local_temp_avg_c__rise,1.0,60.0,8,False,True,0,False,,cu01_local_temp_avg_c__rise,0.003692626953125
injected,cu01_local_temp_avg_c__rise,1.0,60.0,9,False,True,0,False,,cu01_local_temp_avg_c__rise,0.001708984375
injected,cu01_local_temp_avg_c__rise,1.0,60.0,10,True,True,1,False,cu01_local_temp_avg_c__rise,cu01_local_temp_avg_c__rise,0.00048828125
injected,cu01_local_temp_avg_c__rise,1.0,60.0,11,True,True,1,False,cu01_local_temp_avg_c__rise,cu01_local_temp_avg_c__rise,0.000244140625
injected,cu01_local_temp_avg_c__rise,1.0,60.0,12,False,True,0,False,,cu01_local_temp_avg_c__rise,0.0064697265625
injected,cu01_local_temp_avg_c__rise,1.0,60.0,13,True,True,1,False,cu01_local_temp_avg_c__rise,cu01_local_temp_avg_c__rise,0.00048828125
injected,cu01_local_temp_avg_c__rise,1.0,60.0,14,False,True,0,False,,cu01_local_temp_avg_c__rise,0.005859375
injected,cu01_local_temp_avg_c__rise,1.0,60.0,15,False,True,0,False,,cu01_local_temp_avg_c__rise,0.003173828125
injected,cu01_local_temp_avg_c__rise,1.0,60.0,16,False,True,0,False,,cu01_local_temp_avg_c__rise,0.003173828125
injected,cu01_local_temp_avg_c__rise,1.0,60.0,17,False,True,0,False,,cu01_local_temp_avg_c__rise,0.01123046875
injected,cu01_local_temp_avg_c__rise,1.0,60.0,18,False,False,0,False,,cu01_local_hum_avg_pct__rise,0.004065029323101044
injected,cu01_local_temp_avg_c__rise,1.0,60.0,19,True,True,1,False,cu01_local_temp_avg_c__rise,cu01_local_temp_avg_c__rise,0.000244140625
injected,cu01_local_temp_avg_c__rise,1.0,60.0,20,True,True,1,False,cu01_local_temp_avg_c__rise,cu01_local_temp_avg_c__rise,0.00048828125
injected,cu01_local_temp_avg_c__rise,1.0,60.0,21,True,True,1,False,cu01_local_temp_avg_c__rise,cu01_local_temp_avg_c__rise,0.000244140625
injected,cu01_local_temp_avg_c__rise,1.0,60.0,22,True,True,1,False,cu01_local_temp_avg_c__rise,cu01_local_temp_avg_c__rise,0.000244140625
injected,cu01_local_temp_avg_c__rise,1.0,60.0,23,False,False,0,False,,sj01_local_wind_speed_ms__rise,0.0063629150390625
injected,cu01_local_temp_avg_c__rise,1.0,60.0,24,False,False,0,False,,cu01_local_hum_avg_pct__rise,0.008062400855123998
injected,cu01_local_temp_avg_c__rise,1.0,60.0,25,False,False,0,False,,cu01_local_hum_avg_pct__rise,0.005336920265108347
injected,cu01_local_temp_avg_c__rise,1.0,60.0,26,False,True,0,False,,cu01_local_temp_avg_c__rise,0.001708984375
injected,cu01_local_temp_avg_c__rise,1.0,60.0,27,False,True,0,False,,cu01_local_temp_avg_c__rise,0.001708984375
injected,cu01_local_temp_avg_c__rise,1.0,60.0,28,True,True,1,False,cu01_local_temp_avg_c__rise,cu01_local_temp_avg_c__rise,0.000244140625
injected,cu01_local_temp_avg_c__rise,1.0,60.0,29,False,False,0,False,,cu01_local_hum_avg_pct__rise,0.0026114396750926976
injected,cu01_local_temp_avg_c__rise,1.0,60.0,30,False,True,0,False,,cu01_local_temp_avg_c__rise,0.001708984375
injected,cu01_local_temp_avg_c__rise,1.0,60.0,31,False,True,0,False,,cu01_local_temp_avg_c__rise,0.001708984375
injected,cu01_local_temp_avg_c__rise,1.0,60.0,32,False,True,0,False,,cu01_local_temp_avg_c__rise,0.003173828125
injected,cu01_local_temp_avg_c__rise,1.0,60.0,33,False,True,0,False,,cu01_local_temp_avg_c__rise,0.01123046875
injected,cu01_local_temp_avg_c__rise,1.0,60.0,34,False,True,0,False,,cu01_local_temp_avg_c__rise,0.0106353759765625
injected,cu01_local_temp_avg_c__rise,1.0,60.0,35,False,True,0,False,,cu01_local_temp_avg_c__rise,0.001708984375
injected,cu01_local_temp_avg_c__rise,1.0,60.0,36,True,True,1,False,cu01_local_temp_avg_c__rise,cu01_local_temp_avg_c__rise,0.00048828125
injected,cu01_local_temp_avg_c__rise,1.0,60.0,37,False,True,0,False,,cu01_local_temp_avg_c__rise,0.0064697265625
injected,cu01_local_temp_avg_c__rise,1.0,60.0,38,False,True,0,False,,cu01_local_temp_avg_c__rise,0.001708984375
injected,cu01_local_temp_avg_c__rise,1.0,60.0,39,False,False,0,False,,cu01_local_hum_avg_pct__rise,0.0026114396750926976
injected,cu01_local_temp_avg_c__rise,1.0,60.0,40,True,True,1,False,cu01_local_temp_avg_c__rise,cu01_local_temp_avg_c__rise,0.00048828125
injected,cu01_local_temp_avg_c__rise,1.0,60.0,41,False,True,0,False,,cu01_local_temp_avg_c__rise,0.001708984375
injected,cu01_local_temp_avg_c__rise,1.0,60.0,42,True,True,1,False,cu01_local_temp_avg_c__rise,cu01_local_temp_avg_c__rise,0.00048828125
injected,cu01_local_temp_avg_c__rise,1.0,60.0,43,False,False,0,False,,cu01_local_hum_avg_pct__rise,0.008062400855123998
injected,cu01_local_temp_avg_c__rise,1.0,60.0,44,True,True,1,False,cu01_local_temp_avg_c__rise,cu01_local_temp_avg_c__rise,0.00048828125
injected,cu01_local_temp_avg_c__rise,1.0,60.0,45,True,True,1,False,cu01_local_temp_avg_c__rise,cu01_local_temp_avg_c__rise,0.000244140625
injected,cu01_local_temp_avg_c__rise,1.0,60.0,46,False,False,0,False,,sj01_local_wind_speed_ms__rise,0.0063629150390625
injected,cu01_local_temp_avg_c__rise,1.0,60.0,47,False,False,0,False,,cu01_local_hum_avg_pct__rise,0.0026114396750926976
injected,cu01_local_temp_avg_c__rise,1.0,60.0,48,False,True,0,False,,cu01_local_temp_avg_c__rise,0.001708984375
injected,cu01_local_temp_avg_c__rise,1.0,60.0,49,True,True,1,False,cu01_local_temp_avg_c__rise,cu01_local_temp_avg_c__rise,0.000244140625
null,,0.0,,0,False,False,0,False,,cu01_local_temp_avg_c__rise,0.046142578125
null,,0.0,,1,False,False,0,False,,sj01_local_press_hpa__rise,0.03271484375
null,,0.0,,2,False,False,1,True,cu01_local_hum_avg_pct__fall,cu01_local_hum_avg_pct__fall,0.001299738883972168
null,,0.0,,3,False,False,0,False,,sj01_local_press_hpa__fall,0.057659149169921875
null,,0.0,,4,False,False,0,False,,cu01_local_hum_avg_pct__fall,0.09462356567382812
null,,0.0,,5,False,False,0,False,,cu01_local_temp_avg_c__fall,0.0717315673828125
null,,0.0,,6,False,False,0,False,,sj01_local_wind_speed_ms__rise,0.15372812747955322
null,,0.0,,7,False,False,0,False,,cu01_local_hum_avg_pct__fall,0.2403411865234375
null,,0.0,,8,False,False,0,False,,sj01_local_press_hpa__fall,0.0317840576171875
null,,0.0,,9,False,False,0,False,,sj01_local_press_hpa__fall,0.0286865234375
null,,0.0,,10,False,False,0,False,,sj01_local_hum_avg_pct__rise,0.048126220703125
null,,0.0,,11,False,False,0,False,,cu01_local_temp_avg_c__fall,0.01123046875
null,,0.0,,12,False,False,0,False,,cu01_local_hum_avg_pct__fall,0.22103416919708252
null,,0.0,,13,False,False,0,False,,sj01_local_wind_speed_ms__fall,0.03195732831954956
null,,0.0,,14,False,False,0,False,,sj01_local_wind_speed_ms__rise,0.01734483242034912
null,,0.0,,15,False,False,0,False,,cu01_local_temp_avg_c__rise,0.08978271484375
null,,0.0,,16,False,False,0,False,,cu01_local_temp_avg_c__fall,0.08353424072265625
null,,0.0,,17,False,False,0,False,,sj01_local_press_hpa__rise,0.1661529541015625
null,,0.0,,18,False,False,0,False,,sj01_local_hum_avg_pct__rise,0.0106353759765625
null,,0.0,,19,False,False,0,False,,sj01_local_wind_speed_ms__fall,0.14313936233520508
null,,0.0,,20,False,False,0,False,,sj01_local_press_hpa__fall,0.08978271484375
null,,0.0,,21,False,False,0,False,,sj01_local_wind_speed_ms__fall,0.057659149169921875
null,,0.0,,22,False,False,0,False,,cu01_local_temp_avg_c__fall,0.1189422607421875
null,,0.0,,23,False,False,0,False,,cu01_local_temp_avg_c__rise,0.019287109375
null,,0.0,,24,False,False,0,False,,sj01_local_hum_avg_pct__fall,0.0063629150390625
null,,0.0,,25,False,False,0,False,,cu01_local_hum_avg_pct__rise,0.0717315673828125
null,,0.0,,26,False,False,0,False,,cu01_local_hum_avg_pct__rise,0.1189422607421875
null,,0.0,,27,False,False,0,False,,sj01_local_press_hpa__fall,0.03917694091796875
null,,0.0,,28,False,False,0,False,,sj01_local_hum_avg_pct__fall,0.057659149169921875
null,,0.0,,29,False,False,0,False,,sj01_local_wind_speed_ms__rise,0.005311012268066406
null,,0.0,,30,False,False,0,False,,cu01_local_temp_avg_c__rise,0.171875
null,,0.0,,31,False,False,0,False,,sj01_local_wind_speed_ms__fall,0.026119492948055267
null,,0.0,,32,False,False,0,False,,sj01_local_hum_avg_pct__rise,0.06690025329589844
null,,0.0,,33,False,False,0,False,,sj01_local_hum_avg_pct__rise,0.03917694091796875
null,,0.0,,34,False,False,0,False,,sj01_local_wind_speed_ms__rise,0.0317840576171875
null,,0.0,,35,False,False,0,False,,sj01_local_wind_speed_ms__rise,0.026119492948055267
null,,0.0,,36,False,False,0,False,,sj01_local_wind_speed_ms__rise,0.021642625331878662
null,,0.0,,37,False,False,0,False,,sj01_local_hum_avg_pct__fall,0.046142578125
null,,0.0,,38,False,False,0,False,,sj01_local_hum_avg_pct__rise,0.017578125
null,,0.0,,39,False,False,0,False,,sj01_local_wind_speed_ms__fall,0.04357927665114403
null,,0.0,,40,False,False,0,False,,sj01_local_hum_avg_pct__rise,0.0384063720703125
null,,0.0,,41,False,False,0,False,,cu01_local_temp_avg_c__fall,0.0245208740234375
null,,0.0,,42,False,False,0,False,,sj01_local_wind_speed_ms__rise,0.020694732666015625
null,,0.0,,43,False,False,0,False,,cu01_local_hum_avg_pct__fall,0.21217811107635498
null,,0.0,,44,False,False,0,False,,sj01_local_press_hpa__rise,0.03917694091796875
null,,0.0,,45,False,False,0,False,,sj01_local_wind_speed_ms__fall,0.08353424072265625
null,,0.0,,46,False,False,0,False,,sj01_local_press_hpa__rise,0.0106353759765625
null,,0.0,,47,False,False,0,False,,sj01_local_press_hpa__rise,0.1796417236328125
null,,0.0,,48,False,False,0,False,,sj01_local_hum_avg_pct__rise,0.048126220703125
null,,0.0,,49,False,False,0,False,,sj01_local_wind_speed_ms__rise,0.021642625331878662
null,,0.0,,50,False,False,0,False,,sj01_local_wind_speed_ms__rise,0.026119492948055267
null,,0.0,,51,False,False,0,False,,cu01_local_temp_avg_c__rise,0.05923461914062499
null,,0.0,,52,False,False,0,False,,cu01_local_temp_avg_c__fall,0.072998046875
null,,0.0,,53,False,False,0,False,,sj01_local_hum_avg_pct__rise,0.057659149169921875
null,,0.0,,54,False,False,0,False,,cu01_local_temp_avg_c__fall,0.0046776533126831055
null,,0.0,,55,False,False,0,False,,cu01_local_hum_avg_pct__fall,0.06690025329589844
null,,0.0,,56,False,False,0,False,,sj01_local_press_hpa__rise,0.0245208740234375
null,,0.0,,57,False,False,0,False,,sj01_local_hum_avg_pct__rise,0.06690025329589844
null,,0.0,,58,False,False,0,False,,sj01_local_hum_avg_pct__rise,0.29052734375
null,,0.0,,59,False,False,0,False,,sj01_local_hum_avg_pct__rise,0.026239395141601562
null,,0.0,,60,False,False,0,False,,cu01_local_hum_avg_pct__fall,0.0046776533126831055
null,,0.0,,61,False,False,0,False,,sj01_local_press_hpa__fall,0.00845026969909668
null,,0.0,,62,False,False,0,False,,sj01_local_press_hpa__rise,0.1334228515625
null,,0.0,,63,False,False,0,False,,sj01_local_wind_speed_ms__rise,0.06690025329589844
null,,0.0,,64,False,False,0,False,,cu01_local_hum_avg_pct__rise,0.07579481601715088
null,,0.0,,65,False,False,0,False,,sj01_local_press_hpa__rise,0.01734483242034912
null,,0.0,,66,False,False,0,False,,cu01_local_hum_avg_pct__rise,0.21217811107635498
null,,0.0,,67,False,False,0,False,,sj01_local_press_hpa__fall,0.01544189453125
null,,0.0,,68,False,False,0,False,,cu01_local_temp_avg_c__fall,0.0106353759765625
null,,0.0,,69,False,False,0,False,,sj01_local_wind_speed_ms__fall,0.01205977238714695
null,,0.0,,70,False,False,0,False,,sj01_local_hum_avg_pct__rise,0.06690025329589844
null,,0.0,,71,False,False,0,False,,cu01_local_hum_avg_pct__rise,0.017578125
null,,0.0,,72,False,False,0,False,,sj01_local_wind_speed_ms__rise,0.10501980781555176
null,,0.0,,73,False,False,0,False,,sj01_local_press_hpa__fall,0.1050567626953125
null,,0.0,,74,False,False,0,False,,sj01_local_press_hpa__rise,0.09462356567382812
null,,0.0,,75,False,False,0,False,,cu01_local_temp_avg_c__rise,0.0286865234375
null,,0.0,,76,False,False,0,False,,cu01_local_hum_avg_pct__fall,0.057659149169921875
null,,0.0,,77,False,False,0,False,,sj01_local_wind_speed_ms__fall,0.020694732666015625
null,,0.0,,78,False,False,0,False,,cu01_local_temp_avg_c__fall,0.05923461914062499
null,,0.0,,79,False,False,1,True,cu01_local_temp_avg_c__fall,cu01_local_temp_avg_c__fall,0.0011749267578125
null,,0.0,,80,False,False,0,False,,cu01_local_temp_avg_c__rise,0.1661529541015625
null,,0.0,,81,False,False,0,False,,sj01_local_wind_speed_ms__fall,0.07480639219284058
null,,0.0,,82,False,False,0,False,,cu01_local_temp_avg_c__rise,0.005859375
null,,0.0,,83,False,False,0,False,,sj01_local_hum_avg_pct__rise,0.1796417236328125
null,,0.0,,84,False,False,0,False,,sj01_local_hum_avg_pct__fall,0.08353424072265625
null,,0.0,,85,False,False,0,False,,sj01_local_hum_avg_pct__rise,0.00960540771484375
null,,0.0,,86,False,False,0,False,,cu01_local_temp_avg_c__fall,0.017578125
null,,0.0,,87,False,False,0,False,,sj01_local_wind_speed_ms__fall,0.08353424072265625
null,,0.0,,88,False,False,0,False,,sj01_local_hum_avg_pct__fall,0.020694732666015625
null,,0.0,,89,False,False,0,False,,sj01_local_wind_speed_ms__rise,0.08978271484375
null,,0.0,,90,False,False,0,False,,cu01_local_temp_avg_c__fall,0.072998046875
null,,0.0,,91,False,False,0,False,,sj01_local_press_hpa__fall,0.046142578125
null,,0.0,,92,False,False,0,False,,cu01_local_temp_avg_c__fall,0.08978271484375
null,,0.0,,93,False,False,0,False,,sj01_local_hum_avg_pct__rise,0.0245208740234375
null,,0.0,,94,False,False,0,False,,sj01_local_wind_speed_ms__fall,0.19165515899658203
null,,0.0,,95,False,False,0,False,,sj01_local_hum_avg_pct__rise,0.1189422607421875
null,,0.0,,96,False,False,0,False,,sj01_local_hum_avg_pct__rise,0.14313936233520508
null,,0.0,,97,False,False,0,False,,cu01_local_hum_avg_pct__rise,0.1189422607421875
null,,0.0,,98,False,False,0,False,,sj01_local_press_hpa__rise,0.005908966064453125
null,,0.0,,99,False,False,0,False,,sj01_local_wind_speed_ms__rise,0.013301849365234375
null,,0.0,,100,False,False,0,False,,sj01_local_wind_speed_ms__fall,0.055092082591727376
null,,0.0,,101,False,False,0,False,,sj01_local_hum_avg_pct__fall,0.1661529541015625
null,,0.0,,102,False,False,0,False,,sj01_local_hum_avg_pct__rise,0.19165515899658203
null,,0.0,,103,False,False,0,False,,cu01_local_hum_avg_pct__rise,0.28579409420490265
null,,0.0,,104,False,False,0,False,,sj01_local_hum_avg_pct__rise,0.005311012268066406
null,,0.0,,105,False,False,0,False,,sj01_local_wind_speed_ms__rise,0.2517223358154297
null,,0.0,,106,False,False,0,False,,cu01_local_temp_avg_c__rise,0.0286865234375
null,,0.0,,107,False,False,0,False,,sj01_local_press_hpa__rise,0.0245208740234375
null,,0.0,,108,False,False,0,False,,cu01_local_hum_avg_pct__fall,0.01544189453125
null,,0.0,,109,False,False,0,False,,cu01_local_hum_avg_pct__rise,0.021642625331878662
null,,0.0,,110,False,False,0,False,,cu01_local_temp_avg_c__rise,0.03271484375
null,,0.0,,111,False,False,0,False,,cu01_local_temp_avg_c__rise,0.05923461914062499
null,,0.0,,112,False,False,0,False,,cu01_local_temp_avg_c__fall,0.0384063720703125
null,,0.0,,113,False,False,0,False,,cu01_local_temp_avg_c__rise,0.046142578125
null,,0.0,,114,False,False,0,False,,cu01_local_hum_avg_pct__fall,0.12389428168535233
null,,0.0,,115,False,False,0,False,,cu01_local_temp_avg_c__fall,0.020694732666015625
null,,0.0,,116,False,False,0,False,,sj01_local_wind_speed_ms__rise,0.0095786452293396
null,,0.0,,117,False,False,0,False,,sj01_local_wind_speed_ms__rise,0.011327922344207764
null,,0.0,,118,False,False,0,False,,sj01_local_hum_avg_pct__rise,0.09462356567382812
null,,0.0,,119,False,False,0,False,,sj01_local_hum_avg_pct__rise,0.1189422607421875
null,,0.0,,120,False,False,0,False,,sj01_local_press_hpa__rise,0.16346979141235352
null,,0.0,,121,False,False,0,False,,cu01_local_hum_avg_pct__rise,0.14313936233520508
null,,0.0,,122,False,False,0,False,,cu01_local_temp_avg_c__fall,0.0317840576171875
null,,0.0,,123,False,False,0,False,,sj01_local_hum_avg_pct__fall,0.1189422607421875
null,,0.0,,124,False,False,0,False,,sj01_local_wind_speed_ms__rise,0.03917694091796875
null,,0.0,,125,False,False,0,False,,sj01_local_press_hpa__fall,0.0020904541015625
null,,0.0,,126,False,False,0,False,,sj01_local_wind_speed_ms__rise,0.057659149169921875
null,,0.0,,127,False,False,0,False,,sj01_local_wind_speed_ms__fall,0.12149247701745483
null,,0.0,,128,False,False,0,False,,sj01_local_wind_speed_ms__rise,0.021642625331878662
null,,0.0,,129,False,False,0,False,,sj01_local_wind_speed_ms__rise,0.048126220703125
null,,0.0,,130,False,False,0,False,,sj01_local_hum_avg_pct__rise,0.00960540771484375
null,,0.0,,131,False,False,0,False,,cu01_local_temp_avg_c__fall,0.048126220703125
null,,0.0,,132,False,False,0,False,,sj01_local_press_hpa__fall,0.1189422607421875
null,,0.0,,133,False,False,0,False,,cu01_local_temp_avg_c__rise,0.08978271484375
null,,0.0,,134,False,False,0,False,,cu01_local_temp_avg_c__fall,0.01544189453125
null,,0.0,,135,False,False,0,False,,cu01_local_hum_avg_pct__fall,0.10501980781555176
null,,0.0,,136,False,False,0,False,,sj01_local_wind_speed_ms__fall,0.05387607216835022
null,,0.0,,137,False,False,0,False,,cu01_local_hum_avg_pct__rise,0.04656982421875
null,,0.0,,138,False,False,0,False,,sj01_local_press_hpa__rise,0.05923461914062499
null,,0.0,,139,False,False,0,False,,cu01_local_temp_avg_c__fall,0.08353424072265625
null,,0.0,,140,False,False,0,False,,sj01_local_press_hpa__fall,0.05923461914062499
null,,0.0,,141,False,False,0,False,,sj01_local_wind_speed_ms__rise,0.17246422544121742
null,,0.0,,142,False,False,0,False,,sj01_local_wind_speed_ms__rise,0.08431877195835114
null,,0.0,,143,False,False,0,False,,sj01_local_press_hpa__rise,0.01544189453125
null,,0.0,,144,False,False,0,False,,cu01_local_temp_avg_c__fall,0.1050567626953125
null,,0.0,,145,False,False,0,False,,sj01_local_press_hpa__fall,0.020694732666015625
null,,0.0,,146,False,False,0,False,,sj01_local_hum_avg_pct__rise,0.046142578125
null,,0.0,,147,False,False,0,False,,sj01_local_hum_avg_pct__rise,0.11328125
null,,0.0,,148,False,False,0,False,,cu01_local_temp_avg_c__rise,0.0717315673828125
null,,0.0,,149,False,False,0,False,,cu01_local_hum_avg_pct__rise,0.22912915982306004
null,,0.0,,150,False,False,0,False,,sj01_local_hum_avg_pct__fall,0.0717315673828125
null,,0.0,,151,False,False,0,False,,sj01_local_hum_avg_pct__fall,0.03917694091796875
null,,0.0,,152,False,False,0,False,,sj01_local_wind_speed_ms__rise,0.0384063720703125
null,,0.0,,153,False,False,0,False,,cu01_local_hum_avg_pct__fall,0.12389428168535233
null,,0.0,,154,False,False,0,False,,sj01_local_wind_speed_ms__rise,0.0717315673828125
null,,0.0,,155,False,False,0,False,,sj01_local_press_hpa__rise,0.21217811107635498
null,,0.0,,156,False,False,0,False,,cu01_local_temp_avg_c__fall,0.05923461914062499
null,,0.0,,157,False,False,0,False,,sj01_local_press_hpa__rise,0.048126220703125
null,,0.0,,158,False,False,0,False,,sj01_local_hum_avg_pct__fall,0.11328125
null,,0.0,,159,False,False,0,False,,sj01_local_press_hpa__fall,0.046142578125
null,,0.0,,160,False,False,0,False,,cu01_local_hum_avg_pct__rise,0.03775934875011444
null,,0.0,,161,False,False,0,False,,sj01_local_wind_speed_ms__fall,0.06802297383546829
null,,0.0,,162,False,False,0,False,,sj01_local_press_hpa__fall,0.0384063720703125
null,,0.0,,163,False,False,0,False,,cu01_local_temp_avg_c__fall,0.1334228515625
null,,0.0,,164,False,False,0,False,,sj01_local_hum_avg_pct__rise,0.03917694091796875
null,,0.0,,165,False,False,0,False,,sj01_local_hum_avg_pct__fall,0.08353424072265625
null,,0.0,,166,False,False,0,False,,sj01_local_hum_avg_pct__fall,0.0022125244140625
null,,0.0,,167,False,False,0,False,,cu01_local_temp_avg_c__fall,0.00960540771484375
null,,0.0,,168,False,False,0,False,,sj01_local_hum_avg_pct__rise,0.03917694091796875
null,,0.0,,169,False,False,0,False,,cu01_local_temp_avg_c__fall,0.1334228515625
null,,0.0,,170,False,False,0,False,,sj01_local_wind_speed_ms__fall,0.04656982421875
null,,0.0,,171,False,False,0,False,,cu01_local_temp_avg_c__fall,0.09462356567382812
null,,0.0,,172,False,False,0,False,,cu01_local_hum_avg_pct__fall,0.0717315673828125
null,,0.0,,173,False,False,0,False,,cu01_local_temp_avg_c__fall,0.21197509765625
null,,0.0,,174,False,False,0,False,,cu01_local_hum_avg_pct__fall,0.005908966064453125
null,,0.0,,175,False,False,0,False,,sj01_local_hum_avg_pct__rise,0.0717315673828125
null,,0.0,,176,False,False,0,False,,sj01_local_wind_speed_ms__fall,0.09246667101979256
null,,0.0,,177,False,False,0,False,,sj01_local_wind_speed_ms__rise,0.08431877195835114
null,,0.0,,178,False,False,0,False,,sj01_local_wind_speed_ms__fall,0.021386972628533847
null,,0.0,,179,False,False,0,False,,sj01_local_hum_avg_pct__rise,0.072998046875
null,,0.0,,180,False,False,0,False,,cu01_local_hum_avg_pct__rise,0.04357927665114403
null,,0.0,,181,False,False,0,False,,sj01_local_press_hpa__fall,0.020694732666015625
null,,0.0,,182,False,False,0,False,,cu01_local_hum_avg_pct__fall,0.1334228515625
null,,0.0,,183,False,False,0,False,,sj01_local_press_hpa__rise,0.0717315673828125
null,,0.0,,184,False,False,0,False,,sj01_local_wind_speed_ms__fall,0.2785985469818115
null,,0.0,,185,False,False,0,False,,sj01_local_hum_avg_pct__fall,0.03515625
null,,0.0,,186,False,False,0,False,,sj01_local_press_hpa__fall,0.072998046875
null,,0.0,,187,False,False,0,False,,sj01_local_press_hpa__rise,0.09462356567382812
null,,0.0,,188,False,False,0,False,,cu01_local_hum_avg_pct__rise,0.28579409420490265
null,,0.0,,189,False,False,0,False,,cu01_local_hum_avg_pct__rise,0.013301849365234375
null,,0.0,,190,False,False,0,False,,cu01_local_temp_avg_c__fall,0.048126220703125
null,,0.0,,191,False,False,0,False,,sj01_local_wind_speed_ms__rise,0.1050567626953125
null,,0.0,,192,False,False,0,False,,sj01_local_press_hpa__fall,0.14313936233520508
null,,0.0,,193,False,False,0,False,,sj01_local_wind_speed_ms__fall,0.08137782872654498
null,,0.0,,194,False,False,0,False,,sj01_local_hum_avg_pct__fall,0.026239395141601562
null,,0.0,,195,False,False,0,False,,sj01_local_wind_speed_ms__fall,0.12149247701745483
null,,0.0,,196,False,False,0,False,,cu01_local_temp_avg_c__fall,0.0317840576171875
null,,0.0,,197,False,False,0,False,,cu01_local_temp_avg_c__rise,0.005859375
null,,0.0,,198,False,False,0,False,,cu01_local_hum_avg_pct__fall,0.0245208740234375
null,,0.0,,199,False,False,0,False,,cu01_local_temp_avg_c__rise,0.019287109375
null,,0.0,,200,False,False,0,False,,sj01_local_hum_avg_pct__rise,0.01544189453125
null,,0.0,,201,False,False,0,False,,sj01_local_hum_avg_pct__fall,0.03917694091796875
null,,0.0,,202,False,False,0,False,,sj01_local_hum_avg_pct__fall,0.0317840576171875
null,,0.0,,203,False,False,0,False,,cu01_local_temp_avg_c__fall,0.00960540771484375
null,,0.0,,204,False,False,0,False,,sj01_local_wind_speed_ms__fall,0.05387607216835022
null,,0.0,,205,False,False,0,False,,sj01_local_press_hpa__fall,0.020694732666015625
null,,0.0,,206,False,False,0,False,,sj01_local_hum_avg_pct__fall,0.03917694091796875
null,,0.0,,207,False,False,0,False,,cu01_local_temp_avg_c__fall,0.0245208740234375
null,,0.0,,208,False,False,0,False,,sj01_local_hum_avg_pct__fall,0.03917694091796875
null,,0.0,,209,False,False,0,False,,sj01_local_hum_avg_pct__fall,0.03917694091796875
null,,0.0,,210,False,False,1,True,cu01_local_temp_avg_c__fall,cu01_local_temp_avg_c__fall,0.0001220703125
null,,0.0,,211,False,False,0,False,,sj01_local_hum_avg_pct__rise,0.19384765625
null,,0.0,,212,False,False,0,False,,sj01_local_hum_avg_pct__fall,0.09462356567382812
null,,0.0,,213,False,False,0,False,,cu01_local_temp_avg_c__fall,0.005908966064453125
null,,0.0,,214,False,False,0,False,,sj01_local_wind_speed_ms__rise,0.08431877195835114
null,,0.0,,215,False,False,0,False,,sj01_local_wind_speed_ms__fall,0.0046776533126831055
null,,0.0,,216,False,False,0,False,,cu01_local_temp_avg_c__fall,0.1661529541015625
null,,0.0,,217,False,False,0,False,,cu01_local_hum_avg_pct__fall,0.04656982421875
null,,0.0,,218,False,False,0,False,,sj01_local_wind_speed_ms__fall,0.10501980781555176
null,,0.0,,219,False,False,0,False,,sj01_local_press_hpa__fall,0.171875
null,,0.0,,220,False,False,0,False,,sj01_local_wind_speed_ms__rise,0.06802297383546829
null,,0.0,,221,False,False,0,False,,sj01_local_wind_speed_ms__fall,0.2785985469818115
null,,0.0,,222,False,False,0,False,,cu01_local_temp_avg_c__fall,0.057659149169921875
null,,0.0,,223,False,False,0,False,,cu01_local_temp_avg_c__fall,0.048126220703125
null,,0.0,,224,False,False,0,False,,cu01_local_hum_avg_pct__fall,0.03775934875011444
null,,0.0,,225,False,False,0,False,,cu01_local_hum_avg_pct__rise,0.03917694091796875
null,,0.0,,226,False,False,0,False,,sj01_local_press_hpa__rise,0.08353424072265625
null,,0.0,,227,False,False,0,False,,sj01_local_press_hpa__rise,0.057659149169921875
null,,0.0,,228,False,False,0,False,,cu01_local_hum_avg_pct__rise,0.0095786452293396
null,,0.0,,229,False,False,0,False,,sj01_local_wind_speed_ms__fall,0.048126220703125
null,,0.0,,230,False,False,0,False,,sj01_local_press_hpa__rise,0.1661529541015625
null,,0.0,,231,False,False,0,False,,cu01_local_hum_avg_pct__fall,0.005311012268066406
null,,0.0,,232,False,False,0,False,,sj01_local_hum_avg_pct__rise,0.11328125
null,,0.0,,233,False,False,0,False,,sj01_local_wind_speed_ms__fall,0.003305375576019287
null,,0.0,,234,False,False,0,False,,cu01_local_hum_avg_pct__rise,0.011327922344207764
null,,0.0,,235,False,False,0,False,,cu01_local_hum_avg_pct__fall,0.0717315673828125
null,,0.0,,236,False,False,0,False,,sj01_local_hum_avg_pct__rise,0.1334228515625
null,,0.0,,237,False,False,0,False,,sj01_local_wind_speed_ms__fall,0.1189422607421875
null,,0.0,,238,False,False,0,False,,cu01_local_hum_avg_pct__rise,0.01544189453125
null,,0.0,,239,False,False,0,False,,sj01_local_press_hpa__rise,0.1189422607421875
null,,0.0,,240,False,False,0,False,,sj01_local_hum_avg_pct__rise,0.1189422607421875
null,,0.0,,241,False,False,0,False,,cu01_local_temp_avg_c__fall,0.01544189453125
null,,0.0,,242,False,False,0,False,,sj01_local_hum_avg_pct__fall,0.1334228515625
null,,0.0,,243,False,False,0,False,,sj01_local_wind_speed_ms__rise,0.1189422607421875
null,,0.0,,244,False,False,0,False,,sj01_local_press_hpa__rise,0.1796417236328125
null,,0.0,,245,False,False,0,False,,sj01_local_wind_speed_ms__rise,0.05387607216835022
null,,0.0,,246,False,False,0,False,,cu01_local_hum_avg_pct__fall,0.16346979141235352
null,,0.0,,247,False,False,0,False,,sj01_local_wind_speed_ms__fall,0.03775934875011444
null,,0.0,,248,False,False,0,False,,cu01_local_hum_avg_pct__fall,0.021642625331878662
null,,0.0,,249,False,False,0,False,,sj01_local_press_hpa__rise,0.15372812747955322
null,,0.0,,250,False,False,0,False,,cu01_local_temp_avg_c__fall,0.10501980781555176
null,,0.0,,251,False,False,0,False,,sj01_local_wind_speed_ms__rise,0.08353424072265625
null,,0.0,,252,False,False,0,False,,cu01_local_hum_avg_pct__fall,0.12389428168535233
null,,0.0,,253,False,False,0,False,,sj01_local_wind_speed_ms__rise,0.0317840576171875
null,,0.0,,254,False,False,0,False,,sj01_local_wind_speed_ms__rise,0.15372812747955322
null,,0.0,,255,False,False,0,False,,cu01_local_hum_avg_pct__fall,0.013301849365234375
null,,0.0,,256,False,False,0,False,,sj01_local_hum_avg_pct__fall,0.05387607216835022
null,,0.0,,257,False,False,0,False,,sj01_local_press_hpa__rise,0.2024364471435547
null,,0.0,,258,False,False,0,False,,sj01_local_hum_avg_pct__fall,0.09462356567382812
null,,0.0,,259,False,False,0,False,,cu01_local_hum_avg_pct__rise,0.07579481601715088
null,,0.0,,260,False,False,0,False,,sj01_local_hum_avg_pct__rise,0.1189422607421875
null,,0.0,,261,False,False,0,False,,cu01_local_hum_avg_pct__rise,0.14313936233520508
null,,0.0,,262,False,False,0,False,,sj01_local_hum_avg_pct__rise,0.0384063720703125
null,,0.0,,263,False,False,0,False,,sj01_local_wind_speed_ms__fall,0.07480639219284058
null,,0.0,,264,False,False,0,False,,sj01_local_wind_speed_ms__fall,0.13158798217773438
null,,0.0,,265,False,False,0,False,,sj01_local_press_hpa__rise,0.08353424072265625
null,,0.0,,266,False,False,0,False,,sj01_local_hum_avg_pct__fall,0.0384063720703125
null,,0.0,,267,False,False,0,False,,sj01_local_hum_avg_pct__rise,0.1189422607421875
null,,0.0,,268,False,False,0,False,,sj01_local_hum_avg_pct__fall,0.0063629150390625
null,,0.0,,269,False,False,0,False,,sj01_local_hum_avg_pct__fall,0.072998046875
null,,0.0,,270,False,False,0,False,,sj01_local_wind_speed_ms__fall,0.020694732666015625
null,,0.0,,271,False,False,0,False,,sj01_local_wind_speed_ms__rise,0.057659149169921875
null,,0.0,,272,False,False,0,False,,cu01_local_hum_avg_pct__rise,0.05387607216835022
null,,0.0,,273,False,False,0,False,,cu01_local_hum_avg_pct__rise,0.0717315673828125
null,,0.0,,274,False,False,0,False,,cu01_local_hum_avg_pct__fall,0.03195732831954956
null,,0.0,,275,False,False,0,False,,sj01_local_press_hpa__fall,0.08353424072265625
null,,0.0,,276,False,False,0,False,,sj01_local_press_hpa__fall,0.2272491455078125
null,,0.0,,277,False,False,0,False,,cu01_local_temp_avg_c__fall,0.01123046875
null,,0.0,,278,False,False,0,False,,sj01_local_hum_avg_pct__rise,0.0063629150390625
null,,0.0,,279,False,False,0,False,,cu01_local_temp_avg_c__rise,0.19384765625
null,,0.0,,280,False,False,0,False,,cu01_local_hum_avg_pct__fall,0.005908966064453125
null,,0.0,,281,False,False,0,False,,sj01_local_press_hpa__rise,0.0245208740234375
null,,0.0,,282,False,False,0,False,,sj01_local_press_hpa__fall,0.04656982421875
null,,0.0,,283,False,False,1,True,cu01_local_temp_avg_c__fall,cu01_local_temp_avg_c__fall,0.0007448196411132812
null,,0.0,,284,False,False,0,False,,sj01_local_wind_speed_ms__rise,0.06690025329589844
null,,0.0,,285,False,False,0,False,,cu01_local_hum_avg_pct__rise,0.0067654934246093035
null,,0.0,,286,False,False,0,False,,sj01_local_hum_avg_pct__rise,0.03271484375
null,,0.0,,287,False,False,0,False,,cu01_local_hum_avg_pct__fall,0.05387607216835022
null,,0.0,,288,False,False,0,False,,sj01_local_wind_speed_ms__fall,0.05387607216835022
null,,0.0,,289,False,False,0,False,,sj01_local_wind_speed_ms__rise,0.07579481601715088
null,,0.0,,290,False,False,0,False,,sj01_local_press_hpa__fall,0.048126220703125
null,,0.0,,291,False,False,1,True,cu01_local_temp_avg_c__fall,cu01_local_temp_avg_c__fall,0.0001220703125
null,,0.0,,292,False,False,0,False,,sj01_local_press_hpa__fall,0.01544189453125
null,,0.0,,293,False,False,0,False,,cu01_local_temp_avg_c__rise,0.14453125
null,,0.0,,294,False,False,0,False,,sj01_local_wind_speed_ms__fall,0.04357927665114403
null,,0.0,,295,False,False,0,False,,cu01_local_hum_avg_pct__fall,0.013301849365234375
null,,0.0,,296,False,False,0,False,,cu01_local_temp_avg_c__fall,0.0317840576171875
null,,0.0,,297,False,False,0,False,,sj01_local_hum_avg_pct__fall,0.048126220703125
null,,0.0,,298,False,False,0,False,,sj01_local_press_hpa__rise,0.0035986900329589844
null,,0.0,,299,False,False,0,False,,cu01_local_hum_avg_pct__fall,0.09246667101979256
null,,0.0,,300,False,False,0,False,,cu01_local_hum_avg_pct__rise,0.11476147174835205
null,,0.0,,301,False,False,0,False,,sj01_local_wind_speed_ms__fall,0.0095786452293396
null,,0.0,,302,False,False,0,False,,cu01_local_temp_avg_c__rise,0.0107421875
null,,0.0,,303,False,False,0,False,,sj01_local_hum_avg_pct__fall,0.06690025329589844
null,,0.0,,304,False,False,0,False,,cu01_local_temp_avg_c__rise,0.0106353759765625
null,,0.0,,305,False,False,0,False,,cu01_local_hum_avg_pct__fall,0.13158798217773438
null,,0.0,,306,False,False,0,False,,sj01_local_hum_avg_pct__fall,0.06690025329589844
null,,0.0,,307,False,False,0,False,,cu01_local_temp_avg_c__rise,0.01123046875
null,,0.0,,308,False,False,0,False,,cu01_local_hum_avg_pct__rise,0.11476147174835205
null,,0.0,,309,False,False,0,False,,sj01_local_hum_avg_pct__rise,0.046142578125
null,,0.0,,310,False,False,0,False,,cu01_local_hum_avg_pct__fall,0.057659149169921875
null,,0.0,,311,False,False,1,True,sj01_local_wind_speed_ms__fall,sj01_local_wind_speed_ms__fall,0.0001385807991027832
null,,0.0,,312,False,False,0,False,,sj01_local_press_hpa__fall,0.1050567626953125
null,,0.0,,313,False,False,0,False,,cu01_local_temp_avg_c__fall,0.017578125
null,,0.0,,314,False,False,0,False,,cu01_local_hum_avg_pct__fall,0.1189422607421875
null,,0.0,,315,False,False,0,False,,sj01_local_hum_avg_pct__fall,0.013301849365234375
null,,0.0,,316,False,False,0,False,,cu01_local_temp_avg_c__rise,0.0107421875
null,,0.0,,317,False,False,0,False,,sj01_local_hum_avg_pct__rise,0.05923461914062499
null,,0.0,,318,False,False,0,False,,sj01_local_wind_speed_ms__fall,0.026239395141601562
null,,0.0,,319,False,False,0,False,,sj01_local_wind_speed_ms__rise,0.03917694091796875
null,,0.0,,320,False,False,0,False,,sj01_local_press_hpa__fall,0.003173828125
null,,0.0,,321,False,False,0,False,,cu01_local_hum_avg_pct__fall,0.01544189453125
null,,0.0,,322,False,False,0,False,,sj01_local_wind_speed_ms__rise,0.03917694091796875
null,,0.0,,323,False,False,0,False,,cu01_local_hum_avg_pct__fall,0.020694732666015625
null,,0.0,,324,False,False,0,False,,cu01_local_temp_avg_c__rise,0.0107421875
null,,0.0,,325,False,False,0,False,,cu01_local_temp_avg_c__fall,0.0717315673828125
null,,0.0,,326,False,False,0,False,,sj01_local_wind_speed_ms__rise,0.04656982421875
null,,0.0,,327,False,False,0,False,,sj01_local_wind_speed_ms__fall,0.011327922344207764
null,,0.0,,328,False,False,0,False,,sj01_local_press_hpa__fall,0.08978271484375
null,,0.0,,329,False,False,0,False,,cu01_local_temp_avg_c__rise,0.11328125
null,,0.0,,330,False,False,0,False,,sj01_local_wind_speed_ms__rise,0.09462356567382812
null,,0.0,,331,False,False,0,False,,sj01_local_wind_speed_ms__fall,0.21217811107635498
null,,0.0,,332,False,False,0,False,,cu01_local_temp_avg_c__rise,0.019287109375
null,,0.0,,333,False,False,0,False,,sj01_local_wind_speed_ms__rise,0.04656982421875
null,,0.0,,334,False,False,0,False,,sj01_local_press_hpa__fall,0.0317840576171875
null,,0.0,,335,False,False,0,False,,sj01_local_press_hpa__fall,0.057659149169921875
null,,0.0,,336,False,False,0,False,,sj01_local_wind_speed_ms__fall,0.07480639219284058
null,,0.0,,337,False,False,0,False,,sj01_local_wind_speed_ms__fall,0.17246422544121742
null,,0.0,,338,False,False,0,False,,sj01_local_hum_avg_pct__rise,0.1796417236328125
null,,0.0,,339,False,False,0,False,,sj01_local_hum_avg_pct__fall,0.03195732831954956
null,,0.0,,340,False,False,0,False,,sj01_local_press_hpa__rise,0.08978271484375
null,,0.0,,341,False,False,0,False,,cu01_local_temp_avg_c__fall,0.08978271484375
null,,0.0,,342,False,False,0,False,,sj01_local_wind_speed_ms__fall,0.01734483242034912
null,,0.0,,343,False,False,0,False,,sj01_local_press_hpa__rise,0.14313936233520508
null,,0.0,,344,False,False,0,False,,sj01_local_press_hpa__fall,0.0286865234375
null,,0.0,,345,False,False,0,False,,cu01_local_temp_avg_c__fall,0.1050567626953125
null,,0.0,,346,False,False,0,False,,cu01_local_hum_avg_pct__rise,0.048126220703125
null,,0.0,,347,False,False,0,False,,sj01_local_press_hpa__rise,0.14313936233520508
null,,0.0,,348,False,False,0,False,,cu01_local_hum_avg_pct__rise,0.00845026969909668
null,,0.0,,349,False,False,0,False,,cu01_local_hum_avg_pct__rise,0.07579481601715088
null,,0.0,,350,False,False,0,False,,sj01_local_wind_speed_ms__rise,0.021386972628533847
null,,0.0,,351,False,False,0,False,,cu01_local_temp_avg_c__rise,0.05923461914062499
null,,0.0,,352,False,False,0,False,,sj01_local_press_hpa__rise,0.12389428168535233
null,,0.0,,353,False,False,0,False,,sj01_local_wind_speed_ms__fall,0.020694732666015625
null,,0.0,,354,False,False,0,False,,sj01_local_wind_speed_ms__rise,0.07579481601715088
null,,0.0,,355,False,False,0,False,,sj01_local_wind_speed_ms__rise,0.0022125244140625
null,,0.0,,356,False,False,0,False,,sj01_local_hum_avg_pct__fall,0.0317840576171875
null,,0.0,,357,False,False,0,False,,cu01_local_hum_avg_pct__fall,0.06690025329589844
null,,0.0,,358,False,False,0,False,,cu01_local_temp_avg_c__fall,0.00960540771484375
null,,0.0,,359,False,False,0,False,,sj01_local_wind_speed_ms__fall,0.01734483242034912
null,,0.0,,360,False,False,0,False,,sj01_local_press_hpa__rise,0.03917694091796875
null,,0.0,,361,False,False,0,False,,cu01_local_hum_avg_pct__rise,0.04656982421875
null,,0.0,,362,False,False,0,False,,cu01_local_hum_avg_pct__fall,0.026119492948055267
null,,0.0,,363,False,False,0,False,,sj01_local_wind_speed_ms__rise,0.2403411865234375
null,,0.0,,364,False,False,0,False,,sj01_local_hum_avg_pct__rise,0.0717315673828125
null,,0.0,,365,False,False,0,False,,sj01_local_press_hpa__rise,0.1796417236328125
null,,0.0,,366,False,False,0,False,,cu01_local_hum_avg_pct__rise,0.07480639219284058
null,,0.0,,367,False,False,0,False,,cu01_local_hum_avg_pct__rise,0.011327922344207764
null,,0.0,,368,False,False,2,True,cu01_local_temp_avg_c__fall;sj01_local_hum_avg_pct__rise,cu01_local_temp_avg_c__fall,6.103515625e-05
null,,0.0,,369,False,False,0,False,,sj01_local_wind_speed_ms__rise,0.12389428168535233
null,,0.0,,370,False,False,1,True,sj01_local_press_hpa__fall,sj01_local_press_hpa__fall,3.814697265625e-05
null,,0.0,,371,False,False,0,False,,cu01_local_temp_avg_c__rise,0.046142578125
null,,0.0,,372,False,False,0,False,,sj01_local_press_hpa__rise,0.005908966064453125
null,,0.0,,373,False,False,0,False,,sj01_local_hum_avg_pct__fall,0.2403411865234375
null,,0.0,,374,False,False,0,False,,sj01_local_press_hpa__fall,0.14313936233520508
null,,0.0,,375,False,False,0,False,,sj01_local_hum_avg_pct__fall,0.2272491455078125
null,,0.0,,376,False,False,0,False,,cu01_local_temp_avg_c__fall,0.0064697265625
null,,0.0,,377,False,False,0,False,,sj01_local_press_hpa__rise,0.1661529541015625
null,,0.0,,378,False,False,0,False,,sj01_local_hum_avg_pct__rise,0.0245208740234375
null,,0.0,,379,False,False,0,False,,sj01_local_wind_speed_ms__rise,0.026119492948055267
null,,0.0,,380,False,False,0,False,,sj01_local_wind_speed_ms__rise,0.005311012268066406
null,,0.0,,381,False,False,0,False,,sj01_local_press_hpa__rise,0.048126220703125
null,,0.0,,382,False,False,0,False,,sj01_local_wind_speed_ms__fall,0.008062400855123998
null,,0.0,,383,False,False,0,False,,cu01_local_temp_avg_c__rise,0.046142578125
null,,0.0,,384,False,False,0,False,,sj01_local_hum_avg_pct__fall,0.1334228515625
null,,0.0,,385,False,False,0,False,,sj01_local_hum_avg_pct__fall,0.0384063720703125
null,,0.0,,386,False,False,0,False,,cu01_local_temp_avg_c__fall,0.01123046875
null,,0.0,,387,False,False,0,False,,cu01_local_hum_avg_pct__fall,0.017849069088697433
null,,0.0,,388,False,False,0,False,,sj01_local_wind_speed_ms__rise,0.03195732831954956
null,,0.0,,389,False,False,0,False,,sj01_local_wind_speed_ms__rise,0.019287109375
null,,0.0,,390,False,False,0,False,,sj01_local_wind_speed_ms__rise,0.11476147174835205
null,,0.0,,391,False,False,0,False,,sj01_local_hum_avg_pct__rise,0.15087890624999997
null,,0.0,,392,False,False,0,False,,sj01_local_press_hpa__rise,0.1661529541015625
null,,0.0,,393,False,False,0,False,,cu01_local_temp_avg_c__fall,0.1050567626953125
null,,0.0,,394,False,False,0,False,,cu01_local_temp_avg_c__rise,0.072998046875
null,,0.0,,395,False,False,0,False,,cu01_local_hum_avg_pct__fall,0.0717315673828125
null,,0.0,,396,False,False,0,False,,sj01_local_hum_avg_pct__fall,0.2617335319519043
null,,0.0,,397,False,False,0,False,,cu01_local_temp_avg_c__rise,0.072998046875
null,,0.0,,398,False,False,0,False,,cu01_local_hum_avg_pct__fall,0.035377772990614176
null,,0.0,,399,False,False,0,False,,sj01_local_wind_speed_ms__rise,0.026239395141601562
null,,0.0,,400,False,False,0,False,,cu01_local_hum_avg_pct__fall,0.06072474247775972
null,,0.0,,401,False,False,0,False,,sj01_local_press_hpa__rise,0.1334228515625
null,,0.0,,402,False,False,0,False,,cu01_local_temp_avg_c__rise,0.072998046875
null,,0.0,,403,False,False,0,False,,sj01_local_wind_speed_ms__rise,0.021642625331878662
null,,0.0,,404,False,False,0,False,,sj01_local_press_hpa__rise,0.3145294189453125
null,,0.0,,405,False,False,0,False,,sj01_local_hum_avg_pct__fall,0.21197509765625
null,,0.0,,406,False,False,0,False,,sj01_local_wind_speed_ms__rise,0.04357927665114403
null,,0.0,,407,False,False,0,False,,cu01_local_hum_avg_pct__rise,0.011327922344207764
null,,0.0,,408,False,False,0,False,,cu01_local_temp_avg_c__rise,0.2265625
null,,0.0,,409,False,False,0,False,,sj01_local_press_hpa__rise,0.011327922344207764
null,,0.0,,410,False,False,0,False,,sj01_local_wind_speed_ms__rise,0.17246422544121742
null,,0.0,,411,False,False,0,False,,sj01_local_wind_speed_ms__fall,0.22912915982306004
null,,0.0,,412,False,False,0,False,,cu01_local_temp_avg_c__fall,0.019287109375
null,,0.0,,413,False,False,0,False,,sj01_local_wind_speed_ms__rise,0.12389428168535233
null,,0.0,,414,False,False,0,False,,sj01_local_press_hpa__fall,0.01544189453125
null,,0.0,,415,False,False,0,False,,cu01_local_hum_avg_pct__fall,0.026239395141601562
null,,0.0,,416,False,False,0,False,,sj01_local_wind_speed_ms__fall,0.03195732831954956
null,,0.0,,417,False,False,0,False,,sj01_local_hum_avg_pct__fall,0.06690025329589844
null,,0.0,,418,False,False,0,False,,sj01_local_wind_speed_ms__rise,0.0022125244140625
null,,0.0,,419,False,False,0,False,,sj01_local_wind_speed_ms__fall,0.006270475685596466
null,,0.0,,420,False,False,0,False,,sj01_local_wind_speed_ms__rise,0.0245208740234375
null,,0.0,,421,False,False,0,False,,sj01_local_hum_avg_pct__fall,0.2403411865234375
null,,0.0,,422,False,False,0,False,,cu01_local_hum_avg_pct__fall,0.2403411865234375
null,,0.0,,423,False,False,0,False,,sj01_local_wind_speed_ms__rise,0.12389428168535233
null,,0.0,,424,False,False,0,False,,sj01_local_hum_avg_pct__rise,0.08978271484375
null,,0.0,,425,False,False,0,False,,sj01_local_press_hpa__rise,0.09462356567382812
null,,0.0,,426,False,False,0,False,,sj01_local_hum_avg_pct__fall,0.0717315673828125
null,,0.0,,427,False,False,0,False,,sj01_local_hum_avg_pct__rise,0.072998046875
null,,0.0,,428,False,False,0,False,,sj01_local_hum_avg_pct__rise,0.005908966064453125
null,,0.0,,429,False,False,0,False,,cu01_local_temp_avg_c__rise,0.2744140625
null,,0.0,,430,False,False,0,False,,sj01_local_press_hpa__fall,0.1050567626953125
null,,0.0,,431,False,False,0,False,,cu01_local_hum_avg_pct__rise,0.05387607216835022
null,,0.0,,432,False,False,0,False,,sj01_local_wind_speed_ms__rise,0.04656982421875
null,,0.0,,433,False,False,0,False,,cu01_local_hum_avg_pct__rise,0.08353424072265625
null,,0.0,,434,False,False,0,False,,sj01_local_hum_avg_pct__fall,0.026119492948055267
null,,0.0,,435,False,False,0,False,,sj01_local_wind_speed_ms__fall,0.07579481601715088
null,,0.0,,436,False,False,0,False,,sj01_local_press_hpa__fall,0.1334228515625
null,,0.0,,437,False,False,0,False,,cu01_local_hum_avg_pct__rise,0.00845026969909668
null,,0.0,,438,False,False,0,False,,cu01_local_temp_avg_c__rise,0.0245208740234375
null,,0.0,,439,False,False,0,False,,sj01_local_press_hpa__rise,0.15372812747955322
null,,0.0,,440,False,False,0,False,,cu01_local_hum_avg_pct__fall,0.07579481601715088
null,,0.0,,441,False,False,0,False,,sj01_local_press_hpa__fall,0.1050567626953125
null,,0.0,,442,False,False,0,False,,sj01_local_hum_avg_pct__fall,0.08353424072265625
null,,0.0,,443,False,False,0,False,,sj01_local_press_hpa__rise,0.04656982421875
null,,0.0,,444,False,False,0,False,,sj01_local_press_hpa__fall,0.0106353759765625
null,,0.0,,445,False,False,0,False,,sj01_local_hum_avg_pct__fall,0.06690025329589844
null,,0.0,,446,False,False,0,False,,sj01_local_press_hpa__rise,0.05923461914062499
null,,0.0,,447,False,False,0,False,,sj01_local_wind_speed_ms__fall,0.00845026969909668
null,,0.0,,448,False,False,0,False,,cu01_local_temp_avg_c__fall,0.30361938476562494
null,,0.0,,449,False,False,0,False,,sj01_local_hum_avg_pct__rise,0.017578125
null,,0.0,,450,False,False,0,False,,sj01_local_wind_speed_ms__rise,0.12389428168535233
null,,0.0,,451,False,False,0,False,,sj01_local_press_hpa__fall,0.1796417236328125
null,,0.0,,452,False,False,0,False,,cu01_local_hum_avg_pct__rise,0.0245208740234375
null,,0.0,,453,False,False,0,False,,sj01_local_press_hpa__fall,0.03195732831954956
null,,0.0,,454,False,False,0,False,,sj01_local_press_hpa__fall,0.00960540771484375
null,,0.0,,455,False,False,0,False,,cu01_local_hum_avg_pct__fall,0.03195732831954956
null,,0.0,,456,False,False,0,False,,cu01_local_temp_avg_c__fall,0.04656982421875
null,,0.0,,457,False,False,0,False,,sj01_local_press_hpa__fall,0.1796417236328125
null,,0.0,,458,False,False,0,False,,cu01_local_temp_avg_c__rise,0.0384063720703125
null,,0.0,,459,False,False,0,False,,cu01_local_hum_avg_pct__fall,0.16346979141235352
null,,0.0,,460,False,False,0,False,,cu01_local_temp_avg_c__rise,0.019287109375
null,,0.0,,461,False,False,0,False,,cu01_local_hum_avg_pct__rise,0.04656982421875
null,,0.0,,462,False,False,0,False,,cu01_local_temp_avg_c__fall,0.0037689208984375
null,,0.0,,463,False,False,0,False,,sj01_local_press_hpa__fall,0.0106353759765625
null,,0.0,,464,False,False,0,False,,sj01_local_hum_avg_pct__fall,0.1661529541015625
null,,0.0,,465,False,False,0,False,,cu01_local_temp_avg_c__rise,0.08984375
null,,0.0,,466,False,False,0,False,,sj01_local_wind_speed_ms__rise,0.12389428168535233
null,,0.0,,467,False,False,0,False,,sj01_local_press_hpa__fall,0.03917694091796875
null,,0.0,,468,False,False,0,False,,sj01_local_wind_speed_ms__rise,0.10501980781555176
null,,0.0,,469,False,False,0,False,,sj01_local_wind_speed_ms__fall,0.09462356567382812
null,,0.0,,470,False,False,0,False,,cu01_local_hum_avg_pct__rise,0.026119492948055267
null,,0.0,,471,False,False,0,False,,sj01_local_press_hpa__fall,0.08353424072265625
null,,0.0,,472,False,False,0,False,,sj01_local_press_hpa__fall,0.0064697265625
null,,0.0,,473,False,False,0,False,,sj01_local_hum_avg_pct__rise,0.0037689208984375
null,,0.0,,474,False,False,0,False,,cu01_local_temp_avg_c__rise,0.03271484375
null,,0.0,,475,False,False,0,False,,sj01_local_hum_avg_pct__fall,0.30361938476562494
null,,0.0,,476,False,False,0,False,,sj01_local_wind_speed_ms__rise,0.06690025329589844
null,,0.0,,477,False,False,0,False,,sj01_local_hum_avg_pct__fall,0.048126220703125
null,,0.0,,478,False,False,0,False,,sj01_local_hum_avg_pct__fall,0.013301849365234375
null,,0.0,,479,False,False,0,False,,cu01_local_hum_avg_pct__fall,0.03775934875011444
null,,0.0,,480,False,False,0,False,,cu01_local_hum_avg_pct__rise,0.00845026969909668
null,,0.0,,481,False,False,0,False,,sj01_local_press_hpa__fall,0.08353424072265625
null,,0.0,,482,False,False,0,False,,sj01_local_press_hpa__rise,0.0717315673828125
null,,0.0,,483,False,False,0,False,,cu01_local_hum_avg_pct__fall,0.05923461914062499
null,,0.0,,484,False,False,0,False,,cu01_local_temp_avg_c__fall,0.04656982421875
null,,0.0,,485,False,False,0,False,,cu01_local_hum_avg_pct__rise,0.09246667101979256
null,,0.0,,486,False,False,0,False,,cu01_local_temp_avg_c__fall,0.0020904541015625
null,,0.0,,487,False,False,0,False,,sj01_local_press_hpa__rise,0.09462356567382812
null,,0.0,,488,False,False,0,False,,cu01_local_hum_avg_pct__fall,0.020694732666015625
null,,0.0,,489,False,False,0,False,,sj01_local_hum_avg_pct__rise,0.09462356567382812
null,,0.0,,490,False,False,0,False,,cu01_local_hum_avg_pct__fall,0.08431877195835114
null,,0.0,,491,False,False,0,False,,sj01_local_press_hpa__rise,0.1661529541015625
null,,0.0,,492,False,False,0,False,,sj01_local_press_hpa__fall,0.05387607216835022
null,,0.0,,493,False,False,0,False,,cu01_local_temp_avg_c__rise,0.08984375
null,,0.0,,494,False,False,0,False,,cu01_local_temp_avg_c__rise,0.046142578125
null,,0.0,,495,False,False,0,False,,cu01_local_temp_avg_c__fall,0.013301849365234375
null,,0.0,,496,False,False,0,False,,sj01_local_hum_avg_pct__fall,0.020694732666015625
null,,0.0,,497,False,False,0,False,,cu01_local_temp_avg_c__rise,0.08353424072265625
null,,0.0,,498,False,False,0,False,,cu01_local_temp_avg_c__rise,0.019287109375
null,,0.0,,499,False,False,0,False,,cu01_local_hum_avg_pct__fall,0.013301849365234375
