mode,truth_driver,effect_sd,lag_min,seed,activated_events,detected_rf_events,truth_selected,exclusive_truth_selected,unique_top1_correct,ranking_ambiguous,distractor_coselected,n_selected,selected_drivers,unique_top_driver,top_tied_drivers,truth_min_p,global_min_p
injected,cu01_local_temp_avg_c__rise,0.5,15.0,0,20,165,True,True,True,False,False,1,cu01_local_temp_avg_c__rise,cu01_local_temp_avg_c__rise,cu01_local_temp_avg_c__rise,0.0001373291015625,0.0001373291015625
injected,cu01_local_temp_avg_c__rise,0.5,15.0,1,19,165,True,True,True,False,False,1,cu01_local_temp_avg_c__rise,cu01_local_temp_avg_c__rise,cu01_local_temp_avg_c__rise,0.0001373291015625,0.0001373291015625
injected,cu01_local_temp_avg_c__rise,0.5,15.0,2,15,163,True,True,True,False,False,1,cu01_local_temp_avg_c__rise,cu01_local_temp_avg_c__rise,cu01_local_temp_avg_c__rise,0.0011749267578125,0.0011749267578125
injected,cu01_local_temp_avg_c__rise,0.5,15.0,3,14,163,True,True,True,False,False,1,cu01_local_temp_avg_c__rise,cu01_local_temp_avg_c__rise,cu01_local_temp_avg_c__rise,0.0011749267578125,0.0011749267578125
injected,cu01_local_temp_avg_c__rise,0.5,15.0,4,14,164,True,True,True,False,False,1,cu01_local_temp_avg_c__rise,cu01_local_temp_avg_c__rise,cu01_local_temp_avg_c__rise,0.0002593994140625,0.0002593994140625
injected,cu01_local_temp_avg_c__rise,0.5,15.0,5,15,161,True,True,True,False,False,1,cu01_local_temp_avg_c__rise,cu01_local_temp_avg_c__rise,cu01_local_temp_avg_c__rise,0.003692626953125,0.003692626953125
injected,cu01_local_temp_avg_c__rise,0.5,15.0,6,11,162,True,True,True,False,False,1,cu01_local_temp_avg_c__rise,cu01_local_temp_avg_c__rise,cu01_local_temp_avg_c__rise,0.00091552734375,0.00091552734375
injected,cu01_local_temp_avg_c__rise,0.5,15.0,7,16,161,True,True,True,False,False,1,cu01_local_temp_avg_c__rise,cu01_local_temp_avg_c__rise,cu01_local_temp_avg_c__rise,0.003692626953125,0.003692626953125
injected,cu01_local_temp_avg_c__rise,0.5,15.0,8,13,162,True,True,True,False,False,1,cu01_local_temp_avg_c__rise,cu01_local_temp_avg_c__rise,cu01_local_temp_avg_c__rise,0.0020904541015625,0.0020904541015625
injected,cu01_local_temp_avg_c__rise,0.5,15.0,9,18,163,True,True,True,False,False,1,cu01_local_temp_avg_c__rise,cu01_local_temp_avg_c__rise,cu01_local_temp_avg_c__rise,0.0011749267578125,0.0011749267578125
injected,cu01_local_temp_avg_c__rise,0.5,15.0,10,15,164,True,True,True,False,False,1,cu01_local_temp_avg_c__rise,cu01_local_temp_avg_c__rise,cu01_local_temp_avg_c__rise,0.0002593994140625,0.0002593994140625
injected,cu01_local_temp_avg_c__rise,0.5,15.0,11,18,164,True,True,True,False,False,1,cu01_local_temp_avg_c__rise,cu01_local_temp_avg_c__rise,cu01_local_temp_avg_c__rise,0.0002593994140625,0.0002593994140625
injected,cu01_local_temp_avg_c__rise,0.5,15.0,12,14,160,True,True,True,False,False,1,cu01_local_temp_avg_c__rise,cu01_local_temp_avg_c__rise,cu01_local_temp_avg_c__rise,0.003173828125,0.003173828125
injected,cu01_local_temp_avg_c__rise,0.5,15.0,13,14,163,True,True,True,False,False,1,cu01_local_temp_avg_c__rise,cu01_local_temp_avg_c__rise,cu01_local_temp_avg_c__rise,0.00048828125,0.00048828125
injected,cu01_local_temp_avg_c__rise,0.5,15.0,14,15,163,True,True,True,False,False,1,cu01_local_temp_avg_c__rise,cu01_local_temp_avg_c__rise,cu01_local_temp_avg_c__rise,0.00048828125,0.00048828125
injected,cu01_local_temp_avg_c__rise,0.5,15.0,15,17,163,True,True,True,False,False,1,cu01_local_temp_avg_c__rise,cu01_local_temp_avg_c__rise,cu01_local_temp_avg_c__rise,0.0011749267578125,0.0011749267578125
injected,cu01_local_temp_avg_c__rise,0.5,15.0,16,12,162,True,True,True,False,False,1,cu01_local_temp_avg_c__rise,cu01_local_temp_avg_c__rise,cu01_local_temp_avg_c__rise,0.0020904541015625,0.0020904541015625
injected,cu01_local_temp_avg_c__rise,0.5,15.0,17,13,162,True,True,True,False,False,1,cu01_local_temp_avg_c__rise,cu01_local_temp_avg_c__rise,cu01_local_temp_avg_c__rise,0.00091552734375,0.00091552734375
injected,cu01_local_temp_avg_c__rise,0.5,15.0,18,13,162,True,True,True,False,False,1,cu01_local_temp_avg_c__rise,cu01_local_temp_avg_c__rise,cu01_local_temp_avg_c__rise,0.00091552734375,0.00091552734375
injected,cu01_local_temp_avg_c__rise,0.5,15.0,19,16,164,True,True,True,False,False,1,cu01_local_temp_avg_c__rise,cu01_local_temp_avg_c__rise,cu01_local_temp_avg_c__rise,0.0006561279296875,0.0006561279296875
injected,cu01_local_temp_avg_c__rise,0.5,15.0,20,14,162,True,True,True,False,False,1,cu01_local_temp_avg_c__rise,cu01_local_temp_avg_c__rise,cu01_local_temp_avg_c__rise,0.0020904541015625,0.0020904541015625
injected,cu01_local_temp_avg_c__rise,0.5,15.0,21,16,163,True,True,True,False,False,1,cu01_local_temp_avg_c__rise,cu01_local_temp_avg_c__rise,cu01_local_temp_avg_c__rise,0.00048828125,0.00048828125
injected,cu01_local_temp_avg_c__rise,0.5,15.0,22,18,164,True,True,True,False,False,1,cu01_local_temp_avg_c__rise,cu01_local_temp_avg_c__rise,cu01_local_temp_avg_c__rise,0.0002593994140625,0.0002593994140625
injected,cu01_local_temp_avg_c__rise,0.5,15.0,23,16,164,True,True,True,False,False,1,cu01_local_temp_avg_c__rise,cu01_local_temp_avg_c__rise,cu01_local_temp_avg_c__rise,0.0002593994140625,0.0002593994140625
injected,cu01_local_temp_avg_c__rise,0.5,15.0,24,19,165,True,True,True,False,False,1,cu01_local_temp_avg_c__rise,cu01_local_temp_avg_c__rise,cu01_local_temp_avg_c__rise,0.0001373291015625,0.0001373291015625
injected,cu01_local_temp_avg_c__rise,0.5,15.0,25,18,163,True,True,True,False,False,1,cu01_local_temp_avg_c__rise,cu01_local_temp_avg_c__rise,cu01_local_temp_avg_c__rise,0.00048828125,0.00048828125
injected,cu01_local_temp_avg_c__rise,0.5,15.0,26,12,162,True,True,True,False,False,1,cu01_local_temp_avg_c__rise,cu01_local_temp_avg_c__rise,cu01_local_temp_avg_c__rise,0.00091552734375,0.00091552734375
injected,cu01_local_temp_avg_c__rise,0.5,15.0,27,15,162,True,True,True,False,False,1,cu01_local_temp_avg_c__rise,cu01_local_temp_avg_c__rise,cu01_local_temp_avg_c__rise,0.00091552734375,0.00091552734375
injected,cu01_local_temp_avg_c__rise,0.5,15.0,28,16,163,True,True,True,False,False,1,cu01_local_temp_avg_c__rise,cu01_local_temp_avg_c__rise,cu01_local_temp_avg_c__rise,0.0011749267578125,0.0011749267578125
injected,cu01_local_temp_avg_c__rise,0.5,15.0,29,13,162,True,True,True,False,False,1,cu01_local_temp_avg_c__rise,cu01_local_temp_avg_c__rise,cu01_local_temp_avg_c__rise,0.00091552734375,0.00091552734375
injected,cu01_local_temp_avg_c__rise,0.5,15.0,30,16,163,True,True,True,False,False,1,cu01_local_temp_avg_c__rise,cu01_local_temp_avg_c__rise,cu01_local_temp_avg_c__rise,0.00048828125,0.00048828125
injected,cu01_local_temp_avg_c__rise,0.5,15.0,31,19,165,True,True,True,False,False,1,cu01_local_temp_avg_c__rise,cu01_local_temp_avg_c__rise,cu01_local_temp_avg_c__rise,0.0001373291015625,0.0001373291015625
injected,cu01_local_temp_avg_c__rise,0.5,15.0,32,16,162,True,True,True,False,False,1,cu01_local_temp_avg_c__rise,cu01_local_temp_avg_c__rise,cu01_local_temp_avg_c__rise,0.0020904541015625,0.0020904541015625
injected,cu01_local_temp_avg_c__rise,0.5,15.0,33,18,163,True,True,True,False,False,1,cu01_local_temp_avg_c__rise,cu01_local_temp_avg_c__rise,cu01_local_temp_avg_c__rise,0.0011749267578125,0.0011749267578125
injected,cu01_local_temp_avg_c__rise,0.5,15.0,34,16,163,True,True,True,False,False,1,cu01_local_temp_avg_c__rise,cu01_local_temp_avg_c__rise,cu01_local_temp_avg_c__rise,0.00048828125,0.00048828125
injected,cu01_local_temp_avg_c__rise,0.5,15.0,35,19,164,True,True,True,False,False,1,cu01_local_temp_avg_c__rise,cu01_local_temp_avg_c__rise,cu01_local_temp_avg_c__rise,0.0002593994140625,0.0002593994140625
injected,cu01_local_temp_avg_c__rise,0.5,15.0,36,16,162,True,True,True,False,False,1,cu01_local_temp_avg_c__rise,cu01_local_temp_avg_c__rise,cu01_local_temp_avg_c__rise,0.00091552734375,0.00091552734375
injected,cu01_local_temp_avg_c__rise,0.5,15.0,37,16,163,True,True,True,False,False,1,cu01_local_temp_avg_c__rise,cu01_local_temp_avg_c__rise,cu01_local_temp_avg_c__rise,0.00048828125,0.00048828125
injected,cu01_local_temp_avg_c__rise,0.5,15.0,38,17,163,True,True,True,False,False,1,cu01_local_temp_avg_c__rise,cu01_local_temp_avg_c__rise,cu01_local_temp_avg_c__rise,0.00048828125,0.00048828125
injected,cu01_local_temp_avg_c__rise,0.5,15.0,39,21,165,True,True,True,False,False,1,cu01_local_temp_avg_c__rise,cu01_local_temp_avg_c__rise,cu01_local_temp_avg_c__rise,0.0001373291015625,0.0001373291015625
injected,cu01_local_temp_avg_c__rise,0.5,15.0,40,20,164,True,True,True,False,False,1,cu01_local_temp_avg_c__rise,cu01_local_temp_avg_c__rise,cu01_local_temp_avg_c__rise,0.0002593994140625,0.0002593994140625
injected,cu01_local_temp_avg_c__rise,0.5,15.0,41,14,163,True,True,True,False,False,1,cu01_local_temp_avg_c__rise,cu01_local_temp_avg_c__rise,cu01_local_temp_avg_c__rise,0.0011749267578125,0.0011749267578125
injected,cu01_local_temp_avg_c__rise,0.5,15.0,42,15,164,True,True,True,False,False,1,cu01_local_temp_avg_c__rise,cu01_local_temp_avg_c__rise,cu01_local_temp_avg_c__rise,0.0002593994140625,0.0002593994140625
injected,cu01_local_temp_avg_c__rise,0.5,15.0,43,14,161,True,True,True,False,False,1,cu01_local_temp_avg_c__rise,cu01_local_temp_avg_c__rise,cu01_local_temp_avg_c__rise,0.003692626953125,0.003692626953125
injected,cu01_local_temp_avg_c__rise,0.5,15.0,44,19,164,True,True,True,False,False,1,cu01_local_temp_avg_c__rise,cu01_local_temp_avg_c__rise,cu01_local_temp_avg_c__rise,0.0002593994140625,0.0002593994140625
injected,cu01_local_temp_avg_c__rise,0.5,15.0,45,19,164,True,True,True,False,False,1,cu01_local_temp_avg_c__rise,cu01_local_temp_avg_c__rise,cu01_local_temp_avg_c__rise,0.0002593994140625,0.0002593994140625
injected,cu01_local_temp_avg_c__rise,0.5,15.0,46,19,164,True,True,True,False,False,1,cu01_local_temp_avg_c__rise,cu01_local_temp_avg_c__rise,cu01_local_temp_avg_c__rise,0.0002593994140625,0.0002593994140625
injected,cu01_local_temp_avg_c__rise,0.5,15.0,47,15,162,True,True,True,False,False,1,cu01_local_temp_avg_c__rise,cu01_local_temp_avg_c__rise,cu01_local_temp_avg_c__rise,0.0020904541015625,0.0020904541015625
injected,cu01_local_temp_avg_c__rise,0.5,15.0,48,16,160,False,False,True,False,False,0,,cu01_local_temp_avg_c__rise,cu01_local_temp_avg_c__rise,0.0064697265625,0.0064697265625
injected,cu01_local_temp_avg_c__rise,0.5,15.0,49,14,163,True,True,True,False,False,1,cu01_local_temp_avg_c__rise,cu01_local_temp_avg_c__rise,cu01_local_temp_avg_c__rise,0.0011749267578125,0.0011749267578125
injected,cu01_local_temp_avg_c__rise,0.5,15.0,50,20,163,True,True,True,False,False,1,cu01_local_temp_avg_c__rise,cu01_local_temp_avg_c__rise,cu01_local_temp_avg_c__rise,0.00048828125,0.00048828125
injected,cu01_local_temp_avg_c__rise,0.5,15.0,51,16,164,True,True,True,False,False,1,cu01_local_temp_avg_c__rise,cu01_local_temp_avg_c__rise,cu01_local_temp_avg_c__rise,0.0002593994140625,0.0002593994140625
injected,cu01_local_temp_avg_c__rise,0.5,15.0,52,16,164,True,True,True,False,False,1,cu01_local_temp_avg_c__rise,cu01_local_temp_avg_c__rise,cu01_local_temp_avg_c__rise,0.0006561279296875,0.0006561279296875
injected,cu01_local_temp_avg_c__rise,0.5,15.0,53,17,163,True,True,True,False,False,1,cu01_local_temp_avg_c__rise,cu01_local_temp_avg_c__rise,cu01_local_temp_avg_c__rise,0.00048828125,0.00048828125
injected,cu01_local_temp_avg_c__rise,0.5,15.0,54,14,162,True,True,True,False,False,1,cu01_local_temp_avg_c__rise,cu01_local_temp_avg_c__rise,cu01_local_temp_avg_c__rise,0.00091552734375,0.00091552734375
injected,cu01_local_temp_avg_c__rise,0.5,15.0,55,14,161,True,True,True,False,False,1,cu01_local_temp_avg_c__rise,cu01_local_temp_avg_c__rise,cu01_local_temp_avg_c__rise,0.003692626953125,0.003692626953125
injected,cu01_local_temp_avg_c__rise,0.5,15.0,56,15,164,True,True,True,False,False,1,cu01_local_temp_avg_c__rise,cu01_local_temp_avg_c__rise,cu01_local_temp_avg_c__rise,0.0002593994140625,0.0002593994140625
injected,cu01_local_temp_avg_c__rise,0.5,15.0,57,15,162,True,True,True,False,False,1,cu01_local_temp_avg_c__rise,cu01_local_temp_avg_c__rise,cu01_local_temp_avg_c__rise,0.00091552734375,0.00091552734375
injected,cu01_local_temp_avg_c__rise,0.5,15.0,58,17,161,True,True,True,False,False,1,cu01_local_temp_avg_c__rise,cu01_local_temp_avg_c__rise,cu01_local_temp_avg_c__rise,0.001708984375,0.001708984375
injected,cu01_local_temp_avg_c__rise,0.5,15.0,59,15,162,True,True,True,False,False,1,cu01_local_temp_avg_c__rise,cu01_local_temp_avg_c__rise,cu01_local_temp_avg_c__rise,0.0020904541015625,0.0020904541015625
injected,cu01_local_temp_avg_c__rise,0.5,15.0,60,19,164,True,True,True,False,False,1,cu01_local_temp_avg_c__rise,cu01_local_temp_avg_c__rise,cu01_local_temp_avg_c__rise,0.0002593994140625,0.0002593994140625
injected,cu01_local_temp_avg_c__rise,0.5,15.0,61,14,163,True,True,True,False,False,1,cu01_local_temp_avg_c__rise,cu01_local_temp_avg_c__rise,cu01_local_temp_avg_c__rise,0.0011749267578125,0.0011749267578125
injected,cu01_local_temp_avg_c__rise,0.5,15.0,62,17,163,True,True,True,False,False,1,cu01_local_temp_avg_c__rise,cu01_local_temp_avg_c__rise,cu01_local_temp_avg_c__rise,0.00048828125,0.00048828125
injected,cu01_local_temp_avg_c__rise,0.5,15.0,63,17,163,True,True,True,False,False,1,cu01_local_temp_avg_c__rise,cu01_local_temp_avg_c__rise,cu01_local_temp_avg_c__rise,0.00048828125,0.00048828125
injected,cu01_local_temp_avg_c__rise,0.5,15.0,64,15,163,True,True,True,False,False,1,cu01_local_temp_avg_c__rise,cu01_local_temp_avg_c__rise,cu01_local_temp_avg_c__rise,0.00048828125,0.00048828125
injected,cu01_local_temp_avg_c__rise,0.5,15.0,65,16,162,True,True,True,False,False,1,cu01_local_temp_avg_c__rise,cu01_local_temp_avg_c__rise,cu01_local_temp_avg_c__rise,0.00091552734375,0.00091552734375
injected,cu01_local_temp_avg_c__rise,0.5,15.0,66,15,163,True,True,True,False,False,1,cu01_local_temp_avg_c__rise,cu01_local_temp_avg_c__rise,cu01_local_temp_avg_c__rise,0.0011749267578125,0.0011749267578125
injected,cu01_local_temp_avg_c__rise,0.5,15.0,67,15,162,True,True,True,False,False,1,cu01_local_temp_avg_c__rise,cu01_local_temp_avg_c__rise,cu01_local_temp_avg_c__rise,0.00091552734375,0.00091552734375
injected,cu01_local_temp_avg_c__rise,0.5,15.0,68,19,164,True,True,True,False,False,1,cu01_local_temp_avg_c__rise,cu01_local_temp_avg_c__rise,cu01_local_temp_avg_c__rise,0.0002593994140625,0.0002593994140625
injected,cu01_local_temp_avg_c__rise,0.5,15.0,69,15,163,True,True,True,False,False,1,cu01_local_temp_avg_c__rise,cu01_local_temp_avg_c__rise,cu01_local_temp_avg_c__rise,0.00048828125,0.00048828125
injected,cu01_local_temp_avg_c__rise,0.5,15.0,70,16,161,True,True,True,False,False,1,cu01_local_temp_avg_c__rise,cu01_local_temp_avg_c__rise,cu01_local_temp_avg_c__rise,0.003692626953125,0.003692626953125
injected,cu01_local_temp_avg_c__rise,0.5,15.0,71,17,163,True,True,True,False,False,1,cu01_local_temp_avg_c__rise,cu01_local_temp_avg_c__rise,cu01_local_temp_avg_c__rise,0.00048828125,0.00048828125
injected,cu01_local_temp_avg_c__rise,0.5,15.0,72,18,163,True,True,True,False,False,1,cu01_local_temp_avg_c__rise,cu01_local_temp_avg_c__rise,cu01_local_temp_avg_c__rise,0.00048828125,0.00048828125
injected,cu01_local_temp_avg_c__rise,0.5,15.0,73,16,163,True,True,True,False,False,1,cu01_local_temp_avg_c__rise,cu01_local_temp_avg_c__rise,cu01_local_temp_avg_c__rise,0.00048828125,0.00048828125
injected,cu01_local_temp_avg_c__rise,0.5,15.0,74,15,162,True,True,True,False,False,1,cu01_local_temp_avg_c__rise,cu01_local_temp_avg_c__rise,cu01_local_temp_avg_c__rise,0.00091552734375,0.00091552734375
injected,cu01_local_temp_avg_c__rise,0.5,15.0,75,21,163,True,True,True,False,False,1,cu01_local_temp_avg_c__rise,cu01_local_temp_avg_c__rise,cu01_local_temp_avg_c__rise,0.00048828125,0.00048828125
injected,cu01_local_temp_avg_c__rise,0.5,15.0,76,15,164,True,True,True,False,False,1,cu01_local_temp_avg_c__rise,cu01_local_temp_avg_c__rise,cu01_local_temp_avg_c__rise,0.0002593994140625,0.0002593994140625
injected,cu01_local_temp_avg_c__rise,0.5,15.0,77,14,163,True,True,True,False,False,1,cu01_local_temp_avg_c__rise,cu01_local_temp_avg_c__rise,cu01_local_temp_avg_c__rise,0.00048828125,0.00048828125
injected,cu01_local_temp_avg_c__rise,0.5,15.0,78,17,163,True,True,True,False,False,1,cu01_local_temp_avg_c__rise,cu01_local_temp_avg_c__rise,cu01_local_temp_avg_c__rise,0.00048828125,0.00048828125
injected,cu01_local_temp_avg_c__rise,0.5,15.0,79,14,161,True,True,True,False,False,1,cu01_local_temp_avg_c__rise,cu01_local_temp_avg_c__rise,cu01_local_temp_avg_c__rise,0.003692626953125,0.003692626953125
injected,cu01_local_temp_avg_c__rise,0.5,15.0,80,18,162,True,True,True,False,False,1,cu01_local_temp_avg_c__rise,cu01_local_temp_avg_c__rise,cu01_local_temp_avg_c__rise,0.00091552734375,0.00091552734375
injected,cu01_local_temp_avg_c__rise,0.5,15.0,81,16,164,True,True,True,False,False,1,cu01_local_temp_avg_c__rise,cu01_local_temp_avg_c__rise,cu01_local_temp_avg_c__rise,0.0002593994140625,0.0002593994140625
injected,cu01_local_temp_avg_c__rise,0.5,15.0,82,13,161,True,True,True,False,False,1,cu01_local_temp_avg_c__rise,cu01_local_temp_avg_c__rise,cu01_local_temp_avg_c__rise,0.003692626953125,0.003692626953125
injected,cu01_local_temp_avg_c__rise,0.5,15.0,83,16,163,True,True,True,False,False,1,cu01_local_temp_avg_c__rise,cu01_local_temp_avg_c__rise,cu01_local_temp_avg_c__rise,0.00048828125,0.00048828125
injected,cu01_local_temp_avg_c__rise,0.5,15.0,84,16,163,True,True,True,False,False,1,cu01_local_temp_avg_c__rise,cu01_local_temp_avg_c__rise,cu01_local_temp_avg_c__rise,0.0011749267578125,0.0011749267578125
injected,cu01_local_temp_avg_c__rise,0.5,15.0,85,14,161,True,True,True,False,False,1,cu01_local_temp_avg_c__rise,cu01_local_temp_avg_c__rise,cu01_local_temp_avg_c__rise,0.001708984375,0.001708984375
injected,cu01_local_temp_avg_c__rise,0.5,15.0,86,17,163,True,True,True,False,False,1,cu01_local_temp_avg_c__rise,cu01_local_temp_avg_c__rise,cu01_local_temp_avg_c__rise,0.00048828125,0.00048828125
injected,cu01_local_temp_avg_c__rise,0.5,15.0,87,18,163,True,True,True,False,False,1,cu01_local_temp_avg_c__rise,cu01_local_temp_avg_c__rise,cu01_local_temp_avg_c__rise,0.00048828125,0.00048828125
injected,cu01_local_temp_avg_c__rise,0.5,15.0,88,14,162,True,True,True,False,False,1,cu01_local_temp_avg_c__rise,cu01_local_temp_avg_c__rise,cu01_local_temp_avg_c__rise,0.0020904541015625,0.0020904541015625
injected,cu01_local_temp_avg_c__rise,0.5,15.0,89,14,163,True,True,True,False,False,1,cu01_local_temp_avg_c__rise,cu01_local_temp_avg_c__rise,cu01_local_temp_avg_c__rise,0.00048828125,0.00048828125
injected,cu01_local_temp_avg_c__rise,0.5,15.0,90,15,163,True,True,True,False,False,1,cu01_local_temp_avg_c__rise,cu01_local_temp_avg_c__rise,cu01_local_temp_avg_c__rise,0.00048828125,0.00048828125
injected,cu01_local_temp_avg_c__rise,0.5,15.0,91,17,164,True,True,True,False,False,1,cu01_local_temp_avg_c__rise,cu01_local_temp_avg_c__rise,cu01_local_temp_avg_c__rise,0.0002593994140625,0.0002593994140625
injected,cu01_local_temp_avg_c__rise,0.5,15.0,92,11,161,True,True,True,False,False,1,cu01_local_temp_avg_c__rise,cu01_local_temp_avg_c__rise,cu01_local_temp_avg_c__rise,0.001708984375,0.001708984375
injected,cu01_local_temp_avg_c__rise,0.5,15.0,93,18,165,True,True,True,False,False,1,cu01_local_temp_avg_c__rise,cu01_local_temp_avg_c__rise,cu01_local_temp_avg_c__rise,0.0001373291015625,0.0001373291015625
injected,cu01_local_temp_avg_c__rise,0.5,15.0,94,18,164,True,True,True,False,False,1,cu01_local_temp_avg_c__rise,cu01_local_temp_avg_c__rise,cu01_local_temp_avg_c__rise,0.0006561279296875,0.0006561279296875
injected,cu01_local_temp_avg_c__rise,0.5,15.0,95,13,161,True,True,True,False,False,1,cu01_local_temp_avg_c__rise,cu01_local_temp_avg_c__rise,cu01_local_temp_avg_c__rise,0.001708984375,0.001708984375
injected,cu01_local_temp_avg_c__rise,0.5,15.0,96,13,163,True,True,True,False,False,1,cu01_local_temp_avg_c__rise,cu01_local_temp_avg_c__rise,cu01_local_temp_avg_c__rise,0.00048828125,0.00048828125
injected,cu01_local_temp_avg_c__rise,0.5,15.0,97,17,164,True,True,True,False,False,1,cu01_local_temp_avg_c__rise,cu01_local_temp_avg_c__rise,cu01_local_temp_avg_c__rise,0.0002593994140625,0.0002593994140625
injected,cu01_local_temp_avg_c__rise,0.5,15.0,98,16,164,True,True,True,False,False,1,cu01_local_temp_avg_c__rise,cu01_local_temp_avg_c__rise,cu01_local_temp_avg_c__rise,0.0006561279296875,0.0006561279296875
injected,cu01_local_temp_avg_c__rise,0.5,15.0,99,16,163,True,True,True,False,False,1,cu01_local_temp_avg_c__rise,cu01_local_temp_avg_c__rise,cu01_local_temp_avg_c__rise,0.00048828125,0.00048828125
injected,cu01_local_temp_avg_c__rise,0.5,30.0,0,20,159,True,True,True,False,False,1,cu01_local_temp_avg_c__rise,cu01_local_temp_avg_c__rise,cu01_local_temp_avg_c__rise,1.52587890625e-05,1.52587890625e-05
injected,cu01_local_temp_avg_c__rise,0.5,30.0,1,19,161,True,True,True,False,False,1,cu01_local_temp_avg_c__rise,cu01_local_temp_avg_c__rise,cu01_local_temp_avg_c__rise,3.0517578125e-05,3.0517578125e-05
injected,cu01_local_temp_avg_c__rise,0.5,30.0,2,15,159,True,True,True,False,False,1,cu01_local_temp_avg_c__rise,cu01_local_temp_avg_c__rise,cu01_local_temp_avg_c__rise,0.0011749267578125,0.0011749267578125
injected,cu01_local_temp_avg_c__rise,0.5,30.0,3,14,159,True,True,True,False,False,1,cu01_local_temp_avg_c__rise,cu01_local_temp_avg_c__rise,cu01_local_temp_avg_c__rise,0.00091552734375,0.00091552734375
injected,cu01_local_temp_avg_c__rise,0.5,30.0,4,14,159,True,True,True,False,False,1,cu01_local_temp_avg_c__rise,cu01_local_temp_avg_c__rise,cu01_local_temp_avg_c__rise,6.103515625e-05,6.103515625e-05
injected,cu01_local_temp_avg_c__rise,0.5,30.0,5,15,159,True,True,True,False,False,1,cu01_local_temp_avg_c__rise,cu01_local_temp_avg_c__rise,cu01_local_temp_avg_c__rise,0.00048828125,0.00048828125
injected,cu01_local_temp_avg_c__rise,0.5,30.0,6,11,160,True,True,True,False,False,1,cu01_local_temp_avg_c__rise,cu01_local_temp_avg_c__rise,cu01_local_temp_avg_c__rise,0.001708984375,0.001708984375
injected,cu01_local_temp_avg_c__rise,0.5,30.0,7,16,157,True,True,True,False,False,1,cu01_local_temp_avg_c__rise,cu01_local_temp_avg_c__rise,cu01_local_temp_avg_c__rise,0.00091552734375,0.00091552734375
injected,cu01_local_temp_avg_c__rise,0.5,30.0,8,13,158,True,True,True,False,False,1,cu01_local_temp_avg_c__rise,cu01_local_temp_avg_c__rise,cu01_local_temp_avg_c__rise,0.00048828125,0.00048828125
injected,cu01_local_temp_avg_c__rise,0.5,30.0,9,18,157,True,True,True,False,False,1,cu01_local_temp_avg_c__rise,cu01_local_temp_avg_c__rise,cu01_local_temp_avg_c__rise,0.0006561279296875,0.0006561279296875
injected,cu01_local_temp_avg_c__rise,0.5,30.0,10,15,160,True,True,True,False,False,1,cu01_local_temp_avg_c__rise,cu01_local_temp_avg_c__rise,cu01_local_temp_avg_c__rise,0.0002593994140625,0.0002593994140625
injected,cu01_local_temp_avg_c__rise,0.5,30.0,11,18,160,True,True,True,False,False,1,cu01_local_temp_avg_c__rise,cu01_local_temp_avg_c__rise,cu01_local_temp_avg_c__rise,1.52587890625e-05,1.52587890625e-05
injected,cu01_local_temp_avg_c__rise,0.5,30.0,12,14,155,True,True,True,False,False,1,cu01_local_temp_avg_c__rise,cu01_local_temp_avg_c__rise,cu01_local_temp_avg_c__rise,0.00048828125,0.00048828125
injected,cu01_local_temp_avg_c__rise,0.5,30.0,13,14,160,True,True,True,False,False,1,cu01_local_temp_avg_c__rise,cu01_local_temp_avg_c__rise,cu01_local_temp_avg_c__rise,0.0002593994140625,0.0002593994140625
injected,cu01_local_temp_avg_c__rise,0.5,30.0,14,15,159,True,True,True,False,False,1,cu01_local_temp_avg_c__rise,cu01_local_temp_avg_c__rise,cu01_local_temp_avg_c__rise,0.0002593994140625,0.0002593994140625
injected,cu01_local_temp_avg_c__rise,0.5,30.0,15,17,158,True,True,True,False,False,1,cu01_local_temp_avg_c__rise,cu01_local_temp_avg_c__rise,cu01_local_temp_avg_c__rise,0.0002593994140625,0.0002593994140625
injected,cu01_local_temp_avg_c__rise,0.5,30.0,16,12,158,True,True,True,False,False,1,cu01_local_temp_avg_c__rise,cu01_local_temp_avg_c__rise,cu01_local_temp_avg_c__rise,0.0011749267578125,0.0011749267578125
injected,cu01_local_temp_avg_c__rise,0.5,30.0,17,13,160,True,True,True,False,False,1,cu01_local_temp_avg_c__rise,cu01_local_temp_avg_c__rise,cu01_local_temp_avg_c__rise,0.0001220703125,0.0001220703125
injected,cu01_local_temp_avg_c__rise,0.5,30.0,18,13,158,True,True,True,False,False,1,cu01_local_temp_avg_c__rise,cu01_local_temp_avg_c__rise,cu01_local_temp_avg_c__rise,0.0001220703125,0.0001220703125
injected,cu01_local_temp_avg_c__rise,0.5,30.0,19,16,158,True,True,True,False,False,1,cu01_local_temp_avg_c__rise,cu01_local_temp_avg_c__rise,cu01_local_temp_avg_c__rise,0.0001373291015625,0.0001373291015625
injected,cu01_local_temp_avg_c__rise,0.5,30.0,20,14,158,True,True,True,False,False,1,cu01_local_temp_avg_c__rise,cu01_local_temp_avg_c__rise,cu01_local_temp_avg_c__rise,0.0011749267578125,0.0011749267578125
injected,cu01_local_temp_avg_c__rise,0.5,30.0,21,16,157,True,True,True,False,False,1,cu01_local_temp_avg_c__rise,cu01_local_temp_avg_c__rise,cu01_local_temp_avg_c__rise,0.001708984375,0.001708984375
injected,cu01_local_temp_avg_c__rise,0.5,30.0,22,18,157,True,True,True,False,False,1,cu01_local_temp_avg_c__rise,cu01_local_temp_avg_c__rise,cu01_local_temp_avg_c__rise,0.0002593994140625,0.0002593994140625
injected,cu01_local_temp_avg_c__rise,0.5,30.0,23,16,159,True,True,True,False,False,1,cu01_local_temp_avg_c__rise,cu01_local_temp_avg_c__rise,cu01_local_temp_avg_c__rise,0.0002593994140625,0.0002593994140625
injected,cu01_local_temp_avg_c__rise,0.5,30.0,24,19,160,True,True,True,False,False,1,cu01_local_temp_avg_c__rise,cu01_local_temp_avg_c__rise,cu01_local_temp_avg_c__rise,0.0001373291015625,0.0001373291015625
injected,cu01_local_temp_avg_c__rise,0.5,30.0,25,18,159,True,True,True,False,False,1,cu01_local_temp_avg_c__rise,cu01_local_temp_avg_c__rise,cu01_local_temp_avg_c__rise,6.103515625e-05,6.103515625e-05
injected,cu01_local_temp_avg_c__rise,0.5,30.0,26,12,159,True,True,True,False,False,1,cu01_local_temp_avg_c__rise,cu01_local_temp_avg_c__rise,cu01_local_temp_avg_c__rise,0.0001220703125,0.0001220703125
injected,cu01_local_temp_avg_c__rise,0.5,30.0,27,15,157,True,True,True,False,False,1,cu01_local_temp_avg_c__rise,cu01_local_temp_avg_c__rise,cu01_local_temp_avg_c__rise,0.000244140625,0.000244140625
injected,cu01_local_temp_avg_c__rise,0.5,30.0,28,16,158,True,True,True,False,False,1,cu01_local_temp_avg_c__rise,cu01_local_temp_avg_c__rise,cu01_local_temp_avg_c__rise,0.0002593994140625,0.0002593994140625
injected,cu01_local_temp_avg_c__rise,0.5,30.0,29,13,161,True,True,True,False,False,1,cu01_local_temp_avg_c__rise,cu01_local_temp_avg_c__rise,cu01_local_temp_avg_c__rise,0.0002593994140625,0.0002593994140625
injected,cu01_local_temp_avg_c__rise,0.5,30.0,30,16,159,True,True,True,False,False,1,cu01_local_temp_avg_c__rise,cu01_local_temp_avg_c__rise,cu01_local_temp_avg_c__rise,3.0517578125e-05,3.0517578125e-05
injected,cu01_local_temp_avg_c__rise,0.5,30.0,31,19,160,True,True,True,False,False,1,cu01_local_temp_avg_c__rise,cu01_local_temp_avg_c__rise,cu01_local_temp_avg_c__rise,3.0517578125e-05,3.0517578125e-05
injected,cu01_local_temp_avg_c__rise,0.5,30.0,32,16,157,True,True,True,False,False,1,cu01_local_temp_avg_c__rise,cu01_local_temp_avg_c__rise,cu01_local_temp_avg_c__rise,0.00048828125,0.00048828125
injected,cu01_local_temp_avg_c__rise,0.5,30.0,33,18,157,True,True,True,False,False,1,cu01_local_temp_avg_c__rise,cu01_local_temp_avg_c__rise,cu01_local_temp_avg_c__rise,0.0002593994140625,0.0002593994140625
injected,cu01_local_temp_avg_c__rise,0.5,30.0,34,16,160,True,True,True,False,False,1,cu01_local_temp_avg_c__rise,cu01_local_temp_avg_c__rise,cu01_local_temp_avg_c__rise,0.0001220703125,0.0001220703125
injected,cu01_local_temp_avg_c__rise,0.5,30.0,35,19,160,True,True,True,False,False,1,cu01_local_temp_avg_c__rise,cu01_local_temp_avg_c__rise,cu01_local_temp_avg_c__rise,1.52587890625e-05,1.52587890625e-05
injected,cu01_local_temp_avg_c__rise,0.5,30.0,36,16,158,True,True,True,False,False,1,cu01_local_temp_avg_c__rise,cu01_local_temp_avg_c__rise,cu01_local_temp_avg_c__rise,6.103515625e-05,6.103515625e-05
injected,cu01_local_temp_avg_c__rise,0.5,30.0,37,16,158,True,True,True,False,False,1,cu01_local_temp_avg_c__rise,cu01_local_temp_avg_c__rise,cu01_local_temp_avg_c__rise,0.00048828125,0.00048828125
injected,cu01_local_temp_avg_c__rise,0.5,30.0,38,17,162,True,True,True,False,False,1,cu01_local_temp_avg_c__rise,cu01_local_temp_avg_c__rise,cu01_local_temp_avg_c__rise,6.103515625e-05,6.103515625e-05
injected,cu01_local_temp_avg_c__rise,0.5,30.0,39,21,159,True,True,True,False,False,1,cu01_local_temp_avg_c__rise,cu01_local_temp_avg_c__rise,cu01_local_temp_avg_c__rise,3.0517578125e-05,3.0517578125e-05
injected,cu01_local_temp_avg_c__rise,0.5,30.0,40,20,161,True,True,True,False,False,1,cu01_local_temp_avg_c__rise,cu01_local_temp_avg_c__rise,cu01_local_temp_avg_c__rise,1.52587890625e-05,1.52587890625e-05
injected,cu01_local_temp_avg_c__rise,0.5,30.0,41,14,158,True,True,True,False,False,1,cu01_local_temp_avg_c__rise,cu01_local_temp_avg_c__rise,cu01_local_temp_avg_c__rise,0.00048828125,0.00048828125
injected,cu01_local_temp_avg_c__rise,0.5,30.0,42,15,159,True,True,True,False,False,1,cu01_local_temp_avg_c__rise,cu01_local_temp_avg_c__rise,cu01_local_temp_avg_c__rise,0.0002593994140625,0.0002593994140625
injected,cu01_local_temp_avg_c__rise,0.5,30.0,43,14,159,True,True,True,False,False,1,cu01_local_temp_avg_c__rise,cu01_local_temp_avg_c__rise,cu01_local_temp_avg_c__rise,0.00091552734375,0.00091552734375
injected,cu01_local_temp_avg_c__rise,0.5,30.0,44,19,158,True,True,True,False,False,1,cu01_local_temp_avg_c__rise,cu01_local_temp_avg_c__rise,cu01_local_temp_avg_c__rise,3.0517578125e-05,3.0517578125e-05
injected,cu01_local_temp_avg_c__rise,0.5,30.0,45,19,159,True,True,True,False,False,1,cu01_local_temp_avg_c__rise,cu01_local_temp_avg_c__rise,cu01_local_temp_avg_c__rise,3.0517578125e-05,3.0517578125e-05
injected,cu01_local_temp_avg_c__rise,0.5,30.0,46,19,160,True,True,True,False,False,1,cu01_local_temp_avg_c__rise,cu01_local_temp_avg_c__rise,cu01_local_temp_avg_c__rise,1.52587890625e-05,1.52587890625e-05
injected,cu01_local_temp_avg_c__rise,0.5,30.0,47,15,157,True,True,True,False,False,1,cu01_local_temp_avg_c__rise,cu01_local_temp_avg_c__rise,cu01_local_temp_avg_c__rise,0.00091552734375,0.00091552734375
injected,cu01_local_temp_avg_c__rise,0.5,30.0,48,16,158,True,True,True,False,False,1,cu01_local_temp_avg_c__rise,cu01_local_temp_avg_c__rise,cu01_local_temp_avg_c__rise,0.00048828125,0.00048828125
injected,cu01_local_temp_avg_c__rise,0.5,30.0,49,14,159,True,True,True,False,False,1,cu01_local_temp_avg_c__rise,cu01_local_temp_avg_c__rise,cu01_local_temp_avg_c__rise,0.0020904541015625,0.0020904541015625
injected,cu01_local_temp_avg_c__rise,0.5,30.0,50,20,160,True,True,True,False,False,1,cu01_local_temp_avg_c__rise,cu01_local_temp_avg_c__rise,cu01_local_temp_avg_c__rise,3.0517578125e-05,3.0517578125e-05
injected,cu01_local_temp_avg_c__rise,0.5,30.0,51,16,161,True,True,True,False,False,1,cu01_local_temp_avg_c__rise,cu01_local_temp_avg_c__rise,cu01_local_temp_avg_c__rise,3.0517578125e-05,3.0517578125e-05
injected,cu01_local_temp_avg_c__rise,0.5,30.0,52,16,160,True,True,True,False,False,1,cu01_local_temp_avg_c__rise,cu01_local_temp_avg_c__rise,cu01_local_temp_avg_c__rise,0.0002593994140625,0.0002593994140625
injected,cu01_local_temp_avg_c__rise,0.5,30.0,53,17,160,True,True,True,False,False,1,cu01_local_temp_avg_c__rise,cu01_local_temp_avg_c__rise,cu01_local_temp_avg_c__rise,3.0517578125e-05,3.0517578125e-05
injected,cu01_local_temp_avg_c__rise,0.5,30.0,54,14,160,True,True,True,False,False,1,cu01_local_temp_avg_c__rise,cu01_local_temp_avg_c__rise,cu01_local_temp_avg_c__rise,0.0001220703125,0.0001220703125
injected,cu01_local_temp_avg_c__rise,0.5,30.0,55,14,156,True,True,True,False,False,1,cu01_local_temp_avg_c__rise,cu01_local_temp_avg_c__rise,cu01_local_temp_avg_c__rise,0.0020904541015625,0.0020904541015625
injected,cu01_local_temp_avg_c__rise,0.5,30.0,56,15,159,True,True,True,False,False,1,cu01_local_temp_avg_c__rise,cu01_local_temp_avg_c__rise,cu01_local_temp_avg_c__rise,0.0002593994140625,0.0002593994140625
injected,cu01_local_temp_avg_c__rise,0.5,30.0,57,15,158,True,True,True,False,False,1,cu01_local_temp_avg_c__rise,cu01_local_temp_avg_c__rise,cu01_local_temp_avg_c__rise,0.00048828125,0.00048828125
injected,cu01_local_temp_avg_c__rise,0.5,30.0,58,17,159,True,True,True,False,False,1,cu01_local_temp_avg_c__rise,cu01_local_temp_avg_c__rise,cu01_local_temp_avg_c__rise,0.0001220703125,0.0001220703125
injected,cu01_local_temp_avg_c__rise,0.5,30.0,59,15,160,True,True,True,False,False,1,cu01_local_temp_avg_c__rise,cu01_local_temp_avg_c__rise,cu01_local_temp_avg_c__rise,0.0002593994140625,0.0002593994140625
injected,cu01_local_temp_avg_c__rise,0.5,30.0,60,19,160,True,True,True,False,False,1,cu01_local_temp_avg_c__rise,cu01_local_temp_avg_c__rise,cu01_local_temp_avg_c__rise,6.103515625e-05,6.103515625e-05
injected,cu01_local_temp_avg_c__rise,0.5,30.0,61,14,158,True,True,True,False,False,1,cu01_local_temp_avg_c__rise,cu01_local_temp_avg_c__rise,cu01_local_temp_avg_c__rise,0.0002593994140625,0.0002593994140625
injected,cu01_local_temp_avg_c__rise,0.5,30.0,62,17,158,True,True,True,False,False,1,cu01_local_temp_avg_c__rise,cu01_local_temp_avg_c__rise,cu01_local_temp_avg_c__rise,6.103515625e-05,6.103515625e-05
injected,cu01_local_temp_avg_c__rise,0.5,30.0,63,17,159,True,True,True,False,False,1,cu01_local_temp_avg_c__rise,cu01_local_temp_avg_c__rise,cu01_local_temp_avg_c__rise,6.103515625e-05,6.103515625e-05
injected,cu01_local_temp_avg_c__rise,0.5,30.0,64,15,158,True,True,True,False,False,1,cu01_local_temp_avg_c__rise,cu01_local_temp_avg_c__rise,cu01_local_temp_avg_c__rise,6.103515625e-05,6.103515625e-05
injected,cu01_local_temp_avg_c__rise,0.5,30.0,65,16,158,True,True,True,False,False,1,cu01_local_temp_avg_c__rise,cu01_local_temp_avg_c__rise,cu01_local_temp_avg_c__rise,6.103515625e-05,6.103515625e-05
injected,cu01_local_temp_avg_c__rise,0.5,30.0,66,15,158,True,True,True,False,False,1,cu01_local_temp_avg_c__rise,cu01_local_temp_avg_c__rise,cu01_local_temp_avg_c__rise,0.0011749267578125,0.0011749267578125
injected,cu01_local_temp_avg_c__rise,0.5,30.0,67,15,157,True,True,True,False,False,1,cu01_local_temp_avg_c__rise,cu01_local_temp_avg_c__rise,cu01_local_temp_avg_c__rise,0.0001220703125,0.0001220703125
injected,cu01_local_temp_avg_c__rise,0.5,30.0,68,19,160,True,True,True,False,False,1,cu01_local_temp_avg_c__rise,cu01_local_temp_avg_c__rise,cu01_local_temp_avg_c__rise,3.0517578125e-05,3.0517578125e-05
injected,cu01_local_temp_avg_c__rise,0.5,30.0,69,15,161,True,True,True,False,False,1,cu01_local_temp_avg_c__rise,cu01_local_temp_avg_c__rise,cu01_local_temp_avg_c__rise,0.0002593994140625,0.0002593994140625
injected,cu01_local_temp_avg_c__rise,0.5,30.0,70,16,156,True,True,True,False,False,1,cu01_local_temp_avg_c__rise,cu01_local_temp_avg_c__rise,cu01_local_temp_avg_c__rise,0.00048828125,0.00048828125
injected,cu01_local_temp_avg_c__rise,0.5,30.0,71,17,158,True,True,True,False,False,1,cu01_local_temp_avg_c__rise,cu01_local_temp_avg_c__rise,cu01_local_temp_avg_c__rise,3.0517578125e-05,3.0517578125e-05
injected,cu01_local_temp_avg_c__rise,0.5,30.0,72,18,160,True,True,True,False,False,1,cu01_local_temp_avg_c__rise,cu01_local_temp_avg_c__rise,cu01_local_temp_avg_c__rise,1.52587890625e-05,1.52587890625e-05
injected,cu01_local_temp_avg_c__rise,0.5,30.0,73,16,158,True,True,True,False,False,1,cu01_local_temp_avg_c__rise,cu01_local_temp_avg_c__rise,cu01_local_temp_avg_c__rise,0.0001220703125,0.0001220703125
injected,cu01_local_temp_avg_c__rise,0.5,30.0,74,15,157,True,True,True,False,False,1,cu01_local_temp_avg_c__rise,cu01_local_temp_avg_c__rise,cu01_local_temp_avg_c__rise,0.00091552734375,0.00091552734375
injected,cu01_local_temp_avg_c__rise,0.5,30.0,75,21,157,True,True,True,False,False,1,cu01_local_temp_avg_c__rise,cu01_local_temp_avg_c__rise,cu01_local_temp_avg_c__rise,6.103515625e-05,6.103515625e-05
injected,cu01_local_temp_avg_c__rise,0.5,30.0,76,15,162,True,True,True,False,False,1,cu01_local_temp_avg_c__rise,cu01_local_temp_avg_c__rise,cu01_local_temp_avg_c__rise,3.0517578125e-05,3.0517578125e-05
injected,cu01_local_temp_avg_c__rise,0.5,30.0,77,14,160,True,True,True,False,False,1,cu01_local_temp_avg_c__rise,cu01_local_temp_avg_c__rise,cu01_local_temp_avg_c__rise,6.103515625e-05,6.103515625e-05
injected,cu01_local_temp_avg_c__rise,0.5,30.0,78,17,159,True,True,True,False,False,1,cu01_local_temp_avg_c__rise,cu01_local_temp_avg_c__rise,cu01_local_temp_avg_c__rise,3.0517578125e-05,3.0517578125e-05
injected,cu01_local_temp_avg_c__rise,0.5,30.0,79,14,159,True,True,True,False,False,1,cu01_local_temp_avg_c__rise,cu01_local_temp_avg_c__rise,cu01_local_temp_avg_c__rise,0.0020904541015625,0.0020904541015625
injected,cu01_local_temp_avg_c__rise,0.5,30.0,80,18,160,True,True,True,False,False,1,cu01_local_temp_avg_c__rise,cu01_local_temp_avg_c__rise,cu01_local_temp_avg_c__rise,3.0517578125e-05,3.0517578125e-05
injected,cu01_local_temp_avg_c__rise,0.5,30.0,81,16,158,True,True,True,False,False,1,cu01_local_temp_avg_c__rise,cu01_local_temp_avg_c__rise,cu01_local_temp_avg_c__rise,6.103515625e-05,6.103515625e-05
injected,cu01_local_temp_avg_c__rise,0.5,30.0,82,13,158,True,True,True,False,False,1,cu01_local_temp_avg_c__rise,cu01_local_temp_avg_c__rise,cu01_local_temp_avg_c__rise,0.0020904541015625,0.0020904541015625
injected,cu01_local_temp_avg_c__rise,0.5,30.0,83,16,158,True,True,True,False,False,1,cu01_local_temp_avg_c__rise,cu01_local_temp_avg_c__rise,cu01_local_temp_avg_c__rise,6.103515625e-05,6.103515625e-05
injected,cu01_local_temp_avg_c__rise,0.5,30.0,84,16,161,True,True,True,False,False,1,cu01_local_temp_avg_c__rise,cu01_local_temp_avg_c__rise,cu01_local_temp_avg_c__rise,0.00048828125,0.00048828125
injected,cu01_local_temp_avg_c__rise,0.5,30.0,85,14,159,True,True,True,False,False,1,cu01_local_temp_avg_c__rise,cu01_local_temp_avg_c__rise,cu01_local_temp_avg_c__rise,0.00048828125,0.00048828125
injected,cu01_local_temp_avg_c__rise,0.5,30.0,86,17,160,True,True,True,False,False,1,cu01_local_temp_avg_c__rise,cu01_local_temp_avg_c__rise,cu01_local_temp_avg_c__rise,3.0517578125e-05,3.0517578125e-05
injected,cu01_local_temp_avg_c__rise,0.5,30.0,87,18,157,True,True,True,False,False,1,cu01_local_temp_avg_c__rise,cu01_local_temp_avg_c__rise,cu01_local_temp_avg_c__rise,6.103515625e-05,6.103515625e-05
injected,cu01_local_temp_avg_c__rise,0.5,30.0,88,14,157,True,True,True,False,False,1,cu01_local_temp_avg_c__rise,cu01_local_temp_avg_c__rise,cu01_local_temp_avg_c__rise,0.00048828125,0.00048828125
injected,cu01_local_temp_avg_c__rise,0.5,30.0,89,14,159,True,True,True,False,False,1,cu01_local_temp_avg_c__rise,cu01_local_temp_avg_c__rise,cu01_local_temp_avg_c__rise,3.0517578125e-05,3.0517578125e-05
injected,cu01_local_temp_avg_c__rise,0.5,30.0,90,15,161,True,True,True,False,False,1,cu01_local_temp_avg_c__rise,cu01_local_temp_avg_c__rise,cu01_local_temp_avg_c__rise,3.0517578125e-05,3.0517578125e-05
injected,cu01_local_temp_avg_c__rise,0.5,30.0,91,17,159,True,True,True,False,False,1,cu01_local_temp_avg_c__rise,cu01_local_temp_avg_c__rise,cu01_local_temp_avg_c__rise,6.103515625e-05,6.103515625e-05
injected,cu01_local_temp_avg_c__rise,0.5,30.0,92,11,159,True,True,True,False,False,1,cu01_local_temp_avg_c__rise,cu01_local_temp_avg_c__rise,cu01_local_temp_avg_c__rise,0.00091552734375,0.00091552734375
injected,cu01_local_temp_avg_c__rise,0.5,30.0,93,18,158,True,True,True,False,False,1,cu01_local_temp_avg_c__rise,cu01_local_temp_avg_c__rise,cu01_local_temp_avg_c__rise,0.0001373291015625,0.0001373291015625
injected,cu01_local_temp_avg_c__rise,0.5,30.0,94,18,158,True,True,True,False,False,1,cu01_local_temp_avg_c__rise,cu01_local_temp_avg_c__rise,cu01_local_temp_avg_c__rise,0.0006561279296875,0.0006561279296875
injected,cu01_local_temp_avg_c__rise,0.5,30.0,95,13,157,False,False,True,False,False,0,,cu01_local_temp_avg_c__rise,cu01_local_temp_avg_c__rise,0.005859375,0.005859375
injected,cu01_local_temp_avg_c__rise,0.5,30.0,96,13,159,True,True,True,False,False,1,cu01_local_temp_avg_c__rise,cu01_local_temp_avg_c__rise,cu01_local_temp_avg_c__rise,6.103515625e-05,6.103515625e-05
injected,cu01_local_temp_avg_c__rise,0.5,30.0,97,17,160,True,True,True,False,False,1,cu01_local_temp_avg_c__rise,cu01_local_temp_avg_c__rise,cu01_local_temp_avg_c__rise,3.0517578125e-05,3.0517578125e-05
injected,cu01_local_temp_avg_c__rise,0.5,30.0,98,16,160,True,True,True,False,False,1,cu01_local_temp_avg_c__rise,cu01_local_temp_avg_c__rise,cu01_local_temp_avg_c__rise,0.0001373291015625,0.0001373291015625
injected,cu01_local_temp_avg_c__rise,0.5,30.0,99,16,158,True,True,True,False,False,1,cu01_local_temp_avg_c__rise,cu01_local_temp_avg_c__rise,cu01_local_temp_avg_c__rise,3.0517578125e-05,3.0517578125e-05
injected,cu01_local_temp_avg_c__rise,0.5,60.0,0,20,166,True,True,True,False,False,1,cu01_local_temp_avg_c__rise,cu01_local_temp_avg_c__rise,cu01_local_temp_avg_c__rise,0.001953125,0.001953125
injected,cu01_local_temp_avg_c__rise,0.5,60.0,1,19,168,True,True,True,False,False,1,cu01_local_temp_avg_c__rise,cu01_local_temp_avg_c__rise,cu01_local_temp_avg_c__rise,0.001953125,0.001953125
injected,cu01_local_temp_avg_c__rise,0.5,60.0,2,15,166,False,False,True,False,False,0,,cu01_local_temp_avg_c__rise,cu01_local_temp_avg_c__rise,0.0107421875,0.0107421875
injected,cu01_local_temp_avg_c__rise,0.5,60.0,3,14,165,False,False,True,False,False,0,,cu01_local_temp_avg_c__rise,cu01_local_temp_avg_c__rise,0.0107421875,0.0107421875
injected,cu01_local_temp_avg_c__rise,0.5,60.0,4,14,165,True,True,True,False,False,1,cu01_local_temp_avg_c__rise,cu01_local_temp_avg_c__rise,cu01_local_temp_avg_c__rise,0.001953125,0.001953125
injected,cu01_local_temp_avg_c__rise,0.5,60.0,5,15,166,False,False,True,False,False,0,,cu01_local_temp_avg_c__rise,cu01_local_temp_avg_c__rise,0.0107421875,0.0107421875
injected,cu01_local_temp_avg_c__rise,0.5,60.0,6,11,165,True,True,True,False,False,1,cu01_local_temp_avg_c__rise,cu01_local_temp_avg_c__rise,cu01_local_temp_avg_c__rise,0.001953125,0.001953125
injected,cu01_local_temp_avg_c__rise,0.5,60.0,7,16,165,False,False,True,False,False,0,,cu01_local_temp_avg_c__rise,cu01_local_temp_avg_c__rise,0.019287109375,0.019287109375
injected,cu01_local_temp_avg_c__rise,0.5,60.0,8,13,162,False,False,True,False,False,0,,cu01_local_temp_avg_c__rise,cu01_local_temp_avg_c__rise,0.0107421875,0.0107421875
injected,cu01_local_temp_avg_c__rise,0.5,60.0,9,18,163,False,False,True,False,False,0,,cu01_local_temp_avg_c__rise,cu01_local_temp_avg_c__rise,0.019287109375,0.019287109375
injected,cu01_local_temp_avg_c__rise,0.5,60.0,10,15,165,True,True,True,False,False,1,cu01_local_temp_avg_c__rise,cu01_local_temp_avg_c__rise,cu01_local_temp_avg_c__rise,0.00390625,0.00390625
injected,cu01_local_temp_avg_c__rise,0.5,60.0,11,18,165,True,True,True,False,False,1,cu01_local_temp_avg_c__rise,cu01_local_temp_avg_c__rise,cu01_local_temp_avg_c__rise,0.00390625,0.00390625
injected,cu01_local_temp_avg_c__rise,0.5,60.0,12,14,162,False,False,True,False,False,0,,cu01_local_temp_avg_c__rise,cu01_local_temp_avg_c__rise,0.019287109375,0.019287109375
injected,cu01_local_temp_avg_c__rise,0.5,60.0,13,14,163,False,False,True,False,False,0,,cu01_local_temp_avg_c__rise,cu01_local_temp_avg_c__rise,0.0107421875,0.0107421875
injected,cu01_local_temp_avg_c__rise,0.5,60.0,14,15,165,False,False,True,False,False,0,,cu01_local_temp_avg_c__rise,cu01_local_temp_avg_c__rise,0.0107421875,0.0107421875
injected,cu01_local_temp_avg_c__rise,0.5,60.0,15,17,165,False,False,True,False,False,0,,cu01_local_temp_avg_c__rise,cu01_local_temp_avg_c__rise,0.0107421875,0.0107421875
injected,cu01_local_temp_avg_c__rise,0.5,60.0,16,12,162,False,False,True,False,False,0,,cu01_local_temp_avg_c__rise,cu01_local_temp_avg_c__rise,0.019287109375,0.019287109375
injected,cu01_local_temp_avg_c__rise,0.5,60.0,17,13,165,True,True,True,False,False,1,cu01_local_temp_avg_c__rise,cu01_local_temp_avg_c__rise,cu01_local_temp_avg_c__rise,0.00390625,0.00390625
injected,cu01_local_temp_avg_c__rise,0.5,60.0,18,13,160,False,False,True,False,False,0,,cu01_local_temp_avg_c__rise,cu01_local_temp_avg_c__rise,0.019287109375,0.019287109375
injected,cu01_local_temp_avg_c__rise,0.5,60.0,19,16,163,False,False,True,False,False,0,,cu01_local_temp_avg_c__rise,cu01_local_temp_avg_c__rise,0.0107421875,0.0107421875
injected,cu01_local_temp_avg_c__rise,0.5,60.0,20,14,162,False,False,True,False,False,0,,cu01_local_temp_avg_c__rise,cu01_local_temp_avg_c__rise,0.019287109375,0.019287109375
injected,cu01_local_temp_avg_c__rise,0.5,60.0,21,16,166,True,True,True,False,False,1,cu01_local_temp_avg_c__rise,cu01_local_temp_avg_c__rise,cu01_local_temp_avg_c__rise,0.001953125,0.001953125
injected,cu01_local_temp_avg_c__rise,0.5,60.0,22,18,164,True,True,True,False,False,1,cu01_local_temp_avg_c__rise,cu01_local_temp_avg_c__rise,cu01_local_temp_avg_c__rise,0.001953125,0.001953125
injected,cu01_local_temp_avg_c__rise,0.5,60.0,23,16,164,True,True,True,False,False,1,cu01_local_temp_avg_c__rise,cu01_local_temp_avg_c__rise,cu01_local_temp_avg_c__rise,0.001953125,0.001953125
injected,cu01_local_temp_avg_c__rise,0.5,60.0,24,19,166,True,True,True,False,False,1,cu01_local_temp_avg_c__rise,cu01_local_temp_avg_c__rise,cu01_local_temp_avg_c__rise,0.001953125,0.001953125
injected,cu01_local_temp_avg_c__rise,0.5,60.0,25,18,165,True,True,True,False,False,1,cu01_local_temp_avg_c__rise,cu01_local_temp_avg_c__rise,cu01_local_temp_avg_c__rise,0.00390625,0.00390625
injected,cu01_local_temp_avg_c__rise,0.5,60.0,26,12,163,False,False,True,False,False,0,,cu01_local_temp_avg_c__rise,cu01_local_temp_avg_c__rise,0.0107421875,0.0107421875
injected,cu01_local_temp_avg_c__rise,0.5,60.0,27,15,164,False,False,True,False,False,0,,cu01_local_temp_avg_c__rise,cu01_local_temp_avg_c__rise,0.0107421875,0.0107421875
injected,cu01_local_temp_avg_c__rise,0.5,60.0,28,16,163,False,False,True,False,False,0,,cu01_local_temp_avg_c__rise,cu01_local_temp_avg_c__rise,0.0107421875,0.0107421875
injected,cu01_local_temp_avg_c__rise,0.5,60.0,29,13,163,True,True,True,False,False,1,cu01_local_temp_avg_c__rise,cu01_local_temp_avg_c__rise,cu01_local_temp_avg_c__rise,0.00390625,0.00390625
injected,cu01_local_temp_avg_c__rise,0.5,60.0,30,16,162,False,False,True,False,False,0,,cu01_local_temp_avg_c__rise,cu01_local_temp_avg_c__rise,0.019287109375,0.019287109375
injected,cu01_local_temp_avg_c__rise,0.5,60.0,31,19,167,True,True,True,False,False,1,cu01_local_temp_avg_c__rise,cu01_local_temp_avg_c__rise,cu01_local_temp_avg_c__rise,0.001953125,0.001953125
injected,cu01_local_temp_avg_c__rise,0.5,60.0,32,16,163,False,False,True,False,False,0,,cu01_local_temp_avg_c__rise,cu01_local_temp_avg_c__rise,0.0107421875,0.0107421875
injected,cu01_local_temp_avg_c__rise,0.5,60.0,33,18,164,False,False,True,False,False,0,,cu01_local_temp_avg_c__rise,cu01_local_temp_avg_c__rise,0.0107421875,0.0107421875
injected,cu01_local_temp_avg_c__rise,0.5,60.0,34,16,167,True,True,True,False,False,1,cu01_local_temp_avg_c__rise,cu01_local_temp_avg_c__rise,cu01_local_temp_avg_c__rise,0.001953125,0.001953125
injected,cu01_local_temp_avg_c__rise,0.5,60.0,35,19,165,True,True,True,False,False,1,cu01_local_temp_avg_c__rise,cu01_local_temp_avg_c__rise,cu01_local_temp_avg_c__rise,0.00390625,0.00390625
injected,cu01_local_temp_avg_c__rise,0.5,60.0,36,16,165,True,True,True,False,False,1,cu01_local_temp_avg_c__rise,cu01_local_temp_avg_c__rise,cu01_local_temp_avg_c__rise,0.001953125,0.001953125
injected,cu01_local_temp_avg_c__rise,0.5,60.0,37,16,163,True,True,True,False,False,1,cu01_local_temp_avg_c__rise,cu01_local_temp_avg_c__rise,cu01_local_temp_avg_c__rise,0.00390625,0.00390625
injected,cu01_local_temp_avg_c__rise,0.5,60.0,38,17,167,True,True,True,False,False,1,cu01_local_temp_avg_c__rise,cu01_local_temp_avg_c__rise,cu01_local_temp_avg_c__rise,0.001953125,0.001953125
injected,cu01_local_temp_avg_c__rise,0.5,60.0,39,21,166,True,True,True,False,False,1,cu01_local_temp_avg_c__rise,cu01_local_temp_avg_c__rise,cu01_local_temp_avg_c__rise,0.001953125,0.001953125
injected,cu01_local_temp_avg_c__rise,0.5,60.0,40,20,167,True,True,True,False,False,1,cu01_local_temp_avg_c__rise,cu01_local_temp_avg_c__rise,cu01_local_temp_avg_c__rise,0.00390625,0.00390625
injected,cu01_local_temp_avg_c__rise,0.5,60.0,41,14,165,False,False,True,False,False,0,,cu01_local_temp_avg_c__rise,cu01_local_temp_avg_c__rise,0.0107421875,0.0107421875
injected,cu01_local_temp_avg_c__rise,0.5,60.0,42,15,165,True,True,True,False,False,1,cu01_local_temp_avg_c__rise,cu01_local_temp_avg_c__rise,cu01_local_temp_avg_c__rise,0.001953125,0.001953125
injected,cu01_local_temp_avg_c__rise,0.5,60.0,43,14,164,False,False,True,False,False,0,,cu01_local_temp_avg_c__rise,cu01_local_temp_avg_c__rise,0.019287109375,0.019287109375
injected,cu01_local_temp_avg_c__rise,0.5,60.0,44,19,165,True,True,True,False,False,1,cu01_local_temp_avg_c__rise,cu01_local_temp_avg_c__rise,cu01_local_temp_avg_c__rise,0.001953125,0.001953125
injected,cu01_local_temp_avg_c__rise,0.5,60.0,45,19,165,False,False,True,False,False,0,,cu01_local_temp_avg_c__rise,cu01_local_temp_avg_c__rise,0.0107421875,0.0107421875
injected,cu01_local_temp_avg_c__rise,0.5,60.0,46,19,165,True,True,True,False,False,1,cu01_local_temp_avg_c__rise,cu01_local_temp_avg_c__rise,cu01_local_temp_avg_c__rise,0.001953125,0.001953125
injected,cu01_local_temp_avg_c__rise,0.5,60.0,47,15,163,False,False,True,False,False,0,,cu01_local_temp_avg_c__rise,cu01_local_temp_avg_c__rise,0.019287109375,0.019287109375
injected,cu01_local_temp_avg_c__rise,0.5,60.0,48,16,165,False,False,True,False,False,0,,cu01_local_temp_avg_c__rise,cu01_local_temp_avg_c__rise,0.019287109375,0.019287109375
injected,cu01_local_temp_avg_c__rise,0.5,60.0,49,14,165,False,False,True,False,False,0,,cu01_local_temp_avg_c__rise,cu01_local_temp_avg_c__rise,0.0107421875,0.0107421875
injected,cu01_local_temp_avg_c__rise,0.5,60.0,50,20,167,True,True,True,False,False,1,cu01_local_temp_avg_c__rise,cu01_local_temp_avg_c__rise,cu01_local_temp_avg_c__rise,0.001953125,0.001953125
injected,cu01_local_temp_avg_c__rise,0.5,60.0,51,16,165,True,True,True,False,False,1,cu01_local_temp_avg_c__rise,cu01_local_temp_avg_c__rise,cu01_local_temp_avg_c__rise,0.001953125,0.001953125
injected,cu01_local_temp_avg_c__rise,0.5,60.0,52,16,165,False,False,True,False,False,0,,cu01_local_temp_avg_c__rise,cu01_local_temp_avg_c__rise,0.0107421875,0.0107421875
injected,cu01_local_temp_avg_c__rise,0.5,60.0,53,17,166,False,False,True,False,False,0,,cu01_local_temp_avg_c__rise,cu01_local_temp_avg_c__rise,0.0107421875,0.0107421875
injected,cu01_local_temp_avg_c__rise,0.5,60.0,54,14,163,False,False,True,False,False,0,,cu01_local_temp_avg_c__rise,cu01_local_temp_avg_c__rise,0.019287109375,0.019287109375
injected,cu01_local_temp_avg_c__rise,0.5,60.0,55,14,163,False,False,True,False,False,0,,cu01_local_temp_avg_c__rise,cu01_local_temp_avg_c__rise,0.0107421875,0.0107421875
injected,cu01_local_temp_avg_c__rise,0.5,60.0,56,15,164,True,True,True,False,False,1,cu01_local_temp_avg_c__rise,cu01_local_temp_avg_c__rise,cu01_local_temp_avg_c__rise,0.001953125,0.001953125
injected,cu01_local_temp_avg_c__rise,0.5,60.0,57,15,163,False,False,True,False,False,0,,cu01_local_temp_avg_c__rise,cu01_local_temp_avg_c__rise,0.019287109375,0.019287109375
injected,cu01_local_temp_avg_c__rise,0.5,60.0,58,17,165,False,False,True,False,False,0,,cu01_local_temp_avg_c__rise,cu01_local_temp_avg_c__rise,0.0107421875,0.0107421875
injected,cu01_local_temp_avg_c__rise,0.5,60.0,59,15,166,False,False,True,False,False,0,,cu01_local_temp_avg_c__rise,cu01_local_temp_avg_c__rise,0.0107421875,0.0107421875
injected,cu01_local_temp_avg_c__rise,0.5,60.0,60,19,167,True,True,True,False,False,1,cu01_local_temp_avg_c__rise,cu01_local_temp_avg_c__rise,cu01_local_temp_avg_c__rise,0.001953125,0.001953125
injected,cu01_local_temp_avg_c__rise,0.5,60.0,61,14,162,False,False,True,False,False,0,,cu01_local_temp_avg_c__rise,cu01_local_temp_avg_c__rise,0.019287109375,0.019287109375
injected,cu01_local_temp_avg_c__rise,0.5,60.0,62,17,164,True,True,True,False,False,1,cu01_local_temp_avg_c__rise,cu01_local_temp_avg_c__rise,cu01_local_temp_avg_c__rise,0.00390625,0.00390625
injected,cu01_local_temp_avg_c__rise,0.5,60.0,63,17,164,True,True,True,False,False,1,cu01_local_temp_avg_c__rise,cu01_local_temp_avg_c__rise,cu01_local_temp_avg_c__rise,0.00390625,0.00390625
injected,cu01_local_temp_avg_c__rise,0.5,60.0,64,15,163,True,True,True,False,False,1,cu01_local_temp_avg_c__rise,cu01_local_temp_avg_c__rise,cu01_local_temp_avg_c__rise,0.00390625,0.00390625
injected,cu01_local_temp_avg_c__rise,0.5,60.0,65,16,164,False,False,True,False,False,0,,cu01_local_temp_avg_c__rise,cu01_local_temp_avg_c__rise,0.019287109375,0.019287109375
injected,cu01_local_temp_avg_c__rise,0.5,60.0,66,15,163,False,False,True,False,False,0,,cu01_local_temp_avg_c__rise,cu01_local_temp_avg_c__rise,0.0107421875,0.0107421875
injected,cu01_local_temp_avg_c__rise,0.5,60.0,67,15,161,False,False,True,False,False,0,,cu01_local_temp_avg_c__rise,cu01_local_temp_avg_c__rise,0.019287109375,0.019287109375
injected,cu01_local_temp_avg_c__rise,0.5,60.0,68,19,165,False,False,True,False,False,0,,cu01_local_temp_avg_c__rise,cu01_local_temp_avg_c__rise,0.0107421875,0.0107421875
injected,cu01_local_temp_avg_c__rise,0.5,60.0,69,15,165,True,True,True,False,False,1,cu01_local_temp_avg_c__rise,cu01_local_temp_avg_c__rise,cu01_local_temp_avg_c__rise,0.00390625,0.00390625
injected,cu01_local_temp_avg_c__rise,0.5,60.0,70,16,163,False,False,True,False,False,0,,cu01_local_temp_avg_c__rise,cu01_local_temp_avg_c__rise,0.019287109375,0.019287109375
injected,cu01_local_temp_avg_c__rise,0.5,60.0,71,17,163,True,True,True,False,False,1,cu01_local_temp_avg_c__rise,cu01_local_temp_avg_c__rise,cu01_local_temp_avg_c__rise,0.00390625,0.00390625
injected,cu01_local_temp_avg_c__rise,0.5,60.0,72,18,165,True,True,True,False,False,1,cu01_local_temp_avg_c__rise,cu01_local_temp_avg_c__rise,cu01_local_temp_avg_c__rise,0.00390625,0.00390625
injected,cu01_local_temp_avg_c__rise,0.5,60.0,73,16,163,False,False,True,False,False,0,,cu01_local_temp_avg_c__rise,cu01_local_temp_avg_c__rise,0.019287109375,0.019287109375
injected,cu01_local_temp_avg_c__rise,0.5,60.0,74,15,164,False,False,True,False,False,0,,cu01_local_temp_avg_c__rise,cu01_local_temp_avg_c__rise,0.0107421875,0.0107421875
injected,cu01_local_temp_avg_c__rise,0.5,60.0,75,21,166,False,False,True,False,False,0,,cu01_local_temp_avg_c__rise,cu01_local_temp_avg_c__rise,0.0107421875,0.0107421875
injected,cu01_local_temp_avg_c__rise,0.5,60.0,76,15,165,True,True,True,False,False,1,cu01_local_temp_avg_c__rise,cu01_local_temp_avg_c__rise,cu01_local_temp_avg_c__rise,0.001953125,0.001953125
injected,cu01_local_temp_avg_c__rise,0.5,60.0,77,14,166,True,True,True,False,False,1,cu01_local_temp_avg_c__rise,cu01_local_temp_avg_c__rise,cu01_local_temp_avg_c__rise,0.001953125,0.001953125
injected,cu01_local_temp_avg_c__rise,0.5,60.0,78,17,165,False,False,True,False,False,0,,cu01_local_temp_avg_c__rise,cu01_local_temp_avg_c__rise,0.0107421875,0.0107421875
injected,cu01_local_temp_avg_c__rise,0.5,60.0,79,14,164,False,False,True,False,False,0,,cu01_local_temp_avg_c__rise,cu01_local_temp_avg_c__rise,0.019287109375,0.019287109375
injected,cu01_local_temp_avg_c__rise,0.5,60.0,80,18,165,False,False,True,False,False,0,,cu01_local_temp_avg_c__rise,cu01_local_temp_avg_c__rise,0.019287109375,0.019287109375
injected,cu01_local_temp_avg_c__rise,0.5,60.0,81,16,166,True,True,True,False,False,1,cu01_local_temp_avg_c__rise,cu01_local_temp_avg_c__rise,cu01_local_temp_avg_c__rise,0.001953125,0.001953125
injected,cu01_local_temp_avg_c__rise,0.5,60.0,82,13,163,False,False,True,False,False,0,,cu01_local_temp_avg_c__rise,cu01_local_temp_avg_c__rise,0.0107421875,0.0107421875
injected,cu01_local_temp_avg_c__rise,0.5,60.0,83,16,162,True,True,True,False,False,1,cu01_local_temp_avg_c__rise,cu01_local_temp_avg_c__rise,cu01_local_temp_avg_c__rise,0.00390625,0.00390625
injected,cu01_local_temp_avg_c__rise,0.5,60.0,84,16,166,False,False,True,False,False,0,,cu01_local_temp_avg_c__rise,cu01_local_temp_avg_c__rise,0.0107421875,0.0107421875
injected,cu01_local_temp_avg_c__rise,0.5,60.0,85,14,166,True,True,True,False,False,1,cu01_local_temp_avg_c__rise,cu01_local_temp_avg_c__rise,cu01_local_temp_avg_c__rise,0.00390625,0.00390625
injected,cu01_local_temp_avg_c__rise,0.5,60.0,86,17,162,True,True,True,False,False,1,cu01_local_temp_avg_c__rise,cu01_local_temp_avg_c__rise,cu01_local_temp_avg_c__rise,0.00390625,0.00390625
injected,cu01_local_temp_avg_c__rise,0.5,60.0,87,18,164,False,False,True,False,False,0,,cu01_local_temp_avg_c__rise,cu01_local_temp_avg_c__rise,0.0107421875,0.0107421875
injected,cu01_local_temp_avg_c__rise,0.5,60.0,88,14,162,False,False,True,False,False,0,,cu01_local_temp_avg_c__rise,cu01_local_temp_avg_c__rise,0.019287109375,0.019287109375
injected,cu01_local_temp_avg_c__rise,0.5,60.0,89,14,162,False,False,True,False,False,0,,cu01_local_temp_avg_c__rise,cu01_local_temp_avg_c__rise,0.019287109375,0.019287109375
injected,cu01_local_temp_avg_c__rise,0.5,60.0,90,15,162,True,True,True,False,False,1,cu01_local_temp_avg_c__rise,cu01_local_temp_avg_c__rise,cu01_local_temp_avg_c__rise,0.00390625,0.00390625
injected,cu01_local_temp_avg_c__rise,0.5,60.0,91,17,165,True,True,True,False,False,1,cu01_local_temp_avg_c__rise,cu01_local_temp_avg_c__rise,cu01_local_temp_avg_c__rise,0.001953125,0.001953125
injected,cu01_local_temp_avg_c__rise,0.5,60.0,92,11,165,True,True,True,False,False,1,cu01_local_temp_avg_c__rise,cu01_local_temp_avg_c__rise,cu01_local_temp_avg_c__rise,0.00390625,0.00390625
injected,cu01_local_temp_avg_c__rise,0.5,60.0,93,18,164,True,True,True,False,False,1,cu01_local_temp_avg_c__rise,cu01_local_temp_avg_c__rise,cu01_local_temp_avg_c__rise,0.001953125,0.001953125
injected,cu01_local_temp_avg_c__rise,0.5,60.0,94,18,164,False,False,True,False,False,0,,cu01_local_temp_avg_c__rise,cu01_local_temp_avg_c__rise,0.0107421875,0.0107421875
injected,cu01_local_temp_avg_c__rise,0.5,60.0,95,13,165,False,False,True,False,False,0,,cu01_local_temp_avg_c__rise,cu01_local_temp_avg_c__rise,0.0107421875,0.0107421875
injected,cu01_local_temp_avg_c__rise,0.5,60.0,96,13,161,False,False,True,False,False,0,,cu01_local_temp_avg_c__rise,cu01_local_temp_avg_c__rise,0.0107421875,0.0107421875
injected,cu01_local_temp_avg_c__rise,0.5,60.0,97,17,165,True,True,True,False,False,1,cu01_local_temp_avg_c__rise,cu01_local_temp_avg_c__rise,cu01_local_temp_avg_c__rise,0.001953125,0.001953125
injected,cu01_local_temp_avg_c__rise,0.5,60.0,98,16,163,False,False,True,False,False,0,,cu01_local_temp_avg_c__rise,cu01_local_temp_avg_c__rise,0.0107421875,0.0107421875
injected,cu01_local_temp_avg_c__rise,0.5,60.0,99,16,165,True,True,True,False,False,1,cu01_local_temp_avg_c__rise,cu01_local_temp_avg_c__rise,cu01_local_temp_avg_c__rise,0.001953125,0.001953125
injected,cu01_local_temp_avg_c__rise,1.0,15.0,0,20,167,True,True,True,False,False,1,cu01_local_temp_avg_c__rise,cu01_local_temp_avg_c__rise,cu01_local_temp_avg_c__rise,3.814697265625e-05,3.814697265625e-05
injected,cu01_local_temp_avg_c__rise,1.0,15.0,1,19,166,True,True,True,False,False,1,cu01_local_temp_avg_c__rise,cu01_local_temp_avg_c__rise,cu01_local_temp_avg_c__rise,7.2479248046875e-05,7.2479248046875e-05
injected,cu01_local_temp_avg_c__rise,1.0,15.0,2,15,165,True,True,True,False,False,1,cu01_local_temp_avg_c__rise,cu01_local_temp_avg_c__rise,cu01_local_temp_avg_c__rise,0.0003643035888671875,0.0003643035888671875
injected,cu01_local_temp_avg_c__rise,1.0,15.0,3,14,163,True,True,True,False,False,1,cu01_local_temp_avg_c__rise,cu01_local_temp_avg_c__rise,cu01_local_temp_avg_c__rise,0.0011749267578125,0.0011749267578125
injected,cu01_local_temp_avg_c__rise,1.0,15.0,4,14,165,True,True,True,False,False,1,cu01_local_temp_avg_c__rise,cu01_local_temp_avg_c__rise,cu01_local_temp_avg_c__rise,0.0001373291015625,0.0001373291015625
injected,cu01_local_temp_avg_c__rise,1.0,15.0,5,15,163,True,True,True,False,False,1,cu01_local_temp_avg_c__rise,cu01_local_temp_avg_c__rise,cu01_local_temp_avg_c__rise,0.0011749267578125,0.0011749267578125
injected,cu01_local_temp_avg_c__rise,1.0,15.0,6,11,163,True,True,True,False,False,1,cu01_local_temp_avg_c__rise,cu01_local_temp_avg_c__rise,cu01_local_temp_avg_c__rise,0.00048828125,0.00048828125
injected,cu01_local_temp_avg_c__rise,1.0,15.0,7,16,162,True,True,True,False,False,1,cu01_local_temp_avg_c__rise,cu01_local_temp_avg_c__rise,cu01_local_temp_avg_c__rise,0.0020904541015625,0.0020904541015625
injected,cu01_local_temp_avg_c__rise,1.0,15.0,8,13,164,True,True,True,False,False,1,cu01_local_temp_avg_c__rise,cu01_local_temp_avg_c__rise,cu01_local_temp_avg_c__rise,0.0006561279296875,0.0006561279296875
injected,cu01_local_temp_avg_c__rise,1.0,15.0,9,18,165,True,True,True,False,False,1,cu01_local_temp_avg_c__rise,cu01_local_temp_avg_c__rise,cu01_local_temp_avg_c__rise,0.0003643035888671875,0.0003643035888671875
injected,cu01_local_temp_avg_c__rise,1.0,15.0,10,15,165,True,True,True,False,False,1,cu01_local_temp_avg_c__rise,cu01_local_temp_avg_c__rise,cu01_local_temp_avg_c__rise,0.0001373291015625,0.0001373291015625
injected,cu01_local_temp_avg_c__rise,1.0,15.0,11,18,166,True,True,True,False,False,1,cu01_local_temp_avg_c__rise,cu01_local_temp_avg_c__rise,cu01_local_temp_avg_c__rise,7.2479248046875e-05,7.2479248046875e-05
injected,cu01_local_temp_avg_c__rise,1.0,15.0,12,14,161,True,True,True,False,False,1,cu01_local_temp_avg_c__rise,cu01_local_temp_avg_c__rise,cu01_local_temp_avg_c__rise,0.001708984375,0.001708984375
injected,cu01_local_temp_avg_c__rise,1.0,15.0,13,14,165,True,True,True,False,False,1,cu01_local_temp_avg_c__rise,cu01_local_temp_avg_c__rise,cu01_local_temp_avg_c__rise,0.0001373291015625,0.0001373291015625
injected,cu01_local_temp_avg_c__rise,1.0,15.0,14,15,165,True,True,True,False,False,1,cu01_local_temp_avg_c__rise,cu01_local_temp_avg_c__rise,cu01_local_temp_avg_c__rise,0.0001373291015625,0.0001373291015625
injected,cu01_local_temp_avg_c__rise,1.0,15.0,15,17,165,True,True,True,False,False,1,cu01_local_temp_avg_c__rise,cu01_local_temp_avg_c__rise,cu01_local_temp_avg_c__rise,0.0003643035888671875,0.0003643035888671875
injected,cu01_local_temp_avg_c__rise,1.0,15.0,16,12,164,True,True,True,False,False,1,cu01_local_temp_avg_c__rise,cu01_local_temp_avg_c__rise,cu01_local_temp_avg_c__rise,0.0006561279296875,0.0006561279296875
injected,cu01_local_temp_avg_c__rise,1.0,15.0,17,13,163,True,True,True,False,False,1,cu01_local_temp_avg_c__rise,cu01_local_temp_avg_c__rise,cu01_local_temp_avg_c__rise,0.00048828125,0.00048828125
injected,cu01_local_temp_avg_c__rise,1.0,15.0,18,13,163,True,True,True,False,False,1,cu01_local_temp_avg_c__rise,cu01_local_temp_avg_c__rise,cu01_local_temp_avg_c__rise,0.00048828125,0.00048828125
injected,cu01_local_temp_avg_c__rise,1.0,15.0,19,16,166,True,True,True,False,False,1,cu01_local_temp_avg_c__rise,cu01_local_temp_avg_c__rise,cu01_local_temp_avg_c__rise,0.00020122528076171875,0.00020122528076171875
injected,cu01_local_temp_avg_c__rise,1.0,15.0,20,14,164,True,True,True,False,False,1,cu01_local_temp_avg_c__rise,cu01_local_temp_avg_c__rise,cu01_local_temp_avg_c__rise,0.0006561279296875,0.0006561279296875
injected,cu01_local_temp_avg_c__rise,1.0,15.0,21,16,163,True,True,True,False,False,1,cu01_local_temp_avg_c__rise,cu01_local_temp_avg_c__rise,cu01_local_temp_avg_c__rise,0.00048828125,0.00048828125
injected,cu01_local_temp_avg_c__rise,1.0,15.0,22,18,166,True,True,True,False,False,1,cu01_local_temp_avg_c__rise,cu01_local_temp_avg_c__rise,cu01_local_temp_avg_c__rise,7.2479248046875e-05,7.2479248046875e-05
injected,cu01_local_temp_avg_c__rise,1.0,15.0,23,16,166,True,True,True,False,False,1,cu01_local_temp_avg_c__rise,cu01_local_temp_avg_c__rise,cu01_local_temp_avg_c__rise,7.2479248046875e-05,7.2479248046875e-05
injected,cu01_local_temp_avg_c__rise,1.0,15.0,24,19,167,True,True,True,False,False,1,cu01_local_temp_avg_c__rise,cu01_local_temp_avg_c__rise,cu01_local_temp_avg_c__rise,3.814697265625e-05,3.814697265625e-05
injected,cu01_local_temp_avg_c__rise,1.0,15.0,25,18,164,True,True,True,False,False,1,cu01_local_temp_avg_c__rise,cu01_local_temp_avg_c__rise,cu01_local_temp_avg_c__rise,0.0002593994140625,0.0002593994140625
injected,cu01_local_temp_avg_c__rise,1.0,15.0,26,12,164,True,True,True,False,False,1,cu01_local_temp_avg_c__rise,cu01_local_temp_avg_c__rise,cu01_local_temp_avg_c__rise,0.0002593994140625,0.0002593994140625
injected,cu01_local_temp_avg_c__rise,1.0,15.0,27,15,163,True,True,True,False,False,1,cu01_local_temp_avg_c__rise,cu01_local_temp_avg_c__rise,cu01_local_temp_avg_c__rise,0.00048828125,0.00048828125
injected,cu01_local_temp_avg_c__rise,1.0,15.0,28,16,165,True,True,True,False,False,1,cu01_local_temp_avg_c__rise,cu01_local_temp_avg_c__rise,cu01_local_temp_avg_c__rise,0.0003643035888671875,0.0003643035888671875
injected,cu01_local_temp_avg_c__rise,1.0,15.0,29,13,164,True,True,True,False,False,1,cu01_local_temp_avg_c__rise,cu01_local_temp_avg_c__rise,cu01_local_temp_avg_c__rise,0.0002593994140625,0.0002593994140625
injected,cu01_local_temp_avg_c__rise,1.0,15.0,30,16,165,True,True,True,False,False,1,cu01_local_temp_avg_c__rise,cu01_local_temp_avg_c__rise,cu01_local_temp_avg_c__rise,0.0001373291015625,0.0001373291015625
injected,cu01_local_temp_avg_c__rise,1.0,15.0,31,19,166,True,True,True,False,False,1,cu01_local_temp_avg_c__rise,cu01_local_temp_avg_c__rise,cu01_local_temp_avg_c__rise,7.2479248046875e-05,7.2479248046875e-05
injected,cu01_local_temp_avg_c__rise,1.0,15.0,32,16,164,True,True,True,False,False,1,cu01_local_temp_avg_c__rise,cu01_local_temp_avg_c__rise,cu01_local_temp_avg_c__rise,0.0006561279296875,0.0006561279296875
injected,cu01_local_temp_avg_c__rise,1.0,15.0,33,18,165,True,True,True,False,False,1,cu01_local_temp_avg_c__rise,cu01_local_temp_avg_c__rise,cu01_local_temp_avg_c__rise,0.0003643035888671875,0.0003643035888671875
injected,cu01_local_temp_avg_c__rise,1.0,15.0,34,16,164,True,True,True,False,False,1,cu01_local_temp_avg_c__rise,cu01_local_temp_avg_c__rise,cu01_local_temp_avg_c__rise,0.0002593994140625,0.0002593994140625
injected,cu01_local_temp_avg_c__rise,1.0,15.0,35,19,166,True,True,True,False,False,1,cu01_local_temp_avg_c__rise,cu01_local_temp_avg_c__rise,cu01_local_temp_avg_c__rise,7.2479248046875e-05,7.2479248046875e-05
injected,cu01_local_temp_avg_c__rise,1.0,15.0,36,16,164,True,True,True,False,False,1,cu01_local_temp_avg_c__rise,cu01_local_temp_avg_c__rise,cu01_local_temp_avg_c__rise,0.0002593994140625,0.0002593994140625
injected,cu01_local_temp_avg_c__rise,1.0,15.0,37,16,164,True,True,True,False,False,1,cu01_local_temp_avg_c__rise,cu01_local_temp_avg_c__rise,cu01_local_temp_avg_c__rise,0.0002593994140625,0.0002593994140625
injected,cu01_local_temp_avg_c__rise,1.0,15.0,38,17,164,True,True,True,False,False,1,cu01_local_temp_avg_c__rise,cu01_local_temp_avg_c__rise,cu01_local_temp_avg_c__rise,0.0002593994140625,0.0002593994140625
injected,cu01_local_temp_avg_c__rise,1.0,15.0,39,21,166,True,True,True,False,False,1,cu01_local_temp_avg_c__rise,cu01_local_temp_avg_c__rise,cu01_local_temp_avg_c__rise,7.2479248046875e-05,7.2479248046875e-05
injected,cu01_local_temp_avg_c__rise,1.0,15.0,40,20,166,True,True,True,False,False,1,cu01_local_temp_avg_c__rise,cu01_local_temp_avg_c__rise,cu01_local_temp_avg_c__rise,7.2479248046875e-05,7.2479248046875e-05
injected,cu01_local_temp_avg_c__rise,1.0,15.0,41,14,164,True,True,True,False,False,1,cu01_local_temp_avg_c__rise,cu01_local_temp_avg_c__rise,cu01_local_temp_avg_c__rise,0.0006561279296875,0.0006561279296875
injected,cu01_local_temp_avg_c__rise,1.0,15.0,42,15,166,True,True,True,False,False,1,cu01_local_temp_avg_c__rise,cu01_local_temp_avg_c__rise,cu01_local_temp_avg_c__rise,7.2479248046875e-05,7.2479248046875e-05
injected,cu01_local_temp_avg_c__rise,1.0,15.0,43,14,162,True,True,True,False,False,1,cu01_local_temp_avg_c__rise,cu01_local_temp_avg_c__rise,cu01_local_temp_avg_c__rise,0.0020904541015625,0.0020904541015625
injected,cu01_local_temp_avg_c__rise,1.0,15.0,44,19,166,True,True,True,False,False,1,cu01_local_temp_avg_c__rise,cu01_local_temp_avg_c__rise,cu01_local_temp_avg_c__rise,7.2479248046875e-05,7.2479248046875e-05
injected,cu01_local_temp_avg_c__rise,1.0,15.0,45,19,166,True,True,True,False,False,1,cu01_local_temp_avg_c__rise,cu01_local_temp_avg_c__rise,cu01_local_temp_avg_c__rise,7.2479248046875e-05,7.2479248046875e-05
injected,cu01_local_temp_avg_c__rise,1.0,15.0,46,19,166,True,True,True,False,False,1,cu01_local_temp_avg_c__rise,cu01_local_temp_avg_c__rise,cu01_local_temp_avg_c__rise,7.2479248046875e-05,7.2479248046875e-05
injected,cu01_local_temp_avg_c__rise,1.0,15.0,47,15,163,True,True,True,False,False,1,cu01_local_temp_avg_c__rise,cu01_local_temp_avg_c__rise,cu01_local_temp_avg_c__rise,0.0011749267578125,0.0011749267578125
injected,cu01_local_temp_avg_c__rise,1.0,15.0,48,16,162,True,True,True,False,False,1,cu01_local_temp_avg_c__rise,cu01_local_temp_avg_c__rise,cu01_local_temp_avg_c__rise,0.0020904541015625,0.0020904541015625
injected,cu01_local_temp_avg_c__rise,1.0,15.0,49,14,164,True,True,True,False,False,1,cu01_local_temp_avg_c__rise,cu01_local_temp_avg_c__rise,cu01_local_temp_avg_c__rise,0.0006561279296875,0.0006561279296875
injected,cu01_local_temp_avg_c__rise,1.0,15.0,50,20,165,True,True,True,False,False,1,cu01_local_temp_avg_c__rise,cu01_local_temp_avg_c__rise,cu01_local_temp_avg_c__rise,0.0001373291015625,0.0001373291015625
injected,cu01_local_temp_avg_c__rise,1.0,15.0,51,16,165,True,True,True,False,False,1,cu01_local_temp_avg_c__rise,cu01_local_temp_avg_c__rise,cu01_local_temp_avg_c__rise,0.0001373291015625,0.0001373291015625
injected,cu01_local_temp_avg_c__rise,1.0,15.0,52,16,165,True,True,True,False,False,1,cu01_local_temp_avg_c__rise,cu01_local_temp_avg_c__rise,cu01_local_temp_avg_c__rise,0.0003643035888671875,0.0003643035888671875
injected,cu01_local_temp_avg_c__rise,1.0,15.0,53,17,165,True,True,True,False,False,1,cu01_local_temp_avg_c__rise,cu01_local_temp_avg_c__rise,cu01_local_temp_avg_c__rise,0.0001373291015625,0.0001373291015625
injected,cu01_local_temp_avg_c__rise,1.0,15.0,54,14,162,True,True,True,False,False,1,cu01_local_temp_avg_c__rise,cu01_local_temp_avg_c__rise,cu01_local_temp_avg_c__rise,0.00091552734375,0.00091552734375
injected,cu01_local_temp_avg_c__rise,1.0,15.0,55,14,163,True,True,True,False,False,1,cu01_local_temp_avg_c__rise,cu01_local_temp_avg_c__rise,cu01_local_temp_avg_c__rise,0.0011749267578125,0.0011749267578125
injected,cu01_local_temp_avg_c__rise,1.0,15.0,56,15,166,True,True,True,False,False,1,cu01_local_temp_avg_c__rise,cu01_local_temp_avg_c__rise,cu01_local_temp_avg_c__rise,7.2479248046875e-05,7.2479248046875e-05
injected,cu01_local_temp_avg_c__rise,1.0,15.0,57,15,164,True,True,True,False,False,1,cu01_local_temp_avg_c__rise,cu01_local_temp_avg_c__rise,cu01_local_temp_avg_c__rise,0.0002593994140625,0.0002593994140625
injected,cu01_local_temp_avg_c__rise,1.0,15.0,58,17,163,True,True,True,False,False,1,cu01_local_temp_avg_c__rise,cu01_local_temp_avg_c__rise,cu01_local_temp_avg_c__rise,0.00048828125,0.00048828125
injected,cu01_local_temp_avg_c__rise,1.0,15.0,59,15,164,True,True,True,False,False,1,cu01_local_temp_avg_c__rise,cu01_local_temp_avg_c__rise,cu01_local_temp_avg_c__rise,0.0006561279296875,0.0006561279296875
injected,cu01_local_temp_avg_c__rise,1.0,15.0,60,19,165,True,True,True,False,False,1,cu01_local_temp_avg_c__rise,cu01_local_temp_avg_c__rise,cu01_local_temp_avg_c__rise,0.0001373291015625,0.0001373291015625
injected,cu01_local_temp_avg_c__rise,1.0,15.0,61,14,164,True,True,True,False,False,1,cu01_local_temp_avg_c__rise,cu01_local_temp_avg_c__rise,cu01_local_temp_avg_c__rise,0.0006561279296875,0.0006561279296875
injected,cu01_local_temp_avg_c__rise,1.0,15.0,62,17,164,True,True,True,False,False,1,cu01_local_temp_avg_c__rise,cu01_local_temp_avg_c__rise,cu01_local_temp_avg_c__rise,0.0002593994140625,0.0002593994140625
injected,cu01_local_temp_avg_c__rise,1.0,15.0,63,17,164,True,True,True,False,False,1,cu01_local_temp_avg_c__rise,cu01_local_temp_avg_c__rise,cu01_local_temp_avg_c__rise,0.0002593994140625,0.0002593994140625
injected,cu01_local_temp_avg_c__rise,1.0,15.0,64,15,164,True,True,True,False,False,1,cu01_local_temp_avg_c__rise,cu01_local_temp_avg_c__rise,cu01_local_temp_avg_c__rise,0.0002593994140625,0.0002593994140625
injected,cu01_local_temp_avg_c__rise,1.0,15.0,65,16,164,True,True,True,False,False,1,cu01_local_temp_avg_c__rise,cu01_local_temp_avg_c__rise,cu01_local_temp_avg_c__rise,0.0002593994140625,0.0002593994140625
injected,cu01_local_temp_avg_c__rise,1.0,15.0,66,15,164,True,True,True,False,False,1,cu01_local_temp_avg_c__rise,cu01_local_temp_avg_c__rise,cu01_local_temp_avg_c__rise,0.0006561279296875,0.0006561279296875
injected,cu01_local_temp_avg_c__rise,1.0,15.0,67,15,163,True,True,True,False,False,1,cu01_local_temp_avg_c__rise,cu01_local_temp_avg_c__rise,cu01_local_temp_avg_c__rise,0.00048828125,0.00048828125
injected,cu01_local_temp_avg_c__rise,1.0,15.0,68,19,166,True,True,True,False,False,1,cu01_local_temp_avg_c__rise,cu01_local_temp_avg_c__rise,cu01_local_temp_avg_c__rise,7.2479248046875e-05,7.2479248046875e-05
injected,cu01_local_temp_avg_c__rise,1.0,15.0,69,15,164,True,True,True,False,False,1,cu01_local_temp_avg_c__rise,cu01_local_temp_avg_c__rise,cu01_local_temp_avg_c__rise,0.0002593994140625,0.0002593994140625
injected,cu01_local_temp_avg_c__rise,1.0,15.0,70,16,163,True,True,True,False,False,1,cu01_local_temp_avg_c__rise,cu01_local_temp_avg_c__rise,cu01_local_temp_avg_c__rise,0.0011749267578125,0.0011749267578125
injected,cu01_local_temp_avg_c__rise,1.0,15.0,71,17,165,True,True,True,False,False,1,cu01_local_temp_avg_c__rise,cu01_local_temp_avg_c__rise,cu01_local_temp_avg_c__rise,0.0001373291015625,0.0001373291015625
injected,cu01_local_temp_avg_c__rise,1.0,15.0,72,18,165,True,True,True,False,False,1,cu01_local_temp_avg_c__rise,cu01_local_temp_avg_c__rise,cu01_local_temp_avg_c__rise,0.0001373291015625,0.0001373291015625
injected,cu01_local_temp_avg_c__rise,1.0,15.0,73,16,163,True,True,True,False,False,1,cu01_local_temp_avg_c__rise,cu01_local_temp_avg_c__rise,cu01_local_temp_avg_c__rise,0.00048828125,0.00048828125
injected,cu01_local_temp_avg_c__rise,1.0,15.0,74,15,164,True,True,True,False,False,1,cu01_local_temp_avg_c__rise,cu01_local_temp_avg_c__rise,cu01_local_temp_avg_c__rise,0.0002593994140625,0.0002593994140625
injected,cu01_local_temp_avg_c__rise,1.0,15.0,75,21,165,True,True,True,False,False,1,cu01_local_temp_avg_c__rise,cu01_local_temp_avg_c__rise,cu01_local_temp_avg_c__rise,0.0001373291015625,0.0001373291015625
injected,cu01_local_temp_avg_c__rise,1.0,15.0,76,15,165,True,True,True,False,False,1,cu01_local_temp_avg_c__rise,cu01_local_temp_avg_c__rise,cu01_local_temp_avg_c__rise,0.0001373291015625,0.0001373291015625
injected,cu01_local_temp_avg_c__rise,1.0,15.0,77,14,164,True,True,True,False,False,1,cu01_local_temp_avg_c__rise,cu01_local_temp_avg_c__rise,cu01_local_temp_avg_c__rise,0.0002593994140625,0.0002593994140625
injected,cu01_local_temp_avg_c__rise,1.0,15.0,78,17,165,True,True,True,False,False,1,cu01_local_temp_avg_c__rise,cu01_local_temp_avg_c__rise,cu01_local_temp_avg_c__rise,0.0001373291015625,0.0001373291015625
injected,cu01_local_temp_avg_c__rise,1.0,15.0,79,14,163,True,True,True,False,False,1,cu01_local_temp_avg_c__rise,cu01_local_temp_avg_c__rise,cu01_local_temp_avg_c__rise,0.0011749267578125,0.0011749267578125
injected,cu01_local_temp_avg_c__rise,1.0,15.0,80,18,164,True,True,True,False,False,1,cu01_local_temp_avg_c__rise,cu01_local_temp_avg_c__rise,cu01_local_temp_avg_c__rise,0.0002593994140625,0.0002593994140625
injected,cu01_local_temp_avg_c__rise,1.0,15.0,81,16,165,True,True,True,False,False,1,cu01_local_temp_avg_c__rise,cu01_local_temp_avg_c__rise,cu01_local_temp_avg_c__rise,0.0001373291015625,0.0001373291015625
injected,cu01_local_temp_avg_c__rise,1.0,15.0,82,13,163,True,True,True,False,False,1,cu01_local_temp_avg_c__rise,cu01_local_temp_avg_c__rise,cu01_local_temp_avg_c__rise,0.0011749267578125,0.0011749267578125
injected,cu01_local_temp_avg_c__rise,1.0,15.0,83,16,164,True,True,True,False,False,1,cu01_local_temp_avg_c__rise,cu01_local_temp_avg_c__rise,cu01_local_temp_avg_c__rise,0.0002593994140625,0.0002593994140625
injected,cu01_local_temp_avg_c__rise,1.0,15.0,84,16,164,True,True,True,False,False,1,cu01_local_temp_avg_c__rise,cu01_local_temp_avg_c__rise,cu01_local_temp_avg_c__rise,0.0006561279296875,0.0006561279296875
injected,cu01_local_temp_avg_c__rise,1.0,15.0,85,14,163,True,True,True,False,False,1,cu01_local_temp_avg_c__rise,cu01_local_temp_avg_c__rise,cu01_local_temp_avg_c__rise,0.00048828125,0.00048828125
injected,cu01_local_temp_avg_c__rise,1.0,15.0,86,17,164,True,True,True,False,False,1,cu01_local_temp_avg_c__rise,cu01_local_temp_avg_c__rise,cu01_local_temp_avg_c__rise,0.0002593994140625,0.0002593994140625
injected,cu01_local_temp_avg_c__rise,1.0,15.0,87,18,165,True,True,True,False,False,1,cu01_local_temp_avg_c__rise,cu01_local_temp_avg_c__rise,cu01_local_temp_avg_c__rise,0.0001373291015625,0.0001373291015625
injected,cu01_local_temp_avg_c__rise,1.0,15.0,88,14,164,True,True,True,False,False,1,cu01_local_temp_avg_c__rise,cu01_local_temp_avg_c__rise,cu01_local_temp_avg_c__rise,0.0006561279296875,0.0006561279296875
injected,cu01_local_temp_avg_c__rise,1.0,15.0,89,14,165,True,True,True,False,False,1,cu01_local_temp_avg_c__rise,cu01_local_temp_avg_c__rise,cu01_local_temp_avg_c__rise,0.0001373291015625,0.0001373291015625
injected,cu01_local_temp_avg_c__rise,1.0,15.0,90,15,164,True,True,True,False,False,1,cu01_local_temp_avg_c__rise,cu01_local_temp_avg_c__rise,cu01_local_temp_avg_c__rise,0.0002593994140625,0.0002593994140625
injected,cu01_local_temp_avg_c__rise,1.0,15.0,91,17,165,True,True,True,False,False,1,cu01_local_temp_avg_c__rise,cu01_local_temp_avg_c__rise,cu01_local_temp_avg_c__rise,0.0001373291015625,0.0001373291015625
injected,cu01_local_temp_avg_c__rise,1.0,15.0,92,11,162,True,True,True,False,False,1,cu01_local_temp_avg_c__rise,cu01_local_temp_avg_c__rise,cu01_local_temp_avg_c__rise,0.00091552734375,0.00091552734375
injected,cu01_local_temp_avg_c__rise,1.0,15.0,93,18,167,True,True,True,False,False,1,cu01_local_temp_avg_c__rise,cu01_local_temp_avg_c__rise,cu01_local_temp_avg_c__rise,3.814697265625e-05,3.814697265625e-05
injected,cu01_local_temp_avg_c__rise,1.0,15.0,94,18,166,True,True,True,False,False,1,cu01_local_temp_avg_c__rise,cu01_local_temp_avg_c__rise,cu01_local_temp_avg_c__rise,0.00020122528076171875,0.00020122528076171875
injected,cu01_local_temp_avg_c__rise,1.0,15.0,95,13,161,True,True,True,False,False,1,cu01_local_temp_avg_c__rise,cu01_local_temp_avg_c__rise,cu01_local_temp_avg_c__rise,0.001708984375,0.001708984375
injected,cu01_local_temp_avg_c__rise,1.0,15.0,96,13,164,True,True,True,False,False,1,cu01_local_temp_avg_c__rise,cu01_local_temp_avg_c__rise,cu01_local_temp_avg_c__rise,0.0002593994140625,0.0002593994140625
injected,cu01_local_temp_avg_c__rise,1.0,15.0,97,17,166,True,True,True,False,False,1,cu01_local_temp_avg_c__rise,cu01_local_temp_avg_c__rise,cu01_local_temp_avg_c__rise,7.2479248046875e-05,7.2479248046875e-05
injected,cu01_local_temp_avg_c__rise,1.0,15.0,98,16,166,True,True,True,False,False,1,cu01_local_temp_avg_c__rise,cu01_local_temp_avg_c__rise,cu01_local_temp_avg_c__rise,0.00020122528076171875,0.00020122528076171875
injected,cu01_local_temp_avg_c__rise,1.0,15.0,99,16,165,True,True,True,False,False,1,cu01_local_temp_avg_c__rise,cu01_local_temp_avg_c__rise,cu01_local_temp_avg_c__rise,0.0001373291015625,0.0001373291015625
injected,cu01_local_temp_avg_c__rise,1.0,30.0,0,20,163,True,True,True,False,False,1,cu01_local_temp_avg_c__rise,cu01_local_temp_avg_c__rise,cu01_local_temp_avg_c__rise,3.814697265625e-06,3.814697265625e-06
injected,cu01_local_temp_avg_c__rise,1.0,30.0,1,19,164,True,True,True,False,False,1,cu01_local_temp_avg_c__rise,cu01_local_temp_avg_c__rise,cu01_local_temp_avg_c__rise,7.62939453125e-06,7.62939453125e-06
injected,cu01_local_temp_avg_c__rise,1.0,30.0,2,15,162,True,True,True,False,False,1,cu01_local_temp_avg_c__rise,cu01_local_temp_avg_c__rise,cu01_local_temp_avg_c__rise,0.0003643035888671875,0.0003643035888671875
injected,cu01_local_temp_avg_c__rise,1.0,30.0,3,14,161,True,True,True,False,False,1,cu01_local_temp_avg_c__rise,cu01_local_temp_avg_c__rise,cu01_local_temp_avg_c__rise,0.0002593994140625,0.0002593994140625
injected,cu01_local_temp_avg_c__rise,1.0,30.0,4,14,162,True,True,True,False,False,1,cu01_local_temp_avg_c__rise,cu01_local_temp_avg_c__rise,cu01_local_temp_avg_c__rise,1.52587890625e-05,1.52587890625e-05
injected,cu01_local_temp_avg_c__rise,1.0,30.0,5,15,160,True,True,True,False,False,1,cu01_local_temp_avg_c__rise,cu01_local_temp_avg_c__rise,cu01_local_temp_avg_c__rise,0.0002593994140625,0.0002593994140625
injected,cu01_local_temp_avg_c__rise,1.0,30.0,6,11,163,True,True,True,False,False,1,cu01_local_temp_avg_c__rise,cu01_local_temp_avg_c__rise,cu01_local_temp_avg_c__rise,0.00048828125,0.00048828125
injected,cu01_local_temp_avg_c__rise,1.0,30.0,7,16,159,True,True,True,False,False,1,cu01_local_temp_avg_c__rise,cu01_local_temp_avg_c__rise,cu01_local_temp_avg_c__rise,0.00048828125,0.00048828125
injected,cu01_local_temp_avg_c__rise,1.0,30.0,8,13,162,True,True,True,False,False,1,cu01_local_temp_avg_c__rise,cu01_local_temp_avg_c__rise,cu01_local_temp_avg_c__rise,0.0001373291015625,0.0001373291015625
injected,cu01_local_temp_avg_c__rise,1.0,30.0,9,18,160,True,True,True,False,False,1,cu01_local_temp_avg_c__rise,cu01_local_temp_avg_c__rise,cu01_local_temp_avg_c__rise,0.0003643035888671875,0.0003643035888671875
injected,cu01_local_temp_avg_c__rise,1.0,30.0,10,15,162,True,True,True,False,False,1,cu01_local_temp_avg_c__rise,cu01_local_temp_avg_c__rise,cu01_local_temp_avg_c__rise,0.0001373291015625,0.0001373291015625
injected,cu01_local_temp_avg_c__rise,1.0,30.0,11,18,162,True,True,True,False,False,1,cu01_local_temp_avg_c__rise,cu01_local_temp_avg_c__rise,cu01_local_temp_avg_c__rise,7.62939453125e-06,7.62939453125e-06
injected,cu01_local_temp_avg_c__rise,1.0,30.0,12,14,158,True,True,True,False,False,1,cu01_local_temp_avg_c__rise,cu01_local_temp_avg_c__rise,cu01_local_temp_avg_c__rise,0.000244140625,0.000244140625
injected,cu01_local_temp_avg_c__rise,1.0,30.0,13,14,162,True,True,True,False,False,1,cu01_local_temp_avg_c__rise,cu01_local_temp_avg_c__rise,cu01_local_temp_avg_c__rise,0.0001373291015625,0.0001373291015625
injected,cu01_local_temp_avg_c__rise,1.0,30.0,14,15,160,True,True,True,False,False,1,cu01_local_temp_avg_c__rise,cu01_local_temp_avg_c__rise,cu01_local_temp_avg_c__rise,0.0001373291015625,0.0001373291015625
injected,cu01_local_temp_avg_c__rise,1.0,30.0,15,17,162,True,True,True,False,False,1,cu01_local_temp_avg_c__rise,cu01_local_temp_avg_c__rise,cu01_local_temp_avg_c__rise,7.2479248046875e-05,7.2479248046875e-05
injected,cu01_local_temp_avg_c__rise,1.0,30.0,16,12,160,True,True,True,False,False,1,cu01_local_temp_avg_c__rise,cu01_local_temp_avg_c__rise,cu01_local_temp_avg_c__rise,0.0006561279296875,0.0006561279296875
injected,cu01_local_temp_avg_c__rise,1.0,30.0,17,13,162,True,True,True,False,False,1,cu01_local_temp_avg_c__rise,cu01_local_temp_avg_c__rise,cu01_local_temp_avg_c__rise,6.103515625e-05,6.103515625e-05
injected,cu01_local_temp_avg_c__rise,1.0,30.0,18,13,161,True,True,True,False,False,1,cu01_local_temp_avg_c__rise,cu01_local_temp_avg_c__rise,cu01_local_temp_avg_c__rise,6.103515625e-05,6.103515625e-05
injected,cu01_local_temp_avg_c__rise,1.0,30.0,19,16,161,True,True,True,False,False,1,cu01_local_temp_avg_c__rise,cu01_local_temp_avg_c__rise,cu01_local_temp_avg_c__rise,3.814697265625e-05,3.814697265625e-05
injected,cu01_local_temp_avg_c__rise,1.0,30.0,20,14,161,True,True,True,False,False,1,cu01_local_temp_avg_c__rise,cu01_local_temp_avg_c__rise,cu01_local_temp_avg_c__rise,0.0006561279296875,0.0006561279296875
injected,cu01_local_temp_avg_c__rise,1.0,30.0,21,16,161,True,True,True,False,False,1,cu01_local_temp_avg_c__rise,cu01_local_temp_avg_c__rise,cu01_local_temp_avg_c__rise,0.00048828125,0.00048828125
injected,cu01_local_temp_avg_c__rise,1.0,30.0,22,18,161,True,True,True,False,False,1,cu01_local_temp_avg_c__rise,cu01_local_temp_avg_c__rise,cu01_local_temp_avg_c__rise,7.2479248046875e-05,7.2479248046875e-05
injected,cu01_local_temp_avg_c__rise,1.0,30.0,23,16,163,True,True,True,False,False,1,cu01_local_temp_avg_c__rise,cu01_local_temp_avg_c__rise,cu01_local_temp_avg_c__rise,7.2479248046875e-05,7.2479248046875e-05
injected,cu01_local_temp_avg_c__rise,1.0,30.0,24,19,163,True,True,True,False,False,1,cu01_local_temp_avg_c__rise,cu01_local_temp_avg_c__rise,cu01_local_temp_avg_c__rise,3.814697265625e-05,3.814697265625e-05
injected,cu01_local_temp_avg_c__rise,1.0,30.0,25,18,162,True,True,True,False,False,1,cu01_local_temp_avg_c__rise,cu01_local_temp_avg_c__rise,cu01_local_temp_avg_c__rise,3.0517578125e-05,3.0517578125e-05
injected,cu01_local_temp_avg_c__rise,1.0,30.0,26,12,161,True,True,True,False,False,1,cu01_local_temp_avg_c__rise,cu01_local_temp_avg_c__rise,cu01_local_temp_avg_c__rise,3.0517578125e-05,3.0517578125e-05
injected,cu01_local_temp_avg_c__rise,1.0,30.0,27,15,160,True,True,True,False,False,1,cu01_local_temp_avg_c__rise,cu01_local_temp_avg_c__rise,cu01_local_temp_avg_c__rise,6.103515625e-05,6.103515625e-05
injected,cu01_local_temp_avg_c__rise,1.0,30.0,28,16,161,True,True,True,False,False,1,cu01_local_temp_avg_c__rise,cu01_local_temp_avg_c__rise,cu01_local_temp_avg_c__rise,7.2479248046875e-05,7.2479248046875e-05
injected,cu01_local_temp_avg_c__rise,1.0,30.0,29,13,162,True,True,True,False,False,1,cu01_local_temp_avg_c__rise,cu01_local_temp_avg_c__rise,cu01_local_temp_avg_c__rise,0.0002593994140625,0.0002593994140625
injected,cu01_local_temp_avg_c__rise,1.0,30.0,30,16,162,True,True,True,False,False,1,cu01_local_temp_avg_c__rise,cu01_local_temp_avg_c__rise,cu01_local_temp_avg_c__rise,1.52587890625e-05,1.52587890625e-05
injected,cu01_local_temp_avg_c__rise,1.0,30.0,31,19,163,True,True,True,False,False,1,cu01_local_temp_avg_c__rise,cu01_local_temp_avg_c__rise,cu01_local_temp_avg_c__rise,7.62939453125e-06,7.62939453125e-06
injected,cu01_local_temp_avg_c__rise,1.0,30.0,32,16,161,True,True,True,False,False,1,cu01_local_temp_avg_c__rise,cu01_local_temp_avg_c__rise,cu01_local_temp_avg_c__rise,0.0001373291015625,0.0001373291015625
injected,cu01_local_temp_avg_c__rise,1.0,30.0,33,18,161,True,True,True,False,False,1,cu01_local_temp_avg_c__rise,cu01_local_temp_avg_c__rise,cu01_local_temp_avg_c__rise,7.2479248046875e-05,7.2479248046875e-05
injected,cu01_local_temp_avg_c__rise,1.0,30.0,34,16,163,True,True,True,False,False,1,cu01_local_temp_avg_c__rise,cu01_local_temp_avg_c__rise,cu01_local_temp_avg_c__rise,3.0517578125e-05,3.0517578125e-05
injected,cu01_local_temp_avg_c__rise,1.0,30.0,35,19,163,True,True,True,False,False,1,cu01_local_temp_avg_c__rise,cu01_local_temp_avg_c__rise,cu01_local_temp_avg_c__rise,7.62939453125e-06,7.62939453125e-06
injected,cu01_local_temp_avg_c__rise,1.0,30.0,36,16,161,True,True,True,False,False,1,cu01_local_temp_avg_c__rise,cu01_local_temp_avg_c__rise,cu01_local_temp_avg_c__rise,3.0517578125e-05,3.0517578125e-05
injected,cu01_local_temp_avg_c__rise,1.0,30.0,37,16,161,True,True,True,False,False,1,cu01_local_temp_avg_c__rise,cu01_local_temp_avg_c__rise,cu01_local_temp_avg_c__rise,0.0002593994140625,0.0002593994140625
injected,cu01_local_temp_avg_c__rise,1.0,30.0,38,17,163,True,True,True,False,False,1,cu01_local_temp_avg_c__rise,cu01_local_temp_avg_c__rise,cu01_local_temp_avg_c__rise,3.0517578125e-05,3.0517578125e-05
injected,cu01_local_temp_avg_c__rise,1.0,30.0,39,21,163,True,True,True,False,False,1,cu01_local_temp_avg_c__rise,cu01_local_temp_avg_c__rise,cu01_local_temp_avg_c__rise,7.62939453125e-06,7.62939453125e-06
injected,cu01_local_temp_avg_c__rise,1.0,30.0,40,20,163,True,True,True,False,False,1,cu01_local_temp_avg_c__rise,cu01_local_temp_avg_c__rise,cu01_local_temp_avg_c__rise,7.62939453125e-06,7.62939453125e-06
injected,cu01_local_temp_avg_c__rise,1.0,30.0,41,14,162,True,True,True,False,False,1,cu01_local_temp_avg_c__rise,cu01_local_temp_avg_c__rise,cu01_local_temp_avg_c__rise,0.0001373291015625,0.0001373291015625
injected,cu01_local_temp_avg_c__rise,1.0,30.0,42,15,162,True,True,True,False,False,1,cu01_local_temp_avg_c__rise,cu01_local_temp_avg_c__rise,cu01_local_temp_avg_c__rise,7.2479248046875e-05,7.2479248046875e-05
injected,cu01_local_temp_avg_c__rise,1.0,30.0,43,14,162,True,True,True,False,False,1,cu01_local_temp_avg_c__rise,cu01_local_temp_avg_c__rise,cu01_local_temp_avg_c__rise,0.00048828125,0.00048828125
injected,cu01_local_temp_avg_c__rise,1.0,30.0,44,19,162,True,True,True,False,False,1,cu01_local_temp_avg_c__rise,cu01_local_temp_avg_c__rise,cu01_local_temp_avg_c__rise,7.62939453125e-06,7.62939453125e-06
injected,cu01_local_temp_avg_c__rise,1.0,30.0,45,19,162,True,True,True,False,False,1,cu01_local_temp_avg_c__rise,cu01_local_temp_avg_c__rise,cu01_local_temp_avg_c__rise,7.62939453125e-06,7.62939453125e-06
injected,cu01_local_temp_avg_c__rise,1.0,30.0,46,19,163,True,True,True,False,False,1,cu01_local_temp_avg_c__rise,cu01_local_temp_avg_c__rise,cu01_local_temp_avg_c__rise,7.62939453125e-06,7.62939453125e-06
injected,cu01_local_temp_avg_c__rise,1.0,30.0,47,15,161,True,True,True,False,False,1,cu01_local_temp_avg_c__rise,cu01_local_temp_avg_c__rise,cu01_local_temp_avg_c__rise,0.0002593994140625,0.0002593994140625
injected,cu01_local_temp_avg_c__rise,1.0,30.0,48,16,159,True,True,True,False,False,1,cu01_local_temp_avg_c__rise,cu01_local_temp_avg_c__rise,cu01_local_temp_avg_c__rise,0.00048828125,0.00048828125
injected,cu01_local_temp_avg_c__rise,1.0,30.0,49,14,162,True,True,True,False,False,1,cu01_local_temp_avg_c__rise,cu01_local_temp_avg_c__rise,cu01_local_temp_avg_c__rise,0.0006561279296875,0.0006561279296875
injected,cu01_local_temp_avg_c__rise,1.0,30.0,50,20,162,True,True,True,False,False,1,cu01_local_temp_avg_c__rise,cu01_local_temp_avg_c__rise,cu01_local_temp_avg_c__rise,1.52587890625e-05,1.52587890625e-05
injected,cu01_local_temp_avg_c__rise,1.0,30.0,51,16,163,True,True,True,False,False,1,cu01_local_temp_avg_c__rise,cu01_local_temp_avg_c__rise,cu01_local_temp_avg_c__rise,1.52587890625e-05,1.52587890625e-05
injected,cu01_local_temp_avg_c__rise,1.0,30.0,52,16,163,True,True,True,False,False,1,cu01_local_temp_avg_c__rise,cu01_local_temp_avg_c__rise,cu01_local_temp_avg_c__rise,7.2479248046875e-05,7.2479248046875e-05
injected,cu01_local_temp_avg_c__rise,1.0,30.0,53,17,161,True,True,True,False,False,1,cu01_local_temp_avg_c__rise,cu01_local_temp_avg_c__rise,cu01_local_temp_avg_c__rise,1.52587890625e-05,1.52587890625e-05
injected,cu01_local_temp_avg_c__rise,1.0,30.0,54,14,160,True,True,True,False,False,1,cu01_local_temp_avg_c__rise,cu01_local_temp_avg_c__rise,cu01_local_temp_avg_c__rise,0.0001220703125,0.0001220703125
injected,cu01_local_temp_avg_c__rise,1.0,30.0,55,14,159,True,True,True,False,False,1,cu01_local_temp_avg_c__rise,cu01_local_temp_avg_c__rise,cu01_local_temp_avg_c__rise,0.0011749267578125,0.0011749267578125
injected,cu01_local_temp_avg_c__rise,1.0,30.0,56,15,163,True,True,True,False,False,1,cu01_local_temp_avg_c__rise,cu01_local_temp_avg_c__rise,cu01_local_temp_avg_c__rise,7.2479248046875e-05,7.2479248046875e-05
injected,cu01_local_temp_avg_c__rise,1.0,30.0,57,15,160,True,True,True,False,False,1,cu01_local_temp_avg_c__rise,cu01_local_temp_avg_c__rise,cu01_local_temp_avg_c__rise,0.0002593994140625,0.0002593994140625
injected,cu01_local_temp_avg_c__rise,1.0,30.0,58,17,162,True,True,True,False,False,1,cu01_local_temp_avg_c__rise,cu01_local_temp_avg_c__rise,cu01_local_temp_avg_c__rise,6.103515625e-05,6.103515625e-05
injected,cu01_local_temp_avg_c__rise,1.0,30.0,59,15,162,True,True,True,False,False,1,cu01_local_temp_avg_c__rise,cu01_local_temp_avg_c__rise,cu01_local_temp_avg_c__rise,0.0001373291015625,0.0001373291015625
injected,cu01_local_temp_avg_c__rise,1.0,30.0,60,19,163,True,True,True,False,False,1,cu01_local_temp_avg_c__rise,cu01_local_temp_avg_c__rise,cu01_local_temp_avg_c__rise,1.52587890625e-05,1.52587890625e-05
injected,cu01_local_temp_avg_c__rise,1.0,30.0,61,14,160,True,True,True,False,False,1,cu01_local_temp_avg_c__rise,cu01_local_temp_avg_c__rise,cu01_local_temp_avg_c__rise,0.0001373291015625,0.0001373291015625
injected,cu01_local_temp_avg_c__rise,1.0,30.0,62,17,161,True,True,True,False,False,1,cu01_local_temp_avg_c__rise,cu01_local_temp_avg_c__rise,cu01_local_temp_avg_c__rise,3.0517578125e-05,3.0517578125e-05
injected,cu01_local_temp_avg_c__rise,1.0,30.0,63,17,161,True,True,True,False,False,1,cu01_local_temp_avg_c__rise,cu01_local_temp_avg_c__rise,cu01_local_temp_avg_c__rise,3.0517578125e-05,3.0517578125e-05
injected,cu01_local_temp_avg_c__rise,1.0,30.0,64,15,160,True,True,True,False,False,1,cu01_local_temp_avg_c__rise,cu01_local_temp_avg_c__rise,cu01_local_temp_avg_c__rise,3.0517578125e-05,3.0517578125e-05
injected,cu01_local_temp_avg_c__rise,1.0,30.0,65,16,160,True,True,True,False,False,1,cu01_local_temp_avg_c__rise,cu01_local_temp_avg_c__rise,cu01_local_temp_avg_c__rise,3.0517578125e-05,3.0517578125e-05
injected,cu01_local_temp_avg_c__rise,1.0,30.0,66,15,161,True,True,True,False,False,1,cu01_local_temp_avg_c__rise,cu01_local_temp_avg_c__rise,cu01_local_temp_avg_c__rise,0.0006561279296875,0.0006561279296875
injected,cu01_local_temp_avg_c__rise,1.0,30.0,67,15,160,True,True,True,False,False,1,cu01_local_temp_avg_c__rise,cu01_local_temp_avg_c__rise,cu01_local_temp_avg_c__rise,6.103515625e-05,6.103515625e-05
injected,cu01_local_temp_avg_c__rise,1.0,30.0,68,19,164,True,True,True,False,False,1,cu01_local_temp_avg_c__rise,cu01_local_temp_avg_c__rise,cu01_local_temp_avg_c__rise,7.62939453125e-06,7.62939453125e-06
injected,cu01_local_temp_avg_c__rise,1.0,30.0,69,15,162,True,True,True,False,False,1,cu01_local_temp_avg_c__rise,cu01_local_temp_avg_c__rise,cu01_local_temp_avg_c__rise,0.0002593994140625,0.0002593994140625
injected,cu01_local_temp_avg_c__rise,1.0,30.0,70,16,158,True,True,True,False,False,1,cu01_local_temp_avg_c__rise,cu01_local_temp_avg_c__rise,cu01_local_temp_avg_c__rise,0.0002593994140625,0.0002593994140625
injected,cu01_local_temp_avg_c__rise,1.0,30.0,71,17,161,True,True,True,False,False,1,cu01_local_temp_avg_c__rise,cu01_local_temp_avg_c__rise,cu01_local_temp_avg_c__rise,1.52587890625e-05,1.52587890625e-05
injected,cu01_local_temp_avg_c__rise,1.0,30.0,72,18,162,True,True,True,False,False,1,cu01_local_temp_avg_c__rise,cu01_local_temp_avg_c__rise,cu01_local_temp_avg_c__rise,1.52587890625e-05,1.52587890625e-05
injected,cu01_local_temp_avg_c__rise,1.0,30.0,73,16,161,True,True,True,False,False,1,cu01_local_temp_avg_c__rise,cu01_local_temp_avg_c__rise,cu01_local_temp_avg_c__rise,6.103515625e-05,6.103515625e-05
injected,cu01_local_temp_avg_c__rise,1.0,30.0,74,15,161,True,True,True,False,False,1,cu01_local_temp_avg_c__rise,cu01_local_temp_avg_c__rise,cu01_local_temp_avg_c__rise,0.0002593994140625,0.0002593994140625
injected,cu01_local_temp_avg_c__rise,1.0,30.0,75,21,161,True,True,True,False,False,1,cu01_local_temp_avg_c__rise,cu01_local_temp_avg_c__rise,cu01_local_temp_avg_c__rise,1.52587890625e-05,1.52587890625e-05
injected,cu01_local_temp_avg_c__rise,1.0,30.0,76,15,163,True,True,True,False,False,1,cu01_local_temp_avg_c__rise,cu01_local_temp_avg_c__rise,cu01_local_temp_avg_c__rise,1.52587890625e-05,1.52587890625e-05
injected,cu01_local_temp_avg_c__rise,1.0,30.0,77,14,162,True,True,True,False,False,1,cu01_local_temp_avg_c__rise,cu01_local_temp_avg_c__rise,cu01_local_temp_avg_c__rise,3.0517578125e-05,3.0517578125e-05
injected,cu01_local_temp_avg_c__rise,1.0,30.0,78,17,161,True,True,True,False,False,1,cu01_local_temp_avg_c__rise,cu01_local_temp_avg_c__rise,cu01_local_temp_avg_c__rise,1.52587890625e-05,1.52587890625e-05
injected,cu01_local_temp_avg_c__rise,1.0,30.0,79,14,161,True,True,True,False,False,1,cu01_local_temp_avg_c__rise,cu01_local_temp_avg_c__rise,cu01_local_temp_avg_c__rise,0.0011749267578125,0.0011749267578125
injected,cu01_local_temp_avg_c__rise,1.0,30.0,80,18,162,True,True,True,False,False,1,cu01_local_temp_avg_c__rise,cu01_local_temp_avg_c__rise,cu01_local_temp_avg_c__rise,3.0517578125e-05,3.0517578125e-05
injected,cu01_local_temp_avg_c__rise,1.0,30.0,81,16,160,True,True,True,False,False,1,cu01_local_temp_avg_c__rise,cu01_local_temp_avg_c__rise,cu01_local_temp_avg_c__rise,1.52587890625e-05,1.52587890625e-05
injected,cu01_local_temp_avg_c__rise,1.0,30.0,82,13,161,True,True,True,False,False,1,cu01_local_temp_avg_c__rise,cu01_local_temp_avg_c__rise,cu01_local_temp_avg_c__rise,0.0011749267578125,0.0011749267578125
injected,cu01_local_temp_avg_c__rise,1.0,30.0,83,16,161,True,True,True,False,False,1,cu01_local_temp_avg_c__rise,cu01_local_temp_avg_c__rise,cu01_local_temp_avg_c__rise,3.0517578125e-05,3.0517578125e-05
injected,cu01_local_temp_avg_c__rise,1.0,30.0,84,16,164,True,True,True,False,False,1,cu01_local_temp_avg_c__rise,cu01_local_temp_avg_c__rise,cu01_local_temp_avg_c__rise,0.0001373291015625,0.0001373291015625
injected,cu01_local_temp_avg_c__rise,1.0,30.0,85,14,160,True,True,True,False,False,1,cu01_local_temp_avg_c__rise,cu01_local_temp_avg_c__rise,cu01_local_temp_avg_c__rise,0.00048828125,0.00048828125
injected,cu01_local_temp_avg_c__rise,1.0,30.0,86,17,162,True,True,True,False,False,1,cu01_local_temp_avg_c__rise,cu01_local_temp_avg_c__rise,cu01_local_temp_avg_c__rise,3.0517578125e-05,3.0517578125e-05
injected,cu01_local_temp_avg_c__rise,1.0,30.0,87,18,160,True,True,True,False,False,1,cu01_local_temp_avg_c__rise,cu01_local_temp_avg_c__rise,cu01_local_temp_avg_c__rise,1.52587890625e-05,1.52587890625e-05
injected,cu01_local_temp_avg_c__rise,1.0,30.0,88,14,160,True,True,True,False,False,1,cu01_local_temp_avg_c__rise,cu01_local_temp_avg_c__rise,cu01_local_temp_avg_c__rise,0.0001373291015625,0.0001373291015625
injected,cu01_local_temp_avg_c__rise,1.0,30.0,89,14,162,True,True,True,False,False,1,cu01_local_temp_avg_c__rise,cu01_local_temp_avg_c__rise,cu01_local_temp_avg_c__rise,1.52587890625e-05,1.52587890625e-05
injected,cu01_local_temp_avg_c__rise,1.0,30.0,90,15,163,True,True,True,False,False,1,cu01_local_temp_avg_c__rise,cu01_local_temp_avg_c__rise,cu01_local_temp_avg_c__rise,3.0517578125e-05,3.0517578125e-05
injected,cu01_local_temp_avg_c__rise,1.0,30.0,91,17,162,True,True,True,False,False,1,cu01_local_temp_avg_c__rise,cu01_local_temp_avg_c__rise,cu01_local_temp_avg_c__rise,1.52587890625e-05,1.52587890625e-05
injected,cu01_local_temp_avg_c__rise,1.0,30.0,92,11,159,True,True,True,False,False,1,cu01_local_temp_avg_c__rise,cu01_local_temp_avg_c__rise,cu01_local_temp_avg_c__rise,0.00091552734375,0.00091552734375
injected,cu01_local_temp_avg_c__rise,1.0,30.0,93,18,162,True,True,True,False,False,1,cu01_local_temp_avg_c__rise,cu01_local_temp_avg_c__rise,cu01_local_temp_avg_c__rise,3.814697265625e-05,3.814697265625e-05
injected,cu01_local_temp_avg_c__rise,1.0,30.0,94,18,162,True,True,True,False,False,1,cu01_local_temp_avg_c__rise,cu01_local_temp_avg_c__rise,cu01_local_temp_avg_c__rise,0.00020122528076171875,0.00020122528076171875
injected,cu01_local_temp_avg_c__rise,1.0,30.0,95,13,160,True,True,True,False,False,1,cu01_local_temp_avg_c__rise,cu01_local_temp_avg_c__rise,cu01_local_temp_avg_c__rise,0.001708984375,0.001708984375
injected,cu01_local_temp_avg_c__rise,1.0,30.0,96,13,162,True,True,True,False,False,1,cu01_local_temp_avg_c__rise,cu01_local_temp_avg_c__rise,cu01_local_temp_avg_c__rise,3.0517578125e-05,3.0517578125e-05
injected,cu01_local_temp_avg_c__rise,1.0,30.0,97,17,164,True,True,True,False,False,1,cu01_local_temp_avg_c__rise,cu01_local_temp_avg_c__rise,cu01_local_temp_avg_c__rise,7.62939453125e-06,7.62939453125e-06
injected,cu01_local_temp_avg_c__rise,1.0,30.0,98,16,163,True,True,True,False,False,1,cu01_local_temp_avg_c__rise,cu01_local_temp_avg_c__rise,cu01_local_temp_avg_c__rise,3.814697265625e-05,3.814697265625e-05
injected,cu01_local_temp_avg_c__rise,1.0,30.0,99,16,160,True,True,True,False,False,1,cu01_local_temp_avg_c__rise,cu01_local_temp_avg_c__rise,cu01_local_temp_avg_c__rise,1.52587890625e-05,1.52587890625e-05
injected,cu01_local_temp_avg_c__rise,1.0,60.0,0,20,166,True,True,True,False,False,1,cu01_local_temp_avg_c__rise,cu01_local_temp_avg_c__rise,cu01_local_temp_avg_c__rise,0.001953125,0.001953125
injected,cu01_local_temp_avg_c__rise,1.0,60.0,1,19,168,True,True,True,False,False,1,cu01_local_temp_avg_c__rise,cu01_local_temp_avg_c__rise,cu01_local_temp_avg_c__rise,0.001953125,0.001953125
injected,cu01_local_temp_avg_c__rise,1.0,60.0,2,15,167,False,False,True,False,False,0,,cu01_local_temp_avg_c__rise,cu01_local_temp_avg_c__rise,0.0107421875,0.0107421875
injected,cu01_local_temp_avg_c__rise,1.0,60.0,3,14,166,False,False,True,False,False,0,,cu01_local_temp_avg_c__rise,cu01_local_temp_avg_c__rise,0.0107421875,0.0107421875
injected,cu01_local_temp_avg_c__rise,1.0,60.0,4,14,165,True,True,True,False,False,1,cu01_local_temp_avg_c__rise,cu01_local_temp_avg_c__rise,cu01_local_temp_avg_c__rise,0.001953125,0.001953125
injected,cu01_local_temp_avg_c__rise,1.0,60.0,5,15,167,False,False,True,False,False,0,,cu01_local_temp_avg_c__rise,cu01_local_temp_avg_c__rise,0.0107421875,0.0107421875
injected,cu01_local_temp_avg_c__rise,1.0,60.0,6,11,165,True,True,True,False,False,1,cu01_local_temp_avg_c__rise,cu01_local_temp_avg_c__rise,cu01_local_temp_avg_c__rise,0.001953125,0.001953125
injected,cu01_local_temp_avg_c__rise,1.0,60.0,7,16,165,False,False,True,False,False,0,,cu01_local_temp_avg_c__rise,cu01_local_temp_avg_c__rise,0.019287109375,0.019287109375
injected,cu01_local_temp_avg_c__rise,1.0,60.0,8,13,162,False,False,True,False,False,0,,cu01_local_temp_avg_c__rise,cu01_local_temp_avg_c__rise,0.0107421875,0.0107421875
injected,cu01_local_temp_avg_c__rise,1.0,60.0,9,18,164,False,False,True,False,False,0,,cu01_local_temp_avg_c__rise,cu01_local_temp_avg_c__rise,0.0107421875,0.0107421875
injected,cu01_local_temp_avg_c__rise,1.0,60.0,10,15,165,True,True,True,False,False,1,cu01_local_temp_avg_c__rise,cu01_local_temp_avg_c__rise,cu01_local_temp_avg_c__rise,0.00390625,0.00390625
injected,cu01_local_temp_avg_c__rise,1.0,60.0,11,18,166,True,True,True,False,False,1,cu01_local_temp_avg_c__rise,cu01_local_temp_avg_c__rise,cu01_local_temp_avg_c__rise,0.00390625,0.00390625
injected,cu01_local_temp_avg_c__rise,1.0,60.0,12,14,163,False,False,True,False,False,0,,cu01_local_temp_avg_c__rise,cu01_local_temp_avg_c__rise,0.019287109375,0.019287109375
injected,cu01_local_temp_avg_c__rise,1.0,60.0,13,14,164,False,False,True,False,False,0,,cu01_local_temp_avg_c__rise,cu01_local_temp_avg_c__rise,0.0107421875,0.0107421875
injected,cu01_local_temp_avg_c__rise,1.0,60.0,14,15,165,False,False,True,False,False,0,,cu01_local_temp_avg_c__rise,cu01_local_temp_avg_c__rise,0.0107421875,0.0107421875
injected,cu01_local_temp_avg_c__rise,1.0,60.0,15,17,165,False,False,True,False,False,0,,cu01_local_temp_avg_c__rise,cu01_local_temp_avg_c__rise,0.0107421875,0.0107421875
injected,cu01_local_temp_avg_c__rise,1.0,60.0,16,12,162,False,False,True,False,False,0,,cu01_local_temp_avg_c__rise,cu01_local_temp_avg_c__rise,0.019287109375,0.019287109375
injected,cu01_local_temp_avg_c__rise,1.0,60.0,17,13,166,True,True,True,False,False,1,cu01_local_temp_avg_c__rise,cu01_local_temp_avg_c__rise,cu01_local_temp_avg_c__rise,0.00390625,0.00390625
injected,cu01_local_temp_avg_c__rise,1.0,60.0,18,13,160,False,False,True,False,False,0,,cu01_local_temp_avg_c__rise,cu01_local_temp_avg_c__rise,0.019287109375,0.019287109375
injected,cu01_local_temp_avg_c__rise,1.0,60.0,19,16,164,False,False,True,False,False,0,,cu01_local_temp_avg_c__rise,cu01_local_temp_avg_c__rise,0.005859375,0.005859375
injected,cu01_local_temp_avg_c__rise,1.0,60.0,20,14,163,False,False,True,False,False,0,,cu01_local_temp_avg_c__rise,cu01_local_temp_avg_c__rise,0.019287109375,0.019287109375
injected,cu01_local_temp_avg_c__rise,1.0,60.0,21,16,167,True,True,True,False,False,1,cu01_local_temp_avg_c__rise,cu01_local_temp_avg_c__rise,cu01_local_temp_avg_c__rise,0.001953125,0.001953125
injected,cu01_local_temp_avg_c__rise,1.0,60.0,22,18,165,True,True,True,False,False,1,cu01_local_temp_avg_c__rise,cu01_local_temp_avg_c__rise,cu01_local_temp_avg_c__rise,0.001953125,0.001953125
injected,cu01_local_temp_avg_c__rise,1.0,60.0,23,16,164,True,True,True,False,False,1,cu01_local_temp_avg_c__rise,cu01_local_temp_avg_c__rise,cu01_local_temp_avg_c__rise,0.001953125,0.001953125
injected,cu01_local_temp_avg_c__rise,1.0,60.0,24,19,167,True,True,True,False,False,1,cu01_local_temp_avg_c__rise,cu01_local_temp_avg_c__rise,cu01_local_temp_avg_c__rise,0.001953125,0.001953125
injected,cu01_local_temp_avg_c__rise,1.0,60.0,25,18,166,True,True,True,False,False,1,cu01_local_temp_avg_c__rise,cu01_local_temp_avg_c__rise,cu01_local_temp_avg_c__rise,0.00390625,0.00390625
injected,cu01_local_temp_avg_c__rise,1.0,60.0,26,12,164,False,False,True,False,False,0,,cu01_local_temp_avg_c__rise,cu01_local_temp_avg_c__rise,0.0107421875,0.0107421875
injected,cu01_local_temp_avg_c__rise,1.0,60.0,27,15,165,False,False,True,False,False,0,,cu01_local_temp_avg_c__rise,cu01_local_temp_avg_c__rise,0.0107421875,0.0107421875
injected,cu01_local_temp_avg_c__rise,1.0,60.0,28,16,164,False,False,True,False,False,0,,cu01_local_temp_avg_c__rise,cu01_local_temp_avg_c__rise,0.0107421875,0.0107421875
injected,cu01_local_temp_avg_c__rise,1.0,60.0,29,13,164,True,True,True,False,False,1,cu01_local_temp_avg_c__rise,cu01_local_temp_avg_c__rise,cu01_local_temp_avg_c__rise,0.00390625,0.00390625
injected,cu01_local_temp_avg_c__rise,1.0,60.0,30,16,162,False,False,True,False,False,0,,cu01_local_temp_avg_c__rise,cu01_local_temp_avg_c__rise,0.019287109375,0.019287109375
injected,cu01_local_temp_avg_c__rise,1.0,60.0,31,19,168,True,True,True,False,False,1,cu01_local_temp_avg_c__rise,cu01_local_temp_avg_c__rise,cu01_local_temp_avg_c__rise,0.001953125,0.001953125
injected,cu01_local_temp_avg_c__rise,1.0,60.0,32,16,163,False,False,True,False,False,0,,cu01_local_temp_avg_c__rise,cu01_local_temp_avg_c__rise,0.0107421875,0.0107421875
injected,cu01_local_temp_avg_c__rise,1.0,60.0,33,18,165,False,False,True,False,False,0,,cu01_local_temp_avg_c__rise,cu01_local_temp_avg_c__rise,0.0107421875,0.0107421875
injected,cu01_local_temp_avg_c__rise,1.0,60.0,34,16,168,True,True,True,False,False,1,cu01_local_temp_avg_c__rise,cu01_local_temp_avg_c__rise,cu01_local_temp_avg_c__rise,0.001953125,0.001953125
injected,cu01_local_temp_avg_c__rise,1.0,60.0,35,19,166,True,True,True,False,False,1,cu01_local_temp_avg_c__rise,cu01_local_temp_avg_c__rise,cu01_local_temp_avg_c__rise,0.00390625,0.00390625
injected,cu01_local_temp_avg_c__rise,1.0,60.0,36,16,165,True,True,True,False,False,1,cu01_local_temp_avg_c__rise,cu01_local_temp_avg_c__rise,cu01_local_temp_avg_c__rise,0.001953125,0.001953125
injected,cu01_local_temp_avg_c__rise,1.0,60.0,37,16,163,True,True,True,False,False,1,cu01_local_temp_avg_c__rise,cu01_local_temp_avg_c__rise,cu01_local_temp_avg_c__rise,0.00390625,0.00390625
injected,cu01_local_temp_avg_c__rise,1.0,60.0,38,17,168,True,True,True,False,False,1,cu01_local_temp_avg_c__rise,cu01_local_temp_avg_c__rise,cu01_local_temp_avg_c__rise,0.001953125,0.001953125
injected,cu01_local_temp_avg_c__rise,1.0,60.0,39,21,167,True,True,True,False,False,1,cu01_local_temp_avg_c__rise,cu01_local_temp_avg_c__rise,cu01_local_temp_avg_c__rise,0.001953125,0.001953125
injected,cu01_local_temp_avg_c__rise,1.0,60.0,40,20,168,True,True,True,False,False,1,cu01_local_temp_avg_c__rise,cu01_local_temp_avg_c__rise,cu01_local_temp_avg_c__rise,0.00390625,0.00390625
injected,cu01_local_temp_avg_c__rise,1.0,60.0,41,14,165,False,False,True,False,False,0,,cu01_local_temp_avg_c__rise,cu01_local_temp_avg_c__rise,0.0107421875,0.0107421875
injected,cu01_local_temp_avg_c__rise,1.0,60.0,42,15,165,True,True,True,False,False,1,cu01_local_temp_avg_c__rise,cu01_local_temp_avg_c__rise,cu01_local_temp_avg_c__rise,0.001953125,0.001953125
injected,cu01_local_temp_avg_c__rise,1.0,60.0,43,14,165,False,False,True,False,False,0,,cu01_local_temp_avg_c__rise,cu01_local_temp_avg_c__rise,0.019287109375,0.019287109375
injected,cu01_local_temp_avg_c__rise,1.0,60.0,44,19,166,True,True,True,False,False,1,cu01_local_temp_avg_c__rise,cu01_local_temp_avg_c__rise,cu01_local_temp_avg_c__rise,0.001953125,0.001953125
injected,cu01_local_temp_avg_c__rise,1.0,60.0,45,19,166,False,False,True,False,False,0,,cu01_local_temp_avg_c__rise,cu01_local_temp_avg_c__rise,0.0107421875,0.0107421875
injected,cu01_local_temp_avg_c__rise,1.0,60.0,46,19,166,True,True,True,False,False,1,cu01_local_temp_avg_c__rise,cu01_local_temp_avg_c__rise,cu01_local_temp_avg_c__rise,0.001953125,0.001953125
injected,cu01_local_temp_avg_c__rise,1.0,60.0,47,15,164,False,False,True,False,False,0,,cu01_local_temp_avg_c__rise,cu01_local_temp_avg_c__rise,0.019287109375,0.019287109375
injected,cu01_local_temp_avg_c__rise,1.0,60.0,48,16,166,False,False,False,True,False,0,,,cu01_local_temp_avg_c__rise;sj01_local_temp_avg_c__fall,0.019287109375,0.019287109375
injected,cu01_local_temp_avg_c__rise,1.0,60.0,49,14,165,False,False,True,False,False,0,,cu01_local_temp_avg_c__rise,cu01_local_temp_avg_c__rise,0.0107421875,0.0107421875
injected,cu01_local_temp_avg_c__rise,1.0,60.0,50,20,168,True,True,True,False,False,1,cu01_local_temp_avg_c__rise,cu01_local_temp_avg_c__rise,cu01_local_temp_avg_c__rise,0.001953125,0.001953125
injected,cu01_local_temp_avg_c__rise,1.0,60.0,51,16,166,True,True,True,False,False,1,cu01_local_temp_avg_c__rise,cu01_local_temp_avg_c__rise,cu01_local_temp_avg_c__rise,0.001953125,0.001953125
injected,cu01_local_temp_avg_c__rise,1.0,60.0,52,16,165,False,False,True,False,False,0,,cu01_local_temp_avg_c__rise,cu01_local_temp_avg_c__rise,0.005859375,0.005859375
injected,cu01_local_temp_avg_c__rise,1.0,60.0,53,17,167,False,False,True,False,False,0,,cu01_local_temp_avg_c__rise,cu01_local_temp_avg_c__rise,0.0107421875,0.0107421875
injected,cu01_local_temp_avg_c__rise,1.0,60.0,54,14,164,False,False,True,False,False,0,,cu01_local_temp_avg_c__rise,cu01_local_temp_avg_c__rise,0.019287109375,0.019287109375
injected,cu01_local_temp_avg_c__rise,1.0,60.0,55,14,163,False,False,True,False,False,0,,cu01_local_temp_avg_c__rise,cu01_local_temp_avg_c__rise,0.0107421875,0.0107421875
injected,cu01_local_temp_avg_c__rise,1.0,60.0,56,15,164,True,True,True,False,False,1,cu01_local_temp_avg_c__rise,cu01_local_temp_avg_c__rise,cu01_local_temp_avg_c__rise,0.001953125,0.001953125
injected,cu01_local_temp_avg_c__rise,1.0,60.0,57,15,164,False,False,True,False,False,0,,cu01_local_temp_avg_c__rise,cu01_local_temp_avg_c__rise,0.019287109375,0.019287109375
injected,cu01_local_temp_avg_c__rise,1.0,60.0,58,17,166,False,False,True,False,False,0,,cu01_local_temp_avg_c__rise,cu01_local_temp_avg_c__rise,0.0107421875,0.0107421875
injected,cu01_local_temp_avg_c__rise,1.0,60.0,59,15,167,False,False,True,False,False,0,,cu01_local_temp_avg_c__rise,cu01_local_temp_avg_c__rise,0.0107421875,0.0107421875
injected,cu01_local_temp_avg_c__rise,1.0,60.0,60,19,168,True,True,True,False,False,1,cu01_local_temp_avg_c__rise,cu01_local_temp_avg_c__rise,cu01_local_temp_avg_c__rise,0.001953125,0.001953125
injected,cu01_local_temp_avg_c__rise,1.0,60.0,61,14,163,False,False,True,False,False,0,,cu01_local_temp_avg_c__rise,cu01_local_temp_avg_c__rise,0.0107421875,0.0107421875
injected,cu01_local_temp_avg_c__rise,1.0,60.0,62,17,165,True,True,True,False,False,1,cu01_local_temp_avg_c__rise,cu01_local_temp_avg_c__rise,cu01_local_temp_avg_c__rise,0.00390625,0.00390625
injected,cu01_local_temp_avg_c__rise,1.0,60.0,63,17,165,True,True,True,False,False,1,cu01_local_temp_avg_c__rise,cu01_local_temp_avg_c__rise,cu01_local_temp_avg_c__rise,0.00390625,0.00390625
injected,cu01_local_temp_avg_c__rise,1.0,60.0,64,15,163,True,True,True,False,False,1,cu01_local_temp_avg_c__rise,cu01_local_temp_avg_c__rise,cu01_local_temp_avg_c__rise,0.00390625,0.00390625
injected,cu01_local_temp_avg_c__rise,1.0,60.0,65,16,164,False,False,True,False,False,0,,cu01_local_temp_avg_c__rise,cu01_local_temp_avg_c__rise,0.019287109375,0.019287109375
injected,cu01_local_temp_avg_c__rise,1.0,60.0,66,15,164,False,False,True,False,False,0,,cu01_local_temp_avg_c__rise,cu01_local_temp_avg_c__rise,0.005859375,0.005859375
injected,cu01_local_temp_avg_c__rise,1.0,60.0,67,15,162,False,False,True,False,False,0,,cu01_local_temp_avg_c__rise,cu01_local_temp_avg_c__rise,0.019287109375,0.019287109375
injected,cu01_local_temp_avg_c__rise,1.0,60.0,68,19,166,False,False,True,False,False,0,,cu01_local_temp_avg_c__rise,cu01_local_temp_avg_c__rise,0.0107421875,0.0107421875
injected,cu01_local_temp_avg_c__rise,1.0,60.0,69,15,166,True,True,True,False,False,1,cu01_local_temp_avg_c__rise,cu01_local_temp_avg_c__rise,cu01_local_temp_avg_c__rise,0.00390625,0.00390625
injected,cu01_local_temp_avg_c__rise,1.0,60.0,70,16,163,False,False,True,False,False,0,,cu01_local_temp_avg_c__rise,cu01_local_temp_avg_c__rise,0.019287109375,0.019287109375
injected,cu01_local_temp_avg_c__rise,1.0,60.0,71,17,164,True,True,True,False,False,1,cu01_local_temp_avg_c__rise,cu01_local_temp_avg_c__rise,cu01_local_temp_avg_c__rise,0.00390625,0.00390625
injected,cu01_local_temp_avg_c__rise,1.0,60.0,72,18,165,True,True,True,False,False,1,cu01_local_temp_avg_c__rise,cu01_local_temp_avg_c__rise,cu01_local_temp_avg_c__rise,0.00390625,0.00390625
injected,cu01_local_temp_avg_c__rise,1.0,60.0,73,16,163,False,False,True,False,False,0,,cu01_local_temp_avg_c__rise,cu01_local_temp_avg_c__rise,0.019287109375,0.019287109375
injected,cu01_local_temp_avg_c__rise,1.0,60.0,74,15,164,False,False,True,False,False,0,,cu01_local_temp_avg_c__rise,cu01_local_temp_avg_c__rise,0.0107421875,0.0107421875
injected,cu01_local_temp_avg_c__rise,1.0,60.0,75,21,167,False,False,True,False,False,0,,cu01_local_temp_avg_c__rise,cu01_local_temp_avg_c__rise,0.0107421875,0.0107421875
injected,cu01_local_temp_avg_c__rise,1.0,60.0,76,15,166,True,True,True,False,False,1,cu01_local_temp_avg_c__rise,cu01_local_temp_avg_c__rise,cu01_local_temp_avg_c__rise,0.001953125,0.001953125
injected,cu01_local_temp_avg_c__rise,1.0,60.0,77,14,166,True,True,True,False,False,1,cu01_local_temp_avg_c__rise,cu01_local_temp_avg_c__rise,cu01_local_temp_avg_c__rise,0.001953125,0.001953125
injected,cu01_local_temp_avg_c__rise,1.0,60.0,78,17,165,False,False,True,False,False,0,,cu01_local_temp_avg_c__rise,cu01_local_temp_avg_c__rise,0.0107421875,0.0107421875
injected,cu01_local_temp_avg_c__rise,1.0,60.0,79,14,165,False,False,True,False,False,0,,cu01_local_temp_avg_c__rise,cu01_local_temp_avg_c__rise,0.019287109375,0.019287109375
injected,cu01_local_temp_avg_c__rise,1.0,60.0,80,18,166,False,False,True,False,False,0,,cu01_local_temp_avg_c__rise,cu01_local_temp_avg_c__rise,0.019287109375,0.019287109375
injected,cu01_local_temp_avg_c__rise,1.0,60.0,81,16,166,True,True,True,False,False,1,cu01_local_temp_avg_c__rise,cu01_local_temp_avg_c__rise,cu01_local_temp_avg_c__rise,0.001953125,0.001953125
injected,cu01_local_temp_avg_c__rise,1.0,60.0,82,13,164,False,False,True,False,False,0,,cu01_local_temp_avg_c__rise,cu01_local_temp_avg_c__rise,0.0107421875,0.0107421875
injected,cu01_local_temp_avg_c__rise,1.0,60.0,83,16,163,True,True,True,False,False,1,cu01_local_temp_avg_c__rise,cu01_local_temp_avg_c__rise,cu01_local_temp_avg_c__rise,0.00390625,0.00390625
injected,cu01_local_temp_avg_c__rise,1.0,60.0,84,16,166,False,False,True,False,False,0,,cu01_local_temp_avg_c__rise,cu01_local_temp_avg_c__rise,0.005859375,0.005859375
injected,cu01_local_temp_avg_c__rise,1.0,60.0,85,14,166,True,True,True,False,False,1,cu01_local_temp_avg_c__rise,cu01_local_temp_avg_c__rise,cu01_local_temp_avg_c__rise,0.00390625,0.00390625
injected,cu01_local_temp_avg_c__rise,1.0,60.0,86,17,163,True,True,True,False,False,1,cu01_local_temp_avg_c__rise,cu01_local_temp_avg_c__rise,cu01_local_temp_avg_c__rise,0.00390625,0.00390625
injected,cu01_local_temp_avg_c__rise,1.0,60.0,87,18,165,False,False,True,False,False,0,,cu01_local_temp_avg_c__rise,cu01_local_temp_avg_c__rise,0.0107421875,0.0107421875
injected,cu01_local_temp_avg_c__rise,1.0,60.0,88,14,163,False,False,True,False,False,0,,cu01_local_temp_avg_c__rise,cu01_local_temp_avg_c__rise,0.019287109375,0.019287109375
injected,cu01_local_temp_avg_c__rise,1.0,60.0,89,14,162,False,False,False,True,False,0,,,cu01_local_temp_avg_c__rise;sj01_local_temp_avg_c__fall,0.019287109375,0.019287109375
injected,cu01_local_temp_avg_c__rise,1.0,60.0,90,15,163,True,True,True,False,False,1,cu01_local_temp_avg_c__rise,cu01_local_temp_avg_c__rise,cu01_local_temp_avg_c__rise,0.00390625,0.00390625
injected,cu01_local_temp_avg_c__rise,1.0,60.0,91,17,166,True,True,True,False,False,1,cu01_local_temp_avg_c__rise,cu01_local_temp_avg_c__rise,cu01_local_temp_avg_c__rise,0.001953125,0.001953125
injected,cu01_local_temp_avg_c__rise,1.0,60.0,92,11,166,True,True,True,False,False,1,cu01_local_temp_avg_c__rise,cu01_local_temp_avg_c__rise,cu01_local_temp_avg_c__rise,0.00390625,0.00390625
injected,cu01_local_temp_avg_c__rise,1.0,60.0,93,18,164,True,True,True,False,False,1,cu01_local_temp_avg_c__rise,cu01_local_temp_avg_c__rise,cu01_local_temp_avg_c__rise,0.001953125,0.001953125
injected,cu01_local_temp_avg_c__rise,1.0,60.0,94,18,165,False,False,True,False,False,0,,cu01_local_temp_avg_c__rise,cu01_local_temp_avg_c__rise,0.005859375,0.005859375
injected,cu01_local_temp_avg_c__rise,1.0,60.0,95,13,165,False,False,True,False,False,0,,cu01_local_temp_avg_c__rise,cu01_local_temp_avg_c__rise,0.0107421875,0.0107421875
injected,cu01_local_temp_avg_c__rise,1.0,60.0,96,13,161,False,False,True,False,False,0,,cu01_local_temp_avg_c__rise,cu01_local_temp_avg_c__rise,0.0107421875,0.0107421875
injected,cu01_local_temp_avg_c__rise,1.0,60.0,97,17,166,True,True,True,False,False,1,cu01_local_temp_avg_c__rise,cu01_local_temp_avg_c__rise,cu01_local_temp_avg_c__rise,0.001953125,0.001953125
injected,cu01_local_temp_avg_c__rise,1.0,60.0,98,16,164,False,False,True,False,False,0,,cu01_local_temp_avg_c__rise,cu01_local_temp_avg_c__rise,0.005859375,0.005859375
injected,cu01_local_temp_avg_c__rise,1.0,60.0,99,16,165,True,True,True,False,False,1,cu01_local_temp_avg_c__rise,cu01_local_temp_avg_c__rise,cu01_local_temp_avg_c__rise,0.001953125,0.001953125
injected,cu01_local_temp_avg_c__rise,1.5,15.0,0,20,167,True,True,True,False,False,1,cu01_local_temp_avg_c__rise,cu01_local_temp_avg_c__rise,cu01_local_temp_avg_c__rise,3.814697265625e-05,3.814697265625e-05
injected,cu01_local_temp_avg_c__rise,1.5,15.0,1,19,166,True,True,True,False,False,1,cu01_local_temp_avg_c__rise,cu01_local_temp_avg_c__rise,cu01_local_temp_avg_c__rise,7.2479248046875e-05,7.2479248046875e-05
injected,cu01_local_temp_avg_c__rise,1.5,15.0,2,15,165,True,True,True,False,False,1,cu01_local_temp_avg_c__rise,cu01_local_temp_avg_c__rise,cu01_local_temp_avg_c__rise,0.0003643035888671875,0.0003643035888671875
injected,cu01_local_temp_avg_c__rise,1.5,15.0,3,14,163,True,True,True,False,False,1,cu01_local_temp_avg_c__rise,cu01_local_temp_avg_c__rise,cu01_local_temp_avg_c__rise,0.0011749267578125,0.0011749267578125
injected,cu01_local_temp_avg_c__rise,1.5,15.0,4,14,165,True,True,True,False,False,1,cu01_local_temp_avg_c__rise,cu01_local_temp_avg_c__rise,cu01_local_temp_avg_c__rise,0.0001373291015625,0.0001373291015625
injected,cu01_local_temp_avg_c__rise,1.5,15.0,5,15,163,True,True,True,False,False,1,cu01_local_temp_avg_c__rise,cu01_local_temp_avg_c__rise,cu01_local_temp_avg_c__rise,0.0011749267578125,0.0011749267578125
injected,cu01_local_temp_avg_c__rise,1.5,15.0,6,11,163,True,True,True,False,False,1,cu01_local_temp_avg_c__rise,cu01_local_temp_avg_c__rise,cu01_local_temp_avg_c__rise,0.00048828125,0.00048828125
injected,cu01_local_temp_avg_c__rise,1.5,15.0,7,16,162,True,True,True,False,False,1,cu01_local_temp_avg_c__rise,cu01_local_temp_avg_c__rise,cu01_local_temp_avg_c__rise,0.0020904541015625,0.0020904541015625
injected,cu01_local_temp_avg_c__rise,1.5,15.0,8,13,164,True,True,True,False,False,1,cu01_local_temp_avg_c__rise,cu01_local_temp_avg_c__rise,cu01_local_temp_avg_c__rise,0.0006561279296875,0.0006561279296875
injected,cu01_local_temp_avg_c__rise,1.5,15.0,9,18,165,True,True,True,False,False,1,cu01_local_temp_avg_c__rise,cu01_local_temp_avg_c__rise,cu01_local_temp_avg_c__rise,0.0003643035888671875,0.0003643035888671875
injected,cu01_local_temp_avg_c__rise,1.5,15.0,10,15,165,True,True,True,False,False,1,cu01_local_temp_avg_c__rise,cu01_local_temp_avg_c__rise,cu01_local_temp_avg_c__rise,0.0001373291015625,0.0001373291015625
injected,cu01_local_temp_avg_c__rise,1.5,15.0,11,18,166,True,True,True,False,False,1,cu01_local_temp_avg_c__rise,cu01_local_temp_avg_c__rise,cu01_local_temp_avg_c__rise,7.2479248046875e-05,7.2479248046875e-05
injected,cu01_local_temp_avg_c__rise,1.5,15.0,12,14,161,True,True,True,False,False,1,cu01_local_temp_avg_c__rise,cu01_local_temp_avg_c__rise,cu01_local_temp_avg_c__rise,0.001708984375,0.001708984375
injected,cu01_local_temp_avg_c__rise,1.5,15.0,13,14,165,True,True,True,False,False,1,cu01_local_temp_avg_c__rise,cu01_local_temp_avg_c__rise,cu01_local_temp_avg_c__rise,0.0001373291015625,0.0001373291015625
injected,cu01_local_temp_avg_c__rise,1.5,15.0,14,15,165,True,True,True,False,False,1,cu01_local_temp_avg_c__rise,cu01_local_temp_avg_c__rise,cu01_local_temp_avg_c__rise,0.0001373291015625,0.0001373291015625
injected,cu01_local_temp_avg_c__rise,1.5,15.0,15,17,165,True,True,True,False,False,1,cu01_local_temp_avg_c__rise,cu01_local_temp_avg_c__rise,cu01_local_temp_avg_c__rise,0.0003643035888671875,0.0003643035888671875
injected,cu01_local_temp_avg_c__rise,1.5,15.0,16,12,164,True,True,True,False,False,1,cu01_local_temp_avg_c__rise,cu01_local_temp_avg_c__rise,cu01_local_temp_avg_c__rise,0.0006561279296875,0.0006561279296875
injected,cu01_local_temp_avg_c__rise,1.5,15.0,17,13,163,True,True,True,False,False,1,cu01_local_temp_avg_c__rise,cu01_local_temp_avg_c__rise,cu01_local_temp_avg_c__rise,0.00048828125,0.00048828125
injected,cu01_local_temp_avg_c__rise,1.5,15.0,18,13,163,True,True,True,False,False,1,cu01_local_temp_avg_c__rise,cu01_local_temp_avg_c__rise,cu01_local_temp_avg_c__rise,0.00048828125,0.00048828125
injected,cu01_local_temp_avg_c__rise,1.5,15.0,19,16,166,True,True,True,False,False,1,cu01_local_temp_avg_c__rise,cu01_local_temp_avg_c__rise,cu01_local_temp_avg_c__rise,0.00020122528076171875,0.00020122528076171875
injected,cu01_local_temp_avg_c__rise,1.5,15.0,20,14,164,True,True,True,False,False,1,cu01_local_temp_avg_c__rise,cu01_local_temp_avg_c__rise,cu01_local_temp_avg_c__rise,0.0006561279296875,0.0006561279296875
injected,cu01_local_temp_avg_c__rise,1.5,15.0,21,16,163,True,True,True,False,False,1,cu01_local_temp_avg_c__rise,cu01_local_temp_avg_c__rise,cu01_local_temp_avg_c__rise,0.00048828125,0.00048828125
injected,cu01_local_temp_avg_c__rise,1.5,15.0,22,18,166,True,True,True,False,False,1,cu01_local_temp_avg_c__rise,cu01_local_temp_avg_c__rise,cu01_local_temp_avg_c__rise,7.2479248046875e-05,7.2479248046875e-05
injected,cu01_local_temp_avg_c__rise,1.5,15.0,23,16,166,True,True,True,False,False,1,cu01_local_temp_avg_c__rise,cu01_local_temp_avg_c__rise,cu01_local_temp_avg_c__rise,7.2479248046875e-05,7.2479248046875e-05
injected,cu01_local_temp_avg_c__rise,1.5,15.0,24,19,167,True,True,True,False,False,1,cu01_local_temp_avg_c__rise,cu01_local_temp_avg_c__rise,cu01_local_temp_avg_c__rise,3.814697265625e-05,3.814697265625e-05
injected,cu01_local_temp_avg_c__rise,1.5,15.0,25,18,164,True,True,True,False,False,1,cu01_local_temp_avg_c__rise,cu01_local_temp_avg_c__rise,cu01_local_temp_avg_c__rise,0.0002593994140625,0.0002593994140625
injected,cu01_local_temp_avg_c__rise,1.5,15.0,26,12,164,True,True,True,False,False,1,cu01_local_temp_avg_c__rise,cu01_local_temp_avg_c__rise,cu01_local_temp_avg_c__rise,0.0002593994140625,0.0002593994140625
injected,cu01_local_temp_avg_c__rise,1.5,15.0,27,15,163,True,True,True,False,False,1,cu01_local_temp_avg_c__rise,cu01_local_temp_avg_c__rise,cu01_local_temp_avg_c__rise,0.00048828125,0.00048828125
injected,cu01_local_temp_avg_c__rise,1.5,15.0,28,16,165,True,True,True,False,False,1,cu01_local_temp_avg_c__rise,cu01_local_temp_avg_c__rise,cu01_local_temp_avg_c__rise,0.0003643035888671875,0.0003643035888671875
injected,cu01_local_temp_avg_c__rise,1.5,15.0,29,13,164,True,True,True,False,False,1,cu01_local_temp_avg_c__rise,cu01_local_temp_avg_c__rise,cu01_local_temp_avg_c__rise,0.0002593994140625,0.0002593994140625
injected,cu01_local_temp_avg_c__rise,1.5,15.0,30,16,165,True,True,True,False,False,1,cu01_local_temp_avg_c__rise,cu01_local_temp_avg_c__rise,cu01_local_temp_avg_c__rise,0.0001373291015625,0.0001373291015625
injected,cu01_local_temp_avg_c__rise,1.5,15.0,31,19,166,True,True,True,False,False,1,cu01_local_temp_avg_c__rise,cu01_local_temp_avg_c__rise,cu01_local_temp_avg_c__rise,7.2479248046875e-05,7.2479248046875e-05
injected,cu01_local_temp_avg_c__rise,1.5,15.0,32,16,164,True,True,True,False,False,1,cu01_local_temp_avg_c__rise,cu01_local_temp_avg_c__rise,cu01_local_temp_avg_c__rise,0.0006561279296875,0.0006561279296875
injected,cu01_local_temp_avg_c__rise,1.5,15.0,33,18,165,True,True,True,False,False,1,cu01_local_temp_avg_c__rise,cu01_local_temp_avg_c__rise,cu01_local_temp_avg_c__rise,0.0003643035888671875,0.0003643035888671875
injected,cu01_local_temp_avg_c__rise,1.5,15.0,34,16,164,True,True,True,False,False,1,cu01_local_temp_avg_c__rise,cu01_local_temp_avg_c__rise,cu01_local_temp_avg_c__rise,0.0002593994140625,0.0002593994140625
injected,cu01_local_temp_avg_c__rise,1.5,15.0,35,19,166,True,True,True,False,False,1,cu01_local_temp_avg_c__rise,cu01_local_temp_avg_c__rise,cu01_local_temp_avg_c__rise,7.2479248046875e-05,7.2479248046875e-05
injected,cu01_local_temp_avg_c__rise,1.5,15.0,36,16,164,True,True,True,False,False,1,cu01_local_temp_avg_c__rise,cu01_local_temp_avg_c__rise,cu01_local_temp_avg_c__rise,0.0002593994140625,0.0002593994140625
injected,cu01_local_temp_avg_c__rise,1.5,15.0,37,16,164,True,True,True,False,False,1,cu01_local_temp_avg_c__rise,cu01_local_temp_avg_c__rise,cu01_local_temp_avg_c__rise,0.0002593994140625,0.0002593994140625
injected,cu01_local_temp_avg_c__rise,1.5,15.0,38,17,164,True,True,True,False,False,1,cu01_local_temp_avg_c__rise,cu01_local_temp_avg_c__rise,cu01_local_temp_avg_c__rise,0.0002593994140625,0.0002593994140625
injected,cu01_local_temp_avg_c__rise,1.5,15.0,39,21,166,True,True,True,False,False,1,cu01_local_temp_avg_c__rise,cu01_local_temp_avg_c__rise,cu01_local_temp_avg_c__rise,7.2479248046875e-05,7.2479248046875e-05
injected,cu01_local_temp_avg_c__rise,1.5,15.0,40,20,166,True,True,True,False,False,1,cu01_local_temp_avg_c__rise,cu01_local_temp_avg_c__rise,cu01_local_temp_avg_c__rise,7.2479248046875e-05,7.2479248046875e-05
injected,cu01_local_temp_avg_c__rise,1.5,15.0,41,14,164,True,True,True,False,False,1,cu01_local_temp_avg_c__rise,cu01_local_temp_avg_c__rise,cu01_local_temp_avg_c__rise,0.0006561279296875,0.0006561279296875
injected,cu01_local_temp_avg_c__rise,1.5,15.0,42,15,166,True,True,True,False,False,1,cu01_local_temp_avg_c__rise,cu01_local_temp_avg_c__rise,cu01_local_temp_avg_c__rise,7.2479248046875e-05,7.2479248046875e-05
injected,cu01_local_temp_avg_c__rise,1.5,15.0,43,14,162,True,True,True,False,False,1,cu01_local_temp_avg_c__rise,cu01_local_temp_avg_c__rise,cu01_local_temp_avg_c__rise,0.0020904541015625,0.0020904541015625
injected,cu01_local_temp_avg_c__rise,1.5,15.0,44,19,166,True,True,True,False,False,1,cu01_local_temp_avg_c__rise,cu01_local_temp_avg_c__rise,cu01_local_temp_avg_c__rise,7.2479248046875e-05,7.2479248046875e-05
injected,cu01_local_temp_avg_c__rise,1.5,15.0,45,19,166,True,True,True,False,False,1,cu01_local_temp_avg_c__rise,cu01_local_temp_avg_c__rise,cu01_local_temp_avg_c__rise,7.2479248046875e-05,7.2479248046875e-05
injected,cu01_local_temp_avg_c__rise,1.5,15.0,46,19,166,True,True,True,False,False,1,cu01_local_temp_avg_c__rise,cu01_local_temp_avg_c__rise,cu01_local_temp_avg_c__rise,7.2479248046875e-05,7.2479248046875e-05
injected,cu01_local_temp_avg_c__rise,1.5,15.0,47,15,163,True,True,True,False,False,1,cu01_local_temp_avg_c__rise,cu01_local_temp_avg_c__rise,cu01_local_temp_avg_c__rise,0.0011749267578125,0.0011749267578125
injected,cu01_local_temp_avg_c__rise,1.5,15.0,48,16,162,True,True,True,False,False,1,cu01_local_temp_avg_c__rise,cu01_local_temp_avg_c__rise,cu01_local_temp_avg_c__rise,0.0020904541015625,0.0020904541015625
injected,cu01_local_temp_avg_c__rise,1.5,15.0,49,14,164,True,True,True,False,False,1,cu01_local_temp_avg_c__rise,cu01_local_temp_avg_c__rise,cu01_local_temp_avg_c__rise,0.0006561279296875,0.0006561279296875
injected,cu01_local_temp_avg_c__rise,1.5,15.0,50,20,165,True,True,True,False,False,1,cu01_local_temp_avg_c__rise,cu01_local_temp_avg_c__rise,cu01_local_temp_avg_c__rise,0.0001373291015625,0.0001373291015625
injected,cu01_local_temp_avg_c__rise,1.5,15.0,51,16,165,True,True,True,False,False,1,cu01_local_temp_avg_c__rise,cu01_local_temp_avg_c__rise,cu01_local_temp_avg_c__rise,0.0001373291015625,0.0001373291015625
injected,cu01_local_temp_avg_c__rise,1.5,15.0,52,16,165,True,True,True,False,False,1,cu01_local_temp_avg_c__rise,cu01_local_temp_avg_c__rise,cu01_local_temp_avg_c__rise,0.0003643035888671875,0.0003643035888671875
injected,cu01_local_temp_avg_c__rise,1.5,15.0,53,17,165,True,True,True,False,False,1,cu01_local_temp_avg_c__rise,cu01_local_temp_avg_c__rise,cu01_local_temp_avg_c__rise,0.0001373291015625,0.0001373291015625
injected,cu01_local_temp_avg_c__rise,1.5,15.0,54,14,162,True,True,True,False,False,1,cu01_local_temp_avg_c__rise,cu01_local_temp_avg_c__rise,cu01_local_temp_avg_c__rise,0.00091552734375,0.00091552734375
injected,cu01_local_temp_avg_c__rise,1.5,15.0,55,14,163,True,True,True,False,False,1,cu01_local_temp_avg_c__rise,cu01_local_temp_avg_c__rise,cu01_local_temp_avg_c__rise,0.0011749267578125,0.0011749267578125
injected,cu01_local_temp_avg_c__rise,1.5,15.0,56,15,166,True,True,True,False,False,1,cu01_local_temp_avg_c__rise,cu01_local_temp_avg_c__rise,cu01_local_temp_avg_c__rise,7.2479248046875e-05,7.2479248046875e-05
injected,cu01_local_temp_avg_c__rise,1.5,15.0,57,15,164,True,True,True,False,False,1,cu01_local_temp_avg_c__rise,cu01_local_temp_avg_c__rise,cu01_local_temp_avg_c__rise,0.0002593994140625,0.0002593994140625
injected,cu01_local_temp_avg_c__rise,1.5,15.0,58,17,163,True,True,True,False,False,1,cu01_local_temp_avg_c__rise,cu01_local_temp_avg_c__rise,cu01_local_temp_avg_c__rise,0.00048828125,0.00048828125
injected,cu01_local_temp_avg_c__rise,1.5,15.0,59,15,164,True,True,True,False,False,1,cu01_local_temp_avg_c__rise,cu01_local_temp_avg_c__rise,cu01_local_temp_avg_c__rise,0.0006561279296875,0.0006561279296875
injected,cu01_local_temp_avg_c__rise,1.5,15.0,60,19,165,True,True,True,False,False,1,cu01_local_temp_avg_c__rise,cu01_local_temp_avg_c__rise,cu01_local_temp_avg_c__rise,0.0001373291015625,0.0001373291015625
injected,cu01_local_temp_avg_c__rise,1.5,15.0,61,14,164,True,True,True,False,False,1,cu01_local_temp_avg_c__rise,cu01_local_temp_avg_c__rise,cu01_local_temp_avg_c__rise,0.0006561279296875,0.0006561279296875
injected,cu01_local_temp_avg_c__rise,1.5,15.0,62,17,164,True,True,True,False,False,1,cu01_local_temp_avg_c__rise,cu01_local_temp_avg_c__rise,cu01_local_temp_avg_c__rise,0.0002593994140625,0.0002593994140625
injected,cu01_local_temp_avg_c__rise,1.5,15.0,63,17,164,True,True,True,False,False,1,cu01_local_temp_avg_c__rise,cu01_local_temp_avg_c__rise,cu01_local_temp_avg_c__rise,0.0002593994140625,0.0002593994140625
injected,cu01_local_temp_avg_c__rise,1.5,15.0,64,15,164,True,True,True,False,False,1,cu01_local_temp_avg_c__rise,cu01_local_temp_avg_c__rise,cu01_local_temp_avg_c__rise,0.0002593994140625,0.0002593994140625
injected,cu01_local_temp_avg_c__rise,1.5,15.0,65,16,164,True,True,True,False,False,1,cu01_local_temp_avg_c__rise,cu01_local_temp_avg_c__rise,cu01_local_temp_avg_c__rise,0.0002593994140625,0.0002593994140625
injected,cu01_local_temp_avg_c__rise,1.5,15.0,66,15,164,True,True,True,False,False,1,cu01_local_temp_avg_c__rise,cu01_local_temp_avg_c__rise,cu01_local_temp_avg_c__rise,0.0006561279296875,0.0006561279296875
injected,cu01_local_temp_avg_c__rise,1.5,15.0,67,15,163,True,True,True,False,False,1,cu01_local_temp_avg_c__rise,cu01_local_temp_avg_c__rise,cu01_local_temp_avg_c__rise,0.00048828125,0.00048828125
injected,cu01_local_temp_avg_c__rise,1.5,15.0,68,19,166,True,True,True,False,False,1,cu01_local_temp_avg_c__rise,cu01_local_temp_avg_c__rise,cu01_local_temp_avg_c__rise,7.2479248046875e-05,7.2479248046875e-05
injected,cu01_local_temp_avg_c__rise,1.5,15.0,69,15,164,True,True,True,False,False,1,cu01_local_temp_avg_c__rise,cu01_local_temp_avg_c__rise,cu01_local_temp_avg_c__rise,0.0002593994140625,0.0002593994140625
injected,cu01_local_temp_avg_c__rise,1.5,15.0,70,16,163,True,True,True,False,False,1,cu01_local_temp_avg_c__rise,cu01_local_temp_avg_c__rise,cu01_local_temp_avg_c__rise,0.0011749267578125,0.0011749267578125
injected,cu01_local_temp_avg_c__rise,1.5,15.0,71,17,165,True,True,True,False,False,1,cu01_local_temp_avg_c__rise,cu01_local_temp_avg_c__rise,cu01_local_temp_avg_c__rise,0.0001373291015625,0.0001373291015625
injected,cu01_local_temp_avg_c__rise,1.5,15.0,72,18,165,True,True,True,False,False,1,cu01_local_temp_avg_c__rise,cu01_local_temp_avg_c__rise,cu01_local_temp_avg_c__rise,0.0001373291015625,0.0001373291015625
injected,cu01_local_temp_avg_c__rise,1.5,15.0,73,16,163,True,True,True,False,False,1,cu01_local_temp_avg_c__rise,cu01_local_temp_avg_c__rise,cu01_local_temp_avg_c__rise,0.00048828125,0.00048828125
injected,cu01_local_temp_avg_c__rise,1.5,15.0,74,15,164,True,True,True,False,False,1,cu01_local_temp_avg_c__rise,cu01_local_temp_avg_c__rise,cu01_local_temp_avg_c__rise,0.0002593994140625,0.0002593994140625
injected,cu01_local_temp_avg_c__rise,1.5,15.0,75,21,165,True,True,True,False,False,1,cu01_local_temp_avg_c__rise,cu01_local_temp_avg_c__rise,cu01_local_temp_avg_c__rise,0.0001373291015625,0.0001373291015625
injected,cu01_local_temp_avg_c__rise,1.5,15.0,76,15,165,True,True,True,False,False,1,cu01_local_temp_avg_c__rise,cu01_local_temp_avg_c__rise,cu01_local_temp_avg_c__rise,0.0001373291015625,0.0001373291015625
injected,cu01_local_temp_avg_c__rise,1.5,15.0,77,14,164,True,True,True,False,False,1,cu01_local_temp_avg_c__rise,cu01_local_temp_avg_c__rise,cu01_local_temp_avg_c__rise,0.0002593994140625,0.0002593994140625
injected,cu01_local_temp_avg_c__rise,1.5,15.0,78,17,165,True,True,True,False,False,1,cu01_local_temp_avg_c__rise,cu01_local_temp_avg_c__rise,cu01_local_temp_avg_c__rise,0.0001373291015625,0.0001373291015625
injected,cu01_local_temp_avg_c__rise,1.5,15.0,79,14,163,True,True,True,False,False,1,cu01_local_temp_avg_c__rise,cu01_local_temp_avg_c__rise,cu01_local_temp_avg_c__rise,0.0011749267578125,0.0011749267578125
injected,cu01_local_temp_avg_c__rise,1.5,15.0,80,18,164,True,True,True,False,False,1,cu01_local_temp_avg_c__rise,cu01_local_temp_avg_c__rise,cu01_local_temp_avg_c__rise,0.0002593994140625,0.0002593994140625
injected,cu01_local_temp_avg_c__rise,1.5,15.0,81,16,165,True,True,True,False,False,1,cu01_local_temp_avg_c__rise,cu01_local_temp_avg_c__rise,cu01_local_temp_avg_c__rise,0.0001373291015625,0.0001373291015625
injected,cu01_local_temp_avg_c__rise,1.5,15.0,82,13,163,True,True,True,False,False,1,cu01_local_temp_avg_c__rise,cu01_local_temp_avg_c__rise,cu01_local_temp_avg_c__rise,0.0011749267578125,0.0011749267578125
injected,cu01_local_temp_avg_c__rise,1.5,15.0,83,16,164,True,True,True,False,False,1,cu01_local_temp_avg_c__rise,cu01_local_temp_avg_c__rise,cu01_local_temp_avg_c__rise,0.0002593994140625,0.0002593994140625
injected,cu01_local_temp_avg_c__rise,1.5,15.0,84,16,164,True,True,True,False,False,1,cu01_local_temp_avg_c__rise,cu01_local_temp_avg_c__rise,cu01_local_temp_avg_c__rise,0.0006561279296875,0.0006561279296875
injected,cu01_local_temp_avg_c__rise,1.5,15.0,85,14,163,True,True,True,False,False,1,cu01_local_temp_avg_c__rise,cu01_local_temp_avg_c__rise,cu01_local_temp_avg_c__rise,0.00048828125,0.00048828125
injected,cu01_local_temp_avg_c__rise,1.5,15.0,86,17,164,True,True,True,False,False,1,cu01_local_temp_avg_c__rise,cu01_local_temp_avg_c__rise,cu01_local_temp_avg_c__rise,0.0002593994140625,0.0002593994140625
injected,cu01_local_temp_avg_c__rise,1.5,15.0,87,18,165,True,True,True,False,False,1,cu01_local_temp_avg_c__rise,cu01_local_temp_avg_c__rise,cu01_local_temp_avg_c__rise,0.0001373291015625,0.0001373291015625
injected,cu01_local_temp_avg_c__rise,1.5,15.0,88,14,164,True,True,True,False,False,1,cu01_local_temp_avg_c__rise,cu01_local_temp_avg_c__rise,cu01_local_temp_avg_c__rise,0.0006561279296875,0.0006561279296875
injected,cu01_local_temp_avg_c__rise,1.5,15.0,89,14,165,True,True,True,False,False,1,cu01_local_temp_avg_c__rise,cu01_local_temp_avg_c__rise,cu01_local_temp_avg_c__rise,0.0001373291015625,0.0001373291015625
injected,cu01_local_temp_avg_c__rise,1.5,15.0,90,15,164,True,True,True,False,False,1,cu01_local_temp_avg_c__rise,cu01_local_temp_avg_c__rise,cu01_local_temp_avg_c__rise,0.0002593994140625,0.0002593994140625
injected,cu01_local_temp_avg_c__rise,1.5,15.0,91,17,165,True,True,True,False,False,1,cu01_local_temp_avg_c__rise,cu01_local_temp_avg_c__rise,cu01_local_temp_avg_c__rise,0.0001373291015625,0.0001373291015625
injected,cu01_local_temp_avg_c__rise,1.5,15.0,92,11,162,True,True,True,False,False,1,cu01_local_temp_avg_c__rise,cu01_local_temp_avg_c__rise,cu01_local_temp_avg_c__rise,0.00091552734375,0.00091552734375
injected,cu01_local_temp_avg_c__rise,1.5,15.0,93,18,167,True,True,True,False,False,1,cu01_local_temp_avg_c__rise,cu01_local_temp_avg_c__rise,cu01_local_temp_avg_c__rise,3.814697265625e-05,3.814697265625e-05
injected,cu01_local_temp_avg_c__rise,1.5,15.0,94,18,166,True,True,True,False,False,1,cu01_local_temp_avg_c__rise,cu01_local_temp_avg_c__rise,cu01_local_temp_avg_c__rise,0.00020122528076171875,0.00020122528076171875
injected,cu01_local_temp_avg_c__rise,1.5,15.0,95,13,161,True,True,True,False,False,1,cu01_local_temp_avg_c__rise,cu01_local_temp_avg_c__rise,cu01_local_temp_avg_c__rise,0.001708984375,0.001708984375
injected,cu01_local_temp_avg_c__rise,1.5,15.0,96,13,164,True,True,True,False,False,1,cu01_local_temp_avg_c__rise,cu01_local_temp_avg_c__rise,cu01_local_temp_avg_c__rise,0.0002593994140625,0.0002593994140625
injected,cu01_local_temp_avg_c__rise,1.5,15.0,97,17,166,True,True,True,False,False,1,cu01_local_temp_avg_c__rise,cu01_local_temp_avg_c__rise,cu01_local_temp_avg_c__rise,7.2479248046875e-05,7.2479248046875e-05
injected,cu01_local_temp_avg_c__rise,1.5,15.0,98,16,166,True,True,True,False,False,1,cu01_local_temp_avg_c__rise,cu01_local_temp_avg_c__rise,cu01_local_temp_avg_c__rise,0.00020122528076171875,0.00020122528076171875
injected,cu01_local_temp_avg_c__rise,1.5,15.0,99,16,165,True,True,True,False,False,1,cu01_local_temp_avg_c__rise,cu01_local_temp_avg_c__rise,cu01_local_temp_avg_c__rise,0.0001373291015625,0.0001373291015625
injected,cu01_local_temp_avg_c__rise,1.5,30.0,0,20,163,True,True,True,False,False,1,cu01_local_temp_avg_c__rise,cu01_local_temp_avg_c__rise,cu01_local_temp_avg_c__rise,3.814697265625e-06,3.814697265625e-06
injected,cu01_local_temp_avg_c__rise,1.5,30.0,1,19,164,True,True,True,False,False,1,cu01_local_temp_avg_c__rise,cu01_local_temp_avg_c__rise,cu01_local_temp_avg_c__rise,7.62939453125e-06,7.62939453125e-06
injected,cu01_local_temp_avg_c__rise,1.5,30.0,2,15,162,True,True,True,False,False,1,cu01_local_temp_avg_c__rise,cu01_local_temp_avg_c__rise,cu01_local_temp_avg_c__rise,0.0003643035888671875,0.0003643035888671875
injected,cu01_local_temp_avg_c__rise,1.5,30.0,3,14,161,True,True,True,False,False,1,cu01_local_temp_avg_c__rise,cu01_local_temp_avg_c__rise,cu01_local_temp_avg_c__rise,0.0002593994140625,0.0002593994140625
injected,cu01_local_temp_avg_c__rise,1.5,30.0,4,14,162,True,True,True,False,False,1,cu01_local_temp_avg_c__rise,cu01_local_temp_avg_c__rise,cu01_local_temp_avg_c__rise,1.52587890625e-05,1.52587890625e-05
injected,cu01_local_temp_avg_c__rise,1.5,30.0,5,15,160,True,True,True,False,False,1,cu01_local_temp_avg_c__rise,cu01_local_temp_avg_c__rise,cu01_local_temp_avg_c__rise,0.0002593994140625,0.0002593994140625
injected,cu01_local_temp_avg_c__rise,1.5,30.0,6,11,163,True,True,True,False,False,1,cu01_local_temp_avg_c__rise,cu01_local_temp_avg_c__rise,cu01_local_temp_avg_c__rise,0.00048828125,0.00048828125
injected,cu01_local_temp_avg_c__rise,1.5,30.0,7,16,159,True,True,True,False,False,1,cu01_local_temp_avg_c__rise,cu01_local_temp_avg_c__rise,cu01_local_temp_avg_c__rise,0.00048828125,0.00048828125
injected,cu01_local_temp_avg_c__rise,1.5,30.0,8,13,162,True,True,True,False,False,1,cu01_local_temp_avg_c__rise,cu01_local_temp_avg_c__rise,cu01_local_temp_avg_c__rise,0.0001373291015625,0.0001373291015625
injected,cu01_local_temp_avg_c__rise,1.5,30.0,9,18,160,True,True,True,False,False,1,cu01_local_temp_avg_c__rise,cu01_local_temp_avg_c__rise,cu01_local_temp_avg_c__rise,0.0003643035888671875,0.0003643035888671875
injected,cu01_local_temp_avg_c__rise,1.5,30.0,10,15,162,True,True,True,False,False,1,cu01_local_temp_avg_c__rise,cu01_local_temp_avg_c__rise,cu01_local_temp_avg_c__rise,0.0001373291015625,0.0001373291015625
injected,cu01_local_temp_avg_c__rise,1.5,30.0,11,18,162,True,True,True,False,False,1,cu01_local_temp_avg_c__rise,cu01_local_temp_avg_c__rise,cu01_local_temp_avg_c__rise,7.62939453125e-06,7.62939453125e-06
injected,cu01_local_temp_avg_c__rise,1.5,30.0,12,14,158,True,True,True,False,False,1,cu01_local_temp_avg_c__rise,cu01_local_temp_avg_c__rise,cu01_local_temp_avg_c__rise,0.000244140625,0.000244140625
injected,cu01_local_temp_avg_c__rise,1.5,30.0,13,14,162,True,True,True,False,False,1,cu01_local_temp_avg_c__rise,cu01_local_temp_avg_c__rise,cu01_local_temp_avg_c__rise,0.0001373291015625,0.0001373291015625
injected,cu01_local_temp_avg_c__rise,1.5,30.0,14,15,160,True,True,True,False,False,1,cu01_local_temp_avg_c__rise,cu01_local_temp_avg_c__rise,cu01_local_temp_avg_c__rise,0.0001373291015625,0.0001373291015625
injected,cu01_local_temp_avg_c__rise,1.5,30.0,15,17,162,True,True,True,False,False,1,cu01_local_temp_avg_c__rise,cu01_local_temp_avg_c__rise,cu01_local_temp_avg_c__rise,7.2479248046875e-05,7.2479248046875e-05
injected,cu01_local_temp_avg_c__rise,1.5,30.0,16,12,160,True,True,True,False,False,1,cu01_local_temp_avg_c__rise,cu01_local_temp_avg_c__rise,cu01_local_temp_avg_c__rise,0.0006561279296875,0.0006561279296875
injected,cu01_local_temp_avg_c__rise,1.5,30.0,17,13,162,True,True,True,False,False,1,cu01_local_temp_avg_c__rise,cu01_local_temp_avg_c__rise,cu01_local_temp_avg_c__rise,6.103515625e-05,6.103515625e-05
injected,cu01_local_temp_avg_c__rise,1.5,30.0,18,13,161,True,True,True,False,False,1,cu01_local_temp_avg_c__rise,cu01_local_temp_avg_c__rise,cu01_local_temp_avg_c__rise,6.103515625e-05,6.103515625e-05
injected,cu01_local_temp_avg_c__rise,1.5,30.0,19,16,161,True,True,True,False,False,1,cu01_local_temp_avg_c__rise,cu01_local_temp_avg_c__rise,cu01_local_temp_avg_c__rise,3.814697265625e-05,3.814697265625e-05
injected,cu01_local_temp_avg_c__rise,1.5,30.0,20,14,161,True,True,True,False,False,1,cu01_local_temp_avg_c__rise,cu01_local_temp_avg_c__rise,cu01_local_temp_avg_c__rise,0.0006561279296875,0.0006561279296875
injected,cu01_local_temp_avg_c__rise,1.5,30.0,21,16,161,True,True,True,False,False,1,cu01_local_temp_avg_c__rise,cu01_local_temp_avg_c__rise,cu01_local_temp_avg_c__rise,0.00048828125,0.00048828125
injected,cu01_local_temp_avg_c__rise,1.5,30.0,22,18,161,True,True,True,False,False,1,cu01_local_temp_avg_c__rise,cu01_local_temp_avg_c__rise,cu01_local_temp_avg_c__rise,7.2479248046875e-05,7.2479248046875e-05
injected,cu01_local_temp_avg_c__rise,1.5,30.0,23,16,163,True,True,True,False,False,1,cu01_local_temp_avg_c__rise,cu01_local_temp_avg_c__rise,cu01_local_temp_avg_c__rise,7.2479248046875e-05,7.2479248046875e-05
injected,cu01_local_temp_avg_c__rise,1.5,30.0,24,19,163,True,True,True,False,False,1,cu01_local_temp_avg_c__rise,cu01_local_temp_avg_c__rise,cu01_local_temp_avg_c__rise,3.814697265625e-05,3.814697265625e-05
injected,cu01_local_temp_avg_c__rise,1.5,30.0,25,18,162,True,True,True,False,False,1,cu01_local_temp_avg_c__rise,cu01_local_temp_avg_c__rise,cu01_local_temp_avg_c__rise,3.0517578125e-05,3.0517578125e-05
injected,cu01_local_temp_avg_c__rise,1.5,30.0,26,12,161,True,True,True,False,False,1,cu01_local_temp_avg_c__rise,cu01_local_temp_avg_c__rise,cu01_local_temp_avg_c__rise,3.0517578125e-05,3.0517578125e-05
injected,cu01_local_temp_avg_c__rise,1.5,30.0,27,15,160,True,True,True,False,False,1,cu01_local_temp_avg_c__rise,cu01_local_temp_avg_c__rise,cu01_local_temp_avg_c__rise,6.103515625e-05,6.103515625e-05
injected,cu01_local_temp_avg_c__rise,1.5,30.0,28,16,161,True,True,True,False,False,1,cu01_local_temp_avg_c__rise,cu01_local_temp_avg_c__rise,cu01_local_temp_avg_c__rise,7.2479248046875e-05,7.2479248046875e-05
injected,cu01_local_temp_avg_c__rise,1.5,30.0,29,13,162,True,True,True,False,False,1,cu01_local_temp_avg_c__rise,cu01_local_temp_avg_c__rise,cu01_local_temp_avg_c__rise,0.0002593994140625,0.0002593994140625
injected,cu01_local_temp_avg_c__rise,1.5,30.0,30,16,162,True,True,True,False,False,1,cu01_local_temp_avg_c__rise,cu01_local_temp_avg_c__rise,cu01_local_temp_avg_c__rise,1.52587890625e-05,1.52587890625e-05
injected,cu01_local_temp_avg_c__rise,1.5,30.0,31,19,163,True,True,True,False,False,1,cu01_local_temp_avg_c__rise,cu01_local_temp_avg_c__rise,cu01_local_temp_avg_c__rise,7.62939453125e-06,7.62939453125e-06
injected,cu01_local_temp_avg_c__rise,1.5,30.0,32,16,161,True,True,True,False,False,1,cu01_local_temp_avg_c__rise,cu01_local_temp_avg_c__rise,cu01_local_temp_avg_c__rise,0.0001373291015625,0.0001373291015625
injected,cu01_local_temp_avg_c__rise,1.5,30.0,33,18,161,True,True,True,False,False,1,cu01_local_temp_avg_c__rise,cu01_local_temp_avg_c__rise,cu01_local_temp_avg_c__rise,7.2479248046875e-05,7.2479248046875e-05
injected,cu01_local_temp_avg_c__rise,1.5,30.0,34,16,163,True,True,True,False,False,1,cu01_local_temp_avg_c__rise,cu01_local_temp_avg_c__rise,cu01_local_temp_avg_c__rise,3.0517578125e-05,3.0517578125e-05
injected,cu01_local_temp_avg_c__rise,1.5,30.0,35,19,163,True,True,True,False,False,1,cu01_local_temp_avg_c__rise,cu01_local_temp_avg_c__rise,cu01_local_temp_avg_c__rise,7.62939453125e-06,7.62939453125e-06
injected,cu01_local_temp_avg_c__rise,1.5,30.0,36,16,161,True,True,True,False,False,1,cu01_local_temp_avg_c__rise,cu01_local_temp_avg_c__rise,cu01_local_temp_avg_c__rise,3.0517578125e-05,3.0517578125e-05
injected,cu01_local_temp_avg_c__rise,1.5,30.0,37,16,161,True,True,True,False,False,1,cu01_local_temp_avg_c__rise,cu01_local_temp_avg_c__rise,cu01_local_temp_avg_c__rise,0.0002593994140625,0.0002593994140625
injected,cu01_local_temp_avg_c__rise,1.5,30.0,38,17,163,True,True,True,False,False,1,cu01_local_temp_avg_c__rise,cu01_local_temp_avg_c__rise,cu01_local_temp_avg_c__rise,3.0517578125e-05,3.0517578125e-05
injected,cu01_local_temp_avg_c__rise,1.5,30.0,39,21,163,True,True,True,False,False,1,cu01_local_temp_avg_c__rise,cu01_local_temp_avg_c__rise,cu01_local_temp_avg_c__rise,7.62939453125e-06,7.62939453125e-06
injected,cu01_local_temp_avg_c__rise,1.5,30.0,40,20,163,True,True,True,False,False,1,cu01_local_temp_avg_c__rise,cu01_local_temp_avg_c__rise,cu01_local_temp_avg_c__rise,7.62939453125e-06,7.62939453125e-06
injected,cu01_local_temp_avg_c__rise,1.5,30.0,41,14,162,True,True,True,False,False,1,cu01_local_temp_avg_c__rise,cu01_local_temp_avg_c__rise,cu01_local_temp_avg_c__rise,0.0001373291015625,0.0001373291015625
injected,cu01_local_temp_avg_c__rise,1.5,30.0,42,15,162,True,True,True,False,False,1,cu01_local_temp_avg_c__rise,cu01_local_temp_avg_c__rise,cu01_local_temp_avg_c__rise,7.2479248046875e-05,7.2479248046875e-05
injected,cu01_local_temp_avg_c__rise,1.5,30.0,43,14,162,True,True,True,False,False,1,cu01_local_temp_avg_c__rise,cu01_local_temp_avg_c__rise,cu01_local_temp_avg_c__rise,0.00048828125,0.00048828125
injected,cu01_local_temp_avg_c__rise,1.5,30.0,44,19,162,True,True,True,False,False,1,cu01_local_temp_avg_c__rise,cu01_local_temp_avg_c__rise,cu01_local_temp_avg_c__rise,7.62939453125e-06,7.62939453125e-06
injected,cu01_local_temp_avg_c__rise,1.5,30.0,45,19,162,True,True,True,False,False,1,cu01_local_temp_avg_c__rise,cu01_local_temp_avg_c__rise,cu01_local_temp_avg_c__rise,7.62939453125e-06,7.62939453125e-06
injected,cu01_local_temp_avg_c__rise,1.5,30.0,46,19,163,True,True,True,False,False,1,cu01_local_temp_avg_c__rise,cu01_local_temp_avg_c__rise,cu01_local_temp_avg_c__rise,7.62939453125e-06,7.62939453125e-06
injected,cu01_local_temp_avg_c__rise,1.5,30.0,47,15,161,True,True,True,False,False,1,cu01_local_temp_avg_c__rise,cu01_local_temp_avg_c__rise,cu01_local_temp_avg_c__rise,0.0002593994140625,0.0002593994140625
injected,cu01_local_temp_avg_c__rise,1.5,30.0,48,16,159,True,True,True,False,False,1,cu01_local_temp_avg_c__rise,cu01_local_temp_avg_c__rise,cu01_local_temp_avg_c__rise,0.00048828125,0.00048828125
injected,cu01_local_temp_avg_c__rise,1.5,30.0,49,14,162,True,True,True,False,False,1,cu01_local_temp_avg_c__rise,cu01_local_temp_avg_c__rise,cu01_local_temp_avg_c__rise,0.0006561279296875,0.0006561279296875
injected,cu01_local_temp_avg_c__rise,1.5,30.0,50,20,162,True,True,True,False,False,1,cu01_local_temp_avg_c__rise,cu01_local_temp_avg_c__rise,cu01_local_temp_avg_c__rise,1.52587890625e-05,1.52587890625e-05
injected,cu01_local_temp_avg_c__rise,1.5,30.0,51,16,163,True,True,True,False,False,1,cu01_local_temp_avg_c__rise,cu01_local_temp_avg_c__rise,cu01_local_temp_avg_c__rise,1.52587890625e-05,1.52587890625e-05
injected,cu01_local_temp_avg_c__rise,1.5,30.0,52,16,163,True,True,True,False,False,1,cu01_local_temp_avg_c__rise,cu01_local_temp_avg_c__rise,cu01_local_temp_avg_c__rise,7.2479248046875e-05,7.2479248046875e-05
injected,cu01_local_temp_avg_c__rise,1.5,30.0,53,17,161,True,True,True,False,False,1,cu01_local_temp_avg_c__rise,cu01_local_temp_avg_c__rise,cu01_local_temp_avg_c__rise,1.52587890625e-05,1.52587890625e-05
injected,cu01_local_temp_avg_c__rise,1.5,30.0,54,14,160,True,True,True,False,False,1,cu01_local_temp_avg_c__rise,cu01_local_temp_avg_c__rise,cu01_local_temp_avg_c__rise,0.0001220703125,0.0001220703125
injected,cu01_local_temp_avg_c__rise,1.5,30.0,55,14,159,True,True,True,False,False,1,cu01_local_temp_avg_c__rise,cu01_local_temp_avg_c__rise,cu01_local_temp_avg_c__rise,0.0011749267578125,0.0011749267578125
injected,cu01_local_temp_avg_c__rise,1.5,30.0,56,15,163,True,True,True,False,False,1,cu01_local_temp_avg_c__rise,cu01_local_temp_avg_c__rise,cu01_local_temp_avg_c__rise,7.2479248046875e-05,7.2479248046875e-05
injected,cu01_local_temp_avg_c__rise,1.5,30.0,57,15,160,True,True,True,False,False,1,cu01_local_temp_avg_c__rise,cu01_local_temp_avg_c__rise,cu01_local_temp_avg_c__rise,0.0002593994140625,0.0002593994140625
injected,cu01_local_temp_avg_c__rise,1.5,30.0,58,17,162,True,True,True,False,False,1,cu01_local_temp_avg_c__rise,cu01_local_temp_avg_c__rise,cu01_local_temp_avg_c__rise,6.103515625e-05,6.103515625e-05
injected,cu01_local_temp_avg_c__rise,1.5,30.0,59,15,162,True,True,True,False,False,1,cu01_local_temp_avg_c__rise,cu01_local_temp_avg_c__rise,cu01_local_temp_avg_c__rise,0.0001373291015625,0.0001373291015625
injected,cu01_local_temp_avg_c__rise,1.5,30.0,60,19,163,True,True,True,False,False,1,cu01_local_temp_avg_c__rise,cu01_local_temp_avg_c__rise,cu01_local_temp_avg_c__rise,1.52587890625e-05,1.52587890625e-05
injected,cu01_local_temp_avg_c__rise,1.5,30.0,61,14,160,True,True,True,False,False,1,cu01_local_temp_avg_c__rise,cu01_local_temp_avg_c__rise,cu01_local_temp_avg_c__rise,0.0001373291015625,0.0001373291015625
injected,cu01_local_temp_avg_c__rise,1.5,30.0,62,17,161,True,True,True,False,False,1,cu01_local_temp_avg_c__rise,cu01_local_temp_avg_c__rise,cu01_local_temp_avg_c__rise,3.0517578125e-05,3.0517578125e-05
injected,cu01_local_temp_avg_c__rise,1.5,30.0,63,17,161,True,True,True,False,False,1,cu01_local_temp_avg_c__rise,cu01_local_temp_avg_c__rise,cu01_local_temp_avg_c__rise,3.0517578125e-05,3.0517578125e-05
injected,cu01_local_temp_avg_c__rise,1.5,30.0,64,15,160,True,True,True,False,False,1,cu01_local_temp_avg_c__rise,cu01_local_temp_avg_c__rise,cu01_local_temp_avg_c__rise,3.0517578125e-05,3.0517578125e-05
injected,cu01_local_temp_avg_c__rise,1.5,30.0,65,16,160,True,True,True,False,False,1,cu01_local_temp_avg_c__rise,cu01_local_temp_avg_c__rise,cu01_local_temp_avg_c__rise,3.0517578125e-05,3.0517578125e-05
injected,cu01_local_temp_avg_c__rise,1.5,30.0,66,15,161,True,True,True,False,False,1,cu01_local_temp_avg_c__rise,cu01_local_temp_avg_c__rise,cu01_local_temp_avg_c__rise,0.0006561279296875,0.0006561279296875
injected,cu01_local_temp_avg_c__rise,1.5,30.0,67,15,160,True,True,True,False,False,1,cu01_local_temp_avg_c__rise,cu01_local_temp_avg_c__rise,cu01_local_temp_avg_c__rise,6.103515625e-05,6.103515625e-05
injected,cu01_local_temp_avg_c__rise,1.5,30.0,68,19,164,True,True,True,False,False,1,cu01_local_temp_avg_c__rise,cu01_local_temp_avg_c__rise,cu01_local_temp_avg_c__rise,7.62939453125e-06,7.62939453125e-06
injected,cu01_local_temp_avg_c__rise,1.5,30.0,69,15,162,True,True,True,False,False,1,cu01_local_temp_avg_c__rise,cu01_local_temp_avg_c__rise,cu01_local_temp_avg_c__rise,0.0002593994140625,0.0002593994140625
injected,cu01_local_temp_avg_c__rise,1.5,30.0,70,16,158,True,True,True,False,False,1,cu01_local_temp_avg_c__rise,cu01_local_temp_avg_c__rise,cu01_local_temp_avg_c__rise,0.0002593994140625,0.0002593994140625
injected,cu01_local_temp_avg_c__rise,1.5,30.0,71,17,161,True,True,True,False,False,1,cu01_local_temp_avg_c__rise,cu01_local_temp_avg_c__rise,cu01_local_temp_avg_c__rise,1.52587890625e-05,1.52587890625e-05
injected,cu01_local_temp_avg_c__rise,1.5,30.0,72,18,162,True,True,True,False,False,1,cu01_local_temp_avg_c__rise,cu01_local_temp_avg_c__rise,cu01_local_temp_avg_c__rise,1.52587890625e-05,1.52587890625e-05
injected,cu01_local_temp_avg_c__rise,1.5,30.0,73,16,161,True,True,True,False,False,1,cu01_local_temp_avg_c__rise,cu01_local_temp_avg_c__rise,cu01_local_temp_avg_c__rise,6.103515625e-05,6.103515625e-05
injected,cu01_local_temp_avg_c__rise,1.5,30.0,74,15,161,True,True,True,False,False,1,cu01_local_temp_avg_c__rise,cu01_local_temp_avg_c__rise,cu01_local_temp_avg_c__rise,0.0002593994140625,0.0002593994140625
injected,cu01_local_temp_avg_c__rise,1.5,30.0,75,21,161,True,True,True,False,False,1,cu01_local_temp_avg_c__rise,cu01_local_temp_avg_c__rise,cu01_local_temp_avg_c__rise,1.52587890625e-05,1.52587890625e-05
injected,cu01_local_temp_avg_c__rise,1.5,30.0,76,15,163,True,True,True,False,False,1,cu01_local_temp_avg_c__rise,cu01_local_temp_avg_c__rise,cu01_local_temp_avg_c__rise,1.52587890625e-05,1.52587890625e-05
injected,cu01_local_temp_avg_c__rise,1.5,30.0,77,14,162,True,True,True,False,False,1,cu01_local_temp_avg_c__rise,cu01_local_temp_avg_c__rise,cu01_local_temp_avg_c__rise,3.0517578125e-05,3.0517578125e-05
injected,cu01_local_temp_avg_c__rise,1.5,30.0,78,17,161,True,True,True,False,False,1,cu01_local_temp_avg_c__rise,cu01_local_temp_avg_c__rise,cu01_local_temp_avg_c__rise,1.52587890625e-05,1.52587890625e-05
injected,cu01_local_temp_avg_c__rise,1.5,30.0,79,14,161,True,True,True,False,False,1,cu01_local_temp_avg_c__rise,cu01_local_temp_avg_c__rise,cu01_local_temp_avg_c__rise,0.0011749267578125,0.0011749267578125
injected,cu01_local_temp_avg_c__rise,1.5,30.0,80,18,162,True,True,True,False,False,1,cu01_local_temp_avg_c__rise,cu01_local_temp_avg_c__rise,cu01_local_temp_avg_c__rise,3.0517578125e-05,3.0517578125e-05
injected,cu01_local_temp_avg_c__rise,1.5,30.0,81,16,160,True,True,True,False,False,1,cu01_local_temp_avg_c__rise,cu01_local_temp_avg_c__rise,cu01_local_temp_avg_c__rise,1.52587890625e-05,1.52587890625e-05
injected,cu01_local_temp_avg_c__rise,1.5,30.0,82,13,161,True,True,True,False,False,1,cu01_local_temp_avg_c__rise,cu01_local_temp_avg_c__rise,cu01_local_temp_avg_c__rise,0.0011749267578125,0.0011749267578125
injected,cu01_local_temp_avg_c__rise,1.5,30.0,83,16,161,True,True,True,False,False,1,cu01_local_temp_avg_c__rise,cu01_local_temp_avg_c__rise,cu01_local_temp_avg_c__rise,3.0517578125e-05,3.0517578125e-05
injected,cu01_local_temp_avg_c__rise,1.5,30.0,84,16,164,True,True,True,False,False,1,cu01_local_temp_avg_c__rise,cu01_local_temp_avg_c__rise,cu01_local_temp_avg_c__rise,0.0001373291015625,0.0001373291015625
injected,cu01_local_temp_avg_c__rise,1.5,30.0,85,14,160,True,True,True,False,False,1,cu01_local_temp_avg_c__rise,cu01_local_temp_avg_c__rise,cu01_local_temp_avg_c__rise,0.00048828125,0.00048828125
injected,cu01_local_temp_avg_c__rise,1.5,30.0,86,17,162,True,True,True,False,False,1,cu01_local_temp_avg_c__rise,cu01_local_temp_avg_c__rise,cu01_local_temp_avg_c__rise,3.0517578125e-05,3.0517578125e-05
injected,cu01_local_temp_avg_c__rise,1.5,30.0,87,18,160,True,True,True,False,False,1,cu01_local_temp_avg_c__rise,cu01_local_temp_avg_c__rise,cu01_local_temp_avg_c__rise,1.52587890625e-05,1.52587890625e-05
injected,cu01_local_temp_avg_c__rise,1.5,30.0,88,14,160,True,True,True,False,False,1,cu01_local_temp_avg_c__rise,cu01_local_temp_avg_c__rise,cu01_local_temp_avg_c__rise,0.0001373291015625,0.0001373291015625
injected,cu01_local_temp_avg_c__rise,1.5,30.0,89,14,162,True,True,True,False,False,1,cu01_local_temp_avg_c__rise,cu01_local_temp_avg_c__rise,cu01_local_temp_avg_c__rise,1.52587890625e-05,1.52587890625e-05
injected,cu01_local_temp_avg_c__rise,1.5,30.0,90,15,163,True,True,True,False,False,1,cu01_local_temp_avg_c__rise,cu01_local_temp_avg_c__rise,cu01_local_temp_avg_c__rise,3.0517578125e-05,3.0517578125e-05
injected,cu01_local_temp_avg_c__rise,1.5,30.0,91,17,162,True,True,True,False,False,1,cu01_local_temp_avg_c__rise,cu01_local_temp_avg_c__rise,cu01_local_temp_avg_c__rise,1.52587890625e-05,1.52587890625e-05
injected,cu01_local_temp_avg_c__rise,1.5,30.0,92,11,159,True,True,True,False,False,1,cu01_local_temp_avg_c__rise,cu01_local_temp_avg_c__rise,cu01_local_temp_avg_c__rise,0.00091552734375,0.00091552734375
injected,cu01_local_temp_avg_c__rise,1.5,30.0,93,18,162,True,True,True,False,False,1,cu01_local_temp_avg_c__rise,cu01_local_temp_avg_c__rise,cu01_local_temp_avg_c__rise,3.814697265625e-05,3.814697265625e-05
injected,cu01_local_temp_avg_c__rise,1.5,30.0,94,18,162,True,True,True,False,False,1,cu01_local_temp_avg_c__rise,cu01_local_temp_avg_c__rise,cu01_local_temp_avg_c__rise,0.00020122528076171875,0.00020122528076171875
injected,cu01_local_temp_avg_c__rise,1.5,30.0,95,13,160,True,True,True,False,False,1,cu01_local_temp_avg_c__rise,cu01_local_temp_avg_c__rise,cu01_local_temp_avg_c__rise,0.001708984375,0.001708984375
injected,cu01_local_temp_avg_c__rise,1.5,30.0,96,13,162,True,True,True,False,False,1,cu01_local_temp_avg_c__rise,cu01_local_temp_avg_c__rise,cu01_local_temp_avg_c__rise,3.0517578125e-05,3.0517578125e-05
injected,cu01_local_temp_avg_c__rise,1.5,30.0,97,17,164,True,True,True,False,False,1,cu01_local_temp_avg_c__rise,cu01_local_temp_avg_c__rise,cu01_local_temp_avg_c__rise,7.62939453125e-06,7.62939453125e-06
injected,cu01_local_temp_avg_c__rise,1.5,30.0,98,16,163,True,True,True,False,False,1,cu01_local_temp_avg_c__rise,cu01_local_temp_avg_c__rise,cu01_local_temp_avg_c__rise,3.814697265625e-05,3.814697265625e-05
injected,cu01_local_temp_avg_c__rise,1.5,30.0,99,16,160,True,True,True,False,False,1,cu01_local_temp_avg_c__rise,cu01_local_temp_avg_c__rise,cu01_local_temp_avg_c__rise,1.52587890625e-05,1.52587890625e-05
injected,cu01_local_temp_avg_c__rise,1.5,60.0,0,20,166,True,True,True,False,False,1,cu01_local_temp_avg_c__rise,cu01_local_temp_avg_c__rise,cu01_local_temp_avg_c__rise,0.001953125,0.001953125
injected,cu01_local_temp_avg_c__rise,1.5,60.0,1,19,168,True,True,True,False,False,1,cu01_local_temp_avg_c__rise,cu01_local_temp_avg_c__rise,cu01_local_temp_avg_c__rise,0.001953125,0.001953125
injected,cu01_local_temp_avg_c__rise,1.5,60.0,2,15,167,False,False,True,False,False,0,,cu01_local_temp_avg_c__rise,cu01_local_temp_avg_c__rise,0.0107421875,0.0107421875
injected,cu01_local_temp_avg_c__rise,1.5,60.0,3,14,166,False,False,True,False,False,0,,cu01_local_temp_avg_c__rise,cu01_local_temp_avg_c__rise,0.0107421875,0.0107421875
injected,cu01_local_temp_avg_c__rise,1.5,60.0,4,14,165,True,True,True,False,False,1,cu01_local_temp_avg_c__rise,cu01_local_temp_avg_c__rise,cu01_local_temp_avg_c__rise,0.001953125,0.001953125
injected,cu01_local_temp_avg_c__rise,1.5,60.0,5,15,167,False,False,True,False,False,0,,cu01_local_temp_avg_c__rise,cu01_local_temp_avg_c__rise,0.0107421875,0.0107421875
injected,cu01_local_temp_avg_c__rise,1.5,60.0,6,11,165,True,True,True,False,False,1,cu01_local_temp_avg_c__rise,cu01_local_temp_avg_c__rise,cu01_local_temp_avg_c__rise,0.001953125,0.001953125
injected,cu01_local_temp_avg_c__rise,1.5,60.0,7,16,165,False,False,True,False,False,0,,cu01_local_temp_avg_c__rise,cu01_local_temp_avg_c__rise,0.019287109375,0.019287109375
injected,cu01_local_temp_avg_c__rise,1.5,60.0,8,13,162,False,False,True,False,False,0,,cu01_local_temp_avg_c__rise,cu01_local_temp_avg_c__rise,0.0107421875,0.0107421875
injected,cu01_local_temp_avg_c__rise,1.5,60.0,9,18,164,False,False,True,False,False,0,,cu01_local_temp_avg_c__rise,cu01_local_temp_avg_c__rise,0.0107421875,0.0107421875
injected,cu01_local_temp_avg_c__rise,1.5,60.0,10,15,165,True,True,True,False,False,1,cu01_local_temp_avg_c__rise,cu01_local_temp_avg_c__rise,cu01_local_temp_avg_c__rise,0.00390625,0.00390625
injected,cu01_local_temp_avg_c__rise,1.5,60.0,11,18,166,True,True,True,False,False,1,cu01_local_temp_avg_c__rise,cu01_local_temp_avg_c__rise,cu01_local_temp_avg_c__rise,0.00390625,0.00390625
injected,cu01_local_temp_avg_c__rise,1.5,60.0,12,14,163,False,False,True,False,False,0,,cu01_local_temp_avg_c__rise,cu01_local_temp_avg_c__rise,0.019287109375,0.019287109375
injected,cu01_local_temp_avg_c__rise,1.5,60.0,13,14,164,False,False,True,False,False,0,,cu01_local_temp_avg_c__rise,cu01_local_temp_avg_c__rise,0.0107421875,0.0107421875
injected,cu01_local_temp_avg_c__rise,1.5,60.0,14,15,165,False,False,True,False,False,0,,cu01_local_temp_avg_c__rise,cu01_local_temp_avg_c__rise,0.0107421875,0.0107421875
injected,cu01_local_temp_avg_c__rise,1.5,60.0,15,17,165,False,False,True,False,False,0,,cu01_local_temp_avg_c__rise,cu01_local_temp_avg_c__rise,0.0107421875,0.0107421875
injected,cu01_local_temp_avg_c__rise,1.5,60.0,16,12,162,False,False,True,False,False,0,,cu01_local_temp_avg_c__rise,cu01_local_temp_avg_c__rise,0.019287109375,0.019287109375
injected,cu01_local_temp_avg_c__rise,1.5,60.0,17,13,166,True,True,True,False,False,1,cu01_local_temp_avg_c__rise,cu01_local_temp_avg_c__rise,cu01_local_temp_avg_c__rise,0.00390625,0.00390625
injected,cu01_local_temp_avg_c__rise,1.5,60.0,18,13,160,False,False,True,False,False,0,,cu01_local_temp_avg_c__rise,cu01_local_temp_avg_c__rise,0.019287109375,0.019287109375
injected,cu01_local_temp_avg_c__rise,1.5,60.0,19,16,164,False,False,True,False,False,0,,cu01_local_temp_avg_c__rise,cu01_local_temp_avg_c__rise,0.005859375,0.005859375
injected,cu01_local_temp_avg_c__rise,1.5,60.0,20,14,163,False,False,True,False,False,0,,cu01_local_temp_avg_c__rise,cu01_local_temp_avg_c__rise,0.019287109375,0.019287109375
injected,cu01_local_temp_avg_c__rise,1.5,60.0,21,16,167,True,True,True,False,False,1,cu01_local_temp_avg_c__rise,cu01_local_temp_avg_c__rise,cu01_local_temp_avg_c__rise,0.001953125,0.001953125
injected,cu01_local_temp_avg_c__rise,1.5,60.0,22,18,165,True,True,True,False,False,1,cu01_local_temp_avg_c__rise,cu01_local_temp_avg_c__rise,cu01_local_temp_avg_c__rise,0.001953125,0.001953125
injected,cu01_local_temp_avg_c__rise,1.5,60.0,23,16,164,True,True,True,False,False,1,cu01_local_temp_avg_c__rise,cu01_local_temp_avg_c__rise,cu01_local_temp_avg_c__rise,0.001953125,0.001953125
injected,cu01_local_temp_avg_c__rise,1.5,60.0,24,19,167,True,True,True,False,False,1,cu01_local_temp_avg_c__rise,cu01_local_temp_avg_c__rise,cu01_local_temp_avg_c__rise,0.001953125,0.001953125
injected,cu01_local_temp_avg_c__rise,1.5,60.0,25,18,166,True,True,True,False,False,1,cu01_local_temp_avg_c__rise,cu01_local_temp_avg_c__rise,cu01_local_temp_avg_c__rise,0.00390625,0.00390625
injected,cu01_local_temp_avg_c__rise,1.5,60.0,26,12,164,False,False,True,False,False,0,,cu01_local_temp_avg_c__rise,cu01_local_temp_avg_c__rise,0.0107421875,0.0107421875
injected,cu01_local_temp_avg_c__rise,1.5,60.0,27,15,165,False,False,True,False,False,0,,cu01_local_temp_avg_c__rise,cu01_local_temp_avg_c__rise,0.0107421875,0.0107421875
injected,cu01_local_temp_avg_c__rise,1.5,60.0,28,16,164,False,False,True,False,False,0,,cu01_local_temp_avg_c__rise,cu01_local_temp_avg_c__rise,0.0107421875,0.0107421875
injected,cu01_local_temp_avg_c__rise,1.5,60.0,29,13,164,True,True,True,False,False,1,cu01_local_temp_avg_c__rise,cu01_local_temp_avg_c__rise,cu01_local_temp_avg_c__rise,0.00390625,0.00390625
injected,cu01_local_temp_avg_c__rise,1.5,60.0,30,16,162,False,False,True,False,False,0,,cu01_local_temp_avg_c__rise,cu01_local_temp_avg_c__rise,0.019287109375,0.019287109375
injected,cu01_local_temp_avg_c__rise,1.5,60.0,31,19,168,True,True,True,False,False,1,cu01_local_temp_avg_c__rise,cu01_local_temp_avg_c__rise,cu01_local_temp_avg_c__rise,0.001953125,0.001953125
injected,cu01_local_temp_avg_c__rise,1.5,60.0,32,16,163,False,False,True,False,False,0,,cu01_local_temp_avg_c__rise,cu01_local_temp_avg_c__rise,0.0107421875,0.0107421875
injected,cu01_local_temp_avg_c__rise,1.5,60.0,33,18,165,False,False,True,False,False,0,,cu01_local_temp_avg_c__rise,cu01_local_temp_avg_c__rise,0.0107421875,0.0107421875
injected,cu01_local_temp_avg_c__rise,1.5,60.0,34,16,168,True,True,True,False,False,1,cu01_local_temp_avg_c__rise,cu01_local_temp_avg_c__rise,cu01_local_temp_avg_c__rise,0.001953125,0.001953125
injected,cu01_local_temp_avg_c__rise,1.5,60.0,35,19,166,True,True,True,False,False,1,cu01_local_temp_avg_c__rise,cu01_local_temp_avg_c__rise,cu01_local_temp_avg_c__rise,0.00390625,0.00390625
injected,cu01_local_temp_avg_c__rise,1.5,60.0,36,16,165,True,True,True,False,False,1,cu01_local_temp_avg_c__rise,cu01_local_temp_avg_c__rise,cu01_local_temp_avg_c__rise,0.001953125,0.001953125
injected,cu01_local_temp_avg_c__rise,1.5,60.0,37,16,163,True,True,True,False,False,1,cu01_local_temp_avg_c__rise,cu01_local_temp_avg_c__rise,cu01_local_temp_avg_c__rise,0.00390625,0.00390625
injected,cu01_local_temp_avg_c__rise,1.5,60.0,38,17,168,True,True,True,False,False,1,cu01_local_temp_avg_c__rise,cu01_local_temp_avg_c__rise,cu01_local_temp_avg_c__rise,0.001953125,0.001953125
injected,cu01_local_temp_avg_c__rise,1.5,60.0,39,21,167,True,True,True,False,False,1,cu01_local_temp_avg_c__rise,cu01_local_temp_avg_c__rise,cu01_local_temp_avg_c__rise,0.001953125,0.001953125
injected,cu01_local_temp_avg_c__rise,1.5,60.0,40,20,168,True,True,True,False,False,1,cu01_local_temp_avg_c__rise,cu01_local_temp_avg_c__rise,cu01_local_temp_avg_c__rise,0.00390625,0.00390625
injected,cu01_local_temp_avg_c__rise,1.5,60.0,41,14,165,False,False,True,False,False,0,,cu01_local_temp_avg_c__rise,cu01_local_temp_avg_c__rise,0.0107421875,0.0107421875
injected,cu01_local_temp_avg_c__rise,1.5,60.0,42,15,165,True,True,True,False,False,1,cu01_local_temp_avg_c__rise,cu01_local_temp_avg_c__rise,cu01_local_temp_avg_c__rise,0.001953125,0.001953125
injected,cu01_local_temp_avg_c__rise,1.5,60.0,43,14,165,False,False,True,False,False,0,,cu01_local_temp_avg_c__rise,cu01_local_temp_avg_c__rise,0.019287109375,0.019287109375
injected,cu01_local_temp_avg_c__rise,1.5,60.0,44,19,166,True,True,True,False,False,1,cu01_local_temp_avg_c__rise,cu01_local_temp_avg_c__rise,cu01_local_temp_avg_c__rise,0.001953125,0.001953125
injected,cu01_local_temp_avg_c__rise,1.5,60.0,45,19,166,False,False,True,False,False,0,,cu01_local_temp_avg_c__rise,cu01_local_temp_avg_c__rise,0.0107421875,0.0107421875
injected,cu01_local_temp_avg_c__rise,1.5,60.0,46,19,166,True,True,True,False,False,1,cu01_local_temp_avg_c__rise,cu01_local_temp_avg_c__rise,cu01_local_temp_avg_c__rise,0.001953125,0.001953125
injected,cu01_local_temp_avg_c__rise,1.5,60.0,47,15,164,False,False,True,False,False,0,,cu01_local_temp_avg_c__rise,cu01_local_temp_avg_c__rise,0.019287109375,0.019287109375
injected,cu01_local_temp_avg_c__rise,1.5,60.0,48,16,166,False,False,False,True,False,0,,,cu01_local_temp_avg_c__rise;sj01_local_temp_avg_c__fall,0.019287109375,0.019287109375
injected,cu01_local_temp_avg_c__rise,1.5,60.0,49,14,165,False,False,True,False,False,0,,cu01_local_temp_avg_c__rise,cu01_local_temp_avg_c__rise,0.0107421875,0.0107421875
injected,cu01_local_temp_avg_c__rise,1.5,60.0,50,20,168,True,True,True,False,False,1,cu01_local_temp_avg_c__rise,cu01_local_temp_avg_c__rise,cu01_local_temp_avg_c__rise,0.001953125,0.001953125
injected,cu01_local_temp_avg_c__rise,1.5,60.0,51,16,166,True,True,True,False,False,1,cu01_local_temp_avg_c__rise,cu01_local_temp_avg_c__rise,cu01_local_temp_avg_c__rise,0.001953125,0.001953125
injected,cu01_local_temp_avg_c__rise,1.5,60.0,52,16,165,False,False,True,False,False,0,,cu01_local_temp_avg_c__rise,cu01_local_temp_avg_c__rise,0.005859375,0.005859375
injected,cu01_local_temp_avg_c__rise,1.5,60.0,53,17,167,False,False,True,False,False,0,,cu01_local_temp_avg_c__rise,cu01_local_temp_avg_c__rise,0.0107421875,0.0107421875
injected,cu01_local_temp_avg_c__rise,1.5,60.0,54,14,164,False,False,True,False,False,0,,cu01_local_temp_avg_c__rise,cu01_local_temp_avg_c__rise,0.019287109375,0.019287109375
injected,cu01_local_temp_avg_c__rise,1.5,60.0,55,14,163,False,False,True,False,False,0,,cu01_local_temp_avg_c__rise,cu01_local_temp_avg_c__rise,0.0107421875,0.0107421875
injected,cu01_local_temp_avg_c__rise,1.5,60.0,56,15,164,True,True,True,False,False,1,cu01_local_temp_avg_c__rise,cu01_local_temp_avg_c__rise,cu01_local_temp_avg_c__rise,0.001953125,0.001953125
injected,cu01_local_temp_avg_c__rise,1.5,60.0,57,15,164,False,False,True,False,False,0,,cu01_local_temp_avg_c__rise,cu01_local_temp_avg_c__rise,0.019287109375,0.019287109375
injected,cu01_local_temp_avg_c__rise,1.5,60.0,58,17,166,False,False,True,False,False,0,,cu01_local_temp_avg_c__rise,cu01_local_temp_avg_c__rise,0.0107421875,0.0107421875
injected,cu01_local_temp_avg_c__rise,1.5,60.0,59,15,167,False,False,True,False,False,0,,cu01_local_temp_avg_c__rise,cu01_local_temp_avg_c__rise,0.0107421875,0.0107421875
injected,cu01_local_temp_avg_c__rise,1.5,60.0,60,19,168,True,True,True,False,False,1,cu01_local_temp_avg_c__rise,cu01_local_temp_avg_c__rise,cu01_local_temp_avg_c__rise,0.001953125,0.001953125
injected,cu01_local_temp_avg_c__rise,1.5,60.0,61,14,163,False,False,True,False,False,0,,cu01_local_temp_avg_c__rise,cu01_local_temp_avg_c__rise,0.0107421875,0.0107421875
injected,cu01_local_temp_avg_c__rise,1.5,60.0,62,17,165,True,True,True,False,False,1,cu01_local_temp_avg_c__rise,cu01_local_temp_avg_c__rise,cu01_local_temp_avg_c__rise,0.00390625,0.00390625
injected,cu01_local_temp_avg_c__rise,1.5,60.0,63,17,165,True,True,True,False,False,1,cu01_local_temp_avg_c__rise,cu01_local_temp_avg_c__rise,cu01_local_temp_avg_c__rise,0.00390625,0.00390625
injected,cu01_local_temp_avg_c__rise,1.5,60.0,64,15,163,True,True,True,False,False,1,cu01_local_temp_avg_c__rise,cu01_local_temp_avg_c__rise,cu01_local_temp_avg_c__rise,0.00390625,0.00390625
injected,cu01_local_temp_avg_c__rise,1.5,60.0,65,16,164,False,False,True,False,False,0,,cu01_local_temp_avg_c__rise,cu01_local_temp_avg_c__rise,0.019287109375,0.019287109375
injected,cu01_local_temp_avg_c__rise,1.5,60.0,66,15,164,False,False,True,False,False,0,,cu01_local_temp_avg_c__rise,cu01_local_temp_avg_c__rise,0.005859375,0.005859375
injected,cu01_local_temp_avg_c__rise,1.5,60.0,67,15,162,False,False,True,False,False,0,,cu01_local_temp_avg_c__rise,cu01_local_temp_avg_c__rise,0.019287109375,0.019287109375
injected,cu01_local_temp_avg_c__rise,1.5,60.0,68,19,166,False,False,True,False,False,0,,cu01_local_temp_avg_c__rise,cu01_local_temp_avg_c__rise,0.0107421875,0.0107421875
injected,cu01_local_temp_avg_c__rise,1.5,60.0,69,15,166,True,True,True,False,False,1,cu01_local_temp_avg_c__rise,cu01_local_temp_avg_c__rise,cu01_local_temp_avg_c__rise,0.00390625,0.00390625
injected,cu01_local_temp_avg_c__rise,1.5,60.0,70,16,163,False,False,True,False,False,0,,cu01_local_temp_avg_c__rise,cu01_local_temp_avg_c__rise,0.019287109375,0.019287109375
injected,cu01_local_temp_avg_c__rise,1.5,60.0,71,17,164,True,True,True,False,False,1,cu01_local_temp_avg_c__rise,cu01_local_temp_avg_c__rise,cu01_local_temp_avg_c__rise,0.00390625,0.00390625
injected,cu01_local_temp_avg_c__rise,1.5,60.0,72,18,165,True,True,True,False,False,1,cu01_local_temp_avg_c__rise,cu01_local_temp_avg_c__rise,cu01_local_temp_avg_c__rise,0.00390625,0.00390625
injected,cu01_local_temp_avg_c__rise,1.5,60.0,73,16,163,False,False,True,False,False,0,,cu01_local_temp_avg_c__rise,cu01_local_temp_avg_c__rise,0.019287109375,0.019287109375
injected,cu01_local_temp_avg_c__rise,1.5,60.0,74,15,164,False,False,True,False,False,0,,cu01_local_temp_avg_c__rise,cu01_local_temp_avg_c__rise,0.0107421875,0.0107421875
injected,cu01_local_temp_avg_c__rise,1.5,60.0,75,21,167,False,False,True,False,False,0,,cu01_local_temp_avg_c__rise,cu01_local_temp_avg_c__rise,0.0107421875,0.0107421875
injected,cu01_local_temp_avg_c__rise,1.5,60.0,76,15,166,True,True,True,False,False,1,cu01_local_temp_avg_c__rise,cu01_local_temp_avg_c__rise,cu01_local_temp_avg_c__rise,0.001953125,0.001953125
injected,cu01_local_temp_avg_c__rise,1.5,60.0,77,14,166,True,True,True,False,False,1,cu01_local_temp_avg_c__rise,cu01_local_temp_avg_c__rise,cu01_local_temp_avg_c__rise,0.001953125,0.001953125
injected,cu01_local_temp_avg_c__rise,1.5,60.0,78,17,165,False,False,True,False,False,0,,cu01_local_temp_avg_c__rise,cu01_local_temp_avg_c__rise,0.0107421875,0.0107421875
injected,cu01_local_temp_avg_c__rise,1.5,60.0,79,14,165,False,False,True,False,False,0,,cu01_local_temp_avg_c__rise,cu01_local_temp_avg_c__rise,0.019287109375,0.019287109375
injected,cu01_local_temp_avg_c__rise,1.5,60.0,80,18,166,False,False,True,False,False,0,,cu01_local_temp_avg_c__rise,cu01_local_temp_avg_c__rise,0.019287109375,0.019287109375
injected,cu01_local_temp_avg_c__rise,1.5,60.0,81,16,166,True,True,True,False,False,1,cu01_local_temp_avg_c__rise,cu01_local_temp_avg_c__rise,cu01_local_temp_avg_c__rise,0.001953125,0.001953125
injected,cu01_local_temp_avg_c__rise,1.5,60.0,82,13,164,False,False,True,False,False,0,,cu01_local_temp_avg_c__rise,cu01_local_temp_avg_c__rise,0.0107421875,0.0107421875
injected,cu01_local_temp_avg_c__rise,1.5,60.0,83,16,163,True,True,True,False,False,1,cu01_local_temp_avg_c__rise,cu01_local_temp_avg_c__rise,cu01_local_temp_avg_c__rise,0.00390625,0.00390625
injected,cu01_local_temp_avg_c__rise,1.5,60.0,84,16,166,False,False,True,False,False,0,,cu01_local_temp_avg_c__rise,cu01_local_temp_avg_c__rise,0.005859375,0.005859375
injected,cu01_local_temp_avg_c__rise,1.5,60.0,85,14,166,True,True,True,False,False,1,cu01_local_temp_avg_c__rise,cu01_local_temp_avg_c__rise,cu01_local_temp_avg_c__rise,0.00390625,0.00390625
injected,cu01_local_temp_avg_c__rise,1.5,60.0,86,17,163,True,True,True,False,False,1,cu01_local_temp_avg_c__rise,cu01_local_temp_avg_c__rise,cu01_local_temp_avg_c__rise,0.00390625,0.00390625
injected,cu01_local_temp_avg_c__rise,1.5,60.0,87,18,165,False,False,True,False,False,0,,cu01_local_temp_avg_c__rise,cu01_local_temp_avg_c__rise,0.0107421875,0.0107421875
injected,cu01_local_temp_avg_c__rise,1.5,60.0,88,14,163,False,False,True,False,False,0,,cu01_local_temp_avg_c__rise,cu01_local_temp_avg_c__rise,0.019287109375,0.019287109375
injected,cu01_local_temp_avg_c__rise,1.5,60.0,89,14,162,False,False,False,True,False,0,,,cu01_local_temp_avg_c__rise;sj01_local_temp_avg_c__fall,0.019287109375,0.019287109375
injected,cu01_local_temp_avg_c__rise,1.5,60.0,90,15,163,True,True,True,False,False,1,cu01_local_temp_avg_c__rise,cu01_local_temp_avg_c__rise,cu01_local_temp_avg_c__rise,0.00390625,0.00390625
injected,cu01_local_temp_avg_c__rise,1.5,60.0,91,17,166,True,True,True,False,False,1,cu01_local_temp_avg_c__rise,cu01_local_temp_avg_c__rise,cu01_local_temp_avg_c__rise,0.001953125,0.001953125
injected,cu01_local_temp_avg_c__rise,1.5,60.0,92,11,166,True,True,True,False,False,1,cu01_local_temp_avg_c__rise,cu01_local_temp_avg_c__rise,cu01_local_temp_avg_c__rise,0.00390625,0.00390625
injected,cu01_local_temp_avg_c__rise,1.5,60.0,93,18,164,True,True,True,False,False,1,cu01_local_temp_avg_c__rise,cu01_local_temp_avg_c__rise,cu01_local_temp_avg_c__rise,0.001953125,0.001953125
injected,cu01_local_temp_avg_c__rise,1.5,60.0,94,18,165,False,False,True,False,False,0,,cu01_local_temp_avg_c__rise,cu01_local_temp_avg_c__rise,0.005859375,0.005859375
injected,cu01_local_temp_avg_c__rise,1.5,60.0,95,13,165,False,False,True,False,False,0,,cu01_local_temp_avg_c__rise,cu01_local_temp_avg_c__rise,0.0107421875,0.0107421875
injected,cu01_local_temp_avg_c__rise,1.5,60.0,96,13,161,False,False,True,False,False,0,,cu01_local_temp_avg_c__rise,cu01_local_temp_avg_c__rise,0.0107421875,0.0107421875
injected,cu01_local_temp_avg_c__rise,1.5,60.0,97,17,166,True,True,True,False,False,1,cu01_local_temp_avg_c__rise,cu01_local_temp_avg_c__rise,cu01_local_temp_avg_c__rise,0.001953125,0.001953125
injected,cu01_local_temp_avg_c__rise,1.5,60.0,98,16,164,False,False,True,False,False,0,,cu01_local_temp_avg_c__rise,cu01_local_temp_avg_c__rise,0.005859375,0.005859375
injected,cu01_local_temp_avg_c__rise,1.5,60.0,99,16,165,True,True,True,False,False,1,cu01_local_temp_avg_c__rise,cu01_local_temp_avg_c__rise,cu01_local_temp_avg_c__rise,0.001953125,0.001953125
injected,sj01_local_temp_avg_c__fall,0.5,15.0,0,24,166,True,True,True,False,False,1,sj01_local_temp_avg_c__fall,sj01_local_temp_avg_c__fall,sj01_local_temp_avg_c__fall,0.0001373291015625,0.0001373291015625
injected,sj01_local_temp_avg_c__fall,0.5,15.0,1,22,165,True,True,True,False,False,1,sj01_local_temp_avg_c__fall,sj01_local_temp_avg_c__fall,sj01_local_temp_avg_c__fall,0.00048828125,0.00048828125
injected,sj01_local_temp_avg_c__fall,0.5,15.0,2,18,165,True,True,True,False,False,1,sj01_local_temp_avg_c__fall,sj01_local_temp_avg_c__fall,sj01_local_temp_avg_c__fall,0.0011749267578125,0.0011749267578125
injected,sj01_local_temp_avg_c__fall,0.5,15.0,3,18,163,True,True,True,False,False,1,sj01_local_temp_avg_c__fall,sj01_local_temp_avg_c__fall,sj01_local_temp_avg_c__fall,0.00091552734375,0.00091552734375
injected,sj01_local_temp_avg_c__fall,0.5,15.0,4,18,163,True,True,True,False,False,1,sj01_local_temp_avg_c__fall,sj01_local_temp_avg_c__fall,sj01_local_temp_avg_c__fall,0.0020904541015625,0.0020904541015625
injected,sj01_local_temp_avg_c__fall,0.5,15.0,5,19,165,True,True,True,False,False,1,sj01_local_temp_avg_c__fall,sj01_local_temp_avg_c__fall,sj01_local_temp_avg_c__fall,0.0011749267578125,0.0011749267578125
injected,sj01_local_temp_avg_c__fall,0.5,15.0,6,16,163,True,True,True,False,False,1,sj01_local_temp_avg_c__fall,sj01_local_temp_avg_c__fall,sj01_local_temp_avg_c__fall,0.003692626953125,0.003692626953125
injected,sj01_local_temp_avg_c__fall,0.5,15.0,7,17,163,True,True,True,False,False,1,sj01_local_temp_avg_c__fall,sj01_local_temp_avg_c__fall,sj01_local_temp_avg_c__fall,0.003692626953125,0.003692626953125
injected,sj01_local_temp_avg_c__fall,0.5,15.0,8,17,165,True,True,True,False,False,1,sj01_local_temp_avg_c__fall,sj01_local_temp_avg_c__fall,sj01_local_temp_avg_c__fall,0.0011749267578125,0.0011749267578125
injected,sj01_local_temp_avg_c__fall,0.5,15.0,9,22,167,True,True,True,False,False,1,sj01_local_temp_avg_c__fall,sj01_local_temp_avg_c__fall,sj01_local_temp_avg_c__fall,0.0001373291015625,0.0001373291015625
injected,sj01_local_temp_avg_c__fall,0.5,15.0,10,19,166,True,True,True,False,False,1,sj01_local_temp_avg_c__fall,sj01_local_temp_avg_c__fall,sj01_local_temp_avg_c__fall,0.0002593994140625,0.0002593994140625
injected,sj01_local_temp_avg_c__fall,0.5,15.0,11,22,167,True,True,True,False,False,1,sj01_local_temp_avg_c__fall,sj01_local_temp_avg_c__fall,sj01_local_temp_avg_c__fall,7.2479248046875e-05,7.2479248046875e-05
injected,sj01_local_temp_avg_c__fall,0.5,15.0,12,19,163,False,False,True,False,False,0,,sj01_local_temp_avg_c__fall,sj01_local_temp_avg_c__fall,0.0063629150390625,0.0063629150390625
injected,sj01_local_temp_avg_c__fall,0.5,15.0,13,17,163,True,True,True,False,False,1,sj01_local_temp_avg_c__fall,sj01_local_temp_avg_c__fall,sj01_local_temp_avg_c__fall,0.0011749267578125,0.0011749267578125
injected,sj01_local_temp_avg_c__fall,0.5,15.0,14,19,164,True,True,True,False,False,1,sj01_local_temp_avg_c__fall,sj01_local_temp_avg_c__fall,sj01_local_temp_avg_c__fall,0.0006561279296875,0.0006561279296875
injected,sj01_local_temp_avg_c__fall,0.5,15.0,15,21,164,True,True,True,False,False,1,sj01_local_temp_avg_c__fall,sj01_local_temp_avg_c__fall,sj01_local_temp_avg_c__fall,0.0011749267578125,0.0011749267578125
injected,sj01_local_temp_avg_c__fall,0.5,15.0,16,16,163,True,True,True,False,False,1,sj01_local_temp_avg_c__fall,sj01_local_temp_avg_c__fall,sj01_local_temp_avg_c__fall,0.0020904541015625,0.0020904541015625
injected,sj01_local_temp_avg_c__fall,0.5,15.0,17,15,163,True,True,True,False,False,1,sj01_local_temp_avg_c__fall,sj01_local_temp_avg_c__fall,sj01_local_temp_avg_c__fall,0.003692626953125,0.003692626953125
injected,sj01_local_temp_avg_c__fall,0.5,15.0,18,17,163,True,True,True,False,False,1,sj01_local_temp_avg_c__fall,sj01_local_temp_avg_c__fall,sj01_local_temp_avg_c__fall,0.003692626953125,0.003692626953125
injected,sj01_local_temp_avg_c__fall,0.5,15.0,19,20,165,True,True,True,False,False,1,sj01_local_temp_avg_c__fall,sj01_local_temp_avg_c__fall,sj01_local_temp_avg_c__fall,0.00048828125,0.00048828125
injected,sj01_local_temp_avg_c__fall,0.5,15.0,20,15,164,True,True,True,False,False,1,sj01_local_temp_avg_c__fall,sj01_local_temp_avg_c__fall,sj01_local_temp_avg_c__fall,0.00048828125,0.00048828125
injected,sj01_local_temp_avg_c__fall,0.5,15.0,21,18,161,True,True,True,False,False,1,sj01_local_temp_avg_c__fall,sj01_local_temp_avg_c__fall,sj01_local_temp_avg_c__fall,0.003692626953125,0.003692626953125
injected,sj01_local_temp_avg_c__fall,0.5,15.0,22,22,164,True,True,True,False,False,1,sj01_local_temp_avg_c__fall,sj01_local_temp_avg_c__fall,sj01_local_temp_avg_c__fall,0.0011749267578125,0.0011749267578125
injected,sj01_local_temp_avg_c__fall,0.5,15.0,23,21,165,True,True,True,False,False,1,sj01_local_temp_avg_c__fall,sj01_local_temp_avg_c__fall,sj01_local_temp_avg_c__fall,0.0006561279296875,0.0006561279296875
injected,sj01_local_temp_avg_c__fall,0.5,15.0,24,23,166,True,True,True,False,False,1,sj01_local_temp_avg_c__fall,sj01_local_temp_avg_c__fall,sj01_local_temp_avg_c__fall,0.0001373291015625,0.0001373291015625
injected,sj01_local_temp_avg_c__fall,0.5,15.0,25,23,164,True,True,True,False,False,1,sj01_local_temp_avg_c__fall,sj01_local_temp_avg_c__fall,sj01_local_temp_avg_c__fall,0.00048828125,0.00048828125
injected,sj01_local_temp_avg_c__fall,0.5,15.0,26,14,164,True,True,True,False,False,1,sj01_local_temp_avg_c__fall,sj01_local_temp_avg_c__fall,sj01_local_temp_avg_c__fall,0.0022125244140625,0.0022125244140625
injected,sj01_local_temp_avg_c__fall,0.5,15.0,27,19,163,True,True,True,False,False,1,sj01_local_temp_avg_c__fall,sj01_local_temp_avg_c__fall,sj01_local_temp_avg_c__fall,0.0037689208984375,0.0037689208984375
injected,sj01_local_temp_avg_c__fall,0.5,15.0,28,20,165,True,True,True,False,False,1,sj01_local_temp_avg_c__fall,sj01_local_temp_avg_c__fall,sj01_local_temp_avg_c__fall,0.0006561279296875,0.0006561279296875
injected,sj01_local_temp_avg_c__fall,0.5,15.0,29,16,163,True,True,True,False,False,1,sj01_local_temp_avg_c__fall,sj01_local_temp_avg_c__fall,sj01_local_temp_avg_c__fall,0.0020904541015625,0.0020904541015625
injected,sj01_local_temp_avg_c__fall,0.5,15.0,30,18,165,True,True,True,False,False,1,sj01_local_temp_avg_c__fall,sj01_local_temp_avg_c__fall,sj01_local_temp_avg_c__fall,0.0006561279296875,0.0006561279296875
injected,sj01_local_temp_avg_c__fall,0.5,15.0,31,24,165,True,True,True,False,False,1,sj01_local_temp_avg_c__fall,sj01_local_temp_avg_c__fall,sj01_local_temp_avg_c__fall,0.0002593994140625,0.0002593994140625
injected,sj01_local_temp_avg_c__fall,0.5,15.0,32,20,167,True,True,True,False,False,1,sj01_local_temp_avg_c__fall,sj01_local_temp_avg_c__fall,sj01_local_temp_avg_c__fall,0.0006561279296875,0.0006561279296875
injected,sj01_local_temp_avg_c__fall,0.5,15.0,33,21,165,True,True,True,False,False,1,sj01_local_temp_avg_c__fall,sj01_local_temp_avg_c__fall,sj01_local_temp_avg_c__fall,0.0003643035888671875,0.0003643035888671875
injected,sj01_local_temp_avg_c__fall,0.5,15.0,34,19,164,True,True,True,False,False,1,sj01_local_temp_avg_c__fall,sj01_local_temp_avg_c__fall,sj01_local_temp_avg_c__fall,0.0011749267578125,0.0011749267578125
injected,sj01_local_temp_avg_c__fall,0.5,15.0,35,22,164,True,True,True,False,False,1,sj01_local_temp_avg_c__fall,sj01_local_temp_avg_c__fall,sj01_local_temp_avg_c__fall,0.00048828125,0.00048828125
injected,sj01_local_temp_avg_c__fall,0.5,15.0,36,19,165,True,True,True,False,False,1,sj01_local_temp_avg_c__fall,sj01_local_temp_avg_c__fall,sj01_local_temp_avg_c__fall,0.0011749267578125,0.0011749267578125
injected,sj01_local_temp_avg_c__fall,0.5,15.0,37,18,165,True,True,True,False,False,1,sj01_local_temp_avg_c__fall,sj01_local_temp_avg_c__fall,sj01_local_temp_avg_c__fall,0.00091552734375,0.00091552734375
injected,sj01_local_temp_avg_c__fall,0.5,15.0,38,22,165,True,True,True,False,False,1,sj01_local_temp_avg_c__fall,sj01_local_temp_avg_c__fall,sj01_local_temp_avg_c__fall,0.00048828125,0.00048828125
injected,sj01_local_temp_avg_c__fall,0.5,15.0,39,24,165,True,True,True,False,False,1,sj01_local_temp_avg_c__fall,sj01_local_temp_avg_c__fall,sj01_local_temp_avg_c__fall,0.0002593994140625,0.0002593994140625
injected,sj01_local_temp_avg_c__fall,0.5,15.0,40,23,165,True,True,True,False,False,1,sj01_local_temp_avg_c__fall,sj01_local_temp_avg_c__fall,sj01_local_temp_avg_c__fall,0.0002593994140625,0.0002593994140625
injected,sj01_local_temp_avg_c__fall,0.5,15.0,41,18,162,True,True,True,False,False,1,sj01_local_temp_avg_c__fall,sj01_local_temp_avg_c__fall,sj01_local_temp_avg_c__fall,0.00091552734375,0.00091552734375
injected,sj01_local_temp_avg_c__fall,0.5,15.0,42,20,164,True,True,True,False,False,1,sj01_local_temp_avg_c__fall,sj01_local_temp_avg_c__fall,sj01_local_temp_avg_c__fall,0.00048828125,0.00048828125
injected,sj01_local_temp_avg_c__fall,0.5,15.0,43,18,161,False,False,True,False,False,0,,sj01_local_temp_avg_c__fall,sj01_local_temp_avg_c__fall,0.0106353759765625,0.0106353759765625
injected,sj01_local_temp_avg_c__fall,0.5,15.0,44,23,165,True,True,True,False,False,1,sj01_local_temp_avg_c__fall,sj01_local_temp_avg_c__fall,sj01_local_temp_avg_c__fall,0.00048828125,0.00048828125
injected,sj01_local_temp_avg_c__fall,0.5,15.0,45,22,166,True,True,True,False,False,1,sj01_local_temp_avg_c__fall,sj01_local_temp_avg_c__fall,sj01_local_temp_avg_c__fall,0.0006561279296875,0.0006561279296875
injected,sj01_local_temp_avg_c__fall,0.5,15.0,46,23,164,True,True,True,False,False,1,sj01_local_temp_avg_c__fall,sj01_local_temp_avg_c__fall,sj01_local_temp_avg_c__fall,0.00048828125,0.00048828125
injected,sj01_local_temp_avg_c__fall,0.5,15.0,47,19,162,True,True,True,False,False,1,sj01_local_temp_avg_c__fall,sj01_local_temp_avg_c__fall,sj01_local_temp_avg_c__fall,0.0037689208984375,0.0037689208984375
injected,sj01_local_temp_avg_c__fall,0.5,15.0,48,20,165,True,True,True,False,False,1,sj01_local_temp_avg_c__fall,sj01_local_temp_avg_c__fall,sj01_local_temp_avg_c__fall,0.0011749267578125,0.0011749267578125
injected,sj01_local_temp_avg_c__fall,0.5,15.0,49,17,164,True,True,True,False,False,1,sj01_local_temp_avg_c__fall,sj01_local_temp_avg_c__fall,sj01_local_temp_avg_c__fall,0.0002593994140625,0.0002593994140625
injected,sj01_local_temp_avg_c__fall,0.5,15.0,50,22,168,True,True,True,False,False,1,sj01_local_temp_avg_c__fall,sj01_local_temp_avg_c__fall,sj01_local_temp_avg_c__fall,7.2479248046875e-05,7.2479248046875e-05
injected,sj01_local_temp_avg_c__fall,0.5,15.0,51,19,165,True,True,True,False,False,1,sj01_local_temp_avg_c__fall,sj01_local_temp_avg_c__fall,sj01_local_temp_avg_c__fall,0.0002593994140625,0.0002593994140625
injected,sj01_local_temp_avg_c__fall,0.5,15.0,52,19,167,True,True,True,False,False,1,sj01_local_temp_avg_c__fall,sj01_local_temp_avg_c__fall,sj01_local_temp_avg_c__fall,0.0001373291015625,0.0001373291015625
injected,sj01_local_temp_avg_c__fall,0.5,15.0,53,20,164,True,True,True,False,False,1,sj01_local_temp_avg_c__fall,sj01_local_temp_avg_c__fall,sj01_local_temp_avg_c__fall,0.0011749267578125,0.0011749267578125
injected,sj01_local_temp_avg_c__fall,0.5,15.0,54,16,162,False,False,True,False,False,0,,sj01_local_temp_avg_c__fall,sj01_local_temp_avg_c__fall,0.0064697265625,0.0064697265625
injected,sj01_local_temp_avg_c__fall,0.5,15.0,55,17,162,True,True,True,False,False,1,sj01_local_temp_avg_c__fall,sj01_local_temp_avg_c__fall,sj01_local_temp_avg_c__fall,0.003692626953125,0.003692626953125
injected,sj01_local_temp_avg_c__fall,0.5,15.0,56,16,164,True,True,True,False,False,1,sj01_local_temp_avg_c__fall,sj01_local_temp_avg_c__fall,sj01_local_temp_avg_c__fall,0.00048828125,0.00048828125
injected,sj01_local_temp_avg_c__fall,0.5,15.0,57,19,166,True,True,True,False,False,1,sj01_local_temp_avg_c__fall,sj01_local_temp_avg_c__fall,sj01_local_temp_avg_c__fall,0.0006561279296875,0.0006561279296875
injected,sj01_local_temp_avg_c__fall,0.5,15.0,58,20,166,True,True,True,False,False,1,sj01_local_temp_avg_c__fall,sj01_local_temp_avg_c__fall,sj01_local_temp_avg_c__fall,0.0022125244140625,0.0022125244140625
injected,sj01_local_temp_avg_c__fall,0.5,15.0,59,18,162,True,True,True,False,False,1,sj01_local_temp_avg_c__fall,sj01_local_temp_avg_c__fall,sj01_local_temp_avg_c__fall,0.00091552734375,0.00091552734375
injected,sj01_local_temp_avg_c__fall,0.5,15.0,60,24,164,True,True,True,False,False,1,sj01_local_temp_avg_c__fall,sj01_local_temp_avg_c__fall,sj01_local_temp_avg_c__fall,0.00048828125,0.00048828125
injected,sj01_local_temp_avg_c__fall,0.5,15.0,61,17,165,True,True,True,False,False,1,sj01_local_temp_avg_c__fall,sj01_local_temp_avg_c__fall,sj01_local_temp_avg_c__fall,0.0002593994140625,0.0002593994140625
injected,sj01_local_temp_avg_c__fall,0.5,15.0,62,21,163,True,True,True,False,False,1,sj01_local_temp_avg_c__fall,sj01_local_temp_avg_c__fall,sj01_local_temp_avg_c__fall,0.0020904541015625,0.0020904541015625
injected,sj01_local_temp_avg_c__fall,0.5,15.0,63,21,164,True,True,True,False,False,1,sj01_local_temp_avg_c__fall,sj01_local_temp_avg_c__fall,sj01_local_temp_avg_c__fall,0.00048828125,0.00048828125
injected,sj01_local_temp_avg_c__fall,0.5,15.0,64,20,164,True,True,True,False,False,1,sj01_local_temp_avg_c__fall,sj01_local_temp_avg_c__fall,sj01_local_temp_avg_c__fall,0.0011749267578125,0.0011749267578125
injected,sj01_local_temp_avg_c__fall,0.5,15.0,65,20,165,True,True,True,False,False,1,sj01_local_temp_avg_c__fall,sj01_local_temp_avg_c__fall,sj01_local_temp_avg_c__fall,0.0006561279296875,0.0006561279296875
injected,sj01_local_temp_avg_c__fall,0.5,15.0,66,19,164,True,True,True,False,False,1,sj01_local_temp_avg_c__fall,sj01_local_temp_avg_c__fall,sj01_local_temp_avg_c__fall,0.00091552734375,0.00091552734375
injected,sj01_local_temp_avg_c__fall,0.5,15.0,67,17,164,True,True,True,False,False,1,sj01_local_temp_avg_c__fall,sj01_local_temp_avg_c__fall,sj01_local_temp_avg_c__fall,0.0011749267578125,0.0011749267578125
injected,sj01_local_temp_avg_c__fall,0.5,15.0,68,22,164,True,True,True,False,False,1,sj01_local_temp_avg_c__fall,sj01_local_temp_avg_c__fall,sj01_local_temp_avg_c__fall,0.0011749267578125,0.0011749267578125
injected,sj01_local_temp_avg_c__fall,0.5,15.0,69,17,164,True,True,True,False,False,1,sj01_local_temp_avg_c__fall,sj01_local_temp_avg_c__fall,sj01_local_temp_avg_c__fall,0.00091552734375,0.00091552734375
injected,sj01_local_temp_avg_c__fall,0.5,15.0,70,19,166,True,True,True,False,False,1,sj01_local_temp_avg_c__fall,sj01_local_temp_avg_c__fall,sj01_local_temp_avg_c__fall,0.0006561279296875,0.0006561279296875
injected,sj01_local_temp_avg_c__fall,0.5,15.0,71,19,167,True,True,True,False,False,1,sj01_local_temp_avg_c__fall,sj01_local_temp_avg_c__fall,sj01_local_temp_avg_c__fall,0.0002593994140625,0.0002593994140625
injected,sj01_local_temp_avg_c__fall,0.5,15.0,72,22,165,True,True,True,False,False,1,sj01_local_temp_avg_c__fall,sj01_local_temp_avg_c__fall,sj01_local_temp_avg_c__fall,0.00048828125,0.00048828125
injected,sj01_local_temp_avg_c__fall,0.5,15.0,73,20,164,True,True,True,False,False,1,sj01_local_temp_avg_c__fall,sj01_local_temp_avg_c__fall,sj01_local_temp_avg_c__fall,0.0006561279296875,0.0006561279296875
injected,sj01_local_temp_avg_c__fall,0.5,15.0,74,17,164,True,True,True,False,False,1,sj01_local_temp_avg_c__fall,sj01_local_temp_avg_c__fall,sj01_local_temp_avg_c__fall,0.0037689208984375,0.0037689208984375
injected,sj01_local_temp_avg_c__fall,0.5,15.0,75,26,165,True,True,True,False,False,1,sj01_local_temp_avg_c__fall,sj01_local_temp_avg_c__fall,sj01_local_temp_avg_c__fall,0.0012884140014648438,0.0012884140014648438
injected,sj01_local_temp_avg_c__fall,0.5,15.0,76,16,162,True,True,True,False,False,1,sj01_local_temp_avg_c__fall,sj01_local_temp_avg_c__fall,sj01_local_temp_avg_c__fall,0.00091552734375,0.00091552734375
injected,sj01_local_temp_avg_c__fall,0.5,15.0,77,17,162,True,True,True,False,False,1,sj01_local_temp_avg_c__fall,sj01_local_temp_avg_c__fall,sj01_local_temp_avg_c__fall,0.001708984375,0.001708984375
injected,sj01_local_temp_avg_c__fall,0.5,15.0,78,20,163,True,True,True,False,False,1,sj01_local_temp_avg_c__fall,sj01_local_temp_avg_c__fall,sj01_local_temp_avg_c__fall,0.0011749267578125,0.0011749267578125
injected,sj01_local_temp_avg_c__fall,0.5,15.0,79,16,163,True,True,True,False,False,1,sj01_local_temp_avg_c__fall,sj01_local_temp_avg_c__fall,sj01_local_temp_avg_c__fall,0.0011749267578125,0.0011749267578125
injected,sj01_local_temp_avg_c__fall,0.5,15.0,80,21,163,True,True,True,False,False,1,sj01_local_temp_avg_c__fall,sj01_local_temp_avg_c__fall,sj01_local_temp_avg_c__fall,0.0020904541015625,0.0020904541015625
injected,sj01_local_temp_avg_c__fall,0.5,15.0,81,21,164,True,True,True,False,False,1,sj01_local_temp_avg_c__fall,sj01_local_temp_avg_c__fall,sj01_local_temp_avg_c__fall,0.0011749267578125,0.0011749267578125
injected,sj01_local_temp_avg_c__fall,0.5,15.0,82,18,162,True,True,True,False,False,1,sj01_local_temp_avg_c__fall,sj01_local_temp_avg_c__fall,sj01_local_temp_avg_c__fall,0.003692626953125,0.003692626953125
injected,sj01_local_temp_avg_c__fall,0.5,15.0,83,21,163,True,True,True,False,False,1,sj01_local_temp_avg_c__fall,sj01_local_temp_avg_c__fall,sj01_local_temp_avg_c__fall,0.00091552734375,0.00091552734375
injected,sj01_local_temp_avg_c__fall,0.5,15.0,84,21,166,True,True,True,False,False,1,sj01_local_temp_avg_c__fall,sj01_local_temp_avg_c__fall,sj01_local_temp_avg_c__fall,0.0002593994140625,0.0002593994140625
injected,sj01_local_temp_avg_c__fall,0.5,15.0,85,18,165,True,True,True,False,False,1,sj01_local_temp_avg_c__fall,sj01_local_temp_avg_c__fall,sj01_local_temp_avg_c__fall,0.0011749267578125,0.0011749267578125
injected,sj01_local_temp_avg_c__fall,0.5,15.0,86,22,165,True,True,True,False,False,1,sj01_local_temp_avg_c__fall,sj01_local_temp_avg_c__fall,sj01_local_temp_avg_c__fall,0.0002593994140625,0.0002593994140625
injected,sj01_local_temp_avg_c__fall,0.5,15.0,87,23,166,True,True,True,False,False,1,sj01_local_temp_avg_c__fall,sj01_local_temp_avg_c__fall,sj01_local_temp_avg_c__fall,0.0006561279296875,0.0006561279296875
injected,sj01_local_temp_avg_c__fall,0.5,15.0,88,18,162,False,False,True,False,False,0,,sj01_local_temp_avg_c__fall,sj01_local_temp_avg_c__fall,0.0063629150390625,0.0063629150390625
injected,sj01_local_temp_avg_c__fall,0.5,15.0,89,18,163,True,True,True,False,False,1,sj01_local_temp_avg_c__fall,sj01_local_temp_avg_c__fall,sj01_local_temp_avg_c__fall,0.0020904541015625,0.0020904541015625
injected,sj01_local_temp_avg_c__fall,0.5,15.0,90,19,163,True,True,True,False,False,1,sj01_local_temp_avg_c__fall,sj01_local_temp_avg_c__fall,sj01_local_temp_avg_c__fall,0.00091552734375,0.00091552734375
injected,sj01_local_temp_avg_c__fall,0.5,15.0,91,19,164,True,True,True,False,False,1,sj01_local_temp_avg_c__fall,sj01_local_temp_avg_c__fall,sj01_local_temp_avg_c__fall,0.00091552734375,0.00091552734375
injected,sj01_local_temp_avg_c__fall,0.5,15.0,92,14,160,False,False,True,False,False,0,,sj01_local_temp_avg_c__fall,sj01_local_temp_avg_c__fall,0.0064697265625,0.0064697265625
injected,sj01_local_temp_avg_c__fall,0.5,15.0,93,21,166,True,True,True,False,False,1,sj01_local_temp_avg_c__fall,sj01_local_temp_avg_c__fall,sj01_local_temp_avg_c__fall,0.0001373291015625,0.0001373291015625
injected,sj01_local_temp_avg_c__fall,0.5,15.0,94,23,165,True,True,True,False,False,1,sj01_local_temp_avg_c__fall,sj01_local_temp_avg_c__fall,sj01_local_temp_avg_c__fall,0.0002593994140625,0.0002593994140625
injected,sj01_local_temp_avg_c__fall,0.5,15.0,95,17,163,False,False,True,False,False,0,,sj01_local_temp_avg_c__fall,sj01_local_temp_avg_c__fall,0.0063629150390625,0.0063629150390625
injected,sj01_local_temp_avg_c__fall,0.5,15.0,96,16,162,True,True,True,False,False,1,sj01_local_temp_avg_c__fall,sj01_local_temp_avg_c__fall,sj01_local_temp_avg_c__fall,0.0020904541015625,0.0020904541015625
injected,sj01_local_temp_avg_c__fall,0.5,15.0,97,21,165,True,True,True,False,False,1,sj01_local_temp_avg_c__fall,sj01_local_temp_avg_c__fall,sj01_local_temp_avg_c__fall,0.00048828125,0.00048828125
injected,sj01_local_temp_avg_c__fall,0.5,15.0,98,20,166,True,True,True,False,False,1,sj01_local_temp_avg_c__fall,sj01_local_temp_avg_c__fall,sj01_local_temp_avg_c__fall,7.2479248046875e-05,7.2479248046875e-05
injected,sj01_local_temp_avg_c__fall,0.5,15.0,99,21,164,True,True,True,False,False,1,sj01_local_temp_avg_c__fall,sj01_local_temp_avg_c__fall,sj01_local_temp_avg_c__fall,0.00048828125,0.00048828125
injected,sj01_local_temp_avg_c__fall,0.5,30.0,0,24,169,True,True,True,False,False,1,sj01_local_temp_avg_c__fall,sj01_local_temp_avg_c__fall,sj01_local_temp_avg_c__fall,0.0002593994140625,0.0002593994140625
injected,sj01_local_temp_avg_c__fall,0.5,30.0,1,22,168,True,True,True,False,False,1,sj01_local_temp_avg_c__fall,sj01_local_temp_avg_c__fall,sj01_local_temp_avg_c__fall,0.00048828125,0.00048828125
injected,sj01_local_temp_avg_c__fall,0.5,30.0,2,18,169,True,True,True,False,False,1,sj01_local_temp_avg_c__fall,sj01_local_temp_avg_c__fall,sj01_local_temp_avg_c__fall,0.0011749267578125,0.0011749267578125
injected,sj01_local_temp_avg_c__fall,0.5,30.0,3,18,165,False,False,True,False,False,0,,sj01_local_temp_avg_c__fall,sj01_local_temp_avg_c__fall,0.005859375,0.005859375
injected,sj01_local_temp_avg_c__fall,0.5,30.0,4,18,166,True,True,True,False,False,1,sj01_local_temp_avg_c__fall,sj01_local_temp_avg_c__fall,sj01_local_temp_avg_c__fall,0.0020904541015625,0.0020904541015625
injected,sj01_local_temp_avg_c__fall,0.5,30.0,5,19,166,False,False,True,False,False,0,,sj01_local_temp_avg_c__fall,sj01_local_temp_avg_c__fall,0.01544189453125,0.01544189453125
injected,sj01_local_temp_avg_c__fall,0.5,30.0,6,16,164,False,False,False,False,False,0,,cu01_local_temp_avg_c__rise,cu01_local_temp_avg_c__rise,0.0245208740234375,0.019287109375
injected,sj01_local_temp_avg_c__fall,0.5,30.0,7,17,164,False,False,True,False,False,0,,sj01_local_temp_avg_c__fall,sj01_local_temp_avg_c__fall,0.01123046875,0.01123046875
injected,sj01_local_temp_avg_c__fall,0.5,30.0,8,17,166,True,True,True,False,False,1,sj01_local_temp_avg_c__fall,sj01_local_temp_avg_c__fall,sj01_local_temp_avg_c__fall,0.003692626953125,0.003692626953125
injected,sj01_local_temp_avg_c__fall,0.5,30.0,9,22,168,True,True,True,False,False,1,sj01_local_temp_avg_c__fall,sj01_local_temp_avg_c__fall,sj01_local_temp_avg_c__fall,0.0020904541015625,0.0020904541015625
injected,sj01_local_temp_avg_c__fall,0.5,30.0,10,19,167,True,True,True,False,False,1,sj01_local_temp_avg_c__fall,sj01_local_temp_avg_c__fall,sj01_local_temp_avg_c__fall,0.0020904541015625,0.0020904541015625
injected,sj01_local_temp_avg_c__fall,0.5,30.0,11,22,169,True,True,True,False,False,1,sj01_local_temp_avg_c__fall,sj01_local_temp_avg_c__fall,sj01_local_temp_avg_c__fall,0.00048828125,0.00048828125
injected,sj01_local_temp_avg_c__fall,0.5,30.0,12,19,165,False,False,False,False,False,0,,cu01_local_temp_avg_c__rise,cu01_local_temp_avg_c__rise,0.0317840576171875,0.019287109375
injected,sj01_local_temp_avg_c__fall,0.5,30.0,13,17,165,False,False,True,False,False,0,,sj01_local_temp_avg_c__fall,sj01_local_temp_avg_c__fall,0.01123046875,0.01123046875
injected,sj01_local_temp_avg_c__fall,0.5,30.0,14,19,165,False,False,True,False,False,0,,sj01_local_temp_avg_c__fall,sj01_local_temp_avg_c__fall,0.01123046875,0.01123046875
injected,sj01_local_temp_avg_c__fall,0.5,30.0,15,21,167,True,True,True,False,False,1,sj01_local_temp_avg_c__fall,sj01_local_temp_avg_c__fall,sj01_local_temp_avg_c__fall,0.0020904541015625,0.0020904541015625
injected,sj01_local_temp_avg_c__fall,0.5,30.0,16,16,162,False,False,True,False,False,0,,sj01_local_temp_avg_c__fall,sj01_local_temp_avg_c__fall,0.01123046875,0.01123046875
injected,sj01_local_temp_avg_c__fall,0.5,30.0,17,15,165,False,False,True,False,False,0,,sj01_local_temp_avg_c__fall,sj01_local_temp_avg_c__fall,0.0106353759765625,0.0106353759765625
injected,sj01_local_temp_avg_c__fall,0.5,30.0,18,17,165,False,False,True,False,False,0,,sj01_local_temp_avg_c__fall,sj01_local_temp_avg_c__fall,0.0106353759765625,0.0106353759765625
injected,sj01_local_temp_avg_c__fall,0.5,30.0,19,20,168,True,True,True,False,False,1,sj01_local_temp_avg_c__fall,sj01_local_temp_avg_c__fall,sj01_local_temp_avg_c__fall,0.0020904541015625,0.0020904541015625
injected,sj01_local_temp_avg_c__fall,0.5,30.0,20,15,166,True,True,True,False,False,1,sj01_local_temp_avg_c__fall,sj01_local_temp_avg_c__fall,sj01_local_temp_avg_c__fall,0.003173828125,0.003173828125
injected,sj01_local_temp_avg_c__fall,0.5,30.0,21,18,166,False,False,True,False,False,0,,sj01_local_temp_avg_c__fall,sj01_local_temp_avg_c__fall,0.00960540771484375,0.00960540771484375
injected,sj01_local_temp_avg_c__fall,0.5,30.0,22,22,168,True,True,True,False,False,1,sj01_local_temp_avg_c__fall,sj01_local_temp_avg_c__fall,sj01_local_temp_avg_c__fall,0.0037689208984375,0.0037689208984375
injected,sj01_local_temp_avg_c__fall,0.5,30.0,23,21,167,True,True,True,False,False,1,sj01_local_temp_avg_c__fall,sj01_local_temp_avg_c__fall,sj01_local_temp_avg_c__fall,0.0020904541015625,0.0020904541015625
injected,sj01_local_temp_avg_c__fall,0.5,30.0,24,23,170,True,True,True,False,False,1,sj01_local_temp_avg_c__fall,sj01_local_temp_avg_c__fall,sj01_local_temp_avg_c__fall,0.0002593994140625,0.0002593994140625
injected,sj01_local_temp_avg_c__fall,0.5,30.0,25,23,167,True,True,True,False,False,1,sj01_local_temp_avg_c__fall,sj01_local_temp_avg_c__fall,sj01_local_temp_avg_c__fall,0.003173828125,0.003173828125
injected,sj01_local_temp_avg_c__fall,0.5,30.0,26,14,164,False,False,False,False,False,0,,cu01_local_temp_avg_c__rise,cu01_local_temp_avg_c__rise,0.0317840576171875,0.019287109375
injected,sj01_local_temp_avg_c__fall,0.5,30.0,27,19,164,False,False,False,False,False,0,,cu01_local_temp_avg_c__rise,cu01_local_temp_avg_c__rise,0.03917694091796875,0.019287109375
injected,sj01_local_temp_avg_c__fall,0.5,30.0,28,20,166,False,False,True,False,False,0,,sj01_local_temp_avg_c__fall,sj01_local_temp_avg_c__fall,0.0063629150390625,0.0063629150390625
injected,sj01_local_temp_avg_c__fall,0.5,30.0,29,16,166,False,False,True,False,False,0,,sj01_local_temp_avg_c__fall,sj01_local_temp_avg_c__fall,0.0064697265625,0.0064697265625
injected,sj01_local_temp_avg_c__fall,0.5,30.0,30,18,166,True,True,True,False,False,1,sj01_local_temp_avg_c__fall,sj01_local_temp_avg_c__fall,sj01_local_temp_avg_c__fall,0.003692626953125,0.003692626953125
injected,sj01_local_temp_avg_c__fall,0.5,30.0,31,24,170,True,True,True,False,False,1,sj01_local_temp_avg_c__fall,sj01_local_temp_avg_c__fall,sj01_local_temp_avg_c__fall,0.0002593994140625,0.0002593994140625
injected,sj01_local_temp_avg_c__fall,0.5,30.0,32,20,167,True,True,True,False,False,1,sj01_local_temp_avg_c__fall,sj01_local_temp_avg_c__fall,sj01_local_temp_avg_c__fall,0.0020904541015625,0.0020904541015625
injected,sj01_local_temp_avg_c__fall,0.5,30.0,33,21,168,True,True,True,False,False,1,sj01_local_temp_avg_c__fall,sj01_local_temp_avg_c__fall,sj01_local_temp_avg_c__fall,0.0037689208984375,0.0037689208984375
injected,sj01_local_temp_avg_c__fall,0.5,30.0,34,19,168,True,True,True,False,False,1,sj01_local_temp_avg_c__fall,sj01_local_temp_avg_c__fall,sj01_local_temp_avg_c__fall,0.0020904541015625,0.0020904541015625
injected,sj01_local_temp_avg_c__fall,0.5,30.0,35,22,166,True,True,True,False,False,1,sj01_local_temp_avg_c__fall,sj01_local_temp_avg_c__fall,sj01_local_temp_avg_c__fall,0.001708984375,0.001708984375
injected,sj01_local_temp_avg_c__fall,0.5,30.0,36,19,165,False,False,True,False,False,0,,sj01_local_temp_avg_c__fall,sj01_local_temp_avg_c__fall,0.0063629150390625,0.0063629150390625
injected,sj01_local_temp_avg_c__fall,0.5,30.0,37,18,164,False,False,True,False,False,0,,sj01_local_temp_avg_c__fall,sj01_local_temp_avg_c__fall,0.0106353759765625,0.0106353759765625
injected,sj01_local_temp_avg_c__fall,0.5,30.0,38,22,166,False,False,True,False,False,0,,sj01_local_temp_avg_c__fall,sj01_local_temp_avg_c__fall,0.0106353759765625,0.0106353759765625
injected,sj01_local_temp_avg_c__fall,0.5,30.0,39,24,170,True,True,True,False,False,1,sj01_local_temp_avg_c__fall,sj01_local_temp_avg_c__fall,sj01_local_temp_avg_c__fall,0.0002593994140625,0.0002593994140625
injected,sj01_local_temp_avg_c__fall,0.5,30.0,40,23,167,True,True,True,False,False,1,sj01_local_temp_avg_c__fall,sj01_local_temp_avg_c__fall,sj01_local_temp_avg_c__fall,0.00091552734375,0.00091552734375
injected,sj01_local_temp_avg_c__fall,0.5,30.0,41,18,166,True,True,True,False,False,1,sj01_local_temp_avg_c__fall,sj01_local_temp_avg_c__fall,sj01_local_temp_avg_c__fall,0.003173828125,0.003173828125
injected,sj01_local_temp_avg_c__fall,0.5,30.0,42,20,166,True,True,True,False,False,1,sj01_local_temp_avg_c__fall,sj01_local_temp_avg_c__fall,sj01_local_temp_avg_c__fall,0.003173828125,0.003173828125
injected,sj01_local_temp_avg_c__fall,0.5,30.0,43,18,166,False,False,True,False,False,0,,sj01_local_temp_avg_c__fall,sj01_local_temp_avg_c__fall,0.0106353759765625,0.0106353759765625
injected,sj01_local_temp_avg_c__fall,0.5,30.0,44,23,167,True,True,True,False,False,1,sj01_local_temp_avg_c__fall,sj01_local_temp_avg_c__fall,sj01_local_temp_avg_c__fall,0.003173828125,0.003173828125
injected,sj01_local_temp_avg_c__fall,0.5,30.0,45,22,167,False,False,True,False,False,0,,sj01_local_temp_avg_c__fall,sj01_local_temp_avg_c__fall,0.0063629150390625,0.0063629150390625
injected,sj01_local_temp_avg_c__fall,0.5,30.0,46,23,169,True,True,True,False,False,1,sj01_local_temp_avg_c__fall,sj01_local_temp_avg_c__fall,sj01_local_temp_avg_c__fall,0.00048828125,0.00048828125
injected,sj01_local_temp_avg_c__fall,0.5,30.0,47,19,167,False,False,True,False,False,0,,sj01_local_temp_avg_c__fall,sj01_local_temp_avg_c__fall,0.0063629150390625,0.0063629150390625
injected,sj01_local_temp_avg_c__fall,0.5,30.0,48,20,165,False,False,True,False,False,0,,sj01_local_temp_avg_c__fall,sj01_local_temp_avg_c__fall,0.0106353759765625,0.0106353759765625
injected,sj01_local_temp_avg_c__fall,0.5,30.0,49,17,166,True,True,True,False,False,1,sj01_local_temp_avg_c__fall,sj01_local_temp_avg_c__fall,sj01_local_temp_avg_c__fall,0.0037689208984375,0.0037689208984375
injected,sj01_local_temp_avg_c__fall,0.5,30.0,50,22,168,True,True,True,False,False,1,sj01_local_temp_avg_c__fall,sj01_local_temp_avg_c__fall,sj01_local_temp_avg_c__fall,0.0020904541015625,0.0020904541015625
injected,sj01_local_temp_avg_c__fall,0.5,30.0,51,19,167,False,False,True,False,False,0,,sj01_local_temp_avg_c__fall,sj01_local_temp_avg_c__fall,0.005859375,0.005859375
injected,sj01_local_temp_avg_c__fall,0.5,30.0,52,19,168,True,True,True,False,False,1,sj01_local_temp_avg_c__fall,sj01_local_temp_avg_c__fall,sj01_local_temp_avg_c__fall,0.0011749267578125,0.0011749267578125
injected,sj01_local_temp_avg_c__fall,0.5,30.0,53,20,166,False,False,True,False,False,0,,sj01_local_temp_avg_c__fall,sj01_local_temp_avg_c__fall,0.0063629150390625,0.0063629150390625
injected,sj01_local_temp_avg_c__fall,0.5,30.0,54,16,163,False,False,False,True,False,0,,,cu01_local_temp_avg_c__rise;sj01_local_temp_avg_c__fall,0.019287109375,0.019287109375
injected,sj01_local_temp_avg_c__fall,0.5,30.0,55,17,164,False,False,True,False,False,0,,sj01_local_temp_avg_c__fall,sj01_local_temp_avg_c__fall,0.01123046875,0.01123046875
injected,sj01_local_temp_avg_c__fall,0.5,30.0,56,16,166,True,True,True,False,False,1,sj01_local_temp_avg_c__fall,sj01_local_temp_avg_c__fall,sj01_local_temp_avg_c__fall,0.003173828125,0.003173828125
injected,sj01_local_temp_avg_c__fall,0.5,30.0,57,19,166,False,False,True,False,False,0,,sj01_local_temp_avg_c__fall,sj01_local_temp_avg_c__fall,0.01123046875,0.01123046875
injected,sj01_local_temp_avg_c__fall,0.5,30.0,58,20,167,False,False,True,False,False,0,,sj01_local_temp_avg_c__fall,sj01_local_temp_avg_c__fall,0.0063629150390625,0.0063629150390625
injected,sj01_local_temp_avg_c__fall,0.5,30.0,59,18,165,True,True,True,False,False,1,sj01_local_temp_avg_c__fall,sj01_local_temp_avg_c__fall,sj01_local_temp_avg_c__fall,0.003173828125,0.003173828125
injected,sj01_local_temp_avg_c__fall,0.5,30.0,60,24,167,False,False,True,False,False,0,,sj01_local_temp_avg_c__fall,sj01_local_temp_avg_c__fall,0.005859375,0.005859375
injected,sj01_local_temp_avg_c__fall,0.5,30.0,61,17,167,True,True,True,False,False,1,sj01_local_temp_avg_c__fall,sj01_local_temp_avg_c__fall,sj01_local_temp_avg_c__fall,0.003173828125,0.003173828125
injected,sj01_local_temp_avg_c__fall,0.5,30.0,62,21,168,True,True,True,False,False,1,sj01_local_temp_avg_c__fall,sj01_local_temp_avg_c__fall,sj01_local_temp_avg_c__fall,0.0020904541015625,0.0020904541015625
injected,sj01_local_temp_avg_c__fall,0.5,30.0,63,21,165,False,False,True,False,False,0,,sj01_local_temp_avg_c__fall,sj01_local_temp_avg_c__fall,0.005859375,0.005859375
injected,sj01_local_temp_avg_c__fall,0.5,30.0,64,20,165,False,False,True,False,False,0,,sj01_local_temp_avg_c__fall,sj01_local_temp_avg_c__fall,0.0106353759765625,0.0106353759765625
injected,sj01_local_temp_avg_c__fall,0.5,30.0,65,20,164,False,False,True,False,False,0,,sj01_local_temp_avg_c__fall,sj01_local_temp_avg_c__fall,0.01123046875,0.01123046875
injected,sj01_local_temp_avg_c__fall,0.5,30.0,66,19,167,True,True,True,False,False,1,sj01_local_temp_avg_c__fall,sj01_local_temp_avg_c__fall,sj01_local_temp_avg_c__fall,0.003173828125,0.003173828125
injected,sj01_local_temp_avg_c__fall,0.5,30.0,67,17,166,False,False,True,False,False,0,,sj01_local_temp_avg_c__fall,sj01_local_temp_avg_c__fall,0.01544189453125,0.01544189453125
injected,sj01_local_temp_avg_c__fall,0.5,30.0,68,22,168,True,True,True,False,False,1,sj01_local_temp_avg_c__fall,sj01_local_temp_avg_c__fall,sj01_local_temp_avg_c__fall,0.0020904541015625,0.0020904541015625
injected,sj01_local_temp_avg_c__fall,0.5,30.0,69,17,165,False,False,True,False,False,0,,sj01_local_temp_avg_c__fall,sj01_local_temp_avg_c__fall,0.005859375,0.005859375
injected,sj01_local_temp_avg_c__fall,0.5,30.0,70,19,164,False,False,True,False,False,0,,sj01_local_temp_avg_c__fall,sj01_local_temp_avg_c__fall,0.01123046875,0.01123046875
injected,sj01_local_temp_avg_c__fall,0.5,30.0,71,19,168,True,True,True,False,False,1,sj01_local_temp_avg_c__fall,sj01_local_temp_avg_c__fall,sj01_local_temp_avg_c__fall,0.0020904541015625,0.0020904541015625
injected,sj01_local_temp_avg_c__fall,0.5,30.0,72,22,165,True,True,True,False,False,1,sj01_local_temp_avg_c__fall,sj01_local_temp_avg_c__fall,sj01_local_temp_avg_c__fall,0.003173828125,0.003173828125
injected,sj01_local_temp_avg_c__fall,0.5,30.0,73,20,166,False,False,True,False,False,0,,sj01_local_temp_avg_c__fall,sj01_local_temp_avg_c__fall,0.0063629150390625,0.0063629150390625
injected,sj01_local_temp_avg_c__fall,0.5,30.0,74,17,164,False,False,True,False,False,0,,sj01_local_temp_avg_c__fall,sj01_local_temp_avg_c__fall,0.01544189453125,0.01544189453125
injected,sj01_local_temp_avg_c__fall,0.5,30.0,75,26,168,True,True,True,False,False,1,sj01_local_temp_avg_c__fall,sj01_local_temp_avg_c__fall,sj01_local_temp_avg_c__fall,0.0037689208984375,0.0037689208984375
injected,sj01_local_temp_avg_c__fall,0.5,30.0,76,16,164,False,False,True,False,False,0,,sj01_local_temp_avg_c__fall,sj01_local_temp_avg_c__fall,0.005859375,0.005859375
injected,sj01_local_temp_avg_c__fall,0.5,30.0,77,17,165,True,True,True,False,False,1,sj01_local_temp_avg_c__fall,sj01_local_temp_avg_c__fall,sj01_local_temp_avg_c__fall,0.003173828125,0.003173828125
injected,sj01_local_temp_avg_c__fall,0.5,30.0,78,20,166,False,False,True,False,False,0,,sj01_local_temp_avg_c__fall,sj01_local_temp_avg_c__fall,0.0063629150390625,0.0063629150390625
injected,sj01_local_temp_avg_c__fall,0.5,30.0,79,16,166,False,False,True,False,False,0,,sj01_local_temp_avg_c__fall,sj01_local_temp_avg_c__fall,0.0106353759765625,0.0106353759765625
injected,sj01_local_temp_avg_c__fall,0.5,30.0,80,21,165,False,False,True,False,False,0,,sj01_local_temp_avg_c__fall,sj01_local_temp_avg_c__fall,0.0064697265625,0.0064697265625
injected,sj01_local_temp_avg_c__fall,0.5,30.0,81,21,166,False,False,True,False,False,0,,sj01_local_temp_avg_c__fall,sj01_local_temp_avg_c__fall,0.00960540771484375,0.00960540771484375
injected,sj01_local_temp_avg_c__fall,0.5,30.0,82,18,165,False,False,True,False,False,0,,sj01_local_temp_avg_c__fall,sj01_local_temp_avg_c__fall,0.01123046875,0.01123046875
injected,sj01_local_temp_avg_c__fall,0.5,30.0,83,21,165,False,False,True,False,False,0,,sj01_local_temp_avg_c__fall,sj01_local_temp_avg_c__fall,0.005859375,0.005859375
injected,sj01_local_temp_avg_c__fall,0.5,30.0,84,21,167,True,True,True,False,False,1,sj01_local_temp_avg_c__fall,sj01_local_temp_avg_c__fall,sj01_local_temp_avg_c__fall,0.0020904541015625,0.0020904541015625
injected,sj01_local_temp_avg_c__fall,0.5,30.0,85,18,165,False,False,True,False,False,0,,sj01_local_temp_avg_c__fall,sj01_local_temp_avg_c__fall,0.0106353759765625,0.0106353759765625
injected,sj01_local_temp_avg_c__fall,0.5,30.0,86,22,167,True,True,True,False,False,1,sj01_local_temp_avg_c__fall,sj01_local_temp_avg_c__fall,sj01_local_temp_avg_c__fall,0.003692626953125,0.003692626953125
injected,sj01_local_temp_avg_c__fall,0.5,30.0,87,23,167,False,False,True,False,False,0,,sj01_local_temp_avg_c__fall,sj01_local_temp_avg_c__fall,0.00960540771484375,0.00960540771484375
injected,sj01_local_temp_avg_c__fall,0.5,30.0,88,18,165,False,False,False,False,False,0,,cu01_local_temp_avg_c__rise,cu01_local_temp_avg_c__rise,0.0245208740234375,0.019287109375
injected,sj01_local_temp_avg_c__fall,0.5,30.0,89,18,164,False,False,True,False,False,0,,sj01_local_temp_avg_c__fall,sj01_local_temp_avg_c__fall,0.0106353759765625,0.0106353759765625
injected,sj01_local_temp_avg_c__fall,0.5,30.0,90,19,167,True,True,True,False,False,1,sj01_local_temp_avg_c__fall,sj01_local_temp_avg_c__fall,sj01_local_temp_avg_c__fall,0.001708984375,0.001708984375
injected,sj01_local_temp_avg_c__fall,0.5,30.0,91,19,166,False,False,True,False,False,0,,sj01_local_temp_avg_c__fall,sj01_local_temp_avg_c__fall,0.005859375,0.005859375
injected,sj01_local_temp_avg_c__fall,0.5,30.0,92,14,164,False,False,True,False,False,0,,sj01_local_temp_avg_c__fall,sj01_local_temp_avg_c__fall,0.01123046875,0.01123046875
injected,sj01_local_temp_avg_c__fall,0.5,30.0,93,21,167,True,True,True,False,False,1,sj01_local_temp_avg_c__fall,sj01_local_temp_avg_c__fall,sj01_local_temp_avg_c__fall,0.0011749267578125,0.0011749267578125
injected,sj01_local_temp_avg_c__fall,0.5,30.0,94,23,169,True,True,True,False,False,1,sj01_local_temp_avg_c__fall,sj01_local_temp_avg_c__fall,sj01_local_temp_avg_c__fall,0.00048828125,0.00048828125
injected,sj01_local_temp_avg_c__fall,0.5,30.0,95,17,165,False,False,False,False,False,0,,cu01_local_temp_avg_c__rise,cu01_local_temp_avg_c__rise,0.020694732666015625,0.019287109375
injected,sj01_local_temp_avg_c__fall,0.5,30.0,96,16,164,False,False,True,False,False,0,,sj01_local_temp_avg_c__fall,sj01_local_temp_avg_c__fall,0.0106353759765625,0.0106353759765625
injected,sj01_local_temp_avg_c__fall,0.5,30.0,97,21,168,True,True,True,False,False,1,sj01_local_temp_avg_c__fall,sj01_local_temp_avg_c__fall,sj01_local_temp_avg_c__fall,0.0020904541015625,0.0020904541015625
injected,sj01_local_temp_avg_c__fall,0.5,30.0,98,20,168,True,True,True,False,False,1,sj01_local_temp_avg_c__fall,sj01_local_temp_avg_c__fall,sj01_local_temp_avg_c__fall,0.0020904541015625,0.0020904541015625
injected,sj01_local_temp_avg_c__fall,0.5,30.0,99,21,165,True,True,True,False,False,1,sj01_local_temp_avg_c__fall,sj01_local_temp_avg_c__fall,sj01_local_temp_avg_c__fall,0.003173828125,0.003173828125
injected,sj01_local_temp_avg_c__fall,0.5,60.0,0,24,165,False,False,False,False,False,0,,cu01_local_temp_avg_c__rise,cu01_local_temp_avg_c__rise,0.03125,0.019287109375
injected,sj01_local_temp_avg_c__fall,0.5,60.0,1,22,165,False,False,False,False,False,0,,cu01_local_temp_avg_c__rise,cu01_local_temp_avg_c__rise,0.03125,0.019287109375
injected,sj01_local_temp_avg_c__fall,0.5,60.0,2,18,164,False,False,False,False,False,0,,cu01_local_temp_avg_c__rise,cu01_local_temp_avg_c__rise,0.03125,0.019287109375
injected,sj01_local_temp_avg_c__fall,0.5,60.0,3,18,164,False,False,False,False,False,0,,cu01_local_temp_avg_c__rise,cu01_local_temp_avg_c__rise,0.072998046875,0.019287109375
injected,sj01_local_temp_avg_c__fall,0.5,60.0,4,18,165,False,False,False,False,False,0,,cu01_local_temp_avg_c__rise,cu01_local_temp_avg_c__rise,0.03125,0.019287109375
injected,sj01_local_temp_avg_c__fall,0.5,60.0,5,19,161,False,False,False,False,False,0,,cu01_local_temp_avg_c__rise,cu01_local_temp_avg_c__rise,0.0717315673828125,0.019287109375
injected,sj01_local_temp_avg_c__fall,0.5,60.0,6,16,162,False,False,False,False,False,0,,cu01_local_temp_avg_c__rise,cu01_local_temp_avg_c__rise,0.0717315673828125,0.019287109375
injected,sj01_local_temp_avg_c__fall,0.5,60.0,7,17,163,False,False,False,False,False,0,,cu01_local_temp_avg_c__rise,cu01_local_temp_avg_c__rise,0.072998046875,0.019287109375
injected,sj01_local_temp_avg_c__fall,0.5,60.0,8,17,162,False,False,False,False,False,0,,cu01_local_temp_avg_c__rise,cu01_local_temp_avg_c__rise,0.03125,0.019287109375
injected,sj01_local_temp_avg_c__fall,0.5,60.0,9,22,163,False,False,False,False,False,0,,cu01_local_temp_avg_c__rise,cu01_local_temp_avg_c__rise,0.05923461914062499,0.019287109375
injected,sj01_local_temp_avg_c__fall,0.5,60.0,10,19,164,False,False,False,False,False,0,,cu01_local_temp_avg_c__rise,cu01_local_temp_avg_c__rise,0.0625,0.019287109375
injected,sj01_local_temp_avg_c__fall,0.5,60.0,11,22,162,False,False,False,False,False,0,,cu01_local_temp_avg_c__rise,cu01_local_temp_avg_c__rise,0.05923461914062499,0.019287109375
injected,sj01_local_temp_avg_c__fall,0.5,60.0,12,19,160,False,False,False,False,False,0,,cu01_local_temp_avg_c__rise,cu01_local_temp_avg_c__rise,0.072998046875,0.019287109375
injected,sj01_local_temp_avg_c__fall,0.5,60.0,13,17,161,False,False,False,False,False,0,,cu01_local_temp_avg_c__rise,cu01_local_temp_avg_c__rise,0.0717315673828125,0.019287109375
injected,sj01_local_temp_avg_c__fall,0.5,60.0,14,19,164,False,False,False,False,False,0,,cu01_local_temp_avg_c__rise,cu01_local_temp_avg_c__rise,0.0717315673828125,0.019287109375
injected,sj01_local_temp_avg_c__fall,0.5,60.0,15,21,164,False,False,False,False,False,0,,cu01_local_temp_avg_c__rise,cu01_local_temp_avg_c__rise,0.03125,0.019287109375
injected,sj01_local_temp_avg_c__fall,0.5,60.0,16,16,162,False,False,False,False,False,0,,cu01_local_temp_avg_c__rise,cu01_local_temp_avg_c__rise,0.072998046875,0.019287109375
injected,sj01_local_temp_avg_c__fall,0.5,60.0,17,15,161,False,False,False,False,False,0,,cu01_local_temp_avg_c__rise,cu01_local_temp_avg_c__rise,0.072998046875,0.019287109375
injected,sj01_local_temp_avg_c__fall,0.5,60.0,18,17,162,False,False,False,False,False,0,,cu01_local_temp_avg_c__rise,cu01_local_temp_avg_c__rise,0.0625,0.019287109375
injected,sj01_local_temp_avg_c__fall,0.5,60.0,19,20,164,False,False,False,False,False,0,,cu01_local_temp_avg_c__rise,cu01_local_temp_avg_c__rise,0.0717315673828125,0.019287109375
injected,sj01_local_temp_avg_c__fall,0.5,60.0,20,15,161,False,False,False,False,False,0,,cu01_local_temp_avg_c__rise,cu01_local_temp_avg_c__rise,0.072998046875,0.019287109375
injected,sj01_local_temp_avg_c__fall,0.5,60.0,21,18,164,False,False,False,False,False,0,,cu01_local_temp_avg_c__rise,cu01_local_temp_avg_c__rise,0.072998046875,0.019287109375
injected,sj01_local_temp_avg_c__fall,0.5,60.0,22,22,164,False,False,False,False,False,0,,cu01_local_temp_avg_c__rise,cu01_local_temp_avg_c__rise,0.0384063720703125,0.019287109375
injected,sj01_local_temp_avg_c__fall,0.5,60.0,23,21,164,False,False,False,False,False,0,,cu01_local_temp_avg_c__rise,cu01_local_temp_avg_c__rise,0.03125,0.019287109375
injected,sj01_local_temp_avg_c__fall,0.5,60.0,24,23,165,False,False,False,False,False,0,,cu01_local_temp_avg_c__rise,cu01_local_temp_avg_c__rise,0.03125,0.019287109375
injected,sj01_local_temp_avg_c__fall,0.5,60.0,25,23,163,False,False,False,False,False,0,,cu01_local_temp_avg_c__rise,cu01_local_temp_avg_c__rise,0.072998046875,0.019287109375
injected,sj01_local_temp_avg_c__fall,0.5,60.0,26,14,160,False,False,False,False,False,0,,cu01_local_temp_avg_c__rise,cu01_local_temp_avg_c__rise,0.0717315673828125,0.019287109375
injected,sj01_local_temp_avg_c__fall,0.5,60.0,27,19,163,False,False,False,False,False,0,,cu01_local_temp_avg_c__rise,cu01_local_temp_avg_c__rise,0.072998046875,0.019287109375
injected,sj01_local_temp_avg_c__fall,0.5,60.0,28,20,163,False,False,False,False,False,0,,cu01_local_temp_avg_c__rise,cu01_local_temp_avg_c__rise,0.03125,0.019287109375
injected,sj01_local_temp_avg_c__fall,0.5,60.0,29,16,162,False,False,False,False,False,0,,cu01_local_temp_avg_c__rise,cu01_local_temp_avg_c__rise,0.05923461914062499,0.019287109375
injected,sj01_local_temp_avg_c__fall,0.5,60.0,30,18,163,False,False,False,False,False,0,,cu01_local_temp_avg_c__rise,cu01_local_temp_avg_c__rise,0.05923461914062499,0.019287109375
injected,sj01_local_temp_avg_c__fall,0.5,60.0,31,24,165,False,False,False,False,False,0,,cu01_local_temp_avg_c__rise,cu01_local_temp_avg_c__rise,0.03125,0.019287109375
injected,sj01_local_temp_avg_c__fall,0.5,60.0,32,20,163,False,False,False,False,False,0,,cu01_local_temp_avg_c__rise,cu01_local_temp_avg_c__rise,0.03125,0.019287109375
injected,sj01_local_temp_avg_c__fall,0.5,60.0,33,21,162,False,False,False,False,False,0,,cu01_local_temp_avg_c__rise,cu01_local_temp_avg_c__rise,0.0384063720703125,0.019287109375
injected,sj01_local_temp_avg_c__fall,0.5,60.0,34,19,162,False,False,False,False,False,0,,cu01_local_temp_avg_c__rise,cu01_local_temp_avg_c__rise,0.03125,0.019287109375
injected,sj01_local_temp_avg_c__fall,0.5,60.0,35,22,163,False,False,False,False,False,0,,cu01_local_temp_avg_c__rise,cu01_local_temp_avg_c__rise,0.0625,0.019287109375
injected,sj01_local_temp_avg_c__fall,0.5,60.0,36,19,164,False,False,False,False,False,0,,cu01_local_temp_avg_c__rise,cu01_local_temp_avg_c__rise,0.0717315673828125,0.019287109375
injected,sj01_local_temp_avg_c__fall,0.5,60.0,37,18,162,False,False,False,False,False,0,,cu01_local_temp_avg_c__rise,cu01_local_temp_avg_c__rise,0.05923461914062499,0.019287109375
injected,sj01_local_temp_avg_c__fall,0.5,60.0,38,22,164,False,False,False,False,False,0,,cu01_local_temp_avg_c__rise,cu01_local_temp_avg_c__rise,0.03125,0.019287109375
injected,sj01_local_temp_avg_c__fall,0.5,60.0,39,24,164,False,False,False,False,False,0,,cu01_local_temp_avg_c__rise,cu01_local_temp_avg_c__rise,0.03125,0.019287109375
injected,sj01_local_temp_avg_c__fall,0.5,60.0,40,23,164,False,False,False,False,False,0,,cu01_local_temp_avg_c__rise,cu01_local_temp_avg_c__rise,0.05923461914062499,0.019287109375
injected,sj01_local_temp_avg_c__fall,0.5,60.0,41,18,162,False,False,False,False,False,0,,cu01_local_temp_avg_c__rise,cu01_local_temp_avg_c__rise,0.072998046875,0.019287109375
injected,sj01_local_temp_avg_c__fall,0.5,60.0,42,20,162,False,False,False,False,False,0,,cu01_local_temp_avg_c__rise,cu01_local_temp_avg_c__rise,0.0717315673828125,0.019287109375
injected,sj01_local_temp_avg_c__fall,0.5,60.0,43,18,163,False,False,False,False,False,0,,cu01_local_temp_avg_c__rise,cu01_local_temp_avg_c__rise,0.03125,0.019287109375
injected,sj01_local_temp_avg_c__fall,0.5,60.0,44,23,163,False,False,False,False,False,0,,cu01_local_temp_avg_c__rise,cu01_local_temp_avg_c__rise,0.0717315673828125,0.019287109375
injected,sj01_local_temp_avg_c__fall,0.5,60.0,45,22,163,False,False,False,False,False,0,,cu01_local_temp_avg_c__rise,cu01_local_temp_avg_c__rise,0.03125,0.019287109375
injected,sj01_local_temp_avg_c__fall,0.5,60.0,46,23,165,False,False,False,False,False,0,,cu01_local_temp_avg_c__rise,cu01_local_temp_avg_c__rise,0.03125,0.019287109375
injected,sj01_local_temp_avg_c__fall,0.5,60.0,47,19,164,False,False,False,False,False,0,,cu01_local_temp_avg_c__rise,cu01_local_temp_avg_c__rise,0.03125,0.019287109375
injected,sj01_local_temp_avg_c__fall,0.5,60.0,48,20,162,False,False,False,False,False,0,,cu01_local_temp_avg_c__rise,cu01_local_temp_avg_c__rise,0.05923461914062499,0.019287109375
injected,sj01_local_temp_avg_c__fall,0.5,60.0,49,17,163,False,False,False,False,False,0,,cu01_local_temp_avg_c__rise,cu01_local_temp_avg_c__rise,0.072998046875,0.019287109375
injected,sj01_local_temp_avg_c__fall,0.5,60.0,50,22,163,False,False,False,False,False,0,,cu01_local_temp_avg_c__rise,cu01_local_temp_avg_c__rise,0.03125,0.019287109375
injected,sj01_local_temp_avg_c__fall,0.5,60.0,51,19,163,False,False,False,False,False,0,,cu01_local_temp_avg_c__rise,cu01_local_temp_avg_c__rise,0.03125,0.019287109375
injected,sj01_local_temp_avg_c__fall,0.5,60.0,52,19,163,False,False,False,False,False,0,,cu01_local_temp_avg_c__rise,cu01_local_temp_avg_c__rise,0.03125,0.019287109375
injected,sj01_local_temp_avg_c__fall,0.5,60.0,53,20,164,False,False,False,False,False,0,,cu01_local_temp_avg_c__rise,cu01_local_temp_avg_c__rise,0.03125,0.019287109375
injected,sj01_local_temp_avg_c__fall,0.5,60.0,54,16,164,False,False,False,False,False,0,,cu01_local_temp_avg_c__rise,cu01_local_temp_avg_c__rise,0.0625,0.019287109375
injected,sj01_local_temp_avg_c__fall,0.5,60.0,55,17,162,False,False,False,False,False,0,,cu01_local_temp_avg_c__rise,cu01_local_temp_avg_c__rise,0.0717315673828125,0.019287109375
injected,sj01_local_temp_avg_c__fall,0.5,60.0,56,16,160,False,False,False,False,False,0,,cu01_local_temp_avg_c__rise,cu01_local_temp_avg_c__rise,0.0717315673828125,0.019287109375
injected,sj01_local_temp_avg_c__fall,0.5,60.0,57,19,161,False,False,False,False,False,0,,cu01_local_temp_avg_c__rise,cu01_local_temp_avg_c__rise,0.072998046875,0.019287109375
injected,sj01_local_temp_avg_c__fall,0.5,60.0,58,20,162,False,False,False,False,False,0,,cu01_local_temp_avg_c__rise,cu01_local_temp_avg_c__rise,0.03125,0.019287109375
injected,sj01_local_temp_avg_c__fall,0.5,60.0,59,18,162,False,False,False,False,False,0,,cu01_local_temp_avg_c__rise,cu01_local_temp_avg_c__rise,0.072998046875,0.019287109375
injected,sj01_local_temp_avg_c__fall,0.5,60.0,60,24,164,False,False,False,False,False,0,,cu01_local_temp_avg_c__rise,cu01_local_temp_avg_c__rise,0.0717315673828125,0.019287109375
injected,sj01_local_temp_avg_c__fall,0.5,60.0,61,17,163,False,False,False,False,False,0,,cu01_local_temp_avg_c__rise,cu01_local_temp_avg_c__rise,0.0625,0.019287109375
injected,sj01_local_temp_avg_c__fall,0.5,60.0,62,21,164,False,False,False,False,False,0,,cu01_local_temp_avg_c__rise,cu01_local_temp_avg_c__rise,0.0625,0.019287109375
injected,sj01_local_temp_avg_c__fall,0.5,60.0,63,21,162,False,False,False,False,False,0,,cu01_local_temp_avg_c__rise,cu01_local_temp_avg_c__rise,0.072998046875,0.019287109375
injected,sj01_local_temp_avg_c__fall,0.5,60.0,64,20,164,False,False,False,False,False,0,,cu01_local_temp_avg_c__rise,cu01_local_temp_avg_c__rise,0.0625,0.019287109375
injected,sj01_local_temp_avg_c__fall,0.5,60.0,65,20,162,False,False,False,False,False,0,,cu01_local_temp_avg_c__rise,cu01_local_temp_avg_c__rise,0.072998046875,0.019287109375
injected,sj01_local_temp_avg_c__fall,0.5,60.0,66,19,164,False,False,False,False,False,0,,cu01_local_temp_avg_c__rise,cu01_local_temp_avg_c__rise,0.0384063720703125,0.019287109375
injected,sj01_local_temp_avg_c__fall,0.5,60.0,67,17,161,False,False,False,False,False,0,,cu01_local_temp_avg_c__rise,cu01_local_temp_avg_c__rise,0.072998046875,0.019287109375
injected,sj01_local_temp_avg_c__fall,0.5,60.0,68,22,162,False,False,False,False,False,0,,cu01_local_temp_avg_c__rise,cu01_local_temp_avg_c__rise,0.03125,0.019287109375
injected,sj01_local_temp_avg_c__fall,0.5,60.0,69,17,161,False,False,False,False,False,0,,cu01_local_temp_avg_c__rise,cu01_local_temp_avg_c__rise,0.072998046875,0.019287109375
injected,sj01_local_temp_avg_c__fall,0.5,60.0,70,19,163,False,False,False,False,False,0,,cu01_local_temp_avg_c__rise,cu01_local_temp_avg_c__rise,0.072998046875,0.019287109375
injected,sj01_local_temp_avg_c__fall,0.5,60.0,71,19,160,False,False,False,False,False,0,,cu01_local_temp_avg_c__rise,cu01_local_temp_avg_c__rise,0.05923461914062499,0.019287109375
injected,sj01_local_temp_avg_c__fall,0.5,60.0,72,22,163,False,False,False,False,False,0,,cu01_local_temp_avg_c__rise,cu01_local_temp_avg_c__rise,0.05923461914062499,0.019287109375
injected,sj01_local_temp_avg_c__fall,0.5,60.0,73,20,164,False,False,False,False,False,0,,cu01_local_temp_avg_c__rise,cu01_local_temp_avg_c__rise,0.05923461914062499,0.019287109375
injected,sj01_local_temp_avg_c__fall,0.5,60.0,74,17,162,False,False,False,False,False,0,,cu01_local_temp_avg_c__rise,cu01_local_temp_avg_c__rise,0.0717315673828125,0.019287109375
injected,sj01_local_temp_avg_c__fall,0.5,60.0,75,26,165,False,False,False,False,False,0,,cu01_local_temp_avg_c__rise,cu01_local_temp_avg_c__rise,0.03125,0.019287109375
injected,sj01_local_temp_avg_c__fall,0.5,60.0,76,16,162,False,False,False,False,False,0,,cu01_local_temp_avg_c__rise,cu01_local_temp_avg_c__rise,0.0717315673828125,0.019287109375
injected,sj01_local_temp_avg_c__fall,0.5,60.0,77,17,163,False,False,False,False,False,0,,cu01_local_temp_avg_c__rise,cu01_local_temp_avg_c__rise,0.072998046875,0.019287109375
injected,sj01_local_temp_avg_c__fall,0.5,60.0,78,20,164,False,False,False,False,False,0,,cu01_local_temp_avg_c__rise,cu01_local_temp_avg_c__rise,0.0384063720703125,0.019287109375
injected,sj01_local_temp_avg_c__fall,0.5,60.0,79,16,160,False,False,False,False,False,0,,cu01_local_temp_avg_c__rise,cu01_local_temp_avg_c__rise,0.072998046875,0.019287109375
injected,sj01_local_temp_avg_c__fall,0.5,60.0,80,21,163,False,False,False,False,False,0,,cu01_local_temp_avg_c__rise,cu01_local_temp_avg_c__rise,0.0625,0.019287109375
injected,sj01_local_temp_avg_c__fall,0.5,60.0,81,21,164,False,False,False,False,False,0,,cu01_local_temp_avg_c__rise,cu01_local_temp_avg_c__rise,0.0717315673828125,0.019287109375
injected,sj01_local_temp_avg_c__fall,0.5,60.0,82,18,162,False,False,False,False,False,0,,cu01_local_temp_avg_c__rise,cu01_local_temp_avg_c__rise,0.0717315673828125,0.019287109375
injected,sj01_local_temp_avg_c__fall,0.5,60.0,83,21,162,False,False,False,False,False,0,,cu01_local_temp_avg_c__rise,cu01_local_temp_avg_c__rise,0.072998046875,0.019287109375
injected,sj01_local_temp_avg_c__fall,0.5,60.0,84,21,163,False,False,False,False,False,0,,cu01_local_temp_avg_c__rise,cu01_local_temp_avg_c__rise,0.03125,0.019287109375
injected,sj01_local_temp_avg_c__fall,0.5,60.0,85,18,163,False,False,False,False,False,0,,cu01_local_temp_avg_c__rise,cu01_local_temp_avg_c__rise,0.072998046875,0.019287109375
injected,sj01_local_temp_avg_c__fall,0.5,60.0,86,22,163,False,False,False,False,False,0,,cu01_local_temp_avg_c__rise,cu01_local_temp_avg_c__rise,0.05923461914062499,0.019287109375
injected,sj01_local_temp_avg_c__fall,0.5,60.0,87,23,162,False,False,False,False,False,0,,cu01_local_temp_avg_c__rise,cu01_local_temp_avg_c__rise,0.0717315673828125,0.019287109375
injected,sj01_local_temp_avg_c__fall,0.5,60.0,88,18,163,False,False,False,False,False,0,,cu01_local_temp_avg_c__rise,cu01_local_temp_avg_c__rise,0.0384063720703125,0.019287109375
injected,sj01_local_temp_avg_c__fall,0.5,60.0,89,18,161,False,False,False,False,False,0,,cu01_local_temp_avg_c__rise,cu01_local_temp_avg_c__rise,0.072998046875,0.019287109375
injected,sj01_local_temp_avg_c__fall,0.5,60.0,90,19,162,False,False,False,False,False,0,,cu01_local_temp_avg_c__rise,cu01_local_temp_avg_c__rise,0.05923461914062499,0.019287109375
injected,sj01_local_temp_avg_c__fall,0.5,60.0,91,19,164,False,False,False,False,False,0,,cu01_local_temp_avg_c__rise,cu01_local_temp_avg_c__rise,0.0717315673828125,0.019287109375
injected,sj01_local_temp_avg_c__fall,0.5,60.0,92,14,161,False,False,False,False,False,0,,cu01_local_temp_avg_c__rise,cu01_local_temp_avg_c__rise,0.072998046875,0.019287109375
injected,sj01_local_temp_avg_c__fall,0.5,60.0,93,21,163,False,False,False,False,False,0,,cu01_local_temp_avg_c__rise,cu01_local_temp_avg_c__rise,0.0384063720703125,0.019287109375
injected,sj01_local_temp_avg_c__fall,0.5,60.0,94,23,165,False,False,False,False,False,0,,cu01_local_temp_avg_c__rise,cu01_local_temp_avg_c__rise,0.03125,0.019287109375
injected,sj01_local_temp_avg_c__fall,0.5,60.0,95,17,162,False,False,False,False,False,0,,cu01_local_temp_avg_c__rise,cu01_local_temp_avg_c__rise,0.0717315673828125,0.019287109375
injected,sj01_local_temp_avg_c__fall,0.5,60.0,96,16,164,False,False,False,False,False,0,,cu01_local_temp_avg_c__rise,cu01_local_temp_avg_c__rise,0.03125,0.019287109375
injected,sj01_local_temp_avg_c__fall,0.5,60.0,97,21,163,False,False,False,False,False,0,,cu01_local_temp_avg_c__rise,cu01_local_temp_avg_c__rise,0.072998046875,0.019287109375
injected,sj01_local_temp_avg_c__fall,0.5,60.0,98,20,163,False,False,False,False,False,0,,cu01_local_temp_avg_c__rise,cu01_local_temp_avg_c__rise,0.03125,0.019287109375
injected,sj01_local_temp_avg_c__fall,0.5,60.0,99,21,163,False,False,False,False,False,0,,cu01_local_temp_avg_c__rise,cu01_local_temp_avg_c__rise,0.072998046875,0.019287109375
injected,sj01_local_temp_avg_c__fall,1.0,15.0,0,24,172,True,True,True,False,False,1,sj01_local_temp_avg_c__fall,sj01_local_temp_avg_c__fall,sj01_local_temp_avg_c__fall,4.76837158203125e-07,4.76837158203125e-07
injected,sj01_local_temp_avg_c__fall,1.0,15.0,1,22,170,True,True,True,False,False,1,sj01_local_temp_avg_c__fall,sj01_local_temp_avg_c__fall,sj01_local_temp_avg_c__fall,3.814697265625e-06,3.814697265625e-06
injected,sj01_local_temp_avg_c__fall,1.0,15.0,2,18,169,True,True,True,False,False,1,sj01_local_temp_avg_c__fall,sj01_local_temp_avg_c__fall,sj01_local_temp_avg_c__fall,3.814697265625e-05,3.814697265625e-05
injected,sj01_local_temp_avg_c__fall,1.0,15.0,3,18,168,True,True,True,False,False,1,sj01_local_temp_avg_c__fall,sj01_local_temp_avg_c__fall,sj01_local_temp_avg_c__fall,3.814697265625e-05,3.814697265625e-05
injected,sj01_local_temp_avg_c__fall,1.0,15.0,4,18,169,True,True,True,False,False,1,sj01_local_temp_avg_c__fall,sj01_local_temp_avg_c__fall,sj01_local_temp_avg_c__fall,2.002716064453125e-05,2.002716064453125e-05
injected,sj01_local_temp_avg_c__fall,1.0,15.0,5,19,169,True,True,True,False,False,1,sj01_local_temp_avg_c__fall,sj01_local_temp_avg_c__fall,sj01_local_temp_avg_c__fall,0.000110626220703125,0.000110626220703125
injected,sj01_local_temp_avg_c__fall,1.0,15.0,6,16,167,True,True,True,False,False,1,sj01_local_temp_avg_c__fall,sj01_local_temp_avg_c__fall,sj01_local_temp_avg_c__fall,0.0001373291015625,0.0001373291015625
injected,sj01_local_temp_avg_c__fall,1.0,15.0,7,17,167,True,True,True,False,False,1,sj01_local_temp_avg_c__fall,sj01_local_temp_avg_c__fall,sj01_local_temp_avg_c__fall,0.0003643035888671875,0.0003643035888671875
injected,sj01_local_temp_avg_c__fall,1.0,15.0,8,17,169,True,True,True,False,False,1,sj01_local_temp_avg_c__fall,sj01_local_temp_avg_c__fall,sj01_local_temp_avg_c__fall,2.002716064453125e-05,2.002716064453125e-05
injected,sj01_local_temp_avg_c__fall,1.0,15.0,9,22,170,True,True,True,False,False,1,sj01_local_temp_avg_c__fall,sj01_local_temp_avg_c__fall,sj01_local_temp_avg_c__fall,3.814697265625e-06,3.814697265625e-06
injected,sj01_local_temp_avg_c__fall,1.0,15.0,10,19,169,True,True,True,False,False,1,sj01_local_temp_avg_c__fall,sj01_local_temp_avg_c__fall,sj01_local_temp_avg_c__fall,7.62939453125e-06,7.62939453125e-06
injected,sj01_local_temp_avg_c__fall,1.0,15.0,11,22,171,True,True,True,False,False,1,sj01_local_temp_avg_c__fall,sj01_local_temp_avg_c__fall,sj01_local_temp_avg_c__fall,4.76837158203125e-07,4.76837158203125e-07
injected,sj01_local_temp_avg_c__fall,1.0,15.0,12,19,166,True,True,True,False,False,1,sj01_local_temp_avg_c__fall,sj01_local_temp_avg_c__fall,sj01_local_temp_avg_c__fall,0.0003643035888671875,0.0003643035888671875
injected,sj01_local_temp_avg_c__fall,1.0,15.0,13,17,166,True,True,True,False,False,1,sj01_local_temp_avg_c__fall,sj01_local_temp_avg_c__fall,sj01_local_temp_avg_c__fall,0.00020122528076171875,0.00020122528076171875
injected,sj01_local_temp_avg_c__fall,1.0,15.0,14,19,168,True,True,True,False,False,1,sj01_local_temp_avg_c__fall,sj01_local_temp_avg_c__fall,sj01_local_temp_avg_c__fall,0.000110626220703125,0.000110626220703125
injected,sj01_local_temp_avg_c__fall,1.0,15.0,15,21,170,True,True,True,False,False,1,sj01_local_temp_avg_c__fall,sj01_local_temp_avg_c__fall,sj01_local_temp_avg_c__fall,1.049041748046875e-05,1.049041748046875e-05
injected,sj01_local_temp_avg_c__fall,1.0,15.0,16,16,166,True,True,True,False,False,1,sj01_local_temp_avg_c__fall,sj01_local_temp_avg_c__fall,sj01_local_temp_avg_c__fall,0.0003643035888671875,0.0003643035888671875
injected,sj01_local_temp_avg_c__fall,1.0,15.0,17,15,166,True,True,True,False,False,1,sj01_local_temp_avg_c__fall,sj01_local_temp_avg_c__fall,sj01_local_temp_avg_c__fall,0.0001373291015625,0.0001373291015625
injected,sj01_local_temp_avg_c__fall,1.0,15.0,18,17,166,True,True,True,False,False,1,sj01_local_temp_avg_c__fall,sj01_local_temp_avg_c__fall,sj01_local_temp_avg_c__fall,0.0001373291015625,0.0001373291015625
injected,sj01_local_temp_avg_c__fall,1.0,15.0,19,20,170,True,True,True,False,False,1,sj01_local_temp_avg_c__fall,sj01_local_temp_avg_c__fall,sj01_local_temp_avg_c__fall,3.814697265625e-06,3.814697265625e-06
injected,sj01_local_temp_avg_c__fall,1.0,15.0,20,15,166,True,True,True,False,False,1,sj01_local_temp_avg_c__fall,sj01_local_temp_avg_c__fall,sj01_local_temp_avg_c__fall,3.0517578125e-05,3.0517578125e-05
injected,sj01_local_temp_avg_c__fall,1.0,15.0,21,18,166,True,True,True,False,False,1,sj01_local_temp_avg_c__fall,sj01_local_temp_avg_c__fall,sj01_local_temp_avg_c__fall,0.0001373291015625,0.0001373291015625
injected,sj01_local_temp_avg_c__fall,1.0,15.0,22,22,169,True,True,True,False,False,1,sj01_local_temp_avg_c__fall,sj01_local_temp_avg_c__fall,sj01_local_temp_avg_c__fall,2.002716064453125e-05,2.002716064453125e-05
injected,sj01_local_temp_avg_c__fall,1.0,15.0,23,21,170,True,True,True,False,False,1,sj01_local_temp_avg_c__fall,sj01_local_temp_avg_c__fall,sj01_local_temp_avg_c__fall,1.049041748046875e-05,1.049041748046875e-05
injected,sj01_local_temp_avg_c__fall,1.0,15.0,24,23,171,True,True,True,False,False,1,sj01_local_temp_avg_c__fall,sj01_local_temp_avg_c__fall,sj01_local_temp_avg_c__fall,9.5367431640625e-07,9.5367431640625e-07
injected,sj01_local_temp_avg_c__fall,1.0,15.0,25,23,169,True,True,True,False,False,1,sj01_local_temp_avg_c__fall,sj01_local_temp_avg_c__fall,sj01_local_temp_avg_c__fall,3.814697265625e-06,3.814697265625e-06
injected,sj01_local_temp_avg_c__fall,1.0,15.0,26,14,167,True,True,True,False,False,1,sj01_local_temp_avg_c__fall,sj01_local_temp_avg_c__fall,sj01_local_temp_avg_c__fall,0.0004277229309082031,0.0004277229309082031
injected,sj01_local_temp_avg_c__fall,1.0,15.0,27,19,168,True,True,True,False,False,1,sj01_local_temp_avg_c__fall,sj01_local_temp_avg_c__fall,sj01_local_temp_avg_c__fall,0.000244140625,0.000244140625
injected,sj01_local_temp_avg_c__fall,1.0,15.0,28,20,169,True,True,True,False,False,1,sj01_local_temp_avg_c__fall,sj01_local_temp_avg_c__fall,sj01_local_temp_avg_c__fall,3.3020973205566406e-05,3.3020973205566406e-05
injected,sj01_local_temp_avg_c__fall,1.0,15.0,29,16,167,True,True,True,False,False,1,sj01_local_temp_avg_c__fall,sj01_local_temp_avg_c__fall,sj01_local_temp_avg_c__fall,7.2479248046875e-05,7.2479248046875e-05
injected,sj01_local_temp_avg_c__fall,1.0,15.0,30,18,169,True,True,True,False,False,1,sj01_local_temp_avg_c__fall,sj01_local_temp_avg_c__fall,sj01_local_temp_avg_c__fall,3.814697265625e-05,3.814697265625e-05
injected,sj01_local_temp_avg_c__fall,1.0,15.0,31,24,171,True,True,True,False,False,1,sj01_local_temp_avg_c__fall,sj01_local_temp_avg_c__fall,sj01_local_temp_avg_c__fall,9.5367431640625e-07,9.5367431640625e-07
injected,sj01_local_temp_avg_c__fall,1.0,15.0,32,20,170,True,True,True,False,False,1,sj01_local_temp_avg_c__fall,sj01_local_temp_avg_c__fall,sj01_local_temp_avg_c__fall,2.002716064453125e-05,2.002716064453125e-05
injected,sj01_local_temp_avg_c__fall,1.0,15.0,33,21,171,True,True,True,False,False,1,sj01_local_temp_avg_c__fall,sj01_local_temp_avg_c__fall,sj01_local_temp_avg_c__fall,5.4836273193359375e-06,5.4836273193359375e-06
injected,sj01_local_temp_avg_c__fall,1.0,15.0,34,19,168,True,True,True,False,False,1,sj01_local_temp_avg_c__fall,sj01_local_temp_avg_c__fall,sj01_local_temp_avg_c__fall,3.814697265625e-05,3.814697265625e-05
injected,sj01_local_temp_avg_c__fall,1.0,15.0,35,22,169,True,True,True,False,False,1,sj01_local_temp_avg_c__fall,sj01_local_temp_avg_c__fall,sj01_local_temp_avg_c__fall,3.814697265625e-06,3.814697265625e-06
injected,sj01_local_temp_avg_c__fall,1.0,15.0,36,19,170,True,True,True,False,False,1,sj01_local_temp_avg_c__fall,sj01_local_temp_avg_c__fall,sj01_local_temp_avg_c__fall,2.002716064453125e-05,2.002716064453125e-05
injected,sj01_local_temp_avg_c__fall,1.0,15.0,37,18,167,True,True,True,False,False,1,sj01_local_temp_avg_c__fall,sj01_local_temp_avg_c__fall,sj01_local_temp_avg_c__fall,6.103515625e-05,6.103515625e-05
injected,sj01_local_temp_avg_c__fall,1.0,15.0,38,22,169,True,True,True,False,False,1,sj01_local_temp_avg_c__fall,sj01_local_temp_avg_c__fall,sj01_local_temp_avg_c__fall,3.814697265625e-05,3.814697265625e-05
injected,sj01_local_temp_avg_c__fall,1.0,15.0,39,24,171,True,True,True,False,False,1,sj01_local_temp_avg_c__fall,sj01_local_temp_avg_c__fall,sj01_local_temp_avg_c__fall,9.5367431640625e-07,9.5367431640625e-07
injected,sj01_local_temp_avg_c__fall,1.0,15.0,40,23,170,True,True,True,False,False,1,sj01_local_temp_avg_c__fall,sj01_local_temp_avg_c__fall,sj01_local_temp_avg_c__fall,1.9073486328125e-06,1.9073486328125e-06
injected,sj01_local_temp_avg_c__fall,1.0,15.0,41,18,168,True,True,True,False,False,1,sj01_local_temp_avg_c__fall,sj01_local_temp_avg_c__fall,sj01_local_temp_avg_c__fall,7.62939453125e-06,7.62939453125e-06
injected,sj01_local_temp_avg_c__fall,1.0,15.0,42,20,168,True,True,True,False,False,1,sj01_local_temp_avg_c__fall,sj01_local_temp_avg_c__fall,sj01_local_temp_avg_c__fall,3.814697265625e-06,3.814697265625e-06
injected,sj01_local_temp_avg_c__fall,1.0,15.0,43,18,166,True,True,True,False,False,1,sj01_local_temp_avg_c__fall,sj01_local_temp_avg_c__fall,sj01_local_temp_avg_c__fall,0.00020122528076171875,0.00020122528076171875
injected,sj01_local_temp_avg_c__fall,1.0,15.0,44,23,170,True,True,True,False,False,1,sj01_local_temp_avg_c__fall,sj01_local_temp_avg_c__fall,sj01_local_temp_avg_c__fall,3.814697265625e-06,3.814697265625e-06
injected,sj01_local_temp_avg_c__fall,1.0,15.0,45,22,170,True,True,True,False,False,1,sj01_local_temp_avg_c__fall,sj01_local_temp_avg_c__fall,sj01_local_temp_avg_c__fall,6.0558319091796875e-05,6.0558319091796875e-05
injected,sj01_local_temp_avg_c__fall,1.0,15.0,46,23,170,True,True,True,False,False,1,sj01_local_temp_avg_c__fall,sj01_local_temp_avg_c__fall,sj01_local_temp_avg_c__fall,1.9073486328125e-06,1.9073486328125e-06
injected,sj01_local_temp_avg_c__fall,1.0,15.0,47,19,168,True,True,True,False,False,1,sj01_local_temp_avg_c__fall,sj01_local_temp_avg_c__fall,sj01_local_temp_avg_c__fall,0.000110626220703125,0.000110626220703125
injected,sj01_local_temp_avg_c__fall,1.0,15.0,48,20,169,True,True,True,False,False,1,sj01_local_temp_avg_c__fall,sj01_local_temp_avg_c__fall,sj01_local_temp_avg_c__fall,3.814697265625e-05,3.814697265625e-05
injected,sj01_local_temp_avg_c__fall,1.0,15.0,49,17,169,True,True,True,False,False,1,sj01_local_temp_avg_c__fall,sj01_local_temp_avg_c__fall,sj01_local_temp_avg_c__fall,3.814697265625e-06,3.814697265625e-06
injected,sj01_local_temp_avg_c__fall,1.0,15.0,50,22,171,True,True,True,False,False,1,sj01_local_temp_avg_c__fall,sj01_local_temp_avg_c__fall,sj01_local_temp_avg_c__fall,2.002716064453125e-05,2.002716064453125e-05
injected,sj01_local_temp_avg_c__fall,1.0,15.0,51,19,168,True,True,True,False,False,1,sj01_local_temp_avg_c__fall,sj01_local_temp_avg_c__fall,sj01_local_temp_avg_c__fall,3.814697265625e-05,3.814697265625e-05
injected,sj01_local_temp_avg_c__fall,1.0,15.0,52,19,172,True,True,True,False,False,1,sj01_local_temp_avg_c__fall,sj01_local_temp_avg_c__fall,sj01_local_temp_avg_c__fall,9.5367431640625e-07,9.5367431640625e-07
injected,sj01_local_temp_avg_c__fall,1.0,15.0,53,20,169,True,True,True,False,False,1,sj01_local_temp_avg_c__fall,sj01_local_temp_avg_c__fall,sj01_local_temp_avg_c__fall,6.0558319091796875e-05,6.0558319091796875e-05
injected,sj01_local_temp_avg_c__fall,1.0,15.0,54,16,165,True,True,True,False,False,1,sj01_local_temp_avg_c__fall,sj01_local_temp_avg_c__fall,sj01_local_temp_avg_c__fall,0.0011749267578125,0.0011749267578125
injected,sj01_local_temp_avg_c__fall,1.0,15.0,55,17,166,True,True,True,False,False,1,sj01_local_temp_avg_c__fall,sj01_local_temp_avg_c__fall,sj01_local_temp_avg_c__fall,7.2479248046875e-05,7.2479248046875e-05
injected,sj01_local_temp_avg_c__fall,1.0,15.0,56,16,167,True,True,True,False,False,1,sj01_local_temp_avg_c__fall,sj01_local_temp_avg_c__fall,sj01_local_temp_avg_c__fall,1.52587890625e-05,1.52587890625e-05
injected,sj01_local_temp_avg_c__fall,1.0,15.0,57,19,167,True,True,True,False,False,1,sj01_local_temp_avg_c__fall,sj01_local_temp_avg_c__fall,sj01_local_temp_avg_c__fall,0.00020122528076171875,0.00020122528076171875
injected,sj01_local_temp_avg_c__fall,1.0,15.0,58,20,170,True,True,True,False,False,1,sj01_local_temp_avg_c__fall,sj01_local_temp_avg_c__fall,sj01_local_temp_avg_c__fall,0.000110626220703125,0.000110626220703125
injected,sj01_local_temp_avg_c__fall,1.0,15.0,59,18,168,True,True,True,False,False,1,sj01_local_temp_avg_c__fall,sj01_local_temp_avg_c__fall,sj01_local_temp_avg_c__fall,7.62939453125e-06,7.62939453125e-06
injected,sj01_local_temp_avg_c__fall,1.0,15.0,60,24,170,True,True,True,False,False,1,sj01_local_temp_avg_c__fall,sj01_local_temp_avg_c__fall,sj01_local_temp_avg_c__fall,1.9073486328125e-06,1.9073486328125e-06
injected,sj01_local_temp_avg_c__fall,1.0,15.0,61,17,167,True,True,True,False,False,1,sj01_local_temp_avg_c__fall,sj01_local_temp_avg_c__fall,sj01_local_temp_avg_c__fall,7.2479248046875e-05,7.2479248046875e-05
injected,sj01_local_temp_avg_c__fall,1.0,15.0,62,21,168,True,True,True,False,False,1,sj01_local_temp_avg_c__fall,sj01_local_temp_avg_c__fall,sj01_local_temp_avg_c__fall,3.814697265625e-05,3.814697265625e-05
injected,sj01_local_temp_avg_c__fall,1.0,15.0,63,21,168,True,True,True,False,False,1,sj01_local_temp_avg_c__fall,sj01_local_temp_avg_c__fall,sj01_local_temp_avg_c__fall,3.814697265625e-05,3.814697265625e-05
injected,sj01_local_temp_avg_c__fall,1.0,15.0,64,20,168,True,True,True,False,False,1,sj01_local_temp_avg_c__fall,sj01_local_temp_avg_c__fall,sj01_local_temp_avg_c__fall,0.000110626220703125,0.000110626220703125
injected,sj01_local_temp_avg_c__fall,1.0,15.0,65,20,169,True,True,True,False,False,1,sj01_local_temp_avg_c__fall,sj01_local_temp_avg_c__fall,sj01_local_temp_avg_c__fall,6.0558319091796875e-05,6.0558319091796875e-05
injected,sj01_local_temp_avg_c__fall,1.0,15.0,66,19,168,True,True,True,False,False,1,sj01_local_temp_avg_c__fall,sj01_local_temp_avg_c__fall,sj01_local_temp_avg_c__fall,1.52587890625e-05,1.52587890625e-05
injected,sj01_local_temp_avg_c__fall,1.0,15.0,67,17,167,True,True,True,False,False,1,sj01_local_temp_avg_c__fall,sj01_local_temp_avg_c__fall,sj01_local_temp_avg_c__fall,7.2479248046875e-05,7.2479248046875e-05
injected,sj01_local_temp_avg_c__fall,1.0,15.0,68,22,169,True,True,True,False,False,1,sj01_local_temp_avg_c__fall,sj01_local_temp_avg_c__fall,sj01_local_temp_avg_c__fall,1.049041748046875e-05,1.049041748046875e-05
injected,sj01_local_temp_avg_c__fall,1.0,15.0,69,17,167,True,True,True,False,False,1,sj01_local_temp_avg_c__fall,sj01_local_temp_avg_c__fall,sj01_local_temp_avg_c__fall,3.0517578125e-05,3.0517578125e-05
injected,sj01_local_temp_avg_c__fall,1.0,15.0,70,19,169,True,True,True,False,False,1,sj01_local_temp_avg_c__fall,sj01_local_temp_avg_c__fall,sj01_local_temp_avg_c__fall,0.000110626220703125,0.000110626220703125
injected,sj01_local_temp_avg_c__fall,1.0,15.0,71,19,169,True,True,True,False,False,1,sj01_local_temp_avg_c__fall,sj01_local_temp_avg_c__fall,sj01_local_temp_avg_c__fall,7.62939453125e-06,7.62939453125e-06
injected,sj01_local_temp_avg_c__fall,1.0,15.0,72,22,169,True,True,True,False,False,1,sj01_local_temp_avg_c__fall,sj01_local_temp_avg_c__fall,sj01_local_temp_avg_c__fall,7.62939453125e-06,7.62939453125e-06
injected,sj01_local_temp_avg_c__fall,1.0,15.0,73,20,169,True,True,True,False,False,1,sj01_local_temp_avg_c__fall,sj01_local_temp_avg_c__fall,sj01_local_temp_avg_c__fall,2.002716064453125e-05,2.002716064453125e-05
injected,sj01_local_temp_avg_c__fall,1.0,15.0,74,17,168,True,True,True,False,False,1,sj01_local_temp_avg_c__fall,sj01_local_temp_avg_c__fall,sj01_local_temp_avg_c__fall,0.00020122528076171875,0.00020122528076171875
injected,sj01_local_temp_avg_c__fall,1.0,15.0,75,26,171,True,True,True,False,False,1,sj01_local_temp_avg_c__fall,sj01_local_temp_avg_c__fall,sj01_local_temp_avg_c__fall,1.7940998077392578e-05,1.7940998077392578e-05
injected,sj01_local_temp_avg_c__fall,1.0,15.0,76,16,167,True,True,True,False,False,1,sj01_local_temp_avg_c__fall,sj01_local_temp_avg_c__fall,sj01_local_temp_avg_c__fall,7.2479248046875e-05,7.2479248046875e-05
injected,sj01_local_temp_avg_c__fall,1.0,15.0,77,17,167,True,True,True,False,False,1,sj01_local_temp_avg_c__fall,sj01_local_temp_avg_c__fall,sj01_local_temp_avg_c__fall,3.0517578125e-05,3.0517578125e-05
injected,sj01_local_temp_avg_c__fall,1.0,15.0,78,20,169,True,True,True,False,False,1,sj01_local_temp_avg_c__fall,sj01_local_temp_avg_c__fall,sj01_local_temp_avg_c__fall,2.002716064453125e-05,2.002716064453125e-05
injected,sj01_local_temp_avg_c__fall,1.0,15.0,79,16,166,True,True,True,False,False,1,sj01_local_temp_avg_c__fall,sj01_local_temp_avg_c__fall,sj01_local_temp_avg_c__fall,7.2479248046875e-05,7.2479248046875e-05
injected,sj01_local_temp_avg_c__fall,1.0,15.0,80,21,168,True,True,True,False,False,1,sj01_local_temp_avg_c__fall,sj01_local_temp_avg_c__fall,sj01_local_temp_avg_c__fall,3.814697265625e-05,3.814697265625e-05
injected,sj01_local_temp_avg_c__fall,1.0,15.0,81,21,169,True,True,True,False,False,1,sj01_local_temp_avg_c__fall,sj01_local_temp_avg_c__fall,sj01_local_temp_avg_c__fall,6.0558319091796875e-05,6.0558319091796875e-05
injected,sj01_local_temp_avg_c__fall,1.0,15.0,82,18,167,True,True,True,False,False,1,sj01_local_temp_avg_c__fall,sj01_local_temp_avg_c__fall,sj01_local_temp_avg_c__fall,7.2479248046875e-05,7.2479248046875e-05
injected,sj01_local_temp_avg_c__fall,1.0,15.0,83,21,168,True,True,True,False,False,1,sj01_local_temp_avg_c__fall,sj01_local_temp_avg_c__fall,sj01_local_temp_avg_c__fall,7.62939453125e-06,7.62939453125e-06
injected,sj01_local_temp_avg_c__fall,1.0,15.0,84,21,171,True,True,True,False,False,1,sj01_local_temp_avg_c__fall,sj01_local_temp_avg_c__fall,sj01_local_temp_avg_c__fall,1.9073486328125e-06,1.9073486328125e-06
injected,sj01_local_temp_avg_c__fall,1.0,15.0,85,18,168,True,True,True,False,False,1,sj01_local_temp_avg_c__fall,sj01_local_temp_avg_c__fall,sj01_local_temp_avg_c__fall,7.2479248046875e-05,7.2479248046875e-05
injected,sj01_local_temp_avg_c__fall,1.0,15.0,86,22,169,True,True,True,False,False,1,sj01_local_temp_avg_c__fall,sj01_local_temp_avg_c__fall,sj01_local_temp_avg_c__fall,1.9073486328125e-06,1.9073486328125e-06
injected,sj01_local_temp_avg_c__fall,1.0,15.0,87,23,169,True,True,True,False,False,1,sj01_local_temp_avg_c__fall,sj01_local_temp_avg_c__fall,sj01_local_temp_avg_c__fall,6.0558319091796875e-05,6.0558319091796875e-05
injected,sj01_local_temp_avg_c__fall,1.0,15.0,88,18,168,True,True,True,False,False,1,sj01_local_temp_avg_c__fall,sj01_local_temp_avg_c__fall,sj01_local_temp_avg_c__fall,0.000110626220703125,0.000110626220703125
injected,sj01_local_temp_avg_c__fall,1.0,15.0,89,18,167,True,True,True,False,False,1,sj01_local_temp_avg_c__fall,sj01_local_temp_avg_c__fall,sj01_local_temp_avg_c__fall,3.814697265625e-05,3.814697265625e-05
injected,sj01_local_temp_avg_c__fall,1.0,15.0,90,19,167,True,True,True,False,False,1,sj01_local_temp_avg_c__fall,sj01_local_temp_avg_c__fall,sj01_local_temp_avg_c__fall,7.62939453125e-06,7.62939453125e-06
injected,sj01_local_temp_avg_c__fall,1.0,15.0,91,19,169,True,True,True,False,False,1,sj01_local_temp_avg_c__fall,sj01_local_temp_avg_c__fall,sj01_local_temp_avg_c__fall,7.62939453125e-06,7.62939453125e-06
injected,sj01_local_temp_avg_c__fall,1.0,15.0,92,14,163,True,True,True,False,False,1,sj01_local_temp_avg_c__fall,sj01_local_temp_avg_c__fall,sj01_local_temp_avg_c__fall,0.0020904541015625,0.0020904541015625
injected,sj01_local_temp_avg_c__fall,1.0,15.0,93,21,171,True,True,True,False,False,1,sj01_local_temp_avg_c__fall,sj01_local_temp_avg_c__fall,sj01_local_temp_avg_c__fall,9.5367431640625e-07,9.5367431640625e-07
injected,sj01_local_temp_avg_c__fall,1.0,15.0,94,23,170,True,True,True,False,False,1,sj01_local_temp_avg_c__fall,sj01_local_temp_avg_c__fall,sj01_local_temp_avg_c__fall,1.9073486328125e-06,1.9073486328125e-06
injected,sj01_local_temp_avg_c__fall,1.0,15.0,95,17,167,True,True,True,False,False,1,sj01_local_temp_avg_c__fall,sj01_local_temp_avg_c__fall,sj01_local_temp_avg_c__fall,0.0003643035888671875,0.0003643035888671875
injected,sj01_local_temp_avg_c__fall,1.0,15.0,96,16,167,True,True,True,False,False,1,sj01_local_temp_avg_c__fall,sj01_local_temp_avg_c__fall,sj01_local_temp_avg_c__fall,3.814697265625e-05,3.814697265625e-05
injected,sj01_local_temp_avg_c__fall,1.0,15.0,97,21,170,True,True,True,False,False,1,sj01_local_temp_avg_c__fall,sj01_local_temp_avg_c__fall,sj01_local_temp_avg_c__fall,3.814697265625e-06,3.814697265625e-06
injected,sj01_local_temp_avg_c__fall,1.0,15.0,98,20,170,True,True,True,False,False,1,sj01_local_temp_avg_c__fall,sj01_local_temp_avg_c__fall,sj01_local_temp_avg_c__fall,5.4836273193359375e-06,5.4836273193359375e-06
injected,sj01_local_temp_avg_c__fall,1.0,15.0,99,21,169,True,True,True,False,False,1,sj01_local_temp_avg_c__fall,sj01_local_temp_avg_c__fall,sj01_local_temp_avg_c__fall,2.002716064453125e-05,2.002716064453125e-05
injected,sj01_local_temp_avg_c__fall,1.0,30.0,0,24,171,True,True,True,False,False,1,sj01_local_temp_avg_c__fall,sj01_local_temp_avg_c__fall,sj01_local_temp_avg_c__fall,3.0517578125e-05,3.0517578125e-05
injected,sj01_local_temp_avg_c__fall,1.0,30.0,1,22,169,True,True,True,False,False,1,sj01_local_temp_avg_c__fall,sj01_local_temp_avg_c__fall,sj01_local_temp_avg_c__fall,6.103515625e-05,6.103515625e-05
injected,sj01_local_temp_avg_c__fall,1.0,30.0,2,18,170,True,True,True,False,False,1,sj01_local_temp_avg_c__fall,sj01_local_temp_avg_c__fall,sj01_local_temp_avg_c__fall,0.0006561279296875,0.0006561279296875
injected,sj01_local_temp_avg_c__fall,1.0,30.0,3,18,167,True,True,True,False,False,1,sj01_local_temp_avg_c__fall,sj01_local_temp_avg_c__fall,sj01_local_temp_avg_c__fall,0.0001373291015625,0.0001373291015625
injected,sj01_local_temp_avg_c__fall,1.0,30.0,4,18,167,True,True,True,False,False,1,sj01_local_temp_avg_c__fall,sj01_local_temp_avg_c__fall,sj01_local_temp_avg_c__fall,0.0003643035888671875,0.0003643035888671875
injected,sj01_local_temp_avg_c__fall,1.0,30.0,5,19,169,True,True,True,False,False,1,sj01_local_temp_avg_c__fall,sj01_local_temp_avg_c__fall,sj01_local_temp_avg_c__fall,0.0003643035888671875,0.0003643035888671875
injected,sj01_local_temp_avg_c__fall,1.0,30.0,6,16,167,True,True,True,False,False,1,sj01_local_temp_avg_c__fall,sj01_local_temp_avg_c__fall,sj01_local_temp_avg_c__fall,0.0020904541015625,0.0020904541015625
injected,sj01_local_temp_avg_c__fall,1.0,30.0,7,17,165,True,True,True,False,False,1,sj01_local_temp_avg_c__fall,sj01_local_temp_avg_c__fall,sj01_local_temp_avg_c__fall,0.0011749267578125,0.0011749267578125
injected,sj01_local_temp_avg_c__fall,1.0,30.0,8,17,169,True,True,True,False,False,1,sj01_local_temp_avg_c__fall,sj01_local_temp_avg_c__fall,sj01_local_temp_avg_c__fall,0.00048828125,0.00048828125
injected,sj01_local_temp_avg_c__fall,1.0,30.0,9,22,171,True,True,True,False,False,1,sj01_local_temp_avg_c__fall,sj01_local_temp_avg_c__fall,sj01_local_temp_avg_c__fall,0.0001373291015625,0.0001373291015625
injected,sj01_local_temp_avg_c__fall,1.0,30.0,10,19,169,True,True,True,False,False,1,sj01_local_temp_avg_c__fall,sj01_local_temp_avg_c__fall,sj01_local_temp_avg_c__fall,0.0002593994140625,0.0002593994140625
injected,sj01_local_temp_avg_c__fall,1.0,30.0,11,22,172,True,True,True,False,False,1,sj01_local_temp_avg_c__fall,sj01_local_temp_avg_c__fall,sj01_local_temp_avg_c__fall,3.0517578125e-05,3.0517578125e-05
injected,sj01_local_temp_avg_c__fall,1.0,30.0,12,19,167,True,True,True,False,False,1,sj01_local_temp_avg_c__fall,sj01_local_temp_avg_c__fall,sj01_local_temp_avg_c__fall,0.0022125244140625,0.0022125244140625
injected,sj01_local_temp_avg_c__fall,1.0,30.0,13,17,168,True,True,True,False,False,1,sj01_local_temp_avg_c__fall,sj01_local_temp_avg_c__fall,sj01_local_temp_avg_c__fall,0.0006561279296875,0.0006561279296875
injected,sj01_local_temp_avg_c__fall,1.0,30.0,14,19,168,True,True,True,False,False,1,sj01_local_temp_avg_c__fall,sj01_local_temp_avg_c__fall,sj01_local_temp_avg_c__fall,0.0003643035888671875,0.0003643035888671875
injected,sj01_local_temp_avg_c__fall,1.0,30.0,15,21,169,True,True,True,False,False,1,sj01_local_temp_avg_c__fall,sj01_local_temp_avg_c__fall,sj01_local_temp_avg_c__fall,0.00020122528076171875,0.00020122528076171875
injected,sj01_local_temp_avg_c__fall,1.0,30.0,16,16,165,True,True,True,False,False,1,sj01_local_temp_avg_c__fall,sj01_local_temp_avg_c__fall,sj01_local_temp_avg_c__fall,0.0011749267578125,0.0011749267578125
injected,sj01_local_temp_avg_c__fall,1.0,30.0,17,15,166,True,True,True,False,False,1,sj01_local_temp_avg_c__fall,sj01_local_temp_avg_c__fall,sj01_local_temp_avg_c__fall,0.0020904541015625,0.0020904541015625
injected,sj01_local_temp_avg_c__fall,1.0,30.0,18,17,166,True,True,True,False,False,1,sj01_local_temp_avg_c__fall,sj01_local_temp_avg_c__fall,sj01_local_temp_avg_c__fall,0.0020904541015625,0.0020904541015625
injected,sj01_local_temp_avg_c__fall,1.0,30.0,19,20,170,True,True,True,False,False,1,sj01_local_temp_avg_c__fall,sj01_local_temp_avg_c__fall,sj01_local_temp_avg_c__fall,7.2479248046875e-05,7.2479248046875e-05
injected,sj01_local_temp_avg_c__fall,1.0,30.0,20,15,167,True,True,True,False,False,1,sj01_local_temp_avg_c__fall,sj01_local_temp_avg_c__fall,sj01_local_temp_avg_c__fall,0.00048828125,0.00048828125
injected,sj01_local_temp_avg_c__fall,1.0,30.0,21,18,166,True,True,True,False,False,1,sj01_local_temp_avg_c__fall,sj01_local_temp_avg_c__fall,sj01_local_temp_avg_c__fall,0.0011749267578125,0.0011749267578125
injected,sj01_local_temp_avg_c__fall,1.0,30.0,22,22,170,True,True,True,False,False,1,sj01_local_temp_avg_c__fall,sj01_local_temp_avg_c__fall,sj01_local_temp_avg_c__fall,0.0003643035888671875,0.0003643035888671875
injected,sj01_local_temp_avg_c__fall,1.0,30.0,23,21,170,True,True,True,False,False,1,sj01_local_temp_avg_c__fall,sj01_local_temp_avg_c__fall,sj01_local_temp_avg_c__fall,0.0002593994140625,0.0002593994140625
injected,sj01_local_temp_avg_c__fall,1.0,30.0,24,23,172,True,True,True,False,False,1,sj01_local_temp_avg_c__fall,sj01_local_temp_avg_c__fall,sj01_local_temp_avg_c__fall,3.0517578125e-05,3.0517578125e-05
injected,sj01_local_temp_avg_c__fall,1.0,30.0,25,23,169,True,True,True,False,False,1,sj01_local_temp_avg_c__fall,sj01_local_temp_avg_c__fall,sj01_local_temp_avg_c__fall,0.0001373291015625,0.0001373291015625
injected,sj01_local_temp_avg_c__fall,1.0,30.0,26,14,167,True,True,True,False,False,1,sj01_local_temp_avg_c__fall,sj01_local_temp_avg_c__fall,sj01_local_temp_avg_c__fall,0.0012884140014648438,0.0012884140014648438
injected,sj01_local_temp_avg_c__fall,1.0,30.0,27,19,167,True,True,True,False,False,1,sj01_local_temp_avg_c__fall,sj01_local_temp_avg_c__fall,sj01_local_temp_avg_c__fall,0.0007448196411132812,0.0007448196411132812
injected,sj01_local_temp_avg_c__fall,1.0,30.0,28,20,169,True,True,True,False,False,1,sj01_local_temp_avg_c__fall,sj01_local_temp_avg_c__fall,sj01_local_temp_avg_c__fall,0.00020122528076171875,0.00020122528076171875
injected,sj01_local_temp_avg_c__fall,1.0,30.0,29,16,168,True,True,True,False,False,1,sj01_local_temp_avg_c__fall,sj01_local_temp_avg_c__fall,sj01_local_temp_avg_c__fall,0.001708984375,0.001708984375
injected,sj01_local_temp_avg_c__fall,1.0,30.0,30,18,168,True,True,True,False,False,1,sj01_local_temp_avg_c__fall,sj01_local_temp_avg_c__fall,sj01_local_temp_avg_c__fall,0.00091552734375,0.00091552734375
injected,sj01_local_temp_avg_c__fall,1.0,30.0,31,24,171,True,True,True,False,False,1,sj01_local_temp_avg_c__fall,sj01_local_temp_avg_c__fall,sj01_local_temp_avg_c__fall,3.814697265625e-05,3.814697265625e-05
injected,sj01_local_temp_avg_c__fall,1.0,30.0,32,20,170,True,True,True,False,False,1,sj01_local_temp_avg_c__fall,sj01_local_temp_avg_c__fall,sj01_local_temp_avg_c__fall,0.0002593994140625,0.0002593994140625
injected,sj01_local_temp_avg_c__fall,1.0,30.0,33,21,171,True,True,True,False,False,1,sj01_local_temp_avg_c__fall,sj01_local_temp_avg_c__fall,sj01_local_temp_avg_c__fall,0.000110626220703125,0.000110626220703125
injected,sj01_local_temp_avg_c__fall,1.0,30.0,34,19,169,True,True,True,False,False,1,sj01_local_temp_avg_c__fall,sj01_local_temp_avg_c__fall,sj01_local_temp_avg_c__fall,0.0006561279296875,0.0006561279296875
injected,sj01_local_temp_avg_c__fall,1.0,30.0,35,22,168,True,True,True,False,False,1,sj01_local_temp_avg_c__fall,sj01_local_temp_avg_c__fall,sj01_local_temp_avg_c__fall,0.0001373291015625,0.0001373291015625
injected,sj01_local_temp_avg_c__fall,1.0,30.0,36,19,168,True,True,True,False,False,1,sj01_local_temp_avg_c__fall,sj01_local_temp_avg_c__fall,sj01_local_temp_avg_c__fall,0.0003643035888671875,0.0003643035888671875
injected,sj01_local_temp_avg_c__fall,1.0,30.0,37,18,166,True,True,True,False,False,1,sj01_local_temp_avg_c__fall,sj01_local_temp_avg_c__fall,sj01_local_temp_avg_c__fall,0.001708984375,0.001708984375
injected,sj01_local_temp_avg_c__fall,1.0,30.0,38,22,169,True,True,True,False,False,1,sj01_local_temp_avg_c__fall,sj01_local_temp_avg_c__fall,sj01_local_temp_avg_c__fall,0.0002593994140625,0.0002593994140625
injected,sj01_local_temp_avg_c__fall,1.0,30.0,39,24,171,True,True,True,False,False,1,sj01_local_temp_avg_c__fall,sj01_local_temp_avg_c__fall,sj01_local_temp_avg_c__fall,3.0517578125e-05,3.0517578125e-05
injected,sj01_local_temp_avg_c__fall,1.0,30.0,40,23,169,True,True,True,False,False,1,sj01_local_temp_avg_c__fall,sj01_local_temp_avg_c__fall,sj01_local_temp_avg_c__fall,0.0001220703125,0.0001220703125
injected,sj01_local_temp_avg_c__fall,1.0,30.0,41,18,167,True,True,True,False,False,1,sj01_local_temp_avg_c__fall,sj01_local_temp_avg_c__fall,sj01_local_temp_avg_c__fall,7.2479248046875e-05,7.2479248046875e-05
injected,sj01_local_temp_avg_c__fall,1.0,30.0,42,20,169,True,True,True,False,False,1,sj01_local_temp_avg_c__fall,sj01_local_temp_avg_c__fall,sj01_local_temp_avg_c__fall,7.2479248046875e-05,7.2479248046875e-05
injected,sj01_local_temp_avg_c__fall,1.0,30.0,43,18,167,True,True,True,False,False,1,sj01_local_temp_avg_c__fall,sj01_local_temp_avg_c__fall,sj01_local_temp_avg_c__fall,0.003692626953125,0.003692626953125
injected,sj01_local_temp_avg_c__fall,1.0,30.0,44,23,170,True,True,True,False,False,1,sj01_local_temp_avg_c__fall,sj01_local_temp_avg_c__fall,sj01_local_temp_avg_c__fall,7.2479248046875e-05,7.2479248046875e-05
injected,sj01_local_temp_avg_c__fall,1.0,30.0,45,22,170,True,True,True,False,False,1,sj01_local_temp_avg_c__fall,sj01_local_temp_avg_c__fall,sj01_local_temp_avg_c__fall,0.0003643035888671875,0.0003643035888671875
injected,sj01_local_temp_avg_c__fall,1.0,30.0,46,23,170,True,True,True,False,False,1,sj01_local_temp_avg_c__fall,sj01_local_temp_avg_c__fall,sj01_local_temp_avg_c__fall,7.2479248046875e-05,7.2479248046875e-05
injected,sj01_local_temp_avg_c__fall,1.0,30.0,47,19,168,True,True,True,False,False,1,sj01_local_temp_avg_c__fall,sj01_local_temp_avg_c__fall,sj01_local_temp_avg_c__fall,0.0012884140014648438,0.0012884140014648438
injected,sj01_local_temp_avg_c__fall,1.0,30.0,48,20,168,True,True,True,False,False,1,sj01_local_temp_avg_c__fall,sj01_local_temp_avg_c__fall,sj01_local_temp_avg_c__fall,0.0006561279296875,0.0006561279296875
injected,sj01_local_temp_avg_c__fall,1.0,30.0,49,17,168,True,True,True,False,False,1,sj01_local_temp_avg_c__fall,sj01_local_temp_avg_c__fall,sj01_local_temp_avg_c__fall,7.2479248046875e-05,7.2479248046875e-05
injected,sj01_local_temp_avg_c__fall,1.0,30.0,50,22,171,True,True,True,False,False,1,sj01_local_temp_avg_c__fall,sj01_local_temp_avg_c__fall,sj01_local_temp_avg_c__fall,0.0001373291015625,0.0001373291015625
injected,sj01_local_temp_avg_c__fall,1.0,30.0,51,19,169,True,True,True,False,False,1,sj01_local_temp_avg_c__fall,sj01_local_temp_avg_c__fall,sj01_local_temp_avg_c__fall,0.0001373291015625,0.0001373291015625
injected,sj01_local_temp_avg_c__fall,1.0,30.0,52,19,171,True,True,True,False,False,1,sj01_local_temp_avg_c__fall,sj01_local_temp_avg_c__fall,sj01_local_temp_avg_c__fall,7.2479248046875e-05,7.2479248046875e-05
injected,sj01_local_temp_avg_c__fall,1.0,30.0,53,20,168,True,True,True,False,False,1,sj01_local_temp_avg_c__fall,sj01_local_temp_avg_c__fall,sj01_local_temp_avg_c__fall,0.00020122528076171875,0.00020122528076171875
injected,sj01_local_temp_avg_c__fall,1.0,30.0,54,16,164,False,False,True,False,False,0,,sj01_local_temp_avg_c__fall,sj01_local_temp_avg_c__fall,0.0064697265625,0.0064697265625
injected,sj01_local_temp_avg_c__fall,1.0,30.0,55,17,166,True,True,True,False,False,1,sj01_local_temp_avg_c__fall,sj01_local_temp_avg_c__fall,sj01_local_temp_avg_c__fall,0.0006561279296875,0.0006561279296875
injected,sj01_local_temp_avg_c__fall,1.0,30.0,56,16,168,True,True,True,False,False,1,sj01_local_temp_avg_c__fall,sj01_local_temp_avg_c__fall,sj01_local_temp_avg_c__fall,0.0002593994140625,0.0002593994140625
injected,sj01_local_temp_avg_c__fall,1.0,30.0,57,19,169,True,True,True,False,False,1,sj01_local_temp_avg_c__fall,sj01_local_temp_avg_c__fall,sj01_local_temp_avg_c__fall,0.0006561279296875,0.0006561279296875
injected,sj01_local_temp_avg_c__fall,1.0,30.0,58,20,170,True,True,True,False,False,1,sj01_local_temp_avg_c__fall,sj01_local_temp_avg_c__fall,sj01_local_temp_avg_c__fall,0.0011749267578125,0.0011749267578125
injected,sj01_local_temp_avg_c__fall,1.0,30.0,59,18,167,True,True,True,False,False,1,sj01_local_temp_avg_c__fall,sj01_local_temp_avg_c__fall,sj01_local_temp_avg_c__fall,7.2479248046875e-05,7.2479248046875e-05
injected,sj01_local_temp_avg_c__fall,1.0,30.0,60,24,170,True,True,True,False,False,1,sj01_local_temp_avg_c__fall,sj01_local_temp_avg_c__fall,sj01_local_temp_avg_c__fall,7.2479248046875e-05,7.2479248046875e-05
injected,sj01_local_temp_avg_c__fall,1.0,30.0,61,17,168,True,True,True,False,False,1,sj01_local_temp_avg_c__fall,sj01_local_temp_avg_c__fall,sj01_local_temp_avg_c__fall,0.0002593994140625,0.0002593994140625
injected,sj01_local_temp_avg_c__fall,1.0,30.0,62,21,168,True,True,True,False,False,1,sj01_local_temp_avg_c__fall,sj01_local_temp_avg_c__fall,sj01_local_temp_avg_c__fall,0.0006561279296875,0.0006561279296875
injected,sj01_local_temp_avg_c__fall,1.0,30.0,63,21,168,True,True,True,False,False,1,sj01_local_temp_avg_c__fall,sj01_local_temp_avg_c__fall,sj01_local_temp_avg_c__fall,0.0001373291015625,0.0001373291015625
injected,sj01_local_temp_avg_c__fall,1.0,30.0,64,20,167,True,True,True,False,False,1,sj01_local_temp_avg_c__fall,sj01_local_temp_avg_c__fall,sj01_local_temp_avg_c__fall,0.0006561279296875,0.0006561279296875
injected,sj01_local_temp_avg_c__fall,1.0,30.0,65,20,167,True,True,True,False,False,1,sj01_local_temp_avg_c__fall,sj01_local_temp_avg_c__fall,sj01_local_temp_avg_c__fall,0.00020122528076171875,0.00020122528076171875
injected,sj01_local_temp_avg_c__fall,1.0,30.0,66,19,169,True,True,True,False,False,1,sj01_local_temp_avg_c__fall,sj01_local_temp_avg_c__fall,sj01_local_temp_avg_c__fall,0.00048828125,0.00048828125
injected,sj01_local_temp_avg_c__fall,1.0,30.0,67,17,168,True,True,True,False,False,1,sj01_local_temp_avg_c__fall,sj01_local_temp_avg_c__fall,sj01_local_temp_avg_c__fall,0.0006561279296875,0.0006561279296875
injected,sj01_local_temp_avg_c__fall,1.0,30.0,68,22,170,True,True,True,False,False,1,sj01_local_temp_avg_c__fall,sj01_local_temp_avg_c__fall,sj01_local_temp_avg_c__fall,0.0003643035888671875,0.0003643035888671875
injected,sj01_local_temp_avg_c__fall,1.0,30.0,69,17,167,True,True,True,False,False,1,sj01_local_temp_avg_c__fall,sj01_local_temp_avg_c__fall,sj01_local_temp_avg_c__fall,0.00048828125,0.00048828125
injected,sj01_local_temp_avg_c__fall,1.0,30.0,70,19,167,True,True,True,False,False,1,sj01_local_temp_avg_c__fall,sj01_local_temp_avg_c__fall,sj01_local_temp_avg_c__fall,0.0003643035888671875,0.0003643035888671875
injected,sj01_local_temp_avg_c__fall,1.0,30.0,71,19,170,True,True,True,False,False,1,sj01_local_temp_avg_c__fall,sj01_local_temp_avg_c__fall,sj01_local_temp_avg_c__fall,0.0002593994140625,0.0002593994140625
injected,sj01_local_temp_avg_c__fall,1.0,30.0,72,22,168,True,True,True,False,False,1,sj01_local_temp_avg_c__fall,sj01_local_temp_avg_c__fall,sj01_local_temp_avg_c__fall,0.0002593994140625,0.0002593994140625
injected,sj01_local_temp_avg_c__fall,1.0,30.0,73,20,168,True,True,True,False,False,1,sj01_local_temp_avg_c__fall,sj01_local_temp_avg_c__fall,sj01_local_temp_avg_c__fall,0.0006561279296875,0.0006561279296875
injected,sj01_local_temp_avg_c__fall,1.0,30.0,74,17,167,True,True,True,False,False,1,sj01_local_temp_avg_c__fall,sj01_local_temp_avg_c__fall,sj01_local_temp_avg_c__fall,0.0022125244140625,0.0022125244140625
injected,sj01_local_temp_avg_c__fall,1.0,30.0,75,26,171,True,True,True,False,False,1,sj01_local_temp_avg_c__fall,sj01_local_temp_avg_c__fall,sj01_local_temp_avg_c__fall,0.0004277229309082031,0.0004277229309082031
injected,sj01_local_temp_avg_c__fall,1.0,30.0,76,16,166,True,True,True,False,False,1,sj01_local_temp_avg_c__fall,sj01_local_temp_avg_c__fall,sj01_local_temp_avg_c__fall,0.0002593994140625,0.0002593994140625
injected,sj01_local_temp_avg_c__fall,1.0,30.0,77,17,166,True,True,True,False,False,1,sj01_local_temp_avg_c__fall,sj01_local_temp_avg_c__fall,sj01_local_temp_avg_c__fall,0.0002593994140625,0.0002593994140625
injected,sj01_local_temp_avg_c__fall,1.0,30.0,78,20,168,True,True,True,False,False,1,sj01_local_temp_avg_c__fall,sj01_local_temp_avg_c__fall,sj01_local_temp_avg_c__fall,0.0003643035888671875,0.0003643035888671875
injected,sj01_local_temp_avg_c__fall,1.0,30.0,79,16,168,True,True,True,False,False,1,sj01_local_temp_avg_c__fall,sj01_local_temp_avg_c__fall,sj01_local_temp_avg_c__fall,0.0011749267578125,0.0011749267578125
injected,sj01_local_temp_avg_c__fall,1.0,30.0,80,21,167,True,True,True,False,False,1,sj01_local_temp_avg_c__fall,sj01_local_temp_avg_c__fall,sj01_local_temp_avg_c__fall,0.0006561279296875,0.0006561279296875
injected,sj01_local_temp_avg_c__fall,1.0,30.0,81,21,168,True,True,True,False,False,1,sj01_local_temp_avg_c__fall,sj01_local_temp_avg_c__fall,sj01_local_temp_avg_c__fall,0.00020122528076171875,0.00020122528076171875
injected,sj01_local_temp_avg_c__fall,1.0,30.0,82,18,168,True,True,True,False,False,1,sj01_local_temp_avg_c__fall,sj01_local_temp_avg_c__fall,sj01_local_temp_avg_c__fall,0.0006561279296875,0.0006561279296875
injected,sj01_local_temp_avg_c__fall,1.0,30.0,83,21,168,True,True,True,False,False,1,sj01_local_temp_avg_c__fall,sj01_local_temp_avg_c__fall,sj01_local_temp_avg_c__fall,0.0001373291015625,0.0001373291015625
injected,sj01_local_temp_avg_c__fall,1.0,30.0,84,21,170,True,True,True,False,False,1,sj01_local_temp_avg_c__fall,sj01_local_temp_avg_c__fall,sj01_local_temp_avg_c__fall,0.0001373291015625,0.0001373291015625
injected,sj01_local_temp_avg_c__fall,1.0,30.0,85,18,168,True,True,True,False,False,1,sj01_local_temp_avg_c__fall,sj01_local_temp_avg_c__fall,sj01_local_temp_avg_c__fall,0.0011749267578125,0.0011749267578125
injected,sj01_local_temp_avg_c__fall,1.0,30.0,86,22,170,True,True,True,False,False,1,sj01_local_temp_avg_c__fall,sj01_local_temp_avg_c__fall,sj01_local_temp_avg_c__fall,0.0001373291015625,0.0001373291015625
injected,sj01_local_temp_avg_c__fall,1.0,30.0,87,23,170,True,True,True,False,False,1,sj01_local_temp_avg_c__fall,sj01_local_temp_avg_c__fall,sj01_local_temp_avg_c__fall,0.00020122528076171875,0.00020122528076171875
injected,sj01_local_temp_avg_c__fall,1.0,30.0,88,18,168,True,True,True,False,False,1,sj01_local_temp_avg_c__fall,sj01_local_temp_avg_c__fall,sj01_local_temp_avg_c__fall,0.0012884140014648438,0.0012884140014648438
injected,sj01_local_temp_avg_c__fall,1.0,30.0,89,18,166,True,True,True,False,False,1,sj01_local_temp_avg_c__fall,sj01_local_temp_avg_c__fall,sj01_local_temp_avg_c__fall,0.0003643035888671875,0.0003643035888671875
injected,sj01_local_temp_avg_c__fall,1.0,30.0,90,19,168,True,True,True,False,False,1,sj01_local_temp_avg_c__fall,sj01_local_temp_avg_c__fall,sj01_local_temp_avg_c__fall,0.000244140625,0.000244140625
injected,sj01_local_temp_avg_c__fall,1.0,30.0,91,19,168,True,True,True,False,False,1,sj01_local_temp_avg_c__fall,sj01_local_temp_avg_c__fall,sj01_local_temp_avg_c__fall,0.0002593994140625,0.0002593994140625
injected,sj01_local_temp_avg_c__fall,1.0,30.0,92,14,164,True,True,True,False,False,1,sj01_local_temp_avg_c__fall,sj01_local_temp_avg_c__fall,sj01_local_temp_avg_c__fall,0.0020904541015625,0.0020904541015625
injected,sj01_local_temp_avg_c__fall,1.0,30.0,93,21,170,True,True,True,False,False,1,sj01_local_temp_avg_c__fall,sj01_local_temp_avg_c__fall,sj01_local_temp_avg_c__fall,3.814697265625e-05,3.814697265625e-05
injected,sj01_local_temp_avg_c__fall,1.0,30.0,94,23,171,True,True,True,False,False,1,sj01_local_temp_avg_c__fall,sj01_local_temp_avg_c__fall,sj01_local_temp_avg_c__fall,7.2479248046875e-05,7.2479248046875e-05
injected,sj01_local_temp_avg_c__fall,1.0,30.0,95,17,167,True,True,True,False,False,1,sj01_local_temp_avg_c__fall,sj01_local_temp_avg_c__fall,sj01_local_temp_avg_c__fall,0.0037689208984375,0.0037689208984375
injected,sj01_local_temp_avg_c__fall,1.0,30.0,96,16,166,True,True,True,False,False,1,sj01_local_temp_avg_c__fall,sj01_local_temp_avg_c__fall,sj01_local_temp_avg_c__fall,0.0006561279296875,0.0006561279296875
injected,sj01_local_temp_avg_c__fall,1.0,30.0,97,21,170,True,True,True,False,False,1,sj01_local_temp_avg_c__fall,sj01_local_temp_avg_c__fall,sj01_local_temp_avg_c__fall,7.2479248046875e-05,7.2479248046875e-05
injected,sj01_local_temp_avg_c__fall,1.0,30.0,98,20,171,True,True,True,False,False,1,sj01_local_temp_avg_c__fall,sj01_local_temp_avg_c__fall,sj01_local_temp_avg_c__fall,3.814697265625e-05,3.814697265625e-05
injected,sj01_local_temp_avg_c__fall,1.0,30.0,99,21,168,True,True,True,False,False,1,sj01_local_temp_avg_c__fall,sj01_local_temp_avg_c__fall,sj01_local_temp_avg_c__fall,3.814697265625e-05,3.814697265625e-05
injected,sj01_local_temp_avg_c__fall,1.0,60.0,0,24,169,True,True,True,False,False,1,sj01_local_temp_avg_c__fall,sj01_local_temp_avg_c__fall,sj01_local_temp_avg_c__fall,0.001708984375,0.001708984375
injected,sj01_local_temp_avg_c__fall,1.0,60.0,1,22,170,True,True,True,False,False,1,sj01_local_temp_avg_c__fall,sj01_local_temp_avg_c__fall,sj01_local_temp_avg_c__fall,0.001708984375,0.001708984375
injected,sj01_local_temp_avg_c__fall,1.0,60.0,2,18,168,False,False,True,False,False,0,,sj01_local_temp_avg_c__fall,sj01_local_temp_avg_c__fall,0.017578125,0.017578125
injected,sj01_local_temp_avg_c__fall,1.0,60.0,3,18,171,False,False,False,False,False,0,,cu01_local_temp_avg_c__rise,cu01_local_temp_avg_c__rise,0.0245208740234375,0.019287109375
injected,sj01_local_temp_avg_c__fall,1.0,60.0,4,18,168,False,False,True,False,False,0,,sj01_local_temp_avg_c__fall,sj01_local_temp_avg_c__fall,0.0106353759765625,0.0106353759765625
injected,sj01_local_temp_avg_c__fall,1.0,60.0,5,19,167,False,False,True,False,False,0,,sj01_local_temp_avg_c__fall,sj01_local_temp_avg_c__fall,0.0106353759765625,0.0106353759765625
injected,sj01_local_temp_avg_c__fall,1.0,60.0,6,16,166,False,False,False,False,False,0,,cu01_local_temp_avg_c__rise,cu01_local_temp_avg_c__rise,0.0245208740234375,0.019287109375
injected,sj01_local_temp_avg_c__fall,1.0,60.0,7,17,167,False,False,False,False,False,0,,cu01_local_temp_avg_c__rise,cu01_local_temp_avg_c__rise,0.0384063720703125,0.019287109375
injected,sj01_local_temp_avg_c__fall,1.0,60.0,8,17,166,True,True,True,False,False,1,sj01_local_temp_avg_c__fall,sj01_local_temp_avg_c__fall,sj01_local_temp_avg_c__fall,0.003692626953125,0.003692626953125
injected,sj01_local_temp_avg_c__fall,1.0,60.0,9,22,169,True,True,True,False,False,1,sj01_local_temp_avg_c__fall,sj01_local_temp_avg_c__fall,sj01_local_temp_avg_c__fall,0.001708984375,0.001708984375
injected,sj01_local_temp_avg_c__fall,1.0,60.0,10,19,170,False,False,True,False,False,0,,sj01_local_temp_avg_c__fall,sj01_local_temp_avg_c__fall,0.017578125,0.017578125
injected,sj01_local_temp_avg_c__fall,1.0,60.0,11,22,168,True,True,True,False,False,1,sj01_local_temp_avg_c__fall,sj01_local_temp_avg_c__fall,sj01_local_temp_avg_c__fall,0.001708984375,0.001708984375
injected,sj01_local_temp_avg_c__fall,1.0,60.0,12,19,165,False,False,False,False,False,0,,cu01_local_temp_avg_c__rise,cu01_local_temp_avg_c__rise,0.0384063720703125,0.019287109375
injected,sj01_local_temp_avg_c__fall,1.0,60.0,13,17,166,False,False,True,False,False,0,,sj01_local_temp_avg_c__fall,sj01_local_temp_avg_c__fall,0.0106353759765625,0.0106353759765625
injected,sj01_local_temp_avg_c__fall,1.0,60.0,14,19,168,False,False,True,False,False,0,,sj01_local_temp_avg_c__fall,sj01_local_temp_avg_c__fall,0.0106353759765625,0.0106353759765625
injected,sj01_local_temp_avg_c__fall,1.0,60.0,15,21,169,False,False,True,False,False,0,,sj01_local_temp_avg_c__fall,sj01_local_temp_avg_c__fall,0.0106353759765625,0.0106353759765625
injected,sj01_local_temp_avg_c__fall,1.0,60.0,16,16,166,False,False,True,False,False,0,,sj01_local_temp_avg_c__fall,sj01_local_temp_avg_c__fall,0.017578125,0.017578125
injected,sj01_local_temp_avg_c__fall,1.0,60.0,17,15,166,False,False,False,False,False,0,,cu01_local_temp_avg_c__rise,cu01_local_temp_avg_c__rise,0.0286865234375,0.019287109375
injected,sj01_local_temp_avg_c__fall,1.0,60.0,18,17,164,False,False,False,False,False,0,,cu01_local_temp_avg_c__rise,cu01_local_temp_avg_c__rise,0.05923461914062499,0.019287109375
injected,sj01_local_temp_avg_c__fall,1.0,60.0,19,20,170,True,True,True,False,False,1,sj01_local_temp_avg_c__fall,sj01_local_temp_avg_c__fall,sj01_local_temp_avg_c__fall,0.003692626953125,0.003692626953125
injected,sj01_local_temp_avg_c__fall,1.0,60.0,20,15,165,False,False,False,False,False,0,,cu01_local_temp_avg_c__rise,cu01_local_temp_avg_c__rise,0.0286865234375,0.019287109375
injected,sj01_local_temp_avg_c__fall,1.0,60.0,21,18,168,False,False,False,False,False,0,,cu01_local_temp_avg_c__rise,cu01_local_temp_avg_c__rise,0.0717315673828125,0.019287109375
injected,sj01_local_temp_avg_c__fall,1.0,60.0,22,22,167,False,False,True,False,False,0,,sj01_local_temp_avg_c__fall,sj01_local_temp_avg_c__fall,0.0064697265625,0.0064697265625
injected,sj01_local_temp_avg_c__fall,1.0,60.0,23,21,168,True,True,True,False,False,1,sj01_local_temp_avg_c__fall,sj01_local_temp_avg_c__fall,sj01_local_temp_avg_c__fall,0.003692626953125,0.003692626953125
injected,sj01_local_temp_avg_c__fall,1.0,60.0,24,23,170,True,True,True,False,False,1,sj01_local_temp_avg_c__fall,sj01_local_temp_avg_c__fall,sj01_local_temp_avg_c__fall,0.001708984375,0.001708984375
injected,sj01_local_temp_avg_c__fall,1.0,60.0,25,23,170,False,False,True,False,False,0,,sj01_local_temp_avg_c__fall,sj01_local_temp_avg_c__fall,0.0064697265625,0.0064697265625
injected,sj01_local_temp_avg_c__fall,1.0,60.0,26,14,163,False,False,False,False,False,0,,cu01_local_temp_avg_c__rise,cu01_local_temp_avg_c__rise,0.0245208740234375,0.019287109375
injected,sj01_local_temp_avg_c__fall,1.0,60.0,27,19,167,False,False,False,False,False,0,,cu01_local_temp_avg_c__rise,cu01_local_temp_avg_c__rise,0.0625,0.019287109375
injected,sj01_local_temp_avg_c__fall,1.0,60.0,28,20,169,False,False,True,False,False,0,,sj01_local_temp_avg_c__fall,sj01_local_temp_avg_c__fall,0.0106353759765625,0.0106353759765625
injected,sj01_local_temp_avg_c__fall,1.0,60.0,29,16,165,False,False,True,False,False,0,,sj01_local_temp_avg_c__fall,sj01_local_temp_avg_c__fall,0.01123046875,0.01123046875
injected,sj01_local_temp_avg_c__fall,1.0,60.0,30,18,164,False,False,True,False,False,0,,sj01_local_temp_avg_c__fall,sj01_local_temp_avg_c__fall,0.01123046875,0.01123046875
injected,sj01_local_temp_avg_c__fall,1.0,60.0,31,24,171,True,True,True,False,False,1,sj01_local_temp_avg_c__fall,sj01_local_temp_avg_c__fall,sj01_local_temp_avg_c__fall,0.003692626953125,0.003692626953125
injected,sj01_local_temp_avg_c__fall,1.0,60.0,32,20,168,True,True,True,False,False,1,sj01_local_temp_avg_c__fall,sj01_local_temp_avg_c__fall,sj01_local_temp_avg_c__fall,0.003692626953125,0.003692626953125
injected,sj01_local_temp_avg_c__fall,1.0,60.0,33,21,167,True,True,True,False,False,1,sj01_local_temp_avg_c__fall,sj01_local_temp_avg_c__fall,sj01_local_temp_avg_c__fall,0.003692626953125,0.003692626953125
injected,sj01_local_temp_avg_c__fall,1.0,60.0,34,19,167,False,False,True,False,False,0,,sj01_local_temp_avg_c__fall,sj01_local_temp_avg_c__fall,0.0106353759765625,0.0106353759765625
injected,sj01_local_temp_avg_c__fall,1.0,60.0,35,22,170,False,False,True,False,False,0,,sj01_local_temp_avg_c__fall,sj01_local_temp_avg_c__fall,0.0064697265625,0.0064697265625
injected,sj01_local_temp_avg_c__fall,1.0,60.0,36,19,167,False,False,True,False,False,0,,sj01_local_temp_avg_c__fall,sj01_local_temp_avg_c__fall,0.0106353759765625,0.0106353759765625
injected,sj01_local_temp_avg_c__fall,1.0,60.0,37,18,167,False,False,True,False,False,0,,sj01_local_temp_avg_c__fall,sj01_local_temp_avg_c__fall,0.01123046875,0.01123046875
injected,sj01_local_temp_avg_c__fall,1.0,60.0,38,22,171,False,False,True,False,False,0,,sj01_local_temp_avg_c__fall,sj01_local_temp_avg_c__fall,0.0106353759765625,0.0106353759765625
injected,sj01_local_temp_avg_c__fall,1.0,60.0,39,24,169,True,True,True,False,False,1,sj01_local_temp_avg_c__fall,sj01_local_temp_avg_c__fall,sj01_local_temp_avg_c__fall,0.001708984375,0.001708984375
injected,sj01_local_temp_avg_c__fall,1.0,60.0,40,23,170,True,True,True,False,False,1,sj01_local_temp_avg_c__fall,sj01_local_temp_avg_c__fall,sj01_local_temp_avg_c__fall,0.003173828125,0.003173828125
injected,sj01_local_temp_avg_c__fall,1.0,60.0,41,18,167,False,False,True,False,False,0,,sj01_local_temp_avg_c__fall,sj01_local_temp_avg_c__fall,0.0106353759765625,0.0106353759765625
injected,sj01_local_temp_avg_c__fall,1.0,60.0,42,20,167,True,True,True,False,False,1,sj01_local_temp_avg_c__fall,sj01_local_temp_avg_c__fall,sj01_local_temp_avg_c__fall,0.003692626953125,0.003692626953125
injected,sj01_local_temp_avg_c__fall,1.0,60.0,43,18,167,False,False,True,False,False,0,,sj01_local_temp_avg_c__fall,sj01_local_temp_avg_c__fall,0.017578125,0.017578125
injected,sj01_local_temp_avg_c__fall,1.0,60.0,44,23,170,True,True,True,False,False,1,sj01_local_temp_avg_c__fall,sj01_local_temp_avg_c__fall,sj01_local_temp_avg_c__fall,0.003692626953125,0.003692626953125
injected,sj01_local_temp_avg_c__fall,1.0,60.0,45,22,169,False,False,True,False,False,0,,sj01_local_temp_avg_c__fall,sj01_local_temp_avg_c__fall,0.0106353759765625,0.0106353759765625
injected,sj01_local_temp_avg_c__fall,1.0,60.0,46,23,169,False,False,True,False,False,0,,sj01_local_temp_avg_c__fall,sj01_local_temp_avg_c__fall,0.0064697265625,0.0064697265625
injected,sj01_local_temp_avg_c__fall,1.0,60.0,47,19,168,False,False,True,False,False,0,,sj01_local_temp_avg_c__fall,sj01_local_temp_avg_c__fall,0.015625,0.015625
injected,sj01_local_temp_avg_c__fall,1.0,60.0,48,20,168,False,False,True,False,False,0,,sj01_local_temp_avg_c__fall,sj01_local_temp_avg_c__fall,0.0064697265625,0.0064697265625
injected,sj01_local_temp_avg_c__fall,1.0,60.0,49,17,167,False,False,False,False,False,0,,cu01_local_temp_avg_c__rise,cu01_local_temp_avg_c__rise,0.0245208740234375,0.019287109375
injected,sj01_local_temp_avg_c__fall,1.0,60.0,50,22,169,True,True,True,False,False,1,sj01_local_temp_avg_c__fall,sj01_local_temp_avg_c__fall,sj01_local_temp_avg_c__fall,0.003692626953125,0.003692626953125
injected,sj01_local_temp_avg_c__fall,1.0,60.0,51,19,169,False,False,True,False,False,0,,sj01_local_temp_avg_c__fall,sj01_local_temp_avg_c__fall,0.015625,0.015625
injected,sj01_local_temp_avg_c__fall,1.0,60.0,52,19,168,True,True,True,False,False,1,sj01_local_temp_avg_c__fall,sj01_local_temp_avg_c__fall,sj01_local_temp_avg_c__fall,0.003692626953125,0.003692626953125
injected,sj01_local_temp_avg_c__fall,1.0,60.0,53,20,169,False,False,True,False,False,0,,sj01_local_temp_avg_c__fall,sj01_local_temp_avg_c__fall,0.015625,0.015625
injected,sj01_local_temp_avg_c__fall,1.0,60.0,54,16,168,False,False,False,False,False,0,,cu01_local_temp_avg_c__rise,cu01_local_temp_avg_c__rise,0.05923461914062499,0.019287109375
injected,sj01_local_temp_avg_c__fall,1.0,60.0,55,17,165,False,False,True,False,False,0,,sj01_local_temp_avg_c__fall,sj01_local_temp_avg_c__fall,0.017578125,0.017578125
injected,sj01_local_temp_avg_c__fall,1.0,60.0,56,16,164,False,False,True,False,False,0,,sj01_local_temp_avg_c__fall,sj01_local_temp_avg_c__fall,0.0064697265625,0.0064697265625
injected,sj01_local_temp_avg_c__fall,1.0,60.0,57,19,166,False,False,False,False,False,0,,cu01_local_temp_avg_c__rise,cu01_local_temp_avg_c__rise,0.0384063720703125,0.019287109375
injected,sj01_local_temp_avg_c__fall,1.0,60.0,58,20,166,False,False,True,False,False,0,,sj01_local_temp_avg_c__fall,sj01_local_temp_avg_c__fall,0.0106353759765625,0.0106353759765625
injected,sj01_local_temp_avg_c__fall,1.0,60.0,59,18,168,False,False,True,False,False,0,,sj01_local_temp_avg_c__fall,sj01_local_temp_avg_c__fall,0.0106353759765625,0.0106353759765625
injected,sj01_local_temp_avg_c__fall,1.0,60.0,60,24,171,False,False,True,False,False,0,,sj01_local_temp_avg_c__fall,sj01_local_temp_avg_c__fall,0.0106353759765625,0.0106353759765625
injected,sj01_local_temp_avg_c__fall,1.0,60.0,61,17,168,False,False,True,False,False,0,,sj01_local_temp_avg_c__fall,sj01_local_temp_avg_c__fall,0.017578125,0.017578125
injected,sj01_local_temp_avg_c__fall,1.0,60.0,62,21,168,False,False,False,False,False,0,,cu01_local_temp_avg_c__rise,cu01_local_temp_avg_c__rise,0.0286865234375,0.019287109375
injected,sj01_local_temp_avg_c__fall,1.0,60.0,63,21,168,False,False,False,False,False,0,,cu01_local_temp_avg_c__rise,cu01_local_temp_avg_c__rise,0.0384063720703125,0.019287109375
injected,sj01_local_temp_avg_c__fall,1.0,60.0,64,20,168,False,False,True,False,False,0,,sj01_local_temp_avg_c__fall,sj01_local_temp_avg_c__fall,0.017578125,0.017578125
injected,sj01_local_temp_avg_c__fall,1.0,60.0,65,20,167,False,False,False,False,False,0,,cu01_local_temp_avg_c__rise,cu01_local_temp_avg_c__rise,0.0384063720703125,0.019287109375
injected,sj01_local_temp_avg_c__fall,1.0,60.0,66,19,170,True,True,True,False,False,1,sj01_local_temp_avg_c__fall,sj01_local_temp_avg_c__fall,sj01_local_temp_avg_c__fall,0.00091552734375,0.00091552734375
injected,sj01_local_temp_avg_c__fall,1.0,60.0,67,17,165,False,False,False,False,False,0,,cu01_local_temp_avg_c__rise,cu01_local_temp_avg_c__rise,0.0717315673828125,0.019287109375
injected,sj01_local_temp_avg_c__fall,1.0,60.0,68,22,167,False,False,True,False,False,0,,sj01_local_temp_avg_c__fall,sj01_local_temp_avg_c__fall,0.0064697265625,0.0064697265625
injected,sj01_local_temp_avg_c__fall,1.0,60.0,69,17,168,False,False,True,False,False,0,,sj01_local_temp_avg_c__fall,sj01_local_temp_avg_c__fall,0.017578125,0.017578125
injected,sj01_local_temp_avg_c__fall,1.0,60.0,70,19,167,False,False,False,False,False,0,,cu01_local_temp_avg_c__rise,cu01_local_temp_avg_c__rise,0.0384063720703125,0.019287109375
injected,sj01_local_temp_avg_c__fall,1.0,60.0,71,19,166,True,True,True,False,False,1,sj01_local_temp_avg_c__fall,sj01_local_temp_avg_c__fall,sj01_local_temp_avg_c__fall,0.003173828125,0.003173828125
injected,sj01_local_temp_avg_c__fall,1.0,60.0,72,22,169,True,True,True,False,False,1,sj01_local_temp_avg_c__fall,sj01_local_temp_avg_c__fall,sj01_local_temp_avg_c__fall,0.001708984375,0.001708984375
injected,sj01_local_temp_avg_c__fall,1.0,60.0,73,20,168,False,False,True,False,False,0,,sj01_local_temp_avg_c__fall,sj01_local_temp_avg_c__fall,0.017578125,0.017578125
injected,sj01_local_temp_avg_c__fall,1.0,60.0,74,17,166,False,False,False,False,False,0,,cu01_local_temp_avg_c__rise,cu01_local_temp_avg_c__rise,0.0245208740234375,0.019287109375
injected,sj01_local_temp_avg_c__fall,1.0,60.0,75,26,170,False,False,True,False,False,0,,sj01_local_temp_avg_c__fall,sj01_local_temp_avg_c__fall,0.0106353759765625,0.0106353759765625
injected,sj01_local_temp_avg_c__fall,1.0,60.0,76,16,166,False,False,True,False,False,0,,sj01_local_temp_avg_c__fall,sj01_local_temp_avg_c__fall,0.017578125,0.017578125
injected,sj01_local_temp_avg_c__fall,1.0,60.0,77,17,167,False,False,True,False,False,0,,sj01_local_temp_avg_c__fall,sj01_local_temp_avg_c__fall,0.0106353759765625,0.0106353759765625
injected,sj01_local_temp_avg_c__fall,1.0,60.0,78,20,166,False,False,True,False,False,0,,sj01_local_temp_avg_c__fall,sj01_local_temp_avg_c__fall,0.0064697265625,0.0064697265625
injected,sj01_local_temp_avg_c__fall,1.0,60.0,79,16,164,False,False,False,False,False,0,,cu01_local_temp_avg_c__rise,cu01_local_temp_avg_c__rise,0.0286865234375,0.019287109375
injected,sj01_local_temp_avg_c__fall,1.0,60.0,80,21,169,False,False,True,False,False,0,,sj01_local_temp_avg_c__fall,sj01_local_temp_avg_c__fall,0.017578125,0.017578125
injected,sj01_local_temp_avg_c__fall,1.0,60.0,81,21,168,False,False,True,False,False,0,,sj01_local_temp_avg_c__fall,sj01_local_temp_avg_c__fall,0.0106353759765625,0.0106353759765625
injected,sj01_local_temp_avg_c__fall,1.0,60.0,82,18,166,False,False,True,False,False,0,,sj01_local_temp_avg_c__fall,sj01_local_temp_avg_c__fall,0.0106353759765625,0.0106353759765625
injected,sj01_local_temp_avg_c__fall,1.0,60.0,83,21,168,False,False,True,False,False,0,,sj01_local_temp_avg_c__fall,sj01_local_temp_avg_c__fall,0.017578125,0.017578125
injected,sj01_local_temp_avg_c__fall,1.0,60.0,84,21,169,True,True,True,False,False,1,sj01_local_temp_avg_c__fall,sj01_local_temp_avg_c__fall,sj01_local_temp_avg_c__fall,0.003692626953125,0.003692626953125
injected,sj01_local_temp_avg_c__fall,1.0,60.0,85,18,167,False,False,True,False,False,0,,sj01_local_temp_avg_c__fall,sj01_local_temp_avg_c__fall,0.017578125,0.017578125
injected,sj01_local_temp_avg_c__fall,1.0,60.0,86,22,168,False,False,True,False,False,0,,sj01_local_temp_avg_c__fall,sj01_local_temp_avg_c__fall,0.0064697265625,0.0064697265625
injected,sj01_local_temp_avg_c__fall,1.0,60.0,87,23,168,False,False,True,False,False,0,,sj01_local_temp_avg_c__fall,sj01_local_temp_avg_c__fall,0.0106353759765625,0.0106353759765625
injected,sj01_local_temp_avg_c__fall,1.0,60.0,88,18,166,False,False,True,False,False,0,,sj01_local_temp_avg_c__fall,sj01_local_temp_avg_c__fall,0.0106353759765625,0.0106353759765625
injected,sj01_local_temp_avg_c__fall,1.0,60.0,89,18,166,False,False,True,False,False,0,,sj01_local_temp_avg_c__fall,sj01_local_temp_avg_c__fall,0.017578125,0.017578125
injected,sj01_local_temp_avg_c__fall,1.0,60.0,90,19,166,True,True,True,False,False,1,sj01_local_temp_avg_c__fall,sj01_local_temp_avg_c__fall,sj01_local_temp_avg_c__fall,0.003173828125,0.003173828125
injected,sj01_local_temp_avg_c__fall,1.0,60.0,91,19,169,False,False,True,False,False,0,,sj01_local_temp_avg_c__fall,sj01_local_temp_avg_c__fall,0.017578125,0.017578125
injected,sj01_local_temp_avg_c__fall,1.0,60.0,92,14,164,False,False,False,False,False,0,,cu01_local_temp_avg_c__rise,cu01_local_temp_avg_c__rise,0.072998046875,0.019287109375
injected,sj01_local_temp_avg_c__fall,1.0,60.0,93,21,168,True,True,True,False,False,1,sj01_local_temp_avg_c__fall,sj01_local_temp_avg_c__fall,sj01_local_temp_avg_c__fall,0.00091552734375,0.00091552734375
injected,sj01_local_temp_avg_c__fall,1.0,60.0,94,23,172,True,True,True,False,False,1,sj01_local_temp_avg_c__fall,sj01_local_temp_avg_c__fall,sj01_local_temp_avg_c__fall,0.003692626953125,0.003692626953125
injected,sj01_local_temp_avg_c__fall,1.0,60.0,95,17,166,False,False,False,False,False,0,,cu01_local_temp_avg_c__rise,cu01_local_temp_avg_c__rise,0.048126220703125,0.019287109375
injected,sj01_local_temp_avg_c__fall,1.0,60.0,96,16,167,False,False,True,False,False,0,,sj01_local_temp_avg_c__fall,sj01_local_temp_avg_c__fall,0.015625,0.015625
injected,sj01_local_temp_avg_c__fall,1.0,60.0,97,21,169,False,False,True,False,False,0,,sj01_local_temp_avg_c__fall,sj01_local_temp_avg_c__fall,0.0106353759765625,0.0106353759765625
injected,sj01_local_temp_avg_c__fall,1.0,60.0,98,20,167,True,True,True,False,False,1,sj01_local_temp_avg_c__fall,sj01_local_temp_avg_c__fall,sj01_local_temp_avg_c__fall,0.003692626953125,0.003692626953125
injected,sj01_local_temp_avg_c__fall,1.0,60.0,99,21,169,False,False,True,False,False,0,,sj01_local_temp_avg_c__fall,sj01_local_temp_avg_c__fall,0.0106353759765625,0.0106353759765625
injected,sj01_local_temp_avg_c__fall,1.5,15.0,0,24,172,True,True,True,False,False,1,sj01_local_temp_avg_c__fall,sj01_local_temp_avg_c__fall,sj01_local_temp_avg_c__fall,4.76837158203125e-07,4.76837158203125e-07
injected,sj01_local_temp_avg_c__fall,1.5,15.0,1,22,170,True,True,True,False,False,1,sj01_local_temp_avg_c__fall,sj01_local_temp_avg_c__fall,sj01_local_temp_avg_c__fall,3.814697265625e-06,3.814697265625e-06
injected,sj01_local_temp_avg_c__fall,1.5,15.0,2,18,169,True,True,True,False,False,1,sj01_local_temp_avg_c__fall,sj01_local_temp_avg_c__fall,sj01_local_temp_avg_c__fall,3.814697265625e-05,3.814697265625e-05
injected,sj01_local_temp_avg_c__fall,1.5,15.0,3,18,168,True,True,True,False,False,1,sj01_local_temp_avg_c__fall,sj01_local_temp_avg_c__fall,sj01_local_temp_avg_c__fall,3.814697265625e-05,3.814697265625e-05
injected,sj01_local_temp_avg_c__fall,1.5,15.0,4,18,169,True,True,True,False,False,1,sj01_local_temp_avg_c__fall,sj01_local_temp_avg_c__fall,sj01_local_temp_avg_c__fall,2.002716064453125e-05,2.002716064453125e-05
injected,sj01_local_temp_avg_c__fall,1.5,15.0,5,19,169,True,True,True,False,False,1,sj01_local_temp_avg_c__fall,sj01_local_temp_avg_c__fall,sj01_local_temp_avg_c__fall,0.000110626220703125,0.000110626220703125
injected,sj01_local_temp_avg_c__fall,1.5,15.0,6,16,167,True,True,True,False,False,1,sj01_local_temp_avg_c__fall,sj01_local_temp_avg_c__fall,sj01_local_temp_avg_c__fall,0.0001373291015625,0.0001373291015625
injected,sj01_local_temp_avg_c__fall,1.5,15.0,7,17,167,True,True,True,False,False,1,sj01_local_temp_avg_c__fall,sj01_local_temp_avg_c__fall,sj01_local_temp_avg_c__fall,0.0003643035888671875,0.0003643035888671875
injected,sj01_local_temp_avg_c__fall,1.5,15.0,8,17,169,True,True,True,False,False,1,sj01_local_temp_avg_c__fall,sj01_local_temp_avg_c__fall,sj01_local_temp_avg_c__fall,2.002716064453125e-05,2.002716064453125e-05
injected,sj01_local_temp_avg_c__fall,1.5,15.0,9,22,170,True,True,True,False,False,1,sj01_local_temp_avg_c__fall,sj01_local_temp_avg_c__fall,sj01_local_temp_avg_c__fall,3.814697265625e-06,3.814697265625e-06
injected,sj01_local_temp_avg_c__fall,1.5,15.0,10,19,169,True,True,True,False,False,1,sj01_local_temp_avg_c__fall,sj01_local_temp_avg_c__fall,sj01_local_temp_avg_c__fall,7.62939453125e-06,7.62939453125e-06
injected,sj01_local_temp_avg_c__fall,1.5,15.0,11,22,171,True,True,True,False,False,1,sj01_local_temp_avg_c__fall,sj01_local_temp_avg_c__fall,sj01_local_temp_avg_c__fall,4.76837158203125e-07,4.76837158203125e-07
injected,sj01_local_temp_avg_c__fall,1.5,15.0,12,19,166,True,True,True,False,False,1,sj01_local_temp_avg_c__fall,sj01_local_temp_avg_c__fall,sj01_local_temp_avg_c__fall,0.0003643035888671875,0.0003643035888671875
injected,sj01_local_temp_avg_c__fall,1.5,15.0,13,17,166,True,True,True,False,False,1,sj01_local_temp_avg_c__fall,sj01_local_temp_avg_c__fall,sj01_local_temp_avg_c__fall,0.00020122528076171875,0.00020122528076171875
injected,sj01_local_temp_avg_c__fall,1.5,15.0,14,19,168,True,True,True,False,False,1,sj01_local_temp_avg_c__fall,sj01_local_temp_avg_c__fall,sj01_local_temp_avg_c__fall,0.000110626220703125,0.000110626220703125
injected,sj01_local_temp_avg_c__fall,1.5,15.0,15,21,170,True,True,True,False,False,1,sj01_local_temp_avg_c__fall,sj01_local_temp_avg_c__fall,sj01_local_temp_avg_c__fall,1.049041748046875e-05,1.049041748046875e-05
injected,sj01_local_temp_avg_c__fall,1.5,15.0,16,16,166,True,True,True,False,False,1,sj01_local_temp_avg_c__fall,sj01_local_temp_avg_c__fall,sj01_local_temp_avg_c__fall,0.0003643035888671875,0.0003643035888671875
injected,sj01_local_temp_avg_c__fall,1.5,15.0,17,15,166,True,True,True,False,False,1,sj01_local_temp_avg_c__fall,sj01_local_temp_avg_c__fall,sj01_local_temp_avg_c__fall,0.0001373291015625,0.0001373291015625
injected,sj01_local_temp_avg_c__fall,1.5,15.0,18,17,166,True,True,True,False,False,1,sj01_local_temp_avg_c__fall,sj01_local_temp_avg_c__fall,sj01_local_temp_avg_c__fall,0.0001373291015625,0.0001373291015625
injected,sj01_local_temp_avg_c__fall,1.5,15.0,19,20,170,True,True,True,False,False,1,sj01_local_temp_avg_c__fall,sj01_local_temp_avg_c__fall,sj01_local_temp_avg_c__fall,3.814697265625e-06,3.814697265625e-06
injected,sj01_local_temp_avg_c__fall,1.5,15.0,20,15,166,True,True,True,False,False,1,sj01_local_temp_avg_c__fall,sj01_local_temp_avg_c__fall,sj01_local_temp_avg_c__fall,3.0517578125e-05,3.0517578125e-05
injected,sj01_local_temp_avg_c__fall,1.5,15.0,21,18,166,True,True,True,False,False,1,sj01_local_temp_avg_c__fall,sj01_local_temp_avg_c__fall,sj01_local_temp_avg_c__fall,0.0001373291015625,0.0001373291015625
injected,sj01_local_temp_avg_c__fall,1.5,15.0,22,22,169,True,True,True,False,False,1,sj01_local_temp_avg_c__fall,sj01_local_temp_avg_c__fall,sj01_local_temp_avg_c__fall,2.002716064453125e-05,2.002716064453125e-05
injected,sj01_local_temp_avg_c__fall,1.5,15.0,23,21,170,True,True,True,False,False,1,sj01_local_temp_avg_c__fall,sj01_local_temp_avg_c__fall,sj01_local_temp_avg_c__fall,1.049041748046875e-05,1.049041748046875e-05
injected,sj01_local_temp_avg_c__fall,1.5,15.0,24,23,171,True,True,True,False,False,1,sj01_local_temp_avg_c__fall,sj01_local_temp_avg_c__fall,sj01_local_temp_avg_c__fall,9.5367431640625e-07,9.5367431640625e-07
injected,sj01_local_temp_avg_c__fall,1.5,15.0,25,23,169,True,True,True,False,False,1,sj01_local_temp_avg_c__fall,sj01_local_temp_avg_c__fall,sj01_local_temp_avg_c__fall,3.814697265625e-06,3.814697265625e-06
injected,sj01_local_temp_avg_c__fall,1.5,15.0,26,14,167,True,True,True,False,False,1,sj01_local_temp_avg_c__fall,sj01_local_temp_avg_c__fall,sj01_local_temp_avg_c__fall,0.0004277229309082031,0.0004277229309082031
injected,sj01_local_temp_avg_c__fall,1.5,15.0,27,19,168,True,True,True,False,False,1,sj01_local_temp_avg_c__fall,sj01_local_temp_avg_c__fall,sj01_local_temp_avg_c__fall,0.000244140625,0.000244140625
injected,sj01_local_temp_avg_c__fall,1.5,15.0,28,20,169,True,True,True,False,False,1,sj01_local_temp_avg_c__fall,sj01_local_temp_avg_c__fall,sj01_local_temp_avg_c__fall,3.3020973205566406e-05,3.3020973205566406e-05
injected,sj01_local_temp_avg_c__fall,1.5,15.0,29,16,167,True,True,True,False,False,1,sj01_local_temp_avg_c__fall,sj01_local_temp_avg_c__fall,sj01_local_temp_avg_c__fall,7.2479248046875e-05,7.2479248046875e-05
injected,sj01_local_temp_avg_c__fall,1.5,15.0,30,18,169,True,True,True,False,False,1,sj01_local_temp_avg_c__fall,sj01_local_temp_avg_c__fall,sj01_local_temp_avg_c__fall,3.814697265625e-05,3.814697265625e-05
injected,sj01_local_temp_avg_c__fall,1.5,15.0,31,24,171,True,True,True,False,False,1,sj01_local_temp_avg_c__fall,sj01_local_temp_avg_c__fall,sj01_local_temp_avg_c__fall,9.5367431640625e-07,9.5367431640625e-07
injected,sj01_local_temp_avg_c__fall,1.5,15.0,32,20,170,True,True,True,False,False,1,sj01_local_temp_avg_c__fall,sj01_local_temp_avg_c__fall,sj01_local_temp_avg_c__fall,2.002716064453125e-05,2.002716064453125e-05
injected,sj01_local_temp_avg_c__fall,1.5,15.0,33,21,171,True,True,True,False,False,1,sj01_local_temp_avg_c__fall,sj01_local_temp_avg_c__fall,sj01_local_temp_avg_c__fall,5.4836273193359375e-06,5.4836273193359375e-06
injected,sj01_local_temp_avg_c__fall,1.5,15.0,34,19,168,True,True,True,False,False,1,sj01_local_temp_avg_c__fall,sj01_local_temp_avg_c__fall,sj01_local_temp_avg_c__fall,3.814697265625e-05,3.814697265625e-05
injected,sj01_local_temp_avg_c__fall,1.5,15.0,35,22,169,True,True,True,False,False,1,sj01_local_temp_avg_c__fall,sj01_local_temp_avg_c__fall,sj01_local_temp_avg_c__fall,3.814697265625e-06,3.814697265625e-06
injected,sj01_local_temp_avg_c__fall,1.5,15.0,36,19,170,True,True,True,False,False,1,sj01_local_temp_avg_c__fall,sj01_local_temp_avg_c__fall,sj01_local_temp_avg_c__fall,2.002716064453125e-05,2.002716064453125e-05
injected,sj01_local_temp_avg_c__fall,1.5,15.0,37,18,167,True,True,True,False,False,1,sj01_local_temp_avg_c__fall,sj01_local_temp_avg_c__fall,sj01_local_temp_avg_c__fall,6.103515625e-05,6.103515625e-05
injected,sj01_local_temp_avg_c__fall,1.5,15.0,38,22,169,True,True,True,False,False,1,sj01_local_temp_avg_c__fall,sj01_local_temp_avg_c__fall,sj01_local_temp_avg_c__fall,3.814697265625e-05,3.814697265625e-05
injected,sj01_local_temp_avg_c__fall,1.5,15.0,39,24,171,True,True,True,False,False,1,sj01_local_temp_avg_c__fall,sj01_local_temp_avg_c__fall,sj01_local_temp_avg_c__fall,9.5367431640625e-07,9.5367431640625e-07
injected,sj01_local_temp_avg_c__fall,1.5,15.0,40,23,170,True,True,True,False,False,1,sj01_local_temp_avg_c__fall,sj01_local_temp_avg_c__fall,sj01_local_temp_avg_c__fall,1.9073486328125e-06,1.9073486328125e-06
injected,sj01_local_temp_avg_c__fall,1.5,15.0,41,18,168,True,True,True,False,False,1,sj01_local_temp_avg_c__fall,sj01_local_temp_avg_c__fall,sj01_local_temp_avg_c__fall,7.62939453125e-06,7.62939453125e-06
injected,sj01_local_temp_avg_c__fall,1.5,15.0,42,20,168,True,True,True,False,False,1,sj01_local_temp_avg_c__fall,sj01_local_temp_avg_c__fall,sj01_local_temp_avg_c__fall,3.814697265625e-06,3.814697265625e-06
injected,sj01_local_temp_avg_c__fall,1.5,15.0,43,18,166,True,True,True,False,False,1,sj01_local_temp_avg_c__fall,sj01_local_temp_avg_c__fall,sj01_local_temp_avg_c__fall,0.00020122528076171875,0.00020122528076171875
injected,sj01_local_temp_avg_c__fall,1.5,15.0,44,23,170,True,True,True,False,False,1,sj01_local_temp_avg_c__fall,sj01_local_temp_avg_c__fall,sj01_local_temp_avg_c__fall,3.814697265625e-06,3.814697265625e-06
injected,sj01_local_temp_avg_c__fall,1.5,15.0,45,22,170,True,True,True,False,False,1,sj01_local_temp_avg_c__fall,sj01_local_temp_avg_c__fall,sj01_local_temp_avg_c__fall,6.0558319091796875e-05,6.0558319091796875e-05
injected,sj01_local_temp_avg_c__fall,1.5,15.0,46,23,170,True,True,True,False,False,1,sj01_local_temp_avg_c__fall,sj01_local_temp_avg_c__fall,sj01_local_temp_avg_c__fall,1.9073486328125e-06,1.9073486328125e-06
injected,sj01_local_temp_avg_c__fall,1.5,15.0,47,19,168,True,True,True,False,False,1,sj01_local_temp_avg_c__fall,sj01_local_temp_avg_c__fall,sj01_local_temp_avg_c__fall,0.000110626220703125,0.000110626220703125
injected,sj01_local_temp_avg_c__fall,1.5,15.0,48,20,169,True,True,True,False,False,1,sj01_local_temp_avg_c__fall,sj01_local_temp_avg_c__fall,sj01_local_temp_avg_c__fall,3.814697265625e-05,3.814697265625e-05
injected,sj01_local_temp_avg_c__fall,1.5,15.0,49,17,169,True,True,True,False,False,1,sj01_local_temp_avg_c__fall,sj01_local_temp_avg_c__fall,sj01_local_temp_avg_c__fall,3.814697265625e-06,3.814697265625e-06
injected,sj01_local_temp_avg_c__fall,1.5,15.0,50,22,171,True,True,True,False,False,1,sj01_local_temp_avg_c__fall,sj01_local_temp_avg_c__fall,sj01_local_temp_avg_c__fall,2.002716064453125e-05,2.002716064453125e-05
injected,sj01_local_temp_avg_c__fall,1.5,15.0,51,19,168,True,True,True,False,False,1,sj01_local_temp_avg_c__fall,sj01_local_temp_avg_c__fall,sj01_local_temp_avg_c__fall,3.814697265625e-05,3.814697265625e-05
injected,sj01_local_temp_avg_c__fall,1.5,15.0,52,19,172,True,True,True,False,False,1,sj01_local_temp_avg_c__fall,sj01_local_temp_avg_c__fall,sj01_local_temp_avg_c__fall,9.5367431640625e-07,9.5367431640625e-07
injected,sj01_local_temp_avg_c__fall,1.5,15.0,53,20,169,True,True,True,False,False,1,sj01_local_temp_avg_c__fall,sj01_local_temp_avg_c__fall,sj01_local_temp_avg_c__fall,6.0558319091796875e-05,6.0558319091796875e-05
injected,sj01_local_temp_avg_c__fall,1.5,15.0,54,16,165,True,True,True,False,False,1,sj01_local_temp_avg_c__fall,sj01_local_temp_avg_c__fall,sj01_local_temp_avg_c__fall,0.0011749267578125,0.0011749267578125
injected,sj01_local_temp_avg_c__fall,1.5,15.0,55,17,166,True,True,True,False,False,1,sj01_local_temp_avg_c__fall,sj01_local_temp_avg_c__fall,sj01_local_temp_avg_c__fall,7.2479248046875e-05,7.2479248046875e-05
injected,sj01_local_temp_avg_c__fall,1.5,15.0,56,16,167,True,True,True,False,False,1,sj01_local_temp_avg_c__fall,sj01_local_temp_avg_c__fall,sj01_local_temp_avg_c__fall,1.52587890625e-05,1.52587890625e-05
injected,sj01_local_temp_avg_c__fall,1.5,15.0,57,19,167,True,True,True,False,False,1,sj01_local_temp_avg_c__fall,sj01_local_temp_avg_c__fall,sj01_local_temp_avg_c__fall,0.00020122528076171875,0.00020122528076171875
injected,sj01_local_temp_avg_c__fall,1.5,15.0,58,20,170,True,True,True,False,False,1,sj01_local_temp_avg_c__fall,sj01_local_temp_avg_c__fall,sj01_local_temp_avg_c__fall,0.000110626220703125,0.000110626220703125
injected,sj01_local_temp_avg_c__fall,1.5,15.0,59,18,168,True,True,True,False,False,1,sj01_local_temp_avg_c__fall,sj01_local_temp_avg_c__fall,sj01_local_temp_avg_c__fall,7.62939453125e-06,7.62939453125e-06
injected,sj01_local_temp_avg_c__fall,1.5,15.0,60,24,170,True,True,True,False,False,1,sj01_local_temp_avg_c__fall,sj01_local_temp_avg_c__fall,sj01_local_temp_avg_c__fall,1.9073486328125e-06,1.9073486328125e-06
injected,sj01_local_temp_avg_c__fall,1.5,15.0,61,17,167,True,True,True,False,False,1,sj01_local_temp_avg_c__fall,sj01_local_temp_avg_c__fall,sj01_local_temp_avg_c__fall,7.2479248046875e-05,7.2479248046875e-05
injected,sj01_local_temp_avg_c__fall,1.5,15.0,62,21,168,True,True,True,False,False,1,sj01_local_temp_avg_c__fall,sj01_local_temp_avg_c__fall,sj01_local_temp_avg_c__fall,3.814697265625e-05,3.814697265625e-05
injected,sj01_local_temp_avg_c__fall,1.5,15.0,63,21,168,True,True,True,False,False,1,sj01_local_temp_avg_c__fall,sj01_local_temp_avg_c__fall,sj01_local_temp_avg_c__fall,3.814697265625e-05,3.814697265625e-05
injected,sj01_local_temp_avg_c__fall,1.5,15.0,64,20,168,True,True,True,False,False,1,sj01_local_temp_avg_c__fall,sj01_local_temp_avg_c__fall,sj01_local_temp_avg_c__fall,0.000110626220703125,0.000110626220703125
injected,sj01_local_temp_avg_c__fall,1.5,15.0,65,20,169,True,True,True,False,False,1,sj01_local_temp_avg_c__fall,sj01_local_temp_avg_c__fall,sj01_local_temp_avg_c__fall,6.0558319091796875e-05,6.0558319091796875e-05
injected,sj01_local_temp_avg_c__fall,1.5,15.0,66,19,168,True,True,True,False,False,1,sj01_local_temp_avg_c__fall,sj01_local_temp_avg_c__fall,sj01_local_temp_avg_c__fall,1.52587890625e-05,1.52587890625e-05
injected,sj01_local_temp_avg_c__fall,1.5,15.0,67,17,167,True,True,True,False,False,1,sj01_local_temp_avg_c__fall,sj01_local_temp_avg_c__fall,sj01_local_temp_avg_c__fall,7.2479248046875e-05,7.2479248046875e-05
injected,sj01_local_temp_avg_c__fall,1.5,15.0,68,22,169,True,True,True,False,False,1,sj01_local_temp_avg_c__fall,sj01_local_temp_avg_c__fall,sj01_local_temp_avg_c__fall,1.049041748046875e-05,1.049041748046875e-05
injected,sj01_local_temp_avg_c__fall,1.5,15.0,69,17,167,True,True,True,False,False,1,sj01_local_temp_avg_c__fall,sj01_local_temp_avg_c__fall,sj01_local_temp_avg_c__fall,3.0517578125e-05,3.0517578125e-05
injected,sj01_local_temp_avg_c__fall,1.5,15.0,70,19,169,True,True,True,False,False,1,sj01_local_temp_avg_c__fall,sj01_local_temp_avg_c__fall,sj01_local_temp_avg_c__fall,0.000110626220703125,0.000110626220703125
injected,sj01_local_temp_avg_c__fall,1.5,15.0,71,19,169,True,True,True,False,False,1,sj01_local_temp_avg_c__fall,sj01_local_temp_avg_c__fall,sj01_local_temp_avg_c__fall,7.62939453125e-06,7.62939453125e-06
injected,sj01_local_temp_avg_c__fall,1.5,15.0,72,22,169,True,True,True,False,False,1,sj01_local_temp_avg_c__fall,sj01_local_temp_avg_c__fall,sj01_local_temp_avg_c__fall,7.62939453125e-06,7.62939453125e-06
injected,sj01_local_temp_avg_c__fall,1.5,15.0,73,20,169,True,True,True,False,False,1,sj01_local_temp_avg_c__fall,sj01_local_temp_avg_c__fall,sj01_local_temp_avg_c__fall,2.002716064453125e-05,2.002716064453125e-05
injected,sj01_local_temp_avg_c__fall,1.5,15.0,74,17,168,True,True,True,False,False,1,sj01_local_temp_avg_c__fall,sj01_local_temp_avg_c__fall,sj01_local_temp_avg_c__fall,0.00020122528076171875,0.00020122528076171875
injected,sj01_local_temp_avg_c__fall,1.5,15.0,75,26,171,True,True,True,False,False,1,sj01_local_temp_avg_c__fall,sj01_local_temp_avg_c__fall,sj01_local_temp_avg_c__fall,1.7940998077392578e-05,1.7940998077392578e-05
injected,sj01_local_temp_avg_c__fall,1.5,15.0,76,16,167,True,True,True,False,False,1,sj01_local_temp_avg_c__fall,sj01_local_temp_avg_c__fall,sj01_local_temp_avg_c__fall,7.2479248046875e-05,7.2479248046875e-05
injected,sj01_local_temp_avg_c__fall,1.5,15.0,77,17,167,True,True,True,False,False,1,sj01_local_temp_avg_c__fall,sj01_local_temp_avg_c__fall,sj01_local_temp_avg_c__fall,3.0517578125e-05,3.0517578125e-05
injected,sj01_local_temp_avg_c__fall,1.5,15.0,78,20,169,True,True,True,False,False,1,sj01_local_temp_avg_c__fall,sj01_local_temp_avg_c__fall,sj01_local_temp_avg_c__fall,2.002716064453125e-05,2.002716064453125e-05
injected,sj01_local_temp_avg_c__fall,1.5,15.0,79,16,166,True,True,True,False,False,1,sj01_local_temp_avg_c__fall,sj01_local_temp_avg_c__fall,sj01_local_temp_avg_c__fall,7.2479248046875e-05,7.2479248046875e-05
injected,sj01_local_temp_avg_c__fall,1.5,15.0,80,21,168,True,True,True,False,False,1,sj01_local_temp_avg_c__fall,sj01_local_temp_avg_c__fall,sj01_local_temp_avg_c__fall,3.814697265625e-05,3.814697265625e-05
injected,sj01_local_temp_avg_c__fall,1.5,15.0,81,21,169,True,True,True,False,False,1,sj01_local_temp_avg_c__fall,sj01_local_temp_avg_c__fall,sj01_local_temp_avg_c__fall,6.0558319091796875e-05,6.0558319091796875e-05
injected,sj01_local_temp_avg_c__fall,1.5,15.0,82,18,167,True,True,True,False,False,1,sj01_local_temp_avg_c__fall,sj01_local_temp_avg_c__fall,sj01_local_temp_avg_c__fall,7.2479248046875e-05,7.2479248046875e-05
injected,sj01_local_temp_avg_c__fall,1.5,15.0,83,21,168,True,True,True,False,False,1,sj01_local_temp_avg_c__fall,sj01_local_temp_avg_c__fall,sj01_local_temp_avg_c__fall,7.62939453125e-06,7.62939453125e-06
injected,sj01_local_temp_avg_c__fall,1.5,15.0,84,21,171,True,True,True,False,False,1,sj01_local_temp_avg_c__fall,sj01_local_temp_avg_c__fall,sj01_local_temp_avg_c__fall,1.9073486328125e-06,1.9073486328125e-06
injected,sj01_local_temp_avg_c__fall,1.5,15.0,85,18,168,True,True,True,False,False,1,sj01_local_temp_avg_c__fall,sj01_local_temp_avg_c__fall,sj01_local_temp_avg_c__fall,7.2479248046875e-05,7.2479248046875e-05
injected,sj01_local_temp_avg_c__fall,1.5,15.0,86,22,169,True,True,True,False,False,1,sj01_local_temp_avg_c__fall,sj01_local_temp_avg_c__fall,sj01_local_temp_avg_c__fall,1.9073486328125e-06,1.9073486328125e-06
injected,sj01_local_temp_avg_c__fall,1.5,15.0,87,23,169,True,True,True,False,False,1,sj01_local_temp_avg_c__fall,sj01_local_temp_avg_c__fall,sj01_local_temp_avg_c__fall,6.0558319091796875e-05,6.0558319091796875e-05
injected,sj01_local_temp_avg_c__fall,1.5,15.0,88,18,168,True,True,True,False,False,1,sj01_local_temp_avg_c__fall,sj01_local_temp_avg_c__fall,sj01_local_temp_avg_c__fall,0.000110626220703125,0.000110626220703125
injected,sj01_local_temp_avg_c__fall,1.5,15.0,89,18,167,True,True,True,False,False,1,sj01_local_temp_avg_c__fall,sj01_local_temp_avg_c__fall,sj01_local_temp_avg_c__fall,3.814697265625e-05,3.814697265625e-05
injected,sj01_local_temp_avg_c__fall,1.5,15.0,90,19,167,True,True,True,False,False,1,sj01_local_temp_avg_c__fall,sj01_local_temp_avg_c__fall,sj01_local_temp_avg_c__fall,7.62939453125e-06,7.62939453125e-06
injected,sj01_local_temp_avg_c__fall,1.5,15.0,91,19,169,True,True,True,False,False,1,sj01_local_temp_avg_c__fall,sj01_local_temp_avg_c__fall,sj01_local_temp_avg_c__fall,7.62939453125e-06,7.62939453125e-06
injected,sj01_local_temp_avg_c__fall,1.5,15.0,92,14,163,True,True,True,False,False,1,sj01_local_temp_avg_c__fall,sj01_local_temp_avg_c__fall,sj01_local_temp_avg_c__fall,0.0020904541015625,0.0020904541015625
injected,sj01_local_temp_avg_c__fall,1.5,15.0,93,21,171,True,True,True,False,False,1,sj01_local_temp_avg_c__fall,sj01_local_temp_avg_c__fall,sj01_local_temp_avg_c__fall,9.5367431640625e-07,9.5367431640625e-07
injected,sj01_local_temp_avg_c__fall,1.5,15.0,94,23,170,True,True,True,False,False,1,sj01_local_temp_avg_c__fall,sj01_local_temp_avg_c__fall,sj01_local_temp_avg_c__fall,1.9073486328125e-06,1.9073486328125e-06
injected,sj01_local_temp_avg_c__fall,1.5,15.0,95,17,167,True,True,True,False,False,1,sj01_local_temp_avg_c__fall,sj01_local_temp_avg_c__fall,sj01_local_temp_avg_c__fall,0.0003643035888671875,0.0003643035888671875
injected,sj01_local_temp_avg_c__fall,1.5,15.0,96,16,167,True,True,True,False,False,1,sj01_local_temp_avg_c__fall,sj01_local_temp_avg_c__fall,sj01_local_temp_avg_c__fall,3.814697265625e-05,3.814697265625e-05
injected,sj01_local_temp_avg_c__fall,1.5,15.0,97,21,170,True,True,True,False,False,1,sj01_local_temp_avg_c__fall,sj01_local_temp_avg_c__fall,sj01_local_temp_avg_c__fall,3.814697265625e-06,3.814697265625e-06
injected,sj01_local_temp_avg_c__fall,1.5,15.0,98,20,170,True,True,True,False,False,1,sj01_local_temp_avg_c__fall,sj01_local_temp_avg_c__fall,sj01_local_temp_avg_c__fall,5.4836273193359375e-06,5.4836273193359375e-06
injected,sj01_local_temp_avg_c__fall,1.5,15.0,99,21,169,True,True,True,False,False,1,sj01_local_temp_avg_c__fall,sj01_local_temp_avg_c__fall,sj01_local_temp_avg_c__fall,2.002716064453125e-05,2.002716064453125e-05
injected,sj01_local_temp_avg_c__fall,1.5,30.0,0,24,171,True,True,True,False,False,1,sj01_local_temp_avg_c__fall,sj01_local_temp_avg_c__fall,sj01_local_temp_avg_c__fall,5.4836273193359375e-06,5.4836273193359375e-06
injected,sj01_local_temp_avg_c__fall,1.5,30.0,1,22,169,True,True,True,False,False,1,sj01_local_temp_avg_c__fall,sj01_local_temp_avg_c__fall,sj01_local_temp_avg_c__fall,3.814697265625e-05,3.814697265625e-05
injected,sj01_local_temp_avg_c__fall,1.5,30.0,2,18,170,True,True,True,False,False,1,sj01_local_temp_avg_c__fall,sj01_local_temp_avg_c__fall,sj01_local_temp_avg_c__fall,0.00020122528076171875,0.00020122528076171875
injected,sj01_local_temp_avg_c__fall,1.5,30.0,3,18,167,True,True,True,False,False,1,sj01_local_temp_avg_c__fall,sj01_local_temp_avg_c__fall,sj01_local_temp_avg_c__fall,3.814697265625e-05,3.814697265625e-05
injected,sj01_local_temp_avg_c__fall,1.5,30.0,4,18,167,True,True,True,False,False,1,sj01_local_temp_avg_c__fall,sj01_local_temp_avg_c__fall,sj01_local_temp_avg_c__fall,0.000110626220703125,0.000110626220703125
injected,sj01_local_temp_avg_c__fall,1.5,30.0,5,19,169,True,True,True,False,False,1,sj01_local_temp_avg_c__fall,sj01_local_temp_avg_c__fall,sj01_local_temp_avg_c__fall,0.000110626220703125,0.000110626220703125
injected,sj01_local_temp_avg_c__fall,1.5,30.0,6,16,167,True,True,True,False,False,1,sj01_local_temp_avg_c__fall,sj01_local_temp_avg_c__fall,sj01_local_temp_avg_c__fall,0.0006561279296875,0.0006561279296875
injected,sj01_local_temp_avg_c__fall,1.5,30.0,7,17,165,True,True,True,False,False,1,sj01_local_temp_avg_c__fall,sj01_local_temp_avg_c__fall,sj01_local_temp_avg_c__fall,0.0003643035888671875,0.0003643035888671875
injected,sj01_local_temp_avg_c__fall,1.5,30.0,8,17,169,True,True,True,False,False,1,sj01_local_temp_avg_c__fall,sj01_local_temp_avg_c__fall,sj01_local_temp_avg_c__fall,0.000110626220703125,0.000110626220703125
injected,sj01_local_temp_avg_c__fall,1.5,30.0,9,22,171,True,True,True,False,False,1,sj01_local_temp_avg_c__fall,sj01_local_temp_avg_c__fall,sj01_local_temp_avg_c__fall,3.814697265625e-05,3.814697265625e-05
injected,sj01_local_temp_avg_c__fall,1.5,30.0,10,19,169,True,True,True,False,False,1,sj01_local_temp_avg_c__fall,sj01_local_temp_avg_c__fall,sj01_local_temp_avg_c__fall,7.2479248046875e-05,7.2479248046875e-05
injected,sj01_local_temp_avg_c__fall,1.5,30.0,11,22,172,True,True,True,False,False,1,sj01_local_temp_avg_c__fall,sj01_local_temp_avg_c__fall,sj01_local_temp_avg_c__fall,5.4836273193359375e-06,5.4836273193359375e-06
injected,sj01_local_temp_avg_c__fall,1.5,30.0,12,19,167,True,True,True,False,False,1,sj01_local_temp_avg_c__fall,sj01_local_temp_avg_c__fall,sj01_local_temp_avg_c__fall,0.0012884140014648438,0.0012884140014648438
injected,sj01_local_temp_avg_c__fall,1.5,30.0,13,17,168,True,True,True,False,False,1,sj01_local_temp_avg_c__fall,sj01_local_temp_avg_c__fall,sj01_local_temp_avg_c__fall,0.00020122528076171875,0.00020122528076171875
injected,sj01_local_temp_avg_c__fall,1.5,30.0,14,19,168,True,True,True,False,False,1,sj01_local_temp_avg_c__fall,sj01_local_temp_avg_c__fall,sj01_local_temp_avg_c__fall,0.000110626220703125,0.000110626220703125
injected,sj01_local_temp_avg_c__fall,1.5,30.0,15,21,169,True,True,True,False,False,1,sj01_local_temp_avg_c__fall,sj01_local_temp_avg_c__fall,sj01_local_temp_avg_c__fall,6.0558319091796875e-05,6.0558319091796875e-05
injected,sj01_local_temp_avg_c__fall,1.5,30.0,16,16,165,True,True,True,False,False,1,sj01_local_temp_avg_c__fall,sj01_local_temp_avg_c__fall,sj01_local_temp_avg_c__fall,0.0003643035888671875,0.0003643035888671875
injected,sj01_local_temp_avg_c__fall,1.5,30.0,17,15,166,True,True,True,False,False,1,sj01_local_temp_avg_c__fall,sj01_local_temp_avg_c__fall,sj01_local_temp_avg_c__fall,0.0006561279296875,0.0006561279296875
injected,sj01_local_temp_avg_c__fall,1.5,30.0,18,17,166,True,True,True,False,False,1,sj01_local_temp_avg_c__fall,sj01_local_temp_avg_c__fall,sj01_local_temp_avg_c__fall,0.0006561279296875,0.0006561279296875
injected,sj01_local_temp_avg_c__fall,1.5,30.0,19,20,170,True,True,True,False,False,1,sj01_local_temp_avg_c__fall,sj01_local_temp_avg_c__fall,sj01_local_temp_avg_c__fall,3.814697265625e-05,3.814697265625e-05
injected,sj01_local_temp_avg_c__fall,1.5,30.0,20,15,167,True,True,True,False,False,1,sj01_local_temp_avg_c__fall,sj01_local_temp_avg_c__fall,sj01_local_temp_avg_c__fall,0.0002593994140625,0.0002593994140625
injected,sj01_local_temp_avg_c__fall,1.5,30.0,21,18,166,True,True,True,False,False,1,sj01_local_temp_avg_c__fall,sj01_local_temp_avg_c__fall,sj01_local_temp_avg_c__fall,0.0006561279296875,0.0006561279296875
injected,sj01_local_temp_avg_c__fall,1.5,30.0,22,22,170,True,True,True,False,False,1,sj01_local_temp_avg_c__fall,sj01_local_temp_avg_c__fall,sj01_local_temp_avg_c__fall,0.000110626220703125,0.000110626220703125
injected,sj01_local_temp_avg_c__fall,1.5,30.0,23,21,170,True,True,True,False,False,1,sj01_local_temp_avg_c__fall,sj01_local_temp_avg_c__fall,sj01_local_temp_avg_c__fall,6.0558319091796875e-05,6.0558319091796875e-05
injected,sj01_local_temp_avg_c__fall,1.5,30.0,24,23,172,True,True,True,False,False,1,sj01_local_temp_avg_c__fall,sj01_local_temp_avg_c__fall,sj01_local_temp_avg_c__fall,1.049041748046875e-05,1.049041748046875e-05
injected,sj01_local_temp_avg_c__fall,1.5,30.0,25,23,169,True,True,True,False,False,1,sj01_local_temp_avg_c__fall,sj01_local_temp_avg_c__fall,sj01_local_temp_avg_c__fall,3.814697265625e-05,3.814697265625e-05
injected,sj01_local_temp_avg_c__fall,1.5,30.0,26,14,167,True,True,True,False,False,1,sj01_local_temp_avg_c__fall,sj01_local_temp_avg_c__fall,sj01_local_temp_avg_c__fall,0.0004277229309082031,0.0004277229309082031
injected,sj01_local_temp_avg_c__fall,1.5,30.0,27,19,167,True,True,True,False,False,1,sj01_local_temp_avg_c__fall,sj01_local_temp_avg_c__fall,sj01_local_temp_avg_c__fall,0.000244140625,0.000244140625
injected,sj01_local_temp_avg_c__fall,1.5,30.0,28,20,169,True,True,True,False,False,1,sj01_local_temp_avg_c__fall,sj01_local_temp_avg_c__fall,sj01_local_temp_avg_c__fall,3.3020973205566406e-05,3.3020973205566406e-05
injected,sj01_local_temp_avg_c__fall,1.5,30.0,29,16,168,True,True,True,False,False,1,sj01_local_temp_avg_c__fall,sj01_local_temp_avg_c__fall,sj01_local_temp_avg_c__fall,0.0003643035888671875,0.0003643035888671875
injected,sj01_local_temp_avg_c__fall,1.5,30.0,30,18,168,True,True,True,False,False,1,sj01_local_temp_avg_c__fall,sj01_local_temp_avg_c__fall,sj01_local_temp_avg_c__fall,0.00020122528076171875,0.00020122528076171875
injected,sj01_local_temp_avg_c__fall,1.5,30.0,31,24,171,True,True,True,False,False,1,sj01_local_temp_avg_c__fall,sj01_local_temp_avg_c__fall,sj01_local_temp_avg_c__fall,1.049041748046875e-05,1.049041748046875e-05
injected,sj01_local_temp_avg_c__fall,1.5,30.0,32,20,170,True,True,True,False,False,1,sj01_local_temp_avg_c__fall,sj01_local_temp_avg_c__fall,sj01_local_temp_avg_c__fall,0.000110626220703125,0.000110626220703125
injected,sj01_local_temp_avg_c__fall,1.5,30.0,33,21,171,True,True,True,False,False,1,sj01_local_temp_avg_c__fall,sj01_local_temp_avg_c__fall,sj01_local_temp_avg_c__fall,3.3020973205566406e-05,3.3020973205566406e-05
injected,sj01_local_temp_avg_c__fall,1.5,30.0,34,19,169,True,True,True,False,False,1,sj01_local_temp_avg_c__fall,sj01_local_temp_avg_c__fall,sj01_local_temp_avg_c__fall,0.00020122528076171875,0.00020122528076171875
injected,sj01_local_temp_avg_c__fall,1.5,30.0,35,22,168,True,True,True,False,False,1,sj01_local_temp_avg_c__fall,sj01_local_temp_avg_c__fall,sj01_local_temp_avg_c__fall,3.814697265625e-05,3.814697265625e-05
injected,sj01_local_temp_avg_c__fall,1.5,30.0,36,19,168,True,True,True,False,False,1,sj01_local_temp_avg_c__fall,sj01_local_temp_avg_c__fall,sj01_local_temp_avg_c__fall,0.000110626220703125,0.000110626220703125
injected,sj01_local_temp_avg_c__fall,1.5,30.0,37,18,166,True,True,True,False,False,1,sj01_local_temp_avg_c__fall,sj01_local_temp_avg_c__fall,sj01_local_temp_avg_c__fall,0.00048828125,0.00048828125
injected,sj01_local_temp_avg_c__fall,1.5,30.0,38,22,169,True,True,True,False,False,1,sj01_local_temp_avg_c__fall,sj01_local_temp_avg_c__fall,sj01_local_temp_avg_c__fall,3.814697265625e-05,3.814697265625e-05
injected,sj01_local_temp_avg_c__fall,1.5,30.0,39,24,171,True,True,True,False,False,1,sj01_local_temp_avg_c__fall,sj01_local_temp_avg_c__fall,sj01_local_temp_avg_c__fall,1.049041748046875e-05,1.049041748046875e-05
injected,sj01_local_temp_avg_c__fall,1.5,30.0,40,23,169,True,True,True,False,False,1,sj01_local_temp_avg_c__fall,sj01_local_temp_avg_c__fall,sj01_local_temp_avg_c__fall,2.002716064453125e-05,2.002716064453125e-05
injected,sj01_local_temp_avg_c__fall,1.5,30.0,41,18,167,True,True,True,False,False,1,sj01_local_temp_avg_c__fall,sj01_local_temp_avg_c__fall,sj01_local_temp_avg_c__fall,7.2479248046875e-05,7.2479248046875e-05
injected,sj01_local_temp_avg_c__fall,1.5,30.0,42,20,169,True,True,True,False,False,1,sj01_local_temp_avg_c__fall,sj01_local_temp_avg_c__fall,sj01_local_temp_avg_c__fall,3.814697265625e-05,3.814697265625e-05
injected,sj01_local_temp_avg_c__fall,1.5,30.0,43,18,167,True,True,True,False,False,1,sj01_local_temp_avg_c__fall,sj01_local_temp_avg_c__fall,sj01_local_temp_avg_c__fall,0.0007448196411132812,0.0007448196411132812
injected,sj01_local_temp_avg_c__fall,1.5,30.0,44,23,170,True,True,True,False,False,1,sj01_local_temp_avg_c__fall,sj01_local_temp_avg_c__fall,sj01_local_temp_avg_c__fall,3.814697265625e-05,3.814697265625e-05
injected,sj01_local_temp_avg_c__fall,1.5,30.0,45,22,170,True,True,True,False,False,1,sj01_local_temp_avg_c__fall,sj01_local_temp_avg_c__fall,sj01_local_temp_avg_c__fall,6.0558319091796875e-05,6.0558319091796875e-05
injected,sj01_local_temp_avg_c__fall,1.5,30.0,46,23,170,True,True,True,False,False,1,sj01_local_temp_avg_c__fall,sj01_local_temp_avg_c__fall,sj01_local_temp_avg_c__fall,2.002716064453125e-05,2.002716064453125e-05
injected,sj01_local_temp_avg_c__fall,1.5,30.0,47,19,168,True,True,True,False,False,1,sj01_local_temp_avg_c__fall,sj01_local_temp_avg_c__fall,sj01_local_temp_avg_c__fall,0.0004277229309082031,0.0004277229309082031
injected,sj01_local_temp_avg_c__fall,1.5,30.0,48,20,168,True,True,True,False,False,1,sj01_local_temp_avg_c__fall,sj01_local_temp_avg_c__fall,sj01_local_temp_avg_c__fall,0.00020122528076171875,0.00020122528076171875
injected,sj01_local_temp_avg_c__fall,1.5,30.0,49,17,168,True,True,True,False,False,1,sj01_local_temp_avg_c__fall,sj01_local_temp_avg_c__fall,sj01_local_temp_avg_c__fall,3.814697265625e-05,3.814697265625e-05
injected,sj01_local_temp_avg_c__fall,1.5,30.0,50,22,171,True,True,True,False,False,1,sj01_local_temp_avg_c__fall,sj01_local_temp_avg_c__fall,sj01_local_temp_avg_c__fall,2.002716064453125e-05,2.002716064453125e-05
injected,sj01_local_temp_avg_c__fall,1.5,30.0,51,19,169,True,True,True,False,False,1,sj01_local_temp_avg_c__fall,sj01_local_temp_avg_c__fall,sj01_local_temp_avg_c__fall,3.814697265625e-05,3.814697265625e-05
injected,sj01_local_temp_avg_c__fall,1.5,30.0,52,19,171,True,True,True,False,False,1,sj01_local_temp_avg_c__fall,sj01_local_temp_avg_c__fall,sj01_local_temp_avg_c__fall,1.049041748046875e-05,1.049041748046875e-05
injected,sj01_local_temp_avg_c__fall,1.5,30.0,53,20,168,True,True,True,False,False,1,sj01_local_temp_avg_c__fall,sj01_local_temp_avg_c__fall,sj01_local_temp_avg_c__fall,6.0558319091796875e-05,6.0558319091796875e-05
injected,sj01_local_temp_avg_c__fall,1.5,30.0,54,16,164,True,True,True,False,False,1,sj01_local_temp_avg_c__fall,sj01_local_temp_avg_c__fall,sj01_local_temp_avg_c__fall,0.0011749267578125,0.0011749267578125
injected,sj01_local_temp_avg_c__fall,1.5,30.0,55,17,166,True,True,True,False,False,1,sj01_local_temp_avg_c__fall,sj01_local_temp_avg_c__fall,sj01_local_temp_avg_c__fall,0.0003643035888671875,0.0003643035888671875
injected,sj01_local_temp_avg_c__fall,1.5,30.0,56,16,168,True,True,True,False,False,1,sj01_local_temp_avg_c__fall,sj01_local_temp_avg_c__fall,sj01_local_temp_avg_c__fall,0.0001373291015625,0.0001373291015625
injected,sj01_local_temp_avg_c__fall,1.5,30.0,57,19,169,True,True,True,False,False,1,sj01_local_temp_avg_c__fall,sj01_local_temp_avg_c__fall,sj01_local_temp_avg_c__fall,0.00020122528076171875,0.00020122528076171875
injected,sj01_local_temp_avg_c__fall,1.5,30.0,58,20,170,True,True,True,False,False,1,sj01_local_temp_avg_c__fall,sj01_local_temp_avg_c__fall,sj01_local_temp_avg_c__fall,0.0004277229309082031,0.0004277229309082031
injected,sj01_local_temp_avg_c__fall,1.5,30.0,59,18,167,True,True,True,False,False,1,sj01_local_temp_avg_c__fall,sj01_local_temp_avg_c__fall,sj01_local_temp_avg_c__fall,7.2479248046875e-05,7.2479248046875e-05
injected,sj01_local_temp_avg_c__fall,1.5,30.0,60,24,170,True,True,True,False,False,1,sj01_local_temp_avg_c__fall,sj01_local_temp_avg_c__fall,sj01_local_temp_avg_c__fall,2.002716064453125e-05,2.002716064453125e-05
injected,sj01_local_temp_avg_c__fall,1.5,30.0,61,17,168,True,True,True,False,False,1,sj01_local_temp_avg_c__fall,sj01_local_temp_avg_c__fall,sj01_local_temp_avg_c__fall,7.2479248046875e-05,7.2479248046875e-05
injected,sj01_local_temp_avg_c__fall,1.5,30.0,62,21,168,True,True,True,False,False,1,sj01_local_temp_avg_c__fall,sj01_local_temp_avg_c__fall,sj01_local_temp_avg_c__fall,0.00020122528076171875,0.00020122528076171875
injected,sj01_local_temp_avg_c__fall,1.5,30.0,63,21,168,True,True,True,False,False,1,sj01_local_temp_avg_c__fall,sj01_local_temp_avg_c__fall,sj01_local_temp_avg_c__fall,3.814697265625e-05,3.814697265625e-05
injected,sj01_local_temp_avg_c__fall,1.5,30.0,64,20,167,True,True,True,False,False,1,sj01_local_temp_avg_c__fall,sj01_local_temp_avg_c__fall,sj01_local_temp_avg_c__fall,0.000110626220703125,0.000110626220703125
injected,sj01_local_temp_avg_c__fall,1.5,30.0,65,20,167,True,True,True,False,False,1,sj01_local_temp_avg_c__fall,sj01_local_temp_avg_c__fall,sj01_local_temp_avg_c__fall,6.0558319091796875e-05,6.0558319091796875e-05
injected,sj01_local_temp_avg_c__fall,1.5,30.0,66,19,169,True,True,True,False,False,1,sj01_local_temp_avg_c__fall,sj01_local_temp_avg_c__fall,sj01_local_temp_avg_c__fall,0.0001373291015625,0.0001373291015625
injected,sj01_local_temp_avg_c__fall,1.5,30.0,67,17,168,True,True,True,False,False,1,sj01_local_temp_avg_c__fall,sj01_local_temp_avg_c__fall,sj01_local_temp_avg_c__fall,0.0003643035888671875,0.0003643035888671875
injected,sj01_local_temp_avg_c__fall,1.5,30.0,68,22,170,True,True,True,False,False,1,sj01_local_temp_avg_c__fall,sj01_local_temp_avg_c__fall,sj01_local_temp_avg_c__fall,6.0558319091796875e-05,6.0558319091796875e-05
injected,sj01_local_temp_avg_c__fall,1.5,30.0,69,17,167,True,True,True,False,False,1,sj01_local_temp_avg_c__fall,sj01_local_temp_avg_c__fall,sj01_local_temp_avg_c__fall,0.0002593994140625,0.0002593994140625
injected,sj01_local_temp_avg_c__fall,1.5,30.0,70,19,167,True,True,True,False,False,1,sj01_local_temp_avg_c__fall,sj01_local_temp_avg_c__fall,sj01_local_temp_avg_c__fall,0.000110626220703125,0.000110626220703125
injected,sj01_local_temp_avg_c__fall,1.5,30.0,71,19,170,True,True,True,False,False,1,sj01_local_temp_avg_c__fall,sj01_local_temp_avg_c__fall,sj01_local_temp_avg_c__fall,7.2479248046875e-05,7.2479248046875e-05
injected,sj01_local_temp_avg_c__fall,1.5,30.0,72,22,168,True,True,True,False,False,1,sj01_local_temp_avg_c__fall,sj01_local_temp_avg_c__fall,sj01_local_temp_avg_c__fall,7.2479248046875e-05,7.2479248046875e-05
injected,sj01_local_temp_avg_c__fall,1.5,30.0,73,20,168,True,True,True,False,False,1,sj01_local_temp_avg_c__fall,sj01_local_temp_avg_c__fall,sj01_local_temp_avg_c__fall,0.000110626220703125,0.000110626220703125
injected,sj01_local_temp_avg_c__fall,1.5,30.0,74,17,167,True,True,True,False,False,1,sj01_local_temp_avg_c__fall,sj01_local_temp_avg_c__fall,sj01_local_temp_avg_c__fall,0.0007448196411132812,0.0007448196411132812
injected,sj01_local_temp_avg_c__fall,1.5,30.0,75,26,171,True,True,True,False,False,1,sj01_local_temp_avg_c__fall,sj01_local_temp_avg_c__fall,sj01_local_temp_avg_c__fall,7.826089859008789e-05,7.826089859008789e-05
injected,sj01_local_temp_avg_c__fall,1.5,30.0,76,16,166,True,True,True,False,False,1,sj01_local_temp_avg_c__fall,sj01_local_temp_avg_c__fall,sj01_local_temp_avg_c__fall,7.2479248046875e-05,7.2479248046875e-05
injected,sj01_local_temp_avg_c__fall,1.5,30.0,77,17,166,True,True,True,False,False,1,sj01_local_temp_avg_c__fall,sj01_local_temp_avg_c__fall,sj01_local_temp_avg_c__fall,0.0002593994140625,0.0002593994140625
injected,sj01_local_temp_avg_c__fall,1.5,30.0,78,20,168,True,True,True,False,False,1,sj01_local_temp_avg_c__fall,sj01_local_temp_avg_c__fall,sj01_local_temp_avg_c__fall,0.000110626220703125,0.000110626220703125
injected,sj01_local_temp_avg_c__fall,1.5,30.0,79,16,168,True,True,True,False,False,1,sj01_local_temp_avg_c__fall,sj01_local_temp_avg_c__fall,sj01_local_temp_avg_c__fall,0.0003643035888671875,0.0003643035888671875
injected,sj01_local_temp_avg_c__fall,1.5,30.0,80,21,167,True,True,True,False,False,1,sj01_local_temp_avg_c__fall,sj01_local_temp_avg_c__fall,sj01_local_temp_avg_c__fall,0.00020122528076171875,0.00020122528076171875
injected,sj01_local_temp_avg_c__fall,1.5,30.0,81,21,168,True,True,True,False,False,1,sj01_local_temp_avg_c__fall,sj01_local_temp_avg_c__fall,sj01_local_temp_avg_c__fall,6.0558319091796875e-05,6.0558319091796875e-05
injected,sj01_local_temp_avg_c__fall,1.5,30.0,82,18,168,True,True,True,False,False,1,sj01_local_temp_avg_c__fall,sj01_local_temp_avg_c__fall,sj01_local_temp_avg_c__fall,0.0003643035888671875,0.0003643035888671875
injected,sj01_local_temp_avg_c__fall,1.5,30.0,83,21,168,True,True,True,False,False,1,sj01_local_temp_avg_c__fall,sj01_local_temp_avg_c__fall,sj01_local_temp_avg_c__fall,7.2479248046875e-05,7.2479248046875e-05
injected,sj01_local_temp_avg_c__fall,1.5,30.0,84,21,170,True,True,True,False,False,1,sj01_local_temp_avg_c__fall,sj01_local_temp_avg_c__fall,sj01_local_temp_avg_c__fall,2.002716064453125e-05,2.002716064453125e-05
injected,sj01_local_temp_avg_c__fall,1.5,30.0,85,18,168,True,True,True,False,False,1,sj01_local_temp_avg_c__fall,sj01_local_temp_avg_c__fall,sj01_local_temp_avg_c__fall,0.0003643035888671875,0.0003643035888671875
injected,sj01_local_temp_avg_c__fall,1.5,30.0,86,22,170,True,True,True,False,False,1,sj01_local_temp_avg_c__fall,sj01_local_temp_avg_c__fall,sj01_local_temp_avg_c__fall,2.002716064453125e-05,2.002716064453125e-05
injected,sj01_local_temp_avg_c__fall,1.5,30.0,87,23,170,True,True,True,False,False,1,sj01_local_temp_avg_c__fall,sj01_local_temp_avg_c__fall,sj01_local_temp_avg_c__fall,6.0558319091796875e-05,6.0558319091796875e-05
injected,sj01_local_temp_avg_c__fall,1.5,30.0,88,18,168,True,True,True,False,False,1,sj01_local_temp_avg_c__fall,sj01_local_temp_avg_c__fall,sj01_local_temp_avg_c__fall,0.0004277229309082031,0.0004277229309082031
injected,sj01_local_temp_avg_c__fall,1.5,30.0,89,18,166,True,True,True,False,False,1,sj01_local_temp_avg_c__fall,sj01_local_temp_avg_c__fall,sj01_local_temp_avg_c__fall,0.00020122528076171875,0.00020122528076171875
injected,sj01_local_temp_avg_c__fall,1.5,30.0,90,19,168,True,True,True,False,False,1,sj01_local_temp_avg_c__fall,sj01_local_temp_avg_c__fall,sj01_local_temp_avg_c__fall,7.2479248046875e-05,7.2479248046875e-05
injected,sj01_local_temp_avg_c__fall,1.5,30.0,91,19,168,True,True,True,False,False,1,sj01_local_temp_avg_c__fall,sj01_local_temp_avg_c__fall,sj01_local_temp_avg_c__fall,7.2479248046875e-05,7.2479248046875e-05
injected,sj01_local_temp_avg_c__fall,1.5,30.0,92,14,164,True,True,True,False,False,1,sj01_local_temp_avg_c__fall,sj01_local_temp_avg_c__fall,sj01_local_temp_avg_c__fall,0.0020904541015625,0.0020904541015625
injected,sj01_local_temp_avg_c__fall,1.5,30.0,93,21,170,True,True,True,False,False,1,sj01_local_temp_avg_c__fall,sj01_local_temp_avg_c__fall,sj01_local_temp_avg_c__fall,1.049041748046875e-05,1.049041748046875e-05
injected,sj01_local_temp_avg_c__fall,1.5,30.0,94,23,171,True,True,True,False,False,1,sj01_local_temp_avg_c__fall,sj01_local_temp_avg_c__fall,sj01_local_temp_avg_c__fall,2.002716064453125e-05,2.002716064453125e-05
injected,sj01_local_temp_avg_c__fall,1.5,30.0,95,17,167,True,True,True,False,False,1,sj01_local_temp_avg_c__fall,sj01_local_temp_avg_c__fall,sj01_local_temp_avg_c__fall,0.0012884140014648438,0.0012884140014648438
injected,sj01_local_temp_avg_c__fall,1.5,30.0,96,16,166,True,True,True,False,False,1,sj01_local_temp_avg_c__fall,sj01_local_temp_avg_c__fall,sj01_local_temp_avg_c__fall,0.00020122528076171875,0.00020122528076171875
injected,sj01_local_temp_avg_c__fall,1.5,30.0,97,21,170,True,True,True,False,False,1,sj01_local_temp_avg_c__fall,sj01_local_temp_avg_c__fall,sj01_local_temp_avg_c__fall,3.814697265625e-05,3.814697265625e-05
injected,sj01_local_temp_avg_c__fall,1.5,30.0,98,20,171,True,True,True,False,False,1,sj01_local_temp_avg_c__fall,sj01_local_temp_avg_c__fall,sj01_local_temp_avg_c__fall,5.4836273193359375e-06,5.4836273193359375e-06
injected,sj01_local_temp_avg_c__fall,1.5,30.0,99,21,168,True,True,True,False,False,1,sj01_local_temp_avg_c__fall,sj01_local_temp_avg_c__fall,sj01_local_temp_avg_c__fall,2.002716064453125e-05,2.002716064453125e-05
injected,sj01_local_temp_avg_c__fall,1.5,60.0,0,24,169,True,True,True,False,False,1,sj01_local_temp_avg_c__fall,sj01_local_temp_avg_c__fall,sj01_local_temp_avg_c__fall,0.00091552734375,0.00091552734375
injected,sj01_local_temp_avg_c__fall,1.5,60.0,1,22,170,True,True,True,False,False,1,sj01_local_temp_avg_c__fall,sj01_local_temp_avg_c__fall,sj01_local_temp_avg_c__fall,0.001708984375,0.001708984375
injected,sj01_local_temp_avg_c__fall,1.5,60.0,2,18,168,False,False,True,False,False,0,,sj01_local_temp_avg_c__fall,sj01_local_temp_avg_c__fall,0.0106353759765625,0.0106353759765625
injected,sj01_local_temp_avg_c__fall,1.5,60.0,3,18,171,False,False,False,False,False,0,,cu01_local_temp_avg_c__rise,cu01_local_temp_avg_c__rise,0.0245208740234375,0.019287109375
injected,sj01_local_temp_avg_c__fall,1.5,60.0,4,18,168,False,False,True,False,False,0,,sj01_local_temp_avg_c__fall,sj01_local_temp_avg_c__fall,0.0063629150390625,0.0063629150390625
injected,sj01_local_temp_avg_c__fall,1.5,60.0,5,19,167,False,False,True,False,False,0,,sj01_local_temp_avg_c__fall,sj01_local_temp_avg_c__fall,0.0063629150390625,0.0063629150390625
injected,sj01_local_temp_avg_c__fall,1.5,60.0,6,16,166,False,False,False,False,False,0,,cu01_local_temp_avg_c__rise,cu01_local_temp_avg_c__rise,0.0245208740234375,0.019287109375
injected,sj01_local_temp_avg_c__fall,1.5,60.0,7,17,167,False,False,False,False,False,0,,cu01_local_temp_avg_c__rise,cu01_local_temp_avg_c__rise,0.0245208740234375,0.019287109375
injected,sj01_local_temp_avg_c__fall,1.5,60.0,8,17,166,True,True,True,False,False,1,sj01_local_temp_avg_c__fall,sj01_local_temp_avg_c__fall,sj01_local_temp_avg_c__fall,0.003692626953125,0.003692626953125
injected,sj01_local_temp_avg_c__fall,1.5,60.0,9,22,169,True,True,True,False,False,1,sj01_local_temp_avg_c__fall,sj01_local_temp_avg_c__fall,sj01_local_temp_avg_c__fall,0.00091552734375,0.00091552734375
injected,sj01_local_temp_avg_c__fall,1.5,60.0,10,19,170,False,False,True,False,False,0,,sj01_local_temp_avg_c__fall,sj01_local_temp_avg_c__fall,0.0106353759765625,0.0106353759765625
injected,sj01_local_temp_avg_c__fall,1.5,60.0,11,22,168,True,True,True,False,False,1,sj01_local_temp_avg_c__fall,sj01_local_temp_avg_c__fall,sj01_local_temp_avg_c__fall,0.00091552734375,0.00091552734375
injected,sj01_local_temp_avg_c__fall,1.5,60.0,12,19,165,False,False,False,False,False,0,,cu01_local_temp_avg_c__rise,cu01_local_temp_avg_c__rise,0.0245208740234375,0.019287109375
injected,sj01_local_temp_avg_c__fall,1.5,60.0,13,17,166,False,False,True,False,False,0,,sj01_local_temp_avg_c__fall,sj01_local_temp_avg_c__fall,0.0106353759765625,0.0106353759765625
injected,sj01_local_temp_avg_c__fall,1.5,60.0,14,19,168,False,False,True,False,False,0,,sj01_local_temp_avg_c__fall,sj01_local_temp_avg_c__fall,0.0063629150390625,0.0063629150390625
injected,sj01_local_temp_avg_c__fall,1.5,60.0,15,21,169,False,False,True,False,False,0,,sj01_local_temp_avg_c__fall,sj01_local_temp_avg_c__fall,0.0106353759765625,0.0106353759765625
injected,sj01_local_temp_avg_c__fall,1.5,60.0,16,16,166,False,False,True,False,False,0,,sj01_local_temp_avg_c__fall,sj01_local_temp_avg_c__fall,0.017578125,0.017578125
injected,sj01_local_temp_avg_c__fall,1.5,60.0,17,15,166,False,False,False,False,False,0,,cu01_local_temp_avg_c__rise,cu01_local_temp_avg_c__rise,0.0286865234375,0.019287109375
injected,sj01_local_temp_avg_c__fall,1.5,60.0,18,17,164,False,False,False,False,False,0,,cu01_local_temp_avg_c__rise,cu01_local_temp_avg_c__rise,0.0384063720703125,0.019287109375
injected,sj01_local_temp_avg_c__fall,1.5,60.0,19,20,170,True,True,True,False,False,1,sj01_local_temp_avg_c__fall,sj01_local_temp_avg_c__fall,sj01_local_temp_avg_c__fall,0.0020904541015625,0.0020904541015625
injected,sj01_local_temp_avg_c__fall,1.5,60.0,20,15,165,False,False,True,False,False,0,,sj01_local_temp_avg_c__fall,sj01_local_temp_avg_c__fall,0.017578125,0.017578125
injected,sj01_local_temp_avg_c__fall,1.5,60.0,21,18,168,False,False,False,False,False,0,,cu01_local_temp_avg_c__rise,cu01_local_temp_avg_c__rise,0.048126220703125,0.019287109375
injected,sj01_local_temp_avg_c__fall,1.5,60.0,22,22,167,True,True,True,False,False,1,sj01_local_temp_avg_c__fall,sj01_local_temp_avg_c__fall,sj01_local_temp_avg_c__fall,0.003692626953125,0.003692626953125
injected,sj01_local_temp_avg_c__fall,1.5,60.0,23,21,168,True,True,True,False,False,1,sj01_local_temp_avg_c__fall,sj01_local_temp_avg_c__fall,sj01_local_temp_avg_c__fall,0.0020904541015625,0.0020904541015625
injected,sj01_local_temp_avg_c__fall,1.5,60.0,24,23,170,True,True,True,False,False,1,sj01_local_temp_avg_c__fall,sj01_local_temp_avg_c__fall,sj01_local_temp_avg_c__fall,0.00091552734375,0.00091552734375
injected,sj01_local_temp_avg_c__fall,1.5,60.0,25,23,170,False,False,True,False,False,0,,sj01_local_temp_avg_c__fall,sj01_local_temp_avg_c__fall,0.0064697265625,0.0064697265625
injected,sj01_local_temp_avg_c__fall,1.5,60.0,26,14,163,False,False,False,False,False,0,,cu01_local_temp_avg_c__rise,cu01_local_temp_avg_c__rise,0.0245208740234375,0.019287109375
injected,sj01_local_temp_avg_c__fall,1.5,60.0,27,19,167,False,False,False,False,False,0,,cu01_local_temp_avg_c__rise,cu01_local_temp_avg_c__rise,0.057659149169921875,0.019287109375
injected,sj01_local_temp_avg_c__fall,1.5,60.0,28,20,169,False,False,True,False,False,0,,sj01_local_temp_avg_c__fall,sj01_local_temp_avg_c__fall,0.0063629150390625,0.0063629150390625
injected,sj01_local_temp_avg_c__fall,1.5,60.0,29,16,165,False,False,True,False,False,0,,sj01_local_temp_avg_c__fall,sj01_local_temp_avg_c__fall,0.0064697265625,0.0064697265625
injected,sj01_local_temp_avg_c__fall,1.5,60.0,30,18,164,False,False,True,False,False,0,,sj01_local_temp_avg_c__fall,sj01_local_temp_avg_c__fall,0.0064697265625,0.0064697265625
injected,sj01_local_temp_avg_c__fall,1.5,60.0,31,24,171,True,True,True,False,False,1,sj01_local_temp_avg_c__fall,sj01_local_temp_avg_c__fall,sj01_local_temp_avg_c__fall,0.0020904541015625,0.0020904541015625
injected,sj01_local_temp_avg_c__fall,1.5,60.0,32,20,168,True,True,True,False,False,1,sj01_local_temp_avg_c__fall,sj01_local_temp_avg_c__fall,sj01_local_temp_avg_c__fall,0.0020904541015625,0.0020904541015625
injected,sj01_local_temp_avg_c__fall,1.5,60.0,33,21,167,True,True,True,False,False,1,sj01_local_temp_avg_c__fall,sj01_local_temp_avg_c__fall,sj01_local_temp_avg_c__fall,0.0020904541015625,0.0020904541015625
injected,sj01_local_temp_avg_c__fall,1.5,60.0,34,19,167,False,False,True,False,False,0,,sj01_local_temp_avg_c__fall,sj01_local_temp_avg_c__fall,0.0106353759765625,0.0106353759765625
injected,sj01_local_temp_avg_c__fall,1.5,60.0,35,22,170,False,False,True,False,False,0,,sj01_local_temp_avg_c__fall,sj01_local_temp_avg_c__fall,0.0064697265625,0.0064697265625
injected,sj01_local_temp_avg_c__fall,1.5,60.0,36,19,167,False,False,True,False,False,0,,sj01_local_temp_avg_c__fall,sj01_local_temp_avg_c__fall,0.0063629150390625,0.0063629150390625
injected,sj01_local_temp_avg_c__fall,1.5,60.0,37,18,167,False,False,True,False,False,0,,sj01_local_temp_avg_c__fall,sj01_local_temp_avg_c__fall,0.0064697265625,0.0064697265625
injected,sj01_local_temp_avg_c__fall,1.5,60.0,38,22,171,False,False,True,False,False,0,,sj01_local_temp_avg_c__fall,sj01_local_temp_avg_c__fall,0.0106353759765625,0.0106353759765625
injected,sj01_local_temp_avg_c__fall,1.5,60.0,39,24,169,True,True,True,False,False,1,sj01_local_temp_avg_c__fall,sj01_local_temp_avg_c__fall,sj01_local_temp_avg_c__fall,0.00091552734375,0.00091552734375
injected,sj01_local_temp_avg_c__fall,1.5,60.0,40,23,170,True,True,True,False,False,1,sj01_local_temp_avg_c__fall,sj01_local_temp_avg_c__fall,sj01_local_temp_avg_c__fall,0.003173828125,0.003173828125
injected,sj01_local_temp_avg_c__fall,1.5,60.0,41,18,167,False,False,True,False,False,0,,sj01_local_temp_avg_c__fall,sj01_local_temp_avg_c__fall,0.0106353759765625,0.0106353759765625
injected,sj01_local_temp_avg_c__fall,1.5,60.0,42,20,167,True,True,True,False,False,1,sj01_local_temp_avg_c__fall,sj01_local_temp_avg_c__fall,sj01_local_temp_avg_c__fall,0.003692626953125,0.003692626953125
injected,sj01_local_temp_avg_c__fall,1.5,60.0,43,18,167,False,False,True,False,False,0,,sj01_local_temp_avg_c__fall,sj01_local_temp_avg_c__fall,0.017578125,0.017578125
injected,sj01_local_temp_avg_c__fall,1.5,60.0,44,23,170,True,True,True,False,False,1,sj01_local_temp_avg_c__fall,sj01_local_temp_avg_c__fall,sj01_local_temp_avg_c__fall,0.003692626953125,0.003692626953125
injected,sj01_local_temp_avg_c__fall,1.5,60.0,45,22,169,False,False,True,False,False,0,,sj01_local_temp_avg_c__fall,sj01_local_temp_avg_c__fall,0.0063629150390625,0.0063629150390625
injected,sj01_local_temp_avg_c__fall,1.5,60.0,46,23,169,True,True,True,False,False,1,sj01_local_temp_avg_c__fall,sj01_local_temp_avg_c__fall,sj01_local_temp_avg_c__fall,0.003692626953125,0.003692626953125
injected,sj01_local_temp_avg_c__fall,1.5,60.0,47,19,168,False,False,True,False,False,0,,sj01_local_temp_avg_c__fall,sj01_local_temp_avg_c__fall,0.01544189453125,0.01544189453125
injected,sj01_local_temp_avg_c__fall,1.5,60.0,48,20,168,True,True,True,False,False,1,sj01_local_temp_avg_c__fall,sj01_local_temp_avg_c__fall,sj01_local_temp_avg_c__fall,0.003692626953125,0.003692626953125
injected,sj01_local_temp_avg_c__fall,1.5,60.0,49,17,167,False,False,True,False,False,0,,sj01_local_temp_avg_c__fall,sj01_local_temp_avg_c__fall,0.01544189453125,0.01544189453125
injected,sj01_local_temp_avg_c__fall,1.5,60.0,50,22,169,True,True,True,False,False,1,sj01_local_temp_avg_c__fall,sj01_local_temp_avg_c__fall,sj01_local_temp_avg_c__fall,0.0020904541015625,0.0020904541015625
injected,sj01_local_temp_avg_c__fall,1.5,60.0,51,19,169,False,False,True,False,False,0,,sj01_local_temp_avg_c__fall,sj01_local_temp_avg_c__fall,0.01544189453125,0.01544189453125
injected,sj01_local_temp_avg_c__fall,1.5,60.0,52,19,168,True,True,True,False,False,1,sj01_local_temp_avg_c__fall,sj01_local_temp_avg_c__fall,sj01_local_temp_avg_c__fall,0.0020904541015625,0.0020904541015625
injected,sj01_local_temp_avg_c__fall,1.5,60.0,53,20,169,False,False,True,False,False,0,,sj01_local_temp_avg_c__fall,sj01_local_temp_avg_c__fall,0.01544189453125,0.01544189453125
injected,sj01_local_temp_avg_c__fall,1.5,60.0,54,16,168,False,False,False,False,False,0,,cu01_local_temp_avg_c__rise,cu01_local_temp_avg_c__rise,0.0384063720703125,0.019287109375
injected,sj01_local_temp_avg_c__fall,1.5,60.0,55,17,165,False,False,True,False,False,0,,sj01_local_temp_avg_c__fall,sj01_local_temp_avg_c__fall,0.0106353759765625,0.0106353759765625
injected,sj01_local_temp_avg_c__fall,1.5,60.0,56,16,164,False,False,True,False,False,0,,sj01_local_temp_avg_c__fall,sj01_local_temp_avg_c__fall,0.0064697265625,0.0064697265625
injected,sj01_local_temp_avg_c__fall,1.5,60.0,57,19,166,False,False,False,False,False,0,,cu01_local_temp_avg_c__rise,cu01_local_temp_avg_c__rise,0.0245208740234375,0.019287109375
injected,sj01_local_temp_avg_c__fall,1.5,60.0,58,20,166,False,False,True,False,False,0,,sj01_local_temp_avg_c__fall,sj01_local_temp_avg_c__fall,0.0063629150390625,0.0063629150390625
injected,sj01_local_temp_avg_c__fall,1.5,60.0,59,18,168,False,False,True,False,False,0,,sj01_local_temp_avg_c__fall,sj01_local_temp_avg_c__fall,0.0106353759765625,0.0106353759765625
injected,sj01_local_temp_avg_c__fall,1.5,60.0,60,24,171,False,False,True,False,False,0,,sj01_local_temp_avg_c__fall,sj01_local_temp_avg_c__fall,0.0106353759765625,0.0106353759765625
injected,sj01_local_temp_avg_c__fall,1.5,60.0,61,17,168,False,False,True,False,False,0,,sj01_local_temp_avg_c__fall,sj01_local_temp_avg_c__fall,0.0106353759765625,0.0106353759765625
injected,sj01_local_temp_avg_c__fall,1.5,60.0,62,21,168,False,False,True,False,False,0,,sj01_local_temp_avg_c__fall,sj01_local_temp_avg_c__fall,0.017578125,0.017578125
injected,sj01_local_temp_avg_c__fall,1.5,60.0,63,21,168,False,False,False,False,False,0,,cu01_local_temp_avg_c__rise,cu01_local_temp_avg_c__rise,0.0384063720703125,0.019287109375
injected,sj01_local_temp_avg_c__fall,1.5,60.0,64,20,168,False,False,True,False,False,0,,sj01_local_temp_avg_c__fall,sj01_local_temp_avg_c__fall,0.0106353759765625,0.0106353759765625
injected,sj01_local_temp_avg_c__fall,1.5,60.0,65,20,167,False,False,False,False,False,0,,cu01_local_temp_avg_c__rise,cu01_local_temp_avg_c__rise,0.0245208740234375,0.019287109375
injected,sj01_local_temp_avg_c__fall,1.5,60.0,66,19,170,True,True,True,False,False,1,sj01_local_temp_avg_c__fall,sj01_local_temp_avg_c__fall,sj01_local_temp_avg_c__fall,0.00048828125,0.00048828125
injected,sj01_local_temp_avg_c__fall,1.5,60.0,67,17,165,False,False,False,False,False,0,,cu01_local_temp_avg_c__rise,cu01_local_temp_avg_c__rise,0.048126220703125,0.019287109375
injected,sj01_local_temp_avg_c__fall,1.5,60.0,68,22,167,False,False,True,False,False,0,,sj01_local_temp_avg_c__fall,sj01_local_temp_avg_c__fall,0.0064697265625,0.0064697265625
injected,sj01_local_temp_avg_c__fall,1.5,60.0,69,17,168,False,False,True,False,False,0,,sj01_local_temp_avg_c__fall,sj01_local_temp_avg_c__fall,0.0106353759765625,0.0106353759765625
injected,sj01_local_temp_avg_c__fall,1.5,60.0,70,19,167,False,False,False,False,False,0,,cu01_local_temp_avg_c__rise,cu01_local_temp_avg_c__rise,0.0245208740234375,0.019287109375
injected,sj01_local_temp_avg_c__fall,1.5,60.0,71,19,166,True,True,True,False,False,1,sj01_local_temp_avg_c__fall,sj01_local_temp_avg_c__fall,sj01_local_temp_avg_c__fall,0.001708984375,0.001708984375
injected,sj01_local_temp_avg_c__fall,1.5,60.0,72,22,169,True,True,True,False,False,1,sj01_local_temp_avg_c__fall,sj01_local_temp_avg_c__fall,sj01_local_temp_avg_c__fall,0.001708984375,0.001708984375
injected,sj01_local_temp_avg_c__fall,1.5,60.0,73,20,168,False,False,True,False,False,0,,sj01_local_temp_avg_c__fall,sj01_local_temp_avg_c__fall,0.0106353759765625,0.0106353759765625
injected,sj01_local_temp_avg_c__fall,1.5,60.0,74,17,166,False,False,True,False,False,0,,sj01_local_temp_avg_c__fall,sj01_local_temp_avg_c__fall,0.01544189453125,0.01544189453125
injected,sj01_local_temp_avg_c__fall,1.5,60.0,75,26,170,False,False,True,False,False,0,,sj01_local_temp_avg_c__fall,sj01_local_temp_avg_c__fall,0.0063629150390625,0.0063629150390625
injected,sj01_local_temp_avg_c__fall,1.5,60.0,76,16,166,False,False,True,False,False,0,,sj01_local_temp_avg_c__fall,sj01_local_temp_avg_c__fall,0.017578125,0.017578125
injected,sj01_local_temp_avg_c__fall,1.5,60.0,77,17,167,False,False,True,False,False,0,,sj01_local_temp_avg_c__fall,sj01_local_temp_avg_c__fall,0.0106353759765625,0.0106353759765625
injected,sj01_local_temp_avg_c__fall,1.5,60.0,78,20,166,True,True,True,False,False,1,sj01_local_temp_avg_c__fall,sj01_local_temp_avg_c__fall,sj01_local_temp_avg_c__fall,0.003692626953125,0.003692626953125
injected,sj01_local_temp_avg_c__fall,1.5,60.0,79,16,164,False,False,False,False,False,0,,cu01_local_temp_avg_c__rise,cu01_local_temp_avg_c__rise,0.0286865234375,0.019287109375
injected,sj01_local_temp_avg_c__fall,1.5,60.0,80,21,169,False,False,True,False,False,0,,sj01_local_temp_avg_c__fall,sj01_local_temp_avg_c__fall,0.017578125,0.017578125
injected,sj01_local_temp_avg_c__fall,1.5,60.0,81,21,168,False,False,True,False,False,0,,sj01_local_temp_avg_c__fall,sj01_local_temp_avg_c__fall,0.0063629150390625,0.0063629150390625
injected,sj01_local_temp_avg_c__fall,1.5,60.0,82,18,166,False,False,True,False,False,0,,sj01_local_temp_avg_c__fall,sj01_local_temp_avg_c__fall,0.0106353759765625,0.0106353759765625
injected,sj01_local_temp_avg_c__fall,1.5,60.0,83,21,168,False,False,True,False,False,0,,sj01_local_temp_avg_c__fall,sj01_local_temp_avg_c__fall,0.017578125,0.017578125
injected,sj01_local_temp_avg_c__fall,1.5,60.0,84,21,169,True,True,True,False,False,1,sj01_local_temp_avg_c__fall,sj01_local_temp_avg_c__fall,sj01_local_temp_avg_c__fall,0.003692626953125,0.003692626953125
injected,sj01_local_temp_avg_c__fall,1.5,60.0,85,18,167,False,False,True,False,False,0,,sj01_local_temp_avg_c__fall,sj01_local_temp_avg_c__fall,0.0106353759765625,0.0106353759765625
injected,sj01_local_temp_avg_c__fall,1.5,60.0,86,22,168,True,True,True,False,False,1,sj01_local_temp_avg_c__fall,sj01_local_temp_avg_c__fall,sj01_local_temp_avg_c__fall,0.003692626953125,0.003692626953125
injected,sj01_local_temp_avg_c__fall,1.5,60.0,87,23,168,False,False,True,False,False,0,,sj01_local_temp_avg_c__fall,sj01_local_temp_avg_c__fall,0.0063629150390625,0.0063629150390625
injected,sj01_local_temp_avg_c__fall,1.5,60.0,88,18,166,False,False,True,False,False,0,,sj01_local_temp_avg_c__fall,sj01_local_temp_avg_c__fall,0.0106353759765625,0.0106353759765625
injected,sj01_local_temp_avg_c__fall,1.5,60.0,89,18,166,False,False,True,False,False,0,,sj01_local_temp_avg_c__fall,sj01_local_temp_avg_c__fall,0.017578125,0.017578125
injected,sj01_local_temp_avg_c__fall,1.5,60.0,90,19,166,True,True,True,False,False,1,sj01_local_temp_avg_c__fall,sj01_local_temp_avg_c__fall,sj01_local_temp_avg_c__fall,0.001708984375,0.001708984375
injected,sj01_local_temp_avg_c__fall,1.5,60.0,91,19,169,False,False,True,False,False,0,,sj01_local_temp_avg_c__fall,sj01_local_temp_avg_c__fall,0.0106353759765625,0.0106353759765625
injected,sj01_local_temp_avg_c__fall,1.5,60.0,92,14,164,False,False,False,False,False,0,,cu01_local_temp_avg_c__rise,cu01_local_temp_avg_c__rise,0.0717315673828125,0.019287109375
injected,sj01_local_temp_avg_c__fall,1.5,60.0,93,21,168,True,True,True,False,False,1,sj01_local_temp_avg_c__fall,sj01_local_temp_avg_c__fall,sj01_local_temp_avg_c__fall,0.00048828125,0.00048828125
injected,sj01_local_temp_avg_c__fall,1.5,60.0,94,23,172,True,True,True,False,False,1,sj01_local_temp_avg_c__fall,sj01_local_temp_avg_c__fall,sj01_local_temp_avg_c__fall,0.0020904541015625,0.0020904541015625
injected,sj01_local_temp_avg_c__fall,1.5,60.0,95,17,166,False,False,False,False,False,0,,cu01_local_temp_avg_c__rise,cu01_local_temp_avg_c__rise,0.0317840576171875,0.019287109375
injected,sj01_local_temp_avg_c__fall,1.5,60.0,96,16,167,False,False,True,False,False,0,,sj01_local_temp_avg_c__fall,sj01_local_temp_avg_c__fall,0.01544189453125,0.01544189453125
injected,sj01_local_temp_avg_c__fall,1.5,60.0,97,21,169,False,False,True,False,False,0,,sj01_local_temp_avg_c__fall,sj01_local_temp_avg_c__fall,0.0106353759765625,0.0106353759765625
injected,sj01_local_temp_avg_c__fall,1.5,60.0,98,20,167,True,True,True,False,False,1,sj01_local_temp_avg_c__fall,sj01_local_temp_avg_c__fall,sj01_local_temp_avg_c__fall,0.003692626953125,0.003692626953125
injected,sj01_local_temp_avg_c__fall,1.5,60.0,99,21,169,False,False,True,False,False,0,,sj01_local_temp_avg_c__fall,sj01_local_temp_avg_c__fall,0.0063629150390625,0.0063629150390625
injected,sj01_local_hum_avg_pct__fall,0.5,15.0,0,24,166,True,True,True,False,False,1,sj01_local_hum_avg_pct__fall,sj01_local_hum_avg_pct__fall,sj01_local_hum_avg_pct__fall,0.0011749267578125,0.0011749267578125
injected,sj01_local_hum_avg_pct__fall,0.5,15.0,1,22,167,True,True,True,False,False,1,sj01_local_hum_avg_pct__fall,sj01_local_hum_avg_pct__fall,sj01_local_hum_avg_pct__fall,0.00048828125,0.00048828125
injected,sj01_local_hum_avg_pct__fall,0.5,15.0,2,18,164,False,False,True,False,False,0,,sj01_local_hum_avg_pct__fall,sj01_local_hum_avg_pct__fall,0.01544189453125,0.01544189453125
injected,sj01_local_hum_avg_pct__fall,0.5,15.0,3,18,164,False,False,False,False,False,0,,sj01_local_temp_avg_c__fall,sj01_local_temp_avg_c__fall,0.01123046875,0.0107421875
injected,sj01_local_hum_avg_pct__fall,0.5,15.0,4,18,165,False,False,True,False,False,0,,sj01_local_hum_avg_pct__fall,sj01_local_hum_avg_pct__fall,0.0063629150390625,0.0063629150390625
injected,sj01_local_hum_avg_pct__fall,0.5,15.0,5,19,166,False,False,True,False,False,0,,sj01_local_hum_avg_pct__fall,sj01_local_hum_avg_pct__fall,0.0063629150390625,0.0063629150390625
injected,sj01_local_hum_avg_pct__fall,0.5,15.0,6,16,165,True,True,True,False,False,1,sj01_local_hum_avg_pct__fall,sj01_local_hum_avg_pct__fall,sj01_local_hum_avg_pct__fall,0.003692626953125,0.003692626953125
injected,sj01_local_hum_avg_pct__fall,0.5,15.0,7,17,163,False,False,False,False,False,0,,sj01_local_temp_avg_c__fall,sj01_local_temp_avg_c__fall,0.01123046875,0.0107421875
injected,sj01_local_hum_avg_pct__fall,0.5,15.0,8,17,166,True,True,True,False,False,1,sj01_local_hum_avg_pct__fall,sj01_local_hum_avg_pct__fall,sj01_local_hum_avg_pct__fall,0.0022125244140625,0.0022125244140625
injected,sj01_local_hum_avg_pct__fall,0.5,15.0,9,22,167,True,True,True,False,False,1,sj01_local_hum_avg_pct__fall,sj01_local_hum_avg_pct__fall,sj01_local_hum_avg_pct__fall,0.0012884140014648438,0.0012884140014648438
injected,sj01_local_hum_avg_pct__fall,0.5,15.0,10,19,167,True,True,True,False,False,1,sj01_local_hum_avg_pct__fall,sj01_local_hum_avg_pct__fall,sj01_local_hum_avg_pct__fall,0.00048828125,0.00048828125
injected,sj01_local_hum_avg_pct__fall,0.5,15.0,11,22,167,True,True,True,False,False,1,sj01_local_hum_avg_pct__fall,sj01_local_hum_avg_pct__fall,sj01_local_hum_avg_pct__fall,0.0011749267578125,0.0011749267578125
injected,sj01_local_hum_avg_pct__fall,0.5,15.0,12,19,165,True,True,True,False,False,1,sj01_local_hum_avg_pct__fall,sj01_local_hum_avg_pct__fall,sj01_local_hum_avg_pct__fall,0.0020904541015625,0.0020904541015625
injected,sj01_local_hum_avg_pct__fall,0.5,15.0,13,17,166,True,True,True,False,False,1,sj01_local_hum_avg_pct__fall,sj01_local_hum_avg_pct__fall,sj01_local_hum_avg_pct__fall,0.00091552734375,0.00091552734375
injected,sj01_local_hum_avg_pct__fall,0.5,15.0,14,19,166,True,True,True,False,False,1,sj01_local_hum_avg_pct__fall,sj01_local_hum_avg_pct__fall,sj01_local_hum_avg_pct__fall,0.001708984375,0.001708984375
injected,sj01_local_hum_avg_pct__fall,0.5,15.0,15,21,167,True,True,True,False,False,1,sj01_local_hum_avg_pct__fall,sj01_local_hum_avg_pct__fall,sj01_local_hum_avg_pct__fall,0.0012884140014648438,0.0012884140014648438
injected,sj01_local_hum_avg_pct__fall,0.5,15.0,16,16,167,True,True,True,False,False,1,sj01_local_hum_avg_pct__fall,sj01_local_hum_avg_pct__fall,sj01_local_hum_avg_pct__fall,0.0022125244140625,0.0022125244140625
injected,sj01_local_hum_avg_pct__fall,0.5,15.0,17,15,164,False,False,True,False,False,0,,sj01_local_hum_avg_pct__fall,sj01_local_hum_avg_pct__fall,0.0064697265625,0.0064697265625
injected,sj01_local_hum_avg_pct__fall,0.5,15.0,18,17,165,True,True,True,False,False,1,sj01_local_hum_avg_pct__fall,sj01_local_hum_avg_pct__fall,sj01_local_hum_avg_pct__fall,0.0020904541015625,0.0020904541015625
injected,sj01_local_hum_avg_pct__fall,0.5,15.0,19,20,168,True,True,True,False,False,1,sj01_local_hum_avg_pct__fall,sj01_local_hum_avg_pct__fall,sj01_local_hum_avg_pct__fall,0.0006561279296875,0.0006561279296875
injected,sj01_local_hum_avg_pct__fall,0.5,15.0,20,15,165,True,True,True,False,False,1,sj01_local_hum_avg_pct__fall,sj01_local_hum_avg_pct__fall,sj01_local_hum_avg_pct__fall,0.0020904541015625,0.0020904541015625
injected,sj01_local_hum_avg_pct__fall,0.5,15.0,21,18,162,False,False,True,False,False,0,,sj01_local_hum_avg_pct__fall,sj01_local_hum_avg_pct__fall,0.01123046875,0.01123046875
injected,sj01_local_hum_avg_pct__fall,0.5,15.0,22,22,166,True,True,True,False,False,1,sj01_local_hum_avg_pct__fall,sj01_local_hum_avg_pct__fall,sj01_local_hum_avg_pct__fall,0.0022125244140625,0.0022125244140625
injected,sj01_local_hum_avg_pct__fall,0.5,15.0,23,21,168,True,True,True,False,False,1,sj01_local_hum_avg_pct__fall,sj01_local_hum_avg_pct__fall,sj01_local_hum_avg_pct__fall,0.0003643035888671875,0.0003643035888671875
injected,sj01_local_hum_avg_pct__fall,0.5,15.0,24,23,167,True,True,True,False,False,1,sj01_local_hum_avg_pct__fall,sj01_local_hum_avg_pct__fall,sj01_local_hum_avg_pct__fall,0.0011749267578125,0.0011749267578125
injected,sj01_local_hum_avg_pct__fall,0.5,15.0,25,23,167,True,True,True,False,False,1,sj01_local_hum_avg_pct__fall,sj01_local_hum_avg_pct__fall,sj01_local_hum_avg_pct__fall,0.0002593994140625,0.0002593994140625
injected,sj01_local_hum_avg_pct__fall,0.5,15.0,26,14,166,True,True,True,False,False,1,sj01_local_hum_avg_pct__fall,sj01_local_hum_avg_pct__fall,sj01_local_hum_avg_pct__fall,0.003692626953125,0.003692626953125
injected,sj01_local_hum_avg_pct__fall,0.5,15.0,27,19,164,False,False,True,False,False,0,,sj01_local_hum_avg_pct__fall,sj01_local_hum_avg_pct__fall,0.0064697265625,0.0064697265625
injected,sj01_local_hum_avg_pct__fall,0.5,15.0,28,20,167,True,True,True,False,False,1,sj01_local_hum_avg_pct__fall,sj01_local_hum_avg_pct__fall,sj01_local_hum_avg_pct__fall,0.0022125244140625,0.0022125244140625
injected,sj01_local_hum_avg_pct__fall,0.5,15.0,29,16,165,False,False,True,False,False,0,,sj01_local_hum_avg_pct__fall,sj01_local_hum_avg_pct__fall,0.0063629150390625,0.0063629150390625
injected,sj01_local_hum_avg_pct__fall,0.5,15.0,30,18,165,True,True,True,False,False,1,sj01_local_hum_avg_pct__fall,sj01_local_hum_avg_pct__fall,sj01_local_hum_avg_pct__fall,0.0020904541015625,0.0020904541015625
injected,sj01_local_hum_avg_pct__fall,0.5,15.0,31,24,167,True,True,True,False,False,1,sj01_local_hum_avg_pct__fall,sj01_local_hum_avg_pct__fall,sj01_local_hum_avg_pct__fall,0.0011749267578125,0.0011749267578125
injected,sj01_local_hum_avg_pct__fall,0.5,15.0,32,20,167,True,True,True,False,False,1,sj01_local_hum_avg_pct__fall,sj01_local_hum_avg_pct__fall,sj01_local_hum_avg_pct__fall,0.0012884140014648438,0.0012884140014648438
injected,sj01_local_hum_avg_pct__fall,0.5,15.0,33,21,166,True,True,True,False,False,1,sj01_local_hum_avg_pct__fall,sj01_local_hum_avg_pct__fall,sj01_local_hum_avg_pct__fall,0.0022125244140625,0.0022125244140625
injected,sj01_local_hum_avg_pct__fall,0.5,15.0,34,19,166,True,True,True,False,False,1,sj01_local_hum_avg_pct__fall,sj01_local_hum_avg_pct__fall,sj01_local_hum_avg_pct__fall,0.0020904541015625,0.0020904541015625
injected,sj01_local_hum_avg_pct__fall,0.5,15.0,35,22,169,True,True,True,False,False,1,sj01_local_hum_avg_pct__fall,sj01_local_hum_avg_pct__fall,sj01_local_hum_avg_pct__fall,7.2479248046875e-05,7.2479248046875e-05
injected,sj01_local_hum_avg_pct__fall,0.5,15.0,36,19,164,False,False,True,False,False,0,,sj01_local_hum_avg_pct__fall,sj01_local_hum_avg_pct__fall,0.0063629150390625,0.0063629150390625
injected,sj01_local_hum_avg_pct__fall,0.5,15.0,37,18,167,True,True,True,False,False,1,sj01_local_hum_avg_pct__fall,sj01_local_hum_avg_pct__fall,sj01_local_hum_avg_pct__fall,0.0002593994140625,0.0002593994140625
injected,sj01_local_hum_avg_pct__fall,0.5,15.0,38,22,167,True,True,True,False,False,1,sj01_local_hum_avg_pct__fall,sj01_local_hum_avg_pct__fall,sj01_local_hum_avg_pct__fall,0.00091552734375,0.00091552734375
injected,sj01_local_hum_avg_pct__fall,0.5,15.0,39,24,167,True,True,True,False,False,1,sj01_local_hum_avg_pct__fall,sj01_local_hum_avg_pct__fall,sj01_local_hum_avg_pct__fall,0.0002593994140625,0.0002593994140625
injected,sj01_local_hum_avg_pct__fall,0.5,15.0,40,23,168,True,True,True,False,False,1,sj01_local_hum_avg_pct__fall,sj01_local_hum_avg_pct__fall,sj01_local_hum_avg_pct__fall,0.0002593994140625,0.0002593994140625
injected,sj01_local_hum_avg_pct__fall,0.5,15.0,41,18,164,True,True,True,False,False,1,sj01_local_hum_avg_pct__fall,sj01_local_hum_avg_pct__fall,sj01_local_hum_avg_pct__fall,0.003692626953125,0.003692626953125
injected,sj01_local_hum_avg_pct__fall,0.5,15.0,42,20,168,True,True,True,False,False,1,sj01_local_hum_avg_pct__fall,sj01_local_hum_avg_pct__fall,sj01_local_hum_avg_pct__fall,0.0002593994140625,0.0002593994140625
injected,sj01_local_hum_avg_pct__fall,0.5,15.0,43,18,162,False,False,True,False,False,0,,sj01_local_hum_avg_pct__fall,sj01_local_hum_avg_pct__fall,0.017578125,0.017578125
injected,sj01_local_hum_avg_pct__fall,0.5,15.0,44,23,168,True,True,True,False,False,1,sj01_local_hum_avg_pct__fall,sj01_local_hum_avg_pct__fall,sj01_local_hum_avg_pct__fall,0.0001373291015625,0.0001373291015625
injected,sj01_local_hum_avg_pct__fall,0.5,15.0,45,22,168,True,True,True,False,False,1,sj01_local_hum_avg_pct__fall,sj01_local_hum_avg_pct__fall,sj01_local_hum_avg_pct__fall,0.0002593994140625,0.0002593994140625
injected,sj01_local_hum_avg_pct__fall,0.5,15.0,46,23,166,True,True,True,False,False,1,sj01_local_hum_avg_pct__fall,sj01_local_hum_avg_pct__fall,sj01_local_hum_avg_pct__fall,0.0011749267578125,0.0011749267578125
injected,sj01_local_hum_avg_pct__fall,0.5,15.0,47,19,164,False,False,True,False,False,0,,sj01_local_hum_avg_pct__fall,sj01_local_hum_avg_pct__fall,0.0063629150390625,0.0063629150390625
injected,sj01_local_hum_avg_pct__fall,0.5,15.0,48,20,166,True,True,True,False,False,1,sj01_local_hum_avg_pct__fall,sj01_local_hum_avg_pct__fall,sj01_local_hum_avg_pct__fall,0.0037689208984375,0.0037689208984375
injected,sj01_local_hum_avg_pct__fall,0.5,15.0,49,17,165,True,True,True,False,False,1,sj01_local_hum_avg_pct__fall,sj01_local_hum_avg_pct__fall,sj01_local_hum_avg_pct__fall,0.003692626953125,0.003692626953125
injected,sj01_local_hum_avg_pct__fall,0.5,15.0,50,22,167,True,True,True,False,False,1,sj01_local_hum_avg_pct__fall,sj01_local_hum_avg_pct__fall,sj01_local_hum_avg_pct__fall,0.00048828125,0.00048828125
injected,sj01_local_hum_avg_pct__fall,0.5,15.0,51,19,165,True,True,True,False,False,1,sj01_local_hum_avg_pct__fall,sj01_local_hum_avg_pct__fall,sj01_local_hum_avg_pct__fall,0.001708984375,0.001708984375
injected,sj01_local_hum_avg_pct__fall,0.5,15.0,52,19,166,True,True,True,False,False,1,sj01_local_hum_avg_pct__fall,sj01_local_hum_avg_pct__fall,sj01_local_hum_avg_pct__fall,0.0020904541015625,0.0020904541015625
injected,sj01_local_hum_avg_pct__fall,0.5,15.0,53,20,166,True,True,True,False,False,1,sj01_local_hum_avg_pct__fall,sj01_local_hum_avg_pct__fall,sj01_local_hum_avg_pct__fall,0.003692626953125,0.003692626953125
injected,sj01_local_hum_avg_pct__fall,0.5,15.0,54,16,164,False,False,True,False,False,0,,sj01_local_hum_avg_pct__fall,sj01_local_hum_avg_pct__fall,0.005859375,0.005859375
injected,sj01_local_hum_avg_pct__fall,0.5,15.0,55,17,163,False,False,True,False,False,0,,sj01_local_hum_avg_pct__fall,sj01_local_hum_avg_pct__fall,0.01544189453125,0.01544189453125
injected,sj01_local_hum_avg_pct__fall,0.5,15.0,56,16,166,True,True,True,False,False,1,sj01_local_hum_avg_pct__fall,sj01_local_hum_avg_pct__fall,sj01_local_hum_avg_pct__fall,0.00048828125,0.00048828125
injected,sj01_local_hum_avg_pct__fall,0.5,15.0,57,19,166,True,True,True,False,False,1,sj01_local_hum_avg_pct__fall,sj01_local_hum_avg_pct__fall,sj01_local_hum_avg_pct__fall,0.0020904541015625,0.0020904541015625
injected,sj01_local_hum_avg_pct__fall,0.5,15.0,58,20,165,True,True,True,False,False,1,sj01_local_hum_avg_pct__fall,sj01_local_hum_avg_pct__fall,sj01_local_hum_avg_pct__fall,0.0037689208984375,0.0037689208984375
injected,sj01_local_hum_avg_pct__fall,0.5,15.0,59,18,165,True,True,True,False,False,1,sj01_local_hum_avg_pct__fall,sj01_local_hum_avg_pct__fall,sj01_local_hum_avg_pct__fall,0.003692626953125,0.003692626953125
injected,sj01_local_hum_avg_pct__fall,0.5,15.0,60,24,167,True,True,True,False,False,1,sj01_local_hum_avg_pct__fall,sj01_local_hum_avg_pct__fall,sj01_local_hum_avg_pct__fall,0.00048828125,0.00048828125
injected,sj01_local_hum_avg_pct__fall,0.5,15.0,61,17,164,False,False,True,False,False,0,,sj01_local_hum_avg_pct__fall,sj01_local_hum_avg_pct__fall,0.0106353759765625,0.0106353759765625
injected,sj01_local_hum_avg_pct__fall,0.5,15.0,62,21,166,True,True,True,False,False,1,sj01_local_hum_avg_pct__fall,sj01_local_hum_avg_pct__fall,sj01_local_hum_avg_pct__fall,0.0011749267578125,0.0011749267578125
injected,sj01_local_hum_avg_pct__fall,0.5,15.0,63,21,166,True,True,True,False,False,1,sj01_local_hum_avg_pct__fall,sj01_local_hum_avg_pct__fall,sj01_local_hum_avg_pct__fall,0.0020904541015625,0.0020904541015625
injected,sj01_local_hum_avg_pct__fall,0.5,15.0,64,20,167,True,True,True,False,False,1,sj01_local_hum_avg_pct__fall,sj01_local_hum_avg_pct__fall,sj01_local_hum_avg_pct__fall,0.0011749267578125,0.0011749267578125
injected,sj01_local_hum_avg_pct__fall,0.5,15.0,65,20,167,True,True,True,False,False,1,sj01_local_hum_avg_pct__fall,sj01_local_hum_avg_pct__fall,sj01_local_hum_avg_pct__fall,0.00048828125,0.00048828125
injected,sj01_local_hum_avg_pct__fall,0.5,15.0,66,19,165,True,True,True,False,False,1,sj01_local_hum_avg_pct__fall,sj01_local_hum_avg_pct__fall,sj01_local_hum_avg_pct__fall,0.0020904541015625,0.0020904541015625
injected,sj01_local_hum_avg_pct__fall,0.5,15.0,67,17,164,True,True,True,False,False,1,sj01_local_hum_avg_pct__fall,sj01_local_hum_avg_pct__fall,sj01_local_hum_avg_pct__fall,0.003692626953125,0.003692626953125
injected,sj01_local_hum_avg_pct__fall,0.5,15.0,68,22,167,True,True,True,False,False,1,sj01_local_hum_avg_pct__fall,sj01_local_hum_avg_pct__fall,sj01_local_hum_avg_pct__fall,0.0002593994140625,0.0002593994140625
injected,sj01_local_hum_avg_pct__fall,0.5,15.0,69,17,167,True,True,True,False,False,1,sj01_local_hum_avg_pct__fall,sj01_local_hum_avg_pct__fall,sj01_local_hum_avg_pct__fall,0.00048828125,0.00048828125
injected,sj01_local_hum_avg_pct__fall,0.5,15.0,70,19,165,False,False,True,False,False,0,,sj01_local_hum_avg_pct__fall,sj01_local_hum_avg_pct__fall,0.0063629150390625,0.0063629150390625
injected,sj01_local_hum_avg_pct__fall,0.5,15.0,71,19,167,True,True,True,False,False,1,sj01_local_hum_avg_pct__fall,sj01_local_hum_avg_pct__fall,sj01_local_hum_avg_pct__fall,0.0002593994140625,0.0002593994140625
injected,sj01_local_hum_avg_pct__fall,0.5,15.0,72,22,168,True,True,True,False,False,1,sj01_local_hum_avg_pct__fall,sj01_local_hum_avg_pct__fall,sj01_local_hum_avg_pct__fall,0.0001373291015625,0.0001373291015625
injected,sj01_local_hum_avg_pct__fall,0.5,15.0,73,20,164,True,True,True,False,False,1,sj01_local_hum_avg_pct__fall,sj01_local_hum_avg_pct__fall,sj01_local_hum_avg_pct__fall,0.001708984375,0.001708984375
injected,sj01_local_hum_avg_pct__fall,0.5,15.0,74,17,166,True,True,True,False,False,1,sj01_local_hum_avg_pct__fall,sj01_local_hum_avg_pct__fall,sj01_local_hum_avg_pct__fall,0.0011749267578125,0.0011749267578125
injected,sj01_local_hum_avg_pct__fall,0.5,15.0,75,26,167,True,True,True,False,False,1,sj01_local_hum_avg_pct__fall,sj01_local_hum_avg_pct__fall,sj01_local_hum_avg_pct__fall,0.0006561279296875,0.0006561279296875
injected,sj01_local_hum_avg_pct__fall,0.5,15.0,76,16,165,True,True,True,False,False,1,sj01_local_hum_avg_pct__fall,sj01_local_hum_avg_pct__fall,sj01_local_hum_avg_pct__fall,0.003173828125,0.003173828125
injected,sj01_local_hum_avg_pct__fall,0.5,15.0,77,17,164,False,False,True,False,False,0,,sj01_local_hum_avg_pct__fall,sj01_local_hum_avg_pct__fall,0.0064697265625,0.0064697265625
injected,sj01_local_hum_avg_pct__fall,0.5,15.0,78,20,165,True,True,True,False,False,1,sj01_local_hum_avg_pct__fall,sj01_local_hum_avg_pct__fall,sj01_local_hum_avg_pct__fall,0.001708984375,0.001708984375
injected,sj01_local_hum_avg_pct__fall,0.5,15.0,79,16,164,False,False,True,False,False,0,,sj01_local_hum_avg_pct__fall,sj01_local_hum_avg_pct__fall,0.0064697265625,0.0064697265625
injected,sj01_local_hum_avg_pct__fall,0.5,15.0,80,21,167,True,True,True,False,False,1,sj01_local_hum_avg_pct__fall,sj01_local_hum_avg_pct__fall,sj01_local_hum_avg_pct__fall,0.0002593994140625,0.0002593994140625
injected,sj01_local_hum_avg_pct__fall,0.5,15.0,81,21,167,True,True,True,False,False,1,sj01_local_hum_avg_pct__fall,sj01_local_hum_avg_pct__fall,sj01_local_hum_avg_pct__fall,0.0020904541015625,0.0020904541015625
injected,sj01_local_hum_avg_pct__fall,0.5,15.0,82,18,164,False,False,True,False,False,0,,sj01_local_hum_avg_pct__fall,sj01_local_hum_avg_pct__fall,0.00960540771484375,0.00960540771484375
injected,sj01_local_hum_avg_pct__fall,0.5,15.0,83,21,166,True,True,True,False,False,1,sj01_local_hum_avg_pct__fall,sj01_local_hum_avg_pct__fall,sj01_local_hum_avg_pct__fall,0.0011749267578125,0.0011749267578125
injected,sj01_local_hum_avg_pct__fall,0.5,15.0,84,21,167,True,True,True,False,False,1,sj01_local_hum_avg_pct__fall,sj01_local_hum_avg_pct__fall,sj01_local_hum_avg_pct__fall,0.0011749267578125,0.0011749267578125
injected,sj01_local_hum_avg_pct__fall,0.5,15.0,85,18,165,True,True,True,False,False,1,sj01_local_hum_avg_pct__fall,sj01_local_hum_avg_pct__fall,sj01_local_hum_avg_pct__fall,0.003692626953125,0.003692626953125
injected,sj01_local_hum_avg_pct__fall,0.5,15.0,86,22,166,True,True,True,False,False,1,sj01_local_hum_avg_pct__fall,sj01_local_hum_avg_pct__fall,sj01_local_hum_avg_pct__fall,0.0011749267578125,0.0011749267578125
injected,sj01_local_hum_avg_pct__fall,0.5,15.0,87,23,168,True,True,True,False,False,1,sj01_local_hum_avg_pct__fall,sj01_local_hum_avg_pct__fall,sj01_local_hum_avg_pct__fall,0.0002593994140625,0.0002593994140625
injected,sj01_local_hum_avg_pct__fall,0.5,15.0,88,18,165,False,False,True,False,False,0,,sj01_local_hum_avg_pct__fall,sj01_local_hum_avg_pct__fall,0.00960540771484375,0.00960540771484375
injected,sj01_local_hum_avg_pct__fall,0.5,15.0,89,18,168,True,True,True,False,False,1,sj01_local_hum_avg_pct__fall,sj01_local_hum_avg_pct__fall,sj01_local_hum_avg_pct__fall,0.0001373291015625,0.0001373291015625
injected,sj01_local_hum_avg_pct__fall,0.5,15.0,90,19,165,True,True,True,False,False,1,sj01_local_hum_avg_pct__fall,sj01_local_hum_avg_pct__fall,sj01_local_hum_avg_pct__fall,0.0020904541015625,0.0020904541015625
injected,sj01_local_hum_avg_pct__fall,0.5,15.0,91,19,165,True,True,True,False,False,1,sj01_local_hum_avg_pct__fall,sj01_local_hum_avg_pct__fall,sj01_local_hum_avg_pct__fall,0.001708984375,0.001708984375
injected,sj01_local_hum_avg_pct__fall,0.5,15.0,92,14,162,False,False,False,False,False,0,,cu01_local_temp_avg_c__rise,cu01_local_temp_avg_c__rise,0.046142578125,0.019287109375
injected,sj01_local_hum_avg_pct__fall,0.5,15.0,93,21,169,True,True,True,False,False,1,sj01_local_hum_avg_pct__fall,sj01_local_hum_avg_pct__fall,sj01_local_hum_avg_pct__fall,7.2479248046875e-05,7.2479248046875e-05
injected,sj01_local_hum_avg_pct__fall,0.5,15.0,94,23,168,True,True,True,False,False,1,sj01_local_hum_avg_pct__fall,sj01_local_hum_avg_pct__fall,sj01_local_hum_avg_pct__fall,0.0003643035888671875,0.0003643035888671875
injected,sj01_local_hum_avg_pct__fall,0.5,15.0,95,17,164,False,False,True,False,False,0,,sj01_local_hum_avg_pct__fall,sj01_local_hum_avg_pct__fall,0.0064697265625,0.0064697265625
injected,sj01_local_hum_avg_pct__fall,0.5,15.0,96,16,163,False,False,True,False,False,0,,sj01_local_hum_avg_pct__fall,sj01_local_hum_avg_pct__fall,0.0064697265625,0.0064697265625
injected,sj01_local_hum_avg_pct__fall,0.5,15.0,97,21,168,True,True,True,False,False,1,sj01_local_hum_avg_pct__fall,sj01_local_hum_avg_pct__fall,sj01_local_hum_avg_pct__fall,0.0001373291015625,0.0001373291015625
injected,sj01_local_hum_avg_pct__fall,0.5,15.0,98,20,166,True,True,True,False,False,1,sj01_local_hum_avg_pct__fall,sj01_local_hum_avg_pct__fall,sj01_local_hum_avg_pct__fall,0.0037689208984375,0.0037689208984375
injected,sj01_local_hum_avg_pct__fall,0.5,15.0,99,21,166,True,True,True,False,False,1,sj01_local_hum_avg_pct__fall,sj01_local_hum_avg_pct__fall,sj01_local_hum_avg_pct__fall,0.00091552734375,0.00091552734375
injected,sj01_local_hum_avg_pct__fall,0.5,30.0,0,24,167,False,False,True,False,False,0,,sj01_local_hum_avg_pct__fall,sj01_local_hum_avg_pct__fall,0.0063629150390625,0.0063629150390625
injected,sj01_local_hum_avg_pct__fall,0.5,30.0,1,22,167,False,False,True,False,False,0,,sj01_local_hum_avg_pct__fall,sj01_local_hum_avg_pct__fall,0.0106353759765625,0.0106353759765625
injected,sj01_local_hum_avg_pct__fall,0.5,30.0,2,18,164,False,False,False,False,False,0,,cu01_local_temp_avg_c__rise,cu01_local_temp_avg_c__rise,0.0286865234375,0.019287109375
injected,sj01_local_hum_avg_pct__fall,0.5,30.0,3,18,166,False,False,True,False,False,0,,sj01_local_hum_avg_pct__fall,sj01_local_hum_avg_pct__fall,0.017578125,0.017578125
injected,sj01_local_hum_avg_pct__fall,0.5,30.0,4,18,167,False,False,True,False,False,0,,sj01_local_hum_avg_pct__fall,sj01_local_hum_avg_pct__fall,0.00960540771484375,0.00960540771484375
injected,sj01_local_hum_avg_pct__fall,0.5,30.0,5,19,166,False,False,True,False,False,0,,sj01_local_hum_avg_pct__fall,sj01_local_hum_avg_pct__fall,0.0106353759765625,0.0106353759765625
injected,sj01_local_hum_avg_pct__fall,0.5,30.0,6,16,165,False,False,False,False,False,0,,cu01_local_temp_avg_c__rise,cu01_local_temp_avg_c__rise,0.0384063720703125,0.019287109375
injected,sj01_local_hum_avg_pct__fall,0.5,30.0,7,17,163,False,False,True,False,False,0,,sj01_local_hum_avg_pct__fall,sj01_local_hum_avg_pct__fall,0.0286865234375,0.0286865234375
injected,sj01_local_hum_avg_pct__fall,0.5,30.0,8,17,168,False,False,True,False,False,0,,sj01_local_hum_avg_pct__fall,sj01_local_hum_avg_pct__fall,0.01544189453125,0.01544189453125
injected,sj01_local_hum_avg_pct__fall,0.5,30.0,9,22,166,False,False,True,False,False,0,,sj01_local_hum_avg_pct__fall,sj01_local_hum_avg_pct__fall,0.0106353759765625,0.0106353759765625
injected,sj01_local_hum_avg_pct__fall,0.5,30.0,10,19,165,False,False,False,False,False,0,,cu01_local_temp_avg_c__rise,cu01_local_temp_avg_c__rise,0.0286865234375,0.019287109375
injected,sj01_local_hum_avg_pct__fall,0.5,30.0,11,22,167,True,True,True,False,False,1,sj01_local_hum_avg_pct__fall,sj01_local_hum_avg_pct__fall,sj01_local_hum_avg_pct__fall,0.0037689208984375,0.0037689208984375
injected,sj01_local_hum_avg_pct__fall,0.5,30.0,12,19,165,False,False,True,False,False,0,,sj01_local_hum_avg_pct__fall,sj01_local_hum_avg_pct__fall,0.0106353759765625,0.0106353759765625
injected,sj01_local_hum_avg_pct__fall,0.5,30.0,13,17,164,False,False,False,False,False,0,,cu01_local_temp_avg_c__rise,cu01_local_temp_avg_c__rise,0.046142578125,0.019287109375
injected,sj01_local_hum_avg_pct__fall,0.5,30.0,14,19,165,False,False,False,False,False,0,,cu01_local_temp_avg_c__rise,cu01_local_temp_avg_c__rise,0.0286865234375,0.019287109375
injected,sj01_local_hum_avg_pct__fall,0.5,30.0,15,21,169,False,False,True,False,False,0,,sj01_local_hum_avg_pct__fall,sj01_local_hum_avg_pct__fall,0.0063629150390625,0.0063629150390625
injected,sj01_local_hum_avg_pct__fall,0.5,30.0,16,16,167,False,False,False,False,False,0,,cu01_local_temp_avg_c__rise,cu01_local_temp_avg_c__rise,0.0384063720703125,0.019287109375
injected,sj01_local_hum_avg_pct__fall,0.5,30.0,17,15,164,False,False,True,False,False,0,,sj01_local_hum_avg_pct__fall,sj01_local_hum_avg_pct__fall,0.0286865234375,0.0286865234375
injected,sj01_local_hum_avg_pct__fall,0.5,30.0,18,17,166,False,False,True,False,False,0,,sj01_local_hum_avg_pct__fall,sj01_local_hum_avg_pct__fall,0.017578125,0.017578125
injected,sj01_local_hum_avg_pct__fall,0.5,30.0,19,20,167,False,False,True,False,False,0,,sj01_local_hum_avg_pct__fall,sj01_local_hum_avg_pct__fall,0.017578125,0.017578125
injected,sj01_local_hum_avg_pct__fall,0.5,30.0,20,15,163,False,False,False,False,False,0,,cu01_local_temp_avg_c__rise,cu01_local_temp_avg_c__rise,0.05923461914062499,0.019287109375
injected,sj01_local_hum_avg_pct__fall,0.5,30.0,21,18,162,False,False,True,False,False,0,,sj01_local_hum_avg_pct__fall,sj01_local_hum_avg_pct__fall,0.017578125,0.017578125
injected,sj01_local_hum_avg_pct__fall,0.5,30.0,22,22,166,False,False,False,False,False,0,,cu01_local_temp_avg_c__rise,cu01_local_temp_avg_c__rise,0.0245208740234375,0.019287109375
injected,sj01_local_hum_avg_pct__fall,0.5,30.0,23,21,167,False,False,False,False,False,0,,cu01_local_temp_avg_c__rise,cu01_local_temp_avg_c__rise,0.0245208740234375,0.019287109375
injected,sj01_local_hum_avg_pct__fall,0.5,30.0,24,23,167,False,False,True,False,False,0,,sj01_local_hum_avg_pct__fall,sj01_local_hum_avg_pct__fall,0.017578125,0.017578125
injected,sj01_local_hum_avg_pct__fall,0.5,30.0,25,23,168,False,False,True,False,False,0,,sj01_local_hum_avg_pct__fall,sj01_local_hum_avg_pct__fall,0.0063629150390625,0.0063629150390625
injected,sj01_local_hum_avg_pct__fall,0.5,30.0,26,14,165,False,False,False,True,False,0,,,cu01_local_temp_avg_c__rise;sj01_local_temp_avg_c__fall,0.05923461914062499,0.046142578125
injected,sj01_local_hum_avg_pct__fall,0.5,30.0,27,19,164,False,False,False,False,False,0,,cu01_local_temp_avg_c__rise,cu01_local_temp_avg_c__rise,0.05923461914062499,0.046142578125
injected,sj01_local_hum_avg_pct__fall,0.5,30.0,28,20,168,False,False,True,False,False,0,,sj01_local_hum_avg_pct__fall,sj01_local_hum_avg_pct__fall,0.0106353759765625,0.0106353759765625
injected,sj01_local_hum_avg_pct__fall,0.5,30.0,29,16,165,False,False,False,False,False,0,,cu01_local_temp_avg_c__rise,cu01_local_temp_avg_c__rise,0.05923461914062499,0.019287109375
injected,sj01_local_hum_avg_pct__fall,0.5,30.0,30,18,164,False,False,False,True,False,0,,,cu01_local_temp_avg_c__rise;sj01_local_temp_avg_c__fall,0.05923461914062499,0.046142578125
injected,sj01_local_hum_avg_pct__fall,0.5,30.0,31,24,168,True,True,True,False,False,1,sj01_local_hum_avg_pct__fall,sj01_local_hum_avg_pct__fall,sj01_local_hum_avg_pct__fall,0.0037689208984375,0.0037689208984375
injected,sj01_local_hum_avg_pct__fall,0.5,30.0,32,20,168,False,False,True,False,False,0,,sj01_local_hum_avg_pct__fall,sj01_local_hum_avg_pct__fall,0.0106353759765625,0.0106353759765625
injected,sj01_local_hum_avg_pct__fall,0.5,30.0,33,21,165,False,False,True,False,False,0,,sj01_local_hum_avg_pct__fall,sj01_local_hum_avg_pct__fall,0.0106353759765625,0.0106353759765625
injected,sj01_local_hum_avg_pct__fall,0.5,30.0,34,19,167,True,True,True,False,False,1,sj01_local_hum_avg_pct__fall,sj01_local_hum_avg_pct__fall,sj01_local_hum_avg_pct__fall,0.0037689208984375,0.0037689208984375
injected,sj01_local_hum_avg_pct__fall,0.5,30.0,35,22,169,True,True,True,False,False,1,sj01_local_hum_avg_pct__fall,sj01_local_hum_avg_pct__fall,sj01_local_hum_avg_pct__fall,0.0037689208984375,0.0037689208984375
injected,sj01_local_hum_avg_pct__fall,0.5,30.0,36,19,166,False,False,True,False,False,0,,sj01_local_hum_avg_pct__fall,sj01_local_hum_avg_pct__fall,0.01544189453125,0.01544189453125
injected,sj01_local_hum_avg_pct__fall,0.5,30.0,37,18,164,False,False,False,False,False,0,,cu01_local_temp_avg_c__rise,cu01_local_temp_avg_c__rise,0.0286865234375,0.019287109375
injected,sj01_local_hum_avg_pct__fall,0.5,30.0,38,22,169,True,True,True,False,False,1,sj01_local_hum_avg_pct__fall,sj01_local_hum_avg_pct__fall,sj01_local_hum_avg_pct__fall,0.003692626953125,0.003692626953125
injected,sj01_local_hum_avg_pct__fall,0.5,30.0,39,24,166,False,False,True,False,False,0,,sj01_local_hum_avg_pct__fall,sj01_local_hum_avg_pct__fall,0.01544189453125,0.01544189453125
injected,sj01_local_hum_avg_pct__fall,0.5,30.0,40,23,169,False,False,True,False,False,0,,sj01_local_hum_avg_pct__fall,sj01_local_hum_avg_pct__fall,0.0063629150390625,0.0063629150390625
injected,sj01_local_hum_avg_pct__fall,0.5,30.0,41,18,164,False,False,True,False,False,0,,sj01_local_hum_avg_pct__fall,sj01_local_hum_avg_pct__fall,0.0063629150390625,0.0063629150390625
injected,sj01_local_hum_avg_pct__fall,0.5,30.0,42,20,167,False,False,True,False,False,0,,sj01_local_hum_avg_pct__fall,sj01_local_hum_avg_pct__fall,0.01544189453125,0.01544189453125
injected,sj01_local_hum_avg_pct__fall,0.5,30.0,43,18,165,False,False,True,False,False,0,,sj01_local_hum_avg_pct__fall,sj01_local_hum_avg_pct__fall,0.017578125,0.017578125
injected,sj01_local_hum_avg_pct__fall,0.5,30.0,44,23,167,False,False,True,False,False,0,,sj01_local_hum_avg_pct__fall,sj01_local_hum_avg_pct__fall,0.0106353759765625,0.0106353759765625
injected,sj01_local_hum_avg_pct__fall,0.5,30.0,45,22,165,False,False,True,False,False,0,,sj01_local_hum_avg_pct__fall,sj01_local_hum_avg_pct__fall,0.0286865234375,0.0286865234375
injected,sj01_local_hum_avg_pct__fall,0.5,30.0,46,23,168,False,False,True,False,False,0,,sj01_local_hum_avg_pct__fall,sj01_local_hum_avg_pct__fall,0.0064697265625,0.0064697265625
injected,sj01_local_hum_avg_pct__fall,0.5,30.0,47,19,165,False,False,True,False,False,0,,sj01_local_hum_avg_pct__fall,sj01_local_hum_avg_pct__fall,0.017578125,0.017578125
injected,sj01_local_hum_avg_pct__fall,0.5,30.0,48,20,168,True,True,True,False,False,1,sj01_local_hum_avg_pct__fall,sj01_local_hum_avg_pct__fall,sj01_local_hum_avg_pct__fall,0.0037689208984375,0.0037689208984375
injected,sj01_local_hum_avg_pct__fall,0.5,30.0,49,17,164,False,False,False,False,False,0,,cu01_local_temp_avg_c__rise,cu01_local_temp_avg_c__rise,0.0384063720703125,0.019287109375
injected,sj01_local_hum_avg_pct__fall,0.5,30.0,50,22,166,False,False,True,False,False,0,,sj01_local_hum_avg_pct__fall,sj01_local_hum_avg_pct__fall,0.0106353759765625,0.0106353759765625
injected,sj01_local_hum_avg_pct__fall,0.5,30.0,51,19,164,False,False,True,False,False,0,,sj01_local_hum_avg_pct__fall,sj01_local_hum_avg_pct__fall,0.0286865234375,0.0286865234375
injected,sj01_local_hum_avg_pct__fall,0.5,30.0,52,19,164,False,False,True,False,False,0,,sj01_local_hum_avg_pct__fall,sj01_local_hum_avg_pct__fall,0.0384063720703125,0.0384063720703125
injected,sj01_local_hum_avg_pct__fall,0.5,30.0,53,20,167,False,False,True,False,False,0,,sj01_local_hum_avg_pct__fall,sj01_local_hum_avg_pct__fall,0.0106353759765625,0.0106353759765625
injected,sj01_local_hum_avg_pct__fall,0.5,30.0,54,16,164,False,False,False,False,False,0,,sj01_local_temp_avg_c__fall,sj01_local_temp_avg_c__fall,0.05923461914062499,0.0286865234375
injected,sj01_local_hum_avg_pct__fall,0.5,30.0,55,17,165,False,False,True,False,False,0,,sj01_local_hum_avg_pct__fall,sj01_local_hum_avg_pct__fall,0.0106353759765625,0.0106353759765625
injected,sj01_local_hum_avg_pct__fall,0.5,30.0,56,16,162,False,False,False,False,False,0,,cu01_local_temp_avg_c__rise,cu01_local_temp_avg_c__rise,0.046142578125,0.019287109375
injected,sj01_local_hum_avg_pct__fall,0.5,30.0,57,19,164,False,False,False,False,False,0,,cu01_local_temp_avg_c__rise,cu01_local_temp_avg_c__rise,0.046142578125,0.019287109375
injected,sj01_local_hum_avg_pct__fall,0.5,30.0,58,20,165,False,False,True,False,False,0,,sj01_local_hum_avg_pct__fall,sj01_local_hum_avg_pct__fall,0.017578125,0.017578125
injected,sj01_local_hum_avg_pct__fall,0.5,30.0,59,18,166,False,False,True,False,False,0,,sj01_local_hum_avg_pct__fall,sj01_local_hum_avg_pct__fall,0.0063629150390625,0.0063629150390625
injected,sj01_local_hum_avg_pct__fall,0.5,30.0,60,24,168,False,False,True,False,False,0,,sj01_local_hum_avg_pct__fall,sj01_local_hum_avg_pct__fall,0.0063629150390625,0.0063629150390625
injected,sj01_local_hum_avg_pct__fall,0.5,30.0,61,17,165,False,False,True,False,False,0,,sj01_local_hum_avg_pct__fall,sj01_local_hum_avg_pct__fall,0.0106353759765625,0.0106353759765625
injected,sj01_local_hum_avg_pct__fall,0.5,30.0,62,21,167,False,False,True,False,False,0,,sj01_local_hum_avg_pct__fall,sj01_local_hum_avg_pct__fall,0.01123046875,0.01123046875
injected,sj01_local_hum_avg_pct__fall,0.5,30.0,63,21,167,False,False,True,False,False,0,,sj01_local_hum_avg_pct__fall,sj01_local_hum_avg_pct__fall,0.0106353759765625,0.0106353759765625
injected,sj01_local_hum_avg_pct__fall,0.5,30.0,64,20,168,False,False,True,False,False,0,,sj01_local_hum_avg_pct__fall,sj01_local_hum_avg_pct__fall,0.0064697265625,0.0064697265625
injected,sj01_local_hum_avg_pct__fall,0.5,30.0,65,20,166,False,False,True,False,False,0,,sj01_local_hum_avg_pct__fall,sj01_local_hum_avg_pct__fall,0.0286865234375,0.0286865234375
injected,sj01_local_hum_avg_pct__fall,0.5,30.0,66,19,164,False,False,False,False,False,0,,cu01_local_temp_avg_c__rise,cu01_local_temp_avg_c__rise,0.0245208740234375,0.019287109375
injected,sj01_local_hum_avg_pct__fall,0.5,30.0,67,17,163,False,False,True,False,False,0,,sj01_local_hum_avg_pct__fall,sj01_local_hum_avg_pct__fall,0.0286865234375,0.0286865234375
injected,sj01_local_hum_avg_pct__fall,0.5,30.0,68,22,166,False,False,True,False,False,0,,sj01_local_hum_avg_pct__fall,sj01_local_hum_avg_pct__fall,0.017578125,0.017578125
injected,sj01_local_hum_avg_pct__fall,0.5,30.0,69,17,163,False,False,False,False,False,0,,cu01_local_temp_avg_c__rise,cu01_local_temp_avg_c__rise,0.0286865234375,0.019287109375
injected,sj01_local_hum_avg_pct__fall,0.5,30.0,70,19,166,False,False,True,False,False,0,,sj01_local_hum_avg_pct__fall,sj01_local_hum_avg_pct__fall,0.017578125,0.017578125
injected,sj01_local_hum_avg_pct__fall,0.5,30.0,71,19,164,False,False,True,False,False,0,,sj01_local_hum_avg_pct__fall,sj01_local_hum_avg_pct__fall,0.017578125,0.017578125
injected,sj01_local_hum_avg_pct__fall,0.5,30.0,72,22,168,False,False,True,False,False,0,,sj01_local_hum_avg_pct__fall,sj01_local_hum_avg_pct__fall,0.0063629150390625,0.0063629150390625
injected,sj01_local_hum_avg_pct__fall,0.5,30.0,73,20,164,False,False,True,False,False,0,,sj01_local_hum_avg_pct__fall,sj01_local_hum_avg_pct__fall,0.017578125,0.017578125
injected,sj01_local_hum_avg_pct__fall,0.5,30.0,74,17,163,False,False,False,False,False,0,,cu01_local_temp_avg_c__rise,cu01_local_temp_avg_c__rise,0.046142578125,0.019287109375
injected,sj01_local_hum_avg_pct__fall,0.5,30.0,75,26,168,False,False,True,False,False,0,,sj01_local_hum_avg_pct__fall,sj01_local_hum_avg_pct__fall,0.0063629150390625,0.0063629150390625
injected,sj01_local_hum_avg_pct__fall,0.5,30.0,76,16,164,False,False,False,True,False,0,,,cu01_local_temp_avg_c__rise;sj01_local_temp_avg_c__fall,0.05923461914062499,0.046142578125
injected,sj01_local_hum_avg_pct__fall,0.5,30.0,77,17,165,False,False,True,False,False,0,,sj01_local_hum_avg_pct__fall,sj01_local_hum_avg_pct__fall,0.0063629150390625,0.0063629150390625
injected,sj01_local_hum_avg_pct__fall,0.5,30.0,78,20,165,False,False,True,False,False,0,,sj01_local_hum_avg_pct__fall,sj01_local_hum_avg_pct__fall,0.0245208740234375,0.0245208740234375
injected,sj01_local_hum_avg_pct__fall,0.5,30.0,79,16,163,False,False,False,False,False,0,,cu01_local_temp_avg_c__rise,cu01_local_temp_avg_c__rise,0.0286865234375,0.019287109375
injected,sj01_local_hum_avg_pct__fall,0.5,30.0,80,21,168,False,False,True,False,False,0,,sj01_local_hum_avg_pct__fall,sj01_local_hum_avg_pct__fall,0.0063629150390625,0.0063629150390625
injected,sj01_local_hum_avg_pct__fall,0.5,30.0,81,21,167,False,False,True,False,False,0,,sj01_local_hum_avg_pct__fall,sj01_local_hum_avg_pct__fall,0.01123046875,0.01123046875
injected,sj01_local_hum_avg_pct__fall,0.5,30.0,82,18,166,False,False,False,False,False,0,,cu01_local_temp_avg_c__rise,cu01_local_temp_avg_c__rise,0.0245208740234375,0.019287109375
injected,sj01_local_hum_avg_pct__fall,0.5,30.0,83,21,167,False,False,True,False,False,0,,sj01_local_hum_avg_pct__fall,sj01_local_hum_avg_pct__fall,0.0106353759765625,0.0106353759765625
injected,sj01_local_hum_avg_pct__fall,0.5,30.0,84,21,168,False,False,True,False,False,0,,sj01_local_hum_avg_pct__fall,sj01_local_hum_avg_pct__fall,0.0106353759765625,0.0106353759765625
injected,sj01_local_hum_avg_pct__fall,0.5,30.0,85,18,165,False,False,False,False,False,0,,cu01_local_temp_avg_c__rise,cu01_local_temp_avg_c__rise,0.0245208740234375,0.019287109375
injected,sj01_local_hum_avg_pct__fall,0.5,30.0,86,22,168,True,True,True,False,False,1,sj01_local_hum_avg_pct__fall,sj01_local_hum_avg_pct__fall,sj01_local_hum_avg_pct__fall,0.003692626953125,0.003692626953125
injected,sj01_local_hum_avg_pct__fall,0.5,30.0,87,23,167,False,False,True,False,False,0,,sj01_local_hum_avg_pct__fall,sj01_local_hum_avg_pct__fall,0.0106353759765625,0.0106353759765625
injected,sj01_local_hum_avg_pct__fall,0.5,30.0,88,18,167,False,False,True,False,False,0,,sj01_local_hum_avg_pct__fall,sj01_local_hum_avg_pct__fall,0.01544189453125,0.01544189453125
injected,sj01_local_hum_avg_pct__fall,0.5,30.0,89,18,167,False,False,True,False,False,0,,sj01_local_hum_avg_pct__fall,sj01_local_hum_avg_pct__fall,0.017578125,0.017578125
injected,sj01_local_hum_avg_pct__fall,0.5,30.0,90,19,166,False,False,True,False,False,0,,sj01_local_hum_avg_pct__fall,sj01_local_hum_avg_pct__fall,0.0245208740234375,0.0245208740234375
injected,sj01_local_hum_avg_pct__fall,0.5,30.0,91,19,164,False,False,True,False,False,0,,sj01_local_hum_avg_pct__fall,sj01_local_hum_avg_pct__fall,0.0384063720703125,0.0384063720703125
injected,sj01_local_hum_avg_pct__fall,0.5,30.0,92,14,162,False,False,False,False,False,0,,cu01_local_temp_avg_c__rise,cu01_local_temp_avg_c__rise,0.0286865234375,0.019287109375
injected,sj01_local_hum_avg_pct__fall,0.5,30.0,93,21,166,False,False,False,False,False,0,,cu01_local_temp_avg_c__rise,cu01_local_temp_avg_c__rise,0.0245208740234375,0.019287109375
injected,sj01_local_hum_avg_pct__fall,0.5,30.0,94,23,168,False,False,True,False,False,0,,sj01_local_hum_avg_pct__fall,sj01_local_hum_avg_pct__fall,0.0106353759765625,0.0106353759765625
injected,sj01_local_hum_avg_pct__fall,0.5,30.0,95,17,163,False,False,False,False,False,0,,cu01_local_temp_avg_c__rise,cu01_local_temp_avg_c__rise,0.0286865234375,0.019287109375
injected,sj01_local_hum_avg_pct__fall,0.5,30.0,96,16,165,False,False,True,False,False,0,,sj01_local_hum_avg_pct__fall,sj01_local_hum_avg_pct__fall,0.017578125,0.017578125
injected,sj01_local_hum_avg_pct__fall,0.5,30.0,97,21,167,False,False,True,False,False,0,,sj01_local_hum_avg_pct__fall,sj01_local_hum_avg_pct__fall,0.0384063720703125,0.0384063720703125
injected,sj01_local_hum_avg_pct__fall,0.5,30.0,98,20,168,False,False,True,False,False,0,,sj01_local_hum_avg_pct__fall,sj01_local_hum_avg_pct__fall,0.017578125,0.017578125
injected,sj01_local_hum_avg_pct__fall,0.5,30.0,99,21,166,False,False,True,False,False,0,,sj01_local_hum_avg_pct__fall,sj01_local_hum_avg_pct__fall,0.0106353759765625,0.0106353759765625
injected,sj01_local_hum_avg_pct__fall,0.5,60.0,0,24,166,False,False,False,False,False,0,,cu01_local_temp_avg_c__rise,cu01_local_temp_avg_c__rise,0.0625,0.01123046875
injected,sj01_local_hum_avg_pct__fall,0.5,60.0,1,22,165,False,False,False,False,False,0,,cu01_local_temp_avg_c__rise,cu01_local_temp_avg_c__rise,0.14453125,0.01123046875
injected,sj01_local_hum_avg_pct__fall,0.5,60.0,2,18,163,False,False,False,False,False,0,,cu01_local_temp_avg_c__rise,cu01_local_temp_avg_c__rise,0.2744140625,0.019287109375
injected,sj01_local_hum_avg_pct__fall,0.5,60.0,3,18,166,False,False,False,False,False,0,,cu01_local_temp_avg_c__rise,cu01_local_temp_avg_c__rise,0.08984375,0.01123046875
injected,sj01_local_hum_avg_pct__fall,0.5,60.0,4,18,166,False,False,False,False,False,0,,cu01_local_temp_avg_c__rise,cu01_local_temp_avg_c__rise,0.03515625,0.01123046875
injected,sj01_local_hum_avg_pct__fall,0.5,60.0,5,19,162,False,False,False,False,False,0,,cu01_local_temp_avg_c__rise,cu01_local_temp_avg_c__rise,0.2744140625,0.01123046875
injected,sj01_local_hum_avg_pct__fall,0.5,60.0,6,16,165,False,False,False,False,False,0,,cu01_local_temp_avg_c__rise,cu01_local_temp_avg_c__rise,0.171875,0.019287109375
injected,sj01_local_hum_avg_pct__fall,0.5,60.0,7,17,161,False,False,False,False,False,0,,cu01_local_temp_avg_c__rise,cu01_local_temp_avg_c__rise,0.2744140625,0.01123046875
injected,sj01_local_hum_avg_pct__fall,0.5,60.0,8,17,165,False,False,False,False,False,0,,cu01_local_temp_avg_c__rise,cu01_local_temp_avg_c__rise,0.171875,0.01123046875
injected,sj01_local_hum_avg_pct__fall,0.5,60.0,9,22,164,False,False,False,False,False,0,,cu01_local_temp_avg_c__rise,cu01_local_temp_avg_c__rise,0.2744140625,0.019287109375
injected,sj01_local_hum_avg_pct__fall,0.5,60.0,10,19,165,False,False,False,False,False,0,,cu01_local_temp_avg_c__rise,cu01_local_temp_avg_c__rise,0.08984375,0.019287109375
injected,sj01_local_hum_avg_pct__fall,0.5,60.0,11,22,167,False,False,False,False,False,0,,cu01_local_temp_avg_c__rise,cu01_local_temp_avg_c__rise,0.08984375,0.01123046875
injected,sj01_local_hum_avg_pct__fall,0.5,60.0,12,19,164,False,False,False,False,False,0,,cu01_local_temp_avg_c__rise,cu01_local_temp_avg_c__rise,0.2744140625,0.01123046875
injected,sj01_local_hum_avg_pct__fall,0.5,60.0,13,17,162,False,False,False,False,False,0,,cu01_local_temp_avg_c__rise,cu01_local_temp_avg_c__rise,0.2744140625,0.019287109375
injected,sj01_local_hum_avg_pct__fall,0.5,60.0,14,19,163,False,False,False,False,False,0,,cu01_local_temp_avg_c__rise,cu01_local_temp_avg_c__rise,0.2744140625,0.019287109375
injected,sj01_local_hum_avg_pct__fall,0.5,60.0,15,21,163,False,False,False,False,False,0,,cu01_local_temp_avg_c__rise,cu01_local_temp_avg_c__rise,0.2744140625,0.01123046875
injected,sj01_local_hum_avg_pct__fall,0.5,60.0,16,16,162,False,False,False,False,False,0,,cu01_local_temp_avg_c__rise,cu01_local_temp_avg_c__rise,0.2744140625,0.019287109375
injected,sj01_local_hum_avg_pct__fall,0.5,60.0,17,15,165,False,False,False,False,False,0,,cu01_local_temp_avg_c__rise,cu01_local_temp_avg_c__rise,0.14453125,0.01123046875
injected,sj01_local_hum_avg_pct__fall,0.5,60.0,18,17,163,False,False,False,False,False,0,,cu01_local_temp_avg_c__rise,cu01_local_temp_avg_c__rise,0.25390625,0.01123046875
injected,sj01_local_hum_avg_pct__fall,0.5,60.0,19,20,165,False,False,False,False,False,0,,cu01_local_temp_avg_c__rise,cu01_local_temp_avg_c__rise,0.2744140625,0.01123046875
injected,sj01_local_hum_avg_pct__fall,0.5,60.0,20,15,162,False,False,False,False,False,0,,cu01_local_temp_avg_c__rise,cu01_local_temp_avg_c__rise,0.2744140625,0.019287109375
injected,sj01_local_hum_avg_pct__fall,0.5,60.0,21,18,164,False,False,False,False,False,0,,cu01_local_temp_avg_c__rise,cu01_local_temp_avg_c__rise,0.14453125,0.019287109375
injected,sj01_local_hum_avg_pct__fall,0.5,60.0,22,22,165,False,False,False,False,False,0,,cu01_local_temp_avg_c__rise,cu01_local_temp_avg_c__rise,0.2744140625,0.019287109375
injected,sj01_local_hum_avg_pct__fall,0.5,60.0,23,21,165,False,False,False,False,False,0,,cu01_local_temp_avg_c__rise,cu01_local_temp_avg_c__rise,0.2744140625,0.019287109375
injected,sj01_local_hum_avg_pct__fall,0.5,60.0,24,23,165,False,False,False,False,False,0,,cu01_local_temp_avg_c__rise,cu01_local_temp_avg_c__rise,0.25390625,0.019287109375
injected,sj01_local_hum_avg_pct__fall,0.5,60.0,25,23,167,False,False,False,False,False,0,,cu01_local_temp_avg_c__rise,cu01_local_temp_avg_c__rise,0.08984375,0.01123046875
injected,sj01_local_hum_avg_pct__fall,0.5,60.0,26,14,162,False,False,False,False,False,0,,cu01_local_temp_avg_c__rise,cu01_local_temp_avg_c__rise,0.2744140625,0.01123046875
injected,sj01_local_hum_avg_pct__fall,0.5,60.0,27,19,166,False,False,False,False,False,0,,cu01_local_temp_avg_c__rise,cu01_local_temp_avg_c__rise,0.171875,0.01123046875
injected,sj01_local_hum_avg_pct__fall,0.5,60.0,28,20,164,False,False,False,False,False,0,,cu01_local_temp_avg_c__rise,cu01_local_temp_avg_c__rise,0.2744140625,0.01123046875
injected,sj01_local_hum_avg_pct__fall,0.5,60.0,29,16,164,False,False,False,False,False,0,,cu01_local_temp_avg_c__rise,cu01_local_temp_avg_c__rise,0.2744140625,0.019287109375
injected,sj01_local_hum_avg_pct__fall,0.5,60.0,30,18,164,False,False,False,False,False,0,,cu01_local_temp_avg_c__rise,cu01_local_temp_avg_c__rise,0.2744140625,0.01123046875
injected,sj01_local_hum_avg_pct__fall,0.5,60.0,31,24,166,False,False,False,False,False,0,,cu01_local_temp_avg_c__rise,cu01_local_temp_avg_c__rise,0.08984375,0.01123046875
injected,sj01_local_hum_avg_pct__fall,0.5,60.0,32,20,164,False,False,False,False,False,0,,cu01_local_temp_avg_c__rise,cu01_local_temp_avg_c__rise,0.171875,0.01123046875
injected,sj01_local_hum_avg_pct__fall,0.5,60.0,33,21,163,False,False,False,False,False,0,,cu01_local_temp_avg_c__rise,cu01_local_temp_avg_c__rise,0.2744140625,0.01123046875
injected,sj01_local_hum_avg_pct__fall,0.5,60.0,34,19,164,False,False,False,False,False,0,,cu01_local_temp_avg_c__rise,cu01_local_temp_avg_c__rise,0.171875,0.01123046875
injected,sj01_local_hum_avg_pct__fall,0.5,60.0,35,22,164,False,False,False,False,False,0,,cu01_local_temp_avg_c__rise,cu01_local_temp_avg_c__rise,0.171875,0.01123046875
injected,sj01_local_hum_avg_pct__fall,0.5,60.0,36,19,167,False,False,False,False,False,0,,cu01_local_temp_avg_c__rise,cu01_local_temp_avg_c__rise,0.03515625,0.01123046875
injected,sj01_local_hum_avg_pct__fall,0.5,60.0,37,18,161,False,False,False,False,False,0,,cu01_local_temp_avg_c__rise,cu01_local_temp_avg_c__rise,0.2744140625,0.019287109375
injected,sj01_local_hum_avg_pct__fall,0.5,60.0,38,22,166,False,False,False,False,False,0,,cu01_local_temp_avg_c__rise,cu01_local_temp_avg_c__rise,0.08984375,0.01123046875
injected,sj01_local_hum_avg_pct__fall,0.5,60.0,39,24,166,False,False,False,False,False,0,,cu01_local_temp_avg_c__rise,cu01_local_temp_avg_c__rise,0.25390625,0.01123046875
injected,sj01_local_hum_avg_pct__fall,0.5,60.0,40,23,165,False,False,False,False,False,0,,cu01_local_temp_avg_c__rise,cu01_local_temp_avg_c__rise,0.14453125,0.01123046875
injected,sj01_local_hum_avg_pct__fall,0.5,60.0,41,18,163,False,False,False,False,False,0,,cu01_local_temp_avg_c__rise,cu01_local_temp_avg_c__rise,0.2744140625,0.01123046875
injected,sj01_local_hum_avg_pct__fall,0.5,60.0,42,20,165,False,False,False,False,False,0,,cu01_local_temp_avg_c__rise,cu01_local_temp_avg_c__rise,0.2744140625,0.019287109375
injected,sj01_local_hum_avg_pct__fall,0.5,60.0,43,18,164,False,False,False,False,False,0,,cu01_local_temp_avg_c__rise,cu01_local_temp_avg_c__rise,0.2744140625,0.01123046875
injected,sj01_local_hum_avg_pct__fall,0.5,60.0,44,23,166,False,False,False,False,False,0,,cu01_local_temp_avg_c__rise,cu01_local_temp_avg_c__rise,0.171875,0.01123046875
injected,sj01_local_hum_avg_pct__fall,0.5,60.0,45,22,164,False,False,False,False,False,0,,cu01_local_temp_avg_c__rise,cu01_local_temp_avg_c__rise,0.2744140625,0.01123046875
injected,sj01_local_hum_avg_pct__fall,0.5,60.0,46,23,166,False,False,False,False,False,0,,cu01_local_temp_avg_c__rise,cu01_local_temp_avg_c__rise,0.14453125,0.01123046875
injected,sj01_local_hum_avg_pct__fall,0.5,60.0,47,19,163,False,False,False,False,False,0,,cu01_local_temp_avg_c__rise,cu01_local_temp_avg_c__rise,0.2744140625,0.01123046875
injected,sj01_local_hum_avg_pct__fall,0.5,60.0,48,20,163,False,False,False,False,False,0,,cu01_local_temp_avg_c__rise,cu01_local_temp_avg_c__rise,0.2744140625,0.01123046875
injected,sj01_local_hum_avg_pct__fall,0.5,60.0,49,17,162,False,False,False,False,False,0,,cu01_local_temp_avg_c__rise,cu01_local_temp_avg_c__rise,0.2744140625,0.019287109375
injected,sj01_local_hum_avg_pct__fall,0.5,60.0,50,22,165,False,False,False,False,False,0,,cu01_local_temp_avg_c__rise,cu01_local_temp_avg_c__rise,0.171875,0.01123046875
injected,sj01_local_hum_avg_pct__fall,0.5,60.0,51,19,166,False,False,False,False,False,0,,cu01_local_temp_avg_c__rise,cu01_local_temp_avg_c__rise,0.08984375,0.01123046875
injected,sj01_local_hum_avg_pct__fall,0.5,60.0,52,19,165,False,False,False,False,False,0,,cu01_local_temp_avg_c__rise,cu01_local_temp_avg_c__rise,0.2744140625,0.01123046875
injected,sj01_local_hum_avg_pct__fall,0.5,60.0,53,20,163,False,False,False,False,False,0,,cu01_local_temp_avg_c__rise,cu01_local_temp_avg_c__rise,0.2744140625,0.01123046875
injected,sj01_local_hum_avg_pct__fall,0.5,60.0,54,16,165,False,False,False,False,False,0,,cu01_local_temp_avg_c__rise,cu01_local_temp_avg_c__rise,0.25390625,0.01123046875
injected,sj01_local_hum_avg_pct__fall,0.5,60.0,55,17,161,False,False,False,False,False,0,,cu01_local_temp_avg_c__rise,cu01_local_temp_avg_c__rise,0.2744140625,0.019287109375
injected,sj01_local_hum_avg_pct__fall,0.5,60.0,56,16,161,False,False,False,False,False,0,,cu01_local_temp_avg_c__rise,cu01_local_temp_avg_c__rise,0.2744140625,0.019287109375
injected,sj01_local_hum_avg_pct__fall,0.5,60.0,57,19,164,False,False,False,False,False,0,,cu01_local_temp_avg_c__rise,cu01_local_temp_avg_c__rise,0.2744140625,0.019287109375
injected,sj01_local_hum_avg_pct__fall,0.5,60.0,58,20,163,False,False,False,False,False,0,,cu01_local_temp_avg_c__rise,cu01_local_temp_avg_c__rise,0.2744140625,0.01123046875
injected,sj01_local_hum_avg_pct__fall,0.5,60.0,59,18,162,False,False,False,False,False,0,,cu01_local_temp_avg_c__rise,cu01_local_temp_avg_c__rise,0.2744140625,0.01123046875
injected,sj01_local_hum_avg_pct__fall,0.5,60.0,60,24,167,False,False,False,False,False,0,,cu01_local_temp_avg_c__rise,cu01_local_temp_avg_c__rise,0.08984375,0.01123046875
injected,sj01_local_hum_avg_pct__fall,0.5,60.0,61,17,166,False,False,False,False,False,0,,cu01_local_temp_avg_c__rise,cu01_local_temp_avg_c__rise,0.08984375,0.01123046875
injected,sj01_local_hum_avg_pct__fall,0.5,60.0,62,21,166,False,False,False,False,False,0,,cu01_local_temp_avg_c__rise,cu01_local_temp_avg_c__rise,0.14453125,0.01123046875
injected,sj01_local_hum_avg_pct__fall,0.5,60.0,63,21,166,False,False,False,False,False,0,,cu01_local_temp_avg_c__rise,cu01_local_temp_avg_c__rise,0.171875,0.01123046875
injected,sj01_local_hum_avg_pct__fall,0.5,60.0,64,20,167,False,False,False,False,False,0,,cu01_local_temp_avg_c__rise,cu01_local_temp_avg_c__rise,0.08984375,0.01123046875
injected,sj01_local_hum_avg_pct__fall,0.5,60.0,65,20,163,False,False,False,False,False,0,,cu01_local_temp_avg_c__rise,cu01_local_temp_avg_c__rise,0.2744140625,0.01123046875
injected,sj01_local_hum_avg_pct__fall,0.5,60.0,66,19,166,False,False,False,False,False,0,,cu01_local_temp_avg_c__rise,cu01_local_temp_avg_c__rise,0.2744140625,0.019287109375
injected,sj01_local_hum_avg_pct__fall,0.5,60.0,67,17,164,False,False,False,False,False,0,,cu01_local_temp_avg_c__rise,cu01_local_temp_avg_c__rise,0.2744140625,0.01123046875
injected,sj01_local_hum_avg_pct__fall,0.5,60.0,68,22,163,False,False,False,False,False,0,,cu01_local_temp_avg_c__rise,cu01_local_temp_avg_c__rise,0.2744140625,0.01123046875
injected,sj01_local_hum_avg_pct__fall,0.5,60.0,69,17,161,False,False,False,False,False,0,,cu01_local_temp_avg_c__rise,cu01_local_temp_avg_c__rise,0.2744140625,0.019287109375
injected,sj01_local_hum_avg_pct__fall,0.5,60.0,70,19,163,False,False,False,False,False,0,,cu01_local_temp_avg_c__rise,cu01_local_temp_avg_c__rise,0.2744140625,0.01123046875
injected,sj01_local_hum_avg_pct__fall,0.5,60.0,71,19,164,False,False,False,False,False,0,,cu01_local_temp_avg_c__rise,cu01_local_temp_avg_c__rise,0.25390625,0.01123046875
injected,sj01_local_hum_avg_pct__fall,0.5,60.0,72,22,165,False,False,False,False,False,0,,cu01_local_temp_avg_c__rise,cu01_local_temp_avg_c__rise,0.171875,0.01123046875
injected,sj01_local_hum_avg_pct__fall,0.5,60.0,73,20,166,False,False,False,False,False,0,,cu01_local_temp_avg_c__rise,cu01_local_temp_avg_c__rise,0.08984375,0.01123046875
injected,sj01_local_hum_avg_pct__fall,0.5,60.0,74,17,161,False,False,False,False,False,0,,cu01_local_temp_avg_c__rise,cu01_local_temp_avg_c__rise,0.2744140625,0.019287109375
injected,sj01_local_hum_avg_pct__fall,0.5,60.0,75,26,166,False,False,False,False,False,0,,cu01_local_temp_avg_c__rise,cu01_local_temp_avg_c__rise,0.171875,0.01123046875
injected,sj01_local_hum_avg_pct__fall,0.5,60.0,76,16,163,False,False,False,False,False,0,,cu01_local_temp_avg_c__rise,cu01_local_temp_avg_c__rise,0.2744140625,0.01123046875
injected,sj01_local_hum_avg_pct__fall,0.5,60.0,77,17,164,False,False,False,False,False,0,,cu01_local_temp_avg_c__rise,cu01_local_temp_avg_c__rise,0.171875,0.01123046875
injected,sj01_local_hum_avg_pct__fall,0.5,60.0,78,20,164,False,False,False,False,False,0,,cu01_local_temp_avg_c__rise,cu01_local_temp_avg_c__rise,0.2744140625,0.01123046875
injected,sj01_local_hum_avg_pct__fall,0.5,60.0,79,16,161,False,False,False,False,False,0,,cu01_local_temp_avg_c__rise,cu01_local_temp_avg_c__rise,0.2744140625,0.019287109375
injected,sj01_local_hum_avg_pct__fall,0.5,60.0,80,21,163,False,False,False,False,False,0,,cu01_local_temp_avg_c__rise,cu01_local_temp_avg_c__rise,0.2744140625,0.01123046875
injected,sj01_local_hum_avg_pct__fall,0.5,60.0,81,21,166,False,False,False,False,False,0,,cu01_local_temp_avg_c__rise,cu01_local_temp_avg_c__rise,0.171875,0.01123046875
injected,sj01_local_hum_avg_pct__fall,0.5,60.0,82,18,164,False,False,False,False,False,0,,cu01_local_temp_avg_c__rise,cu01_local_temp_avg_c__rise,0.2744140625,0.019287109375
injected,sj01_local_hum_avg_pct__fall,0.5,60.0,83,21,166,False,False,False,False,False,0,,cu01_local_temp_avg_c__rise,cu01_local_temp_avg_c__rise,0.171875,0.01123046875
injected,sj01_local_hum_avg_pct__fall,0.5,60.0,84,21,163,False,False,False,False,False,0,,cu01_local_temp_avg_c__rise,cu01_local_temp_avg_c__rise,0.2744140625,0.01123046875
injected,sj01_local_hum_avg_pct__fall,0.5,60.0,85,18,167,False,False,False,False,False,0,,cu01_local_temp_avg_c__rise,cu01_local_temp_avg_c__rise,0.08984375,0.019287109375
injected,sj01_local_hum_avg_pct__fall,0.5,60.0,86,22,168,False,False,False,False,False,0,,cu01_local_temp_avg_c__rise,cu01_local_temp_avg_c__rise,0.08984375,0.01123046875
injected,sj01_local_hum_avg_pct__fall,0.5,60.0,87,23,164,False,False,False,False,False,0,,cu01_local_temp_avg_c__rise,cu01_local_temp_avg_c__rise,0.2744140625,0.01123046875
injected,sj01_local_hum_avg_pct__fall,0.5,60.0,88,18,164,False,False,False,False,False,0,,cu01_local_temp_avg_c__rise,cu01_local_temp_avg_c__rise,0.2744140625,0.01123046875
injected,sj01_local_hum_avg_pct__fall,0.5,60.0,89,18,161,False,False,False,False,False,0,,cu01_local_temp_avg_c__rise,cu01_local_temp_avg_c__rise,0.2744140625,0.01123046875
injected,sj01_local_hum_avg_pct__fall,0.5,60.0,90,19,166,False,False,False,False,False,0,,cu01_local_temp_avg_c__rise,cu01_local_temp_avg_c__rise,0.25390625,0.01123046875
injected,sj01_local_hum_avg_pct__fall,0.5,60.0,91,19,167,False,False,False,False,False,0,,cu01_local_temp_avg_c__rise,cu01_local_temp_avg_c__rise,0.0625,0.01123046875
injected,sj01_local_hum_avg_pct__fall,0.5,60.0,92,14,162,False,False,False,False,False,0,,cu01_local_temp_avg_c__rise,cu01_local_temp_avg_c__rise,0.2744140625,0.019287109375
injected,sj01_local_hum_avg_pct__fall,0.5,60.0,93,21,163,False,False,False,False,False,0,,cu01_local_temp_avg_c__rise,cu01_local_temp_avg_c__rise,0.2744140625,0.019287109375
injected,sj01_local_hum_avg_pct__fall,0.5,60.0,94,23,164,False,False,False,False,False,0,,cu01_local_temp_avg_c__rise,cu01_local_temp_avg_c__rise,0.2744140625,0.019287109375
injected,sj01_local_hum_avg_pct__fall,0.5,60.0,95,17,162,False,False,False,False,False,0,,cu01_local_temp_avg_c__rise,cu01_local_temp_avg_c__rise,0.2744140625,0.019287109375
injected,sj01_local_hum_avg_pct__fall,0.5,60.0,96,16,164,False,False,False,False,False,0,,cu01_local_temp_avg_c__rise,cu01_local_temp_avg_c__rise,0.08984375,0.01123046875
injected,sj01_local_hum_avg_pct__fall,0.5,60.0,97,21,166,False,False,False,False,False,0,,cu01_local_temp_avg_c__rise,cu01_local_temp_avg_c__rise,0.171875,0.01123046875
injected,sj01_local_hum_avg_pct__fall,0.5,60.0,98,20,166,False,False,False,False,False,0,,cu01_local_temp_avg_c__rise,cu01_local_temp_avg_c__rise,0.2744140625,0.01123046875
injected,sj01_local_hum_avg_pct__fall,0.5,60.0,99,21,166,False,False,False,False,False,0,,cu01_local_temp_avg_c__rise,cu01_local_temp_avg_c__rise,0.08984375,0.01123046875
injected,sj01_local_hum_avg_pct__fall,1.0,15.0,0,24,172,True,True,True,False,False,1,sj01_local_hum_avg_pct__fall,sj01_local_hum_avg_pct__fall,sj01_local_hum_avg_pct__fall,2.002716064453125e-05,2.002716064453125e-05
injected,sj01_local_hum_avg_pct__fall,1.0,15.0,1,22,171,True,True,True,False,False,1,sj01_local_hum_avg_pct__fall,sj01_local_hum_avg_pct__fall,sj01_local_hum_avg_pct__fall,7.62939453125e-06,7.62939453125e-06
injected,sj01_local_hum_avg_pct__fall,1.0,15.0,2,18,166,True,True,True,False,False,1,sj01_local_hum_avg_pct__fall,sj01_local_hum_avg_pct__fall,sj01_local_hum_avg_pct__fall,0.0037689208984375,0.0037689208984375
injected,sj01_local_hum_avg_pct__fall,1.0,15.0,3,18,169,True,True,True,False,False,1,sj01_local_hum_avg_pct__fall,sj01_local_hum_avg_pct__fall,sj01_local_hum_avg_pct__fall,0.0002593994140625,0.0002593994140625
injected,sj01_local_hum_avg_pct__fall,1.0,15.0,4,18,169,True,True,True,False,False,1,sj01_local_hum_avg_pct__fall,sj01_local_hum_avg_pct__fall,sj01_local_hum_avg_pct__fall,0.0007448196411132812,0.0007448196411132812
injected,sj01_local_hum_avg_pct__fall,1.0,15.0,5,19,169,True,True,True,False,False,1,sj01_local_hum_avg_pct__fall,sj01_local_hum_avg_pct__fall,sj01_local_hum_avg_pct__fall,0.0006561279296875,0.0006561279296875
injected,sj01_local_hum_avg_pct__fall,1.0,15.0,6,16,167,True,True,True,False,False,1,sj01_local_hum_avg_pct__fall,sj01_local_hum_avg_pct__fall,sj01_local_hum_avg_pct__fall,0.0011749267578125,0.0011749267578125
injected,sj01_local_hum_avg_pct__fall,1.0,15.0,7,17,167,True,True,True,False,False,1,sj01_local_hum_avg_pct__fall,sj01_local_hum_avg_pct__fall,sj01_local_hum_avg_pct__fall,0.00091552734375,0.00091552734375
injected,sj01_local_hum_avg_pct__fall,1.0,15.0,8,17,170,True,True,True,False,False,1,sj01_local_hum_avg_pct__fall,sj01_local_hum_avg_pct__fall,sj01_local_hum_avg_pct__fall,0.0004277229309082031,0.0004277229309082031
injected,sj01_local_hum_avg_pct__fall,1.0,15.0,9,22,171,True,True,True,False,False,1,sj01_local_hum_avg_pct__fall,sj01_local_hum_avg_pct__fall,sj01_local_hum_avg_pct__fall,0.000110626220703125,0.000110626220703125
injected,sj01_local_hum_avg_pct__fall,1.0,15.0,10,19,170,True,True,True,False,False,1,sj01_local_hum_avg_pct__fall,sj01_local_hum_avg_pct__fall,sj01_local_hum_avg_pct__fall,1.52587890625e-05,1.52587890625e-05
injected,sj01_local_hum_avg_pct__fall,1.0,15.0,11,22,171,True,True,True,False,False,1,sj01_local_hum_avg_pct__fall,sj01_local_hum_avg_pct__fall,sj01_local_hum_avg_pct__fall,3.814697265625e-05,3.814697265625e-05
injected,sj01_local_hum_avg_pct__fall,1.0,15.0,12,19,171,True,True,True,False,False,1,sj01_local_hum_avg_pct__fall,sj01_local_hum_avg_pct__fall,sj01_local_hum_avg_pct__fall,3.814697265625e-05,3.814697265625e-05
injected,sj01_local_hum_avg_pct__fall,1.0,15.0,13,17,169,True,True,True,False,False,1,sj01_local_hum_avg_pct__fall,sj01_local_hum_avg_pct__fall,sj01_local_hum_avg_pct__fall,6.103515625e-05,6.103515625e-05
injected,sj01_local_hum_avg_pct__fall,1.0,15.0,14,19,170,True,True,True,False,False,1,sj01_local_hum_avg_pct__fall,sj01_local_hum_avg_pct__fall,sj01_local_hum_avg_pct__fall,3.0517578125e-05,3.0517578125e-05
injected,sj01_local_hum_avg_pct__fall,1.0,15.0,15,21,172,True,True,True,False,False,1,sj01_local_hum_avg_pct__fall,sj01_local_hum_avg_pct__fall,sj01_local_hum_avg_pct__fall,6.0558319091796875e-05,6.0558319091796875e-05
injected,sj01_local_hum_avg_pct__fall,1.0,15.0,16,16,170,True,True,True,False,False,1,sj01_local_hum_avg_pct__fall,sj01_local_hum_avg_pct__fall,sj01_local_hum_avg_pct__fall,0.0007448196411132812,0.0007448196411132812
injected,sj01_local_hum_avg_pct__fall,1.0,15.0,17,15,167,True,True,True,False,False,1,sj01_local_hum_avg_pct__fall,sj01_local_hum_avg_pct__fall,sj01_local_hum_avg_pct__fall,0.00048828125,0.00048828125
injected,sj01_local_hum_avg_pct__fall,1.0,15.0,18,17,170,True,True,True,False,False,1,sj01_local_hum_avg_pct__fall,sj01_local_hum_avg_pct__fall,sj01_local_hum_avg_pct__fall,0.00020122528076171875,0.00020122528076171875
injected,sj01_local_hum_avg_pct__fall,1.0,15.0,19,20,171,True,True,True,False,False,1,sj01_local_hum_avg_pct__fall,sj01_local_hum_avg_pct__fall,sj01_local_hum_avg_pct__fall,0.000110626220703125,0.000110626220703125
injected,sj01_local_hum_avg_pct__fall,1.0,15.0,20,15,167,True,True,True,False,False,1,sj01_local_hum_avg_pct__fall,sj01_local_hum_avg_pct__fall,sj01_local_hum_avg_pct__fall,0.0011749267578125,0.0011749267578125
injected,sj01_local_hum_avg_pct__fall,1.0,15.0,21,18,167,True,True,True,False,False,1,sj01_local_hum_avg_pct__fall,sj01_local_hum_avg_pct__fall,sj01_local_hum_avg_pct__fall,0.00048828125,0.00048828125
injected,sj01_local_hum_avg_pct__fall,1.0,15.0,22,22,170,True,True,True,False,False,1,sj01_local_hum_avg_pct__fall,sj01_local_hum_avg_pct__fall,sj01_local_hum_avg_pct__fall,0.0004277229309082031,0.0004277229309082031
injected,sj01_local_hum_avg_pct__fall,1.0,15.0,23,21,171,True,True,True,False,False,1,sj01_local_hum_avg_pct__fall,sj01_local_hum_avg_pct__fall,sj01_local_hum_avg_pct__fall,0.000110626220703125,0.000110626220703125
injected,sj01_local_hum_avg_pct__fall,1.0,15.0,24,23,171,True,True,True,False,False,1,sj01_local_hum_avg_pct__fall,sj01_local_hum_avg_pct__fall,sj01_local_hum_avg_pct__fall,3.814697265625e-05,3.814697265625e-05
injected,sj01_local_hum_avg_pct__fall,1.0,15.0,25,23,173,True,True,True,False,False,1,sj01_local_hum_avg_pct__fall,sj01_local_hum_avg_pct__fall,sj01_local_hum_avg_pct__fall,1.9073486328125e-06,1.9073486328125e-06
injected,sj01_local_hum_avg_pct__fall,1.0,15.0,26,14,168,True,True,True,False,False,1,sj01_local_hum_avg_pct__fall,sj01_local_hum_avg_pct__fall,sj01_local_hum_avg_pct__fall,0.0011749267578125,0.0011749267578125
injected,sj01_local_hum_avg_pct__fall,1.0,15.0,27,19,168,True,True,True,False,False,1,sj01_local_hum_avg_pct__fall,sj01_local_hum_avg_pct__fall,sj01_local_hum_avg_pct__fall,0.0011749267578125,0.0011749267578125
injected,sj01_local_hum_avg_pct__fall,1.0,15.0,28,20,172,True,True,True,False,False,1,sj01_local_hum_avg_pct__fall,sj01_local_hum_avg_pct__fall,sj01_local_hum_avg_pct__fall,0.000110626220703125,0.000110626220703125
injected,sj01_local_hum_avg_pct__fall,1.0,15.0,29,16,166,True,True,True,False,False,1,sj01_local_hum_avg_pct__fall,sj01_local_hum_avg_pct__fall,sj01_local_hum_avg_pct__fall,0.0037689208984375,0.0037689208984375
injected,sj01_local_hum_avg_pct__fall,1.0,15.0,30,18,168,True,True,True,False,False,1,sj01_local_hum_avg_pct__fall,sj01_local_hum_avg_pct__fall,sj01_local_hum_avg_pct__fall,0.0006561279296875,0.0006561279296875
injected,sj01_local_hum_avg_pct__fall,1.0,15.0,31,24,172,True,True,True,False,False,1,sj01_local_hum_avg_pct__fall,sj01_local_hum_avg_pct__fall,sj01_local_hum_avg_pct__fall,2.002716064453125e-05,2.002716064453125e-05
injected,sj01_local_hum_avg_pct__fall,1.0,15.0,32,20,172,True,True,True,False,False,1,sj01_local_hum_avg_pct__fall,sj01_local_hum_avg_pct__fall,sj01_local_hum_avg_pct__fall,6.0558319091796875e-05,6.0558319091796875e-05
injected,sj01_local_hum_avg_pct__fall,1.0,15.0,33,21,170,True,True,True,False,False,1,sj01_local_hum_avg_pct__fall,sj01_local_hum_avg_pct__fall,sj01_local_hum_avg_pct__fall,0.00020122528076171875,0.00020122528076171875
injected,sj01_local_hum_avg_pct__fall,1.0,15.0,34,19,170,True,True,True,False,False,1,sj01_local_hum_avg_pct__fall,sj01_local_hum_avg_pct__fall,sj01_local_hum_avg_pct__fall,7.2479248046875e-05,7.2479248046875e-05
injected,sj01_local_hum_avg_pct__fall,1.0,15.0,35,22,174,True,True,True,False,False,1,sj01_local_hum_avg_pct__fall,sj01_local_hum_avg_pct__fall,sj01_local_hum_avg_pct__fall,9.5367431640625e-07,9.5367431640625e-07
injected,sj01_local_hum_avg_pct__fall,1.0,15.0,36,19,168,True,True,True,False,False,1,sj01_local_hum_avg_pct__fall,sj01_local_hum_avg_pct__fall,sj01_local_hum_avg_pct__fall,0.0012884140014648438,0.0012884140014648438
injected,sj01_local_hum_avg_pct__fall,1.0,15.0,37,18,171,True,True,True,False,False,1,sj01_local_hum_avg_pct__fall,sj01_local_hum_avg_pct__fall,sj01_local_hum_avg_pct__fall,7.62939453125e-06,7.62939453125e-06
injected,sj01_local_hum_avg_pct__fall,1.0,15.0,38,22,172,True,True,True,False,False,1,sj01_local_hum_avg_pct__fall,sj01_local_hum_avg_pct__fall,sj01_local_hum_avg_pct__fall,7.62939453125e-06,7.62939453125e-06
injected,sj01_local_hum_avg_pct__fall,1.0,15.0,39,24,171,True,True,True,False,False,1,sj01_local_hum_avg_pct__fall,sj01_local_hum_avg_pct__fall,sj01_local_hum_avg_pct__fall,3.814697265625e-05,3.814697265625e-05
injected,sj01_local_hum_avg_pct__fall,1.0,15.0,40,23,173,True,True,True,False,False,1,sj01_local_hum_avg_pct__fall,sj01_local_hum_avg_pct__fall,sj01_local_hum_avg_pct__fall,1.9073486328125e-06,1.9073486328125e-06
injected,sj01_local_hum_avg_pct__fall,1.0,15.0,41,18,169,True,True,True,False,False,1,sj01_local_hum_avg_pct__fall,sj01_local_hum_avg_pct__fall,sj01_local_hum_avg_pct__fall,0.0001373291015625,0.0001373291015625
injected,sj01_local_hum_avg_pct__fall,1.0,15.0,42,20,171,True,True,True,False,False,1,sj01_local_hum_avg_pct__fall,sj01_local_hum_avg_pct__fall,sj01_local_hum_avg_pct__fall,3.814697265625e-05,3.814697265625e-05
injected,sj01_local_hum_avg_pct__fall,1.0,15.0,43,18,167,True,True,True,False,False,1,sj01_local_hum_avg_pct__fall,sj01_local_hum_avg_pct__fall,sj01_local_hum_avg_pct__fall,0.0011749267578125,0.0011749267578125
injected,sj01_local_hum_avg_pct__fall,1.0,15.0,44,23,173,True,True,True,False,False,1,sj01_local_hum_avg_pct__fall,sj01_local_hum_avg_pct__fall,sj01_local_hum_avg_pct__fall,1.9073486328125e-06,1.9073486328125e-06
injected,sj01_local_hum_avg_pct__fall,1.0,15.0,45,22,171,True,True,True,False,False,1,sj01_local_hum_avg_pct__fall,sj01_local_hum_avg_pct__fall,sj01_local_hum_avg_pct__fall,1.52587890625e-05,1.52587890625e-05
injected,sj01_local_hum_avg_pct__fall,1.0,15.0,46,23,171,True,True,True,False,False,1,sj01_local_hum_avg_pct__fall,sj01_local_hum_avg_pct__fall,sj01_local_hum_avg_pct__fall,0.000110626220703125,0.000110626220703125
injected,sj01_local_hum_avg_pct__fall,1.0,15.0,47,19,169,True,True,True,False,False,1,sj01_local_hum_avg_pct__fall,sj01_local_hum_avg_pct__fall,sj01_local_hum_avg_pct__fall,0.0003643035888671875,0.0003643035888671875
injected,sj01_local_hum_avg_pct__fall,1.0,15.0,48,20,171,True,True,True,False,False,1,sj01_local_hum_avg_pct__fall,sj01_local_hum_avg_pct__fall,sj01_local_hum_avg_pct__fall,0.000110626220703125,0.000110626220703125
injected,sj01_local_hum_avg_pct__fall,1.0,15.0,49,17,167,True,True,True,False,False,1,sj01_local_hum_avg_pct__fall,sj01_local_hum_avg_pct__fall,sj01_local_hum_avg_pct__fall,0.0011749267578125,0.0011749267578125
injected,sj01_local_hum_avg_pct__fall,1.0,15.0,50,22,171,True,True,True,False,False,1,sj01_local_hum_avg_pct__fall,sj01_local_hum_avg_pct__fall,sj01_local_hum_avg_pct__fall,1.52587890625e-05,1.52587890625e-05
injected,sj01_local_hum_avg_pct__fall,1.0,15.0,51,19,169,True,True,True,False,False,1,sj01_local_hum_avg_pct__fall,sj01_local_hum_avg_pct__fall,sj01_local_hum_avg_pct__fall,6.103515625e-05,6.103515625e-05
injected,sj01_local_hum_avg_pct__fall,1.0,15.0,52,19,167,True,True,True,False,False,1,sj01_local_hum_avg_pct__fall,sj01_local_hum_avg_pct__fall,sj01_local_hum_avg_pct__fall,0.0011749267578125,0.0011749267578125
injected,sj01_local_hum_avg_pct__fall,1.0,15.0,53,20,170,True,True,True,False,False,1,sj01_local_hum_avg_pct__fall,sj01_local_hum_avg_pct__fall,sj01_local_hum_avg_pct__fall,0.0001373291015625,0.0001373291015625
injected,sj01_local_hum_avg_pct__fall,1.0,15.0,54,16,167,True,True,True,False,False,1,sj01_local_hum_avg_pct__fall,sj01_local_hum_avg_pct__fall,sj01_local_hum_avg_pct__fall,0.00091552734375,0.00091552734375
injected,sj01_local_hum_avg_pct__fall,1.0,15.0,55,17,168,True,True,True,False,False,1,sj01_local_hum_avg_pct__fall,sj01_local_hum_avg_pct__fall,sj01_local_hum_avg_pct__fall,0.0012884140014648438,0.0012884140014648438
injected,sj01_local_hum_avg_pct__fall,1.0,15.0,56,16,168,True,True,True,False,False,1,sj01_local_hum_avg_pct__fall,sj01_local_hum_avg_pct__fall,sj01_local_hum_avg_pct__fall,6.103515625e-05,6.103515625e-05
injected,sj01_local_hum_avg_pct__fall,1.0,15.0,57,19,169,True,True,True,False,False,1,sj01_local_hum_avg_pct__fall,sj01_local_hum_avg_pct__fall,sj01_local_hum_avg_pct__fall,0.0002593994140625,0.0002593994140625
injected,sj01_local_hum_avg_pct__fall,1.0,15.0,58,20,168,True,True,True,False,False,1,sj01_local_hum_avg_pct__fall,sj01_local_hum_avg_pct__fall,sj01_local_hum_avg_pct__fall,0.0006561279296875,0.0006561279296875
injected,sj01_local_hum_avg_pct__fall,1.0,15.0,59,18,169,True,True,True,False,False,1,sj01_local_hum_avg_pct__fall,sj01_local_hum_avg_pct__fall,sj01_local_hum_avg_pct__fall,0.0001373291015625,0.0001373291015625
injected,sj01_local_hum_avg_pct__fall,1.0,15.0,60,24,172,True,True,True,False,False,1,sj01_local_hum_avg_pct__fall,sj01_local_hum_avg_pct__fall,sj01_local_hum_avg_pct__fall,3.814697265625e-06,3.814697265625e-06
injected,sj01_local_hum_avg_pct__fall,1.0,15.0,61,17,169,True,True,True,False,False,1,sj01_local_hum_avg_pct__fall,sj01_local_hum_avg_pct__fall,sj01_local_hum_avg_pct__fall,0.0006561279296875,0.0006561279296875
injected,sj01_local_hum_avg_pct__fall,1.0,15.0,62,21,171,True,True,True,False,False,1,sj01_local_hum_avg_pct__fall,sj01_local_hum_avg_pct__fall,sj01_local_hum_avg_pct__fall,0.000110626220703125,0.000110626220703125
injected,sj01_local_hum_avg_pct__fall,1.0,15.0,63,21,171,True,True,True,False,False,1,sj01_local_hum_avg_pct__fall,sj01_local_hum_avg_pct__fall,sj01_local_hum_avg_pct__fall,7.2479248046875e-05,7.2479248046875e-05
injected,sj01_local_hum_avg_pct__fall,1.0,15.0,64,20,172,True,True,True,False,False,1,sj01_local_hum_avg_pct__fall,sj01_local_hum_avg_pct__fall,sj01_local_hum_avg_pct__fall,0.000110626220703125,0.000110626220703125
injected,sj01_local_hum_avg_pct__fall,1.0,15.0,65,20,172,True,True,True,False,False,1,sj01_local_hum_avg_pct__fall,sj01_local_hum_avg_pct__fall,sj01_local_hum_avg_pct__fall,7.62939453125e-06,7.62939453125e-06
injected,sj01_local_hum_avg_pct__fall,1.0,15.0,66,19,168,True,True,True,False,False,1,sj01_local_hum_avg_pct__fall,sj01_local_hum_avg_pct__fall,sj01_local_hum_avg_pct__fall,0.0006561279296875,0.0006561279296875
injected,sj01_local_hum_avg_pct__fall,1.0,15.0,67,17,168,True,True,True,False,False,1,sj01_local_hum_avg_pct__fall,sj01_local_hum_avg_pct__fall,sj01_local_hum_avg_pct__fall,0.0002593994140625,0.0002593994140625
injected,sj01_local_hum_avg_pct__fall,1.0,15.0,68,22,171,True,True,True,False,False,1,sj01_local_hum_avg_pct__fall,sj01_local_hum_avg_pct__fall,sj01_local_hum_avg_pct__fall,7.62939453125e-06,7.62939453125e-06
injected,sj01_local_hum_avg_pct__fall,1.0,15.0,69,17,168,True,True,True,False,False,1,sj01_local_hum_avg_pct__fall,sj01_local_hum_avg_pct__fall,sj01_local_hum_avg_pct__fall,6.103515625e-05,6.103515625e-05
injected,sj01_local_hum_avg_pct__fall,1.0,15.0,70,19,170,True,True,True,False,False,1,sj01_local_hum_avg_pct__fall,sj01_local_hum_avg_pct__fall,sj01_local_hum_avg_pct__fall,0.0003643035888671875,0.0003643035888671875
injected,sj01_local_hum_avg_pct__fall,1.0,15.0,71,19,171,True,True,True,False,False,1,sj01_local_hum_avg_pct__fall,sj01_local_hum_avg_pct__fall,sj01_local_hum_avg_pct__fall,7.62939453125e-06,7.62939453125e-06
injected,sj01_local_hum_avg_pct__fall,1.0,15.0,72,22,173,True,True,True,False,False,1,sj01_local_hum_avg_pct__fall,sj01_local_hum_avg_pct__fall,sj01_local_hum_avg_pct__fall,1.9073486328125e-06,1.9073486328125e-06
injected,sj01_local_hum_avg_pct__fall,1.0,15.0,73,20,170,True,True,True,False,False,1,sj01_local_hum_avg_pct__fall,sj01_local_hum_avg_pct__fall,sj01_local_hum_avg_pct__fall,1.52587890625e-05,1.52587890625e-05
injected,sj01_local_hum_avg_pct__fall,1.0,15.0,74,17,168,True,True,True,False,False,1,sj01_local_hum_avg_pct__fall,sj01_local_hum_avg_pct__fall,sj01_local_hum_avg_pct__fall,0.0002593994140625,0.0002593994140625
injected,sj01_local_hum_avg_pct__fall,1.0,15.0,75,26,173,True,True,True,False,False,1,sj01_local_hum_avg_pct__fall,sj01_local_hum_avg_pct__fall,sj01_local_hum_avg_pct__fall,1.049041748046875e-05,1.049041748046875e-05
injected,sj01_local_hum_avg_pct__fall,1.0,15.0,76,16,167,True,True,True,False,False,1,sj01_local_hum_avg_pct__fall,sj01_local_hum_avg_pct__fall,sj01_local_hum_avg_pct__fall,0.00091552734375,0.00091552734375
injected,sj01_local_hum_avg_pct__fall,1.0,15.0,77,17,168,True,True,True,False,False,1,sj01_local_hum_avg_pct__fall,sj01_local_hum_avg_pct__fall,sj01_local_hum_avg_pct__fall,0.0002593994140625,0.0002593994140625
injected,sj01_local_hum_avg_pct__fall,1.0,15.0,78,20,169,True,True,True,False,False,1,sj01_local_hum_avg_pct__fall,sj01_local_hum_avg_pct__fall,sj01_local_hum_avg_pct__fall,0.0001373291015625,0.0001373291015625
injected,sj01_local_hum_avg_pct__fall,1.0,15.0,79,16,166,True,True,True,False,False,1,sj01_local_hum_avg_pct__fall,sj01_local_hum_avg_pct__fall,sj01_local_hum_avg_pct__fall,0.00091552734375,0.00091552734375
injected,sj01_local_hum_avg_pct__fall,1.0,15.0,80,21,172,True,True,True,False,False,1,sj01_local_hum_avg_pct__fall,sj01_local_hum_avg_pct__fall,sj01_local_hum_avg_pct__fall,3.814697265625e-06,3.814697265625e-06
injected,sj01_local_hum_avg_pct__fall,1.0,15.0,81,21,171,True,True,True,False,False,1,sj01_local_hum_avg_pct__fall,sj01_local_hum_avg_pct__fall,sj01_local_hum_avg_pct__fall,0.00020122528076171875,0.00020122528076171875
injected,sj01_local_hum_avg_pct__fall,1.0,15.0,82,18,167,True,True,True,False,False,1,sj01_local_hum_avg_pct__fall,sj01_local_hum_avg_pct__fall,sj01_local_hum_avg_pct__fall,0.0035986900329589844,0.0035986900329589844
injected,sj01_local_hum_avg_pct__fall,1.0,15.0,83,21,172,True,True,True,False,False,1,sj01_local_hum_avg_pct__fall,sj01_local_hum_avg_pct__fall,sj01_local_hum_avg_pct__fall,2.002716064453125e-05,2.002716064453125e-05
injected,sj01_local_hum_avg_pct__fall,1.0,15.0,84,21,171,True,True,True,False,False,1,sj01_local_hum_avg_pct__fall,sj01_local_hum_avg_pct__fall,sj01_local_hum_avg_pct__fall,3.814697265625e-05,3.814697265625e-05
injected,sj01_local_hum_avg_pct__fall,1.0,15.0,85,18,167,True,True,True,False,False,1,sj01_local_hum_avg_pct__fall,sj01_local_hum_avg_pct__fall,sj01_local_hum_avg_pct__fall,0.0011749267578125,0.0011749267578125
injected,sj01_local_hum_avg_pct__fall,1.0,15.0,86,22,171,True,True,True,False,False,1,sj01_local_hum_avg_pct__fall,sj01_local_hum_avg_pct__fall,sj01_local_hum_avg_pct__fall,0.000110626220703125,0.000110626220703125
injected,sj01_local_hum_avg_pct__fall,1.0,15.0,87,23,174,True,True,True,False,False,1,sj01_local_hum_avg_pct__fall,sj01_local_hum_avg_pct__fall,sj01_local_hum_avg_pct__fall,1.9073486328125e-06,1.9073486328125e-06
injected,sj01_local_hum_avg_pct__fall,1.0,15.0,88,18,168,True,True,True,False,False,1,sj01_local_hum_avg_pct__fall,sj01_local_hum_avg_pct__fall,sj01_local_hum_avg_pct__fall,0.002171754837036133,0.002171754837036133
injected,sj01_local_hum_avg_pct__fall,1.0,15.0,89,18,173,True,True,True,False,False,1,sj01_local_hum_avg_pct__fall,sj01_local_hum_avg_pct__fall,sj01_local_hum_avg_pct__fall,1.9073486328125e-06,1.9073486328125e-06
injected,sj01_local_hum_avg_pct__fall,1.0,15.0,90,19,169,True,True,True,False,False,1,sj01_local_hum_avg_pct__fall,sj01_local_hum_avg_pct__fall,sj01_local_hum_avg_pct__fall,0.0003643035888671875,0.0003643035888671875
injected,sj01_local_hum_avg_pct__fall,1.0,15.0,91,19,168,True,True,True,False,False,1,sj01_local_hum_avg_pct__fall,sj01_local_hum_avg_pct__fall,sj01_local_hum_avg_pct__fall,0.0002593994140625,0.0002593994140625
injected,sj01_local_hum_avg_pct__fall,1.0,15.0,92,14,165,False,False,True,False,False,0,,sj01_local_hum_avg_pct__fall,sj01_local_hum_avg_pct__fall,0.0064697265625,0.0064697265625
injected,sj01_local_hum_avg_pct__fall,1.0,15.0,93,21,172,True,True,True,False,False,1,sj01_local_hum_avg_pct__fall,sj01_local_hum_avg_pct__fall,sj01_local_hum_avg_pct__fall,2.002716064453125e-05,2.002716064453125e-05
injected,sj01_local_hum_avg_pct__fall,1.0,15.0,94,23,173,True,True,True,False,False,1,sj01_local_hum_avg_pct__fall,sj01_local_hum_avg_pct__fall,sj01_local_hum_avg_pct__fall,1.049041748046875e-05,1.049041748046875e-05
injected,sj01_local_hum_avg_pct__fall,1.0,15.0,95,17,167,True,True,True,False,False,1,sj01_local_hum_avg_pct__fall,sj01_local_hum_avg_pct__fall,sj01_local_hum_avg_pct__fall,0.00048828125,0.00048828125
injected,sj01_local_hum_avg_pct__fall,1.0,15.0,96,16,169,True,True,True,False,False,1,sj01_local_hum_avg_pct__fall,sj01_local_hum_avg_pct__fall,sj01_local_hum_avg_pct__fall,0.0001373291015625,0.0001373291015625
injected,sj01_local_hum_avg_pct__fall,1.0,15.0,97,21,171,True,True,True,False,False,1,sj01_local_hum_avg_pct__fall,sj01_local_hum_avg_pct__fall,sj01_local_hum_avg_pct__fall,3.814697265625e-05,3.814697265625e-05
injected,sj01_local_hum_avg_pct__fall,1.0,15.0,98,20,170,True,True,True,False,False,1,sj01_local_hum_avg_pct__fall,sj01_local_hum_avg_pct__fall,sj01_local_hum_avg_pct__fall,0.0007448196411132812,0.0007448196411132812
injected,sj01_local_hum_avg_pct__fall,1.0,15.0,99,21,172,True,True,True,False,False,1,sj01_local_hum_avg_pct__fall,sj01_local_hum_avg_pct__fall,sj01_local_hum_avg_pct__fall,7.62939453125e-06,7.62939453125e-06
injected,sj01_local_hum_avg_pct__fall,1.0,30.0,0,24,170,True,True,True,False,False,1,sj01_local_hum_avg_pct__fall,sj01_local_hum_avg_pct__fall,sj01_local_hum_avg_pct__fall,3.814697265625e-05,3.814697265625e-05
injected,sj01_local_hum_avg_pct__fall,1.0,30.0,1,22,171,True,True,True,False,False,1,sj01_local_hum_avg_pct__fall,sj01_local_hum_avg_pct__fall,sj01_local_hum_avg_pct__fall,1.52587890625e-05,1.52587890625e-05
injected,sj01_local_hum_avg_pct__fall,1.0,30.0,2,18,165,False,False,True,False,False,0,,sj01_local_hum_avg_pct__fall,sj01_local_hum_avg_pct__fall,0.0063629150390625,0.0063629150390625
injected,sj01_local_hum_avg_pct__fall,1.0,30.0,3,18,169,True,True,True,False,False,1,sj01_local_hum_avg_pct__fall,sj01_local_hum_avg_pct__fall,sj01_local_hum_avg_pct__fall,0.00091552734375,0.00091552734375
injected,sj01_local_hum_avg_pct__fall,1.0,30.0,4,18,169,True,True,True,False,False,1,sj01_local_hum_avg_pct__fall,sj01_local_hum_avg_pct__fall,sj01_local_hum_avg_pct__fall,0.0012884140014648438,0.0012884140014648438
injected,sj01_local_hum_avg_pct__fall,1.0,30.0,5,19,167,True,True,True,False,False,1,sj01_local_hum_avg_pct__fall,sj01_local_hum_avg_pct__fall,sj01_local_hum_avg_pct__fall,0.0006561279296875,0.0006561279296875
injected,sj01_local_hum_avg_pct__fall,1.0,30.0,6,16,168,True,True,True,False,False,1,sj01_local_hum_avg_pct__fall,sj01_local_hum_avg_pct__fall,sj01_local_hum_avg_pct__fall,0.0020904541015625,0.0020904541015625
injected,sj01_local_hum_avg_pct__fall,1.0,30.0,7,17,165,True,True,True,False,False,1,sj01_local_hum_avg_pct__fall,sj01_local_hum_avg_pct__fall,sj01_local_hum_avg_pct__fall,0.00091552734375,0.00091552734375
injected,sj01_local_hum_avg_pct__fall,1.0,30.0,8,17,170,True,True,True,False,False,1,sj01_local_hum_avg_pct__fall,sj01_local_hum_avg_pct__fall,sj01_local_hum_avg_pct__fall,0.0012884140014648438,0.0012884140014648438
injected,sj01_local_hum_avg_pct__fall,1.0,30.0,9,22,168,True,True,True,False,False,1,sj01_local_hum_avg_pct__fall,sj01_local_hum_avg_pct__fall,sj01_local_hum_avg_pct__fall,0.00020122528076171875,0.00020122528076171875
injected,sj01_local_hum_avg_pct__fall,1.0,30.0,10,19,169,True,True,True,False,False,1,sj01_local_hum_avg_pct__fall,sj01_local_hum_avg_pct__fall,sj01_local_hum_avg_pct__fall,6.103515625e-05,6.103515625e-05
injected,sj01_local_hum_avg_pct__fall,1.0,30.0,11,22,170,True,True,True,False,False,1,sj01_local_hum_avg_pct__fall,sj01_local_hum_avg_pct__fall,sj01_local_hum_avg_pct__fall,7.2479248046875e-05,7.2479248046875e-05
injected,sj01_local_hum_avg_pct__fall,1.0,30.0,12,19,168,True,True,True,False,False,1,sj01_local_hum_avg_pct__fall,sj01_local_hum_avg_pct__fall,sj01_local_hum_avg_pct__fall,0.0001373291015625,0.0001373291015625
injected,sj01_local_hum_avg_pct__fall,1.0,30.0,13,17,167,True,True,True,False,False,1,sj01_local_hum_avg_pct__fall,sj01_local_hum_avg_pct__fall,sj01_local_hum_avg_pct__fall,6.103515625e-05,6.103515625e-05
injected,sj01_local_hum_avg_pct__fall,1.0,30.0,14,19,168,True,True,True,False,False,1,sj01_local_hum_avg_pct__fall,sj01_local_hum_avg_pct__fall,sj01_local_hum_avg_pct__fall,3.0517578125e-05,3.0517578125e-05
injected,sj01_local_hum_avg_pct__fall,1.0,30.0,15,21,171,True,True,True,False,False,1,sj01_local_hum_avg_pct__fall,sj01_local_hum_avg_pct__fall,sj01_local_hum_avg_pct__fall,0.00020122528076171875,0.00020122528076171875
injected,sj01_local_hum_avg_pct__fall,1.0,30.0,16,16,169,True,True,True,False,False,1,sj01_local_hum_avg_pct__fall,sj01_local_hum_avg_pct__fall,sj01_local_hum_avg_pct__fall,0.0012884140014648438,0.0012884140014648438
injected,sj01_local_hum_avg_pct__fall,1.0,30.0,17,15,167,True,True,True,False,False,1,sj01_local_hum_avg_pct__fall,sj01_local_hum_avg_pct__fall,sj01_local_hum_avg_pct__fall,0.001708984375,0.001708984375
injected,sj01_local_hum_avg_pct__fall,1.0,30.0,18,17,169,True,True,True,False,False,1,sj01_local_hum_avg_pct__fall,sj01_local_hum_avg_pct__fall,sj01_local_hum_avg_pct__fall,0.0003643035888671875,0.0003643035888671875
injected,sj01_local_hum_avg_pct__fall,1.0,30.0,19,20,170,True,True,True,False,False,1,sj01_local_hum_avg_pct__fall,sj01_local_hum_avg_pct__fall,sj01_local_hum_avg_pct__fall,0.0003643035888671875,0.0003643035888671875
injected,sj01_local_hum_avg_pct__fall,1.0,30.0,20,15,166,True,True,True,False,False,1,sj01_local_hum_avg_pct__fall,sj01_local_hum_avg_pct__fall,sj01_local_hum_avg_pct__fall,0.0011749267578125,0.0011749267578125
injected,sj01_local_hum_avg_pct__fall,1.0,30.0,21,18,165,True,True,True,False,False,1,sj01_local_hum_avg_pct__fall,sj01_local_hum_avg_pct__fall,sj01_local_hum_avg_pct__fall,0.00048828125,0.00048828125
injected,sj01_local_hum_avg_pct__fall,1.0,30.0,22,22,168,True,True,True,False,False,1,sj01_local_hum_avg_pct__fall,sj01_local_hum_avg_pct__fall,sj01_local_hum_avg_pct__fall,0.0007448196411132812,0.0007448196411132812
injected,sj01_local_hum_avg_pct__fall,1.0,30.0,23,21,170,True,True,True,False,False,1,sj01_local_hum_avg_pct__fall,sj01_local_hum_avg_pct__fall,sj01_local_hum_avg_pct__fall,0.0003643035888671875,0.0003643035888671875
injected,sj01_local_hum_avg_pct__fall,1.0,30.0,24,23,170,True,True,True,False,False,1,sj01_local_hum_avg_pct__fall,sj01_local_hum_avg_pct__fall,sj01_local_hum_avg_pct__fall,0.0001373291015625,0.0001373291015625
injected,sj01_local_hum_avg_pct__fall,1.0,30.0,25,23,172,True,True,True,False,False,1,sj01_local_hum_avg_pct__fall,sj01_local_hum_avg_pct__fall,sj01_local_hum_avg_pct__fall,7.62939453125e-06,7.62939453125e-06
injected,sj01_local_hum_avg_pct__fall,1.0,30.0,26,14,168,True,True,True,False,False,1,sj01_local_hum_avg_pct__fall,sj01_local_hum_avg_pct__fall,sj01_local_hum_avg_pct__fall,0.0020904541015625,0.0020904541015625
injected,sj01_local_hum_avg_pct__fall,1.0,30.0,27,19,167,True,True,True,False,False,1,sj01_local_hum_avg_pct__fall,sj01_local_hum_avg_pct__fall,sj01_local_hum_avg_pct__fall,0.0020904541015625,0.0020904541015625
injected,sj01_local_hum_avg_pct__fall,1.0,30.0,28,20,170,True,True,True,False,False,1,sj01_local_hum_avg_pct__fall,sj01_local_hum_avg_pct__fall,sj01_local_hum_avg_pct__fall,0.0003643035888671875,0.0003643035888671875
injected,sj01_local_hum_avg_pct__fall,1.0,30.0,29,16,166,False,False,True,False,False,0,,sj01_local_hum_avg_pct__fall,sj01_local_hum_avg_pct__fall,0.0063629150390625,0.0063629150390625
injected,sj01_local_hum_avg_pct__fall,1.0,30.0,30,18,167,True,True,True,False,False,1,sj01_local_hum_avg_pct__fall,sj01_local_hum_avg_pct__fall,sj01_local_hum_avg_pct__fall,0.0006561279296875,0.0006561279296875
injected,sj01_local_hum_avg_pct__fall,1.0,30.0,31,24,171,True,True,True,False,False,1,sj01_local_hum_avg_pct__fall,sj01_local_hum_avg_pct__fall,sj01_local_hum_avg_pct__fall,3.814697265625e-05,3.814697265625e-05
injected,sj01_local_hum_avg_pct__fall,1.0,30.0,32,20,170,True,True,True,False,False,1,sj01_local_hum_avg_pct__fall,sj01_local_hum_avg_pct__fall,sj01_local_hum_avg_pct__fall,0.00020122528076171875,0.00020122528076171875
injected,sj01_local_hum_avg_pct__fall,1.0,30.0,33,21,167,True,True,True,False,False,1,sj01_local_hum_avg_pct__fall,sj01_local_hum_avg_pct__fall,sj01_local_hum_avg_pct__fall,0.0003643035888671875,0.0003643035888671875
injected,sj01_local_hum_avg_pct__fall,1.0,30.0,34,19,170,True,True,True,False,False,1,sj01_local_hum_avg_pct__fall,sj01_local_hum_avg_pct__fall,sj01_local_hum_avg_pct__fall,7.2479248046875e-05,7.2479248046875e-05
injected,sj01_local_hum_avg_pct__fall,1.0,30.0,35,22,173,True,True,True,False,False,1,sj01_local_hum_avg_pct__fall,sj01_local_hum_avg_pct__fall,sj01_local_hum_avg_pct__fall,1.9073486328125e-06,1.9073486328125e-06
injected,sj01_local_hum_avg_pct__fall,1.0,30.0,36,19,167,True,True,True,False,False,1,sj01_local_hum_avg_pct__fall,sj01_local_hum_avg_pct__fall,sj01_local_hum_avg_pct__fall,0.0012884140014648438,0.0012884140014648438
injected,sj01_local_hum_avg_pct__fall,1.0,30.0,37,18,168,True,True,True,False,False,1,sj01_local_hum_avg_pct__fall,sj01_local_hum_avg_pct__fall,sj01_local_hum_avg_pct__fall,1.52587890625e-05,1.52587890625e-05
injected,sj01_local_hum_avg_pct__fall,1.0,30.0,38,22,172,True,True,True,False,False,1,sj01_local_hum_avg_pct__fall,sj01_local_hum_avg_pct__fall,sj01_local_hum_avg_pct__fall,7.62939453125e-06,7.62939453125e-06
injected,sj01_local_hum_avg_pct__fall,1.0,30.0,39,24,170,True,True,True,False,False,1,sj01_local_hum_avg_pct__fall,sj01_local_hum_avg_pct__fall,sj01_local_hum_avg_pct__fall,7.2479248046875e-05,7.2479248046875e-05
injected,sj01_local_hum_avg_pct__fall,1.0,30.0,40,23,173,True,True,True,False,False,1,sj01_local_hum_avg_pct__fall,sj01_local_hum_avg_pct__fall,sj01_local_hum_avg_pct__fall,3.814697265625e-06,3.814697265625e-06
injected,sj01_local_hum_avg_pct__fall,1.0,30.0,41,18,167,True,True,True,False,False,1,sj01_local_hum_avg_pct__fall,sj01_local_hum_avg_pct__fall,sj01_local_hum_avg_pct__fall,0.0001373291015625,0.0001373291015625
injected,sj01_local_hum_avg_pct__fall,1.0,30.0,42,20,171,True,True,True,False,False,1,sj01_local_hum_avg_pct__fall,sj01_local_hum_avg_pct__fall,sj01_local_hum_avg_pct__fall,7.2479248046875e-05,7.2479248046875e-05
injected,sj01_local_hum_avg_pct__fall,1.0,30.0,43,18,166,True,True,True,False,False,1,sj01_local_hum_avg_pct__fall,sj01_local_hum_avg_pct__fall,sj01_local_hum_avg_pct__fall,0.0011749267578125,0.0011749267578125
injected,sj01_local_hum_avg_pct__fall,1.0,30.0,44,23,171,True,True,True,False,False,1,sj01_local_hum_avg_pct__fall,sj01_local_hum_avg_pct__fall,sj01_local_hum_avg_pct__fall,7.62939453125e-06,7.62939453125e-06
injected,sj01_local_hum_avg_pct__fall,1.0,30.0,45,22,169,True,True,True,False,False,1,sj01_local_hum_avg_pct__fall,sj01_local_hum_avg_pct__fall,sj01_local_hum_avg_pct__fall,3.0517578125e-05,3.0517578125e-05
injected,sj01_local_hum_avg_pct__fall,1.0,30.0,46,23,170,True,True,True,False,False,1,sj01_local_hum_avg_pct__fall,sj01_local_hum_avg_pct__fall,sj01_local_hum_avg_pct__fall,0.000110626220703125,0.000110626220703125
injected,sj01_local_hum_avg_pct__fall,1.0,30.0,47,19,167,True,True,True,False,False,1,sj01_local_hum_avg_pct__fall,sj01_local_hum_avg_pct__fall,sj01_local_hum_avg_pct__fall,0.0006561279296875,0.0006561279296875
injected,sj01_local_hum_avg_pct__fall,1.0,30.0,48,20,169,True,True,True,False,False,1,sj01_local_hum_avg_pct__fall,sj01_local_hum_avg_pct__fall,sj01_local_hum_avg_pct__fall,0.000110626220703125,0.000110626220703125
injected,sj01_local_hum_avg_pct__fall,1.0,30.0,49,17,167,True,True,True,False,False,1,sj01_local_hum_avg_pct__fall,sj01_local_hum_avg_pct__fall,sj01_local_hum_avg_pct__fall,0.0011749267578125,0.0011749267578125
injected,sj01_local_hum_avg_pct__fall,1.0,30.0,50,22,169,True,True,True,False,False,1,sj01_local_hum_avg_pct__fall,sj01_local_hum_avg_pct__fall,sj01_local_hum_avg_pct__fall,7.62939453125e-06,7.62939453125e-06
injected,sj01_local_hum_avg_pct__fall,1.0,30.0,51,19,167,True,True,True,False,False,1,sj01_local_hum_avg_pct__fall,sj01_local_hum_avg_pct__fall,sj01_local_hum_avg_pct__fall,3.0517578125e-05,3.0517578125e-05
injected,sj01_local_hum_avg_pct__fall,1.0,30.0,52,19,167,True,True,True,False,False,1,sj01_local_hum_avg_pct__fall,sj01_local_hum_avg_pct__fall,sj01_local_hum_avg_pct__fall,0.0020904541015625,0.0020904541015625
injected,sj01_local_hum_avg_pct__fall,1.0,30.0,53,20,169,True,True,True,False,False,1,sj01_local_hum_avg_pct__fall,sj01_local_hum_avg_pct__fall,sj01_local_hum_avg_pct__fall,0.0001373291015625,0.0001373291015625
injected,sj01_local_hum_avg_pct__fall,1.0,30.0,54,16,167,True,True,True,False,False,1,sj01_local_hum_avg_pct__fall,sj01_local_hum_avg_pct__fall,sj01_local_hum_avg_pct__fall,0.00091552734375,0.00091552734375
injected,sj01_local_hum_avg_pct__fall,1.0,30.0,55,17,165,True,True,True,False,False,1,sj01_local_hum_avg_pct__fall,sj01_local_hum_avg_pct__fall,sj01_local_hum_avg_pct__fall,0.0012884140014648438,0.0012884140014648438
injected,sj01_local_hum_avg_pct__fall,1.0,30.0,56,16,166,True,True,True,False,False,1,sj01_local_hum_avg_pct__fall,sj01_local_hum_avg_pct__fall,sj01_local_hum_avg_pct__fall,0.0001220703125,0.0001220703125
injected,sj01_local_hum_avg_pct__fall,1.0,30.0,57,19,167,True,True,True,False,False,1,sj01_local_hum_avg_pct__fall,sj01_local_hum_avg_pct__fall,sj01_local_hum_avg_pct__fall,0.00048828125,0.00048828125
injected,sj01_local_hum_avg_pct__fall,1.0,30.0,58,20,166,True,True,True,False,False,1,sj01_local_hum_avg_pct__fall,sj01_local_hum_avg_pct__fall,sj01_local_hum_avg_pct__fall,0.0006561279296875,0.0006561279296875
injected,sj01_local_hum_avg_pct__fall,1.0,30.0,59,18,168,True,True,True,False,False,1,sj01_local_hum_avg_pct__fall,sj01_local_hum_avg_pct__fall,sj01_local_hum_avg_pct__fall,7.2479248046875e-05,7.2479248046875e-05
injected,sj01_local_hum_avg_pct__fall,1.0,30.0,60,24,172,True,True,True,False,False,1,sj01_local_hum_avg_pct__fall,sj01_local_hum_avg_pct__fall,sj01_local_hum_avg_pct__fall,7.62939453125e-06,7.62939453125e-06
injected,sj01_local_hum_avg_pct__fall,1.0,30.0,61,17,167,True,True,True,False,False,1,sj01_local_hum_avg_pct__fall,sj01_local_hum_avg_pct__fall,sj01_local_hum_avg_pct__fall,0.0006561279296875,0.0006561279296875
injected,sj01_local_hum_avg_pct__fall,1.0,30.0,62,21,170,True,True,True,False,False,1,sj01_local_hum_avg_pct__fall,sj01_local_hum_avg_pct__fall,sj01_local_hum_avg_pct__fall,0.0003643035888671875,0.0003643035888671875
injected,sj01_local_hum_avg_pct__fall,1.0,30.0,63,21,170,True,True,True,False,False,1,sj01_local_hum_avg_pct__fall,sj01_local_hum_avg_pct__fall,sj01_local_hum_avg_pct__fall,0.0001373291015625,0.0001373291015625
injected,sj01_local_hum_avg_pct__fall,1.0,30.0,64,20,171,True,True,True,False,False,1,sj01_local_hum_avg_pct__fall,sj01_local_hum_avg_pct__fall,sj01_local_hum_avg_pct__fall,0.0003643035888671875,0.0003643035888671875
injected,sj01_local_hum_avg_pct__fall,1.0,30.0,65,20,170,True,True,True,False,False,1,sj01_local_hum_avg_pct__fall,sj01_local_hum_avg_pct__fall,sj01_local_hum_avg_pct__fall,3.0517578125e-05,3.0517578125e-05
injected,sj01_local_hum_avg_pct__fall,1.0,30.0,66,19,166,True,True,True,False,False,1,sj01_local_hum_avg_pct__fall,sj01_local_hum_avg_pct__fall,sj01_local_hum_avg_pct__fall,0.0006561279296875,0.0006561279296875
injected,sj01_local_hum_avg_pct__fall,1.0,30.0,67,17,166,True,True,True,False,False,1,sj01_local_hum_avg_pct__fall,sj01_local_hum_avg_pct__fall,sj01_local_hum_avg_pct__fall,0.00048828125,0.00048828125
injected,sj01_local_hum_avg_pct__fall,1.0,30.0,68,22,170,True,True,True,False,False,1,sj01_local_hum_avg_pct__fall,sj01_local_hum_avg_pct__fall,sj01_local_hum_avg_pct__fall,1.52587890625e-05,1.52587890625e-05
injected,sj01_local_hum_avg_pct__fall,1.0,30.0,69,17,166,True,True,True,False,False,1,sj01_local_hum_avg_pct__fall,sj01_local_hum_avg_pct__fall,sj01_local_hum_avg_pct__fall,6.103515625e-05,6.103515625e-05
injected,sj01_local_hum_avg_pct__fall,1.0,30.0,70,19,168,True,True,True,False,False,1,sj01_local_hum_avg_pct__fall,sj01_local_hum_avg_pct__fall,sj01_local_hum_avg_pct__fall,0.0006561279296875,0.0006561279296875
injected,sj01_local_hum_avg_pct__fall,1.0,30.0,71,19,168,True,True,True,False,False,1,sj01_local_hum_avg_pct__fall,sj01_local_hum_avg_pct__fall,sj01_local_hum_avg_pct__fall,3.0517578125e-05,3.0517578125e-05
injected,sj01_local_hum_avg_pct__fall,1.0,30.0,72,22,171,True,True,True,False,False,1,sj01_local_hum_avg_pct__fall,sj01_local_hum_avg_pct__fall,sj01_local_hum_avg_pct__fall,1.9073486328125e-06,1.9073486328125e-06
injected,sj01_local_hum_avg_pct__fall,1.0,30.0,73,20,168,True,True,True,False,False,1,sj01_local_hum_avg_pct__fall,sj01_local_hum_avg_pct__fall,sj01_local_hum_avg_pct__fall,3.0517578125e-05,3.0517578125e-05
injected,sj01_local_hum_avg_pct__fall,1.0,30.0,74,17,166,True,True,True,False,False,1,sj01_local_hum_avg_pct__fall,sj01_local_hum_avg_pct__fall,sj01_local_hum_avg_pct__fall,0.00091552734375,0.00091552734375
injected,sj01_local_hum_avg_pct__fall,1.0,30.0,75,26,171,True,True,True,False,False,1,sj01_local_hum_avg_pct__fall,sj01_local_hum_avg_pct__fall,sj01_local_hum_avg_pct__fall,2.002716064453125e-05,2.002716064453125e-05
injected,sj01_local_hum_avg_pct__fall,1.0,30.0,76,16,167,True,True,True,False,False,1,sj01_local_hum_avg_pct__fall,sj01_local_hum_avg_pct__fall,sj01_local_hum_avg_pct__fall,0.00048828125,0.00048828125
injected,sj01_local_hum_avg_pct__fall,1.0,30.0,77,17,167,True,True,True,False,False,1,sj01_local_hum_avg_pct__fall,sj01_local_hum_avg_pct__fall,sj01_local_hum_avg_pct__fall,0.0001373291015625,0.0001373291015625
injected,sj01_local_hum_avg_pct__fall,1.0,30.0,78,20,168,True,True,True,False,False,1,sj01_local_hum_avg_pct__fall,sj01_local_hum_avg_pct__fall,sj01_local_hum_avg_pct__fall,7.2479248046875e-05,7.2479248046875e-05
injected,sj01_local_hum_avg_pct__fall,1.0,30.0,79,16,166,True,True,True,False,False,1,sj01_local_hum_avg_pct__fall,sj01_local_hum_avg_pct__fall,sj01_local_hum_avg_pct__fall,0.00091552734375,0.00091552734375
injected,sj01_local_hum_avg_pct__fall,1.0,30.0,80,21,171,True,True,True,False,False,1,sj01_local_hum_avg_pct__fall,sj01_local_hum_avg_pct__fall,sj01_local_hum_avg_pct__fall,3.814697265625e-06,3.814697265625e-06
injected,sj01_local_hum_avg_pct__fall,1.0,30.0,81,21,170,True,True,True,False,False,1,sj01_local_hum_avg_pct__fall,sj01_local_hum_avg_pct__fall,sj01_local_hum_avg_pct__fall,0.0003643035888671875,0.0003643035888671875
injected,sj01_local_hum_avg_pct__fall,1.0,30.0,82,18,166,True,True,True,False,False,1,sj01_local_hum_avg_pct__fall,sj01_local_hum_avg_pct__fall,sj01_local_hum_avg_pct__fall,0.0035986900329589844,0.0035986900329589844
injected,sj01_local_hum_avg_pct__fall,1.0,30.0,83,21,170,True,True,True,False,False,1,sj01_local_hum_avg_pct__fall,sj01_local_hum_avg_pct__fall,sj01_local_hum_avg_pct__fall,7.2479248046875e-05,7.2479248046875e-05
injected,sj01_local_hum_avg_pct__fall,1.0,30.0,84,21,171,True,True,True,False,False,1,sj01_local_hum_avg_pct__fall,sj01_local_hum_avg_pct__fall,sj01_local_hum_avg_pct__fall,7.2479248046875e-05,7.2479248046875e-05
injected,sj01_local_hum_avg_pct__fall,1.0,30.0,85,18,167,True,True,True,False,False,1,sj01_local_hum_avg_pct__fall,sj01_local_hum_avg_pct__fall,sj01_local_hum_avg_pct__fall,0.0011749267578125,0.0011749267578125
injected,sj01_local_hum_avg_pct__fall,1.0,30.0,86,22,170,True,True,True,False,False,1,sj01_local_hum_avg_pct__fall,sj01_local_hum_avg_pct__fall,sj01_local_hum_avg_pct__fall,0.000110626220703125,0.000110626220703125
injected,sj01_local_hum_avg_pct__fall,1.0,30.0,87,23,171,True,True,True,False,False,1,sj01_local_hum_avg_pct__fall,sj01_local_hum_avg_pct__fall,sj01_local_hum_avg_pct__fall,3.814697265625e-06,3.814697265625e-06
injected,sj01_local_hum_avg_pct__fall,1.0,30.0,88,18,168,True,True,True,False,False,1,sj01_local_hum_avg_pct__fall,sj01_local_hum_avg_pct__fall,sj01_local_hum_avg_pct__fall,0.0035986900329589844,0.0035986900329589844
injected,sj01_local_hum_avg_pct__fall,1.0,30.0,89,18,171,True,True,True,False,False,1,sj01_local_hum_avg_pct__fall,sj01_local_hum_avg_pct__fall,sj01_local_hum_avg_pct__fall,7.62939453125e-06,7.62939453125e-06
injected,sj01_local_hum_avg_pct__fall,1.0,30.0,90,19,168,True,True,True,False,False,1,sj01_local_hum_avg_pct__fall,sj01_local_hum_avg_pct__fall,sj01_local_hum_avg_pct__fall,0.0003643035888671875,0.0003643035888671875
injected,sj01_local_hum_avg_pct__fall,1.0,30.0,91,19,168,True,True,True,False,False,1,sj01_local_hum_avg_pct__fall,sj01_local_hum_avg_pct__fall,sj01_local_hum_avg_pct__fall,0.00048828125,0.00048828125
injected,sj01_local_hum_avg_pct__fall,1.0,30.0,92,14,163,True,True,True,False,False,1,sj01_local_hum_avg_pct__fall,sj01_local_hum_avg_pct__fall,sj01_local_hum_avg_pct__fall,0.003692626953125,0.003692626953125
injected,sj01_local_hum_avg_pct__fall,1.0,30.0,93,21,170,True,True,True,False,False,1,sj01_local_hum_avg_pct__fall,sj01_local_hum_avg_pct__fall,sj01_local_hum_avg_pct__fall,7.2479248046875e-05,7.2479248046875e-05
injected,sj01_local_hum_avg_pct__fall,1.0,30.0,94,23,171,True,True,True,False,False,1,sj01_local_hum_avg_pct__fall,sj01_local_hum_avg_pct__fall,sj01_local_hum_avg_pct__fall,3.814697265625e-05,3.814697265625e-05
injected,sj01_local_hum_avg_pct__fall,1.0,30.0,95,17,166,True,True,True,False,False,1,sj01_local_hum_avg_pct__fall,sj01_local_hum_avg_pct__fall,sj01_local_hum_avg_pct__fall,0.001708984375,0.001708984375
injected,sj01_local_hum_avg_pct__fall,1.0,30.0,96,16,167,True,True,True,False,False,1,sj01_local_hum_avg_pct__fall,sj01_local_hum_avg_pct__fall,sj01_local_hum_avg_pct__fall,0.0001373291015625,0.0001373291015625
injected,sj01_local_hum_avg_pct__fall,1.0,30.0,97,21,171,True,True,True,False,False,1,sj01_local_hum_avg_pct__fall,sj01_local_hum_avg_pct__fall,sj01_local_hum_avg_pct__fall,0.0001373291015625,0.0001373291015625
injected,sj01_local_hum_avg_pct__fall,1.0,30.0,98,20,170,True,True,True,False,False,1,sj01_local_hum_avg_pct__fall,sj01_local_hum_avg_pct__fall,sj01_local_hum_avg_pct__fall,0.0007448196411132812,0.0007448196411132812
injected,sj01_local_hum_avg_pct__fall,1.0,30.0,99,21,169,True,True,True,False,False,1,sj01_local_hum_avg_pct__fall,sj01_local_hum_avg_pct__fall,sj01_local_hum_avg_pct__fall,1.52587890625e-05,1.52587890625e-05
injected,sj01_local_hum_avg_pct__fall,1.0,60.0,0,24,172,False,False,True,False,False,0,,sj01_local_hum_avg_pct__fall,sj01_local_hum_avg_pct__fall,0.0078125,0.0078125
injected,sj01_local_hum_avg_pct__fall,1.0,60.0,1,22,170,False,False,False,False,False,0,,cu01_local_temp_avg_c__rise,cu01_local_temp_avg_c__rise,0.03515625,0.019287109375
injected,sj01_local_hum_avg_pct__fall,1.0,60.0,2,18,168,False,False,False,True,False,0,,,cu01_local_temp_avg_c__rise;sj01_local_temp_avg_c__fall,0.2403411865234375,0.03271484375
injected,sj01_local_hum_avg_pct__fall,1.0,60.0,3,18,170,False,False,False,False,False,0,,cu01_local_temp_avg_c__rise,cu01_local_temp_avg_c__rise,0.01953125,0.019287109375
injected,sj01_local_hum_avg_pct__fall,1.0,60.0,4,18,171,True,True,True,False,False,1,sj01_local_hum_avg_pct__fall,sj01_local_hum_avg_pct__fall,sj01_local_hum_avg_pct__fall,0.00390625,0.00390625
injected,sj01_local_hum_avg_pct__fall,1.0,60.0,5,19,167,False,False,False,False,False,0,,cu01_local_temp_avg_c__rise,cu01_local_temp_avg_c__rise,0.15087890624999997,0.01123046875
injected,sj01_local_hum_avg_pct__fall,1.0,60.0,6,16,171,False,False,False,False,False,0,,cu01_local_temp_avg_c__rise,cu01_local_temp_avg_c__rise,0.0546875,0.03271484375
injected,sj01_local_hum_avg_pct__fall,1.0,60.0,7,17,164,False,False,False,False,False,0,,cu01_local_temp_avg_c__rise,cu01_local_temp_avg_c__rise,0.2272491455078125,0.01123046875
injected,sj01_local_hum_avg_pct__fall,1.0,60.0,8,17,170,False,False,False,False,False,0,,cu01_local_temp_avg_c__rise,cu01_local_temp_avg_c__rise,0.0546875,0.019287109375
injected,sj01_local_hum_avg_pct__fall,1.0,60.0,9,22,170,False,False,False,False,False,0,,cu01_local_temp_avg_c__rise,cu01_local_temp_avg_c__rise,0.1050567626953125,0.03271484375
injected,sj01_local_hum_avg_pct__fall,1.0,60.0,10,19,170,False,False,False,True,False,0,,,cu01_local_temp_avg_c__rise;sj01_local_temp_avg_c__fall,0.0546875,0.03271484375
injected,sj01_local_hum_avg_pct__fall,1.0,60.0,11,22,172,False,False,False,False,False,0,,cu01_local_temp_avg_c__rise,cu01_local_temp_avg_c__rise,0.01953125,0.019287109375
injected,sj01_local_hum_avg_pct__fall,1.0,60.0,12,19,169,False,False,False,False,False,0,,cu01_local_temp_avg_c__rise,cu01_local_temp_avg_c__rise,0.0546875,0.019287109375
injected,sj01_local_hum_avg_pct__fall,1.0,60.0,13,17,165,False,False,False,False,False,0,,cu01_local_temp_avg_c__rise,cu01_local_temp_avg_c__rise,0.2744140625,0.019287109375
injected,sj01_local_hum_avg_pct__fall,1.0,60.0,14,19,167,False,False,False,False,False,0,,cu01_local_temp_avg_c__rise,cu01_local_temp_avg_c__rise,0.171875,0.019287109375
injected,sj01_local_hum_avg_pct__fall,1.0,60.0,15,21,170,False,False,False,False,False,0,,cu01_local_temp_avg_c__rise,cu01_local_temp_avg_c__rise,0.0384063720703125,0.019287109375
injected,sj01_local_hum_avg_pct__fall,1.0,60.0,16,16,168,False,False,False,False,False,0,,cu01_local_temp_avg_c__rise,cu01_local_temp_avg_c__rise,0.1050567626953125,0.03271484375
injected,sj01_local_hum_avg_pct__fall,1.0,60.0,17,15,168,False,False,False,False,False,0,,cu01_local_temp_avg_c__rise,cu01_local_temp_avg_c__rise,0.08984375,0.019287109375
injected,sj01_local_hum_avg_pct__fall,1.0,60.0,18,17,169,False,False,False,False,False,0,,cu01_local_temp_avg_c__rise,cu01_local_temp_avg_c__rise,0.03515625,0.019287109375
injected,sj01_local_hum_avg_pct__fall,1.0,60.0,19,20,171,False,False,False,False,False,0,,cu01_local_temp_avg_c__rise,cu01_local_temp_avg_c__rise,0.1050567626953125,0.019287109375
injected,sj01_local_hum_avg_pct__fall,1.0,60.0,20,15,166,False,False,False,True,False,0,,,cu01_local_temp_avg_c__rise;sj01_local_temp_avg_c__fall,0.2272491455078125,0.03271484375
injected,sj01_local_hum_avg_pct__fall,1.0,60.0,21,18,168,False,False,False,True,False,0,,,cu01_local_temp_avg_c__rise;sj01_local_temp_avg_c__fall,0.0625,0.03271484375
injected,sj01_local_hum_avg_pct__fall,1.0,60.0,22,22,172,False,False,False,False,False,0,,cu01_local_temp_avg_c__rise,cu01_local_temp_avg_c__rise,0.08978271484375,0.03271484375
injected,sj01_local_hum_avg_pct__fall,1.0,60.0,23,21,172,False,False,False,False,False,0,,cu01_local_temp_avg_c__rise,cu01_local_temp_avg_c__rise,0.0546875,0.03271484375
injected,sj01_local_hum_avg_pct__fall,1.0,60.0,24,23,172,False,False,False,False,False,0,,cu01_local_temp_avg_c__rise,cu01_local_temp_avg_c__rise,0.03515625,0.03271484375
injected,sj01_local_hum_avg_pct__fall,1.0,60.0,25,23,173,True,True,True,False,False,1,sj01_local_hum_avg_pct__fall,sj01_local_hum_avg_pct__fall,sj01_local_hum_avg_pct__fall,0.00390625,0.00390625
injected,sj01_local_hum_avg_pct__fall,1.0,60.0,26,14,166,False,False,False,False,False,0,,cu01_local_temp_avg_c__rise,cu01_local_temp_avg_c__rise,0.2272491455078125,0.019287109375
injected,sj01_local_hum_avg_pct__fall,1.0,60.0,27,19,171,False,False,False,False,False,0,,cu01_local_temp_avg_c__rise,cu01_local_temp_avg_c__rise,0.0546875,0.019287109375
injected,sj01_local_hum_avg_pct__fall,1.0,60.0,28,20,169,False,False,False,False,False,0,,cu01_local_temp_avg_c__rise,cu01_local_temp_avg_c__rise,0.0546875,0.019287109375
injected,sj01_local_hum_avg_pct__fall,1.0,60.0,29,16,170,False,False,False,False,False,0,,cu01_local_temp_avg_c__rise,cu01_local_temp_avg_c__rise,0.15087890624999997,0.019287109375
injected,sj01_local_hum_avg_pct__fall,1.0,60.0,30,18,169,False,False,False,False,False,0,,cu01_local_temp_avg_c__rise,cu01_local_temp_avg_c__rise,0.25390625,0.019287109375
injected,sj01_local_hum_avg_pct__fall,1.0,60.0,31,24,172,True,True,True,False,False,1,sj01_local_hum_avg_pct__fall,sj01_local_hum_avg_pct__fall,sj01_local_hum_avg_pct__fall,0.00390625,0.00390625
injected,sj01_local_hum_avg_pct__fall,1.0,60.0,32,20,169,False,False,False,False,False,0,,cu01_local_temp_avg_c__rise,cu01_local_temp_avg_c__rise,0.0546875,0.019287109375
injected,sj01_local_hum_avg_pct__fall,1.0,60.0,33,21,169,False,False,False,False,False,0,,cu01_local_temp_avg_c__rise,cu01_local_temp_avg_c__rise,0.15087890624999997,0.019287109375
injected,sj01_local_hum_avg_pct__fall,1.0,60.0,34,19,168,False,False,False,False,False,0,,cu01_local_temp_avg_c__rise,cu01_local_temp_avg_c__rise,0.03515625,0.019287109375
injected,sj01_local_hum_avg_pct__fall,1.0,60.0,35,22,171,False,False,False,False,False,0,,cu01_local_temp_avg_c__rise,cu01_local_temp_avg_c__rise,0.01953125,0.019287109375
injected,sj01_local_hum_avg_pct__fall,1.0,60.0,36,19,171,False,False,False,False,False,0,,cu01_local_temp_avg_c__rise,cu01_local_temp_avg_c__rise,0.01953125,0.01123046875
injected,sj01_local_hum_avg_pct__fall,1.0,60.0,37,18,167,False,False,False,False,False,0,,cu01_local_temp_avg_c__rise,cu01_local_temp_avg_c__rise,0.15087890624999997,0.03271484375
injected,sj01_local_hum_avg_pct__fall,1.0,60.0,38,22,171,True,True,True,False,False,1,sj01_local_hum_avg_pct__fall,sj01_local_hum_avg_pct__fall,sj01_local_hum_avg_pct__fall,0.00390625,0.00390625
injected,sj01_local_hum_avg_pct__fall,1.0,60.0,39,24,172,False,False,False,False,False,0,,cu01_local_temp_avg_c__rise,cu01_local_temp_avg_c__rise,0.03515625,0.019287109375
injected,sj01_local_hum_avg_pct__fall,1.0,60.0,40,23,172,False,False,True,False,False,0,,sj01_local_hum_avg_pct__fall,sj01_local_hum_avg_pct__fall,0.0078125,0.0078125
injected,sj01_local_hum_avg_pct__fall,1.0,60.0,41,18,167,False,False,False,False,False,0,,cu01_local_temp_avg_c__rise,cu01_local_temp_avg_c__rise,0.171875,0.019287109375
injected,sj01_local_hum_avg_pct__fall,1.0,60.0,42,20,171,False,False,False,False,False,0,,cu01_local_temp_avg_c__rise,cu01_local_temp_avg_c__rise,0.0546875,0.03271484375
injected,sj01_local_hum_avg_pct__fall,1.0,60.0,43,18,167,False,False,False,False,False,0,,cu01_local_temp_avg_c__rise,cu01_local_temp_avg_c__rise,0.171875,0.01123046875
injected,sj01_local_hum_avg_pct__fall,1.0,60.0,44,23,172,False,False,False,False,False,0,,cu01_local_temp_avg_c__rise,cu01_local_temp_avg_c__rise,0.0546875,0.019287109375
injected,sj01_local_hum_avg_pct__fall,1.0,60.0,45,22,169,False,False,False,False,False,0,,cu01_local_temp_avg_c__rise,cu01_local_temp_avg_c__rise,0.1796417236328125,0.019287109375
injected,sj01_local_hum_avg_pct__fall,1.0,60.0,46,23,172,False,False,True,False,False,0,,sj01_local_hum_avg_pct__fall,sj01_local_hum_avg_pct__fall,0.0078125,0.0078125
injected,sj01_local_hum_avg_pct__fall,1.0,60.0,47,19,168,False,False,False,False,False,0,,cu01_local_temp_avg_c__rise,cu01_local_temp_avg_c__rise,0.1661529541015625,0.019287109375
injected,sj01_local_hum_avg_pct__fall,1.0,60.0,48,20,169,False,False,False,False,False,0,,cu01_local_temp_avg_c__rise,cu01_local_temp_avg_c__rise,0.0546875,0.01123046875
injected,sj01_local_hum_avg_pct__fall,1.0,60.0,49,17,168,False,False,False,True,False,0,,,cu01_local_temp_avg_c__rise;sj01_local_temp_avg_c__fall,0.1050567626953125,0.03271484375
injected,sj01_local_hum_avg_pct__fall,1.0,60.0,50,22,168,False,False,False,False,False,0,,cu01_local_temp_avg_c__rise,cu01_local_temp_avg_c__rise,0.08984375,0.01123046875
injected,sj01_local_hum_avg_pct__fall,1.0,60.0,51,19,167,False,False,False,False,False,0,,cu01_local_temp_avg_c__rise,cu01_local_temp_avg_c__rise,0.08984375,0.01123046875
injected,sj01_local_hum_avg_pct__fall,1.0,60.0,52,19,170,False,False,False,False,False,0,,cu01_local_temp_avg_c__rise,cu01_local_temp_avg_c__rise,0.1796417236328125,0.019287109375
injected,sj01_local_hum_avg_pct__fall,1.0,60.0,53,20,168,False,False,False,False,False,0,,cu01_local_temp_avg_c__rise,cu01_local_temp_avg_c__rise,0.0546875,0.01123046875
injected,sj01_local_hum_avg_pct__fall,1.0,60.0,54,16,168,False,False,False,False,False,0,,cu01_local_temp_avg_c__rise,cu01_local_temp_avg_c__rise,0.08984375,0.01123046875
injected,sj01_local_hum_avg_pct__fall,1.0,60.0,55,17,166,False,False,False,False,False,0,,cu01_local_temp_avg_c__rise,cu01_local_temp_avg_c__rise,0.1334228515625,0.019287109375
injected,sj01_local_hum_avg_pct__fall,1.0,60.0,56,16,165,False,False,False,False,False,0,,cu01_local_temp_avg_c__rise,cu01_local_temp_avg_c__rise,0.2744140625,0.03271484375
injected,sj01_local_hum_avg_pct__fall,1.0,60.0,57,19,168,False,False,False,False,False,0,,cu01_local_temp_avg_c__rise,cu01_local_temp_avg_c__rise,0.1796417236328125,0.03271484375
injected,sj01_local_hum_avg_pct__fall,1.0,60.0,58,20,168,False,False,False,False,False,0,,cu01_local_temp_avg_c__rise,cu01_local_temp_avg_c__rise,0.19384765625,0.01123046875
injected,sj01_local_hum_avg_pct__fall,1.0,60.0,59,18,167,False,False,False,False,False,0,,cu01_local_temp_avg_c__rise,cu01_local_temp_avg_c__rise,0.171875,0.01123046875
injected,sj01_local_hum_avg_pct__fall,1.0,60.0,60,24,174,True,True,True,False,False,1,sj01_local_hum_avg_pct__fall,sj01_local_hum_avg_pct__fall,sj01_local_hum_avg_pct__fall,0.00390625,0.00390625
injected,sj01_local_hum_avg_pct__fall,1.0,60.0,61,17,167,False,False,False,False,False,0,,cu01_local_temp_avg_c__rise,cu01_local_temp_avg_c__rise,0.08984375,0.019287109375
injected,sj01_local_hum_avg_pct__fall,1.0,60.0,62,21,172,False,False,True,False,False,0,,sj01_local_hum_avg_pct__fall,sj01_local_hum_avg_pct__fall,0.0078125,0.0078125
injected,sj01_local_hum_avg_pct__fall,1.0,60.0,63,21,172,False,False,False,False,False,0,,cu01_local_temp_avg_c__rise,cu01_local_temp_avg_c__rise,0.01953125,0.019287109375
injected,sj01_local_hum_avg_pct__fall,1.0,60.0,64,20,172,True,True,True,False,False,1,sj01_local_hum_avg_pct__fall,sj01_local_hum_avg_pct__fall,sj01_local_hum_avg_pct__fall,0.00390625,0.00390625
injected,sj01_local_hum_avg_pct__fall,1.0,60.0,65,20,169,False,False,False,False,False,0,,cu01_local_temp_avg_c__rise,cu01_local_temp_avg_c__rise,0.0546875,0.019287109375
injected,sj01_local_hum_avg_pct__fall,1.0,60.0,66,19,169,False,False,False,False,False,0,,cu01_local_temp_avg_c__rise,cu01_local_temp_avg_c__rise,0.19384765625,0.019287109375
injected,sj01_local_hum_avg_pct__fall,1.0,60.0,67,17,168,False,False,False,False,False,0,,cu01_local_temp_avg_c__rise,cu01_local_temp_avg_c__rise,0.1661529541015625,0.019287109375
injected,sj01_local_hum_avg_pct__fall,1.0,60.0,68,22,169,False,False,False,False,False,0,,cu01_local_temp_avg_c__rise,cu01_local_temp_avg_c__rise,0.1661529541015625,0.019287109375
injected,sj01_local_hum_avg_pct__fall,1.0,60.0,69,17,166,False,False,False,False,False,0,,cu01_local_temp_avg_c__rise,cu01_local_temp_avg_c__rise,0.2272491455078125,0.019287109375
injected,sj01_local_hum_avg_pct__fall,1.0,60.0,70,19,168,False,False,False,False,False,0,,cu01_local_temp_avg_c__rise,cu01_local_temp_avg_c__rise,0.11328125,0.019287109375
injected,sj01_local_hum_avg_pct__fall,1.0,60.0,71,19,168,False,False,False,False,False,0,,cu01_local_temp_avg_c__rise,cu01_local_temp_avg_c__rise,0.171875,0.019287109375
injected,sj01_local_hum_avg_pct__fall,1.0,60.0,72,22,170,False,False,False,False,False,0,,cu01_local_temp_avg_c__rise,cu01_local_temp_avg_c__rise,0.0546875,0.01123046875
injected,sj01_local_hum_avg_pct__fall,1.0,60.0,73,20,170,False,False,False,False,False,0,,cu01_local_temp_avg_c__rise,cu01_local_temp_avg_c__rise,0.03515625,0.019287109375
injected,sj01_local_hum_avg_pct__fall,1.0,60.0,74,17,167,False,False,False,False,False,0,,cu01_local_temp_avg_c__rise,cu01_local_temp_avg_c__rise,0.1796417236328125,0.03271484375
injected,sj01_local_hum_avg_pct__fall,1.0,60.0,75,26,173,False,False,False,False,False,0,,cu01_local_temp_avg_c__rise,cu01_local_temp_avg_c__rise,0.01953125,0.019287109375
injected,sj01_local_hum_avg_pct__fall,1.0,60.0,76,16,167,False,False,False,False,False,0,,cu01_local_temp_avg_c__rise,cu01_local_temp_avg_c__rise,0.25390625,0.01123046875
injected,sj01_local_hum_avg_pct__fall,1.0,60.0,77,17,167,False,False,False,False,False,0,,cu01_local_temp_avg_c__rise,cu01_local_temp_avg_c__rise,0.08984375,0.01123046875
injected,sj01_local_hum_avg_pct__fall,1.0,60.0,78,20,169,False,False,False,False,False,0,,cu01_local_temp_avg_c__rise,cu01_local_temp_avg_c__rise,0.14453125,0.01123046875
injected,sj01_local_hum_avg_pct__fall,1.0,60.0,79,16,166,False,False,False,False,False,0,,cu01_local_temp_avg_c__rise,cu01_local_temp_avg_c__rise,0.2272491455078125,0.03271484375
injected,sj01_local_hum_avg_pct__fall,1.0,60.0,80,21,169,False,False,False,False,False,0,,cu01_local_temp_avg_c__rise,cu01_local_temp_avg_c__rise,0.0546875,0.01123046875
injected,sj01_local_hum_avg_pct__fall,1.0,60.0,81,21,171,False,False,False,False,False,0,,cu01_local_temp_avg_c__rise,cu01_local_temp_avg_c__rise,0.01953125,0.019287109375
injected,sj01_local_hum_avg_pct__fall,1.0,60.0,82,18,170,False,False,False,False,False,0,,cu01_local_temp_avg_c__rise,cu01_local_temp_avg_c__rise,0.15087890624999997,0.019287109375
injected,sj01_local_hum_avg_pct__fall,1.0,60.0,83,21,173,False,False,False,False,False,0,,cu01_local_temp_avg_c__rise,cu01_local_temp_avg_c__rise,0.01953125,0.019287109375
injected,sj01_local_hum_avg_pct__fall,1.0,60.0,84,21,170,False,False,False,False,False,0,,cu01_local_temp_avg_c__rise,cu01_local_temp_avg_c__rise,0.0546875,0.019287109375
injected,sj01_local_hum_avg_pct__fall,1.0,60.0,85,18,171,False,False,False,False,False,0,,cu01_local_temp_avg_c__rise,cu01_local_temp_avg_c__rise,0.0546875,0.019287109375
injected,sj01_local_hum_avg_pct__fall,1.0,60.0,86,22,173,True,True,True,False,False,1,sj01_local_hum_avg_pct__fall,sj01_local_hum_avg_pct__fall,sj01_local_hum_avg_pct__fall,0.00390625,0.00390625
injected,sj01_local_hum_avg_pct__fall,1.0,60.0,87,23,169,False,False,False,False,False,0,,cu01_local_temp_avg_c__rise,cu01_local_temp_avg_c__rise,0.0546875,0.019287109375
injected,sj01_local_hum_avg_pct__fall,1.0,60.0,88,18,171,False,False,False,False,False,0,,cu01_local_temp_avg_c__rise,cu01_local_temp_avg_c__rise,0.1050567626953125,0.019287109375
injected,sj01_local_hum_avg_pct__fall,1.0,60.0,89,18,167,False,False,False,False,False,0,,cu01_local_temp_avg_c__rise,cu01_local_temp_avg_c__rise,0.11328125,0.019287109375
injected,sj01_local_hum_avg_pct__fall,1.0,60.0,90,19,170,False,False,False,False,False,0,,cu01_local_temp_avg_c__rise,cu01_local_temp_avg_c__rise,0.03515625,0.01123046875
injected,sj01_local_hum_avg_pct__fall,1.0,60.0,91,19,172,False,False,False,False,False,0,,cu01_local_temp_avg_c__rise,cu01_local_temp_avg_c__rise,0.03515625,0.019287109375
injected,sj01_local_hum_avg_pct__fall,1.0,60.0,92,14,165,False,False,False,False,False,0,,cu01_local_temp_avg_c__rise,cu01_local_temp_avg_c__rise,0.25390625,0.019287109375
injected,sj01_local_hum_avg_pct__fall,1.0,60.0,93,21,170,False,False,False,False,False,0,,cu01_local_temp_avg_c__rise,cu01_local_temp_avg_c__rise,0.05923461914062499,0.03271484375
injected,sj01_local_hum_avg_pct__fall,1.0,60.0,94,23,171,False,False,False,True,False,0,,,cu01_local_temp_avg_c__rise;sj01_local_temp_avg_c__fall,0.0384063720703125,0.03271484375
injected,sj01_local_hum_avg_pct__fall,1.0,60.0,95,17,168,False,False,False,False,False,0,,cu01_local_temp_avg_c__rise,cu01_local_temp_avg_c__rise,0.0717315673828125,0.03271484375
injected,sj01_local_hum_avg_pct__fall,1.0,60.0,96,16,167,False,False,False,False,False,0,,cu01_local_temp_avg_c__rise,cu01_local_temp_avg_c__rise,0.03515625,0.01123046875
injected,sj01_local_hum_avg_pct__fall,1.0,60.0,97,21,172,False,False,False,False,False,0,,cu01_local_temp_avg_c__rise,cu01_local_temp_avg_c__rise,0.0546875,0.019287109375
injected,sj01_local_hum_avg_pct__fall,1.0,60.0,98,20,170,False,False,False,False,False,0,,cu01_local_temp_avg_c__rise,cu01_local_temp_avg_c__rise,0.08984375,0.019287109375
injected,sj01_local_hum_avg_pct__fall,1.0,60.0,99,21,170,False,False,False,False,False,0,,cu01_local_temp_avg_c__rise,cu01_local_temp_avg_c__rise,0.01953125,0.01123046875
injected,sj01_local_hum_avg_pct__fall,1.5,15.0,0,24,172,True,True,True,False,False,1,sj01_local_hum_avg_pct__fall,sj01_local_hum_avg_pct__fall,sj01_local_hum_avg_pct__fall,2.002716064453125e-05,2.002716064453125e-05
injected,sj01_local_hum_avg_pct__fall,1.5,15.0,1,22,171,True,True,True,False,False,1,sj01_local_hum_avg_pct__fall,sj01_local_hum_avg_pct__fall,sj01_local_hum_avg_pct__fall,7.62939453125e-06,7.62939453125e-06
injected,sj01_local_hum_avg_pct__fall,1.5,15.0,2,18,166,True,True,True,False,False,1,sj01_local_hum_avg_pct__fall,sj01_local_hum_avg_pct__fall,sj01_local_hum_avg_pct__fall,0.0037689208984375,0.0037689208984375
injected,sj01_local_hum_avg_pct__fall,1.5,15.0,3,18,169,True,True,True,False,False,1,sj01_local_hum_avg_pct__fall,sj01_local_hum_avg_pct__fall,sj01_local_hum_avg_pct__fall,0.0002593994140625,0.0002593994140625
injected,sj01_local_hum_avg_pct__fall,1.5,15.0,4,18,169,True,True,True,False,False,1,sj01_local_hum_avg_pct__fall,sj01_local_hum_avg_pct__fall,sj01_local_hum_avg_pct__fall,0.0007448196411132812,0.0007448196411132812
injected,sj01_local_hum_avg_pct__fall,1.5,15.0,5,19,169,True,True,True,False,False,1,sj01_local_hum_avg_pct__fall,sj01_local_hum_avg_pct__fall,sj01_local_hum_avg_pct__fall,0.0006561279296875,0.0006561279296875
injected,sj01_local_hum_avg_pct__fall,1.5,15.0,6,16,167,True,True,True,False,False,1,sj01_local_hum_avg_pct__fall,sj01_local_hum_avg_pct__fall,sj01_local_hum_avg_pct__fall,0.0011749267578125,0.0011749267578125
injected,sj01_local_hum_avg_pct__fall,1.5,15.0,7,17,167,True,True,True,False,False,1,sj01_local_hum_avg_pct__fall,sj01_local_hum_avg_pct__fall,sj01_local_hum_avg_pct__fall,0.00091552734375,0.00091552734375
injected,sj01_local_hum_avg_pct__fall,1.5,15.0,8,17,170,True,True,True,False,False,1,sj01_local_hum_avg_pct__fall,sj01_local_hum_avg_pct__fall,sj01_local_hum_avg_pct__fall,0.0004277229309082031,0.0004277229309082031
injected,sj01_local_hum_avg_pct__fall,1.5,15.0,9,22,171,True,True,True,False,False,1,sj01_local_hum_avg_pct__fall,sj01_local_hum_avg_pct__fall,sj01_local_hum_avg_pct__fall,0.000110626220703125,0.000110626220703125
injected,sj01_local_hum_avg_pct__fall,1.5,15.0,10,19,170,True,True,True,False,False,1,sj01_local_hum_avg_pct__fall,sj01_local_hum_avg_pct__fall,sj01_local_hum_avg_pct__fall,1.52587890625e-05,1.52587890625e-05
injected,sj01_local_hum_avg_pct__fall,1.5,15.0,11,22,171,True,True,True,False,False,1,sj01_local_hum_avg_pct__fall,sj01_local_hum_avg_pct__fall,sj01_local_hum_avg_pct__fall,3.814697265625e-05,3.814697265625e-05
injected,sj01_local_hum_avg_pct__fall,1.5,15.0,12,19,171,True,True,True,False,False,1,sj01_local_hum_avg_pct__fall,sj01_local_hum_avg_pct__fall,sj01_local_hum_avg_pct__fall,3.814697265625e-05,3.814697265625e-05
injected,sj01_local_hum_avg_pct__fall,1.5,15.0,13,17,169,True,True,True,False,False,1,sj01_local_hum_avg_pct__fall,sj01_local_hum_avg_pct__fall,sj01_local_hum_avg_pct__fall,6.103515625e-05,6.103515625e-05
injected,sj01_local_hum_avg_pct__fall,1.5,15.0,14,19,170,True,True,True,False,False,1,sj01_local_hum_avg_pct__fall,sj01_local_hum_avg_pct__fall,sj01_local_hum_avg_pct__fall,3.0517578125e-05,3.0517578125e-05
injected,sj01_local_hum_avg_pct__fall,1.5,15.0,15,21,172,True,True,True,False,False,1,sj01_local_hum_avg_pct__fall,sj01_local_hum_avg_pct__fall,sj01_local_hum_avg_pct__fall,6.0558319091796875e-05,6.0558319091796875e-05
injected,sj01_local_hum_avg_pct__fall,1.5,15.0,16,16,170,True,True,True,False,False,1,sj01_local_hum_avg_pct__fall,sj01_local_hum_avg_pct__fall,sj01_local_hum_avg_pct__fall,0.0007448196411132812,0.0007448196411132812
injected,sj01_local_hum_avg_pct__fall,1.5,15.0,17,15,167,True,True,True,False,False,1,sj01_local_hum_avg_pct__fall,sj01_local_hum_avg_pct__fall,sj01_local_hum_avg_pct__fall,0.00048828125,0.00048828125
injected,sj01_local_hum_avg_pct__fall,1.5,15.0,18,17,170,True,True,True,False,False,1,sj01_local_hum_avg_pct__fall,sj01_local_hum_avg_pct__fall,sj01_local_hum_avg_pct__fall,0.00020122528076171875,0.00020122528076171875
injected,sj01_local_hum_avg_pct__fall,1.5,15.0,19,20,171,True,True,True,False,False,1,sj01_local_hum_avg_pct__fall,sj01_local_hum_avg_pct__fall,sj01_local_hum_avg_pct__fall,0.000110626220703125,0.000110626220703125
injected,sj01_local_hum_avg_pct__fall,1.5,15.0,20,15,167,True,True,True,False,False,1,sj01_local_hum_avg_pct__fall,sj01_local_hum_avg_pct__fall,sj01_local_hum_avg_pct__fall,0.0011749267578125,0.0011749267578125
injected,sj01_local_hum_avg_pct__fall,1.5,15.0,21,18,167,True,True,True,False,False,1,sj01_local_hum_avg_pct__fall,sj01_local_hum_avg_pct__fall,sj01_local_hum_avg_pct__fall,0.00048828125,0.00048828125
injected,sj01_local_hum_avg_pct__fall,1.5,15.0,22,22,170,True,True,True,False,False,1,sj01_local_hum_avg_pct__fall,sj01_local_hum_avg_pct__fall,sj01_local_hum_avg_pct__fall,0.0004277229309082031,0.0004277229309082031
injected,sj01_local_hum_avg_pct__fall,1.5,15.0,23,21,171,True,True,True,False,False,1,sj01_local_hum_avg_pct__fall,sj01_local_hum_avg_pct__fall,sj01_local_hum_avg_pct__fall,0.000110626220703125,0.000110626220703125
injected,sj01_local_hum_avg_pct__fall,1.5,15.0,24,23,171,True,True,True,False,False,1,sj01_local_hum_avg_pct__fall,sj01_local_hum_avg_pct__fall,sj01_local_hum_avg_pct__fall,3.814697265625e-05,3.814697265625e-05
injected,sj01_local_hum_avg_pct__fall,1.5,15.0,25,23,173,True,True,True,False,False,1,sj01_local_hum_avg_pct__fall,sj01_local_hum_avg_pct__fall,sj01_local_hum_avg_pct__fall,1.9073486328125e-06,1.9073486328125e-06
injected,sj01_local_hum_avg_pct__fall,1.5,15.0,26,14,168,True,True,True,False,False,1,sj01_local_hum_avg_pct__fall,sj01_local_hum_avg_pct__fall,sj01_local_hum_avg_pct__fall,0.0011749267578125,0.0011749267578125
injected,sj01_local_hum_avg_pct__fall,1.5,15.0,27,19,168,True,True,True,False,False,1,sj01_local_hum_avg_pct__fall,sj01_local_hum_avg_pct__fall,sj01_local_hum_avg_pct__fall,0.0011749267578125,0.0011749267578125
injected,sj01_local_hum_avg_pct__fall,1.5,15.0,28,20,172,True,True,True,False,False,1,sj01_local_hum_avg_pct__fall,sj01_local_hum_avg_pct__fall,sj01_local_hum_avg_pct__fall,0.000110626220703125,0.000110626220703125
injected,sj01_local_hum_avg_pct__fall,1.5,15.0,29,16,166,True,True,True,False,False,1,sj01_local_hum_avg_pct__fall,sj01_local_hum_avg_pct__fall,sj01_local_hum_avg_pct__fall,0.0037689208984375,0.0037689208984375
injected,sj01_local_hum_avg_pct__fall,1.5,15.0,30,18,168,True,True,True,False,False,1,sj01_local_hum_avg_pct__fall,sj01_local_hum_avg_pct__fall,sj01_local_hum_avg_pct__fall,0.0006561279296875,0.0006561279296875
injected,sj01_local_hum_avg_pct__fall,1.5,15.0,31,24,172,True,True,True,False,False,1,sj01_local_hum_avg_pct__fall,sj01_local_hum_avg_pct__fall,sj01_local_hum_avg_pct__fall,2.002716064453125e-05,2.002716064453125e-05
injected,sj01_local_hum_avg_pct__fall,1.5,15.0,32,20,172,True,True,True,False,False,1,sj01_local_hum_avg_pct__fall,sj01_local_hum_avg_pct__fall,sj01_local_hum_avg_pct__fall,6.0558319091796875e-05,6.0558319091796875e-05
injected,sj01_local_hum_avg_pct__fall,1.5,15.0,33,21,170,True,True,True,False,False,1,sj01_local_hum_avg_pct__fall,sj01_local_hum_avg_pct__fall,sj01_local_hum_avg_pct__fall,0.00020122528076171875,0.00020122528076171875
injected,sj01_local_hum_avg_pct__fall,1.5,15.0,34,19,170,True,True,True,False,False,1,sj01_local_hum_avg_pct__fall,sj01_local_hum_avg_pct__fall,sj01_local_hum_avg_pct__fall,7.2479248046875e-05,7.2479248046875e-05
injected,sj01_local_hum_avg_pct__fall,1.5,15.0,35,22,174,True,True,True,False,False,1,sj01_local_hum_avg_pct__fall,sj01_local_hum_avg_pct__fall,sj01_local_hum_avg_pct__fall,9.5367431640625e-07,9.5367431640625e-07
injected,sj01_local_hum_avg_pct__fall,1.5,15.0,36,19,168,True,True,True,False,False,1,sj01_local_hum_avg_pct__fall,sj01_local_hum_avg_pct__fall,sj01_local_hum_avg_pct__fall,0.0012884140014648438,0.0012884140014648438
injected,sj01_local_hum_avg_pct__fall,1.5,15.0,37,18,171,True,True,True,False,False,1,sj01_local_hum_avg_pct__fall,sj01_local_hum_avg_pct__fall,sj01_local_hum_avg_pct__fall,7.62939453125e-06,7.62939453125e-06
injected,sj01_local_hum_avg_pct__fall,1.5,15.0,38,22,172,True,True,True,False,False,1,sj01_local_hum_avg_pct__fall,sj01_local_hum_avg_pct__fall,sj01_local_hum_avg_pct__fall,7.62939453125e-06,7.62939453125e-06
injected,sj01_local_hum_avg_pct__fall,1.5,15.0,39,24,171,True,True,True,False,False,1,sj01_local_hum_avg_pct__fall,sj01_local_hum_avg_pct__fall,sj01_local_hum_avg_pct__fall,3.814697265625e-05,3.814697265625e-05
injected,sj01_local_hum_avg_pct__fall,1.5,15.0,40,23,173,True,True,True,False,False,1,sj01_local_hum_avg_pct__fall,sj01_local_hum_avg_pct__fall,sj01_local_hum_avg_pct__fall,1.9073486328125e-06,1.9073486328125e-06
injected,sj01_local_hum_avg_pct__fall,1.5,15.0,41,18,169,True,True,True,False,False,1,sj01_local_hum_avg_pct__fall,sj01_local_hum_avg_pct__fall,sj01_local_hum_avg_pct__fall,0.0001373291015625,0.0001373291015625
injected,sj01_local_hum_avg_pct__fall,1.5,15.0,42,20,171,True,True,True,False,False,1,sj01_local_hum_avg_pct__fall,sj01_local_hum_avg_pct__fall,sj01_local_hum_avg_pct__fall,3.814697265625e-05,3.814697265625e-05
injected,sj01_local_hum_avg_pct__fall,1.5,15.0,43,18,167,True,True,True,False,False,1,sj01_local_hum_avg_pct__fall,sj01_local_hum_avg_pct__fall,sj01_local_hum_avg_pct__fall,0.0011749267578125,0.0011749267578125
injected,sj01_local_hum_avg_pct__fall,1.5,15.0,44,23,173,True,True,True,False,False,1,sj01_local_hum_avg_pct__fall,sj01_local_hum_avg_pct__fall,sj01_local_hum_avg_pct__fall,1.9073486328125e-06,1.9073486328125e-06
injected,sj01_local_hum_avg_pct__fall,1.5,15.0,45,22,171,True,True,True,False,False,1,sj01_local_hum_avg_pct__fall,sj01_local_hum_avg_pct__fall,sj01_local_hum_avg_pct__fall,1.52587890625e-05,1.52587890625e-05
injected,sj01_local_hum_avg_pct__fall,1.5,15.0,46,23,171,True,True,True,False,False,1,sj01_local_hum_avg_pct__fall,sj01_local_hum_avg_pct__fall,sj01_local_hum_avg_pct__fall,0.000110626220703125,0.000110626220703125
injected,sj01_local_hum_avg_pct__fall,1.5,15.0,47,19,169,True,True,True,False,False,1,sj01_local_hum_avg_pct__fall,sj01_local_hum_avg_pct__fall,sj01_local_hum_avg_pct__fall,0.0003643035888671875,0.0003643035888671875
injected,sj01_local_hum_avg_pct__fall,1.5,15.0,48,20,171,True,True,True,False,False,1,sj01_local_hum_avg_pct__fall,sj01_local_hum_avg_pct__fall,sj01_local_hum_avg_pct__fall,0.000110626220703125,0.000110626220703125
injected,sj01_local_hum_avg_pct__fall,1.5,15.0,49,17,167,True,True,True,False,False,1,sj01_local_hum_avg_pct__fall,sj01_local_hum_avg_pct__fall,sj01_local_hum_avg_pct__fall,0.0011749267578125,0.0011749267578125
injected,sj01_local_hum_avg_pct__fall,1.5,15.0,50,22,171,True,True,True,False,False,1,sj01_local_hum_avg_pct__fall,sj01_local_hum_avg_pct__fall,sj01_local_hum_avg_pct__fall,1.52587890625e-05,1.52587890625e-05
injected,sj01_local_hum_avg_pct__fall,1.5,15.0,51,19,169,True,True,True,False,False,1,sj01_local_hum_avg_pct__fall,sj01_local_hum_avg_pct__fall,sj01_local_hum_avg_pct__fall,6.103515625e-05,6.103515625e-05
injected,sj01_local_hum_avg_pct__fall,1.5,15.0,52,19,167,True,True,True,False,False,1,sj01_local_hum_avg_pct__fall,sj01_local_hum_avg_pct__fall,sj01_local_hum_avg_pct__fall,0.0011749267578125,0.0011749267578125
injected,sj01_local_hum_avg_pct__fall,1.5,15.0,53,20,170,True,True,True,False,False,1,sj01_local_hum_avg_pct__fall,sj01_local_hum_avg_pct__fall,sj01_local_hum_avg_pct__fall,0.0001373291015625,0.0001373291015625
injected,sj01_local_hum_avg_pct__fall,1.5,15.0,54,16,167,True,True,True,False,False,1,sj01_local_hum_avg_pct__fall,sj01_local_hum_avg_pct__fall,sj01_local_hum_avg_pct__fall,0.00091552734375,0.00091552734375
injected,sj01_local_hum_avg_pct__fall,1.5,15.0,55,17,168,True,True,True,False,False,1,sj01_local_hum_avg_pct__fall,sj01_local_hum_avg_pct__fall,sj01_local_hum_avg_pct__fall,0.0012884140014648438,0.0012884140014648438
injected,sj01_local_hum_avg_pct__fall,1.5,15.0,56,16,168,True,True,True,False,False,1,sj01_local_hum_avg_pct__fall,sj01_local_hum_avg_pct__fall,sj01_local_hum_avg_pct__fall,6.103515625e-05,6.103515625e-05
injected,sj01_local_hum_avg_pct__fall,1.5,15.0,57,19,169,True,True,True,False,False,1,sj01_local_hum_avg_pct__fall,sj01_local_hum_avg_pct__fall,sj01_local_hum_avg_pct__fall,0.0002593994140625,0.0002593994140625
injected,sj01_local_hum_avg_pct__fall,1.5,15.0,58,20,168,True,True,True,False,False,1,sj01_local_hum_avg_pct__fall,sj01_local_hum_avg_pct__fall,sj01_local_hum_avg_pct__fall,0.0006561279296875,0.0006561279296875
injected,sj01_local_hum_avg_pct__fall,1.5,15.0,59,18,169,True,True,True,False,False,1,sj01_local_hum_avg_pct__fall,sj01_local_hum_avg_pct__fall,sj01_local_hum_avg_pct__fall,0.0001373291015625,0.0001373291015625
injected,sj01_local_hum_avg_pct__fall,1.5,15.0,60,24,172,True,True,True,False,False,1,sj01_local_hum_avg_pct__fall,sj01_local_hum_avg_pct__fall,sj01_local_hum_avg_pct__fall,3.814697265625e-06,3.814697265625e-06
injected,sj01_local_hum_avg_pct__fall,1.5,15.0,61,17,169,True,True,True,False,False,1,sj01_local_hum_avg_pct__fall,sj01_local_hum_avg_pct__fall,sj01_local_hum_avg_pct__fall,0.0006561279296875,0.0006561279296875
injected,sj01_local_hum_avg_pct__fall,1.5,15.0,62,21,171,True,True,True,False,False,1,sj01_local_hum_avg_pct__fall,sj01_local_hum_avg_pct__fall,sj01_local_hum_avg_pct__fall,0.000110626220703125,0.000110626220703125
injected,sj01_local_hum_avg_pct__fall,1.5,15.0,63,21,171,True,True,True,False,False,1,sj01_local_hum_avg_pct__fall,sj01_local_hum_avg_pct__fall,sj01_local_hum_avg_pct__fall,7.2479248046875e-05,7.2479248046875e-05
injected,sj01_local_hum_avg_pct__fall,1.5,15.0,64,20,172,True,True,True,False,False,1,sj01_local_hum_avg_pct__fall,sj01_local_hum_avg_pct__fall,sj01_local_hum_avg_pct__fall,0.000110626220703125,0.000110626220703125
injected,sj01_local_hum_avg_pct__fall,1.5,15.0,65,20,172,True,True,True,False,False,1,sj01_local_hum_avg_pct__fall,sj01_local_hum_avg_pct__fall,sj01_local_hum_avg_pct__fall,7.62939453125e-06,7.62939453125e-06
injected,sj01_local_hum_avg_pct__fall,1.5,15.0,66,19,168,True,True,True,False,False,1,sj01_local_hum_avg_pct__fall,sj01_local_hum_avg_pct__fall,sj01_local_hum_avg_pct__fall,0.0006561279296875,0.0006561279296875
injected,sj01_local_hum_avg_pct__fall,1.5,15.0,67,17,168,True,True,True,False,False,1,sj01_local_hum_avg_pct__fall,sj01_local_hum_avg_pct__fall,sj01_local_hum_avg_pct__fall,0.0002593994140625,0.0002593994140625
injected,sj01_local_hum_avg_pct__fall,1.5,15.0,68,22,171,True,True,True,False,False,1,sj01_local_hum_avg_pct__fall,sj01_local_hum_avg_pct__fall,sj01_local_hum_avg_pct__fall,7.62939453125e-06,7.62939453125e-06
injected,sj01_local_hum_avg_pct__fall,1.5,15.0,69,17,168,True,True,True,False,False,1,sj01_local_hum_avg_pct__fall,sj01_local_hum_avg_pct__fall,sj01_local_hum_avg_pct__fall,6.103515625e-05,6.103515625e-05
injected,sj01_local_hum_avg_pct__fall,1.5,15.0,70,19,170,True,True,True,False,False,1,sj01_local_hum_avg_pct__fall,sj01_local_hum_avg_pct__fall,sj01_local_hum_avg_pct__fall,0.0003643035888671875,0.0003643035888671875
injected,sj01_local_hum_avg_pct__fall,1.5,15.0,71,19,171,True,True,True,False,False,1,sj01_local_hum_avg_pct__fall,sj01_local_hum_avg_pct__fall,sj01_local_hum_avg_pct__fall,7.62939453125e-06,7.62939453125e-06
injected,sj01_local_hum_avg_pct__fall,1.5,15.0,72,22,173,True,True,True,False,False,1,sj01_local_hum_avg_pct__fall,sj01_local_hum_avg_pct__fall,sj01_local_hum_avg_pct__fall,1.9073486328125e-06,1.9073486328125e-06
injected,sj01_local_hum_avg_pct__fall,1.5,15.0,73,20,170,True,True,True,False,False,1,sj01_local_hum_avg_pct__fall,sj01_local_hum_avg_pct__fall,sj01_local_hum_avg_pct__fall,1.52587890625e-05,1.52587890625e-05
injected,sj01_local_hum_avg_pct__fall,1.5,15.0,74,17,168,True,True,True,False,False,1,sj01_local_hum_avg_pct__fall,sj01_local_hum_avg_pct__fall,sj01_local_hum_avg_pct__fall,0.0002593994140625,0.0002593994140625
injected,sj01_local_hum_avg_pct__fall,1.5,15.0,75,26,173,True,True,True,False,False,1,sj01_local_hum_avg_pct__fall,sj01_local_hum_avg_pct__fall,sj01_local_hum_avg_pct__fall,1.049041748046875e-05,1.049041748046875e-05
injected,sj01_local_hum_avg_pct__fall,1.5,15.0,76,16,167,True,True,True,False,False,1,sj01_local_hum_avg_pct__fall,sj01_local_hum_avg_pct__fall,sj01_local_hum_avg_pct__fall,0.00091552734375,0.00091552734375
injected,sj01_local_hum_avg_pct__fall,1.5,15.0,77,17,168,True,True,True,False,False,1,sj01_local_hum_avg_pct__fall,sj01_local_hum_avg_pct__fall,sj01_local_hum_avg_pct__fall,0.0002593994140625,0.0002593994140625
injected,sj01_local_hum_avg_pct__fall,1.5,15.0,78,20,169,True,True,True,False,False,1,sj01_local_hum_avg_pct__fall,sj01_local_hum_avg_pct__fall,sj01_local_hum_avg_pct__fall,0.0001373291015625,0.0001373291015625
injected,sj01_local_hum_avg_pct__fall,1.5,15.0,79,16,166,True,True,True,False,False,1,sj01_local_hum_avg_pct__fall,sj01_local_hum_avg_pct__fall,sj01_local_hum_avg_pct__fall,0.00091552734375,0.00091552734375
injected,sj01_local_hum_avg_pct__fall,1.5,15.0,80,21,172,True,True,True,False,False,1,sj01_local_hum_avg_pct__fall,sj01_local_hum_avg_pct__fall,sj01_local_hum_avg_pct__fall,3.814697265625e-06,3.814697265625e-06
injected,sj01_local_hum_avg_pct__fall,1.5,15.0,81,21,171,True,True,True,False,False,1,sj01_local_hum_avg_pct__fall,sj01_local_hum_avg_pct__fall,sj01_local_hum_avg_pct__fall,0.00020122528076171875,0.00020122528076171875
injected,sj01_local_hum_avg_pct__fall,1.5,15.0,82,18,167,True,True,True,False,False,1,sj01_local_hum_avg_pct__fall,sj01_local_hum_avg_pct__fall,sj01_local_hum_avg_pct__fall,0.0035986900329589844,0.0035986900329589844
injected,sj01_local_hum_avg_pct__fall,1.5,15.0,83,21,172,True,True,True,False,False,1,sj01_local_hum_avg_pct__fall,sj01_local_hum_avg_pct__fall,sj01_local_hum_avg_pct__fall,2.002716064453125e-05,2.002716064453125e-05
injected,sj01_local_hum_avg_pct__fall,1.5,15.0,84,21,171,True,True,True,False,False,1,sj01_local_hum_avg_pct__fall,sj01_local_hum_avg_pct__fall,sj01_local_hum_avg_pct__fall,3.814697265625e-05,3.814697265625e-05
injected,sj01_local_hum_avg_pct__fall,1.5,15.0,85,18,167,True,True,True,False,False,1,sj01_local_hum_avg_pct__fall,sj01_local_hum_avg_pct__fall,sj01_local_hum_avg_pct__fall,0.0011749267578125,0.0011749267578125
injected,sj01_local_hum_avg_pct__fall,1.5,15.0,86,22,171,True,True,True,False,False,1,sj01_local_hum_avg_pct__fall,sj01_local_hum_avg_pct__fall,sj01_local_hum_avg_pct__fall,0.000110626220703125,0.000110626220703125
injected,sj01_local_hum_avg_pct__fall,1.5,15.0,87,23,174,True,True,True,False,False,1,sj01_local_hum_avg_pct__fall,sj01_local_hum_avg_pct__fall,sj01_local_hum_avg_pct__fall,1.9073486328125e-06,1.9073486328125e-06
injected,sj01_local_hum_avg_pct__fall,1.5,15.0,88,18,168,True,True,True,False,False,1,sj01_local_hum_avg_pct__fall,sj01_local_hum_avg_pct__fall,sj01_local_hum_avg_pct__fall,0.002171754837036133,0.002171754837036133
injected,sj01_local_hum_avg_pct__fall,1.5,15.0,89,18,173,True,True,True,False,False,1,sj01_local_hum_avg_pct__fall,sj01_local_hum_avg_pct__fall,sj01_local_hum_avg_pct__fall,1.9073486328125e-06,1.9073486328125e-06
injected,sj01_local_hum_avg_pct__fall,1.5,15.0,90,19,169,True,True,True,False,False,1,sj01_local_hum_avg_pct__fall,sj01_local_hum_avg_pct__fall,sj01_local_hum_avg_pct__fall,0.0003643035888671875,0.0003643035888671875
injected,sj01_local_hum_avg_pct__fall,1.5,15.0,91,19,168,True,True,True,False,False,1,sj01_local_hum_avg_pct__fall,sj01_local_hum_avg_pct__fall,sj01_local_hum_avg_pct__fall,0.0002593994140625,0.0002593994140625
injected,sj01_local_hum_avg_pct__fall,1.5,15.0,92,14,165,False,False,True,False,False,0,,sj01_local_hum_avg_pct__fall,sj01_local_hum_avg_pct__fall,0.0064697265625,0.0064697265625
injected,sj01_local_hum_avg_pct__fall,1.5,15.0,93,21,172,True,True,True,False,False,1,sj01_local_hum_avg_pct__fall,sj01_local_hum_avg_pct__fall,sj01_local_hum_avg_pct__fall,2.002716064453125e-05,2.002716064453125e-05
injected,sj01_local_hum_avg_pct__fall,1.5,15.0,94,23,173,True,True,True,False,False,1,sj01_local_hum_avg_pct__fall,sj01_local_hum_avg_pct__fall,sj01_local_hum_avg_pct__fall,1.049041748046875e-05,1.049041748046875e-05
injected,sj01_local_hum_avg_pct__fall,1.5,15.0,95,17,167,True,True,True,False,False,1,sj01_local_hum_avg_pct__fall,sj01_local_hum_avg_pct__fall,sj01_local_hum_avg_pct__fall,0.00048828125,0.00048828125
injected,sj01_local_hum_avg_pct__fall,1.5,15.0,96,16,169,True,True,True,False,False,1,sj01_local_hum_avg_pct__fall,sj01_local_hum_avg_pct__fall,sj01_local_hum_avg_pct__fall,0.0001373291015625,0.0001373291015625
injected,sj01_local_hum_avg_pct__fall,1.5,15.0,97,21,171,True,True,True,False,False,1,sj01_local_hum_avg_pct__fall,sj01_local_hum_avg_pct__fall,sj01_local_hum_avg_pct__fall,3.814697265625e-05,3.814697265625e-05
injected,sj01_local_hum_avg_pct__fall,1.5,15.0,98,20,170,True,True,True,False,False,1,sj01_local_hum_avg_pct__fall,sj01_local_hum_avg_pct__fall,sj01_local_hum_avg_pct__fall,0.0007448196411132812,0.0007448196411132812
injected,sj01_local_hum_avg_pct__fall,1.5,15.0,99,21,172,True,True,True,False,False,1,sj01_local_hum_avg_pct__fall,sj01_local_hum_avg_pct__fall,sj01_local_hum_avg_pct__fall,7.62939453125e-06,7.62939453125e-06
injected,sj01_local_hum_avg_pct__fall,1.5,30.0,0,24,170,True,True,True,False,False,1,sj01_local_hum_avg_pct__fall,sj01_local_hum_avg_pct__fall,sj01_local_hum_avg_pct__fall,1.049041748046875e-05,1.049041748046875e-05
injected,sj01_local_hum_avg_pct__fall,1.5,30.0,1,22,171,True,True,True,False,False,1,sj01_local_hum_avg_pct__fall,sj01_local_hum_avg_pct__fall,sj01_local_hum_avg_pct__fall,3.814697265625e-06,3.814697265625e-06
injected,sj01_local_hum_avg_pct__fall,1.5,30.0,2,18,165,True,True,True,False,False,1,sj01_local_hum_avg_pct__fall,sj01_local_hum_avg_pct__fall,sj01_local_hum_avg_pct__fall,0.0022125244140625,0.0022125244140625
injected,sj01_local_hum_avg_pct__fall,1.5,30.0,3,18,169,True,True,True,False,False,1,sj01_local_hum_avg_pct__fall,sj01_local_hum_avg_pct__fall,sj01_local_hum_avg_pct__fall,0.0002593994140625,0.0002593994140625
injected,sj01_local_hum_avg_pct__fall,1.5,30.0,4,18,169,True,True,True,False,False,1,sj01_local_hum_avg_pct__fall,sj01_local_hum_avg_pct__fall,sj01_local_hum_avg_pct__fall,0.0004277229309082031,0.0004277229309082031
injected,sj01_local_hum_avg_pct__fall,1.5,30.0,5,19,167,True,True,True,False,False,1,sj01_local_hum_avg_pct__fall,sj01_local_hum_avg_pct__fall,sj01_local_hum_avg_pct__fall,0.0006561279296875,0.0006561279296875
injected,sj01_local_hum_avg_pct__fall,1.5,30.0,6,16,168,True,True,True,False,False,1,sj01_local_hum_avg_pct__fall,sj01_local_hum_avg_pct__fall,sj01_local_hum_avg_pct__fall,0.0006561279296875,0.0006561279296875
injected,sj01_local_hum_avg_pct__fall,1.5,30.0,7,17,165,True,True,True,False,False,1,sj01_local_hum_avg_pct__fall,sj01_local_hum_avg_pct__fall,sj01_local_hum_avg_pct__fall,0.00048828125,0.00048828125
injected,sj01_local_hum_avg_pct__fall,1.5,30.0,8,17,170,True,True,True,False,False,1,sj01_local_hum_avg_pct__fall,sj01_local_hum_avg_pct__fall,sj01_local_hum_avg_pct__fall,0.0004277229309082031,0.0004277229309082031
injected,sj01_local_hum_avg_pct__fall,1.5,30.0,9,22,168,True,True,True,False,False,1,sj01_local_hum_avg_pct__fall,sj01_local_hum_avg_pct__fall,sj01_local_hum_avg_pct__fall,0.000110626220703125,0.000110626220703125
injected,sj01_local_hum_avg_pct__fall,1.5,30.0,10,19,169,True,True,True,False,False,1,sj01_local_hum_avg_pct__fall,sj01_local_hum_avg_pct__fall,sj01_local_hum_avg_pct__fall,1.52587890625e-05,1.52587890625e-05
injected,sj01_local_hum_avg_pct__fall,1.5,30.0,11,22,170,True,True,True,False,False,1,sj01_local_hum_avg_pct__fall,sj01_local_hum_avg_pct__fall,sj01_local_hum_avg_pct__fall,2.002716064453125e-05,2.002716064453125e-05
injected,sj01_local_hum_avg_pct__fall,1.5,30.0,12,19,168,True,True,True,False,False,1,sj01_local_hum_avg_pct__fall,sj01_local_hum_avg_pct__fall,sj01_local_hum_avg_pct__fall,7.2479248046875e-05,7.2479248046875e-05
injected,sj01_local_hum_avg_pct__fall,1.5,30.0,13,17,167,True,True,True,False,False,1,sj01_local_hum_avg_pct__fall,sj01_local_hum_avg_pct__fall,sj01_local_hum_avg_pct__fall,6.103515625e-05,6.103515625e-05
injected,sj01_local_hum_avg_pct__fall,1.5,30.0,14,19,168,True,True,True,False,False,1,sj01_local_hum_avg_pct__fall,sj01_local_hum_avg_pct__fall,sj01_local_hum_avg_pct__fall,3.0517578125e-05,3.0517578125e-05
injected,sj01_local_hum_avg_pct__fall,1.5,30.0,15,21,171,True,True,True,False,False,1,sj01_local_hum_avg_pct__fall,sj01_local_hum_avg_pct__fall,sj01_local_hum_avg_pct__fall,6.0558319091796875e-05,6.0558319091796875e-05
injected,sj01_local_hum_avg_pct__fall,1.5,30.0,16,16,169,True,True,True,False,False,1,sj01_local_hum_avg_pct__fall,sj01_local_hum_avg_pct__fall,sj01_local_hum_avg_pct__fall,0.0007448196411132812,0.0007448196411132812
injected,sj01_local_hum_avg_pct__fall,1.5,30.0,17,15,167,True,True,True,False,False,1,sj01_local_hum_avg_pct__fall,sj01_local_hum_avg_pct__fall,sj01_local_hum_avg_pct__fall,0.00048828125,0.00048828125
injected,sj01_local_hum_avg_pct__fall,1.5,30.0,18,17,169,True,True,True,False,False,1,sj01_local_hum_avg_pct__fall,sj01_local_hum_avg_pct__fall,sj01_local_hum_avg_pct__fall,0.000110626220703125,0.000110626220703125
injected,sj01_local_hum_avg_pct__fall,1.5,30.0,19,20,170,True,True,True,False,False,1,sj01_local_hum_avg_pct__fall,sj01_local_hum_avg_pct__fall,sj01_local_hum_avg_pct__fall,0.00020122528076171875,0.00020122528076171875
injected,sj01_local_hum_avg_pct__fall,1.5,30.0,20,15,166,True,True,True,False,False,1,sj01_local_hum_avg_pct__fall,sj01_local_hum_avg_pct__fall,sj01_local_hum_avg_pct__fall,0.0003643035888671875,0.0003643035888671875
injected,sj01_local_hum_avg_pct__fall,1.5,30.0,21,18,165,True,True,True,False,False,1,sj01_local_hum_avg_pct__fall,sj01_local_hum_avg_pct__fall,sj01_local_hum_avg_pct__fall,0.0001373291015625,0.0001373291015625
injected,sj01_local_hum_avg_pct__fall,1.5,30.0,22,22,168,True,True,True,False,False,1,sj01_local_hum_avg_pct__fall,sj01_local_hum_avg_pct__fall,sj01_local_hum_avg_pct__fall,0.0004277229309082031,0.0004277229309082031
injected,sj01_local_hum_avg_pct__fall,1.5,30.0,23,21,170,True,True,True,False,False,1,sj01_local_hum_avg_pct__fall,sj01_local_hum_avg_pct__fall,sj01_local_hum_avg_pct__fall,0.000110626220703125,0.000110626220703125
injected,sj01_local_hum_avg_pct__fall,1.5,30.0,24,23,170,True,True,True,False,False,1,sj01_local_hum_avg_pct__fall,sj01_local_hum_avg_pct__fall,sj01_local_hum_avg_pct__fall,3.814697265625e-05,3.814697265625e-05
injected,sj01_local_hum_avg_pct__fall,1.5,30.0,25,23,172,True,True,True,False,False,1,sj01_local_hum_avg_pct__fall,sj01_local_hum_avg_pct__fall,sj01_local_hum_avg_pct__fall,1.9073486328125e-06,1.9073486328125e-06
injected,sj01_local_hum_avg_pct__fall,1.5,30.0,26,14,168,True,True,True,False,False,1,sj01_local_hum_avg_pct__fall,sj01_local_hum_avg_pct__fall,sj01_local_hum_avg_pct__fall,0.0011749267578125,0.0011749267578125
injected,sj01_local_hum_avg_pct__fall,1.5,30.0,27,19,167,True,True,True,False,False,1,sj01_local_hum_avg_pct__fall,sj01_local_hum_avg_pct__fall,sj01_local_hum_avg_pct__fall,0.0006561279296875,0.0006561279296875
injected,sj01_local_hum_avg_pct__fall,1.5,30.0,28,20,170,True,True,True,False,False,1,sj01_local_hum_avg_pct__fall,sj01_local_hum_avg_pct__fall,sj01_local_hum_avg_pct__fall,0.000110626220703125,0.000110626220703125
injected,sj01_local_hum_avg_pct__fall,1.5,30.0,29,16,166,True,True,True,False,False,1,sj01_local_hum_avg_pct__fall,sj01_local_hum_avg_pct__fall,sj01_local_hum_avg_pct__fall,0.0037689208984375,0.0037689208984375
injected,sj01_local_hum_avg_pct__fall,1.5,30.0,30,18,167,True,True,True,False,False,1,sj01_local_hum_avg_pct__fall,sj01_local_hum_avg_pct__fall,sj01_local_hum_avg_pct__fall,0.00020122528076171875,0.00020122528076171875
injected,sj01_local_hum_avg_pct__fall,1.5,30.0,31,24,171,True,True,True,False,False,1,sj01_local_hum_avg_pct__fall,sj01_local_hum_avg_pct__fall,sj01_local_hum_avg_pct__fall,1.049041748046875e-05,1.049041748046875e-05
injected,sj01_local_hum_avg_pct__fall,1.5,30.0,32,20,170,True,True,True,False,False,1,sj01_local_hum_avg_pct__fall,sj01_local_hum_avg_pct__fall,sj01_local_hum_avg_pct__fall,6.0558319091796875e-05,6.0558319091796875e-05
injected,sj01_local_hum_avg_pct__fall,1.5,30.0,33,21,167,True,True,True,False,False,1,sj01_local_hum_avg_pct__fall,sj01_local_hum_avg_pct__fall,sj01_local_hum_avg_pct__fall,0.00020122528076171875,0.00020122528076171875
injected,sj01_local_hum_avg_pct__fall,1.5,30.0,34,19,170,True,True,True,False,False,1,sj01_local_hum_avg_pct__fall,sj01_local_hum_avg_pct__fall,sj01_local_hum_avg_pct__fall,2.002716064453125e-05,2.002716064453125e-05
injected,sj01_local_hum_avg_pct__fall,1.5,30.0,35,22,173,True,True,True,False,False,1,sj01_local_hum_avg_pct__fall,sj01_local_hum_avg_pct__fall,sj01_local_hum_avg_pct__fall,4.76837158203125e-07,4.76837158203125e-07
injected,sj01_local_hum_avg_pct__fall,1.5,30.0,36,19,167,True,True,True,False,False,1,sj01_local_hum_avg_pct__fall,sj01_local_hum_avg_pct__fall,sj01_local_hum_avg_pct__fall,0.0007448196411132812,0.0007448196411132812
injected,sj01_local_hum_avg_pct__fall,1.5,30.0,37,18,168,True,True,True,False,False,1,sj01_local_hum_avg_pct__fall,sj01_local_hum_avg_pct__fall,sj01_local_hum_avg_pct__fall,7.62939453125e-06,7.62939453125e-06
injected,sj01_local_hum_avg_pct__fall,1.5,30.0,38,22,172,True,True,True,False,False,1,sj01_local_hum_avg_pct__fall,sj01_local_hum_avg_pct__fall,sj01_local_hum_avg_pct__fall,3.814697265625e-06,3.814697265625e-06
injected,sj01_local_hum_avg_pct__fall,1.5,30.0,39,24,170,True,True,True,False,False,1,sj01_local_hum_avg_pct__fall,sj01_local_hum_avg_pct__fall,sj01_local_hum_avg_pct__fall,2.002716064453125e-05,2.002716064453125e-05
injected,sj01_local_hum_avg_pct__fall,1.5,30.0,40,23,173,True,True,True,False,False,1,sj01_local_hum_avg_pct__fall,sj01_local_hum_avg_pct__fall,sj01_local_hum_avg_pct__fall,9.5367431640625e-07,9.5367431640625e-07
injected,sj01_local_hum_avg_pct__fall,1.5,30.0,41,18,167,True,True,True,False,False,1,sj01_local_hum_avg_pct__fall,sj01_local_hum_avg_pct__fall,sj01_local_hum_avg_pct__fall,7.2479248046875e-05,7.2479248046875e-05
injected,sj01_local_hum_avg_pct__fall,1.5,30.0,42,20,171,True,True,True,False,False,1,sj01_local_hum_avg_pct__fall,sj01_local_hum_avg_pct__fall,sj01_local_hum_avg_pct__fall,3.814697265625e-05,3.814697265625e-05
injected,sj01_local_hum_avg_pct__fall,1.5,30.0,43,18,166,True,True,True,False,False,1,sj01_local_hum_avg_pct__fall,sj01_local_hum_avg_pct__fall,sj01_local_hum_avg_pct__fall,0.0006561279296875,0.0006561279296875
injected,sj01_local_hum_avg_pct__fall,1.5,30.0,44,23,171,True,True,True,False,False,1,sj01_local_hum_avg_pct__fall,sj01_local_hum_avg_pct__fall,sj01_local_hum_avg_pct__fall,3.814697265625e-06,3.814697265625e-06
injected,sj01_local_hum_avg_pct__fall,1.5,30.0,45,22,169,True,True,True,False,False,1,sj01_local_hum_avg_pct__fall,sj01_local_hum_avg_pct__fall,sj01_local_hum_avg_pct__fall,7.62939453125e-06,7.62939453125e-06
injected,sj01_local_hum_avg_pct__fall,1.5,30.0,46,23,170,True,True,True,False,False,1,sj01_local_hum_avg_pct__fall,sj01_local_hum_avg_pct__fall,sj01_local_hum_avg_pct__fall,6.0558319091796875e-05,6.0558319091796875e-05
injected,sj01_local_hum_avg_pct__fall,1.5,30.0,47,19,167,True,True,True,False,False,1,sj01_local_hum_avg_pct__fall,sj01_local_hum_avg_pct__fall,sj01_local_hum_avg_pct__fall,0.00020122528076171875,0.00020122528076171875
injected,sj01_local_hum_avg_pct__fall,1.5,30.0,48,20,169,True,True,True,False,False,1,sj01_local_hum_avg_pct__fall,sj01_local_hum_avg_pct__fall,sj01_local_hum_avg_pct__fall,0.000110626220703125,0.000110626220703125
injected,sj01_local_hum_avg_pct__fall,1.5,30.0,49,17,167,True,True,True,False,False,1,sj01_local_hum_avg_pct__fall,sj01_local_hum_avg_pct__fall,sj01_local_hum_avg_pct__fall,0.0003643035888671875,0.0003643035888671875
injected,sj01_local_hum_avg_pct__fall,1.5,30.0,50,22,169,True,True,True,False,False,1,sj01_local_hum_avg_pct__fall,sj01_local_hum_avg_pct__fall,sj01_local_hum_avg_pct__fall,3.814697265625e-06,3.814697265625e-06
injected,sj01_local_hum_avg_pct__fall,1.5,30.0,51,19,167,True,True,True,False,False,1,sj01_local_hum_avg_pct__fall,sj01_local_hum_avg_pct__fall,sj01_local_hum_avg_pct__fall,1.52587890625e-05,1.52587890625e-05
injected,sj01_local_hum_avg_pct__fall,1.5,30.0,52,19,167,True,True,True,False,False,1,sj01_local_hum_avg_pct__fall,sj01_local_hum_avg_pct__fall,sj01_local_hum_avg_pct__fall,0.0006561279296875,0.0006561279296875
injected,sj01_local_hum_avg_pct__fall,1.5,30.0,53,20,169,True,True,True,False,False,1,sj01_local_hum_avg_pct__fall,sj01_local_hum_avg_pct__fall,sj01_local_hum_avg_pct__fall,7.2479248046875e-05,7.2479248046875e-05
injected,sj01_local_hum_avg_pct__fall,1.5,30.0,54,16,167,True,True,True,False,False,1,sj01_local_hum_avg_pct__fall,sj01_local_hum_avg_pct__fall,sj01_local_hum_avg_pct__fall,0.00048828125,0.00048828125
injected,sj01_local_hum_avg_pct__fall,1.5,30.0,55,17,165,True,True,True,False,False,1,sj01_local_hum_avg_pct__fall,sj01_local_hum_avg_pct__fall,sj01_local_hum_avg_pct__fall,0.0012884140014648438,0.0012884140014648438
injected,sj01_local_hum_avg_pct__fall,1.5,30.0,56,16,166,True,True,True,False,False,1,sj01_local_hum_avg_pct__fall,sj01_local_hum_avg_pct__fall,sj01_local_hum_avg_pct__fall,6.103515625e-05,6.103515625e-05
injected,sj01_local_hum_avg_pct__fall,1.5,30.0,57,19,167,True,True,True,False,False,1,sj01_local_hum_avg_pct__fall,sj01_local_hum_avg_pct__fall,sj01_local_hum_avg_pct__fall,0.0001373291015625,0.0001373291015625
injected,sj01_local_hum_avg_pct__fall,1.5,30.0,58,20,166,True,True,True,False,False,1,sj01_local_hum_avg_pct__fall,sj01_local_hum_avg_pct__fall,sj01_local_hum_avg_pct__fall,0.0003643035888671875,0.0003643035888671875
injected,sj01_local_hum_avg_pct__fall,1.5,30.0,59,18,168,True,True,True,False,False,1,sj01_local_hum_avg_pct__fall,sj01_local_hum_avg_pct__fall,sj01_local_hum_avg_pct__fall,7.2479248046875e-05,7.2479248046875e-05
injected,sj01_local_hum_avg_pct__fall,1.5,30.0,60,24,172,True,True,True,False,False,1,sj01_local_hum_avg_pct__fall,sj01_local_hum_avg_pct__fall,sj01_local_hum_avg_pct__fall,1.9073486328125e-06,1.9073486328125e-06
injected,sj01_local_hum_avg_pct__fall,1.5,30.0,61,17,167,True,True,True,False,False,1,sj01_local_hum_avg_pct__fall,sj01_local_hum_avg_pct__fall,sj01_local_hum_avg_pct__fall,0.00020122528076171875,0.00020122528076171875
injected,sj01_local_hum_avg_pct__fall,1.5,30.0,62,21,170,True,True,True,False,False,1,sj01_local_hum_avg_pct__fall,sj01_local_hum_avg_pct__fall,sj01_local_hum_avg_pct__fall,0.000110626220703125,0.000110626220703125
injected,sj01_local_hum_avg_pct__fall,1.5,30.0,63,21,170,True,True,True,False,False,1,sj01_local_hum_avg_pct__fall,sj01_local_hum_avg_pct__fall,sj01_local_hum_avg_pct__fall,3.814697265625e-05,3.814697265625e-05
injected,sj01_local_hum_avg_pct__fall,1.5,30.0,64,20,171,True,True,True,False,False,1,sj01_local_hum_avg_pct__fall,sj01_local_hum_avg_pct__fall,sj01_local_hum_avg_pct__fall,0.000110626220703125,0.000110626220703125
injected,sj01_local_hum_avg_pct__fall,1.5,30.0,65,20,170,True,True,True,False,False,1,sj01_local_hum_avg_pct__fall,sj01_local_hum_avg_pct__fall,sj01_local_hum_avg_pct__fall,7.62939453125e-06,7.62939453125e-06
injected,sj01_local_hum_avg_pct__fall,1.5,30.0,66,19,166,True,True,True,False,False,1,sj01_local_hum_avg_pct__fall,sj01_local_hum_avg_pct__fall,sj01_local_hum_avg_pct__fall,0.0006561279296875,0.0006561279296875
injected,sj01_local_hum_avg_pct__fall,1.5,30.0,67,17,166,True,True,True,False,False,1,sj01_local_hum_avg_pct__fall,sj01_local_hum_avg_pct__fall,sj01_local_hum_avg_pct__fall,0.0001373291015625,0.0001373291015625
injected,sj01_local_hum_avg_pct__fall,1.5,30.0,68,22,170,True,True,True,False,False,1,sj01_local_hum_avg_pct__fall,sj01_local_hum_avg_pct__fall,sj01_local_hum_avg_pct__fall,3.814697265625e-06,3.814697265625e-06
injected,sj01_local_hum_avg_pct__fall,1.5,30.0,69,17,166,True,True,True,False,False,1,sj01_local_hum_avg_pct__fall,sj01_local_hum_avg_pct__fall,sj01_local_hum_avg_pct__fall,6.103515625e-05,6.103515625e-05
injected,sj01_local_hum_avg_pct__fall,1.5,30.0,70,19,168,True,True,True,False,False,1,sj01_local_hum_avg_pct__fall,sj01_local_hum_avg_pct__fall,sj01_local_hum_avg_pct__fall,0.00020122528076171875,0.00020122528076171875
injected,sj01_local_hum_avg_pct__fall,1.5,30.0,71,19,168,True,True,True,False,False,1,sj01_local_hum_avg_pct__fall,sj01_local_hum_avg_pct__fall,sj01_local_hum_avg_pct__fall,1.52587890625e-05,1.52587890625e-05
injected,sj01_local_hum_avg_pct__fall,1.5,30.0,72,22,171,True,True,True,False,False,1,sj01_local_hum_avg_pct__fall,sj01_local_hum_avg_pct__fall,sj01_local_hum_avg_pct__fall,1.9073486328125e-06,1.9073486328125e-06
injected,sj01_local_hum_avg_pct__fall,1.5,30.0,73,20,168,True,True,True,False,False,1,sj01_local_hum_avg_pct__fall,sj01_local_hum_avg_pct__fall,sj01_local_hum_avg_pct__fall,7.62939453125e-06,7.62939453125e-06
injected,sj01_local_hum_avg_pct__fall,1.5,30.0,74,17,166,True,True,True,False,False,1,sj01_local_hum_avg_pct__fall,sj01_local_hum_avg_pct__fall,sj01_local_hum_avg_pct__fall,0.0002593994140625,0.0002593994140625
injected,sj01_local_hum_avg_pct__fall,1.5,30.0,75,26,171,True,True,True,False,False,1,sj01_local_hum_avg_pct__fall,sj01_local_hum_avg_pct__fall,sj01_local_hum_avg_pct__fall,5.4836273193359375e-06,5.4836273193359375e-06
injected,sj01_local_hum_avg_pct__fall,1.5,30.0,76,16,167,True,True,True,False,False,1,sj01_local_hum_avg_pct__fall,sj01_local_hum_avg_pct__fall,sj01_local_hum_avg_pct__fall,0.00048828125,0.00048828125
injected,sj01_local_hum_avg_pct__fall,1.5,30.0,77,17,167,True,True,True,False,False,1,sj01_local_hum_avg_pct__fall,sj01_local_hum_avg_pct__fall,sj01_local_hum_avg_pct__fall,0.0001373291015625,0.0001373291015625
injected,sj01_local_hum_avg_pct__fall,1.5,30.0,78,20,168,True,True,True,False,False,1,sj01_local_hum_avg_pct__fall,sj01_local_hum_avg_pct__fall,sj01_local_hum_avg_pct__fall,7.2479248046875e-05,7.2479248046875e-05
injected,sj01_local_hum_avg_pct__fall,1.5,30.0,79,16,166,True,True,True,False,False,1,sj01_local_hum_avg_pct__fall,sj01_local_hum_avg_pct__fall,sj01_local_hum_avg_pct__fall,0.0002593994140625,0.0002593994140625
injected,sj01_local_hum_avg_pct__fall,1.5,30.0,80,21,171,True,True,True,False,False,1,sj01_local_hum_avg_pct__fall,sj01_local_hum_avg_pct__fall,sj01_local_hum_avg_pct__fall,1.9073486328125e-06,1.9073486328125e-06
injected,sj01_local_hum_avg_pct__fall,1.5,30.0,81,21,170,True,True,True,False,False,1,sj01_local_hum_avg_pct__fall,sj01_local_hum_avg_pct__fall,sj01_local_hum_avg_pct__fall,0.00020122528076171875,0.00020122528076171875
injected,sj01_local_hum_avg_pct__fall,1.5,30.0,82,18,166,True,True,True,False,False,1,sj01_local_hum_avg_pct__fall,sj01_local_hum_avg_pct__fall,sj01_local_hum_avg_pct__fall,0.0035986900329589844,0.0035986900329589844
injected,sj01_local_hum_avg_pct__fall,1.5,30.0,83,21,170,True,True,True,False,False,1,sj01_local_hum_avg_pct__fall,sj01_local_hum_avg_pct__fall,sj01_local_hum_avg_pct__fall,3.814697265625e-05,3.814697265625e-05
injected,sj01_local_hum_avg_pct__fall,1.5,30.0,84,21,171,True,True,True,False,False,1,sj01_local_hum_avg_pct__fall,sj01_local_hum_avg_pct__fall,sj01_local_hum_avg_pct__fall,2.002716064453125e-05,2.002716064453125e-05
injected,sj01_local_hum_avg_pct__fall,1.5,30.0,85,18,167,True,True,True,False,False,1,sj01_local_hum_avg_pct__fall,sj01_local_hum_avg_pct__fall,sj01_local_hum_avg_pct__fall,0.0006561279296875,0.0006561279296875
injected,sj01_local_hum_avg_pct__fall,1.5,30.0,86,22,170,True,True,True,False,False,1,sj01_local_hum_avg_pct__fall,sj01_local_hum_avg_pct__fall,sj01_local_hum_avg_pct__fall,6.0558319091796875e-05,6.0558319091796875e-05
injected,sj01_local_hum_avg_pct__fall,1.5,30.0,87,23,171,True,True,True,False,False,1,sj01_local_hum_avg_pct__fall,sj01_local_hum_avg_pct__fall,sj01_local_hum_avg_pct__fall,1.9073486328125e-06,1.9073486328125e-06
injected,sj01_local_hum_avg_pct__fall,1.5,30.0,88,18,168,True,True,True,False,False,1,sj01_local_hum_avg_pct__fall,sj01_local_hum_avg_pct__fall,sj01_local_hum_avg_pct__fall,0.002171754837036133,0.002171754837036133
injected,sj01_local_hum_avg_pct__fall,1.5,30.0,89,18,171,True,True,True,False,False,1,sj01_local_hum_avg_pct__fall,sj01_local_hum_avg_pct__fall,sj01_local_hum_avg_pct__fall,3.814697265625e-06,3.814697265625e-06
injected,sj01_local_hum_avg_pct__fall,1.5,30.0,90,19,168,True,True,True,False,False,1,sj01_local_hum_avg_pct__fall,sj01_local_hum_avg_pct__fall,sj01_local_hum_avg_pct__fall,0.00020122528076171875,0.00020122528076171875
injected,sj01_local_hum_avg_pct__fall,1.5,30.0,91,19,168,True,True,True,False,False,1,sj01_local_hum_avg_pct__fall,sj01_local_hum_avg_pct__fall,sj01_local_hum_avg_pct__fall,0.0001373291015625,0.0001373291015625
injected,sj01_local_hum_avg_pct__fall,1.5,30.0,92,14,163,True,True,True,False,False,1,sj01_local_hum_avg_pct__fall,sj01_local_hum_avg_pct__fall,sj01_local_hum_avg_pct__fall,0.003692626953125,0.003692626953125
injected,sj01_local_hum_avg_pct__fall,1.5,30.0,93,21,170,True,True,True,False,False,1,sj01_local_hum_avg_pct__fall,sj01_local_hum_avg_pct__fall,sj01_local_hum_avg_pct__fall,3.814697265625e-05,3.814697265625e-05
injected,sj01_local_hum_avg_pct__fall,1.5,30.0,94,23,171,True,True,True,False,False,1,sj01_local_hum_avg_pct__fall,sj01_local_hum_avg_pct__fall,sj01_local_hum_avg_pct__fall,1.049041748046875e-05,1.049041748046875e-05
injected,sj01_local_hum_avg_pct__fall,1.5,30.0,95,17,166,True,True,True,False,False,1,sj01_local_hum_avg_pct__fall,sj01_local_hum_avg_pct__fall,sj01_local_hum_avg_pct__fall,0.00048828125,0.00048828125
injected,sj01_local_hum_avg_pct__fall,1.5,30.0,96,16,167,True,True,True,False,False,1,sj01_local_hum_avg_pct__fall,sj01_local_hum_avg_pct__fall,sj01_local_hum_avg_pct__fall,7.2479248046875e-05,7.2479248046875e-05
injected,sj01_local_hum_avg_pct__fall,1.5,30.0,97,21,171,True,True,True,False,False,1,sj01_local_hum_avg_pct__fall,sj01_local_hum_avg_pct__fall,sj01_local_hum_avg_pct__fall,3.814697265625e-05,3.814697265625e-05
injected,sj01_local_hum_avg_pct__fall,1.5,30.0,98,20,170,True,True,True,False,False,1,sj01_local_hum_avg_pct__fall,sj01_local_hum_avg_pct__fall,sj01_local_hum_avg_pct__fall,0.000244140625,0.000244140625
injected,sj01_local_hum_avg_pct__fall,1.5,30.0,99,21,169,True,True,True,False,False,1,sj01_local_hum_avg_pct__fall,sj01_local_hum_avg_pct__fall,sj01_local_hum_avg_pct__fall,1.52587890625e-05,1.52587890625e-05
injected,sj01_local_hum_avg_pct__fall,1.5,60.0,0,24,172,True,True,True,False,False,1,sj01_local_hum_avg_pct__fall,sj01_local_hum_avg_pct__fall,sj01_local_hum_avg_pct__fall,0.003692626953125,0.003692626953125
injected,sj01_local_hum_avg_pct__fall,1.5,60.0,1,22,170,False,False,True,False,False,0,,sj01_local_hum_avg_pct__fall,sj01_local_hum_avg_pct__fall,0.0064697265625,0.0064697265625
injected,sj01_local_hum_avg_pct__fall,1.5,60.0,2,18,168,False,False,False,True,False,0,,,cu01_local_temp_avg_c__rise;sj01_local_temp_avg_c__fall,0.13158798217773438,0.03271484375
injected,sj01_local_hum_avg_pct__fall,1.5,60.0,3,18,170,False,False,True,False,False,0,,sj01_local_hum_avg_pct__fall,sj01_local_hum_avg_pct__fall,0.0106353759765625,0.0106353759765625
injected,sj01_local_hum_avg_pct__fall,1.5,60.0,4,18,171,True,True,True,False,False,1,sj01_local_hum_avg_pct__fall,sj01_local_hum_avg_pct__fall,sj01_local_hum_avg_pct__fall,0.00390625,0.00390625
injected,sj01_local_hum_avg_pct__fall,1.5,60.0,5,19,167,False,False,False,False,False,0,,cu01_local_temp_avg_c__rise,cu01_local_temp_avg_c__rise,0.05923461914062499,0.046142578125
injected,sj01_local_hum_avg_pct__fall,1.5,60.0,6,16,171,False,False,True,False,False,0,,sj01_local_hum_avg_pct__fall,sj01_local_hum_avg_pct__fall,0.0317840576171875,0.0317840576171875
injected,sj01_local_hum_avg_pct__fall,1.5,60.0,7,17,164,False,False,False,False,False,0,,cu01_local_temp_avg_c__rise,cu01_local_temp_avg_c__rise,0.08978271484375,0.046142578125
injected,sj01_local_hum_avg_pct__fall,1.5,60.0,8,17,170,False,False,True,False,False,0,,sj01_local_hum_avg_pct__fall,sj01_local_hum_avg_pct__fall,0.0245208740234375,0.0245208740234375
injected,sj01_local_hum_avg_pct__fall,1.5,60.0,9,22,170,False,False,True,False,False,0,,sj01_local_hum_avg_pct__fall,sj01_local_hum_avg_pct__fall,0.0245208740234375,0.0245208740234375
injected,sj01_local_hum_avg_pct__fall,1.5,60.0,10,19,170,False,False,True,False,False,0,,sj01_local_hum_avg_pct__fall,sj01_local_hum_avg_pct__fall,0.01544189453125,0.01544189453125
injected,sj01_local_hum_avg_pct__fall,1.5,60.0,11,22,172,True,True,True,False,False,1,sj01_local_hum_avg_pct__fall,sj01_local_hum_avg_pct__fall,sj01_local_hum_avg_pct__fall,0.003692626953125,0.003692626953125
injected,sj01_local_hum_avg_pct__fall,1.5,60.0,12,19,169,False,False,True,False,False,0,,sj01_local_hum_avg_pct__fall,sj01_local_hum_avg_pct__fall,0.017578125,0.017578125
injected,sj01_local_hum_avg_pct__fall,1.5,60.0,13,17,165,False,False,False,True,False,0,,,cu01_local_temp_avg_c__rise;sj01_local_temp_avg_c__fall,0.08978271484375,0.072998046875
injected,sj01_local_hum_avg_pct__fall,1.5,60.0,14,19,167,False,False,True,False,False,0,,sj01_local_hum_avg_pct__fall,sj01_local_hum_avg_pct__fall,0.0286865234375,0.0286865234375
injected,sj01_local_hum_avg_pct__fall,1.5,60.0,15,21,170,False,False,True,False,False,0,,sj01_local_hum_avg_pct__fall,sj01_local_hum_avg_pct__fall,0.0106353759765625,0.0106353759765625
injected,sj01_local_hum_avg_pct__fall,1.5,60.0,16,16,168,False,False,True,False,False,0,,sj01_local_hum_avg_pct__fall,sj01_local_hum_avg_pct__fall,0.048126220703125,0.048126220703125
injected,sj01_local_hum_avg_pct__fall,1.5,60.0,17,15,168,False,False,True,False,False,0,,sj01_local_hum_avg_pct__fall,sj01_local_hum_avg_pct__fall,0.0717315673828125,0.0717315673828125
injected,sj01_local_hum_avg_pct__fall,1.5,60.0,18,17,169,True,True,True,False,False,1,sj01_local_hum_avg_pct__fall,sj01_local_hum_avg_pct__fall,sj01_local_hum_avg_pct__fall,0.003692626953125,0.003692626953125
injected,sj01_local_hum_avg_pct__fall,1.5,60.0,19,20,171,False,False,True,False,False,0,,sj01_local_hum_avg_pct__fall,sj01_local_hum_avg_pct__fall,0.0106353759765625,0.0106353759765625
injected,sj01_local_hum_avg_pct__fall,1.5,60.0,20,15,166,False,False,False,False,False,0,,sj01_local_temp_avg_c__fall,sj01_local_temp_avg_c__fall,0.0717315673828125,0.03271484375
injected,sj01_local_hum_avg_pct__fall,1.5,60.0,21,18,168,False,False,False,False,False,0,,sj01_local_temp_avg_c__fall,sj01_local_temp_avg_c__fall,0.05923461914062499,0.03271484375
injected,sj01_local_hum_avg_pct__fall,1.5,60.0,22,22,172,False,False,True,False,False,0,,sj01_local_hum_avg_pct__fall,sj01_local_hum_avg_pct__fall,0.017578125,0.017578125
injected,sj01_local_hum_avg_pct__fall,1.5,60.0,23,21,172,False,False,True,False,False,0,,sj01_local_hum_avg_pct__fall,sj01_local_hum_avg_pct__fall,0.01544189453125,0.01544189453125
injected,sj01_local_hum_avg_pct__fall,1.5,60.0,24,23,172,True,True,True,False,False,1,sj01_local_hum_avg_pct__fall,sj01_local_hum_avg_pct__fall,sj01_local_hum_avg_pct__fall,0.003692626953125,0.003692626953125
injected,sj01_local_hum_avg_pct__fall,1.5,60.0,25,23,173,True,True,True,False,False,1,sj01_local_hum_avg_pct__fall,sj01_local_hum_avg_pct__fall,sj01_local_hum_avg_pct__fall,0.00091552734375,0.00091552734375
injected,sj01_local_hum_avg_pct__fall,1.5,60.0,26,14,166,False,False,True,False,False,0,,sj01_local_hum_avg_pct__fall,sj01_local_hum_avg_pct__fall,0.05923461914062499,0.05923461914062499
injected,sj01_local_hum_avg_pct__fall,1.5,60.0,27,19,171,False,False,True,False,False,0,,sj01_local_hum_avg_pct__fall,sj01_local_hum_avg_pct__fall,0.0317840576171875,0.0317840576171875
injected,sj01_local_hum_avg_pct__fall,1.5,60.0,28,20,169,False,False,True,False,False,0,,sj01_local_hum_avg_pct__fall,sj01_local_hum_avg_pct__fall,0.01544189453125,0.01544189453125
injected,sj01_local_hum_avg_pct__fall,1.5,60.0,29,16,170,False,False,False,False,False,0,,cu01_local_temp_avg_c__rise,cu01_local_temp_avg_c__rise,0.05923461914062499,0.019287109375
injected,sj01_local_hum_avg_pct__fall,1.5,60.0,30,18,169,False,False,False,False,False,0,,cu01_local_temp_avg_c__rise,cu01_local_temp_avg_c__rise,0.0384063720703125,0.019287109375
injected,sj01_local_hum_avg_pct__fall,1.5,60.0,31,24,172,True,True,True,False,False,1,sj01_local_hum_avg_pct__fall,sj01_local_hum_avg_pct__fall,sj01_local_hum_avg_pct__fall,0.00091552734375,0.00091552734375
injected,sj01_local_hum_avg_pct__fall,1.5,60.0,32,20,169,False,False,True,False,False,0,,sj01_local_hum_avg_pct__fall,sj01_local_hum_avg_pct__fall,0.01544189453125,0.01544189453125
injected,sj01_local_hum_avg_pct__fall,1.5,60.0,33,21,169,False,False,True,False,False,0,,sj01_local_hum_avg_pct__fall,sj01_local_hum_avg_pct__fall,0.05923461914062499,0.05923461914062499
injected,sj01_local_hum_avg_pct__fall,1.5,60.0,34,19,168,False,False,True,False,False,0,,sj01_local_hum_avg_pct__fall,sj01_local_hum_avg_pct__fall,0.01123046875,0.01123046875
injected,sj01_local_hum_avg_pct__fall,1.5,60.0,35,22,171,True,True,True,False,False,1,sj01_local_hum_avg_pct__fall,sj01_local_hum_avg_pct__fall,sj01_local_hum_avg_pct__fall,0.00091552734375,0.00091552734375
injected,sj01_local_hum_avg_pct__fall,1.5,60.0,36,19,171,False,False,False,False,False,0,,cu01_local_temp_avg_c__rise,cu01_local_temp_avg_c__rise,0.01953125,0.01123046875
injected,sj01_local_hum_avg_pct__fall,1.5,60.0,37,18,167,False,False,True,False,False,0,,sj01_local_hum_avg_pct__fall,sj01_local_hum_avg_pct__fall,0.017578125,0.017578125
injected,sj01_local_hum_avg_pct__fall,1.5,60.0,38,22,171,True,True,True,False,False,1,sj01_local_hum_avg_pct__fall,sj01_local_hum_avg_pct__fall,sj01_local_hum_avg_pct__fall,0.00091552734375,0.00091552734375
injected,sj01_local_hum_avg_pct__fall,1.5,60.0,39,24,172,True,True,True,False,False,1,sj01_local_hum_avg_pct__fall,sj01_local_hum_avg_pct__fall,sj01_local_hum_avg_pct__fall,0.003173828125,0.003173828125
injected,sj01_local_hum_avg_pct__fall,1.5,60.0,40,23,172,True,True,True,False,False,1,sj01_local_hum_avg_pct__fall,sj01_local_hum_avg_pct__fall,sj01_local_hum_avg_pct__fall,0.00091552734375,0.00091552734375
injected,sj01_local_hum_avg_pct__fall,1.5,60.0,41,18,167,False,False,True,False,False,0,,sj01_local_hum_avg_pct__fall,sj01_local_hum_avg_pct__fall,0.05923461914062499,0.05923461914062499
injected,sj01_local_hum_avg_pct__fall,1.5,60.0,42,20,171,True,True,True,False,False,1,sj01_local_hum_avg_pct__fall,sj01_local_hum_avg_pct__fall,sj01_local_hum_avg_pct__fall,0.003692626953125,0.003692626953125
injected,sj01_local_hum_avg_pct__fall,1.5,60.0,43,18,167,False,False,False,False,False,0,,cu01_local_temp_avg_c__rise,cu01_local_temp_avg_c__rise,0.1661529541015625,0.046142578125
injected,sj01_local_hum_avg_pct__fall,1.5,60.0,44,23,172,True,True,True,False,False,1,sj01_local_hum_avg_pct__fall,sj01_local_hum_avg_pct__fall,sj01_local_hum_avg_pct__fall,0.003692626953125,0.003692626953125
injected,sj01_local_hum_avg_pct__fall,1.5,60.0,45,22,169,False,False,True,False,False,0,,sj01_local_hum_avg_pct__fall,sj01_local_hum_avg_pct__fall,0.0245208740234375,0.0245208740234375
injected,sj01_local_hum_avg_pct__fall,1.5,60.0,46,23,172,True,True,True,False,False,1,sj01_local_hum_avg_pct__fall,sj01_local_hum_avg_pct__fall,sj01_local_hum_avg_pct__fall,0.001708984375,0.001708984375
injected,sj01_local_hum_avg_pct__fall,1.5,60.0,47,19,168,False,False,True,False,False,0,,sj01_local_hum_avg_pct__fall,sj01_local_hum_avg_pct__fall,0.0717315673828125,0.0717315673828125
injected,sj01_local_hum_avg_pct__fall,1.5,60.0,48,20,169,False,False,True,False,False,0,,sj01_local_hum_avg_pct__fall,sj01_local_hum_avg_pct__fall,0.017578125,0.017578125
injected,sj01_local_hum_avg_pct__fall,1.5,60.0,49,17,168,False,False,True,False,False,0,,sj01_local_hum_avg_pct__fall,sj01_local_hum_avg_pct__fall,0.0245208740234375,0.0245208740234375
injected,sj01_local_hum_avg_pct__fall,1.5,60.0,50,22,168,False,False,True,False,False,0,,sj01_local_hum_avg_pct__fall,sj01_local_hum_avg_pct__fall,0.01123046875,0.01123046875
injected,sj01_local_hum_avg_pct__fall,1.5,60.0,51,19,167,False,False,True,False,False,0,,sj01_local_hum_avg_pct__fall,sj01_local_hum_avg_pct__fall,0.0384063720703125,0.0384063720703125
injected,sj01_local_hum_avg_pct__fall,1.5,60.0,52,19,170,False,False,True,False,False,0,,sj01_local_hum_avg_pct__fall,sj01_local_hum_avg_pct__fall,0.048126220703125,0.048126220703125
injected,sj01_local_hum_avg_pct__fall,1.5,60.0,53,20,168,False,False,True,False,False,0,,sj01_local_hum_avg_pct__fall,sj01_local_hum_avg_pct__fall,0.0064697265625,0.0064697265625
injected,sj01_local_hum_avg_pct__fall,1.5,60.0,54,16,168,False,False,True,False,False,0,,sj01_local_hum_avg_pct__fall,sj01_local_hum_avg_pct__fall,0.0286865234375,0.0286865234375
injected,sj01_local_hum_avg_pct__fall,1.5,60.0,55,17,166,False,False,False,False,False,0,,cu01_local_temp_avg_c__rise,cu01_local_temp_avg_c__rise,0.05923461914062499,0.019287109375
injected,sj01_local_hum_avg_pct__fall,1.5,60.0,56,16,165,False,False,False,False,False,0,,sj01_local_temp_avg_c__fall,sj01_local_temp_avg_c__fall,0.08978271484375,0.072998046875
injected,sj01_local_hum_avg_pct__fall,1.5,60.0,57,19,168,False,False,True,False,False,0,,sj01_local_hum_avg_pct__fall,sj01_local_hum_avg_pct__fall,0.0317840576171875,0.0317840576171875
injected,sj01_local_hum_avg_pct__fall,1.5,60.0,58,20,168,False,False,False,False,False,0,,cu01_local_temp_avg_c__rise,cu01_local_temp_avg_c__rise,0.0717315673828125,0.01123046875
injected,sj01_local_hum_avg_pct__fall,1.5,60.0,59,18,167,False,False,True,False,False,0,,sj01_local_hum_avg_pct__fall,sj01_local_hum_avg_pct__fall,0.0286865234375,0.0286865234375
injected,sj01_local_hum_avg_pct__fall,1.5,60.0,60,24,174,True,True,True,False,False,1,sj01_local_hum_avg_pct__fall,sj01_local_hum_avg_pct__fall,sj01_local_hum_avg_pct__fall,0.00048828125,0.00048828125
injected,sj01_local_hum_avg_pct__fall,1.5,60.0,61,17,167,False,False,False,False,False,0,,cu01_local_temp_avg_c__rise,cu01_local_temp_avg_c__rise,0.0384063720703125,0.019287109375
injected,sj01_local_hum_avg_pct__fall,1.5,60.0,62,21,172,False,False,True,False,False,0,,sj01_local_hum_avg_pct__fall,sj01_local_hum_avg_pct__fall,0.0064697265625,0.0064697265625
injected,sj01_local_hum_avg_pct__fall,1.5,60.0,63,21,172,True,True,True,False,False,1,sj01_local_hum_avg_pct__fall,sj01_local_hum_avg_pct__fall,sj01_local_hum_avg_pct__fall,0.00091552734375,0.00091552734375
injected,sj01_local_hum_avg_pct__fall,1.5,60.0,64,20,172,True,True,True,False,False,1,sj01_local_hum_avg_pct__fall,sj01_local_hum_avg_pct__fall,sj01_local_hum_avg_pct__fall,0.003692626953125,0.003692626953125
injected,sj01_local_hum_avg_pct__fall,1.5,60.0,65,20,169,False,False,True,False,False,0,,sj01_local_hum_avg_pct__fall,sj01_local_hum_avg_pct__fall,0.0063629150390625,0.0063629150390625
injected,sj01_local_hum_avg_pct__fall,1.5,60.0,66,19,169,False,False,False,False,False,0,,sj01_local_temp_avg_c__fall,sj01_local_temp_avg_c__fall,0.1050567626953125,0.0717315673828125
injected,sj01_local_hum_avg_pct__fall,1.5,60.0,67,17,168,False,False,True,False,False,0,,sj01_local_hum_avg_pct__fall,sj01_local_hum_avg_pct__fall,0.017578125,0.017578125
injected,sj01_local_hum_avg_pct__fall,1.5,60.0,68,22,169,False,False,True,False,False,0,,sj01_local_hum_avg_pct__fall,sj01_local_hum_avg_pct__fall,0.017578125,0.017578125
injected,sj01_local_hum_avg_pct__fall,1.5,60.0,69,17,166,False,False,False,False,False,0,,sj01_local_temp_avg_c__fall,sj01_local_temp_avg_c__fall,0.05923461914062499,0.03271484375
injected,sj01_local_hum_avg_pct__fall,1.5,60.0,70,19,168,False,False,True,False,False,0,,sj01_local_hum_avg_pct__fall,sj01_local_hum_avg_pct__fall,0.01544189453125,0.01544189453125
injected,sj01_local_hum_avg_pct__fall,1.5,60.0,71,19,168,False,False,True,False,False,0,,sj01_local_hum_avg_pct__fall,sj01_local_hum_avg_pct__fall,0.0286865234375,0.0286865234375
injected,sj01_local_hum_avg_pct__fall,1.5,60.0,72,22,170,False,False,True,False,False,0,,sj01_local_hum_avg_pct__fall,sj01_local_hum_avg_pct__fall,0.0064697265625,0.0064697265625
injected,sj01_local_hum_avg_pct__fall,1.5,60.0,73,20,170,False,False,True,False,False,0,,sj01_local_hum_avg_pct__fall,sj01_local_hum_avg_pct__fall,0.017578125,0.017578125
injected,sj01_local_hum_avg_pct__fall,1.5,60.0,74,17,167,False,False,False,False,False,0,,sj01_local_temp_avg_c__fall,sj01_local_temp_avg_c__fall,0.08353424072265625,0.072998046875
injected,sj01_local_hum_avg_pct__fall,1.5,60.0,75,26,173,False,False,True,False,False,0,,sj01_local_hum_avg_pct__fall,sj01_local_hum_avg_pct__fall,0.0063629150390625,0.0063629150390625
injected,sj01_local_hum_avg_pct__fall,1.5,60.0,76,16,167,False,False,True,False,False,0,,sj01_local_hum_avg_pct__fall,sj01_local_hum_avg_pct__fall,0.03271484375,0.03271484375
injected,sj01_local_hum_avg_pct__fall,1.5,60.0,77,17,167,False,False,False,False,False,0,,cu01_local_temp_avg_c__rise,cu01_local_temp_avg_c__rise,0.019287109375,0.01123046875
injected,sj01_local_hum_avg_pct__fall,1.5,60.0,78,20,169,False,False,True,False,False,0,,sj01_local_hum_avg_pct__fall,sj01_local_hum_avg_pct__fall,0.019287109375,0.019287109375
injected,sj01_local_hum_avg_pct__fall,1.5,60.0,79,16,166,False,False,False,False,False,0,,sj01_local_temp_avg_c__fall,sj01_local_temp_avg_c__fall,0.1050567626953125,0.072998046875
injected,sj01_local_hum_avg_pct__fall,1.5,60.0,80,21,169,False,False,True,False,False,0,,sj01_local_hum_avg_pct__fall,sj01_local_hum_avg_pct__fall,0.0064697265625,0.0064697265625
injected,sj01_local_hum_avg_pct__fall,1.5,60.0,81,21,171,False,False,True,False,False,0,,sj01_local_hum_avg_pct__fall,sj01_local_hum_avg_pct__fall,0.0064697265625,0.0064697265625
injected,sj01_local_hum_avg_pct__fall,1.5,60.0,82,18,170,False,False,False,False,False,0,,cu01_local_temp_avg_c__rise,cu01_local_temp_avg_c__rise,0.0717315673828125,0.019287109375
injected,sj01_local_hum_avg_pct__fall,1.5,60.0,83,21,173,True,True,True,False,False,1,sj01_local_hum_avg_pct__fall,sj01_local_hum_avg_pct__fall,sj01_local_hum_avg_pct__fall,0.00091552734375,0.00091552734375
injected,sj01_local_hum_avg_pct__fall,1.5,60.0,84,21,170,False,False,True,False,False,0,,sj01_local_hum_avg_pct__fall,sj01_local_hum_avg_pct__fall,0.0063629150390625,0.0063629150390625
injected,sj01_local_hum_avg_pct__fall,1.5,60.0,85,18,171,False,False,True,False,False,0,,sj01_local_hum_avg_pct__fall,sj01_local_hum_avg_pct__fall,0.048126220703125,0.048126220703125
injected,sj01_local_hum_avg_pct__fall,1.5,60.0,86,22,173,True,True,True,False,False,1,sj01_local_hum_avg_pct__fall,sj01_local_hum_avg_pct__fall,sj01_local_hum_avg_pct__fall,0.00091552734375,0.00091552734375
injected,sj01_local_hum_avg_pct__fall,1.5,60.0,87,23,169,True,True,True,False,False,1,sj01_local_hum_avg_pct__fall,sj01_local_hum_avg_pct__fall,sj01_local_hum_avg_pct__fall,0.003692626953125,0.003692626953125
injected,sj01_local_hum_avg_pct__fall,1.5,60.0,88,18,171,False,False,False,False,False,0,,cu01_local_temp_avg_c__rise,cu01_local_temp_avg_c__rise,0.0384063720703125,0.019287109375
injected,sj01_local_hum_avg_pct__fall,1.5,60.0,89,18,167,False,False,True,False,False,0,,sj01_local_hum_avg_pct__fall,sj01_local_hum_avg_pct__fall,0.0106353759765625,0.0106353759765625
injected,sj01_local_hum_avg_pct__fall,1.5,60.0,90,19,170,False,False,False,True,False,0,,,cu01_local_temp_avg_c__rise;sj01_local_hum_avg_pct__fall,0.01123046875,0.01123046875
injected,sj01_local_hum_avg_pct__fall,1.5,60.0,91,19,172,False,False,True,False,False,0,,sj01_local_hum_avg_pct__fall,sj01_local_hum_avg_pct__fall,0.0106353759765625,0.0106353759765625
injected,sj01_local_hum_avg_pct__fall,1.5,60.0,92,14,165,False,False,False,False,False,0,,cu01_local_temp_avg_c__rise,cu01_local_temp_avg_c__rise,0.1334228515625,0.019287109375
injected,sj01_local_hum_avg_pct__fall,1.5,60.0,93,21,170,False,False,True,False,False,0,,sj01_local_hum_avg_pct__fall,sj01_local_hum_avg_pct__fall,0.0064697265625,0.0064697265625
injected,sj01_local_hum_avg_pct__fall,1.5,60.0,94,23,171,False,False,True,False,False,0,,sj01_local_hum_avg_pct__fall,sj01_local_hum_avg_pct__fall,0.0063629150390625,0.0063629150390625
injected,sj01_local_hum_avg_pct__fall,1.5,60.0,95,17,168,False,False,True,False,False,0,,sj01_local_hum_avg_pct__fall,sj01_local_hum_avg_pct__fall,0.0384063720703125,0.0384063720703125
injected,sj01_local_hum_avg_pct__fall,1.5,60.0,96,16,167,False,False,False,False,False,0,,cu01_local_temp_avg_c__rise,cu01_local_temp_avg_c__rise,0.017578125,0.01123046875
injected,sj01_local_hum_avg_pct__fall,1.5,60.0,97,21,172,False,False,True,False,False,0,,sj01_local_hum_avg_pct__fall,sj01_local_hum_avg_pct__fall,0.0063629150390625,0.0063629150390625
injected,sj01_local_hum_avg_pct__fall,1.5,60.0,98,20,170,False,False,True,False,False,0,,sj01_local_hum_avg_pct__fall,sj01_local_hum_avg_pct__fall,0.0106353759765625,0.0106353759765625
injected,sj01_local_hum_avg_pct__fall,1.5,60.0,99,21,170,False,False,True,False,False,0,,sj01_local_hum_avg_pct__fall,sj01_local_hum_avg_pct__fall,0.0064697265625,0.0064697265625
injected,sj01_local_press_hpa__rise,0.5,15.0,0,24,164,False,False,False,False,False,0,,cu01_local_temp_avg_c__rise,cu01_local_temp_avg_c__rise,0.08984375,0.01123046875
injected,sj01_local_press_hpa__rise,0.5,15.0,1,22,164,False,False,False,False,False,0,,cu01_local_temp_avg_c__rise,cu01_local_temp_avg_c__rise,0.08984375,0.01123046875
injected,sj01_local_press_hpa__rise,0.5,15.0,2,18,163,False,False,False,False,False,0,,cu01_local_temp_avg_c__rise,cu01_local_temp_avg_c__rise,0.171875,0.01123046875
injected,sj01_local_press_hpa__rise,0.5,15.0,3,18,166,False,False,False,False,False,0,,cu01_local_temp_avg_c__rise,cu01_local_temp_avg_c__rise,0.0546875,0.019287109375
injected,sj01_local_press_hpa__rise,0.5,15.0,4,18,162,False,False,False,False,False,0,,cu01_local_temp_avg_c__rise,cu01_local_temp_avg_c__rise,0.2744140625,0.01123046875
injected,sj01_local_press_hpa__rise,0.5,15.0,5,19,167,False,False,False,False,False,0,,cu01_local_temp_avg_c__rise,cu01_local_temp_avg_c__rise,0.046142578125,0.01123046875
injected,sj01_local_press_hpa__rise,0.5,15.0,6,16,164,False,False,False,False,False,0,,cu01_local_temp_avg_c__rise,cu01_local_temp_avg_c__rise,0.1334228515625,0.01123046875
injected,sj01_local_press_hpa__rise,0.5,15.0,7,17,166,False,False,False,False,False,0,,cu01_local_temp_avg_c__rise,cu01_local_temp_avg_c__rise,0.0546875,0.01123046875
injected,sj01_local_press_hpa__rise,0.5,15.0,8,17,160,False,False,False,False,False,0,,cu01_local_temp_avg_c__rise,cu01_local_temp_avg_c__rise,0.5,0.019287109375
injected,sj01_local_press_hpa__rise,0.5,15.0,9,22,166,False,False,False,False,False,0,,cu01_local_temp_avg_c__rise,cu01_local_temp_avg_c__rise,0.03271484375,0.01123046875
injected,sj01_local_press_hpa__rise,0.5,15.0,10,19,163,False,False,False,False,False,0,,cu01_local_temp_avg_c__rise,cu01_local_temp_avg_c__rise,0.171875,0.019287109375
injected,sj01_local_press_hpa__rise,0.5,15.0,11,22,165,False,False,False,False,False,0,,cu01_local_temp_avg_c__rise,cu01_local_temp_avg_c__rise,0.0546875,0.01123046875
injected,sj01_local_press_hpa__rise,0.5,15.0,12,19,165,False,False,False,False,False,0,,cu01_local_temp_avg_c__rise,cu01_local_temp_avg_c__rise,0.072998046875,0.019287109375
injected,sj01_local_press_hpa__rise,0.5,15.0,13,17,166,False,False,False,False,False,0,,cu01_local_temp_avg_c__rise,cu01_local_temp_avg_c__rise,0.0546875,0.019287109375
injected,sj01_local_press_hpa__rise,0.5,15.0,14,19,166,False,False,False,False,False,0,,cu01_local_temp_avg_c__rise,cu01_local_temp_avg_c__rise,0.0546875,0.019287109375
injected,sj01_local_press_hpa__rise,0.5,15.0,15,21,163,False,False,False,False,False,0,,cu01_local_temp_avg_c__rise,cu01_local_temp_avg_c__rise,0.171875,0.019287109375
injected,sj01_local_press_hpa__rise,0.5,15.0,16,16,165,False,False,False,False,False,0,,cu01_local_temp_avg_c__rise,cu01_local_temp_avg_c__rise,0.11328125,0.01123046875
injected,sj01_local_press_hpa__rise,0.5,15.0,17,15,163,False,False,False,False,False,0,,cu01_local_temp_avg_c__rise,cu01_local_temp_avg_c__rise,0.14453125,0.019287109375
injected,sj01_local_press_hpa__rise,0.5,15.0,18,17,161,False,False,False,False,False,0,,cu01_local_temp_avg_c__rise,cu01_local_temp_avg_c__rise,0.38720703125,0.01123046875
injected,sj01_local_press_hpa__rise,0.5,15.0,19,20,164,False,False,False,False,False,0,,cu01_local_temp_avg_c__rise,cu01_local_temp_avg_c__rise,0.1334228515625,0.019287109375
injected,sj01_local_press_hpa__rise,0.5,15.0,20,15,165,False,False,False,False,False,0,,cu01_local_temp_avg_c__rise,cu01_local_temp_avg_c__rise,0.08978271484375,0.01123046875
injected,sj01_local_press_hpa__rise,0.5,15.0,21,18,165,False,False,False,False,False,0,,cu01_local_temp_avg_c__rise,cu01_local_temp_avg_c__rise,0.072998046875,0.01123046875
injected,sj01_local_press_hpa__rise,0.5,15.0,22,22,165,False,False,False,False,False,0,,cu01_local_temp_avg_c__rise,cu01_local_temp_avg_c__rise,0.0546875,0.01123046875
injected,sj01_local_press_hpa__rise,0.5,15.0,23,21,165,False,False,False,False,False,0,,cu01_local_temp_avg_c__rise,cu01_local_temp_avg_c__rise,0.072998046875,0.019287109375
injected,sj01_local_press_hpa__rise,0.5,15.0,24,23,165,False,False,False,False,False,0,,cu01_local_temp_avg_c__rise,cu01_local_temp_avg_c__rise,0.0546875,0.019287109375
injected,sj01_local_press_hpa__rise,0.5,15.0,25,23,167,False,False,False,True,False,0,,,cu01_local_temp_avg_c__rise;sj01_local_press_hpa__rise,0.019287109375,0.019287109375
injected,sj01_local_press_hpa__rise,0.5,15.0,26,14,164,False,False,False,False,False,0,,cu01_local_temp_avg_c__rise,cu01_local_temp_avg_c__rise,0.171875,0.019287109375
injected,sj01_local_press_hpa__rise,0.5,15.0,27,19,168,False,False,False,False,False,0,,cu01_local_temp_avg_c__rise,cu01_local_temp_avg_c__rise,0.019287109375,0.01123046875
injected,sj01_local_press_hpa__rise,0.5,15.0,28,20,165,False,False,False,False,False,0,,cu01_local_temp_avg_c__rise,cu01_local_temp_avg_c__rise,0.11328125,0.019287109375
injected,sj01_local_press_hpa__rise,0.5,15.0,29,16,164,False,False,False,False,False,0,,cu01_local_temp_avg_c__rise,cu01_local_temp_avg_c__rise,0.109375,0.019287109375
injected,sj01_local_press_hpa__rise,0.5,15.0,30,18,164,False,False,False,False,False,0,,cu01_local_temp_avg_c__rise,cu01_local_temp_avg_c__rise,0.11328125,0.01123046875
injected,sj01_local_press_hpa__rise,0.5,15.0,31,24,166,False,False,False,False,False,0,,cu01_local_temp_avg_c__rise,cu01_local_temp_avg_c__rise,0.046142578125,0.01123046875
injected,sj01_local_press_hpa__rise,0.5,15.0,32,20,161,False,False,False,False,False,0,,cu01_local_temp_avg_c__rise,cu01_local_temp_avg_c__rise,0.376953125,0.019287109375
injected,sj01_local_press_hpa__rise,0.5,15.0,33,21,167,False,False,False,True,False,0,,,cu01_local_temp_avg_c__rise;sj01_local_press_hpa__rise,0.019287109375,0.019287109375
injected,sj01_local_press_hpa__rise,0.5,15.0,34,19,163,False,False,False,False,False,0,,cu01_local_temp_avg_c__rise,cu01_local_temp_avg_c__rise,0.19384765625,0.01123046875
injected,sj01_local_press_hpa__rise,0.5,15.0,35,22,165,False,False,False,False,False,0,,cu01_local_temp_avg_c__rise,cu01_local_temp_avg_c__rise,0.08978271484375,0.01123046875
injected,sj01_local_press_hpa__rise,0.5,15.0,36,19,164,False,False,False,False,False,0,,cu01_local_temp_avg_c__rise,cu01_local_temp_avg_c__rise,0.08984375,0.01123046875
injected,sj01_local_press_hpa__rise,0.5,15.0,37,18,163,False,False,False,False,False,0,,cu01_local_temp_avg_c__rise,cu01_local_temp_avg_c__rise,0.19384765625,0.01123046875
injected,sj01_local_press_hpa__rise,0.5,15.0,38,22,166,False,False,False,False,False,0,,cu01_local_temp_avg_c__rise,cu01_local_temp_avg_c__rise,0.072998046875,0.01123046875
injected,sj01_local_press_hpa__rise,0.5,15.0,39,24,167,False,False,False,False,False,0,,cu01_local_temp_avg_c__rise,cu01_local_temp_avg_c__rise,0.019287109375,0.01123046875
injected,sj01_local_press_hpa__rise,0.5,15.0,40,23,166,False,False,False,False,False,0,,cu01_local_temp_avg_c__rise,cu01_local_temp_avg_c__rise,0.03271484375,0.01123046875
injected,sj01_local_press_hpa__rise,0.5,15.0,41,18,166,False,False,False,False,False,0,,cu01_local_temp_avg_c__rise,cu01_local_temp_avg_c__rise,0.046142578125,0.01123046875
injected,sj01_local_press_hpa__rise,0.5,15.0,42,20,166,False,False,False,False,False,0,,cu01_local_temp_avg_c__rise,cu01_local_temp_avg_c__rise,0.03271484375,0.01123046875
injected,sj01_local_press_hpa__rise,0.5,15.0,43,18,164,False,False,False,False,False,0,,cu01_local_temp_avg_c__rise,cu01_local_temp_avg_c__rise,0.08984375,0.01123046875
injected,sj01_local_press_hpa__rise,0.5,15.0,44,23,166,False,False,False,False,False,0,,cu01_local_temp_avg_c__rise,cu01_local_temp_avg_c__rise,0.03271484375,0.019287109375
injected,sj01_local_press_hpa__rise,0.5,15.0,45,22,167,False,False,False,False,False,0,,cu01_local_temp_avg_c__rise,cu01_local_temp_avg_c__rise,0.046142578125,0.01123046875
injected,sj01_local_press_hpa__rise,0.5,15.0,46,23,165,False,False,False,False,False,0,,cu01_local_temp_avg_c__rise,cu01_local_temp_avg_c__rise,0.072998046875,0.01123046875
injected,sj01_local_press_hpa__rise,0.5,15.0,47,19,165,False,False,False,False,False,0,,cu01_local_temp_avg_c__rise,cu01_local_temp_avg_c__rise,0.08978271484375,0.019287109375
injected,sj01_local_press_hpa__rise,0.5,15.0,48,20,166,False,False,False,False,False,0,,cu01_local_temp_avg_c__rise,cu01_local_temp_avg_c__rise,0.046142578125,0.01123046875
injected,sj01_local_press_hpa__rise,0.5,15.0,49,17,168,False,False,False,False,False,0,,cu01_local_temp_avg_c__rise,cu01_local_temp_avg_c__rise,0.017578125,0.01123046875
injected,sj01_local_press_hpa__rise,0.5,15.0,50,22,166,False,False,False,False,False,0,,cu01_local_temp_avg_c__rise,cu01_local_temp_avg_c__rise,0.072998046875,0.01123046875
injected,sj01_local_press_hpa__rise,0.5,15.0,51,19,165,False,False,False,False,False,0,,cu01_local_temp_avg_c__rise,cu01_local_temp_avg_c__rise,0.11328125,0.01123046875
injected,sj01_local_press_hpa__rise,0.5,15.0,52,19,166,False,False,False,False,False,0,,cu01_local_temp_avg_c__rise,cu01_local_temp_avg_c__rise,0.03271484375,0.01123046875
injected,sj01_local_press_hpa__rise,0.5,15.0,53,20,166,False,False,False,False,False,0,,cu01_local_temp_avg_c__rise,cu01_local_temp_avg_c__rise,0.072998046875,0.01123046875
injected,sj01_local_press_hpa__rise,0.5,15.0,54,16,165,False,False,False,False,False,0,,cu01_local_temp_avg_c__rise,cu01_local_temp_avg_c__rise,0.11328125,0.01123046875
injected,sj01_local_press_hpa__rise,0.5,15.0,55,17,164,False,False,False,False,False,0,,cu01_local_temp_avg_c__rise,cu01_local_temp_avg_c__rise,0.08984375,0.01123046875
injected,sj01_local_press_hpa__rise,0.5,15.0,56,16,164,False,False,False,False,False,0,,cu01_local_temp_avg_c__rise,cu01_local_temp_avg_c__rise,0.08984375,0.019287109375
injected,sj01_local_press_hpa__rise,0.5,15.0,57,19,167,False,False,False,False,False,0,,cu01_local_temp_avg_c__rise,cu01_local_temp_avg_c__rise,0.03271484375,0.01123046875
injected,sj01_local_press_hpa__rise,0.5,15.0,58,20,165,False,False,False,False,False,0,,cu01_local_temp_avg_c__rise,cu01_local_temp_avg_c__rise,0.072998046875,0.01123046875
injected,sj01_local_press_hpa__rise,0.5,15.0,59,18,168,False,False,False,False,False,0,,cu01_local_temp_avg_c__rise,cu01_local_temp_avg_c__rise,0.017578125,0.01123046875
injected,sj01_local_press_hpa__rise,0.5,15.0,60,24,168,False,False,False,True,False,0,,,cu01_local_temp_avg_c__rise;sj01_local_press_hpa__rise,0.01123046875,0.01123046875
injected,sj01_local_press_hpa__rise,0.5,15.0,61,17,162,False,False,False,False,False,0,,cu01_local_temp_avg_c__rise,cu01_local_temp_avg_c__rise,0.376953125,0.01123046875
injected,sj01_local_press_hpa__rise,0.5,15.0,62,21,164,False,False,False,False,False,0,,cu01_local_temp_avg_c__rise,cu01_local_temp_avg_c__rise,0.11328125,0.019287109375
injected,sj01_local_press_hpa__rise,0.5,15.0,63,21,167,False,False,False,False,False,0,,cu01_local_temp_avg_c__rise,cu01_local_temp_avg_c__rise,0.03271484375,0.01123046875
injected,sj01_local_press_hpa__rise,0.5,15.0,64,20,164,False,False,False,False,False,0,,cu01_local_temp_avg_c__rise,cu01_local_temp_avg_c__rise,0.171875,0.019287109375
injected,sj01_local_press_hpa__rise,0.5,15.0,65,20,168,False,False,False,True,False,0,,,cu01_local_temp_avg_c__rise;sj01_local_press_hpa__rise,0.019287109375,0.019287109375
injected,sj01_local_press_hpa__rise,0.5,15.0,66,19,165,False,False,False,False,False,0,,cu01_local_temp_avg_c__rise,cu01_local_temp_avg_c__rise,0.072998046875,0.01123046875
injected,sj01_local_press_hpa__rise,0.5,15.0,67,17,164,False,False,False,False,False,0,,cu01_local_temp_avg_c__rise,cu01_local_temp_avg_c__rise,0.11328125,0.019287109375
injected,sj01_local_press_hpa__rise,0.5,15.0,68,22,166,False,False,False,False,False,0,,cu01_local_temp_avg_c__rise,cu01_local_temp_avg_c__rise,0.03271484375,0.01123046875
injected,sj01_local_press_hpa__rise,0.5,15.0,69,17,167,False,False,False,False,False,0,,cu01_local_temp_avg_c__rise,cu01_local_temp_avg_c__rise,0.0286865234375,0.01123046875
injected,sj01_local_press_hpa__rise,0.5,15.0,70,19,166,False,False,False,False,False,0,,cu01_local_temp_avg_c__rise,cu01_local_temp_avg_c__rise,0.0546875,0.01123046875
injected,sj01_local_press_hpa__rise,0.5,15.0,71,19,162,False,False,False,False,False,0,,cu01_local_temp_avg_c__rise,cu01_local_temp_avg_c__rise,0.25390625,0.019287109375
injected,sj01_local_press_hpa__rise,0.5,15.0,72,22,165,False,False,False,False,False,0,,cu01_local_temp_avg_c__rise,cu01_local_temp_avg_c__rise,0.0546875,0.01123046875
injected,sj01_local_press_hpa__rise,0.5,15.0,73,20,165,False,False,False,False,False,0,,cu01_local_temp_avg_c__rise,cu01_local_temp_avg_c__rise,0.0546875,0.019287109375
injected,sj01_local_press_hpa__rise,0.5,15.0,74,17,165,False,False,False,False,False,0,,cu01_local_temp_avg_c__rise,cu01_local_temp_avg_c__rise,0.072998046875,0.019287109375
injected,sj01_local_press_hpa__rise,0.5,15.0,75,26,167,False,False,False,False,False,0,,cu01_local_temp_avg_c__rise,cu01_local_temp_avg_c__rise,0.019287109375,0.01123046875
injected,sj01_local_press_hpa__rise,0.5,15.0,76,16,167,False,False,False,False,False,0,,cu01_local_temp_avg_c__rise,cu01_local_temp_avg_c__rise,0.03271484375,0.01123046875
injected,sj01_local_press_hpa__rise,0.5,15.0,77,17,164,False,False,False,False,False,0,,cu01_local_temp_avg_c__rise,cu01_local_temp_avg_c__rise,0.11328125,0.01123046875
injected,sj01_local_press_hpa__rise,0.5,15.0,78,20,166,False,False,False,False,False,0,,cu01_local_temp_avg_c__rise,cu01_local_temp_avg_c__rise,0.03271484375,0.01123046875
injected,sj01_local_press_hpa__rise,0.5,15.0,79,16,167,False,False,False,False,False,0,,cu01_local_temp_avg_c__rise,cu01_local_temp_avg_c__rise,0.019287109375,0.01123046875
injected,sj01_local_press_hpa__rise,0.5,15.0,80,21,166,False,False,False,False,False,0,,cu01_local_temp_avg_c__rise,cu01_local_temp_avg_c__rise,0.046142578125,0.01123046875
injected,sj01_local_press_hpa__rise,0.5,15.0,81,21,166,False,False,False,False,False,0,,cu01_local_temp_avg_c__rise,cu01_local_temp_avg_c__rise,0.0546875,0.01123046875
injected,sj01_local_press_hpa__rise,0.5,15.0,82,18,167,False,False,False,False,False,0,,cu01_local_temp_avg_c__rise,cu01_local_temp_avg_c__rise,0.019287109375,0.01123046875
injected,sj01_local_press_hpa__rise,0.5,15.0,83,21,166,False,False,False,False,False,0,,cu01_local_temp_avg_c__rise,cu01_local_temp_avg_c__rise,0.03271484375,0.019287109375
injected,sj01_local_press_hpa__rise,0.5,15.0,84,21,166,False,False,False,False,False,0,,cu01_local_temp_avg_c__rise,cu01_local_temp_avg_c__rise,0.046142578125,0.01123046875
injected,sj01_local_press_hpa__rise,0.5,15.0,85,18,165,False,False,False,False,False,0,,cu01_local_temp_avg_c__rise,cu01_local_temp_avg_c__rise,0.0546875,0.01123046875
injected,sj01_local_press_hpa__rise,0.5,15.0,86,22,166,False,False,False,False,False,0,,cu01_local_temp_avg_c__rise,cu01_local_temp_avg_c__rise,0.03271484375,0.01123046875
injected,sj01_local_press_hpa__rise,0.5,15.0,87,23,166,False,False,False,False,False,0,,cu01_local_temp_avg_c__rise,cu01_local_temp_avg_c__rise,0.072998046875,0.01123046875
injected,sj01_local_press_hpa__rise,0.5,15.0,88,18,164,False,False,False,False,False,0,,cu01_local_temp_avg_c__rise,cu01_local_temp_avg_c__rise,0.109375,0.01123046875
injected,sj01_local_press_hpa__rise,0.5,15.0,89,18,164,False,False,False,False,False,0,,cu01_local_temp_avg_c__rise,cu01_local_temp_avg_c__rise,0.11328125,0.019287109375
injected,sj01_local_press_hpa__rise,0.5,15.0,90,19,165,False,False,False,False,False,0,,cu01_local_temp_avg_c__rise,cu01_local_temp_avg_c__rise,0.072998046875,0.01123046875
injected,sj01_local_press_hpa__rise,0.5,15.0,91,19,165,False,False,False,False,False,0,,cu01_local_temp_avg_c__rise,cu01_local_temp_avg_c__rise,0.072998046875,0.01123046875
injected,sj01_local_press_hpa__rise,0.5,15.0,92,14,166,False,False,False,False,False,0,,cu01_local_temp_avg_c__rise,cu01_local_temp_avg_c__rise,0.072998046875,0.01123046875
injected,sj01_local_press_hpa__rise,0.5,15.0,93,21,166,False,False,False,False,False,0,,cu01_local_temp_avg_c__rise,cu01_local_temp_avg_c__rise,0.03271484375,0.019287109375
injected,sj01_local_press_hpa__rise,0.5,15.0,94,23,165,False,False,False,False,False,0,,cu01_local_temp_avg_c__rise,cu01_local_temp_avg_c__rise,0.08978271484375,0.019287109375
injected,sj01_local_press_hpa__rise,0.5,15.0,95,17,165,False,False,False,False,False,0,,cu01_local_temp_avg_c__rise,cu01_local_temp_avg_c__rise,0.072998046875,0.019287109375
injected,sj01_local_press_hpa__rise,0.5,15.0,96,16,161,False,False,False,False,False,0,,cu01_local_temp_avg_c__rise,cu01_local_temp_avg_c__rise,0.376953125,0.019287109375
injected,sj01_local_press_hpa__rise,0.5,15.0,97,21,166,False,False,False,False,False,0,,cu01_local_temp_avg_c__rise,cu01_local_temp_avg_c__rise,0.046142578125,0.019287109375
injected,sj01_local_press_hpa__rise,0.5,15.0,98,20,166,False,False,False,False,False,0,,cu01_local_temp_avg_c__rise,cu01_local_temp_avg_c__rise,0.0546875,0.01123046875
injected,sj01_local_press_hpa__rise,0.5,15.0,99,21,166,False,False,False,False,False,0,,cu01_local_temp_avg_c__rise,cu01_local_temp_avg_c__rise,0.0546875,0.019287109375
injected,sj01_local_press_hpa__rise,0.5,30.0,0,24,166,False,False,False,True,False,0,,,cu01_local_temp_avg_c__rise;sj01_local_temp_avg_c__fall,0.0546875,0.019287109375
injected,sj01_local_press_hpa__rise,0.5,30.0,1,22,164,False,False,False,True,False,0,,,cu01_local_temp_avg_c__rise;sj01_local_temp_avg_c__fall,0.14453125,0.019287109375
injected,sj01_local_press_hpa__rise,0.5,30.0,2,18,164,False,False,False,False,False,0,,cu01_local_temp_avg_c__rise,cu01_local_temp_avg_c__rise,0.171875,0.019287109375
injected,sj01_local_press_hpa__rise,0.5,30.0,3,18,164,False,False,False,False,False,0,,cu01_local_temp_avg_c__rise,cu01_local_temp_avg_c__rise,0.2265625,0.019287109375
injected,sj01_local_press_hpa__rise,0.5,30.0,4,18,165,False,False,False,True,False,0,,,cu01_local_temp_avg_c__rise;sj01_local_temp_avg_c__fall,0.08984375,0.019287109375
injected,sj01_local_press_hpa__rise,0.5,30.0,5,19,162,False,False,False,False,False,0,,cu01_local_temp_avg_c__rise,cu01_local_temp_avg_c__rise,0.38720703125,0.019287109375
injected,sj01_local_press_hpa__rise,0.5,30.0,6,16,164,False,False,False,False,False,0,,cu01_local_temp_avg_c__rise,cu01_local_temp_avg_c__rise,0.25390625,0.019287109375
injected,sj01_local_press_hpa__rise,0.5,30.0,7,17,162,False,False,False,False,False,0,,cu01_local_temp_avg_c__rise,cu01_local_temp_avg_c__rise,0.36328125,0.019287109375
injected,sj01_local_press_hpa__rise,0.5,30.0,8,17,161,False,False,False,False,False,0,,cu01_local_temp_avg_c__rise,cu01_local_temp_avg_c__rise,0.36328125,0.019287109375
injected,sj01_local_press_hpa__rise,0.5,30.0,9,22,163,False,False,False,False,False,0,,cu01_local_temp_avg_c__rise,cu01_local_temp_avg_c__rise,0.2744140625,0.019287109375
injected,sj01_local_press_hpa__rise,0.5,30.0,10,19,165,False,False,False,True,False,0,,,cu01_local_temp_avg_c__rise;sj01_local_temp_avg_c__fall,0.14453125,0.019287109375
injected,sj01_local_press_hpa__rise,0.5,30.0,11,22,166,False,False,False,True,False,0,,,cu01_local_temp_avg_c__rise;sj01_local_temp_avg_c__fall,0.0546875,0.019287109375
injected,sj01_local_press_hpa__rise,0.5,30.0,12,19,162,False,False,False,False,False,0,,cu01_local_temp_avg_c__rise,cu01_local_temp_avg_c__rise,0.376953125,0.019287109375
injected,sj01_local_press_hpa__rise,0.5,30.0,13,17,161,False,False,False,True,False,0,,,cu01_local_temp_avg_c__rise;sj01_local_temp_avg_c__fall,0.5,0.019287109375
injected,sj01_local_press_hpa__rise,0.5,30.0,14,19,162,False,False,False,True,False,0,,,cu01_local_temp_avg_c__rise;sj01_local_temp_avg_c__fall,0.36328125,0.019287109375
injected,sj01_local_press_hpa__rise,0.5,30.0,15,21,163,False,False,False,False,False,0,,cu01_local_temp_avg_c__rise,cu01_local_temp_avg_c__rise,0.2265625,0.019287109375
injected,sj01_local_press_hpa__rise,0.5,30.0,16,16,162,False,False,False,False,False,0,,cu01_local_temp_avg_c__rise,cu01_local_temp_avg_c__rise,0.36328125,0.019287109375
injected,sj01_local_press_hpa__rise,0.5,30.0,17,15,163,False,False,False,True,False,0,,,cu01_local_temp_avg_c__rise;sj01_local_temp_avg_c__fall,0.2265625,0.019287109375
injected,sj01_local_press_hpa__rise,0.5,30.0,18,17,164,False,False,False,False,False,0,,cu01_local_temp_avg_c__rise,cu01_local_temp_avg_c__rise,0.171875,0.019287109375
injected,sj01_local_press_hpa__rise,0.5,30.0,19,20,161,False,False,False,False,False,0,,cu01_local_temp_avg_c__rise,cu01_local_temp_avg_c__rise,0.376953125,0.019287109375
injected,sj01_local_press_hpa__rise,0.5,30.0,20,15,163,False,False,False,False,False,0,,cu01_local_temp_avg_c__rise,cu01_local_temp_avg_c__rise,0.171875,0.019287109375
injected,sj01_local_press_hpa__rise,0.5,30.0,21,18,167,False,False,False,True,False,0,,,cu01_local_temp_avg_c__rise;sj01_local_temp_avg_c__fall,0.0546875,0.019287109375
injected,sj01_local_press_hpa__rise,0.5,30.0,22,22,165,False,False,False,True,False,0,,,cu01_local_temp_avg_c__rise;sj01_local_temp_avg_c__fall,0.11328125,0.019287109375
injected,sj01_local_press_hpa__rise,0.5,30.0,23,21,164,False,False,False,True,False,0,,,cu01_local_temp_avg_c__rise;sj01_local_temp_avg_c__fall,0.14453125,0.019287109375
injected,sj01_local_press_hpa__rise,0.5,30.0,24,23,165,False,False,False,True,False,0,,,cu01_local_temp_avg_c__rise;sj01_local_temp_avg_c__fall,0.08984375,0.019287109375
injected,sj01_local_press_hpa__rise,0.5,30.0,25,23,164,False,False,False,True,False,0,,,cu01_local_temp_avg_c__rise;sj01_local_temp_avg_c__fall,0.14453125,0.019287109375
injected,sj01_local_press_hpa__rise,0.5,30.0,26,14,161,False,False,False,False,False,0,,cu01_local_temp_avg_c__rise,cu01_local_temp_avg_c__rise,0.5,0.019287109375
injected,sj01_local_press_hpa__rise,0.5,30.0,27,19,166,False,False,False,True,False,0,,,cu01_local_temp_avg_c__rise;sj01_local_temp_avg_c__fall,0.08984375,0.019287109375
injected,sj01_local_press_hpa__rise,0.5,30.0,28,20,163,False,False,False,False,False,0,,cu01_local_temp_avg_c__rise,cu01_local_temp_avg_c__rise,0.2265625,0.019287109375
injected,sj01_local_press_hpa__rise,0.5,30.0,29,16,163,False,False,False,True,False,0,,,cu01_local_temp_avg_c__rise;sj01_local_temp_avg_c__fall,0.2265625,0.019287109375
injected,sj01_local_press_hpa__rise,0.5,30.0,30,18,163,False,False,False,True,False,0,,,cu01_local_temp_avg_c__rise;sj01_local_temp_avg_c__fall,0.08984375,0.019287109375
injected,sj01_local_press_hpa__rise,0.5,30.0,31,24,166,False,False,False,True,False,0,,,cu01_local_temp_avg_c__rise;sj01_local_temp_avg_c__fall,0.0546875,0.019287109375
injected,sj01_local_press_hpa__rise,0.5,30.0,32,20,161,False,False,False,False,False,0,,cu01_local_temp_avg_c__rise,cu01_local_temp_avg_c__rise,0.376953125,0.019287109375
injected,sj01_local_press_hpa__rise,0.5,30.0,33,21,163,False,False,False,False,False,0,,cu01_local_temp_avg_c__rise,cu01_local_temp_avg_c__rise,0.2744140625,0.019287109375
injected,sj01_local_press_hpa__rise,0.5,30.0,34,19,164,False,False,False,False,False,0,,cu01_local_temp_avg_c__rise,cu01_local_temp_avg_c__rise,0.171875,0.019287109375
injected,sj01_local_press_hpa__rise,0.5,30.0,35,22,164,False,False,False,True,False,0,,,cu01_local_temp_avg_c__rise;sj01_local_temp_avg_c__fall,0.14453125,0.019287109375
injected,sj01_local_press_hpa__rise,0.5,30.0,36,19,164,False,False,False,True,False,0,,,cu01_local_temp_avg_c__rise;sj01_local_temp_avg_c__fall,0.14453125,0.019287109375
injected,sj01_local_press_hpa__rise,0.5,30.0,37,18,163,False,False,False,False,False,0,,cu01_local_temp_avg_c__rise,cu01_local_temp_avg_c__rise,0.2744140625,0.019287109375
injected,sj01_local_press_hpa__rise,0.5,30.0,38,22,164,False,False,False,False,False,0,,cu01_local_temp_avg_c__rise,cu01_local_temp_avg_c__rise,0.25390625,0.019287109375
injected,sj01_local_press_hpa__rise,0.5,30.0,39,24,166,False,False,False,True,False,0,,,cu01_local_temp_avg_c__rise;sj01_local_temp_avg_c__fall,0.0546875,0.019287109375
injected,sj01_local_press_hpa__rise,0.5,30.0,40,23,165,False,False,False,True,False,0,,,cu01_local_temp_avg_c__rise;sj01_local_temp_avg_c__fall,0.08984375,0.019287109375
injected,sj01_local_press_hpa__rise,0.5,30.0,41,18,163,False,False,False,False,False,0,,cu01_local_temp_avg_c__rise,cu01_local_temp_avg_c__rise,0.2744140625,0.019287109375
injected,sj01_local_press_hpa__rise,0.5,30.0,42,20,164,False,False,False,True,False,0,,,cu01_local_temp_avg_c__rise;sj01_local_temp_avg_c__fall,0.171875,0.019287109375
injected,sj01_local_press_hpa__rise,0.5,30.0,43,18,162,False,False,False,False,False,0,,cu01_local_temp_avg_c__rise,cu01_local_temp_avg_c__rise,0.34375,0.019287109375
injected,sj01_local_press_hpa__rise,0.5,30.0,44,23,162,False,False,False,True,False,0,,,cu01_local_temp_avg_c__rise;sj01_local_temp_avg_c__fall,0.36328125,0.019287109375
injected,sj01_local_press_hpa__rise,0.5,30.0,45,22,163,False,False,False,True,False,0,,,cu01_local_temp_avg_c__rise;sj01_local_temp_avg_c__fall,0.14453125,0.019287109375
injected,sj01_local_press_hpa__rise,0.5,30.0,46,23,165,False,False,False,True,False,0,,,cu01_local_temp_avg_c__rise;sj01_local_temp_avg_c__fall,0.08984375,0.019287109375
injected,sj01_local_press_hpa__rise,0.5,30.0,47,19,162,False,False,False,False,False,0,,cu01_local_temp_avg_c__rise,cu01_local_temp_avg_c__rise,0.25390625,0.019287109375
injected,sj01_local_press_hpa__rise,0.5,30.0,48,20,162,False,False,False,False,False,0,,cu01_local_temp_avg_c__rise,cu01_local_temp_avg_c__rise,0.38720703125,0.019287109375
injected,sj01_local_press_hpa__rise,0.5,30.0,49,17,166,False,False,False,False,False,0,,cu01_local_temp_avg_c__rise,cu01_local_temp_avg_c__rise,0.11328125,0.019287109375
injected,sj01_local_press_hpa__rise,0.5,30.0,50,22,163,False,False,False,False,False,0,,cu01_local_temp_avg_c__rise,cu01_local_temp_avg_c__rise,0.25390625,0.019287109375
injected,sj01_local_press_hpa__rise,0.5,30.0,51,19,165,False,False,False,True,False,0,,,cu01_local_temp_avg_c__rise;sj01_local_temp_avg_c__fall,0.14453125,0.019287109375
injected,sj01_local_press_hpa__rise,0.5,30.0,52,19,165,False,False,False,False,False,0,,cu01_local_temp_avg_c__rise,cu01_local_temp_avg_c__rise,0.171875,0.019287109375
injected,sj01_local_press_hpa__rise,0.5,30.0,53,20,164,False,False,False,True,False,0,,,cu01_local_temp_avg_c__rise;sj01_local_temp_avg_c__fall,0.14453125,0.019287109375
injected,sj01_local_press_hpa__rise,0.5,30.0,54,16,163,False,False,False,True,False,0,,,cu01_local_temp_avg_c__rise;sj01_local_temp_avg_c__fall,0.2265625,0.019287109375
injected,sj01_local_press_hpa__rise,0.5,30.0,55,17,163,False,False,False,False,False,0,,cu01_local_temp_avg_c__rise,cu01_local_temp_avg_c__rise,0.2744140625,0.019287109375
injected,sj01_local_press_hpa__rise,0.5,30.0,56,16,162,False,False,False,True,False,0,,,cu01_local_temp_avg_c__rise;sj01_local_temp_avg_c__fall,0.36328125,0.019287109375
injected,sj01_local_press_hpa__rise,0.5,30.0,57,19,164,False,False,False,True,False,0,,,cu01_local_temp_avg_c__rise;sj01_local_temp_avg_c__fall,0.14453125,0.019287109375
injected,sj01_local_press_hpa__rise,0.5,30.0,58,20,162,False,False,False,False,False,0,,cu01_local_temp_avg_c__rise,cu01_local_temp_avg_c__rise,0.25390625,0.019287109375
injected,sj01_local_press_hpa__rise,0.5,30.0,59,18,162,False,False,False,False,False,0,,cu01_local_temp_avg_c__rise,cu01_local_temp_avg_c__rise,0.36328125,0.019287109375
injected,sj01_local_press_hpa__rise,0.5,30.0,60,24,166,False,False,False,True,False,0,,,cu01_local_temp_avg_c__rise;sj01_local_temp_avg_c__fall,0.08984375,0.019287109375
injected,sj01_local_press_hpa__rise,0.5,30.0,61,17,163,False,False,False,False,False,0,,cu01_local_temp_avg_c__rise,cu01_local_temp_avg_c__rise,0.25390625,0.019287109375
injected,sj01_local_press_hpa__rise,0.5,30.0,62,21,165,False,False,False,True,False,0,,,cu01_local_temp_avg_c__rise;sj01_local_temp_avg_c__fall,0.08984375,0.019287109375
injected,sj01_local_press_hpa__rise,0.5,30.0,63,21,166,False,False,False,True,False,0,,,cu01_local_temp_avg_c__rise;sj01_local_temp_avg_c__fall,0.08984375,0.019287109375
injected,sj01_local_press_hpa__rise,0.5,30.0,64,20,164,False,False,False,True,False,0,,,cu01_local_temp_avg_c__rise;sj01_local_temp_avg_c__fall,0.171875,0.019287109375
injected,sj01_local_press_hpa__rise,0.5,30.0,65,20,164,False,False,False,True,False,0,,,cu01_local_temp_avg_c__rise;sj01_local_temp_avg_c__fall,0.14453125,0.019287109375
injected,sj01_local_press_hpa__rise,0.5,30.0,66,19,161,False,False,False,False,False,0,,cu01_local_temp_avg_c__rise,cu01_local_temp_avg_c__rise,0.376953125,0.019287109375
injected,sj01_local_press_hpa__rise,0.5,30.0,67,17,164,False,False,False,True,False,0,,,cu01_local_temp_avg_c__rise;sj01_local_temp_avg_c__fall,0.14453125,0.019287109375
injected,sj01_local_press_hpa__rise,0.5,30.0,68,22,164,False,False,False,True,False,0,,,cu01_local_temp_avg_c__rise;sj01_local_temp_avg_c__fall,0.14453125,0.019287109375
injected,sj01_local_press_hpa__rise,0.5,30.0,69,17,164,False,False,False,True,False,0,,,cu01_local_temp_avg_c__rise;sj01_local_temp_avg_c__fall,0.25390625,0.019287109375
injected,sj01_local_press_hpa__rise,0.5,30.0,70,19,163,False,False,False,False,False,0,,cu01_local_temp_avg_c__rise,cu01_local_temp_avg_c__rise,0.25390625,0.019287109375
injected,sj01_local_press_hpa__rise,0.5,30.0,71,19,162,False,False,False,False,False,0,,cu01_local_temp_avg_c__rise,cu01_local_temp_avg_c__rise,0.376953125,0.019287109375
injected,sj01_local_press_hpa__rise,0.5,30.0,72,22,162,False,False,False,True,False,0,,,cu01_local_temp_avg_c__rise;sj01_local_temp_avg_c__fall,0.36328125,0.019287109375
injected,sj01_local_press_hpa__rise,0.5,30.0,73,20,165,False,False,False,True,False,0,,,cu01_local_temp_avg_c__rise;sj01_local_temp_avg_c__fall,0.14453125,0.019287109375
injected,sj01_local_press_hpa__rise,0.5,30.0,74,17,162,False,False,False,True,False,0,,,cu01_local_temp_avg_c__rise;sj01_local_temp_avg_c__fall,0.14453125,0.019287109375
injected,sj01_local_press_hpa__rise,0.5,30.0,75,26,165,False,False,False,True,False,0,,,cu01_local_temp_avg_c__rise;sj01_local_temp_avg_c__fall,0.08984375,0.019287109375
injected,sj01_local_press_hpa__rise,0.5,30.0,76,16,164,False,False,False,True,False,0,,,cu01_local_temp_avg_c__rise;sj01_local_temp_avg_c__fall,0.25390625,0.019287109375
injected,sj01_local_press_hpa__rise,0.5,30.0,77,17,162,False,False,False,True,False,0,,,cu01_local_temp_avg_c__rise;sj01_local_temp_avg_c__fall,0.36328125,0.019287109375
injected,sj01_local_press_hpa__rise,0.5,30.0,78,20,163,False,False,False,True,False,0,,,cu01_local_temp_avg_c__rise;sj01_local_temp_avg_c__fall,0.25390625,0.019287109375
injected,sj01_local_press_hpa__rise,0.5,30.0,79,16,163,False,False,False,False,False,0,,cu01_local_temp_avg_c__rise,cu01_local_temp_avg_c__rise,0.25390625,0.019287109375
injected,sj01_local_press_hpa__rise,0.5,30.0,80,21,163,False,False,False,True,False,0,,,cu01_local_temp_avg_c__rise;sj01_local_temp_avg_c__fall,0.2265625,0.019287109375
injected,sj01_local_press_hpa__rise,0.5,30.0,81,21,165,False,False,False,True,False,0,,,cu01_local_temp_avg_c__rise;sj01_local_temp_avg_c__fall,0.11328125,0.019287109375
injected,sj01_local_press_hpa__rise,0.5,30.0,82,18,162,False,False,False,False,False,0,,cu01_local_temp_avg_c__rise,cu01_local_temp_avg_c__rise,0.36328125,0.019287109375
injected,sj01_local_press_hpa__rise,0.5,30.0,83,21,164,False,False,False,True,False,0,,,cu01_local_temp_avg_c__rise;sj01_local_temp_avg_c__fall,0.25390625,0.019287109375
injected,sj01_local_press_hpa__rise,0.5,30.0,84,21,164,False,False,False,False,False,0,,cu01_local_temp_avg_c__rise,cu01_local_temp_avg_c__rise,0.2744140625,0.019287109375
injected,sj01_local_press_hpa__rise,0.5,30.0,85,18,164,False,False,False,True,False,0,,,cu01_local_temp_avg_c__rise;sj01_local_temp_avg_c__fall,0.14453125,0.019287109375
injected,sj01_local_press_hpa__rise,0.5,30.0,86,22,166,False,False,False,True,False,0,,,cu01_local_temp_avg_c__rise;sj01_local_temp_avg_c__fall,0.08984375,0.019287109375
injected,sj01_local_press_hpa__rise,0.5,30.0,87,23,163,False,False,False,False,False,0,,cu01_local_temp_avg_c__rise,cu01_local_temp_avg_c__rise,0.2744140625,0.019287109375
injected,sj01_local_press_hpa__rise,0.5,30.0,88,18,161,False,False,False,False,False,0,,cu01_local_temp_avg_c__rise,cu01_local_temp_avg_c__rise,0.376953125,0.019287109375
injected,sj01_local_press_hpa__rise,0.5,30.0,89,18,162,False,False,False,True,False,0,,,cu01_local_temp_avg_c__rise;sj01_local_temp_avg_c__fall,0.36328125,0.019287109375
injected,sj01_local_press_hpa__rise,0.5,30.0,90,19,164,False,False,False,True,False,0,,,cu01_local_temp_avg_c__rise;sj01_local_temp_avg_c__fall,0.14453125,0.019287109375
injected,sj01_local_press_hpa__rise,0.5,30.0,91,19,165,False,False,False,True,False,0,,,cu01_local_temp_avg_c__rise;sj01_local_temp_avg_c__fall,0.08984375,0.019287109375
injected,sj01_local_press_hpa__rise,0.5,30.0,92,14,164,False,False,False,True,False,0,,,cu01_local_temp_avg_c__rise;sj01_local_temp_avg_c__fall,0.171875,0.019287109375
injected,sj01_local_press_hpa__rise,0.5,30.0,93,21,164,False,False,False,True,False,0,,,cu01_local_temp_avg_c__rise;sj01_local_temp_avg_c__fall,0.171875,0.019287109375
injected,sj01_local_press_hpa__rise,0.5,30.0,94,23,163,False,False,False,False,False,0,,cu01_local_temp_avg_c__rise,cu01_local_temp_avg_c__rise,0.2265625,0.019287109375
injected,sj01_local_press_hpa__rise,0.5,30.0,95,17,164,False,False,False,False,False,0,,cu01_local_temp_avg_c__rise,cu01_local_temp_avg_c__rise,0.25390625,0.019287109375
injected,sj01_local_press_hpa__rise,0.5,30.0,96,16,163,False,False,False,True,False,0,,,cu01_local_temp_avg_c__rise;sj01_local_temp_avg_c__fall,0.2265625,0.019287109375
injected,sj01_local_press_hpa__rise,0.5,30.0,97,21,163,False,False,False,True,False,0,,,cu01_local_temp_avg_c__rise;sj01_local_temp_avg_c__fall,0.2265625,0.019287109375
injected,sj01_local_press_hpa__rise,0.5,30.0,98,20,164,False,False,False,False,False,0,,cu01_local_temp_avg_c__rise,cu01_local_temp_avg_c__rise,0.171875,0.019287109375
injected,sj01_local_press_hpa__rise,0.5,30.0,99,21,163,False,False,False,True,False,0,,,cu01_local_temp_avg_c__rise;sj01_local_temp_avg_c__fall,0.25390625,0.019287109375
injected,sj01_local_press_hpa__rise,0.5,60.0,0,24,171,False,False,False,False,False,0,,cu01_local_temp_avg_c__rise,cu01_local_temp_avg_c__rise,0.08984375,0.019287109375
injected,sj01_local_press_hpa__rise,0.5,60.0,1,22,169,False,False,False,False,False,0,,cu01_local_temp_avg_c__rise,cu01_local_temp_avg_c__rise,0.08984375,0.019287109375
injected,sj01_local_press_hpa__rise,0.5,60.0,2,18,166,False,False,False,False,False,0,,cu01_local_temp_avg_c__rise,cu01_local_temp_avg_c__rise,0.1875,0.019287109375
injected,sj01_local_press_hpa__rise,0.5,60.0,3,18,168,False,False,False,False,False,0,,cu01_local_temp_avg_c__rise,cu01_local_temp_avg_c__rise,0.109375,0.019287109375
injected,sj01_local_press_hpa__rise,0.5,60.0,4,18,166,False,False,False,False,False,0,,cu01_local_temp_avg_c__rise,cu01_local_temp_avg_c__rise,0.36328125,0.019287109375
injected,sj01_local_press_hpa__rise,0.5,60.0,5,19,167,False,False,False,False,False,0,,cu01_local_temp_avg_c__rise,cu01_local_temp_avg_c__rise,0.36328125,0.019287109375
injected,sj01_local_press_hpa__rise,0.5,60.0,6,16,162,False,False,False,False,False,0,,cu01_local_temp_avg_c__rise,cu01_local_temp_avg_c__rise,0.36328125,0.019287109375
injected,sj01_local_press_hpa__rise,0.5,60.0,7,17,169,False,False,False,False,False,0,,cu01_local_temp_avg_c__rise,cu01_local_temp_avg_c__rise,0.171875,0.019287109375
injected,sj01_local_press_hpa__rise,0.5,60.0,8,17,166,False,False,False,False,False,0,,cu01_local_temp_avg_c__rise,cu01_local_temp_avg_c__rise,0.36328125,0.019287109375
injected,sj01_local_press_hpa__rise,0.5,60.0,9,22,169,False,False,False,False,False,0,,cu01_local_temp_avg_c__rise,cu01_local_temp_avg_c__rise,0.19384765625,0.019287109375
injected,sj01_local_press_hpa__rise,0.5,60.0,10,19,166,False,False,False,False,False,0,,cu01_local_temp_avg_c__rise,cu01_local_temp_avg_c__rise,0.25390625,0.019287109375
injected,sj01_local_press_hpa__rise,0.5,60.0,11,22,170,False,False,False,False,False,0,,cu01_local_temp_avg_c__rise,cu01_local_temp_avg_c__rise,0.08984375,0.019287109375
injected,sj01_local_press_hpa__rise,0.5,60.0,12,19,167,False,False,False,False,False,0,,cu01_local_temp_avg_c__rise,cu01_local_temp_avg_c__rise,0.25390625,0.019287109375
injected,sj01_local_press_hpa__rise,0.5,60.0,13,17,166,False,False,False,False,False,0,,cu01_local_temp_avg_c__rise,cu01_local_temp_avg_c__rise,0.34375,0.019287109375
injected,sj01_local_press_hpa__rise,0.5,60.0,14,19,166,False,False,False,False,False,0,,cu01_local_temp_avg_c__rise,cu01_local_temp_avg_c__rise,0.25390625,0.019287109375
injected,sj01_local_press_hpa__rise,0.5,60.0,15,21,168,False,False,False,False,False,0,,cu01_local_temp_avg_c__rise,cu01_local_temp_avg_c__rise,0.36328125,0.019287109375
injected,sj01_local_press_hpa__rise,0.5,60.0,16,16,165,False,False,False,False,False,0,,cu01_local_temp_avg_c__rise,cu01_local_temp_avg_c__rise,0.36328125,0.019287109375
injected,sj01_local_press_hpa__rise,0.5,60.0,17,15,166,False,False,False,False,False,0,,cu01_local_temp_avg_c__rise,cu01_local_temp_avg_c__rise,0.0625,0.019287109375
injected,sj01_local_press_hpa__rise,0.5,60.0,18,17,168,False,False,False,False,False,0,,cu01_local_temp_avg_c__rise,cu01_local_temp_avg_c__rise,0.19384765625,0.019287109375
injected,sj01_local_press_hpa__rise,0.5,60.0,19,20,167,False,False,False,False,False,0,,cu01_local_temp_avg_c__rise,cu01_local_temp_avg_c__rise,0.5,0.019287109375
injected,sj01_local_press_hpa__rise,0.5,60.0,20,15,166,False,False,False,False,False,0,,cu01_local_temp_avg_c__rise,cu01_local_temp_avg_c__rise,0.1875,0.019287109375
injected,sj01_local_press_hpa__rise,0.5,60.0,21,18,167,False,False,False,False,False,0,,cu01_local_temp_avg_c__rise,cu01_local_temp_avg_c__rise,0.109375,0.019287109375
injected,sj01_local_press_hpa__rise,0.5,60.0,22,22,170,False,False,False,False,False,0,,cu01_local_temp_avg_c__rise,cu01_local_temp_avg_c__rise,0.109375,0.019287109375
injected,sj01_local_press_hpa__rise,0.5,60.0,23,21,167,False,False,False,False,False,0,,cu01_local_temp_avg_c__rise,cu01_local_temp_avg_c__rise,0.2265625,0.019287109375
injected,sj01_local_press_hpa__rise,0.5,60.0,24,23,171,False,False,False,False,False,0,,cu01_local_temp_avg_c__rise,cu01_local_temp_avg_c__rise,0.03125,0.019287109375
injected,sj01_local_press_hpa__rise,0.5,60.0,25,23,170,False,False,False,False,False,0,,cu01_local_temp_avg_c__rise,cu01_local_temp_avg_c__rise,0.109375,0.019287109375
injected,sj01_local_press_hpa__rise,0.5,60.0,26,14,164,False,False,False,False,False,0,,cu01_local_temp_avg_c__rise,cu01_local_temp_avg_c__rise,0.36328125,0.019287109375
injected,sj01_local_press_hpa__rise,0.5,60.0,27,19,167,False,False,False,False,False,0,,cu01_local_temp_avg_c__rise,cu01_local_temp_avg_c__rise,0.14453125,0.019287109375
injected,sj01_local_press_hpa__rise,0.5,60.0,28,20,169,False,False,False,False,False,0,,cu01_local_temp_avg_c__rise,cu01_local_temp_avg_c__rise,0.109375,0.019287109375
injected,sj01_local_press_hpa__rise,0.5,60.0,29,16,168,False,False,False,False,False,0,,cu01_local_temp_avg_c__rise,cu01_local_temp_avg_c__rise,0.03125,0.019287109375
injected,sj01_local_press_hpa__rise,0.5,60.0,30,18,167,False,False,False,False,False,0,,cu01_local_temp_avg_c__rise,cu01_local_temp_avg_c__rise,0.11328125,0.019287109375
injected,sj01_local_press_hpa__rise,0.5,60.0,31,24,170,False,False,False,False,False,0,,cu01_local_temp_avg_c__rise,cu01_local_temp_avg_c__rise,0.11328125,0.019287109375
injected,sj01_local_press_hpa__rise,0.5,60.0,32,20,167,False,False,False,False,False,0,,cu01_local_temp_avg_c__rise,cu01_local_temp_avg_c__rise,0.376953125,0.019287109375
injected,sj01_local_press_hpa__rise,0.5,60.0,33,21,168,False,False,False,False,False,0,,cu01_local_temp_avg_c__rise,cu01_local_temp_avg_c__rise,0.2265625,0.019287109375
injected,sj01_local_press_hpa__rise,0.5,60.0,34,19,166,False,False,False,False,False,0,,cu01_local_temp_avg_c__rise,cu01_local_temp_avg_c__rise,0.25390625,0.019287109375
injected,sj01_local_press_hpa__rise,0.5,60.0,35,22,169,False,False,False,False,False,0,,cu01_local_temp_avg_c__rise,cu01_local_temp_avg_c__rise,0.2265625,0.019287109375
injected,sj01_local_press_hpa__rise,0.5,60.0,36,19,167,False,False,False,False,False,0,,cu01_local_temp_avg_c__rise,cu01_local_temp_avg_c__rise,0.2265625,0.019287109375
injected,sj01_local_press_hpa__rise,0.5,60.0,37,18,167,False,False,False,False,False,0,,cu01_local_temp_avg_c__rise,cu01_local_temp_avg_c__rise,0.19384765625,0.019287109375
injected,sj01_local_press_hpa__rise,0.5,60.0,38,22,169,False,False,False,False,False,0,,cu01_local_temp_avg_c__rise,cu01_local_temp_avg_c__rise,0.14453125,0.019287109375
injected,sj01_local_press_hpa__rise,0.5,60.0,39,24,173,False,False,False,False,False,0,,cu01_local_temp_avg_c__rise,cu01_local_temp_avg_c__rise,0.03125,0.019287109375
injected,sj01_local_press_hpa__rise,0.5,60.0,40,23,171,False,False,False,False,False,0,,cu01_local_temp_avg_c__rise,cu01_local_temp_avg_c__rise,0.03125,0.019287109375
injected,sj01_local_press_hpa__rise,0.5,60.0,41,18,164,False,False,False,False,False,0,,cu01_local_temp_avg_c__rise,cu01_local_temp_avg_c__rise,0.5,0.019287109375
injected,sj01_local_press_hpa__rise,0.5,60.0,42,20,166,False,False,False,False,False,0,,cu01_local_temp_avg_c__rise,cu01_local_temp_avg_c__rise,0.171875,0.019287109375
injected,sj01_local_press_hpa__rise,0.5,60.0,43,18,168,False,False,False,False,False,0,,cu01_local_temp_avg_c__rise,cu01_local_temp_avg_c__rise,0.0625,0.019287109375
injected,sj01_local_press_hpa__rise,0.5,60.0,44,23,168,False,False,False,False,False,0,,cu01_local_temp_avg_c__rise,cu01_local_temp_avg_c__rise,0.25390625,0.019287109375
injected,sj01_local_press_hpa__rise,0.5,60.0,45,22,168,False,False,False,False,False,0,,cu01_local_temp_avg_c__rise,cu01_local_temp_avg_c__rise,0.11328125,0.019287109375
injected,sj01_local_press_hpa__rise,0.5,60.0,46,23,172,False,False,False,False,False,0,,cu01_local_temp_avg_c__rise,cu01_local_temp_avg_c__rise,0.109375,0.019287109375
injected,sj01_local_press_hpa__rise,0.5,60.0,47,19,166,False,False,False,False,False,0,,cu01_local_temp_avg_c__rise,cu01_local_temp_avg_c__rise,0.34375,0.019287109375
injected,sj01_local_press_hpa__rise,0.5,60.0,48,20,168,False,False,False,False,False,0,,cu01_local_temp_avg_c__rise,cu01_local_temp_avg_c__rise,0.36328125,0.019287109375
injected,sj01_local_press_hpa__rise,0.5,60.0,49,17,165,False,False,False,False,False,0,,cu01_local_temp_avg_c__rise,cu01_local_temp_avg_c__rise,0.19384765625,0.019287109375
injected,sj01_local_press_hpa__rise,0.5,60.0,50,22,169,False,False,False,False,False,0,,cu01_local_temp_avg_c__rise,cu01_local_temp_avg_c__rise,0.08984375,0.019287109375
injected,sj01_local_press_hpa__rise,0.5,60.0,51,19,167,False,False,False,False,False,0,,cu01_local_temp_avg_c__rise,cu01_local_temp_avg_c__rise,0.25390625,0.019287109375
injected,sj01_local_press_hpa__rise,0.5,60.0,52,19,167,False,False,False,False,False,0,,cu01_local_temp_avg_c__rise,cu01_local_temp_avg_c__rise,0.171875,0.019287109375
injected,sj01_local_press_hpa__rise,0.5,60.0,53,20,169,False,False,False,False,False,0,,cu01_local_temp_avg_c__rise,cu01_local_temp_avg_c__rise,0.171875,0.019287109375
injected,sj01_local_press_hpa__rise,0.5,60.0,54,16,169,False,False,False,False,False,0,,cu01_local_temp_avg_c__rise,cu01_local_temp_avg_c__rise,0.125,0.019287109375
injected,sj01_local_press_hpa__rise,0.5,60.0,55,17,168,False,False,False,False,False,0,,cu01_local_temp_avg_c__rise,cu01_local_temp_avg_c__rise,0.2265625,0.019287109375
injected,sj01_local_press_hpa__rise,0.5,60.0,56,16,165,False,False,False,False,False,0,,cu01_local_temp_avg_c__rise,cu01_local_temp_avg_c__rise,0.25390625,0.019287109375
injected,sj01_local_press_hpa__rise,0.5,60.0,57,19,167,False,False,False,False,False,0,,cu01_local_temp_avg_c__rise,cu01_local_temp_avg_c__rise,0.0546875,0.019287109375
injected,sj01_local_press_hpa__rise,0.5,60.0,58,20,167,False,False,False,False,False,0,,cu01_local_temp_avg_c__rise,cu01_local_temp_avg_c__rise,0.14453125,0.019287109375
injected,sj01_local_press_hpa__rise,0.5,60.0,59,18,165,False,False,False,False,False,0,,cu01_local_temp_avg_c__rise,cu01_local_temp_avg_c__rise,0.36328125,0.019287109375
injected,sj01_local_press_hpa__rise,0.5,60.0,60,24,169,False,False,False,False,False,0,,cu01_local_temp_avg_c__rise,cu01_local_temp_avg_c__rise,0.08984375,0.019287109375
injected,sj01_local_press_hpa__rise,0.5,60.0,61,17,167,False,False,False,False,False,0,,cu01_local_temp_avg_c__rise,cu01_local_temp_avg_c__rise,0.34375,0.019287109375
injected,sj01_local_press_hpa__rise,0.5,60.0,62,21,171,False,False,False,False,False,0,,cu01_local_temp_avg_c__rise,cu01_local_temp_avg_c__rise,0.109375,0.019287109375
injected,sj01_local_press_hpa__rise,0.5,60.0,63,21,170,False,False,False,False,False,0,,cu01_local_temp_avg_c__rise,cu01_local_temp_avg_c__rise,0.08984375,0.019287109375
injected,sj01_local_press_hpa__rise,0.5,60.0,64,20,169,False,False,False,False,False,0,,cu01_local_temp_avg_c__rise,cu01_local_temp_avg_c__rise,0.2265625,0.019287109375
injected,sj01_local_press_hpa__rise,0.5,60.0,65,20,168,False,False,False,False,False,0,,cu01_local_temp_avg_c__rise,cu01_local_temp_avg_c__rise,0.08984375,0.019287109375
injected,sj01_local_press_hpa__rise,0.5,60.0,66,19,167,False,False,False,False,False,0,,cu01_local_temp_avg_c__rise,cu01_local_temp_avg_c__rise,0.34375,0.019287109375
injected,sj01_local_press_hpa__rise,0.5,60.0,67,17,167,False,False,False,False,False,0,,cu01_local_temp_avg_c__rise,cu01_local_temp_avg_c__rise,0.171875,0.019287109375
injected,sj01_local_press_hpa__rise,0.5,60.0,68,22,170,False,False,False,False,False,0,,cu01_local_temp_avg_c__rise,cu01_local_temp_avg_c__rise,0.0625,0.019287109375
injected,sj01_local_press_hpa__rise,0.5,60.0,69,17,166,False,False,False,False,False,0,,cu01_local_temp_avg_c__rise,cu01_local_temp_avg_c__rise,0.2744140625,0.019287109375
injected,sj01_local_press_hpa__rise,0.5,60.0,70,19,168,False,False,False,False,False,0,,cu01_local_temp_avg_c__rise,cu01_local_temp_avg_c__rise,0.11328125,0.019287109375
injected,sj01_local_press_hpa__rise,0.5,60.0,71,19,169,False,False,False,False,False,0,,cu01_local_temp_avg_c__rise,cu01_local_temp_avg_c__rise,0.25390625,0.019287109375
injected,sj01_local_press_hpa__rise,0.5,60.0,72,22,168,False,False,False,False,False,0,,cu01_local_temp_avg_c__rise,cu01_local_temp_avg_c__rise,0.25390625,0.019287109375
injected,sj01_local_press_hpa__rise,0.5,60.0,73,20,168,False,False,False,False,False,0,,cu01_local_temp_avg_c__rise,cu01_local_temp_avg_c__rise,0.14453125,0.019287109375
injected,sj01_local_press_hpa__rise,0.5,60.0,74,17,164,False,False,False,False,False,0,,cu01_local_temp_avg_c__rise,cu01_local_temp_avg_c__rise,0.25390625,0.019287109375
injected,sj01_local_press_hpa__rise,0.5,60.0,75,26,170,False,False,False,False,False,0,,cu01_local_temp_avg_c__rise,cu01_local_temp_avg_c__rise,0.08984375,0.019287109375
injected,sj01_local_press_hpa__rise,0.5,60.0,76,16,168,False,False,False,False,False,0,,cu01_local_temp_avg_c__rise,cu01_local_temp_avg_c__rise,0.109375,0.019287109375
injected,sj01_local_press_hpa__rise,0.5,60.0,77,17,164,False,False,False,False,False,0,,cu01_local_temp_avg_c__rise,cu01_local_temp_avg_c__rise,0.376953125,0.019287109375
injected,sj01_local_press_hpa__rise,0.5,60.0,78,20,168,False,False,False,False,False,0,,cu01_local_temp_avg_c__rise,cu01_local_temp_avg_c__rise,0.171875,0.019287109375
injected,sj01_local_press_hpa__rise,0.5,60.0,79,16,166,False,False,False,False,False,0,,cu01_local_temp_avg_c__rise,cu01_local_temp_avg_c__rise,0.0625,0.019287109375
injected,sj01_local_press_hpa__rise,0.5,60.0,80,21,169,False,False,False,False,False,0,,cu01_local_temp_avg_c__rise,cu01_local_temp_avg_c__rise,0.25390625,0.019287109375
injected,sj01_local_press_hpa__rise,0.5,60.0,81,21,168,False,False,False,False,False,0,,cu01_local_temp_avg_c__rise,cu01_local_temp_avg_c__rise,0.171875,0.019287109375
injected,sj01_local_press_hpa__rise,0.5,60.0,82,18,166,False,False,False,False,False,0,,cu01_local_temp_avg_c__rise,cu01_local_temp_avg_c__rise,0.2265625,0.019287109375
injected,sj01_local_press_hpa__rise,0.5,60.0,83,21,169,False,False,False,False,False,0,,cu01_local_temp_avg_c__rise,cu01_local_temp_avg_c__rise,0.2265625,0.019287109375
injected,sj01_local_press_hpa__rise,0.5,60.0,84,21,167,False,False,False,False,False,0,,cu01_local_temp_avg_c__rise,cu01_local_temp_avg_c__rise,0.171875,0.019287109375
injected,sj01_local_press_hpa__rise,0.5,60.0,85,18,165,False,False,False,False,False,0,,cu01_local_temp_avg_c__rise,cu01_local_temp_avg_c__rise,0.2265625,0.019287109375
injected,sj01_local_press_hpa__rise,0.5,60.0,86,22,172,False,False,False,False,False,0,,cu01_local_temp_avg_c__rise,cu01_local_temp_avg_c__rise,0.08984375,0.019287109375
injected,sj01_local_press_hpa__rise,0.5,60.0,87,23,169,False,False,False,False,False,0,,cu01_local_temp_avg_c__rise,cu01_local_temp_avg_c__rise,0.11328125,0.019287109375
injected,sj01_local_press_hpa__rise,0.5,60.0,88,18,166,False,False,False,False,False,0,,cu01_local_temp_avg_c__rise,cu01_local_temp_avg_c__rise,0.34375,0.019287109375
injected,sj01_local_press_hpa__rise,0.5,60.0,89,18,166,False,False,False,False,False,0,,cu01_local_temp_avg_c__rise,cu01_local_temp_avg_c__rise,0.376953125,0.019287109375
injected,sj01_local_press_hpa__rise,0.5,60.0,90,19,171,False,False,False,False,False,0,,cu01_local_temp_avg_c__rise,cu01_local_temp_avg_c__rise,0.03125,0.019287109375
injected,sj01_local_press_hpa__rise,0.5,60.0,91,19,168,False,False,False,False,False,0,,cu01_local_temp_avg_c__rise,cu01_local_temp_avg_c__rise,0.0625,0.019287109375
injected,sj01_local_press_hpa__rise,0.5,60.0,92,14,165,False,False,False,False,False,0,,cu01_local_temp_avg_c__rise,cu01_local_temp_avg_c__rise,0.2265625,0.019287109375
injected,sj01_local_press_hpa__rise,0.5,60.0,93,21,169,False,False,False,False,False,0,,cu01_local_temp_avg_c__rise,cu01_local_temp_avg_c__rise,0.171875,0.019287109375
injected,sj01_local_press_hpa__rise,0.5,60.0,94,23,169,False,False,False,False,False,0,,cu01_local_temp_avg_c__rise,cu01_local_temp_avg_c__rise,0.2265625,0.019287109375
injected,sj01_local_press_hpa__rise,0.5,60.0,95,17,165,False,False,False,False,False,0,,cu01_local_temp_avg_c__rise,cu01_local_temp_avg_c__rise,0.14453125,0.019287109375
injected,sj01_local_press_hpa__rise,0.5,60.0,96,16,166,False,False,False,False,False,0,,cu01_local_temp_avg_c__rise,cu01_local_temp_avg_c__rise,0.5,0.019287109375
injected,sj01_local_press_hpa__rise,0.5,60.0,97,21,167,False,False,False,False,False,0,,cu01_local_temp_avg_c__rise,cu01_local_temp_avg_c__rise,0.25390625,0.019287109375
injected,sj01_local_press_hpa__rise,0.5,60.0,98,20,169,False,False,False,False,False,0,,cu01_local_temp_avg_c__rise,cu01_local_temp_avg_c__rise,0.109375,0.019287109375
injected,sj01_local_press_hpa__rise,0.5,60.0,99,21,168,False,False,False,False,False,0,,cu01_local_temp_avg_c__rise,cu01_local_temp_avg_c__rise,0.36328125,0.019287109375
injected,sj01_local_press_hpa__rise,1.0,15.0,0,24,170,True,True,True,False,False,1,sj01_local_press_hpa__rise,sj01_local_press_hpa__rise,sj01_local_press_hpa__rise,0.0009765625,0.0009765625
injected,sj01_local_press_hpa__rise,1.0,15.0,1,22,170,True,True,True,False,False,1,sj01_local_press_hpa__rise,sj01_local_press_hpa__rise,sj01_local_press_hpa__rise,0.0009765625,0.0009765625
injected,sj01_local_press_hpa__rise,1.0,15.0,2,18,167,False,False,False,False,False,0,,cu01_local_temp_avg_c__rise,cu01_local_temp_avg_c__rise,0.03271484375,0.019287109375
injected,sj01_local_press_hpa__rise,1.0,15.0,3,18,169,False,False,True,False,False,0,,sj01_local_press_hpa__rise,sj01_local_press_hpa__rise,0.0107421875,0.0107421875
injected,sj01_local_press_hpa__rise,1.0,15.0,4,18,167,False,False,False,False,False,0,,cu01_local_temp_avg_c__rise,cu01_local_temp_avg_c__rise,0.03271484375,0.019287109375
injected,sj01_local_press_hpa__rise,1.0,15.0,5,19,170,False,False,True,False,False,0,,sj01_local_press_hpa__rise,sj01_local_press_hpa__rise,0.017578125,0.017578125
injected,sj01_local_press_hpa__rise,1.0,15.0,6,16,168,False,False,False,True,False,0,,,cu01_local_temp_avg_c__rise;sj01_local_press_hpa__rise,0.019287109375,0.019287109375
injected,sj01_local_press_hpa__rise,1.0,15.0,7,17,169,False,False,True,False,False,0,,sj01_local_press_hpa__rise,sj01_local_press_hpa__rise,0.0107421875,0.0107421875
injected,sj01_local_press_hpa__rise,1.0,15.0,8,17,165,False,False,False,False,False,0,,cu01_local_temp_avg_c__rise,cu01_local_temp_avg_c__rise,0.11328125,0.03271484375
injected,sj01_local_press_hpa__rise,1.0,15.0,9,22,169,False,False,True,False,False,0,,sj01_local_press_hpa__rise,sj01_local_press_hpa__rise,0.0064697265625,0.0064697265625
injected,sj01_local_press_hpa__rise,1.0,15.0,10,19,168,False,False,True,False,False,0,,sj01_local_press_hpa__rise,sj01_local_press_hpa__rise,0.005859375,0.005859375
injected,sj01_local_press_hpa__rise,1.0,15.0,11,22,170,True,True,True,False,False,1,sj01_local_press_hpa__rise,sj01_local_press_hpa__rise,sj01_local_press_hpa__rise,0.00048828125,0.00048828125
injected,sj01_local_press_hpa__rise,1.0,15.0,12,19,168,False,False,True,False,False,0,,sj01_local_press_hpa__rise,sj01_local_press_hpa__rise,0.01123046875,0.01123046875
injected,sj01_local_press_hpa__rise,1.0,15.0,13,17,170,False,False,True,False,False,0,,sj01_local_press_hpa__rise,sj01_local_press_hpa__rise,0.005859375,0.005859375
injected,sj01_local_press_hpa__rise,1.0,15.0,14,19,171,True,True,True,False,False,1,sj01_local_press_hpa__rise,sj01_local_press_hpa__rise,sj01_local_press_hpa__rise,0.003173828125,0.003173828125
injected,sj01_local_press_hpa__rise,1.0,15.0,15,21,168,False,False,True,False,False,0,,sj01_local_press_hpa__rise,sj01_local_press_hpa__rise,0.019287109375,0.019287109375
injected,sj01_local_press_hpa__rise,1.0,15.0,16,16,166,False,False,False,False,False,0,,cu01_local_temp_avg_c__rise,cu01_local_temp_avg_c__rise,0.072998046875,0.01123046875
injected,sj01_local_press_hpa__rise,1.0,15.0,17,15,165,False,False,True,False,False,0,,sj01_local_press_hpa__rise,sj01_local_press_hpa__rise,0.015625,0.015625
injected,sj01_local_press_hpa__rise,1.0,15.0,18,17,166,False,False,False,False,False,0,,cu01_local_temp_avg_c__rise,cu01_local_temp_avg_c__rise,0.046142578125,0.01123046875
injected,sj01_local_press_hpa__rise,1.0,15.0,19,20,168,False,False,False,False,False,0,,cu01_local_temp_avg_c__rise,cu01_local_temp_avg_c__rise,0.0384063720703125,0.03271484375
injected,sj01_local_press_hpa__rise,1.0,15.0,20,15,166,False,False,False,False,False,0,,cu01_local_temp_avg_c__rise,cu01_local_temp_avg_c__rise,0.046142578125,0.01123046875
injected,sj01_local_press_hpa__rise,1.0,15.0,21,18,169,False,False,True,False,False,0,,sj01_local_press_hpa__rise,sj01_local_press_hpa__rise,0.005859375,0.005859375
injected,sj01_local_press_hpa__rise,1.0,15.0,22,22,170,True,True,True,False,False,1,sj01_local_press_hpa__rise,sj01_local_press_hpa__rise,sj01_local_press_hpa__rise,0.003173828125,0.003173828125
injected,sj01_local_press_hpa__rise,1.0,15.0,23,21,170,True,True,True,False,False,1,sj01_local_press_hpa__rise,sj01_local_press_hpa__rise,sj01_local_press_hpa__rise,0.003173828125,0.003173828125
injected,sj01_local_press_hpa__rise,1.0,15.0,24,23,171,True,True,True,False,False,1,sj01_local_press_hpa__rise,sj01_local_press_hpa__rise,sj01_local_press_hpa__rise,0.00048828125,0.00048828125
injected,sj01_local_press_hpa__rise,1.0,15.0,25,23,171,True,True,True,False,False,1,sj01_local_press_hpa__rise,sj01_local_press_hpa__rise,sj01_local_press_hpa__rise,0.000244140625,0.000244140625
injected,sj01_local_press_hpa__rise,1.0,15.0,26,14,167,False,False,False,False,False,0,,cu01_local_temp_avg_c__rise,cu01_local_temp_avg_c__rise,0.0546875,0.03271484375
injected,sj01_local_press_hpa__rise,1.0,15.0,27,19,171,True,True,True,False,False,1,sj01_local_press_hpa__rise,sj01_local_press_hpa__rise,sj01_local_press_hpa__rise,0.0009765625,0.0009765625
injected,sj01_local_press_hpa__rise,1.0,15.0,28,20,168,False,False,False,True,False,0,,,cu01_local_temp_avg_c__rise;sj01_local_press_hpa__rise,0.03271484375,0.03271484375
injected,sj01_local_press_hpa__rise,1.0,15.0,29,16,168,False,False,True,False,False,0,,sj01_local_press_hpa__rise,sj01_local_press_hpa__rise,0.005859375,0.005859375
injected,sj01_local_press_hpa__rise,1.0,15.0,30,18,168,False,False,True,False,False,0,,sj01_local_press_hpa__rise,sj01_local_press_hpa__rise,0.005859375,0.005859375
injected,sj01_local_press_hpa__rise,1.0,15.0,31,24,172,True,True,True,False,False,1,sj01_local_press_hpa__rise,sj01_local_press_hpa__rise,sj01_local_press_hpa__rise,0.00091552734375,0.00091552734375
injected,sj01_local_press_hpa__rise,1.0,15.0,32,20,166,False,False,False,False,False,0,,cu01_local_temp_avg_c__rise,cu01_local_temp_avg_c__rise,0.072998046875,0.03271484375
injected,sj01_local_press_hpa__rise,1.0,15.0,33,21,170,False,False,True,False,False,0,,sj01_local_press_hpa__rise,sj01_local_press_hpa__rise,0.0064697265625,0.0064697265625
injected,sj01_local_press_hpa__rise,1.0,15.0,34,19,169,False,False,True,False,False,0,,sj01_local_press_hpa__rise,sj01_local_press_hpa__rise,0.01123046875,0.01123046875
injected,sj01_local_press_hpa__rise,1.0,15.0,35,22,169,False,False,True,False,False,0,,sj01_local_press_hpa__rise,sj01_local_press_hpa__rise,0.0064697265625,0.0064697265625
injected,sj01_local_press_hpa__rise,1.0,15.0,36,19,168,True,True,True,False,False,1,sj01_local_press_hpa__rise,sj01_local_press_hpa__rise,sj01_local_press_hpa__rise,0.00390625,0.00390625
injected,sj01_local_press_hpa__rise,1.0,15.0,37,18,166,False,False,False,False,False,0,,cu01_local_temp_avg_c__rise,cu01_local_temp_avg_c__rise,0.046142578125,0.01123046875
injected,sj01_local_press_hpa__rise,1.0,15.0,38,22,172,True,True,True,False,False,1,sj01_local_press_hpa__rise,sj01_local_press_hpa__rise,sj01_local_press_hpa__rise,0.001708984375,0.001708984375
injected,sj01_local_press_hpa__rise,1.0,15.0,39,24,173,True,True,True,False,False,1,sj01_local_press_hpa__rise,sj01_local_press_hpa__rise,sj01_local_press_hpa__rise,0.0001220703125,0.0001220703125
injected,sj01_local_press_hpa__rise,1.0,15.0,40,23,170,True,True,True,False,False,1,sj01_local_press_hpa__rise,sj01_local_press_hpa__rise,sj01_local_press_hpa__rise,0.00048828125,0.00048828125
injected,sj01_local_press_hpa__rise,1.0,15.0,41,18,168,False,False,False,False,False,0,,cu01_local_temp_avg_c__rise,cu01_local_temp_avg_c__rise,0.0286865234375,0.019287109375
injected,sj01_local_press_hpa__rise,1.0,15.0,42,20,170,True,True,True,False,False,1,sj01_local_press_hpa__rise,sj01_local_press_hpa__rise,sj01_local_press_hpa__rise,0.003173828125,0.003173828125
injected,sj01_local_press_hpa__rise,1.0,15.0,43,18,168,False,False,True,False,False,0,,sj01_local_press_hpa__rise,sj01_local_press_hpa__rise,0.0107421875,0.0107421875
injected,sj01_local_press_hpa__rise,1.0,15.0,44,23,170,True,True,True,False,False,1,sj01_local_press_hpa__rise,sj01_local_press_hpa__rise,sj01_local_press_hpa__rise,0.003173828125,0.003173828125
injected,sj01_local_press_hpa__rise,1.0,15.0,45,22,172,True,True,True,False,False,1,sj01_local_press_hpa__rise,sj01_local_press_hpa__rise,sj01_local_press_hpa__rise,0.001708984375,0.001708984375
injected,sj01_local_press_hpa__rise,1.0,15.0,46,23,171,True,True,True,False,False,1,sj01_local_press_hpa__rise,sj01_local_press_hpa__rise,sj01_local_press_hpa__rise,0.001708984375,0.001708984375
injected,sj01_local_press_hpa__rise,1.0,15.0,47,19,169,False,False,True,False,False,0,,sj01_local_press_hpa__rise,sj01_local_press_hpa__rise,0.017578125,0.017578125
injected,sj01_local_press_hpa__rise,1.0,15.0,48,20,168,False,False,False,False,False,0,,cu01_local_temp_avg_c__rise,cu01_local_temp_avg_c__rise,0.017578125,0.01123046875
injected,sj01_local_press_hpa__rise,1.0,15.0,49,17,170,False,False,True,False,False,0,,sj01_local_press_hpa__rise,sj01_local_press_hpa__rise,0.0064697265625,0.0064697265625
injected,sj01_local_press_hpa__rise,1.0,15.0,50,22,172,True,True,True,False,False,1,sj01_local_press_hpa__rise,sj01_local_press_hpa__rise,sj01_local_press_hpa__rise,0.001708984375,0.001708984375
injected,sj01_local_press_hpa__rise,1.0,15.0,51,19,170,False,False,True,False,False,0,,sj01_local_press_hpa__rise,sj01_local_press_hpa__rise,0.005859375,0.005859375
injected,sj01_local_press_hpa__rise,1.0,15.0,52,19,170,True,True,True,False,False,1,sj01_local_press_hpa__rise,sj01_local_press_hpa__rise,sj01_local_press_hpa__rise,0.003173828125,0.003173828125
injected,sj01_local_press_hpa__rise,1.0,15.0,53,20,171,True,True,True,False,False,1,sj01_local_press_hpa__rise,sj01_local_press_hpa__rise,sj01_local_press_hpa__rise,0.003173828125,0.003173828125
injected,sj01_local_press_hpa__rise,1.0,15.0,54,16,169,False,False,True,False,False,0,,sj01_local_press_hpa__rise,sj01_local_press_hpa__rise,0.005859375,0.005859375
injected,sj01_local_press_hpa__rise,1.0,15.0,55,17,166,False,False,False,False,False,0,,cu01_local_temp_avg_c__rise,cu01_local_temp_avg_c__rise,0.0546875,0.019287109375
injected,sj01_local_press_hpa__rise,1.0,15.0,56,16,167,False,False,True,False,False,0,,sj01_local_press_hpa__rise,sj01_local_press_hpa__rise,0.01953125,0.01953125
injected,sj01_local_press_hpa__rise,1.0,15.0,57,19,170,True,True,True,False,False,1,sj01_local_press_hpa__rise,sj01_local_press_hpa__rise,sj01_local_press_hpa__rise,0.0009765625,0.0009765625
injected,sj01_local_press_hpa__rise,1.0,15.0,58,20,170,True,True,True,False,False,1,sj01_local_press_hpa__rise,sj01_local_press_hpa__rise,sj01_local_press_hpa__rise,0.003173828125,0.003173828125
injected,sj01_local_press_hpa__rise,1.0,15.0,59,18,169,False,False,True,False,False,0,,sj01_local_press_hpa__rise,sj01_local_press_hpa__rise,0.017578125,0.017578125
injected,sj01_local_press_hpa__rise,1.0,15.0,60,24,173,True,True,True,False,False,1,sj01_local_press_hpa__rise,sj01_local_press_hpa__rise,sj01_local_press_hpa__rise,0.0001220703125,0.0001220703125
injected,sj01_local_press_hpa__rise,1.0,15.0,61,17,166,False,False,False,False,False,0,,cu01_local_temp_avg_c__rise,cu01_local_temp_avg_c__rise,0.072998046875,0.01123046875
injected,sj01_local_press_hpa__rise,1.0,15.0,62,21,169,True,True,True,False,False,1,sj01_local_press_hpa__rise,sj01_local_press_hpa__rise,sj01_local_press_hpa__rise,0.003173828125,0.003173828125
injected,sj01_local_press_hpa__rise,1.0,15.0,63,21,171,True,True,True,False,False,1,sj01_local_press_hpa__rise,sj01_local_press_hpa__rise,sj01_local_press_hpa__rise,0.00048828125,0.00048828125
injected,sj01_local_press_hpa__rise,1.0,15.0,64,20,169,False,False,True,False,False,0,,sj01_local_press_hpa__rise,sj01_local_press_hpa__rise,0.005859375,0.005859375
injected,sj01_local_press_hpa__rise,1.0,15.0,65,20,170,True,True,True,False,False,1,sj01_local_press_hpa__rise,sj01_local_press_hpa__rise,sj01_local_press_hpa__rise,0.0009765625,0.0009765625
injected,sj01_local_press_hpa__rise,1.0,15.0,66,19,169,False,False,True,False,False,0,,sj01_local_press_hpa__rise,sj01_local_press_hpa__rise,0.017578125,0.017578125
injected,sj01_local_press_hpa__rise,1.0,15.0,67,17,168,False,False,True,False,False,0,,sj01_local_press_hpa__rise,sj01_local_press_hpa__rise,0.005859375,0.005859375
injected,sj01_local_press_hpa__rise,1.0,15.0,68,22,171,True,True,True,False,False,1,sj01_local_press_hpa__rise,sj01_local_press_hpa__rise,sj01_local_press_hpa__rise,0.00048828125,0.00048828125
injected,sj01_local_press_hpa__rise,1.0,15.0,69,17,169,False,False,True,False,False,0,,sj01_local_press_hpa__rise,sj01_local_press_hpa__rise,0.0064697265625,0.0064697265625
injected,sj01_local_press_hpa__rise,1.0,15.0,70,19,168,False,False,True,False,False,0,,sj01_local_press_hpa__rise,sj01_local_press_hpa__rise,0.0107421875,0.0107421875
injected,sj01_local_press_hpa__rise,1.0,15.0,71,19,166,False,False,False,False,False,0,,cu01_local_temp_avg_c__rise,cu01_local_temp_avg_c__rise,0.03271484375,0.019287109375
injected,sj01_local_press_hpa__rise,1.0,15.0,72,22,169,True,True,True,False,False,1,sj01_local_press_hpa__rise,sj01_local_press_hpa__rise,sj01_local_press_hpa__rise,0.003173828125,0.003173828125
injected,sj01_local_press_hpa__rise,1.0,15.0,73,20,170,True,True,True,False,False,1,sj01_local_press_hpa__rise,sj01_local_press_hpa__rise,sj01_local_press_hpa__rise,0.00048828125,0.00048828125
injected,sj01_local_press_hpa__rise,1.0,15.0,74,17,168,False,False,True,False,False,0,,sj01_local_press_hpa__rise,sj01_local_press_hpa__rise,0.0107421875,0.0107421875
injected,sj01_local_press_hpa__rise,1.0,15.0,75,26,173,True,True,True,False,False,1,sj01_local_press_hpa__rise,sj01_local_press_hpa__rise,sj01_local_press_hpa__rise,0.0001220703125,0.0001220703125
injected,sj01_local_press_hpa__rise,1.0,15.0,76,16,170,False,False,True,False,False,0,,sj01_local_press_hpa__rise,sj01_local_press_hpa__rise,0.005859375,0.005859375
injected,sj01_local_press_hpa__rise,1.0,15.0,77,17,168,False,False,False,True,False,0,,,cu01_local_temp_avg_c__rise;sj01_local_press_hpa__rise,0.019287109375,0.019287109375
injected,sj01_local_press_hpa__rise,1.0,15.0,78,20,171,True,True,True,False,False,1,sj01_local_press_hpa__rise,sj01_local_press_hpa__rise,sj01_local_press_hpa__rise,0.001708984375,0.001708984375
injected,sj01_local_press_hpa__rise,1.0,15.0,79,16,169,True,True,True,False,False,1,sj01_local_press_hpa__rise,sj01_local_press_hpa__rise,sj01_local_press_hpa__rise,0.003173828125,0.003173828125
injected,sj01_local_press_hpa__rise,1.0,15.0,80,21,170,True,True,True,False,False,1,sj01_local_press_hpa__rise,sj01_local_press_hpa__rise,sj01_local_press_hpa__rise,0.001708984375,0.001708984375
injected,sj01_local_press_hpa__rise,1.0,15.0,81,21,171,True,True,True,False,False,1,sj01_local_press_hpa__rise,sj01_local_press_hpa__rise,sj01_local_press_hpa__rise,0.003173828125,0.003173828125
injected,sj01_local_press_hpa__rise,1.0,15.0,82,18,169,False,False,True,False,False,0,,sj01_local_press_hpa__rise,sj01_local_press_hpa__rise,0.01123046875,0.01123046875
injected,sj01_local_press_hpa__rise,1.0,15.0,83,21,169,True,True,True,False,False,1,sj01_local_press_hpa__rise,sj01_local_press_hpa__rise,sj01_local_press_hpa__rise,0.003173828125,0.003173828125
injected,sj01_local_press_hpa__rise,1.0,15.0,84,21,170,False,False,True,False,False,0,,sj01_local_press_hpa__rise,sj01_local_press_hpa__rise,0.0064697265625,0.0064697265625
injected,sj01_local_press_hpa__rise,1.0,15.0,85,18,169,True,True,True,False,False,1,sj01_local_press_hpa__rise,sj01_local_press_hpa__rise,sj01_local_press_hpa__rise,0.0009765625,0.0009765625
injected,sj01_local_press_hpa__rise,1.0,15.0,86,22,171,True,True,True,False,False,1,sj01_local_press_hpa__rise,sj01_local_press_hpa__rise,sj01_local_press_hpa__rise,0.000244140625,0.000244140625
injected,sj01_local_press_hpa__rise,1.0,15.0,87,23,171,False,False,True,False,False,0,,sj01_local_press_hpa__rise,sj01_local_press_hpa__rise,0.0064697265625,0.0064697265625
injected,sj01_local_press_hpa__rise,1.0,15.0,88,18,168,False,False,False,False,False,0,,cu01_local_temp_avg_c__rise,cu01_local_temp_avg_c__rise,0.0286865234375,0.019287109375
injected,sj01_local_press_hpa__rise,1.0,15.0,89,18,166,False,False,False,False,False,0,,cu01_local_temp_avg_c__rise,cu01_local_temp_avg_c__rise,0.03271484375,0.019287109375
injected,sj01_local_press_hpa__rise,1.0,15.0,90,19,169,True,True,True,False,False,1,sj01_local_press_hpa__rise,sj01_local_press_hpa__rise,sj01_local_press_hpa__rise,0.003173828125,0.003173828125
injected,sj01_local_press_hpa__rise,1.0,15.0,91,19,169,False,False,True,False,False,0,,sj01_local_press_hpa__rise,sj01_local_press_hpa__rise,0.005859375,0.005859375
injected,sj01_local_press_hpa__rise,1.0,15.0,92,14,168,False,False,False,False,False,0,,cu01_local_temp_avg_c__rise,cu01_local_temp_avg_c__rise,0.019287109375,0.01123046875
injected,sj01_local_press_hpa__rise,1.0,15.0,93,21,170,True,True,True,False,False,1,sj01_local_press_hpa__rise,sj01_local_press_hpa__rise,sj01_local_press_hpa__rise,0.003173828125,0.003173828125
injected,sj01_local_press_hpa__rise,1.0,15.0,94,23,170,False,False,True,False,False,0,,sj01_local_press_hpa__rise,sj01_local_press_hpa__rise,0.0106353759765625,0.0106353759765625
injected,sj01_local_press_hpa__rise,1.0,15.0,95,17,170,True,True,True,False,False,1,sj01_local_press_hpa__rise,sj01_local_press_hpa__rise,sj01_local_press_hpa__rise,0.003173828125,0.003173828125
injected,sj01_local_press_hpa__rise,1.0,15.0,96,16,166,False,False,False,False,False,0,,cu01_local_temp_avg_c__rise,cu01_local_temp_avg_c__rise,0.0546875,0.03271484375
injected,sj01_local_press_hpa__rise,1.0,15.0,97,21,170,True,True,True,False,False,1,sj01_local_press_hpa__rise,sj01_local_press_hpa__rise,sj01_local_press_hpa__rise,0.003173828125,0.003173828125
injected,sj01_local_press_hpa__rise,1.0,15.0,98,20,170,False,False,True,False,False,0,,sj01_local_press_hpa__rise,sj01_local_press_hpa__rise,0.005859375,0.005859375
injected,sj01_local_press_hpa__rise,1.0,15.0,99,21,170,False,False,True,False,False,0,,sj01_local_press_hpa__rise,sj01_local_press_hpa__rise,0.005859375,0.005859375
injected,sj01_local_press_hpa__rise,1.0,30.0,0,24,172,False,False,True,False,False,0,,sj01_local_press_hpa__rise,sj01_local_press_hpa__rise,0.005859375,0.005859375
injected,sj01_local_press_hpa__rise,1.0,30.0,1,22,172,False,False,True,False,False,0,,sj01_local_press_hpa__rise,sj01_local_press_hpa__rise,0.005859375,0.005859375
injected,sj01_local_press_hpa__rise,1.0,30.0,2,18,168,False,False,False,True,False,0,,,cu01_local_temp_avg_c__rise;sj01_local_temp_avg_c__fall,0.0286865234375,0.019287109375
injected,sj01_local_press_hpa__rise,1.0,30.0,3,18,172,False,False,True,False,False,0,,sj01_local_press_hpa__rise,sj01_local_press_hpa__rise,0.005859375,0.005859375
injected,sj01_local_press_hpa__rise,1.0,30.0,4,18,168,False,False,False,False,False,0,,sj01_local_temp_avg_c__fall,sj01_local_temp_avg_c__fall,0.019287109375,0.01123046875
injected,sj01_local_press_hpa__rise,1.0,30.0,5,19,171,False,False,False,False,False,0,,cu01_local_temp_avg_c__rise,cu01_local_temp_avg_c__rise,0.0286865234375,0.019287109375
injected,sj01_local_press_hpa__rise,1.0,30.0,6,16,169,False,False,False,False,False,0,,cu01_local_temp_avg_c__rise,cu01_local_temp_avg_c__rise,0.0286865234375,0.019287109375
injected,sj01_local_press_hpa__rise,1.0,30.0,7,17,169,False,False,False,True,False,0,,,cu01_local_temp_avg_c__rise;sj01_local_temp_avg_c__fall,0.03271484375,0.019287109375
injected,sj01_local_press_hpa__rise,1.0,30.0,8,17,166,False,False,False,False,False,0,,cu01_local_temp_avg_c__rise,cu01_local_temp_avg_c__rise,0.1334228515625,0.019287109375
injected,sj01_local_press_hpa__rise,1.0,30.0,9,22,171,False,False,True,False,False,0,,sj01_local_press_hpa__rise,sj01_local_press_hpa__rise,0.01123046875,0.01123046875
injected,sj01_local_press_hpa__rise,1.0,30.0,10,19,171,False,False,True,False,False,0,,sj01_local_press_hpa__rise,sj01_local_press_hpa__rise,0.0064697265625,0.0064697265625
injected,sj01_local_press_hpa__rise,1.0,30.0,11,22,173,True,True,True,False,False,1,sj01_local_press_hpa__rise,sj01_local_press_hpa__rise,sj01_local_press_hpa__rise,0.0009765625,0.0009765625
injected,sj01_local_press_hpa__rise,1.0,30.0,12,19,170,False,False,False,False,False,0,,cu01_local_temp_avg_c__rise,cu01_local_temp_avg_c__rise,0.03271484375,0.019287109375
injected,sj01_local_press_hpa__rise,1.0,30.0,13,17,169,False,False,False,True,False,0,,,cu01_local_temp_avg_c__rise;sj01_local_temp_avg_c__fall,0.01953125,0.019287109375
injected,sj01_local_press_hpa__rise,1.0,30.0,14,19,170,False,False,False,False,False,0,,sj01_local_temp_avg_c__fall,sj01_local_temp_avg_c__fall,0.019287109375,0.01123046875
injected,sj01_local_press_hpa__rise,1.0,30.0,15,21,170,False,False,False,True,False,0,,,cu01_local_temp_avg_c__rise;sj01_local_temp_avg_c__fall,0.0286865234375,0.019287109375
injected,sj01_local_press_hpa__rise,1.0,30.0,16,16,167,False,False,False,True,False,0,,,cu01_local_temp_avg_c__rise;sj01_local_temp_avg_c__fall,0.05923461914062499,0.019287109375
injected,sj01_local_press_hpa__rise,1.0,30.0,17,15,168,False,False,True,False,False,0,,sj01_local_press_hpa__rise,sj01_local_press_hpa__rise,0.015625,0.015625
injected,sj01_local_press_hpa__rise,1.0,30.0,18,17,168,False,False,False,False,False,0,,cu01_local_temp_avg_c__rise,cu01_local_temp_avg_c__rise,0.046142578125,0.019287109375
injected,sj01_local_press_hpa__rise,1.0,30.0,19,20,169,False,False,True,False,False,0,,sj01_local_press_hpa__rise,sj01_local_press_hpa__rise,0.01544189453125,0.01544189453125
injected,sj01_local_press_hpa__rise,1.0,30.0,20,15,167,False,False,True,False,False,0,,sj01_local_press_hpa__rise,sj01_local_press_hpa__rise,0.017578125,0.017578125
injected,sj01_local_press_hpa__rise,1.0,30.0,21,18,171,False,False,True,False,False,0,,sj01_local_press_hpa__rise,sj01_local_press_hpa__rise,0.005859375,0.005859375
injected,sj01_local_press_hpa__rise,1.0,30.0,22,22,170,False,False,True,False,False,0,,sj01_local_press_hpa__rise,sj01_local_press_hpa__rise,0.005859375,0.005859375
injected,sj01_local_press_hpa__rise,1.0,30.0,23,21,170,False,False,True,False,False,0,,sj01_local_press_hpa__rise,sj01_local_press_hpa__rise,0.0064697265625,0.0064697265625
injected,sj01_local_press_hpa__rise,1.0,30.0,24,23,172,True,True,True,False,False,1,sj01_local_press_hpa__rise,sj01_local_press_hpa__rise,sj01_local_press_hpa__rise,0.0009765625,0.0009765625
injected,sj01_local_press_hpa__rise,1.0,30.0,25,23,174,True,True,True,False,False,1,sj01_local_press_hpa__rise,sj01_local_press_hpa__rise,sj01_local_press_hpa__rise,0.00048828125,0.00048828125
injected,sj01_local_press_hpa__rise,1.0,30.0,26,14,167,False,False,False,False,False,0,,cu01_local_temp_avg_c__rise,cu01_local_temp_avg_c__rise,0.0546875,0.019287109375
injected,sj01_local_press_hpa__rise,1.0,30.0,27,19,172,True,True,True,False,False,1,sj01_local_press_hpa__rise,sj01_local_press_hpa__rise,sj01_local_press_hpa__rise,0.0009765625,0.0009765625
injected,sj01_local_press_hpa__rise,1.0,30.0,28,20,170,False,False,False,True,False,0,,,cu01_local_temp_avg_c__rise;sj01_local_press_hpa__rise,0.019287109375,0.019287109375
injected,sj01_local_press_hpa__rise,1.0,30.0,29,16,168,False,False,False,False,False,0,,sj01_local_temp_avg_c__fall,sj01_local_temp_avg_c__fall,0.015625,0.01123046875
injected,sj01_local_press_hpa__rise,1.0,30.0,30,18,169,False,False,False,True,False,0,,,sj01_local_press_hpa__rise;sj01_local_temp_avg_c__fall,0.01123046875,0.01123046875
injected,sj01_local_press_hpa__rise,1.0,30.0,31,24,174,True,True,True,False,False,1,sj01_local_press_hpa__rise,sj01_local_press_hpa__rise,sj01_local_press_hpa__rise,0.001708984375,0.001708984375
injected,sj01_local_press_hpa__rise,1.0,30.0,32,20,168,False,False,False,False,False,0,,cu01_local_temp_avg_c__rise,cu01_local_temp_avg_c__rise,0.05923461914062499,0.019287109375
injected,sj01_local_press_hpa__rise,1.0,30.0,33,21,172,False,False,True,False,False,0,,sj01_local_press_hpa__rise,sj01_local_press_hpa__rise,0.01123046875,0.01123046875
injected,sj01_local_press_hpa__rise,1.0,30.0,34,19,171,False,False,True,False,False,0,,sj01_local_press_hpa__rise,sj01_local_press_hpa__rise,0.017578125,0.017578125
injected,sj01_local_press_hpa__rise,1.0,30.0,35,22,172,True,True,True,False,False,1,sj01_local_press_hpa__rise,sj01_local_press_hpa__rise,sj01_local_press_hpa__rise,0.003692626953125,0.003692626953125
injected,sj01_local_press_hpa__rise,1.0,30.0,36,19,168,False,False,False,False,False,0,,sj01_local_temp_avg_c__fall,sj01_local_temp_avg_c__fall,0.01953125,0.01123046875
injected,sj01_local_press_hpa__rise,1.0,30.0,37,18,169,False,False,False,False,False,0,,cu01_local_temp_avg_c__rise,cu01_local_temp_avg_c__rise,0.0384063720703125,0.019287109375
injected,sj01_local_press_hpa__rise,1.0,30.0,38,22,174,True,True,True,False,False,1,sj01_local_press_hpa__rise,sj01_local_press_hpa__rise,sj01_local_press_hpa__rise,0.003173828125,0.003173828125
injected,sj01_local_press_hpa__rise,1.0,30.0,39,24,174,True,True,True,False,False,1,sj01_local_press_hpa__rise,sj01_local_press_hpa__rise,sj01_local_press_hpa__rise,0.000244140625,0.000244140625
injected,sj01_local_press_hpa__rise,1.0,30.0,40,23,173,True,True,True,False,False,1,sj01_local_press_hpa__rise,sj01_local_press_hpa__rise,sj01_local_press_hpa__rise,0.00048828125,0.00048828125
injected,sj01_local_press_hpa__rise,1.0,30.0,41,18,170,False,False,False,True,False,0,,,cu01_local_temp_avg_c__rise;sj01_local_temp_avg_c__fall,0.0384063720703125,0.019287109375
injected,sj01_local_press_hpa__rise,1.0,30.0,42,20,170,False,False,True,False,False,0,,sj01_local_press_hpa__rise,sj01_local_press_hpa__rise,0.01123046875,0.01123046875
injected,sj01_local_press_hpa__rise,1.0,30.0,43,18,168,False,False,False,False,False,0,,cu01_local_temp_avg_c__rise,cu01_local_temp_avg_c__rise,0.0625,0.019287109375
injected,sj01_local_press_hpa__rise,1.0,30.0,44,23,172,False,False,True,False,False,0,,sj01_local_press_hpa__rise,sj01_local_press_hpa__rise,0.005859375,0.005859375
injected,sj01_local_press_hpa__rise,1.0,30.0,45,22,173,True,True,True,False,False,1,sj01_local_press_hpa__rise,sj01_local_press_hpa__rise,sj01_local_press_hpa__rise,0.003173828125,0.003173828125
injected,sj01_local_press_hpa__rise,1.0,30.0,46,23,171,False,False,True,False,False,0,,sj01_local_press_hpa__rise,sj01_local_press_hpa__rise,0.005859375,0.005859375
injected,sj01_local_press_hpa__rise,1.0,30.0,47,19,170,False,False,True,False,False,0,,sj01_local_press_hpa__rise,sj01_local_press_hpa__rise,0.017578125,0.017578125
injected,sj01_local_press_hpa__rise,1.0,30.0,48,20,170,False,False,False,False,False,0,,cu01_local_temp_avg_c__rise,cu01_local_temp_avg_c__rise,0.0286865234375,0.019287109375
injected,sj01_local_press_hpa__rise,1.0,30.0,49,17,171,False,False,True,False,False,0,,sj01_local_press_hpa__rise,sj01_local_press_hpa__rise,0.0106353759765625,0.0106353759765625
injected,sj01_local_press_hpa__rise,1.0,30.0,50,22,173,True,True,True,False,False,1,sj01_local_press_hpa__rise,sj01_local_press_hpa__rise,sj01_local_press_hpa__rise,0.003173828125,0.003173828125
injected,sj01_local_press_hpa__rise,1.0,30.0,51,19,172,False,False,True,False,False,0,,sj01_local_press_hpa__rise,sj01_local_press_hpa__rise,0.0107421875,0.0107421875
injected,sj01_local_press_hpa__rise,1.0,30.0,52,19,172,False,False,True,False,False,0,,sj01_local_press_hpa__rise,sj01_local_press_hpa__rise,0.0106353759765625,0.0106353759765625
injected,sj01_local_press_hpa__rise,1.0,30.0,53,20,171,False,False,True,False,False,0,,sj01_local_press_hpa__rise,sj01_local_press_hpa__rise,0.005859375,0.005859375
injected,sj01_local_press_hpa__rise,1.0,30.0,54,16,170,False,False,True,False,False,0,,sj01_local_press_hpa__rise,sj01_local_press_hpa__rise,0.0107421875,0.0107421875
injected,sj01_local_press_hpa__rise,1.0,30.0,55,17,166,False,False,False,False,False,0,,cu01_local_temp_avg_c__rise,cu01_local_temp_avg_c__rise,0.11328125,0.019287109375
injected,sj01_local_press_hpa__rise,1.0,30.0,56,16,168,False,False,False,True,False,0,,,cu01_local_temp_avg_c__rise;sj01_local_temp_avg_c__fall,0.046142578125,0.019287109375
injected,sj01_local_press_hpa__rise,1.0,30.0,57,19,171,True,True,True,False,False,1,sj01_local_press_hpa__rise,sj01_local_press_hpa__rise,sj01_local_press_hpa__rise,0.001953125,0.001953125
injected,sj01_local_press_hpa__rise,1.0,30.0,58,20,170,False,False,False,False,False,0,,cu01_local_temp_avg_c__rise,cu01_local_temp_avg_c__rise,0.01953125,0.019287109375
injected,sj01_local_press_hpa__rise,1.0,30.0,59,18,170,False,False,False,True,False,0,,,cu01_local_temp_avg_c__rise;sj01_local_temp_avg_c__fall,0.0286865234375,0.019287109375
injected,sj01_local_press_hpa__rise,1.0,30.0,60,24,176,True,True,True,False,False,1,sj01_local_press_hpa__rise,sj01_local_press_hpa__rise,sj01_local_press_hpa__rise,0.000244140625,0.000244140625
injected,sj01_local_press_hpa__rise,1.0,30.0,61,17,169,False,False,False,False,False,0,,cu01_local_temp_avg_c__rise,cu01_local_temp_avg_c__rise,0.0286865234375,0.019287109375
injected,sj01_local_press_hpa__rise,1.0,30.0,62,21,171,False,False,True,False,False,0,,sj01_local_press_hpa__rise,sj01_local_press_hpa__rise,0.005859375,0.005859375
injected,sj01_local_press_hpa__rise,1.0,30.0,63,21,175,True,True,True,False,False,1,sj01_local_press_hpa__rise,sj01_local_press_hpa__rise,sj01_local_press_hpa__rise,0.00048828125,0.00048828125
injected,sj01_local_press_hpa__rise,1.0,30.0,64,20,171,False,False,False,True,False,0,,,sj01_local_press_hpa__rise;sj01_local_temp_avg_c__fall,0.01123046875,0.01123046875
injected,sj01_local_press_hpa__rise,1.0,30.0,65,20,172,True,True,True,False,False,1,sj01_local_press_hpa__rise,sj01_local_press_hpa__rise,sj01_local_press_hpa__rise,0.003173828125,0.003173828125
injected,sj01_local_press_hpa__rise,1.0,30.0,66,19,168,False,False,False,True,False,0,,,cu01_local_temp_avg_c__rise;sj01_local_temp_avg_c__fall,0.0245208740234375,0.019287109375
injected,sj01_local_press_hpa__rise,1.0,30.0,67,17,171,False,False,True,False,False,0,,sj01_local_press_hpa__rise,sj01_local_press_hpa__rise,0.01123046875,0.01123046875
injected,sj01_local_press_hpa__rise,1.0,30.0,68,22,172,True,True,True,False,False,1,sj01_local_press_hpa__rise,sj01_local_press_hpa__rise,sj01_local_press_hpa__rise,0.001953125,0.001953125
injected,sj01_local_press_hpa__rise,1.0,30.0,69,17,171,False,False,True,False,False,0,,sj01_local_press_hpa__rise,sj01_local_press_hpa__rise,0.0106353759765625,0.0106353759765625
injected,sj01_local_press_hpa__rise,1.0,30.0,70,19,170,False,False,False,True,False,0,,,cu01_local_temp_avg_c__rise;sj01_local_press_hpa__rise;sj01_local_temp_avg_c__fall,0.019287109375,0.019287109375
injected,sj01_local_press_hpa__rise,1.0,30.0,71,19,169,False,False,False,False,False,0,,cu01_local_temp_avg_c__rise,cu01_local_temp_avg_c__rise,0.0546875,0.019287109375
injected,sj01_local_press_hpa__rise,1.0,30.0,72,22,171,False,False,False,False,False,0,,sj01_local_temp_avg_c__fall,sj01_local_temp_avg_c__fall,0.017578125,0.01123046875
injected,sj01_local_press_hpa__rise,1.0,30.0,73,20,173,False,False,True,False,False,0,,sj01_local_press_hpa__rise,sj01_local_press_hpa__rise,0.005859375,0.005859375
injected,sj01_local_press_hpa__rise,1.0,30.0,74,17,168,False,False,False,False,False,0,,sj01_local_temp_avg_c__fall,sj01_local_temp_avg_c__fall,0.019287109375,0.01123046875
injected,sj01_local_press_hpa__rise,1.0,30.0,75,26,174,True,True,True,False,False,1,sj01_local_press_hpa__rise,sj01_local_press_hpa__rise,sj01_local_press_hpa__rise,0.00048828125,0.00048828125
injected,sj01_local_press_hpa__rise,1.0,30.0,76,16,171,False,False,True,False,False,0,,sj01_local_press_hpa__rise,sj01_local_press_hpa__rise,0.005859375,0.005859375
injected,sj01_local_press_hpa__rise,1.0,30.0,77,17,169,False,False,False,False,False,0,,sj01_local_temp_avg_c__fall,sj01_local_temp_avg_c__fall,0.0286865234375,0.01123046875
injected,sj01_local_press_hpa__rise,1.0,30.0,78,20,170,False,False,False,False,False,0,,sj01_local_temp_avg_c__fall,sj01_local_temp_avg_c__fall,0.019287109375,0.01123046875
injected,sj01_local_press_hpa__rise,1.0,30.0,79,16,170,False,False,True,False,False,0,,sj01_local_press_hpa__rise,sj01_local_press_hpa__rise,0.0107421875,0.0107421875
injected,sj01_local_press_hpa__rise,1.0,30.0,80,21,171,False,False,True,False,False,0,,sj01_local_press_hpa__rise,sj01_local_press_hpa__rise,0.005859375,0.005859375
injected,sj01_local_press_hpa__rise,1.0,30.0,81,21,172,False,False,True,False,False,0,,sj01_local_press_hpa__rise,sj01_local_press_hpa__rise,0.0064697265625,0.0064697265625
injected,sj01_local_press_hpa__rise,1.0,30.0,82,18,168,False,False,False,True,False,0,,,cu01_local_temp_avg_c__rise;sj01_local_temp_avg_c__fall,0.03271484375,0.019287109375
injected,sj01_local_press_hpa__rise,1.0,30.0,83,21,173,False,False,True,False,False,0,,sj01_local_press_hpa__rise,sj01_local_press_hpa__rise,0.005859375,0.005859375
injected,sj01_local_press_hpa__rise,1.0,30.0,84,21,173,False,False,True,False,False,0,,sj01_local_press_hpa__rise,sj01_local_press_hpa__rise,0.017578125,0.017578125
injected,sj01_local_press_hpa__rise,1.0,30.0,85,18,169,False,False,True,False,False,0,,sj01_local_press_hpa__rise,sj01_local_press_hpa__rise,0.0107421875,0.0107421875
injected,sj01_local_press_hpa__rise,1.0,30.0,86,22,173,True,True,True,False,False,1,sj01_local_press_hpa__rise,sj01_local_press_hpa__rise,sj01_local_press_hpa__rise,0.0009765625,0.0009765625
injected,sj01_local_press_hpa__rise,1.0,30.0,87,23,172,False,False,True,False,False,0,,sj01_local_press_hpa__rise,sj01_local_press_hpa__rise,0.01123046875,0.01123046875
injected,sj01_local_press_hpa__rise,1.0,30.0,88,18,168,False,False,False,True,False,0,,,cu01_local_temp_avg_c__rise;sj01_local_temp_avg_c__fall,0.05923461914062499,0.019287109375
injected,sj01_local_press_hpa__rise,1.0,30.0,89,18,168,False,False,False,True,False,0,,,cu01_local_temp_avg_c__rise;sj01_local_temp_avg_c__fall,0.072998046875,0.019287109375
injected,sj01_local_press_hpa__rise,1.0,30.0,90,19,170,False,False,True,False,False,0,,sj01_local_press_hpa__rise,sj01_local_press_hpa__rise,0.0107421875,0.0107421875
injected,sj01_local_press_hpa__rise,1.0,30.0,91,19,171,False,False,True,False,False,0,,sj01_local_press_hpa__rise,sj01_local_press_hpa__rise,0.005859375,0.005859375
injected,sj01_local_press_hpa__rise,1.0,30.0,92,14,169,False,False,False,False,False,0,,sj01_local_temp_avg_c__fall,sj01_local_temp_avg_c__fall,0.03271484375,0.01123046875
injected,sj01_local_press_hpa__rise,1.0,30.0,93,21,170,False,False,True,False,False,0,,sj01_local_press_hpa__rise,sj01_local_press_hpa__rise,0.0064697265625,0.0064697265625
injected,sj01_local_press_hpa__rise,1.0,30.0,94,23,171,False,False,True,False,False,0,,sj01_local_press_hpa__rise,sj01_local_press_hpa__rise,0.0063629150390625,0.0063629150390625
injected,sj01_local_press_hpa__rise,1.0,30.0,95,17,171,False,False,False,True,False,0,,,cu01_local_temp_avg_c__rise;sj01_local_press_hpa__rise,0.019287109375,0.019287109375
injected,sj01_local_press_hpa__rise,1.0,30.0,96,16,167,False,False,False,True,False,0,,,cu01_local_temp_avg_c__rise;sj01_local_temp_avg_c__fall,0.08984375,0.019287109375
injected,sj01_local_press_hpa__rise,1.0,30.0,97,21,171,True,True,True,False,False,1,sj01_local_press_hpa__rise,sj01_local_press_hpa__rise,sj01_local_press_hpa__rise,0.003692626953125,0.003692626953125
injected,sj01_local_press_hpa__rise,1.0,30.0,98,20,171,False,False,True,False,False,0,,sj01_local_press_hpa__rise,sj01_local_press_hpa__rise,0.005859375,0.005859375
injected,sj01_local_press_hpa__rise,1.0,30.0,99,21,171,False,False,False,False,False,0,,sj01_local_temp_avg_c__fall,sj01_local_temp_avg_c__fall,0.019287109375,0.01123046875
injected,sj01_local_press_hpa__rise,1.0,60.0,0,24,174,False,False,True,False,False,0,,sj01_local_press_hpa__rise,sj01_local_press_hpa__rise,0.005859375,0.005859375
injected,sj01_local_press_hpa__rise,1.0,60.0,1,22,172,False,False,True,False,False,0,,sj01_local_press_hpa__rise,sj01_local_press_hpa__rise,0.005859375,0.005859375
injected,sj01_local_press_hpa__rise,1.0,60.0,2,18,169,False,False,False,False,False,0,,cu01_local_temp_avg_c__rise,cu01_local_temp_avg_c__rise,0.109375,0.019287109375
injected,sj01_local_press_hpa__rise,1.0,60.0,3,18,171,False,False,True,False,False,0,,sj01_local_press_hpa__rise,sj01_local_press_hpa__rise,0.015625,0.015625
injected,sj01_local_press_hpa__rise,1.0,60.0,4,18,170,False,False,False,True,False,0,,,cu01_local_temp_avg_c__rise;sj01_local_press_hpa__rise,0.046142578125,0.046142578125
injected,sj01_local_press_hpa__rise,1.0,60.0,5,19,169,False,False,False,False,False,0,,cu01_local_temp_avg_c__rise,cu01_local_temp_avg_c__rise,0.05923461914062499,0.046142578125
injected,sj01_local_press_hpa__rise,1.0,60.0,6,16,166,False,False,False,True,False,0,,,cu01_local_temp_avg_c__rise;sj01_local_press_hpa__rise,0.046142578125,0.046142578125
injected,sj01_local_press_hpa__rise,1.0,60.0,7,17,170,False,False,False,False,False,0,,cu01_local_temp_avg_c__rise,cu01_local_temp_avg_c__rise,0.03271484375,0.019287109375
injected,sj01_local_press_hpa__rise,1.0,60.0,8,17,168,False,False,False,False,False,0,,cu01_local_temp_avg_c__rise,cu01_local_temp_avg_c__rise,0.19384765625,0.046142578125
injected,sj01_local_press_hpa__rise,1.0,60.0,9,22,173,False,False,False,False,False,0,,cu01_local_temp_avg_c__rise,cu01_local_temp_avg_c__rise,0.0286865234375,0.019287109375
injected,sj01_local_press_hpa__rise,1.0,60.0,10,19,170,False,False,False,True,False,0,,,cu01_local_temp_avg_c__rise;sj01_local_press_hpa__rise,0.019287109375,0.019287109375
injected,sj01_local_press_hpa__rise,1.0,60.0,11,22,172,False,False,True,False,False,0,,sj01_local_press_hpa__rise,sj01_local_press_hpa__rise,0.005859375,0.005859375
injected,sj01_local_press_hpa__rise,1.0,60.0,12,19,170,False,False,False,False,False,0,,cu01_local_temp_avg_c__rise,cu01_local_temp_avg_c__rise,0.072998046875,0.046142578125
injected,sj01_local_press_hpa__rise,1.0,60.0,13,17,167,False,False,False,False,False,0,,cu01_local_temp_avg_c__rise,cu01_local_temp_avg_c__rise,0.0546875,0.046142578125
injected,sj01_local_press_hpa__rise,1.0,60.0,14,19,169,False,False,True,False,False,0,,sj01_local_press_hpa__rise,sj01_local_press_hpa__rise,0.019287109375,0.019287109375
injected,sj01_local_press_hpa__rise,1.0,60.0,15,21,171,False,False,False,True,False,0,,,cu01_local_temp_avg_c__rise;sj01_local_press_hpa__rise,0.046142578125,0.046142578125
injected,sj01_local_press_hpa__rise,1.0,60.0,16,16,168,False,False,False,False,False,0,,cu01_local_temp_avg_c__rise,cu01_local_temp_avg_c__rise,0.05923461914062499,0.046142578125
injected,sj01_local_press_hpa__rise,1.0,60.0,17,15,168,False,False,False,False,False,0,,cu01_local_temp_avg_c__rise,cu01_local_temp_avg_c__rise,0.0625,0.019287109375
injected,sj01_local_press_hpa__rise,1.0,60.0,18,17,170,False,False,False,False,False,0,,cu01_local_temp_avg_c__rise,cu01_local_temp_avg_c__rise,0.1334228515625,0.046142578125
injected,sj01_local_press_hpa__rise,1.0,60.0,19,20,171,False,False,False,False,False,0,,cu01_local_temp_avg_c__rise,cu01_local_temp_avg_c__rise,0.1050567626953125,0.019287109375
injected,sj01_local_press_hpa__rise,1.0,60.0,20,15,168,False,False,False,False,False,0,,cu01_local_temp_avg_c__rise,cu01_local_temp_avg_c__rise,0.08978271484375,0.019287109375
injected,sj01_local_press_hpa__rise,1.0,60.0,21,18,170,False,False,True,False,False,0,,sj01_local_press_hpa__rise,sj01_local_press_hpa__rise,0.019287109375,0.019287109375
injected,sj01_local_press_hpa__rise,1.0,60.0,22,22,173,False,False,True,False,False,0,,sj01_local_press_hpa__rise,sj01_local_press_hpa__rise,0.019287109375,0.019287109375
injected,sj01_local_press_hpa__rise,1.0,60.0,23,21,171,False,False,True,False,False,0,,sj01_local_press_hpa__rise,sj01_local_press_hpa__rise,0.01123046875,0.01123046875
injected,sj01_local_press_hpa__rise,1.0,60.0,24,23,174,False,False,True,False,False,0,,sj01_local_press_hpa__rise,sj01_local_press_hpa__rise,0.005859375,0.005859375
injected,sj01_local_press_hpa__rise,1.0,60.0,25,23,174,True,True,True,False,False,1,sj01_local_press_hpa__rise,sj01_local_press_hpa__rise,sj01_local_press_hpa__rise,0.003173828125,0.003173828125
injected,sj01_local_press_hpa__rise,1.0,60.0,26,14,165,False,False,False,False,False,0,,cu01_local_temp_avg_c__rise,cu01_local_temp_avg_c__rise,0.11328125,0.046142578125
injected,sj01_local_press_hpa__rise,1.0,60.0,27,19,170,False,False,True,False,False,0,,sj01_local_press_hpa__rise,sj01_local_press_hpa__rise,0.005859375,0.005859375
injected,sj01_local_press_hpa__rise,1.0,60.0,28,20,171,False,False,True,False,False,0,,sj01_local_press_hpa__rise,sj01_local_press_hpa__rise,0.03125,0.03125
injected,sj01_local_press_hpa__rise,1.0,60.0,29,16,170,False,False,True,False,False,0,,sj01_local_press_hpa__rise,sj01_local_press_hpa__rise,0.015625,0.015625
injected,sj01_local_press_hpa__rise,1.0,60.0,30,18,170,False,False,False,False,False,0,,cu01_local_temp_avg_c__rise,cu01_local_temp_avg_c__rise,0.03271484375,0.019287109375
injected,sj01_local_press_hpa__rise,1.0,60.0,31,24,174,False,False,True,False,False,0,,sj01_local_press_hpa__rise,sj01_local_press_hpa__rise,0.0064697265625,0.0064697265625
injected,sj01_local_press_hpa__rise,1.0,60.0,32,20,170,False,False,False,False,False,0,,cu01_local_temp_avg_c__rise,cu01_local_temp_avg_c__rise,0.1334228515625,0.019287109375
injected,sj01_local_press_hpa__rise,1.0,60.0,33,21,171,False,False,True,False,False,0,,sj01_local_press_hpa__rise,sj01_local_press_hpa__rise,0.0286865234375,0.0286865234375
injected,sj01_local_press_hpa__rise,1.0,60.0,34,19,168,False,False,False,True,False,0,,,cu01_local_temp_avg_c__rise;sj01_local_press_hpa__rise,0.046142578125,0.046142578125
injected,sj01_local_press_hpa__rise,1.0,60.0,35,22,172,False,False,True,False,False,0,,sj01_local_press_hpa__rise,sj01_local_press_hpa__rise,0.017578125,0.017578125
injected,sj01_local_press_hpa__rise,1.0,60.0,36,19,171,False,False,False,False,False,0,,cu01_local_temp_avg_c__rise,cu01_local_temp_avg_c__rise,0.01953125,0.019287109375
injected,sj01_local_press_hpa__rise,1.0,60.0,37,18,170,False,False,False,False,False,0,,cu01_local_temp_avg_c__rise,cu01_local_temp_avg_c__rise,0.05923461914062499,0.019287109375
injected,sj01_local_press_hpa__rise,1.0,60.0,38,22,172,False,False,True,False,False,0,,sj01_local_press_hpa__rise,sj01_local_press_hpa__rise,0.01123046875,0.01123046875
injected,sj01_local_press_hpa__rise,1.0,60.0,39,24,175,True,True,True,False,False,1,sj01_local_press_hpa__rise,sj01_local_press_hpa__rise,sj01_local_press_hpa__rise,0.001708984375,0.001708984375
injected,sj01_local_press_hpa__rise,1.0,60.0,40,23,174,True,True,True,False,False,1,sj01_local_press_hpa__rise,sj01_local_press_hpa__rise,sj01_local_press_hpa__rise,0.003173828125,0.003173828125
injected,sj01_local_press_hpa__rise,1.0,60.0,41,18,168,False,False,False,False,False,0,,cu01_local_temp_avg_c__rise,cu01_local_temp_avg_c__rise,0.05923461914062499,0.046142578125
injected,sj01_local_press_hpa__rise,1.0,60.0,42,20,169,False,False,True,False,False,0,,sj01_local_press_hpa__rise,sj01_local_press_hpa__rise,0.01123046875,0.01123046875
injected,sj01_local_press_hpa__rise,1.0,60.0,43,18,170,False,False,False,False,False,0,,cu01_local_temp_avg_c__rise,cu01_local_temp_avg_c__rise,0.0625,0.046142578125
injected,sj01_local_press_hpa__rise,1.0,60.0,44,23,172,False,False,False,True,False,0,,,cu01_local_temp_avg_c__rise;sj01_local_press_hpa__rise,0.019287109375,0.019287109375
injected,sj01_local_press_hpa__rise,1.0,60.0,45,22,170,False,False,True,False,False,0,,sj01_local_press_hpa__rise,sj01_local_press_hpa__rise,0.01123046875,0.01123046875
injected,sj01_local_press_hpa__rise,1.0,60.0,46,23,175,False,False,True,False,False,0,,sj01_local_press_hpa__rise,sj01_local_press_hpa__rise,0.019287109375,0.019287109375
injected,sj01_local_press_hpa__rise,1.0,60.0,47,19,170,False,False,False,False,False,0,,cu01_local_temp_avg_c__rise,cu01_local_temp_avg_c__rise,0.08978271484375,0.046142578125
injected,sj01_local_press_hpa__rise,1.0,60.0,48,20,172,False,False,False,False,False,0,,cu01_local_temp_avg_c__rise,cu01_local_temp_avg_c__rise,0.05923461914062499,0.046142578125
injected,sj01_local_press_hpa__rise,1.0,60.0,49,17,169,False,False,True,False,False,0,,sj01_local_press_hpa__rise,sj01_local_press_hpa__rise,0.0106353759765625,0.0106353759765625
injected,sj01_local_press_hpa__rise,1.0,60.0,50,22,171,False,False,True,False,False,0,,sj01_local_press_hpa__rise,sj01_local_press_hpa__rise,0.01123046875,0.01123046875
injected,sj01_local_press_hpa__rise,1.0,60.0,51,19,169,False,False,False,False,False,0,,cu01_local_temp_avg_c__rise,cu01_local_temp_avg_c__rise,0.03271484375,0.019287109375
injected,sj01_local_press_hpa__rise,1.0,60.0,52,19,170,False,False,True,False,False,0,,sj01_local_press_hpa__rise,sj01_local_press_hpa__rise,0.01123046875,0.01123046875
injected,sj01_local_press_hpa__rise,1.0,60.0,53,20,171,False,False,True,False,False,0,,sj01_local_press_hpa__rise,sj01_local_press_hpa__rise,0.019287109375,0.019287109375
injected,sj01_local_press_hpa__rise,1.0,60.0,54,16,171,False,False,False,False,False,0,,cu01_local_temp_avg_c__rise,cu01_local_temp_avg_c__rise,0.03271484375,0.019287109375
injected,sj01_local_press_hpa__rise,1.0,60.0,55,17,170,False,False,False,False,False,0,,cu01_local_temp_avg_c__rise,cu01_local_temp_avg_c__rise,0.11328125,0.046142578125
injected,sj01_local_press_hpa__rise,1.0,60.0,56,16,166,False,False,False,False,False,0,,cu01_local_temp_avg_c__rise,cu01_local_temp_avg_c__rise,0.0546875,0.019287109375
injected,sj01_local_press_hpa__rise,1.0,60.0,57,19,169,False,False,True,False,False,0,,sj01_local_press_hpa__rise,sj01_local_press_hpa__rise,0.0107421875,0.0107421875
injected,sj01_local_press_hpa__rise,1.0,60.0,58,20,170,False,False,False,False,False,0,,cu01_local_temp_avg_c__rise,cu01_local_temp_avg_c__rise,0.0546875,0.019287109375
injected,sj01_local_press_hpa__rise,1.0,60.0,59,18,169,False,False,False,False,False,0,,cu01_local_temp_avg_c__rise,cu01_local_temp_avg_c__rise,0.05923461914062499,0.046142578125
injected,sj01_local_press_hpa__rise,1.0,60.0,60,24,173,True,True,True,False,False,1,sj01_local_press_hpa__rise,sj01_local_press_hpa__rise,sj01_local_press_hpa__rise,0.001708984375,0.001708984375
injected,sj01_local_press_hpa__rise,1.0,60.0,61,17,169,False,False,False,False,False,0,,cu01_local_temp_avg_c__rise,cu01_local_temp_avg_c__rise,0.1334228515625,0.019287109375
injected,sj01_local_press_hpa__rise,1.0,60.0,62,21,174,False,False,True,False,False,0,,sj01_local_press_hpa__rise,sj01_local_press_hpa__rise,0.019287109375,0.019287109375
injected,sj01_local_press_hpa__rise,1.0,60.0,63,21,172,True,True,True,False,False,1,sj01_local_press_hpa__rise,sj01_local_press_hpa__rise,sj01_local_press_hpa__rise,0.003173828125,0.003173828125
injected,sj01_local_press_hpa__rise,1.0,60.0,64,20,172,False,False,True,False,False,0,,sj01_local_press_hpa__rise,sj01_local_press_hpa__rise,0.01123046875,0.01123046875
injected,sj01_local_press_hpa__rise,1.0,60.0,65,20,171,True,True,True,False,False,1,sj01_local_press_hpa__rise,sj01_local_press_hpa__rise,sj01_local_press_hpa__rise,0.003173828125,0.003173828125
injected,sj01_local_press_hpa__rise,1.0,60.0,66,19,171,False,False,False,False,False,0,,cu01_local_temp_avg_c__rise,cu01_local_temp_avg_c__rise,0.08978271484375,0.019287109375
injected,sj01_local_press_hpa__rise,1.0,60.0,67,17,169,False,False,False,False,False,0,,cu01_local_temp_avg_c__rise,cu01_local_temp_avg_c__rise,0.0546875,0.019287109375
injected,sj01_local_press_hpa__rise,1.0,60.0,68,22,171,False,False,True,False,False,0,,sj01_local_press_hpa__rise,sj01_local_press_hpa__rise,0.0107421875,0.0107421875
injected,sj01_local_press_hpa__rise,1.0,60.0,69,17,169,False,False,False,False,False,0,,cu01_local_temp_avg_c__rise,cu01_local_temp_avg_c__rise,0.0286865234375,0.019287109375
injected,sj01_local_press_hpa__rise,1.0,60.0,70,19,171,False,False,False,True,False,0,,,cu01_local_temp_avg_c__rise;sj01_local_press_hpa__rise,0.019287109375,0.019287109375
injected,sj01_local_press_hpa__rise,1.0,60.0,71,19,170,False,False,False,False,False,0,,cu01_local_temp_avg_c__rise,cu01_local_temp_avg_c__rise,0.11328125,0.019287109375
injected,sj01_local_press_hpa__rise,1.0,60.0,72,22,172,False,False,False,True,False,0,,,cu01_local_temp_avg_c__rise;sj01_local_press_hpa__rise,0.019287109375,0.019287109375
injected,sj01_local_press_hpa__rise,1.0,60.0,73,20,172,False,False,True,False,False,0,,sj01_local_press_hpa__rise,sj01_local_press_hpa__rise,0.005859375,0.005859375
injected,sj01_local_press_hpa__rise,1.0,60.0,74,17,167,False,False,False,False,False,0,,cu01_local_temp_avg_c__rise,cu01_local_temp_avg_c__rise,0.03271484375,0.019287109375
injected,sj01_local_press_hpa__rise,1.0,60.0,75,26,174,True,True,True,False,False,1,sj01_local_press_hpa__rise,sj01_local_press_hpa__rise,sj01_local_press_hpa__rise,0.003173828125,0.003173828125
injected,sj01_local_press_hpa__rise,1.0,60.0,76,16,169,False,False,True,False,False,0,,sj01_local_press_hpa__rise,sj01_local_press_hpa__rise,0.019287109375,0.019287109375
injected,sj01_local_press_hpa__rise,1.0,60.0,77,17,168,False,False,False,False,False,0,,cu01_local_temp_avg_c__rise,cu01_local_temp_avg_c__rise,0.072998046875,0.019287109375
injected,sj01_local_press_hpa__rise,1.0,60.0,78,20,171,False,False,True,False,False,0,,sj01_local_press_hpa__rise,sj01_local_press_hpa__rise,0.019287109375,0.019287109375
injected,sj01_local_press_hpa__rise,1.0,60.0,79,16,167,False,False,True,False,False,0,,sj01_local_press_hpa__rise,sj01_local_press_hpa__rise,0.03271484375,0.03271484375
injected,sj01_local_press_hpa__rise,1.0,60.0,80,21,172,False,False,True,False,False,0,,sj01_local_press_hpa__rise,sj01_local_press_hpa__rise,0.019287109375,0.019287109375
injected,sj01_local_press_hpa__rise,1.0,60.0,81,21,171,False,False,True,False,False,0,,sj01_local_press_hpa__rise,sj01_local_press_hpa__rise,0.0064697265625,0.0064697265625
injected,sj01_local_press_hpa__rise,1.0,60.0,82,18,170,False,False,False,False,False,0,,cu01_local_temp_avg_c__rise,cu01_local_temp_avg_c__rise,0.0625,0.046142578125
injected,sj01_local_press_hpa__rise,1.0,60.0,83,21,173,False,False,True,False,False,0,,sj01_local_press_hpa__rise,sj01_local_press_hpa__rise,0.019287109375,0.019287109375
injected,sj01_local_press_hpa__rise,1.0,60.0,84,21,171,False,False,True,False,False,0,,sj01_local_press_hpa__rise,sj01_local_press_hpa__rise,0.017578125,0.017578125
injected,sj01_local_press_hpa__rise,1.0,60.0,85,18,169,False,False,True,False,False,0,,sj01_local_press_hpa__rise,sj01_local_press_hpa__rise,0.0107421875,0.0107421875
injected,sj01_local_press_hpa__rise,1.0,60.0,86,22,175,False,False,True,False,False,0,,sj01_local_press_hpa__rise,sj01_local_press_hpa__rise,0.005859375,0.005859375
injected,sj01_local_press_hpa__rise,1.0,60.0,87,23,171,False,False,True,False,False,0,,sj01_local_press_hpa__rise,sj01_local_press_hpa__rise,0.0286865234375,0.0286865234375
injected,sj01_local_press_hpa__rise,1.0,60.0,88,18,169,False,False,False,False,False,0,,cu01_local_temp_avg_c__rise,cu01_local_temp_avg_c__rise,0.109375,0.046142578125
injected,sj01_local_press_hpa__rise,1.0,60.0,89,18,169,False,False,False,False,False,0,,cu01_local_temp_avg_c__rise,cu01_local_temp_avg_c__rise,0.072998046875,0.046142578125
injected,sj01_local_press_hpa__rise,1.0,60.0,90,19,173,False,False,True,False,False,0,,sj01_local_press_hpa__rise,sj01_local_press_hpa__rise,0.03125,0.03125
injected,sj01_local_press_hpa__rise,1.0,60.0,91,19,171,False,False,False,True,False,0,,,cu01_local_temp_avg_c__rise;sj01_local_press_hpa__rise,0.019287109375,0.019287109375
injected,sj01_local_press_hpa__rise,1.0,60.0,92,14,167,False,False,False,False,False,0,,cu01_local_temp_avg_c__rise,cu01_local_temp_avg_c__rise,0.072998046875,0.046142578125
injected,sj01_local_press_hpa__rise,1.0,60.0,93,21,172,False,False,True,False,False,0,,sj01_local_press_hpa__rise,sj01_local_press_hpa__rise,0.0064697265625,0.0064697265625
injected,sj01_local_press_hpa__rise,1.0,60.0,94,23,173,False,False,True,False,False,0,,sj01_local_press_hpa__rise,sj01_local_press_hpa__rise,0.0384063720703125,0.0384063720703125
injected,sj01_local_press_hpa__rise,1.0,60.0,95,17,168,False,False,True,False,False,0,,sj01_local_press_hpa__rise,sj01_local_press_hpa__rise,0.019287109375,0.019287109375
injected,sj01_local_press_hpa__rise,1.0,60.0,96,16,169,False,False,False,False,False,0,,cu01_local_temp_avg_c__rise,cu01_local_temp_avg_c__rise,0.171875,0.046142578125
injected,sj01_local_press_hpa__rise,1.0,60.0,97,21,171,False,False,False,True,False,0,,,cu01_local_temp_avg_c__rise;sj01_local_press_hpa__rise,0.019287109375,0.019287109375
injected,sj01_local_press_hpa__rise,1.0,60.0,98,20,171,False,False,True,False,False,0,,sj01_local_press_hpa__rise,sj01_local_press_hpa__rise,0.019287109375,0.019287109375
injected,sj01_local_press_hpa__rise,1.0,60.0,99,21,171,False,False,True,False,False,0,,sj01_local_press_hpa__rise,sj01_local_press_hpa__rise,0.019287109375,0.019287109375
injected,sj01_local_press_hpa__rise,1.5,15.0,0,24,170,True,True,True,False,False,1,sj01_local_press_hpa__rise,sj01_local_press_hpa__rise,sj01_local_press_hpa__rise,0.0009765625,0.0009765625
injected,sj01_local_press_hpa__rise,1.5,15.0,1,22,170,True,True,True,False,False,1,sj01_local_press_hpa__rise,sj01_local_press_hpa__rise,sj01_local_press_hpa__rise,0.0009765625,0.0009765625
injected,sj01_local_press_hpa__rise,1.5,15.0,2,18,167,False,False,False,False,False,0,,cu01_local_temp_avg_c__rise,cu01_local_temp_avg_c__rise,0.03271484375,0.019287109375
injected,sj01_local_press_hpa__rise,1.5,15.0,3,18,169,False,False,True,False,False,0,,sj01_local_press_hpa__rise,sj01_local_press_hpa__rise,0.0107421875,0.0107421875
injected,sj01_local_press_hpa__rise,1.5,15.0,4,18,167,False,False,False,False,False,0,,cu01_local_temp_avg_c__rise,cu01_local_temp_avg_c__rise,0.03271484375,0.019287109375
injected,sj01_local_press_hpa__rise,1.5,15.0,5,19,170,False,False,True,False,False,0,,sj01_local_press_hpa__rise,sj01_local_press_hpa__rise,0.017578125,0.017578125
injected,sj01_local_press_hpa__rise,1.5,15.0,6,16,168,False,False,False,True,False,0,,,cu01_local_temp_avg_c__rise;sj01_local_press_hpa__rise,0.019287109375,0.019287109375
injected,sj01_local_press_hpa__rise,1.5,15.0,7,17,169,False,False,True,False,False,0,,sj01_local_press_hpa__rise,sj01_local_press_hpa__rise,0.0107421875,0.0107421875
injected,sj01_local_press_hpa__rise,1.5,15.0,8,17,165,False,False,False,False,False,0,,cu01_local_temp_avg_c__rise,cu01_local_temp_avg_c__rise,0.11328125,0.03271484375
injected,sj01_local_press_hpa__rise,1.5,15.0,9,22,169,False,False,True,False,False,0,,sj01_local_press_hpa__rise,sj01_local_press_hpa__rise,0.0064697265625,0.0064697265625
injected,sj01_local_press_hpa__rise,1.5,15.0,10,19,168,False,False,True,False,False,0,,sj01_local_press_hpa__rise,sj01_local_press_hpa__rise,0.005859375,0.005859375
injected,sj01_local_press_hpa__rise,1.5,15.0,11,22,170,True,True,True,False,False,1,sj01_local_press_hpa__rise,sj01_local_press_hpa__rise,sj01_local_press_hpa__rise,0.00048828125,0.00048828125
injected,sj01_local_press_hpa__rise,1.5,15.0,12,19,168,False,False,True,False,False,0,,sj01_local_press_hpa__rise,sj01_local_press_hpa__rise,0.01123046875,0.01123046875
injected,sj01_local_press_hpa__rise,1.5,15.0,13,17,170,False,False,True,False,False,0,,sj01_local_press_hpa__rise,sj01_local_press_hpa__rise,0.005859375,0.005859375
injected,sj01_local_press_hpa__rise,1.5,15.0,14,19,171,True,True,True,False,False,1,sj01_local_press_hpa__rise,sj01_local_press_hpa__rise,sj01_local_press_hpa__rise,0.003173828125,0.003173828125
injected,sj01_local_press_hpa__rise,1.5,15.0,15,21,168,False,False,True,False,False,0,,sj01_local_press_hpa__rise,sj01_local_press_hpa__rise,0.019287109375,0.019287109375
injected,sj01_local_press_hpa__rise,1.5,15.0,16,16,166,False,False,False,False,False,0,,cu01_local_temp_avg_c__rise,cu01_local_temp_avg_c__rise,0.072998046875,0.01123046875
injected,sj01_local_press_hpa__rise,1.5,15.0,17,15,165,False,False,True,False,False,0,,sj01_local_press_hpa__rise,sj01_local_press_hpa__rise,0.015625,0.015625
injected,sj01_local_press_hpa__rise,1.5,15.0,18,17,166,False,False,False,False,False,0,,cu01_local_temp_avg_c__rise,cu01_local_temp_avg_c__rise,0.046142578125,0.01123046875
injected,sj01_local_press_hpa__rise,1.5,15.0,19,20,168,False,False,False,False,False,0,,cu01_local_temp_avg_c__rise,cu01_local_temp_avg_c__rise,0.0384063720703125,0.03271484375
injected,sj01_local_press_hpa__rise,1.5,15.0,20,15,166,False,False,False,False,False,0,,cu01_local_temp_avg_c__rise,cu01_local_temp_avg_c__rise,0.046142578125,0.01123046875
injected,sj01_local_press_hpa__rise,1.5,15.0,21,18,169,False,False,True,False,False,0,,sj01_local_press_hpa__rise,sj01_local_press_hpa__rise,0.005859375,0.005859375
injected,sj01_local_press_hpa__rise,1.5,15.0,22,22,170,True,True,True,False,False,1,sj01_local_press_hpa__rise,sj01_local_press_hpa__rise,sj01_local_press_hpa__rise,0.003173828125,0.003173828125
injected,sj01_local_press_hpa__rise,1.5,15.0,23,21,170,True,True,True,False,False,1,sj01_local_press_hpa__rise,sj01_local_press_hpa__rise,sj01_local_press_hpa__rise,0.003173828125,0.003173828125
injected,sj01_local_press_hpa__rise,1.5,15.0,24,23,171,True,True,True,False,False,1,sj01_local_press_hpa__rise,sj01_local_press_hpa__rise,sj01_local_press_hpa__rise,0.00048828125,0.00048828125
injected,sj01_local_press_hpa__rise,1.5,15.0,25,23,171,True,True,True,False,False,1,sj01_local_press_hpa__rise,sj01_local_press_hpa__rise,sj01_local_press_hpa__rise,0.000244140625,0.000244140625
injected,sj01_local_press_hpa__rise,1.5,15.0,26,14,167,False,False,False,False,False,0,,cu01_local_temp_avg_c__rise,cu01_local_temp_avg_c__rise,0.0546875,0.03271484375
injected,sj01_local_press_hpa__rise,1.5,15.0,27,19,171,True,True,True,False,False,1,sj01_local_press_hpa__rise,sj01_local_press_hpa__rise,sj01_local_press_hpa__rise,0.0009765625,0.0009765625
injected,sj01_local_press_hpa__rise,1.5,15.0,28,20,168,False,False,False,True,False,0,,,cu01_local_temp_avg_c__rise;sj01_local_press_hpa__rise,0.03271484375,0.03271484375
injected,sj01_local_press_hpa__rise,1.5,15.0,29,16,168,False,False,True,False,False,0,,sj01_local_press_hpa__rise,sj01_local_press_hpa__rise,0.005859375,0.005859375
injected,sj01_local_press_hpa__rise,1.5,15.0,30,18,168,False,False,True,False,False,0,,sj01_local_press_hpa__rise,sj01_local_press_hpa__rise,0.005859375,0.005859375
injected,sj01_local_press_hpa__rise,1.5,15.0,31,24,172,True,True,True,False,False,1,sj01_local_press_hpa__rise,sj01_local_press_hpa__rise,sj01_local_press_hpa__rise,0.00091552734375,0.00091552734375
injected,sj01_local_press_hpa__rise,1.5,15.0,32,20,166,False,False,False,False,False,0,,cu01_local_temp_avg_c__rise,cu01_local_temp_avg_c__rise,0.072998046875,0.03271484375
injected,sj01_local_press_hpa__rise,1.5,15.0,33,21,170,False,False,True,False,False,0,,sj01_local_press_hpa__rise,sj01_local_press_hpa__rise,0.0064697265625,0.0064697265625
injected,sj01_local_press_hpa__rise,1.5,15.0,34,19,169,False,False,True,False,False,0,,sj01_local_press_hpa__rise,sj01_local_press_hpa__rise,0.01123046875,0.01123046875
injected,sj01_local_press_hpa__rise,1.5,15.0,35,22,169,False,False,True,False,False,0,,sj01_local_press_hpa__rise,sj01_local_press_hpa__rise,0.0064697265625,0.0064697265625
injected,sj01_local_press_hpa__rise,1.5,15.0,36,19,168,True,True,True,False,False,1,sj01_local_press_hpa__rise,sj01_local_press_hpa__rise,sj01_local_press_hpa__rise,0.00390625,0.00390625
injected,sj01_local_press_hpa__rise,1.5,15.0,37,18,166,False,False,False,False,False,0,,cu01_local_temp_avg_c__rise,cu01_local_temp_avg_c__rise,0.046142578125,0.01123046875
injected,sj01_local_press_hpa__rise,1.5,15.0,38,22,172,True,True,True,False,False,1,sj01_local_press_hpa__rise,sj01_local_press_hpa__rise,sj01_local_press_hpa__rise,0.001708984375,0.001708984375
injected,sj01_local_press_hpa__rise,1.5,15.0,39,24,173,True,True,True,False,False,1,sj01_local_press_hpa__rise,sj01_local_press_hpa__rise,sj01_local_press_hpa__rise,0.0001220703125,0.0001220703125
injected,sj01_local_press_hpa__rise,1.5,15.0,40,23,170,True,True,True,False,False,1,sj01_local_press_hpa__rise,sj01_local_press_hpa__rise,sj01_local_press_hpa__rise,0.00048828125,0.00048828125
injected,sj01_local_press_hpa__rise,1.5,15.0,41,18,168,False,False,False,False,False,0,,cu01_local_temp_avg_c__rise,cu01_local_temp_avg_c__rise,0.0286865234375,0.019287109375
injected,sj01_local_press_hpa__rise,1.5,15.0,42,20,170,True,True,True,False,False,1,sj01_local_press_hpa__rise,sj01_local_press_hpa__rise,sj01_local_press_hpa__rise,0.003173828125,0.003173828125
injected,sj01_local_press_hpa__rise,1.5,15.0,43,18,168,False,False,True,False,False,0,,sj01_local_press_hpa__rise,sj01_local_press_hpa__rise,0.0107421875,0.0107421875
injected,sj01_local_press_hpa__rise,1.5,15.0,44,23,170,True,True,True,False,False,1,sj01_local_press_hpa__rise,sj01_local_press_hpa__rise,sj01_local_press_hpa__rise,0.003173828125,0.003173828125
injected,sj01_local_press_hpa__rise,1.5,15.0,45,22,172,True,True,True,False,False,1,sj01_local_press_hpa__rise,sj01_local_press_hpa__rise,sj01_local_press_hpa__rise,0.001708984375,0.001708984375
injected,sj01_local_press_hpa__rise,1.5,15.0,46,23,171,True,True,True,False,False,1,sj01_local_press_hpa__rise,sj01_local_press_hpa__rise,sj01_local_press_hpa__rise,0.001708984375,0.001708984375
injected,sj01_local_press_hpa__rise,1.5,15.0,47,19,169,False,False,True,False,False,0,,sj01_local_press_hpa__rise,sj01_local_press_hpa__rise,0.017578125,0.017578125
injected,sj01_local_press_hpa__rise,1.5,15.0,48,20,168,False,False,False,False,False,0,,cu01_local_temp_avg_c__rise,cu01_local_temp_avg_c__rise,0.017578125,0.01123046875
injected,sj01_local_press_hpa__rise,1.5,15.0,49,17,170,False,False,True,False,False,0,,sj01_local_press_hpa__rise,sj01_local_press_hpa__rise,0.0064697265625,0.0064697265625
injected,sj01_local_press_hpa__rise,1.5,15.0,50,22,172,True,True,True,False,False,1,sj01_local_press_hpa__rise,sj01_local_press_hpa__rise,sj01_local_press_hpa__rise,0.001708984375,0.001708984375
injected,sj01_local_press_hpa__rise,1.5,15.0,51,19,170,False,False,True,False,False,0,,sj01_local_press_hpa__rise,sj01_local_press_hpa__rise,0.005859375,0.005859375
injected,sj01_local_press_hpa__rise,1.5,15.0,52,19,170,True,True,True,False,False,1,sj01_local_press_hpa__rise,sj01_local_press_hpa__rise,sj01_local_press_hpa__rise,0.003173828125,0.003173828125
injected,sj01_local_press_hpa__rise,1.5,15.0,53,20,171,True,True,True,False,False,1,sj01_local_press_hpa__rise,sj01_local_press_hpa__rise,sj01_local_press_hpa__rise,0.003173828125,0.003173828125
injected,sj01_local_press_hpa__rise,1.5,15.0,54,16,169,False,False,True,False,False,0,,sj01_local_press_hpa__rise,sj01_local_press_hpa__rise,0.005859375,0.005859375
injected,sj01_local_press_hpa__rise,1.5,15.0,55,17,166,False,False,False,False,False,0,,cu01_local_temp_avg_c__rise,cu01_local_temp_avg_c__rise,0.0546875,0.019287109375
injected,sj01_local_press_hpa__rise,1.5,15.0,56,16,167,False,False,True,False,False,0,,sj01_local_press_hpa__rise,sj01_local_press_hpa__rise,0.01953125,0.01953125
injected,sj01_local_press_hpa__rise,1.5,15.0,57,19,170,True,True,True,False,False,1,sj01_local_press_hpa__rise,sj01_local_press_hpa__rise,sj01_local_press_hpa__rise,0.0009765625,0.0009765625
injected,sj01_local_press_hpa__rise,1.5,15.0,58,20,170,True,True,True,False,False,1,sj01_local_press_hpa__rise,sj01_local_press_hpa__rise,sj01_local_press_hpa__rise,0.003173828125,0.003173828125
injected,sj01_local_press_hpa__rise,1.5,15.0,59,18,169,False,False,True,False,False,0,,sj01_local_press_hpa__rise,sj01_local_press_hpa__rise,0.017578125,0.017578125
injected,sj01_local_press_hpa__rise,1.5,15.0,60,24,173,True,True,True,False,False,1,sj01_local_press_hpa__rise,sj01_local_press_hpa__rise,sj01_local_press_hpa__rise,0.0001220703125,0.0001220703125
injected,sj01_local_press_hpa__rise,1.5,15.0,61,17,166,False,False,False,False,False,0,,cu01_local_temp_avg_c__rise,cu01_local_temp_avg_c__rise,0.072998046875,0.01123046875
injected,sj01_local_press_hpa__rise,1.5,15.0,62,21,169,True,True,True,False,False,1,sj01_local_press_hpa__rise,sj01_local_press_hpa__rise,sj01_local_press_hpa__rise,0.003173828125,0.003173828125
injected,sj01_local_press_hpa__rise,1.5,15.0,63,21,171,True,True,True,False,False,1,sj01_local_press_hpa__rise,sj01_local_press_hpa__rise,sj01_local_press_hpa__rise,0.00048828125,0.00048828125
injected,sj01_local_press_hpa__rise,1.5,15.0,64,20,169,False,False,True,False,False,0,,sj01_local_press_hpa__rise,sj01_local_press_hpa__rise,0.005859375,0.005859375
injected,sj01_local_press_hpa__rise,1.5,15.0,65,20,170,True,True,True,False,False,1,sj01_local_press_hpa__rise,sj01_local_press_hpa__rise,sj01_local_press_hpa__rise,0.0009765625,0.0009765625
injected,sj01_local_press_hpa__rise,1.5,15.0,66,19,169,False,False,True,False,False,0,,sj01_local_press_hpa__rise,sj01_local_press_hpa__rise,0.017578125,0.017578125
injected,sj01_local_press_hpa__rise,1.5,15.0,67,17,168,False,False,True,False,False,0,,sj01_local_press_hpa__rise,sj01_local_press_hpa__rise,0.005859375,0.005859375
injected,sj01_local_press_hpa__rise,1.5,15.0,68,22,171,True,True,True,False,False,1,sj01_local_press_hpa__rise,sj01_local_press_hpa__rise,sj01_local_press_hpa__rise,0.00048828125,0.00048828125
injected,sj01_local_press_hpa__rise,1.5,15.0,69,17,169,False,False,True,False,False,0,,sj01_local_press_hpa__rise,sj01_local_press_hpa__rise,0.0064697265625,0.0064697265625
injected,sj01_local_press_hpa__rise,1.5,15.0,70,19,168,False,False,True,False,False,0,,sj01_local_press_hpa__rise,sj01_local_press_hpa__rise,0.0107421875,0.0107421875
injected,sj01_local_press_hpa__rise,1.5,15.0,71,19,166,False,False,False,False,False,0,,cu01_local_temp_avg_c__rise,cu01_local_temp_avg_c__rise,0.03271484375,0.019287109375
injected,sj01_local_press_hpa__rise,1.5,15.0,72,22,169,True,True,True,False,False,1,sj01_local_press_hpa__rise,sj01_local_press_hpa__rise,sj01_local_press_hpa__rise,0.003173828125,0.003173828125
injected,sj01_local_press_hpa__rise,1.5,15.0,73,20,170,True,True,True,False,False,1,sj01_local_press_hpa__rise,sj01_local_press_hpa__rise,sj01_local_press_hpa__rise,0.00048828125,0.00048828125
injected,sj01_local_press_hpa__rise,1.5,15.0,74,17,168,False,False,True,False,False,0,,sj01_local_press_hpa__rise,sj01_local_press_hpa__rise,0.0107421875,0.0107421875
injected,sj01_local_press_hpa__rise,1.5,15.0,75,26,173,True,True,True,False,False,1,sj01_local_press_hpa__rise,sj01_local_press_hpa__rise,sj01_local_press_hpa__rise,0.0001220703125,0.0001220703125
injected,sj01_local_press_hpa__rise,1.5,15.0,76,16,170,False,False,True,False,False,0,,sj01_local_press_hpa__rise,sj01_local_press_hpa__rise,0.005859375,0.005859375
injected,sj01_local_press_hpa__rise,1.5,15.0,77,17,168,False,False,False,True,False,0,,,cu01_local_temp_avg_c__rise;sj01_local_press_hpa__rise,0.019287109375,0.019287109375
injected,sj01_local_press_hpa__rise,1.5,15.0,78,20,171,True,True,True,False,False,1,sj01_local_press_hpa__rise,sj01_local_press_hpa__rise,sj01_local_press_hpa__rise,0.001708984375,0.001708984375
injected,sj01_local_press_hpa__rise,1.5,15.0,79,16,169,True,True,True,False,False,1,sj01_local_press_hpa__rise,sj01_local_press_hpa__rise,sj01_local_press_hpa__rise,0.003173828125,0.003173828125
injected,sj01_local_press_hpa__rise,1.5,15.0,80,21,170,True,True,True,False,False,1,sj01_local_press_hpa__rise,sj01_local_press_hpa__rise,sj01_local_press_hpa__rise,0.001708984375,0.001708984375
injected,sj01_local_press_hpa__rise,1.5,15.0,81,21,171,True,True,True,False,False,1,sj01_local_press_hpa__rise,sj01_local_press_hpa__rise,sj01_local_press_hpa__rise,0.003173828125,0.003173828125
injected,sj01_local_press_hpa__rise,1.5,15.0,82,18,169,False,False,True,False,False,0,,sj01_local_press_hpa__rise,sj01_local_press_hpa__rise,0.01123046875,0.01123046875
injected,sj01_local_press_hpa__rise,1.5,15.0,83,21,169,True,True,True,False,False,1,sj01_local_press_hpa__rise,sj01_local_press_hpa__rise,sj01_local_press_hpa__rise,0.003173828125,0.003173828125
injected,sj01_local_press_hpa__rise,1.5,15.0,84,21,170,False,False,True,False,False,0,,sj01_local_press_hpa__rise,sj01_local_press_hpa__rise,0.0064697265625,0.0064697265625
injected,sj01_local_press_hpa__rise,1.5,15.0,85,18,169,True,True,True,False,False,1,sj01_local_press_hpa__rise,sj01_local_press_hpa__rise,sj01_local_press_hpa__rise,0.0009765625,0.0009765625
injected,sj01_local_press_hpa__rise,1.5,15.0,86,22,171,True,True,True,False,False,1,sj01_local_press_hpa__rise,sj01_local_press_hpa__rise,sj01_local_press_hpa__rise,0.000244140625,0.000244140625
injected,sj01_local_press_hpa__rise,1.5,15.0,87,23,171,False,False,True,False,False,0,,sj01_local_press_hpa__rise,sj01_local_press_hpa__rise,0.0064697265625,0.0064697265625
injected,sj01_local_press_hpa__rise,1.5,15.0,88,18,168,False,False,False,False,False,0,,cu01_local_temp_avg_c__rise,cu01_local_temp_avg_c__rise,0.0286865234375,0.019287109375
injected,sj01_local_press_hpa__rise,1.5,15.0,89,18,166,False,False,False,False,False,0,,cu01_local_temp_avg_c__rise,cu01_local_temp_avg_c__rise,0.03271484375,0.019287109375
injected,sj01_local_press_hpa__rise,1.5,15.0,90,19,169,True,True,True,False,False,1,sj01_local_press_hpa__rise,sj01_local_press_hpa__rise,sj01_local_press_hpa__rise,0.003173828125,0.003173828125
injected,sj01_local_press_hpa__rise,1.5,15.0,91,19,169,False,False,True,False,False,0,,sj01_local_press_hpa__rise,sj01_local_press_hpa__rise,0.005859375,0.005859375
injected,sj01_local_press_hpa__rise,1.5,15.0,92,14,168,False,False,False,False,False,0,,cu01_local_temp_avg_c__rise,cu01_local_temp_avg_c__rise,0.019287109375,0.01123046875
injected,sj01_local_press_hpa__rise,1.5,15.0,93,21,170,True,True,True,False,False,1,sj01_local_press_hpa__rise,sj01_local_press_hpa__rise,sj01_local_press_hpa__rise,0.003173828125,0.003173828125
injected,sj01_local_press_hpa__rise,1.5,15.0,94,23,170,False,False,True,False,False,0,,sj01_local_press_hpa__rise,sj01_local_press_hpa__rise,0.0106353759765625,0.0106353759765625
injected,sj01_local_press_hpa__rise,1.5,15.0,95,17,170,True,True,True,False,False,1,sj01_local_press_hpa__rise,sj01_local_press_hpa__rise,sj01_local_press_hpa__rise,0.003173828125,0.003173828125
injected,sj01_local_press_hpa__rise,1.5,15.0,96,16,166,False,False,False,False,False,0,,cu01_local_temp_avg_c__rise,cu01_local_temp_avg_c__rise,0.0546875,0.03271484375
injected,sj01_local_press_hpa__rise,1.5,15.0,97,21,170,True,True,True,False,False,1,sj01_local_press_hpa__rise,sj01_local_press_hpa__rise,sj01_local_press_hpa__rise,0.003173828125,0.003173828125
injected,sj01_local_press_hpa__rise,1.5,15.0,98,20,170,False,False,True,False,False,0,,sj01_local_press_hpa__rise,sj01_local_press_hpa__rise,0.005859375,0.005859375
injected,sj01_local_press_hpa__rise,1.5,15.0,99,21,170,False,False,True,False,False,0,,sj01_local_press_hpa__rise,sj01_local_press_hpa__rise,0.005859375,0.005859375
injected,sj01_local_press_hpa__rise,1.5,30.0,0,24,172,True,True,True,False,False,1,sj01_local_press_hpa__rise,sj01_local_press_hpa__rise,sj01_local_press_hpa__rise,0.000244140625,0.000244140625
injected,sj01_local_press_hpa__rise,1.5,30.0,1,22,172,True,True,True,False,False,1,sj01_local_press_hpa__rise,sj01_local_press_hpa__rise,sj01_local_press_hpa__rise,0.000244140625,0.000244140625
injected,sj01_local_press_hpa__rise,1.5,30.0,2,18,168,False,False,True,False,False,0,,sj01_local_press_hpa__rise,sj01_local_press_hpa__rise,0.01123046875,0.01123046875
injected,sj01_local_press_hpa__rise,1.5,30.0,3,18,172,True,True,True,False,False,1,sj01_local_press_hpa__rise,sj01_local_press_hpa__rise,sj01_local_press_hpa__rise,0.003173828125,0.003173828125
injected,sj01_local_press_hpa__rise,1.5,30.0,4,18,168,False,False,False,True,False,0,,,sj01_local_press_hpa__rise;sj01_local_temp_avg_c__fall,0.01123046875,0.01123046875
injected,sj01_local_press_hpa__rise,1.5,30.0,5,19,171,False,False,True,False,False,0,,sj01_local_press_hpa__rise,sj01_local_press_hpa__rise,0.0106353759765625,0.0106353759765625
injected,sj01_local_press_hpa__rise,1.5,30.0,6,16,169,False,False,True,False,False,0,,sj01_local_press_hpa__rise,sj01_local_press_hpa__rise,0.0064697265625,0.0064697265625
injected,sj01_local_press_hpa__rise,1.5,30.0,7,17,169,False,False,True,False,False,0,,sj01_local_press_hpa__rise,sj01_local_press_hpa__rise,0.0107421875,0.0107421875
injected,sj01_local_press_hpa__rise,1.5,30.0,8,17,166,False,False,False,False,False,0,,cu01_local_temp_avg_c__rise,cu01_local_temp_avg_c__rise,0.046142578125,0.019287109375
injected,sj01_local_press_hpa__rise,1.5,30.0,9,22,171,True,True,True,False,False,1,sj01_local_press_hpa__rise,sj01_local_press_hpa__rise,sj01_local_press_hpa__rise,0.0020904541015625,0.0020904541015625
injected,sj01_local_press_hpa__rise,1.5,30.0,10,19,171,True,True,True,False,False,1,sj01_local_press_hpa__rise,sj01_local_press_hpa__rise,sj01_local_press_hpa__rise,0.001708984375,0.001708984375
injected,sj01_local_press_hpa__rise,1.5,30.0,11,22,173,True,True,True,False,False,1,sj01_local_press_hpa__rise,sj01_local_press_hpa__rise,sj01_local_press_hpa__rise,0.0001220703125,0.0001220703125
injected,sj01_local_press_hpa__rise,1.5,30.0,12,19,170,False,False,True,False,False,0,,sj01_local_press_hpa__rise,sj01_local_press_hpa__rise,0.0064697265625,0.0064697265625
injected,sj01_local_press_hpa__rise,1.5,30.0,13,17,169,False,False,True,False,False,0,,sj01_local_press_hpa__rise,sj01_local_press_hpa__rise,0.005859375,0.005859375
injected,sj01_local_press_hpa__rise,1.5,30.0,14,19,170,True,True,True,False,False,1,sj01_local_press_hpa__rise,sj01_local_press_hpa__rise,sj01_local_press_hpa__rise,0.003173828125,0.003173828125
injected,sj01_local_press_hpa__rise,1.5,30.0,15,21,170,False,False,True,False,False,0,,sj01_local_press_hpa__rise,sj01_local_press_hpa__rise,0.0064697265625,0.0064697265625
injected,sj01_local_press_hpa__rise,1.5,30.0,16,16,167,False,False,False,True,False,0,,,cu01_local_temp_avg_c__rise;sj01_local_temp_avg_c__fall,0.0286865234375,0.019287109375
injected,sj01_local_press_hpa__rise,1.5,30.0,17,15,168,True,True,True,False,False,1,sj01_local_press_hpa__rise,sj01_local_press_hpa__rise,sj01_local_press_hpa__rise,0.00390625,0.00390625
injected,sj01_local_press_hpa__rise,1.5,30.0,18,17,168,False,False,False,False,False,0,,cu01_local_temp_avg_c__rise,cu01_local_temp_avg_c__rise,0.0286865234375,0.019287109375
injected,sj01_local_press_hpa__rise,1.5,30.0,19,20,169,False,False,True,False,False,0,,sj01_local_press_hpa__rise,sj01_local_press_hpa__rise,0.01544189453125,0.01544189453125
injected,sj01_local_press_hpa__rise,1.5,30.0,20,15,167,False,False,True,False,False,0,,sj01_local_press_hpa__rise,sj01_local_press_hpa__rise,0.017578125,0.017578125
injected,sj01_local_press_hpa__rise,1.5,30.0,21,18,171,True,True,True,False,False,1,sj01_local_press_hpa__rise,sj01_local_press_hpa__rise,sj01_local_press_hpa__rise,0.001708984375,0.001708984375
injected,sj01_local_press_hpa__rise,1.5,30.0,22,22,170,True,True,True,False,False,1,sj01_local_press_hpa__rise,sj01_local_press_hpa__rise,sj01_local_press_hpa__rise,0.00091552734375,0.00091552734375
injected,sj01_local_press_hpa__rise,1.5,30.0,23,21,170,True,True,True,False,False,1,sj01_local_press_hpa__rise,sj01_local_press_hpa__rise,sj01_local_press_hpa__rise,0.00091552734375,0.00091552734375
injected,sj01_local_press_hpa__rise,1.5,30.0,24,23,172,True,True,True,False,False,1,sj01_local_press_hpa__rise,sj01_local_press_hpa__rise,sj01_local_press_hpa__rise,0.0001220703125,0.0001220703125
injected,sj01_local_press_hpa__rise,1.5,30.0,25,23,174,True,True,True,False,False,1,sj01_local_press_hpa__rise,sj01_local_press_hpa__rise,sj01_local_press_hpa__rise,6.103515625e-05,6.103515625e-05
injected,sj01_local_press_hpa__rise,1.5,30.0,26,14,167,False,False,False,False,False,0,,cu01_local_temp_avg_c__rise,cu01_local_temp_avg_c__rise,0.03271484375,0.019287109375
injected,sj01_local_press_hpa__rise,1.5,30.0,27,19,172,True,True,True,False,False,1,sj01_local_press_hpa__rise,sj01_local_press_hpa__rise,sj01_local_press_hpa__rise,0.00048828125,0.00048828125
injected,sj01_local_press_hpa__rise,1.5,30.0,28,20,170,False,False,True,False,False,0,,sj01_local_press_hpa__rise,sj01_local_press_hpa__rise,0.01123046875,0.01123046875
injected,sj01_local_press_hpa__rise,1.5,30.0,29,16,168,True,True,True,False,False,1,sj01_local_press_hpa__rise,sj01_local_press_hpa__rise,sj01_local_press_hpa__rise,0.003173828125,0.003173828125
injected,sj01_local_press_hpa__rise,1.5,30.0,30,18,169,True,True,True,False,False,1,sj01_local_press_hpa__rise,sj01_local_press_hpa__rise,sj01_local_press_hpa__rise,0.003173828125,0.003173828125
injected,sj01_local_press_hpa__rise,1.5,30.0,31,24,174,True,True,True,False,False,1,sj01_local_press_hpa__rise,sj01_local_press_hpa__rise,sj01_local_press_hpa__rise,0.0002593994140625,0.0002593994140625
injected,sj01_local_press_hpa__rise,1.5,30.0,32,20,168,False,False,False,False,False,0,,cu01_local_temp_avg_c__rise,cu01_local_temp_avg_c__rise,0.0286865234375,0.019287109375
injected,sj01_local_press_hpa__rise,1.5,30.0,33,21,172,True,True,True,False,False,1,sj01_local_press_hpa__rise,sj01_local_press_hpa__rise,sj01_local_press_hpa__rise,0.0020904541015625,0.0020904541015625
injected,sj01_local_press_hpa__rise,1.5,30.0,34,19,171,True,True,True,False,False,1,sj01_local_press_hpa__rise,sj01_local_press_hpa__rise,sj01_local_press_hpa__rise,0.003692626953125,0.003692626953125
injected,sj01_local_press_hpa__rise,1.5,30.0,35,22,172,True,True,True,False,False,1,sj01_local_press_hpa__rise,sj01_local_press_hpa__rise,sj01_local_press_hpa__rise,0.0020904541015625,0.0020904541015625
injected,sj01_local_press_hpa__rise,1.5,30.0,36,19,168,True,True,True,False,False,1,sj01_local_press_hpa__rise,sj01_local_press_hpa__rise,sj01_local_press_hpa__rise,0.001953125,0.001953125
injected,sj01_local_press_hpa__rise,1.5,30.0,37,18,169,False,False,True,False,False,0,,sj01_local_press_hpa__rise,sj01_local_press_hpa__rise,0.017578125,0.017578125
injected,sj01_local_press_hpa__rise,1.5,30.0,38,22,174,True,True,True,False,False,1,sj01_local_press_hpa__rise,sj01_local_press_hpa__rise,sj01_local_press_hpa__rise,0.00091552734375,0.00091552734375
injected,sj01_local_press_hpa__rise,1.5,30.0,39,24,174,True,True,True,False,False,1,sj01_local_press_hpa__rise,sj01_local_press_hpa__rise,sj01_local_press_hpa__rise,3.0517578125e-05,3.0517578125e-05
injected,sj01_local_press_hpa__rise,1.5,30.0,40,23,173,True,True,True,False,False,1,sj01_local_press_hpa__rise,sj01_local_press_hpa__rise,sj01_local_press_hpa__rise,0.0001220703125,0.0001220703125
injected,sj01_local_press_hpa__rise,1.5,30.0,41,18,170,False,False,True,False,False,0,,sj01_local_press_hpa__rise,sj01_local_press_hpa__rise,0.0106353759765625,0.0106353759765625
injected,sj01_local_press_hpa__rise,1.5,30.0,42,20,170,True,True,True,False,False,1,sj01_local_press_hpa__rise,sj01_local_press_hpa__rise,sj01_local_press_hpa__rise,0.00091552734375,0.00091552734375
injected,sj01_local_press_hpa__rise,1.5,30.0,43,18,168,False,False,True,False,False,0,,sj01_local_press_hpa__rise,sj01_local_press_hpa__rise,0.0107421875,0.0107421875
injected,sj01_local_press_hpa__rise,1.5,30.0,44,23,172,True,True,True,False,False,1,sj01_local_press_hpa__rise,sj01_local_press_hpa__rise,sj01_local_press_hpa__rise,0.00091552734375,0.00091552734375
injected,sj01_local_press_hpa__rise,1.5,30.0,45,22,173,True,True,True,False,False,1,sj01_local_press_hpa__rise,sj01_local_press_hpa__rise,sj01_local_press_hpa__rise,0.00091552734375,0.00091552734375
injected,sj01_local_press_hpa__rise,1.5,30.0,46,23,171,True,True,True,False,False,1,sj01_local_press_hpa__rise,sj01_local_press_hpa__rise,sj01_local_press_hpa__rise,0.00091552734375,0.00091552734375
injected,sj01_local_press_hpa__rise,1.5,30.0,47,19,170,False,False,True,False,False,0,,sj01_local_press_hpa__rise,sj01_local_press_hpa__rise,0.0106353759765625,0.0106353759765625
injected,sj01_local_press_hpa__rise,1.5,30.0,48,20,170,False,False,True,False,False,0,,sj01_local_press_hpa__rise,sj01_local_press_hpa__rise,0.0106353759765625,0.0106353759765625
injected,sj01_local_press_hpa__rise,1.5,30.0,49,17,171,True,True,True,False,False,1,sj01_local_press_hpa__rise,sj01_local_press_hpa__rise,sj01_local_press_hpa__rise,0.0020904541015625,0.0020904541015625
injected,sj01_local_press_hpa__rise,1.5,30.0,50,22,173,True,True,True,False,False,1,sj01_local_press_hpa__rise,sj01_local_press_hpa__rise,sj01_local_press_hpa__rise,0.00091552734375,0.00091552734375
injected,sj01_local_press_hpa__rise,1.5,30.0,51,19,172,True,True,True,False,False,1,sj01_local_press_hpa__rise,sj01_local_press_hpa__rise,sj01_local_press_hpa__rise,0.003173828125,0.003173828125
injected,sj01_local_press_hpa__rise,1.5,30.0,52,19,172,True,True,True,False,False,1,sj01_local_press_hpa__rise,sj01_local_press_hpa__rise,sj01_local_press_hpa__rise,0.00091552734375,0.00091552734375
injected,sj01_local_press_hpa__rise,1.5,30.0,53,20,171,True,True,True,False,False,1,sj01_local_press_hpa__rise,sj01_local_press_hpa__rise,sj01_local_press_hpa__rise,0.003173828125,0.003173828125
injected,sj01_local_press_hpa__rise,1.5,30.0,54,16,170,False,False,True,False,False,0,,sj01_local_press_hpa__rise,sj01_local_press_hpa__rise,0.005859375,0.005859375
injected,sj01_local_press_hpa__rise,1.5,30.0,55,17,166,False,False,False,False,False,0,,cu01_local_temp_avg_c__rise,cu01_local_temp_avg_c__rise,0.03271484375,0.019287109375
injected,sj01_local_press_hpa__rise,1.5,30.0,56,16,168,False,False,True,False,False,0,,sj01_local_press_hpa__rise,sj01_local_press_hpa__rise,0.005859375,0.005859375
injected,sj01_local_press_hpa__rise,1.5,30.0,57,19,171,True,True,True,False,False,1,sj01_local_press_hpa__rise,sj01_local_press_hpa__rise,sj01_local_press_hpa__rise,0.00048828125,0.00048828125
injected,sj01_local_press_hpa__rise,1.5,30.0,58,20,170,True,True,True,False,False,1,sj01_local_press_hpa__rise,sj01_local_press_hpa__rise,sj01_local_press_hpa__rise,0.003173828125,0.003173828125
injected,sj01_local_press_hpa__rise,1.5,30.0,59,18,170,False,False,True,False,False,0,,sj01_local_press_hpa__rise,sj01_local_press_hpa__rise,0.0106353759765625,0.0106353759765625
injected,sj01_local_press_hpa__rise,1.5,30.0,60,24,176,True,True,True,False,False,1,sj01_local_press_hpa__rise,sj01_local_press_hpa__rise,sj01_local_press_hpa__rise,3.0517578125e-05,3.0517578125e-05
injected,sj01_local_press_hpa__rise,1.5,30.0,61,17,169,False,False,False,False,False,0,,cu01_local_temp_avg_c__rise,cu01_local_temp_avg_c__rise,0.0286865234375,0.019287109375
injected,sj01_local_press_hpa__rise,1.5,30.0,62,21,171,True,True,True,False,False,1,sj01_local_press_hpa__rise,sj01_local_press_hpa__rise,sj01_local_press_hpa__rise,0.00091552734375,0.00091552734375
injected,sj01_local_press_hpa__rise,1.5,30.0,63,21,175,True,True,True,False,False,1,sj01_local_press_hpa__rise,sj01_local_press_hpa__rise,sj01_local_press_hpa__rise,0.0001220703125,0.0001220703125
injected,sj01_local_press_hpa__rise,1.5,30.0,64,20,171,True,True,True,False,False,1,sj01_local_press_hpa__rise,sj01_local_press_hpa__rise,sj01_local_press_hpa__rise,0.001708984375,0.001708984375
injected,sj01_local_press_hpa__rise,1.5,30.0,65,20,172,True,True,True,False,False,1,sj01_local_press_hpa__rise,sj01_local_press_hpa__rise,sj01_local_press_hpa__rise,0.00048828125,0.00048828125
injected,sj01_local_press_hpa__rise,1.5,30.0,66,19,168,False,False,True,False,False,0,,sj01_local_press_hpa__rise,sj01_local_press_hpa__rise,0.0106353759765625,0.0106353759765625
injected,sj01_local_press_hpa__rise,1.5,30.0,67,17,171,True,True,True,False,False,1,sj01_local_press_hpa__rise,sj01_local_press_hpa__rise,sj01_local_press_hpa__rise,0.003173828125,0.003173828125
injected,sj01_local_press_hpa__rise,1.5,30.0,68,22,172,True,True,True,False,False,1,sj01_local_press_hpa__rise,sj01_local_press_hpa__rise,sj01_local_press_hpa__rise,0.000244140625,0.000244140625
injected,sj01_local_press_hpa__rise,1.5,30.0,69,17,171,True,True,True,False,False,1,sj01_local_press_hpa__rise,sj01_local_press_hpa__rise,sj01_local_press_hpa__rise,0.003692626953125,0.003692626953125
injected,sj01_local_press_hpa__rise,1.5,30.0,70,19,170,False,False,True,False,False,0,,sj01_local_press_hpa__rise,sj01_local_press_hpa__rise,0.005859375,0.005859375
injected,sj01_local_press_hpa__rise,1.5,30.0,71,19,169,False,False,True,False,False,0,,sj01_local_press_hpa__rise,sj01_local_press_hpa__rise,0.01123046875,0.01123046875
injected,sj01_local_press_hpa__rise,1.5,30.0,72,22,171,True,True,True,False,False,1,sj01_local_press_hpa__rise,sj01_local_press_hpa__rise,sj01_local_press_hpa__rise,0.001708984375,0.001708984375
injected,sj01_local_press_hpa__rise,1.5,30.0,73,20,173,True,True,True,False,False,1,sj01_local_press_hpa__rise,sj01_local_press_hpa__rise,sj01_local_press_hpa__rise,0.000244140625,0.000244140625
injected,sj01_local_press_hpa__rise,1.5,30.0,74,17,168,False,False,True,False,False,0,,sj01_local_press_hpa__rise,sj01_local_press_hpa__rise,0.005859375,0.005859375
injected,sj01_local_press_hpa__rise,1.5,30.0,75,26,174,True,True,True,False,False,1,sj01_local_press_hpa__rise,sj01_local_press_hpa__rise,sj01_local_press_hpa__rise,6.103515625e-05,6.103515625e-05
injected,sj01_local_press_hpa__rise,1.5,30.0,76,16,171,True,True,True,False,False,1,sj01_local_press_hpa__rise,sj01_local_press_hpa__rise,sj01_local_press_hpa__rise,0.003173828125,0.003173828125
injected,sj01_local_press_hpa__rise,1.5,30.0,77,17,169,False,False,False,True,False,0,,,sj01_local_press_hpa__rise;sj01_local_temp_avg_c__fall,0.01123046875,0.01123046875
injected,sj01_local_press_hpa__rise,1.5,30.0,78,20,170,True,True,True,False,False,1,sj01_local_press_hpa__rise,sj01_local_press_hpa__rise,sj01_local_press_hpa__rise,0.001708984375,0.001708984375
injected,sj01_local_press_hpa__rise,1.5,30.0,79,16,170,True,True,True,False,False,1,sj01_local_press_hpa__rise,sj01_local_press_hpa__rise,sj01_local_press_hpa__rise,0.001708984375,0.001708984375
injected,sj01_local_press_hpa__rise,1.5,30.0,80,21,171,True,True,True,False,False,1,sj01_local_press_hpa__rise,sj01_local_press_hpa__rise,sj01_local_press_hpa__rise,0.001708984375,0.001708984375
injected,sj01_local_press_hpa__rise,1.5,30.0,81,21,172,True,True,True,False,False,1,sj01_local_press_hpa__rise,sj01_local_press_hpa__rise,sj01_local_press_hpa__rise,0.00091552734375,0.00091552734375
injected,sj01_local_press_hpa__rise,1.5,30.0,82,18,168,False,False,True,False,False,0,,sj01_local_press_hpa__rise,sj01_local_press_hpa__rise,0.0064697265625,0.0064697265625
injected,sj01_local_press_hpa__rise,1.5,30.0,83,21,173,True,True,True,False,False,1,sj01_local_press_hpa__rise,sj01_local_press_hpa__rise,sj01_local_press_hpa__rise,0.00091552734375,0.00091552734375
injected,sj01_local_press_hpa__rise,1.5,30.0,84,21,173,True,True,True,False,False,1,sj01_local_press_hpa__rise,sj01_local_press_hpa__rise,sj01_local_press_hpa__rise,0.0020904541015625,0.0020904541015625
injected,sj01_local_press_hpa__rise,1.5,30.0,85,18,169,True,True,True,False,False,1,sj01_local_press_hpa__rise,sj01_local_press_hpa__rise,sj01_local_press_hpa__rise,0.00048828125,0.00048828125
injected,sj01_local_press_hpa__rise,1.5,30.0,86,22,173,True,True,True,False,False,1,sj01_local_press_hpa__rise,sj01_local_press_hpa__rise,sj01_local_press_hpa__rise,0.0001220703125,0.0001220703125
injected,sj01_local_press_hpa__rise,1.5,30.0,87,23,172,True,True,True,False,False,1,sj01_local_press_hpa__rise,sj01_local_press_hpa__rise,sj01_local_press_hpa__rise,0.003692626953125,0.003692626953125
injected,sj01_local_press_hpa__rise,1.5,30.0,88,18,168,False,False,True,False,False,0,,sj01_local_press_hpa__rise,sj01_local_press_hpa__rise,0.017578125,0.017578125
injected,sj01_local_press_hpa__rise,1.5,30.0,89,18,168,False,False,False,True,False,0,,,cu01_local_temp_avg_c__rise;sj01_local_press_hpa__rise;sj01_local_temp_avg_c__fall,0.019287109375,0.019287109375
injected,sj01_local_press_hpa__rise,1.5,30.0,90,19,170,True,True,True,False,False,1,sj01_local_press_hpa__rise,sj01_local_press_hpa__rise,sj01_local_press_hpa__rise,0.001708984375,0.001708984375
injected,sj01_local_press_hpa__rise,1.5,30.0,91,19,171,True,True,True,False,False,1,sj01_local_press_hpa__rise,sj01_local_press_hpa__rise,sj01_local_press_hpa__rise,0.001708984375,0.001708984375
injected,sj01_local_press_hpa__rise,1.5,30.0,92,14,169,False,False,False,True,False,0,,,sj01_local_press_hpa__rise;sj01_local_temp_avg_c__fall,0.01123046875,0.01123046875
injected,sj01_local_press_hpa__rise,1.5,30.0,93,21,170,True,True,True,False,False,1,sj01_local_press_hpa__rise,sj01_local_press_hpa__rise,sj01_local_press_hpa__rise,0.00091552734375,0.00091552734375
injected,sj01_local_press_hpa__rise,1.5,30.0,94,23,171,True,True,True,False,False,1,sj01_local_press_hpa__rise,sj01_local_press_hpa__rise,sj01_local_press_hpa__rise,0.0037689208984375,0.0037689208984375
injected,sj01_local_press_hpa__rise,1.5,30.0,95,17,171,True,True,True,False,False,1,sj01_local_press_hpa__rise,sj01_local_press_hpa__rise,sj01_local_press_hpa__rise,0.001708984375,0.001708984375
injected,sj01_local_press_hpa__rise,1.5,30.0,96,16,167,False,False,False,True,False,0,,,cu01_local_temp_avg_c__rise;sj01_local_temp_avg_c__fall,0.0546875,0.019287109375
injected,sj01_local_press_hpa__rise,1.5,30.0,97,21,171,True,True,True,False,False,1,sj01_local_press_hpa__rise,sj01_local_press_hpa__rise,sj01_local_press_hpa__rise,0.00091552734375,0.00091552734375
injected,sj01_local_press_hpa__rise,1.5,30.0,98,20,171,True,True,True,False,False,1,sj01_local_press_hpa__rise,sj01_local_press_hpa__rise,sj01_local_press_hpa__rise,0.001708984375,0.001708984375
injected,sj01_local_press_hpa__rise,1.5,30.0,99,21,171,True,True,True,False,False,1,sj01_local_press_hpa__rise,sj01_local_press_hpa__rise,sj01_local_press_hpa__rise,0.003173828125,0.003173828125
injected,sj01_local_press_hpa__rise,1.5,60.0,0,24,174,False,False,True,False,False,0,,sj01_local_press_hpa__rise,sj01_local_press_hpa__rise,0.005859375,0.005859375
injected,sj01_local_press_hpa__rise,1.5,60.0,1,22,172,False,False,True,False,False,0,,sj01_local_press_hpa__rise,sj01_local_press_hpa__rise,0.005859375,0.005859375
injected,sj01_local_press_hpa__rise,1.5,60.0,2,18,169,False,False,False,False,False,0,,cu01_local_temp_avg_c__rise,cu01_local_temp_avg_c__rise,0.0546875,0.019287109375
injected,sj01_local_press_hpa__rise,1.5,60.0,3,18,171,False,False,True,False,False,0,,sj01_local_press_hpa__rise,sj01_local_press_hpa__rise,0.005859375,0.005859375
injected,sj01_local_press_hpa__rise,1.5,60.0,4,18,170,False,False,False,True,False,0,,,cu01_local_temp_avg_c__rise;sj01_local_press_hpa__rise,0.046142578125,0.046142578125
injected,sj01_local_press_hpa__rise,1.5,60.0,5,19,169,False,False,True,False,False,0,,sj01_local_press_hpa__rise,sj01_local_press_hpa__rise,0.0286865234375,0.0286865234375
injected,sj01_local_press_hpa__rise,1.5,60.0,6,16,166,False,False,False,True,False,0,,,cu01_local_temp_avg_c__rise;sj01_local_press_hpa__rise,0.046142578125,0.046142578125
injected,sj01_local_press_hpa__rise,1.5,60.0,7,17,170,False,False,False,False,False,0,,cu01_local_temp_avg_c__rise,cu01_local_temp_avg_c__rise,0.03271484375,0.019287109375
injected,sj01_local_press_hpa__rise,1.5,60.0,8,17,168,False,False,False,False,False,0,,cu01_local_temp_avg_c__rise,cu01_local_temp_avg_c__rise,0.19384765625,0.046142578125
injected,sj01_local_press_hpa__rise,1.5,60.0,9,22,173,False,False,True,False,False,0,,sj01_local_press_hpa__rise,sj01_local_press_hpa__rise,0.01123046875,0.01123046875
injected,sj01_local_press_hpa__rise,1.5,60.0,10,19,170,False,False,False,True,False,0,,,cu01_local_temp_avg_c__rise;sj01_local_press_hpa__rise,0.019287109375,0.019287109375
injected,sj01_local_press_hpa__rise,1.5,60.0,11,22,172,True,True,True,False,False,1,sj01_local_press_hpa__rise,sj01_local_press_hpa__rise,sj01_local_press_hpa__rise,0.0009765625,0.0009765625
injected,sj01_local_press_hpa__rise,1.5,60.0,12,19,170,False,False,True,False,False,0,,sj01_local_press_hpa__rise,sj01_local_press_hpa__rise,0.03271484375,0.03271484375
injected,sj01_local_press_hpa__rise,1.5,60.0,13,17,167,False,False,True,False,False,0,,sj01_local_press_hpa__rise,sj01_local_press_hpa__rise,0.01953125,0.01953125
injected,sj01_local_press_hpa__rise,1.5,60.0,14,19,169,False,False,True,False,False,0,,sj01_local_press_hpa__rise,sj01_local_press_hpa__rise,0.019287109375,0.019287109375
injected,sj01_local_press_hpa__rise,1.5,60.0,15,21,171,False,False,False,True,False,0,,,cu01_local_temp_avg_c__rise;sj01_local_press_hpa__rise,0.046142578125,0.046142578125
injected,sj01_local_press_hpa__rise,1.5,60.0,16,16,168,False,False,False,False,False,0,,cu01_local_temp_avg_c__rise,cu01_local_temp_avg_c__rise,0.05923461914062499,0.046142578125
injected,sj01_local_press_hpa__rise,1.5,60.0,17,15,168,False,False,True,False,False,0,,sj01_local_press_hpa__rise,sj01_local_press_hpa__rise,0.015625,0.015625
injected,sj01_local_press_hpa__rise,1.5,60.0,18,17,170,False,False,False,False,False,0,,cu01_local_temp_avg_c__rise,cu01_local_temp_avg_c__rise,0.1334228515625,0.046142578125
injected,sj01_local_press_hpa__rise,1.5,60.0,19,20,171,False,False,False,False,False,0,,cu01_local_temp_avg_c__rise,cu01_local_temp_avg_c__rise,0.05923461914062499,0.019287109375
injected,sj01_local_press_hpa__rise,1.5,60.0,20,15,168,False,False,False,False,False,0,,cu01_local_temp_avg_c__rise,cu01_local_temp_avg_c__rise,0.046142578125,0.019287109375
injected,sj01_local_press_hpa__rise,1.5,60.0,21,18,170,False,False,True,False,False,0,,sj01_local_press_hpa__rise,sj01_local_press_hpa__rise,0.005859375,0.005859375
injected,sj01_local_press_hpa__rise,1.5,60.0,22,22,173,False,False,True,False,False,0,,sj01_local_press_hpa__rise,sj01_local_press_hpa__rise,0.005859375,0.005859375
injected,sj01_local_press_hpa__rise,1.5,60.0,23,21,171,False,False,True,False,False,0,,sj01_local_press_hpa__rise,sj01_local_press_hpa__rise,0.01123046875,0.01123046875
injected,sj01_local_press_hpa__rise,1.5,60.0,24,23,174,True,True,True,False,False,1,sj01_local_press_hpa__rise,sj01_local_press_hpa__rise,sj01_local_press_hpa__rise,0.0009765625,0.0009765625
injected,sj01_local_press_hpa__rise,1.5,60.0,25,23,174,True,True,True,False,False,1,sj01_local_press_hpa__rise,sj01_local_press_hpa__rise,sj01_local_press_hpa__rise,0.00048828125,0.00048828125
injected,sj01_local_press_hpa__rise,1.5,60.0,26,14,165,False,False,False,False,False,0,,cu01_local_temp_avg_c__rise,cu01_local_temp_avg_c__rise,0.0546875,0.046142578125
injected,sj01_local_press_hpa__rise,1.5,60.0,27,19,170,True,True,True,False,False,1,sj01_local_press_hpa__rise,sj01_local_press_hpa__rise,sj01_local_press_hpa__rise,0.0009765625,0.0009765625
injected,sj01_local_press_hpa__rise,1.5,60.0,28,20,171,False,False,True,False,False,0,,sj01_local_press_hpa__rise,sj01_local_press_hpa__rise,0.019287109375,0.019287109375
injected,sj01_local_press_hpa__rise,1.5,60.0,29,16,170,False,False,True,False,False,0,,sj01_local_press_hpa__rise,sj01_local_press_hpa__rise,0.015625,0.015625
injected,sj01_local_press_hpa__rise,1.5,60.0,30,18,170,False,False,False,False,False,0,,cu01_local_temp_avg_c__rise,cu01_local_temp_avg_c__rise,0.03271484375,0.019287109375
injected,sj01_local_press_hpa__rise,1.5,60.0,31,24,174,True,True,True,False,False,1,sj01_local_press_hpa__rise,sj01_local_press_hpa__rise,sj01_local_press_hpa__rise,0.001708984375,0.001708984375
injected,sj01_local_press_hpa__rise,1.5,60.0,32,20,170,False,False,False,False,False,0,,cu01_local_temp_avg_c__rise,cu01_local_temp_avg_c__rise,0.1334228515625,0.019287109375
injected,sj01_local_press_hpa__rise,1.5,60.0,33,21,171,False,False,True,False,False,0,,sj01_local_press_hpa__rise,sj01_local_press_hpa__rise,0.01123046875,0.01123046875
injected,sj01_local_press_hpa__rise,1.5,60.0,34,19,168,False,False,True,False,False,0,,sj01_local_press_hpa__rise,sj01_local_press_hpa__rise,0.019287109375,0.019287109375
injected,sj01_local_press_hpa__rise,1.5,60.0,35,22,172,False,False,True,False,False,0,,sj01_local_press_hpa__rise,sj01_local_press_hpa__rise,0.0064697265625,0.0064697265625
injected,sj01_local_press_hpa__rise,1.5,60.0,36,19,171,False,False,False,False,False,0,,cu01_local_temp_avg_c__rise,cu01_local_temp_avg_c__rise,0.01953125,0.019287109375
injected,sj01_local_press_hpa__rise,1.5,60.0,37,18,170,False,False,False,False,False,0,,cu01_local_temp_avg_c__rise,cu01_local_temp_avg_c__rise,0.05923461914062499,0.019287109375
injected,sj01_local_press_hpa__rise,1.5,60.0,38,22,172,True,True,True,False,False,1,sj01_local_press_hpa__rise,sj01_local_press_hpa__rise,sj01_local_press_hpa__rise,0.003173828125,0.003173828125
injected,sj01_local_press_hpa__rise,1.5,60.0,39,24,175,True,True,True,False,False,1,sj01_local_press_hpa__rise,sj01_local_press_hpa__rise,sj01_local_press_hpa__rise,0.000244140625,0.000244140625
injected,sj01_local_press_hpa__rise,1.5,60.0,40,23,174,True,True,True,False,False,1,sj01_local_press_hpa__rise,sj01_local_press_hpa__rise,sj01_local_press_hpa__rise,0.00048828125,0.00048828125
injected,sj01_local_press_hpa__rise,1.5,60.0,41,18,168,False,False,False,False,False,0,,cu01_local_temp_avg_c__rise,cu01_local_temp_avg_c__rise,0.05923461914062499,0.046142578125
injected,sj01_local_press_hpa__rise,1.5,60.0,42,20,169,False,False,True,False,False,0,,sj01_local_press_hpa__rise,sj01_local_press_hpa__rise,0.01123046875,0.01123046875
injected,sj01_local_press_hpa__rise,1.5,60.0,43,18,170,False,False,False,False,False,0,,cu01_local_temp_avg_c__rise,cu01_local_temp_avg_c__rise,0.0625,0.046142578125
injected,sj01_local_press_hpa__rise,1.5,60.0,44,23,172,False,False,True,False,False,0,,sj01_local_press_hpa__rise,sj01_local_press_hpa__rise,0.005859375,0.005859375
injected,sj01_local_press_hpa__rise,1.5,60.0,45,22,170,True,True,True,False,False,1,sj01_local_press_hpa__rise,sj01_local_press_hpa__rise,sj01_local_press_hpa__rise,0.003173828125,0.003173828125
injected,sj01_local_press_hpa__rise,1.5,60.0,46,23,175,False,False,True,False,False,0,,sj01_local_press_hpa__rise,sj01_local_press_hpa__rise,0.005859375,0.005859375
injected,sj01_local_press_hpa__rise,1.5,60.0,47,19,170,False,False,False,True,False,0,,,cu01_local_temp_avg_c__rise;sj01_local_press_hpa__rise,0.046142578125,0.046142578125
injected,sj01_local_press_hpa__rise,1.5,60.0,48,20,172,False,False,True,False,False,0,,sj01_local_press_hpa__rise,sj01_local_press_hpa__rise,0.0286865234375,0.0286865234375
injected,sj01_local_press_hpa__rise,1.5,60.0,49,17,169,False,False,True,False,False,0,,sj01_local_press_hpa__rise,sj01_local_press_hpa__rise,0.0106353759765625,0.0106353759765625
injected,sj01_local_press_hpa__rise,1.5,60.0,50,22,171,True,True,True,False,False,1,sj01_local_press_hpa__rise,sj01_local_press_hpa__rise,sj01_local_press_hpa__rise,0.003173828125,0.003173828125
injected,sj01_local_press_hpa__rise,1.5,60.0,51,19,169,False,False,True,False,False,0,,sj01_local_press_hpa__rise,sj01_local_press_hpa__rise,0.0107421875,0.0107421875
injected,sj01_local_press_hpa__rise,1.5,60.0,52,19,170,False,False,True,False,False,0,,sj01_local_press_hpa__rise,sj01_local_press_hpa__rise,0.01123046875,0.01123046875
injected,sj01_local_press_hpa__rise,1.5,60.0,53,20,171,False,False,True,False,False,0,,sj01_local_press_hpa__rise,sj01_local_press_hpa__rise,0.005859375,0.005859375
injected,sj01_local_press_hpa__rise,1.5,60.0,54,16,171,False,False,True,False,False,0,,sj01_local_press_hpa__rise,sj01_local_press_hpa__rise,0.0107421875,0.0107421875
injected,sj01_local_press_hpa__rise,1.5,60.0,55,17,170,False,False,False,False,False,0,,cu01_local_temp_avg_c__rise,cu01_local_temp_avg_c__rise,0.11328125,0.046142578125
injected,sj01_local_press_hpa__rise,1.5,60.0,56,16,166,False,False,False,False,False,0,,cu01_local_temp_avg_c__rise,cu01_local_temp_avg_c__rise,0.0546875,0.019287109375
injected,sj01_local_press_hpa__rise,1.5,60.0,57,19,169,True,True,True,False,False,1,sj01_local_press_hpa__rise,sj01_local_press_hpa__rise,sj01_local_press_hpa__rise,0.001953125,0.001953125
injected,sj01_local_press_hpa__rise,1.5,60.0,58,20,170,False,False,False,False,False,0,,cu01_local_temp_avg_c__rise,cu01_local_temp_avg_c__rise,0.01953125,0.019287109375
injected,sj01_local_press_hpa__rise,1.5,60.0,59,18,169,False,False,True,False,False,0,,sj01_local_press_hpa__rise,sj01_local_press_hpa__rise,0.0286865234375,0.0286865234375
injected,sj01_local_press_hpa__rise,1.5,60.0,60,24,173,True,True,True,False,False,1,sj01_local_press_hpa__rise,sj01_local_press_hpa__rise,sj01_local_press_hpa__rise,0.000244140625,0.000244140625
injected,sj01_local_press_hpa__rise,1.5,60.0,61,17,169,False,False,False,False,False,0,,cu01_local_temp_avg_c__rise,cu01_local_temp_avg_c__rise,0.072998046875,0.019287109375
injected,sj01_local_press_hpa__rise,1.5,60.0,62,21,174,False,False,True,False,False,0,,sj01_local_press_hpa__rise,sj01_local_press_hpa__rise,0.005859375,0.005859375
injected,sj01_local_press_hpa__rise,1.5,60.0,63,21,172,True,True,True,False,False,1,sj01_local_press_hpa__rise,sj01_local_press_hpa__rise,sj01_local_press_hpa__rise,0.00048828125,0.00048828125
injected,sj01_local_press_hpa__rise,1.5,60.0,64,20,172,False,False,True,False,False,0,,sj01_local_press_hpa__rise,sj01_local_press_hpa__rise,0.01123046875,0.01123046875
injected,sj01_local_press_hpa__rise,1.5,60.0,65,20,171,True,True,True,False,False,1,sj01_local_press_hpa__rise,sj01_local_press_hpa__rise,sj01_local_press_hpa__rise,0.003173828125,0.003173828125
injected,sj01_local_press_hpa__rise,1.5,60.0,66,19,171,False,False,False,False,False,0,,cu01_local_temp_avg_c__rise,cu01_local_temp_avg_c__rise,0.046142578125,0.019287109375
injected,sj01_local_press_hpa__rise,1.5,60.0,67,17,169,False,False,False,False,False,0,,cu01_local_temp_avg_c__rise,cu01_local_temp_avg_c__rise,0.01953125,0.019287109375
injected,sj01_local_press_hpa__rise,1.5,60.0,68,22,171,True,True,True,False,False,1,sj01_local_press_hpa__rise,sj01_local_press_hpa__rise,sj01_local_press_hpa__rise,0.001953125,0.001953125
injected,sj01_local_press_hpa__rise,1.5,60.0,69,17,169,False,False,True,False,False,0,,sj01_local_press_hpa__rise,sj01_local_press_hpa__rise,0.01123046875,0.01123046875
injected,sj01_local_press_hpa__rise,1.5,60.0,70,19,171,False,False,False,True,False,0,,,cu01_local_temp_avg_c__rise;sj01_local_press_hpa__rise,0.019287109375,0.019287109375
injected,sj01_local_press_hpa__rise,1.5,60.0,71,19,170,False,False,False,False,False,0,,cu01_local_temp_avg_c__rise,cu01_local_temp_avg_c__rise,0.0546875,0.019287109375
injected,sj01_local_press_hpa__rise,1.5,60.0,72,22,172,False,False,False,True,False,0,,,cu01_local_temp_avg_c__rise;sj01_local_press_hpa__rise,0.019287109375,0.019287109375
injected,sj01_local_press_hpa__rise,1.5,60.0,73,20,172,False,False,True,False,False,0,,sj01_local_press_hpa__rise,sj01_local_press_hpa__rise,0.005859375,0.005859375
injected,sj01_local_press_hpa__rise,1.5,60.0,74,17,167,False,False,False,False,False,0,,cu01_local_temp_avg_c__rise,cu01_local_temp_avg_c__rise,0.03271484375,0.019287109375
injected,sj01_local_press_hpa__rise,1.5,60.0,75,26,174,True,True,True,False,False,1,sj01_local_press_hpa__rise,sj01_local_press_hpa__rise,sj01_local_press_hpa__rise,0.00048828125,0.00048828125
injected,sj01_local_press_hpa__rise,1.5,60.0,76,16,169,False,False,True,False,False,0,,sj01_local_press_hpa__rise,sj01_local_press_hpa__rise,0.005859375,0.005859375
injected,sj01_local_press_hpa__rise,1.5,60.0,77,17,168,False,False,False,False,False,0,,cu01_local_temp_avg_c__rise,cu01_local_temp_avg_c__rise,0.072998046875,0.019287109375
injected,sj01_local_press_hpa__rise,1.5,60.0,78,20,171,False,False,True,False,False,0,,sj01_local_press_hpa__rise,sj01_local_press_hpa__rise,0.019287109375,0.019287109375
injected,sj01_local_press_hpa__rise,1.5,60.0,79,16,167,False,False,True,False,False,0,,sj01_local_press_hpa__rise,sj01_local_press_hpa__rise,0.0107421875,0.0107421875
injected,sj01_local_press_hpa__rise,1.5,60.0,80,21,172,False,False,True,False,False,0,,sj01_local_press_hpa__rise,sj01_local_press_hpa__rise,0.005859375,0.005859375
injected,sj01_local_press_hpa__rise,1.5,60.0,81,21,171,False,False,True,False,False,0,,sj01_local_press_hpa__rise,sj01_local_press_hpa__rise,0.0064697265625,0.0064697265625
injected,sj01_local_press_hpa__rise,1.5,60.0,82,18,170,False,False,True,False,False,0,,sj01_local_press_hpa__rise,sj01_local_press_hpa__rise,0.03271484375,0.03271484375
injected,sj01_local_press_hpa__rise,1.5,60.0,83,21,173,False,False,True,False,False,0,,sj01_local_press_hpa__rise,sj01_local_press_hpa__rise,0.005859375,0.005859375
injected,sj01_local_press_hpa__rise,1.5,60.0,84,21,171,False,False,True,False,False,0,,sj01_local_press_hpa__rise,sj01_local_press_hpa__rise,0.017578125,0.017578125
injected,sj01_local_press_hpa__rise,1.5,60.0,85,18,169,False,False,True,False,False,0,,sj01_local_press_hpa__rise,sj01_local_press_hpa__rise,0.0107421875,0.0107421875
injected,sj01_local_press_hpa__rise,1.5,60.0,86,22,175,True,True,True,False,False,1,sj01_local_press_hpa__rise,sj01_local_press_hpa__rise,sj01_local_press_hpa__rise,0.0009765625,0.0009765625
injected,sj01_local_press_hpa__rise,1.5,60.0,87,23,171,False,False,True,False,False,0,,sj01_local_press_hpa__rise,sj01_local_press_hpa__rise,0.01123046875,0.01123046875
injected,sj01_local_press_hpa__rise,1.5,60.0,88,18,169,False,False,False,False,False,0,,cu01_local_temp_avg_c__rise,cu01_local_temp_avg_c__rise,0.072998046875,0.046142578125
injected,sj01_local_press_hpa__rise,1.5,60.0,89,18,169,False,False,False,False,False,0,,cu01_local_temp_avg_c__rise,cu01_local_temp_avg_c__rise,0.072998046875,0.046142578125
injected,sj01_local_press_hpa__rise,1.5,60.0,90,19,173,False,False,True,False,False,0,,sj01_local_press_hpa__rise,sj01_local_press_hpa__rise,0.0107421875,0.0107421875
injected,sj01_local_press_hpa__rise,1.5,60.0,91,19,171,False,False,True,False,False,0,,sj01_local_press_hpa__rise,sj01_local_press_hpa__rise,0.005859375,0.005859375
injected,sj01_local_press_hpa__rise,1.5,60.0,92,14,167,False,False,True,False,False,0,,sj01_local_press_hpa__rise,sj01_local_press_hpa__rise,0.03271484375,0.03271484375
injected,sj01_local_press_hpa__rise,1.5,60.0,93,21,172,False,False,True,False,False,0,,sj01_local_press_hpa__rise,sj01_local_press_hpa__rise,0.0064697265625,0.0064697265625
injected,sj01_local_press_hpa__rise,1.5,60.0,94,23,173,False,False,True,False,False,0,,sj01_local_press_hpa__rise,sj01_local_press_hpa__rise,0.017578125,0.017578125
injected,sj01_local_press_hpa__rise,1.5,60.0,95,17,168,False,False,True,False,False,0,,sj01_local_press_hpa__rise,sj01_local_press_hpa__rise,0.019287109375,0.019287109375
injected,sj01_local_press_hpa__rise,1.5,60.0,96,16,169,False,False,False,False,False,0,,cu01_local_temp_avg_c__rise,cu01_local_temp_avg_c__rise,0.171875,0.046142578125
injected,sj01_local_press_hpa__rise,1.5,60.0,97,21,171,False,False,True,False,False,0,,sj01_local_press_hpa__rise,sj01_local_press_hpa__rise,0.005859375,0.005859375
injected,sj01_local_press_hpa__rise,1.5,60.0,98,20,171,False,False,True,False,False,0,,sj01_local_press_hpa__rise,sj01_local_press_hpa__rise,0.005859375,0.005859375
injected,sj01_local_press_hpa__rise,1.5,60.0,99,21,171,False,False,True,False,False,0,,sj01_local_press_hpa__rise,sj01_local_press_hpa__rise,0.019287109375,0.019287109375
null,,0.0,,0,0,158,False,False,False,True,False,0,,,cu01_local_temp_avg_c__rise;sj01_local_press_hpa__rise,,0.2744140625
null,,0.0,,1,0,158,False,False,False,False,False,0,,sj01_local_press_hpa__rise,sj01_local_press_hpa__rise,,0.376953125
null,,0.0,,2,0,158,False,False,False,False,False,0,,sj01_local_press_hpa__rise,sj01_local_press_hpa__rise,,0.36328125
null,,0.0,,3,0,158,False,False,False,False,False,0,,sj01_local_press_hpa__rise,sj01_local_press_hpa__rise,,0.03271484375
null,,0.0,,4,0,158,False,False,False,False,False,0,,cu01_local_temp_avg_c__rise,cu01_local_temp_avg_c__rise,,0.01953125
null,,0.0,,5,0,158,False,False,False,True,False,0,,,sj01_local_hum_avg_pct__fall;sj01_local_press_hpa__rise,,0.5
null,,0.0,,6,0,158,False,False,False,False,False,0,,cu01_local_temp_avg_c__rise,cu01_local_temp_avg_c__rise,,0.36328125
null,,0.0,,7,0,158,False,False,False,False,False,0,,cu01_local_temp_avg_c__rise,cu01_local_temp_avg_c__rise,,0.2265625
null,,0.0,,8,0,158,False,False,False,False,False,0,,cu01_local_temp_avg_c__rise,cu01_local_temp_avg_c__rise,,0.14453125
null,,0.0,,9,0,158,False,False,False,False,False,0,,sj01_local_hum_avg_pct__fall,sj01_local_hum_avg_pct__fall,,0.19384765625
null,,0.0,,10,0,158,False,False,False,False,False,0,,sj01_local_press_hpa__rise,sj01_local_press_hpa__rise,,0.2744140625
null,,0.0,,11,0,158,False,False,False,False,False,0,,sj01_local_hum_avg_pct__fall,sj01_local_hum_avg_pct__fall,,0.19384765625
null,,0.0,,12,0,158,False,False,False,False,False,0,,cu01_local_temp_avg_c__rise,cu01_local_temp_avg_c__rise,,0.0625
null,,0.0,,13,0,158,False,False,False,False,False,0,,cu01_local_temp_avg_c__rise,cu01_local_temp_avg_c__rise,,0.01953125
null,,0.0,,14,0,158,False,False,False,False,False,0,,sj01_local_hum_avg_pct__fall,sj01_local_hum_avg_pct__fall,,0.2265625
null,,0.0,,15,0,158,False,False,False,False,False,0,,sj01_local_press_hpa__rise,sj01_local_press_hpa__rise,,0.14453125
null,,0.0,,16,0,158,False,False,False,False,False,0,,sj01_local_hum_avg_pct__fall,sj01_local_hum_avg_pct__fall,,0.38720703125
null,,0.0,,17,0,158,False,False,False,False,False,0,,cu01_local_temp_avg_c__rise,cu01_local_temp_avg_c__rise,,0.03515625
null,,0.0,,18,0,158,False,False,False,False,False,0,,sj01_local_press_hpa__rise,sj01_local_press_hpa__rise,,0.2272491455078125
null,,0.0,,19,0,158,False,False,False,False,False,0,,cu01_local_temp_avg_c__rise,cu01_local_temp_avg_c__rise,,0.3125
null,,0.0,,20,0,158,False,False,False,False,False,0,,sj01_local_press_hpa__rise,sj01_local_press_hpa__rise,,0.1875
null,,0.0,,21,0,158,False,False,False,False,False,0,,cu01_local_temp_avg_c__rise,cu01_local_temp_avg_c__rise,,0.2744140625
null,,0.0,,22,0,158,False,False,False,False,False,0,,sj01_local_hum_avg_pct__fall,sj01_local_hum_avg_pct__fall,,0.1334228515625
null,,0.0,,23,0,158,False,False,False,False,False,0,,cu01_local_temp_avg_c__rise,cu01_local_temp_avg_c__rise,,0.19384765625
null,,0.0,,24,0,158,False,False,False,False,False,0,,sj01_local_press_hpa__rise,sj01_local_press_hpa__rise,,0.2744140625
null,,0.0,,25,0,158,False,False,False,False,False,0,,cu01_local_temp_avg_c__rise,cu01_local_temp_avg_c__rise,,0.34375
null,,0.0,,26,0,158,False,False,False,False,False,0,,sj01_local_press_hpa__rise,sj01_local_press_hpa__rise,,0.25390625
null,,0.0,,27,0,158,False,False,False,False,False,0,,sj01_local_hum_avg_pct__fall,sj01_local_hum_avg_pct__fall,,0.03271484375
null,,0.0,,28,0,158,False,False,False,False,False,0,,cu01_local_temp_avg_c__rise,cu01_local_temp_avg_c__rise,,0.171875
null,,0.0,,29,0,158,False,False,False,False,False,0,,cu01_local_temp_avg_c__rise,cu01_local_temp_avg_c__rise,,0.109375
null,,0.0,,30,0,158,False,False,False,False,False,0,,sj01_local_press_hpa__rise,sj01_local_press_hpa__rise,,0.376953125
null,,0.0,,31,0,158,False,False,False,False,False,0,,sj01_local_press_hpa__rise,sj01_local_press_hpa__rise,,0.1661529541015625
null,,0.0,,32,0,158,False,False,False,False,False,0,,sj01_local_hum_avg_pct__fall,sj01_local_hum_avg_pct__fall,,0.057659149169921875
null,,0.0,,33,0,158,False,False,False,False,False,0,,sj01_local_press_hpa__rise,sj01_local_press_hpa__rise,,0.0625
null,,0.0,,34,0,158,False,False,False,False,False,0,,sj01_local_press_hpa__rise,sj01_local_press_hpa__rise,,0.2744140625
null,,0.0,,35,0,158,False,False,False,False,False,0,,sj01_local_hum_avg_pct__fall,sj01_local_hum_avg_pct__fall,,0.2744140625
null,,0.0,,36,0,158,False,False,False,False,False,0,,cu01_local_temp_avg_c__rise,cu01_local_temp_avg_c__rise,,0.25390625
null,,0.0,,37,0,158,False,False,False,False,False,0,,sj01_local_press_hpa__rise,sj01_local_press_hpa__rise,,0.376953125
null,,0.0,,38,0,158,False,False,False,False,False,0,,cu01_local_temp_avg_c__rise,cu01_local_temp_avg_c__rise,,0.171875
null,,0.0,,39,0,158,False,False,False,False,False,0,,cu01_local_temp_avg_c__rise,cu01_local_temp_avg_c__rise,,0.03125
null,,0.0,,40,0,158,False,False,False,False,False,0,,sj01_local_temp_avg_c__fall,sj01_local_temp_avg_c__fall,,0.14453125
null,,0.0,,41,0,158,False,False,False,False,False,0,,cu01_local_temp_avg_c__rise,cu01_local_temp_avg_c__rise,,0.03515625
null,,0.0,,42,0,158,False,False,False,False,False,0,,cu01_local_temp_avg_c__rise,cu01_local_temp_avg_c__rise,,0.171875
null,,0.0,,43,0,158,False,False,False,False,True,1,sj01_local_hum_avg_pct__fall,sj01_local_hum_avg_pct__fall,sj01_local_hum_avg_pct__fall,,0.00390625
null,,0.0,,44,0,158,False,False,False,False,False,0,,sj01_local_press_hpa__rise,sj01_local_press_hpa__rise,,0.072998046875
null,,0.0,,45,0,158,False,False,False,False,False,0,,cu01_local_temp_avg_c__rise,cu01_local_temp_avg_c__rise,,0.2265625
null,,0.0,,46,0,158,False,False,False,False,False,0,,sj01_local_hum_avg_pct__fall,sj01_local_hum_avg_pct__fall,,0.2744140625
null,,0.0,,47,0,158,False,False,False,False,False,0,,sj01_local_press_hpa__rise,sj01_local_press_hpa__rise,,0.604736328125
null,,0.0,,48,0,158,False,False,False,False,False,0,,sj01_local_hum_avg_pct__fall,sj01_local_hum_avg_pct__fall,,0.19384765625
null,,0.0,,49,0,158,False,False,False,True,False,0,,,cu01_local_temp_avg_c__rise;sj01_local_temp_avg_c__fall,,0.61279296875
null,,0.0,,50,0,158,False,False,False,False,False,0,,sj01_local_temp_avg_c__fall,sj01_local_temp_avg_c__fall,,0.08984375
null,,0.0,,51,0,158,False,False,False,False,False,0,,sj01_local_hum_avg_pct__fall,sj01_local_hum_avg_pct__fall,,0.046142578125
null,,0.0,,52,0,158,False,False,False,False,False,0,,cu01_local_temp_avg_c__rise,cu01_local_temp_avg_c__rise,,0.2265625
null,,0.0,,53,0,158,False,False,False,False,False,0,,sj01_local_hum_avg_pct__fall,sj01_local_hum_avg_pct__fall,,0.5
null,,0.0,,54,0,158,False,False,False,False,False,0,,sj01_local_hum_avg_pct__fall,sj01_local_hum_avg_pct__fall,,0.15087890624999997
null,,0.0,,55,0,158,False,False,False,False,False,0,,sj01_local_temp_avg_c__fall,sj01_local_temp_avg_c__fall,,0.03515625
null,,0.0,,56,0,158,False,False,False,False,False,0,,cu01_local_temp_avg_c__rise,cu01_local_temp_avg_c__rise,,0.2265625
null,,0.0,,57,0,158,False,False,False,False,False,0,,sj01_local_hum_avg_pct__fall,sj01_local_hum_avg_pct__fall,,0.0546875
null,,0.0,,58,0,158,False,False,False,False,False,0,,sj01_local_hum_avg_pct__fall,sj01_local_hum_avg_pct__fall,,0.01123046875
null,,0.0,,59,0,158,False,False,False,False,False,0,,sj01_local_hum_avg_pct__fall,sj01_local_hum_avg_pct__fall,,0.0625
null,,0.0,,60,0,158,False,False,False,False,False,0,,cu01_local_temp_avg_c__rise,cu01_local_temp_avg_c__rise,,0.125
null,,0.0,,61,0,158,False,False,False,False,False,0,,cu01_local_temp_avg_c__rise,cu01_local_temp_avg_c__rise,,0.14453125
null,,0.0,,62,0,158,False,False,False,False,False,0,,sj01_local_press_hpa__rise,sj01_local_press_hpa__rise,,0.21197509765625
null,,0.0,,63,0,158,False,False,False,False,False,0,,sj01_local_hum_avg_pct__fall,sj01_local_hum_avg_pct__fall,,0.08984375
null,,0.0,,64,0,158,False,False,False,False,False,0,,sj01_local_press_hpa__rise,sj01_local_press_hpa__rise,,0.376953125
null,,0.0,,65,0,158,False,False,False,False,True,1,cu01_local_temp_avg_c__rise,cu01_local_temp_avg_c__rise,cu01_local_temp_avg_c__rise,,0.003173828125
null,,0.0,,66,0,158,False,False,False,False,False,0,,cu01_local_temp_avg_c__rise,cu01_local_temp_avg_c__rise,,0.08984375
null,,0.0,,67,0,158,False,False,False,True,False,0,,,cu01_local_temp_avg_c__rise;sj01_local_hum_avg_pct__fall;sj01_local_temp_avg_c__fall,,0.5
null,,0.0,,68,0,158,False,False,False,False,False,0,,sj01_local_temp_avg_c__fall,sj01_local_temp_avg_c__fall,,0.14453125
null,,0.0,,69,0,158,False,False,False,False,False,0,,sj01_local_hum_avg_pct__fall,sj01_local_hum_avg_pct__fall,,0.0107421875
null,,0.0,,70,0,158,False,False,False,False,False,0,,sj01_local_temp_avg_c__fall,sj01_local_temp_avg_c__fall,,0.03271484375
null,,0.0,,71,0,158,False,False,False,False,False,0,,sj01_local_press_hpa__rise,sj01_local_press_hpa__rise,,0.019287109375
null,,0.0,,72,0,158,False,False,False,False,False,0,,sj01_local_hum_avg_pct__fall,sj01_local_hum_avg_pct__fall,,0.0546875
null,,0.0,,73,0,158,False,False,False,False,False,0,,cu01_local_temp_avg_c__rise,cu01_local_temp_avg_c__rise,,0.01123046875
null,,0.0,,74,0,158,False,False,False,False,False,0,,cu01_local_temp_avg_c__rise,cu01_local_temp_avg_c__rise,,0.376953125
null,,0.0,,75,0,158,False,False,False,False,False,0,,sj01_local_temp_avg_c__fall,sj01_local_temp_avg_c__fall,,0.5
null,,0.0,,76,0,158,False,False,False,False,True,1,sj01_local_press_hpa__rise,sj01_local_press_hpa__rise,sj01_local_press_hpa__rise,,0.00390625
null,,0.0,,77,0,158,False,False,False,False,False,0,,sj01_local_hum_avg_pct__fall,sj01_local_hum_avg_pct__fall,,0.1050567626953125
null,,0.0,,78,0,158,False,False,False,False,False,0,,sj01_local_hum_avg_pct__fall,sj01_local_hum_avg_pct__fall,,0.376953125
null,,0.0,,79,0,158,False,False,False,False,False,0,,sj01_local_hum_avg_pct__fall,sj01_local_hum_avg_pct__fall,,0.19384765625
null,,0.0,,80,0,158,False,False,False,False,False,0,,sj01_local_press_hpa__rise,sj01_local_press_hpa__rise,,0.36328125
null,,0.0,,81,0,158,False,False,False,False,False,0,,sj01_local_hum_avg_pct__fall,sj01_local_hum_avg_pct__fall,,0.171875
null,,0.0,,82,0,158,False,False,False,False,False,0,,sj01_local_hum_avg_pct__fall,sj01_local_hum_avg_pct__fall,,0.25390625
null,,0.0,,83,0,158,False,False,False,False,False,0,,cu01_local_temp_avg_c__rise,cu01_local_temp_avg_c__rise,,0.08984375
null,,0.0,,84,0,158,False,False,False,False,False,0,,cu01_local_temp_avg_c__rise,cu01_local_temp_avg_c__rise,,0.11328125
null,,0.0,,85,0,158,False,False,False,False,False,0,,sj01_local_hum_avg_pct__fall,sj01_local_hum_avg_pct__fall,,0.0107421875
null,,0.0,,86,0,158,False,False,False,False,False,0,,cu01_local_temp_avg_c__rise,cu01_local_temp_avg_c__rise,,0.08984375
null,,0.0,,87,0,158,False,False,False,False,False,0,,cu01_local_temp_avg_c__rise,cu01_local_temp_avg_c__rise,,0.14453125
null,,0.0,,88,0,158,False,False,False,False,False,0,,cu01_local_temp_avg_c__rise,cu01_local_temp_avg_c__rise,,0.0078125
null,,0.0,,89,0,158,False,False,False,False,False,0,,sj01_local_hum_avg_pct__fall,sj01_local_hum_avg_pct__fall,,0.38720703125
null,,0.0,,90,0,158,False,False,False,False,False,0,,sj01_local_press_hpa__rise,sj01_local_press_hpa__rise,,0.376953125
null,,0.0,,91,0,158,False,False,False,False,False,0,,sj01_local_press_hpa__rise,sj01_local_press_hpa__rise,,0.376953125
null,,0.0,,92,0,158,False,False,False,False,False,0,,sj01_local_temp_avg_c__fall,sj01_local_temp_avg_c__fall,,0.14453125
null,,0.0,,93,0,158,False,False,False,False,False,0,,cu01_local_temp_avg_c__rise,cu01_local_temp_avg_c__rise,,0.2265625
null,,0.0,,94,0,158,False,False,False,False,False,0,,cu01_local_temp_avg_c__rise,cu01_local_temp_avg_c__rise,,0.36328125
null,,0.0,,95,0,158,False,False,False,False,False,0,,cu01_local_temp_avg_c__rise,cu01_local_temp_avg_c__rise,,0.25390625
null,,0.0,,96,0,158,False,False,False,False,False,0,,sj01_local_hum_avg_pct__fall,sj01_local_hum_avg_pct__fall,,0.14453125
null,,0.0,,97,0,158,False,False,False,False,True,1,sj01_local_press_hpa__rise,sj01_local_press_hpa__rise,sj01_local_press_hpa__rise,,0.001953125
null,,0.0,,98,0,158,False,False,False,False,False,0,,sj01_local_press_hpa__rise,sj01_local_press_hpa__rise,,0.1050567626953125
null,,0.0,,99,0,158,False,False,False,False,False,0,,sj01_local_hum_avg_pct__fall,sj01_local_hum_avg_pct__fall,,0.03271484375
null,,0.0,,100,0,158,False,False,False,False,False,0,,cu01_local_temp_avg_c__rise,cu01_local_temp_avg_c__rise,,0.11328125
null,,0.0,,101,0,158,False,False,False,False,False,0,,sj01_local_press_hpa__rise,sj01_local_press_hpa__rise,,0.14453125
null,,0.0,,102,0,158,False,False,False,False,False,0,,cu01_local_temp_avg_c__rise,cu01_local_temp_avg_c__rise,,0.072998046875
null,,0.0,,103,0,158,False,False,False,False,False,0,,sj01_local_press_hpa__rise,sj01_local_press_hpa__rise,,0.0546875
null,,0.0,,104,0,158,False,False,False,False,False,0,,sj01_local_hum_avg_pct__fall,sj01_local_hum_avg_pct__fall,,0.01953125
null,,0.0,,105,0,158,False,False,False,False,False,0,,cu01_local_temp_avg_c__rise,cu01_local_temp_avg_c__rise,,0.03125
null,,0.0,,106,0,158,False,False,False,False,False,0,,sj01_local_temp_avg_c__fall,sj01_local_temp_avg_c__fall,,0.30361938476562494
null,,0.0,,107,0,158,False,False,False,False,False,0,,sj01_local_press_hpa__rise,sj01_local_press_hpa__rise,,0.604736328125
null,,0.0,,108,0,158,False,False,False,False,False,0,,sj01_local_hum_avg_pct__fall,sj01_local_hum_avg_pct__fall,,0.14453125
null,,0.0,,109,0,158,False,False,False,False,False,0,,sj01_local_temp_avg_c__fall,sj01_local_temp_avg_c__fall,,0.046142578125
null,,0.0,,110,0,158,False,False,False,False,False,0,,cu01_local_temp_avg_c__rise,cu01_local_temp_avg_c__rise,,0.25390625
null,,0.0,,111,0,158,False,False,False,False,False,0,,sj01_local_hum_avg_pct__fall,sj01_local_hum_avg_pct__fall,,0.5
null,,0.0,,112,0,158,False,False,False,False,False,0,,sj01_local_hum_avg_pct__fall,sj01_local_hum_avg_pct__fall,,0.2744140625
null,,0.0,,113,0,158,False,False,False,True,False,0,,,cu01_local_temp_avg_c__rise;sj01_local_hum_avg_pct__fall,,0.171875
null,,0.0,,114,0,158,False,False,False,False,False,0,,sj01_local_press_hpa__rise,sj01_local_press_hpa__rise,,0.5
null,,0.0,,115,0,158,False,False,False,False,False,0,,sj01_local_hum_avg_pct__fall,sj01_local_hum_avg_pct__fall,,0.376953125
null,,0.0,,116,0,158,False,False,False,False,False,0,,cu01_local_temp_avg_c__rise,cu01_local_temp_avg_c__rise,,0.74609375
null,,0.0,,117,0,158,False,False,False,False,False,0,,sj01_local_temp_avg_c__fall,sj01_local_temp_avg_c__fall,,0.171875
null,,0.0,,118,0,158,False,False,False,True,False,0,,,cu01_local_temp_avg_c__rise;sj01_local_press_hpa__rise,,0.376953125
null,,0.0,,119,0,158,False,False,False,False,False,0,,cu01_local_temp_avg_c__rise,cu01_local_temp_avg_c__rise,,0.03515625
null,,0.0,,120,0,158,False,False,False,True,False,0,,,cu01_local_temp_avg_c__rise;sj01_local_press_hpa__rise,,0.5
null,,0.0,,121,0,158,False,False,False,False,False,0,,sj01_local_press_hpa__rise,sj01_local_press_hpa__rise,,0.36328125
null,,0.0,,122,0,158,False,False,False,False,False,0,,cu01_local_temp_avg_c__rise,cu01_local_temp_avg_c__rise,,0.2265625
null,,0.0,,123,0,158,False,False,False,False,False,0,,sj01_local_hum_avg_pct__fall,sj01_local_hum_avg_pct__fall,,0.03271484375
null,,0.0,,124,0,158,False,False,False,False,False,0,,sj01_local_hum_avg_pct__fall,sj01_local_hum_avg_pct__fall,,0.25390625
null,,0.0,,125,0,158,False,False,False,False,False,0,,cu01_local_temp_avg_c__rise,cu01_local_temp_avg_c__rise,,0.171875
null,,0.0,,126,0,158,False,False,False,False,False,0,,cu01_local_temp_avg_c__rise,cu01_local_temp_avg_c__rise,,0.072998046875
null,,0.0,,127,0,158,False,False,False,False,False,0,,sj01_local_hum_avg_pct__fall,sj01_local_hum_avg_pct__fall,,0.01123046875
null,,0.0,,128,0,158,False,False,False,False,False,0,,sj01_local_temp_avg_c__fall,sj01_local_temp_avg_c__fall,,0.03271484375
null,,0.0,,129,0,158,False,False,False,False,False,0,,cu01_local_temp_avg_c__rise,cu01_local_temp_avg_c__rise,,0.03515625
null,,0.0,,130,0,158,False,False,False,False,False,0,,sj01_local_hum_avg_pct__fall,sj01_local_hum_avg_pct__fall,,0.01123046875
null,,0.0,,131,0,158,False,False,False,False,False,0,,sj01_local_hum_avg_pct__fall,sj01_local_hum_avg_pct__fall,,0.171875
null,,0.0,,132,0,158,False,False,False,False,False,0,,cu01_local_temp_avg_c__rise,cu01_local_temp_avg_c__rise,,0.11328125
null,,0.0,,133,0,158,False,False,False,False,False,0,,cu01_local_temp_avg_c__rise,cu01_local_temp_avg_c__rise,,0.0384063720703125
null,,0.0,,134,0,158,False,False,False,False,True,1,sj01_local_press_hpa__rise,sj01_local_press_hpa__rise,sj01_local_press_hpa__rise,,0.001953125
null,,0.0,,135,0,158,False,False,False,False,False,0,,sj01_local_hum_avg_pct__fall,sj01_local_hum_avg_pct__fall,,0.08984375
null,,0.0,,136,0,158,False,False,False,False,False,0,,sj01_local_hum_avg_pct__fall,sj01_local_hum_avg_pct__fall,,0.1875
null,,0.0,,137,0,158,False,False,False,False,False,0,,sj01_local_temp_avg_c__fall,sj01_local_temp_avg_c__fall,,0.36328125
null,,0.0,,138,0,158,False,False,False,False,False,0,,sj01_local_temp_avg_c__fall,sj01_local_temp_avg_c__fall,,0.005859375
null,,0.0,,139,0,158,False,False,False,True,False,0,,,cu01_local_temp_avg_c__rise;sj01_local_hum_avg_pct__fall,,0.171875
null,,0.0,,140,0,158,False,False,False,True,False,0,,,sj01_local_hum_avg_pct__fall;sj01_local_press_hpa__rise,,0.5
null,,0.0,,141,0,158,False,False,False,False,False,0,,sj01_local_press_hpa__rise,sj01_local_press_hpa__rise,,0.30361938476562494
null,,0.0,,142,0,158,False,False,False,False,False,0,,cu01_local_temp_avg_c__rise,cu01_local_temp_avg_c__rise,,0.1875
null,,0.0,,143,0,158,False,False,False,False,False,0,,sj01_local_press_hpa__rise,sj01_local_press_hpa__rise,,0.376953125
null,,0.0,,144,0,158,False,False,False,False,False,0,,sj01_local_press_hpa__rise,sj01_local_press_hpa__rise,,0.03515625
null,,0.0,,145,0,158,False,False,False,False,True,1,cu01_local_temp_avg_c__rise,cu01_local_temp_avg_c__rise,cu01_local_temp_avg_c__rise,,0.00091552734375
null,,0.0,,146,0,158,False,False,False,False,False,0,,sj01_local_press_hpa__rise,sj01_local_press_hpa__rise,,0.171875
null,,0.0,,147,0,158,False,False,False,False,False,0,,sj01_local_hum_avg_pct__fall,sj01_local_hum_avg_pct__fall,,0.08984375
null,,0.0,,148,0,158,False,False,False,False,False,0,,sj01_local_hum_avg_pct__fall,sj01_local_hum_avg_pct__fall,,0.072998046875
null,,0.0,,149,0,158,False,False,False,False,False,0,,sj01_local_temp_avg_c__fall,sj01_local_temp_avg_c__fall,,0.0546875
null,,0.0,,150,0,158,False,False,False,False,False,0,,sj01_local_temp_avg_c__fall,sj01_local_temp_avg_c__fall,,0.1334228515625
null,,0.0,,151,0,158,False,False,False,False,False,0,,sj01_local_temp_avg_c__fall,sj01_local_temp_avg_c__fall,,0.1189422607421875
null,,0.0,,152,0,158,False,False,False,False,False,0,,cu01_local_temp_avg_c__rise,cu01_local_temp_avg_c__rise,,0.14453125
null,,0.0,,153,0,158,False,False,False,False,False,0,,sj01_local_temp_avg_c__fall,sj01_local_temp_avg_c__fall,,0.0546875
null,,0.0,,154,0,158,False,False,False,False,False,0,,cu01_local_temp_avg_c__rise,cu01_local_temp_avg_c__rise,,0.1334228515625
null,,0.0,,155,0,158,False,False,False,False,False,0,,sj01_local_temp_avg_c__fall,sj01_local_temp_avg_c__fall,,0.0286865234375
null,,0.0,,156,0,158,False,False,False,False,False,0,,sj01_local_press_hpa__rise,sj01_local_press_hpa__rise,,0.5
null,,0.0,,157,0,158,False,False,False,False,False,0,,sj01_local_press_hpa__rise,sj01_local_press_hpa__rise,,0.0546875
null,,0.0,,158,0,158,False,False,False,False,False,0,,sj01_local_press_hpa__rise,sj01_local_press_hpa__rise,,0.14453125
null,,0.0,,159,0,158,False,False,False,False,False,0,,cu01_local_temp_avg_c__rise,cu01_local_temp_avg_c__rise,,0.125
null,,0.0,,160,0,158,False,False,False,False,False,0,,sj01_local_hum_avg_pct__fall,sj01_local_hum_avg_pct__fall,,0.0625
null,,0.0,,161,0,158,False,False,False,False,True,1,cu01_local_temp_avg_c__rise,cu01_local_temp_avg_c__rise,cu01_local_temp_avg_c__rise,,0.00048828125
null,,0.0,,162,0,158,False,False,False,False,False,0,,sj01_local_temp_avg_c__fall,sj01_local_temp_avg_c__fall,,0.08984375
null,,0.0,,163,0,158,False,False,False,False,False,0,,cu01_local_temp_avg_c__rise,cu01_local_temp_avg_c__rise,,0.2265625
null,,0.0,,164,0,158,False,False,False,False,False,0,,sj01_local_press_hpa__rise,sj01_local_press_hpa__rise,,0.14453125
null,,0.0,,165,0,158,False,False,False,False,False,0,,sj01_local_hum_avg_pct__fall,sj01_local_hum_avg_pct__fall,,0.0064697265625
null,,0.0,,166,0,158,False,False,False,False,False,0,,sj01_local_hum_avg_pct__fall,sj01_local_hum_avg_pct__fall,,0.1189422607421875
null,,0.0,,167,0,158,False,False,False,False,False,0,,sj01_local_temp_avg_c__fall,sj01_local_temp_avg_c__fall,,0.0625
null,,0.0,,168,0,158,False,False,False,False,False,0,,cu01_local_temp_avg_c__rise,cu01_local_temp_avg_c__rise,,0.019287109375
null,,0.0,,169,0,158,False,False,False,False,False,0,,sj01_local_hum_avg_pct__fall,sj01_local_hum_avg_pct__fall,,0.2265625
null,,0.0,,170,0,158,False,False,False,True,False,0,,,sj01_local_hum_avg_pct__fall;sj01_local_press_hpa__rise,,0.0286865234375
null,,0.0,,171,0,158,False,False,False,False,False,0,,sj01_local_press_hpa__rise,sj01_local_press_hpa__rise,,0.03271484375
null,,0.0,,172,0,158,False,False,False,False,False,0,,sj01_local_press_hpa__rise,sj01_local_press_hpa__rise,,0.19384765625
null,,0.0,,173,0,158,False,False,False,False,False,0,,sj01_local_temp_avg_c__fall,sj01_local_temp_avg_c__fall,,0.2744140625
null,,0.0,,174,0,158,False,False,False,False,False,0,,sj01_local_hum_avg_pct__fall,sj01_local_hum_avg_pct__fall,,0.09462356567382812
null,,0.0,,175,0,158,False,False,False,False,False,0,,sj01_local_press_hpa__rise,sj01_local_press_hpa__rise,,0.171875
null,,0.0,,176,0,158,False,False,False,False,False,0,,sj01_local_temp_avg_c__fall,sj01_local_temp_avg_c__fall,,0.0546875
null,,0.0,,177,0,158,False,False,False,False,False,0,,sj01_local_temp_avg_c__fall,sj01_local_temp_avg_c__fall,,0.34375
null,,0.0,,178,0,158,False,False,False,False,False,0,,sj01_local_press_hpa__rise,sj01_local_press_hpa__rise,,0.109375
null,,0.0,,179,0,158,False,False,False,False,False,0,,sj01_local_hum_avg_pct__fall,sj01_local_hum_avg_pct__fall,,0.19384765625
null,,0.0,,180,0,158,False,False,False,False,False,0,,cu01_local_temp_avg_c__rise,cu01_local_temp_avg_c__rise,,0.11328125
null,,0.0,,181,0,158,False,False,False,False,False,0,,sj01_local_temp_avg_c__fall,sj01_local_temp_avg_c__fall,,0.048126220703125
null,,0.0,,182,0,158,False,False,False,False,False,0,,sj01_local_hum_avg_pct__fall,sj01_local_hum_avg_pct__fall,,0.36328125
null,,0.0,,183,0,158,False,False,False,False,False,0,,sj01_local_press_hpa__rise,sj01_local_press_hpa__rise,,0.376953125
null,,0.0,,184,0,158,False,False,False,False,False,0,,sj01_local_temp_avg_c__fall,sj01_local_temp_avg_c__fall,,0.19384765625
null,,0.0,,185,0,158,False,False,False,False,False,0,,cu01_local_temp_avg_c__rise,cu01_local_temp_avg_c__rise,,0.0546875
null,,0.0,,186,0,158,False,False,False,False,False,0,,sj01_local_press_hpa__rise,sj01_local_press_hpa__rise,,0.019287109375
null,,0.0,,187,0,158,False,False,False,False,False,0,,cu01_local_temp_avg_c__rise,cu01_local_temp_avg_c__rise,,0.1334228515625
null,,0.0,,188,0,158,False,False,False,False,False,0,,sj01_local_press_hpa__rise,sj01_local_press_hpa__rise,,0.08984375
null,,0.0,,189,0,158,False,False,False,False,False,0,,sj01_local_temp_avg_c__fall,sj01_local_temp_avg_c__fall,,0.29052734375
null,,0.0,,190,0,158,False,False,False,False,False,0,,cu01_local_temp_avg_c__rise,cu01_local_temp_avg_c__rise,,0.2265625
null,,0.0,,191,0,158,False,False,False,False,False,0,,sj01_local_press_hpa__rise,sj01_local_press_hpa__rise,,0.25390625
null,,0.0,,192,0,158,False,False,False,False,False,0,,cu01_local_temp_avg_c__rise,cu01_local_temp_avg_c__rise,,0.11328125
null,,0.0,,193,0,158,False,False,False,False,False,0,,cu01_local_temp_avg_c__rise,cu01_local_temp_avg_c__rise,,0.08984375
null,,0.0,,194,0,158,False,False,False,False,False,0,,cu01_local_temp_avg_c__rise,cu01_local_temp_avg_c__rise,,0.36328125
null,,0.0,,195,0,158,False,False,False,False,False,0,,sj01_local_hum_avg_pct__fall,sj01_local_hum_avg_pct__fall,,0.0625
null,,0.0,,196,0,158,False,False,False,False,False,0,,sj01_local_hum_avg_pct__fall,sj01_local_hum_avg_pct__fall,,0.25390625
null,,0.0,,197,0,158,False,False,False,False,False,0,,sj01_local_hum_avg_pct__fall,sj01_local_hum_avg_pct__fall,,0.0625
null,,0.0,,198,0,158,False,False,False,False,False,0,,cu01_local_temp_avg_c__rise,cu01_local_temp_avg_c__rise,,0.03125
null,,0.0,,199,0,158,False,False,False,False,False,0,,sj01_local_temp_avg_c__fall,sj01_local_temp_avg_c__fall,,0.29052734375
null,,0.0,,200,0,158,False,False,False,False,False,0,,sj01_local_press_hpa__rise,sj01_local_press_hpa__rise,,0.2265625
null,,0.0,,201,0,158,False,False,False,False,False,0,,sj01_local_press_hpa__rise,sj01_local_press_hpa__rise,,0.36328125
null,,0.0,,202,0,158,False,False,False,False,False,0,,cu01_local_temp_avg_c__rise,cu01_local_temp_avg_c__rise,,0.08978271484375
null,,0.0,,203,0,158,False,False,False,False,False,0,,sj01_local_hum_avg_pct__fall,sj01_local_hum_avg_pct__fall,,0.08984375
null,,0.0,,204,0,158,False,False,False,False,False,0,,cu01_local_temp_avg_c__rise,cu01_local_temp_avg_c__rise,,0.19384765625
null,,0.0,,205,0,158,False,False,False,False,False,0,,sj01_local_hum_avg_pct__fall,sj01_local_hum_avg_pct__fall,,0.11328125
null,,0.0,,206,0,158,False,False,False,False,False,0,,cu01_local_temp_avg_c__rise,cu01_local_temp_avg_c__rise,,0.0625
null,,0.0,,207,0,158,False,False,False,False,False,0,,sj01_local_press_hpa__rise,sj01_local_press_hpa__rise,,0.2265625
null,,0.0,,208,0,158,False,False,False,False,False,0,,sj01_local_hum_avg_pct__fall,sj01_local_hum_avg_pct__fall,,0.072998046875
null,,0.0,,209,0,158,False,False,False,False,False,0,,sj01_local_press_hpa__rise,sj01_local_press_hpa__rise,,0.11328125
null,,0.0,,210,0,158,False,False,False,False,False,0,,sj01_local_press_hpa__rise,sj01_local_press_hpa__rise,,0.015625
null,,0.0,,211,0,158,False,False,False,False,False,0,,sj01_local_hum_avg_pct__fall,sj01_local_hum_avg_pct__fall,,0.38720703125
null,,0.0,,212,0,158,False,False,False,False,False,0,,sj01_local_temp_avg_c__fall,sj01_local_temp_avg_c__fall,,0.2265625
null,,0.0,,213,0,158,False,False,False,False,False,0,,sj01_local_press_hpa__rise,sj01_local_press_hpa__rise,,0.1334228515625
null,,0.0,,214,0,158,False,False,False,False,False,0,,sj01_local_hum_avg_pct__fall,sj01_local_hum_avg_pct__fall,,0.25390625
null,,0.0,,215,0,158,False,False,False,False,False,0,,sj01_local_hum_avg_pct__fall,sj01_local_hum_avg_pct__fall,,0.14453125
null,,0.0,,216,0,158,False,False,False,False,False,0,,sj01_local_press_hpa__rise,sj01_local_press_hpa__rise,,0.38720703125
null,,0.0,,217,0,158,False,False,False,False,False,0,,cu01_local_temp_avg_c__rise,cu01_local_temp_avg_c__rise,,0.36328125
null,,0.0,,218,0,158,False,False,False,False,False,0,,sj01_local_press_hpa__rise,sj01_local_press_hpa__rise,,0.36328125
null,,0.0,,219,0,158,False,False,False,False,False,0,,sj01_local_hum_avg_pct__fall,sj01_local_hum_avg_pct__fall,,0.15087890624999997
null,,0.0,,220,0,158,False,False,False,True,False,0,,,cu01_local_temp_avg_c__rise;sj01_local_hum_avg_pct__fall,,0.08984375
null,,0.0,,221,0,158,False,False,False,False,False,0,,sj01_local_hum_avg_pct__fall,sj01_local_hum_avg_pct__fall,,0.1334228515625
null,,0.0,,222,0,158,False,False,False,False,False,0,,sj01_local_hum_avg_pct__fall,sj01_local_hum_avg_pct__fall,,0.109375
null,,0.0,,223,0,158,False,False,False,False,False,0,,sj01_local_hum_avg_pct__fall,sj01_local_hum_avg_pct__fall,,0.005859375
null,,0.0,,224,0,158,False,False,False,False,False,0,,sj01_local_press_hpa__rise,sj01_local_press_hpa__rise,,0.015625
null,,0.0,,225,0,158,False,False,False,False,False,0,,sj01_local_temp_avg_c__fall,sj01_local_temp_avg_c__fall,,0.25390625
null,,0.0,,226,0,158,False,False,False,False,False,0,,sj01_local_temp_avg_c__fall,sj01_local_temp_avg_c__fall,,0.0625
null,,0.0,,227,0,158,False,False,False,False,False,0,,sj01_local_temp_avg_c__fall,sj01_local_temp_avg_c__fall,,0.14453125
null,,0.0,,228,0,158,False,False,False,False,False,0,,cu01_local_temp_avg_c__rise,cu01_local_temp_avg_c__rise,,0.1334228515625
null,,0.0,,229,0,158,False,False,False,False,False,0,,sj01_local_hum_avg_pct__fall,sj01_local_hum_avg_pct__fall,,0.171875
null,,0.0,,230,0,158,False,False,False,False,False,0,,sj01_local_temp_avg_c__fall,sj01_local_temp_avg_c__fall,,0.19384765625
null,,0.0,,231,0,158,False,False,False,False,False,0,,sj01_local_press_hpa__rise,sj01_local_press_hpa__rise,,0.08978271484375
null,,0.0,,232,0,158,False,False,False,False,False,0,,sj01_local_hum_avg_pct__fall,sj01_local_hum_avg_pct__fall,,0.019287109375
null,,0.0,,233,0,158,False,False,False,False,False,0,,sj01_local_hum_avg_pct__fall,sj01_local_hum_avg_pct__fall,,0.2265625
null,,0.0,,234,0,158,False,False,False,False,False,0,,sj01_local_temp_avg_c__fall,sj01_local_temp_avg_c__fall,,0.08978271484375
null,,0.0,,235,0,158,False,False,False,False,False,0,,cu01_local_temp_avg_c__rise,cu01_local_temp_avg_c__rise,,0.25390625
null,,0.0,,236,0,158,False,False,False,False,False,0,,cu01_local_temp_avg_c__rise,cu01_local_temp_avg_c__rise,,0.08984375
null,,0.0,,237,0,158,False,False,False,False,True,1,cu01_local_temp_avg_c__rise,cu01_local_temp_avg_c__rise,cu01_local_temp_avg_c__rise,,0.00390625
null,,0.0,,238,0,158,False,False,False,False,False,0,,sj01_local_press_hpa__rise,sj01_local_press_hpa__rise,,0.4999999999999999
null,,0.0,,239,0,158,False,False,False,False,False,0,,sj01_local_temp_avg_c__fall,sj01_local_temp_avg_c__fall,,0.25390625
null,,0.0,,240,0,158,False,False,False,False,False,0,,sj01_local_temp_avg_c__fall,sj01_local_temp_avg_c__fall,,0.0546875
null,,0.0,,241,0,158,False,False,False,False,False,0,,cu01_local_temp_avg_c__rise,cu01_local_temp_avg_c__rise,,0.03515625
null,,0.0,,242,0,158,False,False,False,False,False,0,,cu01_local_temp_avg_c__rise,cu01_local_temp_avg_c__rise,,0.171875
null,,0.0,,243,0,158,False,False,False,False,False,0,,sj01_local_hum_avg_pct__fall,sj01_local_hum_avg_pct__fall,,0.11328125
null,,0.0,,244,0,158,False,False,False,False,False,0,,sj01_local_press_hpa__rise,sj01_local_press_hpa__rise,,0.08984375
null,,0.0,,245,0,158,False,False,False,False,False,0,,sj01_local_temp_avg_c__fall,sj01_local_temp_avg_c__fall,,0.21197509765625
null,,0.0,,246,0,158,False,False,False,False,False,0,,sj01_local_press_hpa__rise,sj01_local_press_hpa__rise,,0.08978271484375
null,,0.0,,247,0,158,False,False,False,False,False,0,,sj01_local_temp_avg_c__fall,sj01_local_temp_avg_c__fall,,0.11328125
null,,0.0,,248,0,158,False,False,False,False,False,0,,sj01_local_temp_avg_c__fall,sj01_local_temp_avg_c__fall,,0.109375
null,,0.0,,249,0,158,False,False,False,False,False,0,,sj01_local_temp_avg_c__fall,sj01_local_temp_avg_c__fall,,0.03271484375
null,,0.0,,250,0,158,False,False,False,False,False,0,,sj01_local_hum_avg_pct__fall,sj01_local_hum_avg_pct__fall,,0.0546875
null,,0.0,,251,0,158,False,False,False,False,False,0,,sj01_local_temp_avg_c__fall,sj01_local_temp_avg_c__fall,,0.171875
null,,0.0,,252,0,158,False,False,False,False,False,0,,cu01_local_temp_avg_c__rise,cu01_local_temp_avg_c__rise,,0.11328125
null,,0.0,,253,0,158,False,False,False,False,False,0,,sj01_local_hum_avg_pct__fall,sj01_local_hum_avg_pct__fall,,0.14453125
null,,0.0,,254,0,158,False,False,False,False,False,0,,sj01_local_temp_avg_c__fall,sj01_local_temp_avg_c__fall,,0.005859375
null,,0.0,,255,0,158,False,False,False,False,False,0,,sj01_local_press_hpa__rise,sj01_local_press_hpa__rise,,0.019287109375
null,,0.0,,256,0,158,False,False,False,False,False,0,,cu01_local_temp_avg_c__rise,cu01_local_temp_avg_c__rise,,0.25390625
null,,0.0,,257,0,158,False,False,False,False,False,0,,sj01_local_press_hpa__rise,sj01_local_press_hpa__rise,,0.3145294189453125
null,,0.0,,258,0,158,False,False,False,False,False,0,,sj01_local_press_hpa__rise,sj01_local_press_hpa__rise,,0.0546875
null,,0.0,,259,0,158,False,False,False,False,False,0,,sj01_local_hum_avg_pct__fall,sj01_local_hum_avg_pct__fall,,0.08984375
null,,0.0,,260,0,158,False,False,False,False,False,0,,sj01_local_press_hpa__rise,sj01_local_press_hpa__rise,,0.03515625
null,,0.0,,261,0,158,False,False,False,False,False,0,,sj01_local_hum_avg_pct__fall,sj01_local_hum_avg_pct__fall,,0.01953125
null,,0.0,,262,0,158,False,False,False,False,False,0,,sj01_local_press_hpa__rise,sj01_local_press_hpa__rise,,0.171875
null,,0.0,,263,0,158,False,False,False,False,False,0,,sj01_local_press_hpa__rise,sj01_local_press_hpa__rise,,0.046142578125
null,,0.0,,264,0,158,False,False,False,False,False,0,,cu01_local_temp_avg_c__rise,cu01_local_temp_avg_c__rise,,0.0546875
null,,0.0,,265,0,158,False,False,False,False,False,0,,sj01_local_press_hpa__rise,sj01_local_press_hpa__rise,,0.072998046875
null,,0.0,,266,0,158,False,False,False,False,False,0,,sj01_local_hum_avg_pct__fall,sj01_local_hum_avg_pct__fall,,0.1334228515625
null,,0.0,,267,0,158,False,False,False,False,False,0,,sj01_local_temp_avg_c__fall,sj01_local_temp_avg_c__fall,,0.21197509765625
null,,0.0,,268,0,158,False,False,False,False,False,0,,sj01_local_temp_avg_c__fall,sj01_local_temp_avg_c__fall,,0.03125
null,,0.0,,269,0,158,False,False,False,False,False,0,,sj01_local_temp_avg_c__fall,sj01_local_temp_avg_c__fall,,0.0384063720703125
null,,0.0,,270,0,158,False,False,False,False,False,0,,sj01_local_press_hpa__rise,sj01_local_press_hpa__rise,,0.25390625
null,,0.0,,271,0,158,False,False,False,False,False,0,,sj01_local_hum_avg_pct__fall,sj01_local_hum_avg_pct__fall,,0.0286865234375
null,,0.0,,272,0,158,False,False,False,False,False,0,,cu01_local_temp_avg_c__rise,cu01_local_temp_avg_c__rise,,0.5
null,,0.0,,273,0,158,False,False,False,False,False,0,,cu01_local_temp_avg_c__rise,cu01_local_temp_avg_c__rise,,0.14453125
null,,0.0,,274,0,158,False,False,False,False,False,0,,sj01_local_hum_avg_pct__fall,sj01_local_hum_avg_pct__fall,,0.36328125
null,,0.0,,275,0,158,False,False,False,False,False,0,,sj01_local_hum_avg_pct__fall,sj01_local_hum_avg_pct__fall,,0.171875
null,,0.0,,276,0,158,False,False,False,False,False,0,,sj01_local_press_hpa__rise,sj01_local_press_hpa__rise,,0.1334228515625
null,,0.0,,277,0,158,False,False,False,False,False,0,,cu01_local_temp_avg_c__rise,cu01_local_temp_avg_c__rise,,0.25390625
null,,0.0,,278,0,158,False,False,False,False,False,0,,sj01_local_hum_avg_pct__fall,sj01_local_hum_avg_pct__fall,,0.005859375
null,,0.0,,279,0,158,False,False,False,True,False,0,,,cu01_local_temp_avg_c__rise;sj01_local_press_hpa__rise,,0.5
null,,0.0,,280,0,158,False,False,False,False,False,0,,sj01_local_hum_avg_pct__fall,sj01_local_hum_avg_pct__fall,,0.4999999999999999
null,,0.0,,281,0,158,False,False,False,False,False,0,,sj01_local_hum_avg_pct__fall,sj01_local_hum_avg_pct__fall,,0.0078125
null,,0.0,,282,0,158,False,False,False,False,False,0,,sj01_local_press_hpa__rise,sj01_local_press_hpa__rise,,0.25390625
null,,0.0,,283,0,158,False,False,False,False,False,0,,sj01_local_hum_avg_pct__fall,sj01_local_hum_avg_pct__fall,,0.2265625
null,,0.0,,284,0,158,False,False,False,False,False,0,,sj01_local_hum_avg_pct__fall,sj01_local_hum_avg_pct__fall,,0.072998046875
null,,0.0,,285,0,158,False,False,False,True,False,0,,,sj01_local_press_hpa__rise;sj01_local_temp_avg_c__fall,,0.5
null,,0.0,,286,0,158,False,False,False,True,False,0,,,sj01_local_hum_avg_pct__fall;sj01_local_press_hpa__rise,,0.171875
null,,0.0,,287,0,158,False,False,False,False,False,0,,cu01_local_temp_avg_c__rise,cu01_local_temp_avg_c__rise,,0.2265625
null,,0.0,,288,0,158,False,False,False,False,False,0,,cu01_local_temp_avg_c__rise,cu01_local_temp_avg_c__rise,,0.2265625
null,,0.0,,289,0,158,False,False,False,False,False,0,,sj01_local_press_hpa__rise,sj01_local_press_hpa__rise,,0.05923461914062499
null,,0.0,,290,0,158,False,False,False,False,False,0,,sj01_local_hum_avg_pct__fall,sj01_local_hum_avg_pct__fall,,0.0625
null,,0.0,,291,0,158,False,False,False,False,False,0,,sj01_local_press_hpa__rise,sj01_local_press_hpa__rise,,0.0546875
null,,0.0,,292,0,158,False,False,False,False,False,0,,sj01_local_hum_avg_pct__fall,sj01_local_hum_avg_pct__fall,,0.1334228515625
null,,0.0,,293,0,158,False,False,False,True,False,0,,,cu01_local_temp_avg_c__rise;sj01_local_hum_avg_pct__fall,,0.2265625
null,,0.0,,294,0,158,False,False,False,False,False,0,,sj01_local_press_hpa__rise,sj01_local_press_hpa__rise,,0.072998046875
null,,0.0,,295,0,158,False,False,False,False,False,0,,sj01_local_temp_avg_c__fall,sj01_local_temp_avg_c__fall,,0.08978271484375
null,,0.0,,296,0,158,False,False,False,False,False,0,,cu01_local_temp_avg_c__rise,cu01_local_temp_avg_c__rise,,0.01953125
null,,0.0,,297,0,158,False,False,False,False,False,0,,sj01_local_press_hpa__rise,sj01_local_press_hpa__rise,,0.376953125
null,,0.0,,298,0,158,False,False,False,False,False,0,,sj01_local_press_hpa__rise,sj01_local_press_hpa__rise,,0.19384765625
null,,0.0,,299,0,158,False,False,False,False,False,0,,sj01_local_hum_avg_pct__fall,sj01_local_hum_avg_pct__fall,,0.604736328125
null,,0.0,,300,0,158,False,False,False,False,False,0,,sj01_local_press_hpa__rise,sj01_local_press_hpa__rise,,0.1050567626953125
null,,0.0,,301,0,158,False,False,False,False,False,0,,sj01_local_hum_avg_pct__fall,sj01_local_hum_avg_pct__fall,,0.19384765625
null,,0.0,,302,0,158,False,False,False,False,False,0,,cu01_local_temp_avg_c__rise,cu01_local_temp_avg_c__rise,,0.14453125
null,,0.0,,303,0,158,False,False,False,False,False,0,,sj01_local_press_hpa__rise,sj01_local_press_hpa__rise,,0.05923461914062499
null,,0.0,,304,0,158,False,False,False,False,False,0,,cu01_local_temp_avg_c__rise,cu01_local_temp_avg_c__rise,,0.01953125
null,,0.0,,305,0,158,False,False,False,False,False,0,,sj01_local_hum_avg_pct__fall,sj01_local_hum_avg_pct__fall,,0.0546875
null,,0.0,,306,0,158,False,False,False,False,False,0,,cu01_local_temp_avg_c__rise,cu01_local_temp_avg_c__rise,,0.01953125
null,,0.0,,307,0,158,False,False,False,False,False,0,,cu01_local_temp_avg_c__rise,cu01_local_temp_avg_c__rise,,0.171875
null,,0.0,,308,0,158,False,False,False,False,False,0,,cu01_local_temp_avg_c__rise,cu01_local_temp_avg_c__rise,,0.0625
null,,0.0,,309,0,158,False,False,False,False,False,0,,sj01_local_press_hpa__rise,sj01_local_press_hpa__rise,,0.2744140625
null,,0.0,,310,0,158,False,False,False,False,False,0,,sj01_local_hum_avg_pct__fall,sj01_local_hum_avg_pct__fall,,0.2265625
null,,0.0,,311,0,158,False,False,False,False,False,0,,sj01_local_hum_avg_pct__fall,sj01_local_hum_avg_pct__fall,,0.0625
null,,0.0,,312,0,158,False,False,False,True,False,0,,,cu01_local_temp_avg_c__rise;sj01_local_hum_avg_pct__fall;sj01_local_temp_avg_c__fall,,0.5
null,,0.0,,313,0,158,False,False,False,False,False,0,,sj01_local_press_hpa__rise,sj01_local_press_hpa__rise,,0.15087890624999997
null,,0.0,,314,0,158,False,False,False,False,False,0,,sj01_local_hum_avg_pct__fall,sj01_local_hum_avg_pct__fall,,0.171875
null,,0.0,,315,0,158,False,False,False,False,False,0,,cu01_local_temp_avg_c__rise,cu01_local_temp_avg_c__rise,,0.36328125
null,,0.0,,316,0,158,False,False,False,False,False,0,,sj01_local_hum_avg_pct__fall,sj01_local_hum_avg_pct__fall,,0.015625
null,,0.0,,317,0,158,False,False,False,False,False,0,,sj01_local_temp_avg_c__fall,sj01_local_temp_avg_c__fall,,0.36328125
null,,0.0,,318,0,158,False,False,False,False,False,0,,sj01_local_temp_avg_c__fall,sj01_local_temp_avg_c__fall,,0.0546875
null,,0.0,,319,0,158,False,False,False,False,False,0,,sj01_local_temp_avg_c__fall,sj01_local_temp_avg_c__fall,,0.11328125
null,,0.0,,320,0,158,False,False,False,False,False,0,,cu01_local_temp_avg_c__rise,cu01_local_temp_avg_c__rise,,0.2744140625
null,,0.0,,321,0,158,False,False,False,False,False,0,,sj01_local_hum_avg_pct__fall,sj01_local_hum_avg_pct__fall,,0.171875
null,,0.0,,322,0,158,False,False,False,False,False,0,,sj01_local_press_hpa__rise,sj01_local_press_hpa__rise,,0.29052734375
null,,0.0,,323,0,158,False,False,False,False,False,0,,sj01_local_temp_avg_c__fall,sj01_local_temp_avg_c__fall,,0.08984375
null,,0.0,,324,0,158,False,False,False,False,False,0,,sj01_local_temp_avg_c__fall,sj01_local_temp_avg_c__fall,,0.109375
null,,0.0,,325,0,158,False,False,False,False,False,0,,sj01_local_press_hpa__rise,sj01_local_press_hpa__rise,,0.019287109375
null,,0.0,,326,0,158,False,False,False,False,False,0,,sj01_local_press_hpa__rise,sj01_local_press_hpa__rise,,0.29052734375
null,,0.0,,327,0,158,False,False,False,False,False,0,,sj01_local_hum_avg_pct__fall,sj01_local_hum_avg_pct__fall,,0.11328125
null,,0.0,,328,0,158,False,False,False,False,False,0,,sj01_local_press_hpa__rise,sj01_local_press_hpa__rise,,0.11328125
null,,0.0,,329,0,158,False,False,False,False,False,0,,sj01_local_hum_avg_pct__fall,sj01_local_hum_avg_pct__fall,,0.08984375
null,,0.0,,330,0,158,False,False,False,False,False,0,,sj01_local_hum_avg_pct__fall,sj01_local_hum_avg_pct__fall,,0.2265625
null,,0.0,,331,0,158,False,False,False,False,False,0,,cu01_local_temp_avg_c__rise,cu01_local_temp_avg_c__rise,,0.25390625
null,,0.0,,332,0,158,False,False,False,False,False,0,,sj01_local_hum_avg_pct__fall,sj01_local_hum_avg_pct__fall,,0.25390625
null,,0.0,,333,0,158,False,False,False,False,False,0,,sj01_local_temp_avg_c__fall,sj01_local_temp_avg_c__fall,,0.19384765625
null,,0.0,,334,0,158,False,False,False,False,False,0,,cu01_local_temp_avg_c__rise,cu01_local_temp_avg_c__rise,,0.072998046875
null,,0.0,,335,0,158,False,False,False,False,False,0,,cu01_local_temp_avg_c__rise,cu01_local_temp_avg_c__rise,,0.14453125
null,,0.0,,336,0,158,False,False,False,False,False,0,,cu01_local_temp_avg_c__rise,cu01_local_temp_avg_c__rise,,0.14453125
null,,0.0,,337,0,158,False,False,False,False,False,0,,sj01_local_press_hpa__rise,sj01_local_press_hpa__rise,,0.072998046875
null,,0.0,,338,0,158,False,False,False,False,False,0,,sj01_local_hum_avg_pct__fall,sj01_local_hum_avg_pct__fall,,0.34375
null,,0.0,,339,0,158,False,False,False,True,False,0,,,cu01_local_temp_avg_c__rise;sj01_local_temp_avg_c__fall,,0.25390625
null,,0.0,,340,0,158,False,False,False,False,False,0,,sj01_local_hum_avg_pct__fall,sj01_local_hum_avg_pct__fall,,0.11328125
null,,0.0,,341,0,158,False,False,False,False,False,0,,sj01_local_hum_avg_pct__fall,sj01_local_hum_avg_pct__fall,,0.29052734375
null,,0.0,,342,0,158,False,False,False,False,False,0,,sj01_local_press_hpa__rise,sj01_local_press_hpa__rise,,0.4999999999999999
null,,0.0,,343,0,158,False,False,False,False,False,0,,cu01_local_temp_avg_c__rise,cu01_local_temp_avg_c__rise,,0.19384765625
null,,0.0,,344,0,158,False,False,False,False,False,0,,sj01_local_temp_avg_c__fall,sj01_local_temp_avg_c__fall,,0.36328125
null,,0.0,,345,0,158,False,False,False,False,False,0,,sj01_local_temp_avg_c__fall,sj01_local_temp_avg_c__fall,,0.29052734375
null,,0.0,,346,0,158,False,False,False,False,False,0,,sj01_local_temp_avg_c__fall,sj01_local_temp_avg_c__fall,,0.046142578125
null,,0.0,,347,0,158,False,False,False,False,False,0,,cu01_local_temp_avg_c__rise,cu01_local_temp_avg_c__rise,,0.0546875
null,,0.0,,348,0,158,False,False,False,False,False,0,,sj01_local_press_hpa__rise,sj01_local_press_hpa__rise,,0.2744140625
null,,0.0,,349,0,158,False,False,False,False,False,0,,sj01_local_temp_avg_c__fall,sj01_local_temp_avg_c__fall,,0.171875
null,,0.0,,350,0,158,False,False,False,False,False,0,,sj01_local_hum_avg_pct__fall,sj01_local_hum_avg_pct__fall,,0.15087890624999997
null,,0.0,,351,0,158,False,False,False,True,False,0,,,sj01_local_press_hpa__rise;sj01_local_temp_avg_c__fall,,0.2265625
null,,0.0,,352,0,158,False,False,False,False,False,0,,sj01_local_temp_avg_c__fall,sj01_local_temp_avg_c__fall,,0.2744140625
null,,0.0,,353,0,158,False,False,False,False,False,0,,sj01_local_temp_avg_c__fall,sj01_local_temp_avg_c__fall,,0.25390625
null,,0.0,,354,0,158,False,False,False,False,False,0,,sj01_local_press_hpa__rise,sj01_local_press_hpa__rise,,0.2744140625
null,,0.0,,355,0,158,False,False,False,False,False,0,,sj01_local_temp_avg_c__fall,sj01_local_temp_avg_c__fall,,0.5
null,,0.0,,356,0,158,False,False,False,False,False,0,,sj01_local_press_hpa__rise,sj01_local_press_hpa__rise,,0.14453125
null,,0.0,,357,0,158,False,False,False,False,False,0,,sj01_local_hum_avg_pct__fall,sj01_local_hum_avg_pct__fall,,0.1334228515625
null,,0.0,,358,0,158,False,False,False,False,False,0,,sj01_local_hum_avg_pct__fall,sj01_local_hum_avg_pct__fall,,0.25390625
null,,0.0,,359,0,158,False,False,False,False,False,0,,sj01_local_temp_avg_c__fall,sj01_local_temp_avg_c__fall,,0.19384765625
null,,0.0,,360,0,158,False,False,False,False,False,0,,sj01_local_hum_avg_pct__fall,sj01_local_hum_avg_pct__fall,,0.08984375
null,,0.0,,361,0,158,False,False,False,False,False,0,,sj01_local_temp_avg_c__fall,sj01_local_temp_avg_c__fall,,0.05923461914062499
null,,0.0,,362,0,158,False,False,False,False,False,0,,sj01_local_press_hpa__rise,sj01_local_press_hpa__rise,,0.015625
null,,0.0,,363,0,158,False,False,False,False,False,0,,sj01_local_press_hpa__rise,sj01_local_press_hpa__rise,,0.11328125
null,,0.0,,364,0,158,False,False,False,False,False,0,,cu01_local_temp_avg_c__rise,cu01_local_temp_avg_c__rise,,0.0078125
null,,0.0,,365,0,158,False,False,False,False,False,0,,cu01_local_temp_avg_c__rise,cu01_local_temp_avg_c__rise,,0.11328125
null,,0.0,,366,0,158,False,False,False,False,False,0,,sj01_local_press_hpa__rise,sj01_local_press_hpa__rise,,0.08984375
null,,0.0,,367,0,158,False,False,False,False,False,0,,sj01_local_temp_avg_c__fall,sj01_local_temp_avg_c__fall,,0.25390625
null,,0.0,,368,0,158,False,False,False,True,False,0,,,cu01_local_temp_avg_c__rise;sj01_local_hum_avg_pct__fall,,0.2265625
null,,0.0,,369,0,158,False,False,False,False,False,0,,sj01_local_temp_avg_c__fall,sj01_local_temp_avg_c__fall,,0.11328125
null,,0.0,,370,0,158,False,False,False,False,False,0,,sj01_local_hum_avg_pct__fall,sj01_local_hum_avg_pct__fall,,0.0107421875
null,,0.0,,371,0,158,False,False,False,False,False,0,,sj01_local_hum_avg_pct__fall,sj01_local_hum_avg_pct__fall,,0.08978271484375
null,,0.0,,372,0,158,False,False,False,False,False,0,,sj01_local_temp_avg_c__fall,sj01_local_temp_avg_c__fall,,0.0625
null,,0.0,,373,0,158,False,False,False,False,False,0,,sj01_local_hum_avg_pct__fall,sj01_local_hum_avg_pct__fall,,0.38720703125
null,,0.0,,374,0,158,False,False,False,False,True,1,cu01_local_temp_avg_c__rise,cu01_local_temp_avg_c__rise,cu01_local_temp_avg_c__rise,,0.00390625
null,,0.0,,375,0,158,False,False,False,False,False,0,,sj01_local_hum_avg_pct__fall,sj01_local_hum_avg_pct__fall,,0.29052734375
null,,0.0,,376,0,158,False,False,False,False,False,0,,sj01_local_hum_avg_pct__fall,sj01_local_hum_avg_pct__fall,,0.171875
null,,0.0,,377,0,158,False,False,False,False,False,0,,sj01_local_hum_avg_pct__fall,sj01_local_hum_avg_pct__fall,,0.14453125
null,,0.0,,378,0,158,False,False,False,False,False,0,,cu01_local_temp_avg_c__rise,cu01_local_temp_avg_c__rise,,0.03515625
null,,0.0,,379,0,158,False,False,False,False,False,0,,sj01_local_temp_avg_c__fall,sj01_local_temp_avg_c__fall,,0.0107421875
null,,0.0,,380,0,158,False,False,False,False,False,0,,cu01_local_temp_avg_c__rise,cu01_local_temp_avg_c__rise,,0.25390625
null,,0.0,,381,0,158,False,False,False,False,False,0,,sj01_local_press_hpa__rise,sj01_local_press_hpa__rise,,0.1050567626953125
null,,0.0,,382,0,158,False,False,False,False,False,0,,sj01_local_press_hpa__rise,sj01_local_press_hpa__rise,,0.046142578125
null,,0.0,,383,0,158,False,False,False,False,False,0,,sj01_local_press_hpa__rise,sj01_local_press_hpa__rise,,0.1875
null,,0.0,,384,0,158,False,False,False,False,False,0,,sj01_local_hum_avg_pct__fall,sj01_local_hum_avg_pct__fall,,0.2744140625
null,,0.0,,385,0,158,False,False,False,False,False,0,,cu01_local_temp_avg_c__rise,cu01_local_temp_avg_c__rise,,0.2265625
null,,0.0,,386,0,158,False,False,False,False,False,0,,sj01_local_hum_avg_pct__fall,sj01_local_hum_avg_pct__fall,,0.01953125
null,,0.0,,387,0,158,False,False,False,False,False,0,,sj01_local_press_hpa__rise,sj01_local_press_hpa__rise,,0.14453125
null,,0.0,,388,0,158,False,False,False,False,False,0,,cu01_local_temp_avg_c__rise,cu01_local_temp_avg_c__rise,,0.36328125
null,,0.0,,389,0,158,False,False,False,False,False,0,,sj01_local_hum_avg_pct__fall,sj01_local_hum_avg_pct__fall,,0.08984375
null,,0.0,,390,0,158,False,False,False,False,False,0,,sj01_local_press_hpa__rise,sj01_local_press_hpa__rise,,0.7255859375
null,,0.0,,391,0,158,False,False,False,False,False,0,,cu01_local_temp_avg_c__rise,cu01_local_temp_avg_c__rise,,0.005859375
null,,0.0,,392,0,158,False,False,False,False,False,0,,sj01_local_press_hpa__rise,sj01_local_press_hpa__rise,,0.376953125
null,,0.0,,393,0,158,False,False,False,False,False,0,,cu01_local_temp_avg_c__rise,cu01_local_temp_avg_c__rise,,0.25390625
null,,0.0,,394,0,158,False,False,False,False,False,0,,cu01_local_temp_avg_c__rise,cu01_local_temp_avg_c__rise,,0.03515625
null,,0.0,,395,0,158,False,False,False,False,False,0,,sj01_local_hum_avg_pct__fall,sj01_local_hum_avg_pct__fall,,0.0107421875
null,,0.0,,396,0,158,False,False,False,False,False,0,,sj01_local_hum_avg_pct__fall,sj01_local_hum_avg_pct__fall,,0.03271484375
null,,0.0,,397,0,158,False,False,False,False,False,0,,sj01_local_press_hpa__rise,sj01_local_press_hpa__rise,,0.03515625
null,,0.0,,398,0,158,False,False,False,False,False,0,,sj01_local_hum_avg_pct__fall,sj01_local_hum_avg_pct__fall,,0.29052734375
null,,0.0,,399,0,158,False,False,False,False,False,0,,sj01_local_hum_avg_pct__fall,sj01_local_hum_avg_pct__fall,,0.2265625
null,,0.0,,400,0,158,False,False,False,False,False,0,,sj01_local_temp_avg_c__fall,sj01_local_temp_avg_c__fall,,0.0107421875
null,,0.0,,401,0,158,False,False,False,False,False,0,,sj01_local_press_hpa__rise,sj01_local_press_hpa__rise,,0.01953125
null,,0.0,,402,0,158,False,False,False,False,False,0,,cu01_local_temp_avg_c__rise,cu01_local_temp_avg_c__rise,,0.2265625
null,,0.0,,403,0,158,False,False,False,False,False,0,,sj01_local_temp_avg_c__fall,sj01_local_temp_avg_c__fall,,0.5
null,,0.0,,404,0,158,False,False,False,False,False,0,,sj01_local_hum_avg_pct__fall,sj01_local_hum_avg_pct__fall,,0.0546875
null,,0.0,,405,0,158,False,False,False,False,False,0,,sj01_local_hum_avg_pct__fall,sj01_local_hum_avg_pct__fall,,0.072998046875
null,,0.0,,406,0,158,False,False,False,False,False,0,,sj01_local_press_hpa__rise,sj01_local_press_hpa__rise,,0.0625
null,,0.0,,407,0,158,False,False,False,False,False,0,,cu01_local_temp_avg_c__rise,cu01_local_temp_avg_c__rise,,0.36328125
null,,0.0,,408,0,158,False,False,False,False,False,0,,sj01_local_hum_avg_pct__fall,sj01_local_hum_avg_pct__fall,,0.01953125
null,,0.0,,409,0,158,False,False,False,False,False,0,,cu01_local_temp_avg_c__rise,cu01_local_temp_avg_c__rise,,0.0625
null,,0.0,,410,0,158,False,False,False,False,False,0,,sj01_local_press_hpa__rise,sj01_local_press_hpa__rise,,0.171875
null,,0.0,,411,0,158,False,False,False,False,False,0,,sj01_local_hum_avg_pct__fall,sj01_local_hum_avg_pct__fall,,0.01953125
null,,0.0,,412,0,158,False,False,False,False,False,0,,cu01_local_temp_avg_c__rise,cu01_local_temp_avg_c__rise,,0.109375
null,,0.0,,413,0,158,False,False,False,False,False,0,,sj01_local_hum_avg_pct__fall,sj01_local_hum_avg_pct__fall,,0.171875
null,,0.0,,414,0,158,False,False,False,False,False,0,,sj01_local_hum_avg_pct__fall,sj01_local_hum_avg_pct__fall,,0.14453125
null,,0.0,,415,0,158,False,False,False,False,False,0,,sj01_local_press_hpa__rise,sj01_local_press_hpa__rise,,0.08984375
null,,0.0,,416,0,158,False,False,False,False,False,0,,sj01_local_temp_avg_c__fall,sj01_local_temp_avg_c__fall,,0.36328125
null,,0.0,,417,0,158,False,False,False,False,False,0,,sj01_local_hum_avg_pct__fall,sj01_local_hum_avg_pct__fall,,0.01953125
null,,0.0,,418,0,158,False,False,False,False,False,0,,sj01_local_hum_avg_pct__fall,sj01_local_hum_avg_pct__fall,,0.19384765625
null,,0.0,,419,0,158,False,False,False,False,False,0,,sj01_local_temp_avg_c__fall,sj01_local_temp_avg_c__fall,,0.0286865234375
null,,0.0,,420,0,158,False,False,False,False,False,0,,cu01_local_temp_avg_c__rise,cu01_local_temp_avg_c__rise,,0.5
null,,0.0,,421,0,158,False,False,False,False,False,0,,sj01_local_temp_avg_c__fall,sj01_local_temp_avg_c__fall,,0.25390625
null,,0.0,,422,0,158,False,False,False,False,False,0,,sj01_local_temp_avg_c__fall,sj01_local_temp_avg_c__fall,,0.072998046875
null,,0.0,,423,0,158,False,False,False,False,False,0,,sj01_local_temp_avg_c__fall,sj01_local_temp_avg_c__fall,,0.171875
null,,0.0,,424,0,158,False,False,False,False,False,0,,sj01_local_hum_avg_pct__fall,sj01_local_hum_avg_pct__fall,,0.05923461914062499
null,,0.0,,425,0,158,False,False,False,False,False,0,,cu01_local_temp_avg_c__rise,cu01_local_temp_avg_c__rise,,0.0625
null,,0.0,,426,0,158,False,False,False,True,False,0,,,sj01_local_hum_avg_pct__fall;sj01_local_press_hpa__rise,,0.5
null,,0.0,,427,0,158,False,False,False,False,False,0,,cu01_local_temp_avg_c__rise,cu01_local_temp_avg_c__rise,,0.11328125
null,,0.0,,428,0,158,False,False,False,False,False,0,,sj01_local_hum_avg_pct__fall,sj01_local_hum_avg_pct__fall,,0.61279296875
null,,0.0,,429,0,158,False,False,False,False,True,1,cu01_local_temp_avg_c__rise,cu01_local_temp_avg_c__rise,cu01_local_temp_avg_c__rise,,0.00390625
null,,0.0,,430,0,158,False,False,False,False,False,0,,sj01_local_temp_avg_c__fall,sj01_local_temp_avg_c__fall,,0.017578125
null,,0.0,,431,0,158,False,False,False,False,False,0,,sj01_local_hum_avg_pct__fall,sj01_local_hum_avg_pct__fall,,0.1875
null,,0.0,,432,0,158,False,False,False,False,False,0,,sj01_local_temp_avg_c__fall,sj01_local_temp_avg_c__fall,,0.38720703125
null,,0.0,,433,0,158,False,False,False,False,False,0,,sj01_local_temp_avg_c__fall,sj01_local_temp_avg_c__fall,,0.03515625
null,,0.0,,434,0,158,False,False,False,False,False,0,,cu01_local_temp_avg_c__rise,cu01_local_temp_avg_c__rise,,0.03125
null,,0.0,,435,0,158,False,False,False,False,False,0,,sj01_local_temp_avg_c__fall,sj01_local_temp_avg_c__fall,,0.11328125
null,,0.0,,436,0,158,False,False,False,False,False,0,,sj01_local_hum_avg_pct__fall,sj01_local_hum_avg_pct__fall,,0.019287109375
null,,0.0,,437,0,158,False,False,False,True,False,0,,,sj01_local_hum_avg_pct__fall;sj01_local_press_hpa__rise,,0.25390625
null,,0.0,,438,0,158,False,False,False,True,False,0,,,cu01_local_temp_avg_c__rise;sj01_local_temp_avg_c__fall,,0.2744140625
null,,0.0,,439,0,158,False,False,False,False,False,0,,sj01_local_temp_avg_c__fall,sj01_local_temp_avg_c__fall,,0.2744140625
null,,0.0,,440,0,158,False,False,False,False,False,0,,sj01_local_hum_avg_pct__fall,sj01_local_hum_avg_pct__fall,,0.0286865234375
null,,0.0,,441,0,158,False,False,False,False,False,0,,sj01_local_temp_avg_c__fall,sj01_local_temp_avg_c__fall,,0.14453125
null,,0.0,,442,0,158,False,False,False,False,False,0,,sj01_local_press_hpa__rise,sj01_local_press_hpa__rise,,0.0625
null,,0.0,,443,0,158,False,False,False,False,False,0,,sj01_local_press_hpa__rise,sj01_local_press_hpa__rise,,0.0078125
null,,0.0,,444,0,158,False,False,False,False,False,0,,sj01_local_press_hpa__rise,sj01_local_press_hpa__rise,,0.14453125
null,,0.0,,445,0,158,False,False,False,False,False,0,,cu01_local_temp_avg_c__rise,cu01_local_temp_avg_c__rise,,0.171875
null,,0.0,,446,0,158,False,False,False,False,False,0,,cu01_local_temp_avg_c__rise,cu01_local_temp_avg_c__rise,,0.14453125
null,,0.0,,447,0,158,False,False,False,False,False,0,,sj01_local_press_hpa__rise,sj01_local_press_hpa__rise,,0.046142578125
null,,0.0,,448,0,158,False,False,False,False,False,0,,sj01_local_press_hpa__rise,sj01_local_press_hpa__rise,,0.046142578125
null,,0.0,,449,0,158,False,False,False,False,False,0,,sj01_local_temp_avg_c__fall,sj01_local_temp_avg_c__fall,,0.38720703125
null,,0.0,,450,0,158,False,False,False,False,False,0,,sj01_local_press_hpa__rise,sj01_local_press_hpa__rise,,0.017578125
null,,0.0,,451,0,158,False,False,False,False,False,0,,cu01_local_temp_avg_c__rise,cu01_local_temp_avg_c__rise,,0.171875
null,,0.0,,452,0,158,False,False,False,False,False,0,,sj01_local_hum_avg_pct__fall,sj01_local_hum_avg_pct__fall,,0.19384765625
null,,0.0,,453,0,158,False,False,False,False,False,0,,cu01_local_temp_avg_c__rise,cu01_local_temp_avg_c__rise,,0.08984375
null,,0.0,,454,0,158,False,False,False,False,False,0,,sj01_local_temp_avg_c__fall,sj01_local_temp_avg_c__fall,,0.171875
null,,0.0,,455,0,158,False,False,False,False,False,0,,sj01_local_hum_avg_pct__fall,sj01_local_hum_avg_pct__fall,,0.11328125
null,,0.0,,456,0,158,False,False,False,False,False,0,,cu01_local_temp_avg_c__rise,cu01_local_temp_avg_c__rise,,0.03125
null,,0.0,,457,0,158,False,False,False,False,False,0,,sj01_local_temp_avg_c__fall,sj01_local_temp_avg_c__fall,,0.11328125
null,,0.0,,458,0,158,False,False,False,False,False,0,,sj01_local_press_hpa__rise,sj01_local_press_hpa__rise,,0.36328125
null,,0.0,,459,0,158,False,False,False,False,False,0,,cu01_local_temp_avg_c__rise,cu01_local_temp_avg_c__rise,,0.19384765625
null,,0.0,,460,0,158,False,False,False,False,False,0,,sj01_local_hum_avg_pct__fall,sj01_local_hum_avg_pct__fall,,0.0546875
null,,0.0,,461,0,158,False,False,False,False,False,0,,sj01_local_hum_avg_pct__fall,sj01_local_hum_avg_pct__fall,,0.11328125
null,,0.0,,462,0,158,False,False,False,False,False,0,,sj01_local_hum_avg_pct__fall,sj01_local_hum_avg_pct__fall,,0.14453125
null,,0.0,,463,0,158,False,False,False,False,False,0,,sj01_local_temp_avg_c__fall,sj01_local_temp_avg_c__fall,,0.2272491455078125
null,,0.0,,464,0,158,False,False,False,False,False,0,,sj01_local_temp_avg_c__fall,sj01_local_temp_avg_c__fall,,0.0546875
null,,0.0,,465,0,158,False,False,False,False,False,0,,sj01_local_press_hpa__rise,sj01_local_press_hpa__rise,,0.5
null,,0.0,,466,0,158,False,False,False,False,False,0,,cu01_local_temp_avg_c__rise,cu01_local_temp_avg_c__rise,,0.0625
null,,0.0,,467,0,158,False,False,False,False,False,0,,sj01_local_temp_avg_c__fall,sj01_local_temp_avg_c__fall,,0.05923461914062499
null,,0.0,,468,0,158,False,False,False,False,False,0,,sj01_local_press_hpa__rise,sj01_local_press_hpa__rise,,0.19384765625
null,,0.0,,469,0,158,False,False,False,False,False,0,,sj01_local_hum_avg_pct__fall,sj01_local_hum_avg_pct__fall,,0.29052734375
null,,0.0,,470,0,158,False,False,False,False,False,0,,sj01_local_hum_avg_pct__fall,sj01_local_hum_avg_pct__fall,,0.0286865234375
null,,0.0,,471,0,158,False,False,False,False,False,0,,sj01_local_temp_avg_c__fall,sj01_local_temp_avg_c__fall,,0.005859375
null,,0.0,,472,0,158,False,False,False,False,False,0,,sj01_local_press_hpa__rise,sj01_local_press_hpa__rise,,0.2744140625
null,,0.0,,473,0,158,False,False,False,False,False,0,,cu01_local_temp_avg_c__rise,cu01_local_temp_avg_c__rise,,0.25390625
null,,0.0,,474,0,158,False,False,False,False,False,0,,cu01_local_temp_avg_c__rise,cu01_local_temp_avg_c__rise,,0.03271484375
null,,0.0,,475,0,158,False,False,False,False,False,0,,cu01_local_temp_avg_c__rise,cu01_local_temp_avg_c__rise,,0.376953125
null,,0.0,,476,0,158,False,False,False,False,False,0,,cu01_local_temp_avg_c__rise,cu01_local_temp_avg_c__rise,,0.14453125
null,,0.0,,477,0,158,False,False,False,False,False,0,,sj01_local_hum_avg_pct__fall,sj01_local_hum_avg_pct__fall,,0.0107421875
null,,0.0,,478,0,158,False,False,False,False,False,0,,sj01_local_hum_avg_pct__fall,sj01_local_hum_avg_pct__fall,,0.5
null,,0.0,,479,0,158,False,False,False,False,False,0,,sj01_local_hum_avg_pct__fall,sj01_local_hum_avg_pct__fall,,0.38720703125
null,,0.0,,480,0,158,False,False,False,False,False,0,,sj01_local_press_hpa__rise,sj01_local_press_hpa__rise,,0.0546875
null,,0.0,,481,0,158,False,False,False,False,False,0,,sj01_local_hum_avg_pct__fall,sj01_local_hum_avg_pct__fall,,0.1875
null,,0.0,,482,0,158,False,False,False,False,False,0,,sj01_local_press_hpa__rise,sj01_local_press_hpa__rise,,0.046142578125
null,,0.0,,483,0,158,False,False,False,False,False,0,,sj01_local_hum_avg_pct__fall,sj01_local_hum_avg_pct__fall,,0.2744140625
null,,0.0,,484,0,158,False,False,False,False,False,0,,sj01_local_press_hpa__rise,sj01_local_press_hpa__rise,,0.0546875
null,,0.0,,485,0,158,False,False,False,False,False,0,,sj01_local_temp_avg_c__fall,sj01_local_temp_avg_c__fall,,0.2265625
null,,0.0,,486,0,158,False,False,False,False,False,0,,sj01_local_hum_avg_pct__fall,sj01_local_hum_avg_pct__fall,,0.072998046875
null,,0.0,,487,0,158,False,False,False,False,True,1,sj01_local_hum_avg_pct__fall,sj01_local_hum_avg_pct__fall,sj01_local_hum_avg_pct__fall,,0.003173828125
null,,0.0,,488,0,158,False,False,False,False,False,0,,sj01_local_press_hpa__rise,sj01_local_press_hpa__rise,,0.03271484375
null,,0.0,,489,0,158,False,False,False,False,False,0,,sj01_local_press_hpa__rise,sj01_local_press_hpa__rise,,0.2744140625
null,,0.0,,490,0,158,False,False,False,True,False,0,,,cu01_local_temp_avg_c__rise;sj01_local_temp_avg_c__fall,,0.19384765625
null,,0.0,,491,0,158,False,False,False,True,False,0,,,sj01_local_press_hpa__rise;sj01_local_temp_avg_c__fall,,0.25390625
null,,0.0,,492,0,158,False,False,False,False,False,0,,sj01_local_temp_avg_c__fall,sj01_local_temp_avg_c__fall,,0.08984375
null,,0.0,,493,0,158,False,False,False,False,False,0,,sj01_local_hum_avg_pct__fall,sj01_local_hum_avg_pct__fall,,0.11328125
null,,0.0,,494,0,158,False,False,False,True,False,0,,,sj01_local_hum_avg_pct__fall;sj01_local_press_hpa__rise,,0.25390625
null,,0.0,,495,0,158,False,False,False,False,False,0,,sj01_local_press_hpa__rise,sj01_local_press_hpa__rise,,0.109375
null,,0.0,,496,0,158,False,False,False,False,False,0,,sj01_local_hum_avg_pct__fall,sj01_local_hum_avg_pct__fall,,0.0546875
null,,0.0,,497,0,158,False,False,False,False,False,0,,sj01_local_temp_avg_c__fall,sj01_local_temp_avg_c__fall,,0.36328125
null,,0.0,,498,0,158,False,False,False,False,False,0,,sj01_local_hum_avg_pct__fall,sj01_local_hum_avg_pct__fall,,0.1334228515625
null,,0.0,,499,0,158,False,False,False,False,False,0,,sj01_local_press_hpa__rise,sj01_local_press_hpa__rise,,0.2265625
null,,0.0,,500,0,158,False,False,False,False,False,0,,cu01_local_temp_avg_c__rise,cu01_local_temp_avg_c__rise,,0.01953125
null,,0.0,,501,0,158,False,False,False,False,False,0,,sj01_local_hum_avg_pct__fall,sj01_local_hum_avg_pct__fall,,0.0546875
null,,0.0,,502,0,158,False,False,False,False,False,0,,sj01_local_press_hpa__rise,sj01_local_press_hpa__rise,,0.2744140625
null,,0.0,,503,0,158,False,False,False,False,False,0,,sj01_local_hum_avg_pct__fall,sj01_local_hum_avg_pct__fall,,0.38720703125
null,,0.0,,504,0,158,False,False,False,False,False,0,,cu01_local_temp_avg_c__rise,cu01_local_temp_avg_c__rise,,0.5
null,,0.0,,505,0,158,False,False,False,False,False,0,,sj01_local_hum_avg_pct__fall,sj01_local_hum_avg_pct__fall,,0.1334228515625
null,,0.0,,506,0,158,False,False,False,False,False,0,,sj01_local_temp_avg_c__fall,sj01_local_temp_avg_c__fall,,0.019287109375
null,,0.0,,507,0,158,False,False,False,False,False,0,,sj01_local_press_hpa__rise,sj01_local_press_hpa__rise,,0.5
null,,0.0,,508,0,158,False,False,False,False,False,0,,sj01_local_temp_avg_c__fall,sj01_local_temp_avg_c__fall,,0.171875
null,,0.0,,509,0,158,False,False,False,False,False,0,,cu01_local_temp_avg_c__rise,cu01_local_temp_avg_c__rise,,0.36328125
null,,0.0,,510,0,158,False,False,False,False,False,0,,sj01_local_hum_avg_pct__fall,sj01_local_hum_avg_pct__fall,,0.0546875
null,,0.0,,511,0,158,False,False,False,False,False,0,,sj01_local_press_hpa__rise,sj01_local_press_hpa__rise,,0.1875
null,,0.0,,512,0,158,False,False,False,False,False,0,,sj01_local_hum_avg_pct__fall,sj01_local_hum_avg_pct__fall,,0.2265625
null,,0.0,,513,0,158,False,False,False,False,False,0,,sj01_local_press_hpa__rise,sj01_local_press_hpa__rise,,0.5
null,,0.0,,514,0,158,False,False,False,False,False,0,,sj01_local_temp_avg_c__fall,sj01_local_temp_avg_c__fall,,0.14453125
null,,0.0,,515,0,158,False,False,False,False,True,1,sj01_local_press_hpa__rise,sj01_local_press_hpa__rise,sj01_local_press_hpa__rise,,0.00390625
null,,0.0,,516,0,158,False,False,False,False,False,0,,cu01_local_temp_avg_c__rise,cu01_local_temp_avg_c__rise,,0.3125
null,,0.0,,517,0,158,False,False,False,False,False,0,,sj01_local_hum_avg_pct__fall,sj01_local_hum_avg_pct__fall,,0.08984375
null,,0.0,,518,0,158,False,False,False,False,False,0,,cu01_local_temp_avg_c__rise,cu01_local_temp_avg_c__rise,,0.38720703125
null,,0.0,,519,0,158,False,False,False,False,False,0,,sj01_local_press_hpa__rise,sj01_local_press_hpa__rise,,0.005859375
null,,0.0,,520,0,158,False,False,False,False,False,0,,sj01_local_press_hpa__rise,sj01_local_press_hpa__rise,,0.109375
null,,0.0,,521,0,158,False,False,False,False,False,0,,sj01_local_temp_avg_c__fall,sj01_local_temp_avg_c__fall,,0.14453125
null,,0.0,,522,0,158,False,False,False,False,False,0,,sj01_local_temp_avg_c__fall,sj01_local_temp_avg_c__fall,,0.08978271484375
null,,0.0,,523,0,158,False,False,False,False,False,0,,sj01_local_hum_avg_pct__fall,sj01_local_hum_avg_pct__fall,,0.11328125
null,,0.0,,524,0,158,False,False,False,False,False,0,,sj01_local_press_hpa__rise,sj01_local_press_hpa__rise,,0.0546875
null,,0.0,,525,0,158,False,False,False,False,False,0,,sj01_local_hum_avg_pct__fall,sj01_local_hum_avg_pct__fall,,0.11328125
null,,0.0,,526,0,158,False,False,False,False,False,0,,sj01_local_hum_avg_pct__fall,sj01_local_hum_avg_pct__fall,,0.25390625
null,,0.0,,527,0,158,False,False,False,False,False,0,,sj01_local_press_hpa__rise,sj01_local_press_hpa__rise,,0.30361938476562494
null,,0.0,,528,0,158,False,False,False,False,False,0,,sj01_local_temp_avg_c__fall,sj01_local_temp_avg_c__fall,,0.171875
null,,0.0,,529,0,158,False,False,False,False,False,0,,sj01_local_press_hpa__rise,sj01_local_press_hpa__rise,,0.2272491455078125
null,,0.0,,530,0,158,False,False,False,False,False,0,,sj01_local_hum_avg_pct__fall,sj01_local_hum_avg_pct__fall,,0.171875
null,,0.0,,531,0,158,False,False,False,False,False,0,,sj01_local_hum_avg_pct__fall,sj01_local_hum_avg_pct__fall,,0.01544189453125
null,,0.0,,532,0,158,False,False,False,False,False,0,,sj01_local_temp_avg_c__fall,sj01_local_temp_avg_c__fall,,0.08984375
null,,0.0,,533,0,158,False,False,False,False,False,0,,sj01_local_temp_avg_c__fall,sj01_local_temp_avg_c__fall,,0.171875
null,,0.0,,534,0,158,False,False,False,False,False,0,,sj01_local_press_hpa__rise,sj01_local_press_hpa__rise,,0.08984375
null,,0.0,,535,0,158,False,False,False,False,False,0,,sj01_local_hum_avg_pct__fall,sj01_local_hum_avg_pct__fall,,0.03515625
null,,0.0,,536,0,158,False,False,False,False,False,0,,sj01_local_press_hpa__rise,sj01_local_press_hpa__rise,,0.0546875
null,,0.0,,537,0,158,False,False,False,False,False,0,,sj01_local_hum_avg_pct__fall,sj01_local_hum_avg_pct__fall,,0.21197509765625
null,,0.0,,538,0,158,False,False,False,False,True,1,sj01_local_press_hpa__rise,sj01_local_press_hpa__rise,sj01_local_press_hpa__rise,,0.00390625
null,,0.0,,539,0,158,False,False,False,False,False,0,,sj01_local_hum_avg_pct__fall,sj01_local_hum_avg_pct__fall,,0.11328125
null,,0.0,,540,0,158,False,False,False,False,False,0,,cu01_local_temp_avg_c__rise,cu01_local_temp_avg_c__rise,,0.11328125
null,,0.0,,541,0,158,False,False,False,False,False,0,,sj01_local_hum_avg_pct__fall,sj01_local_hum_avg_pct__fall,,0.171875
null,,0.0,,542,0,158,False,False,False,False,False,0,,sj01_local_press_hpa__rise,sj01_local_press_hpa__rise,,0.7255859375
null,,0.0,,543,0,158,False,False,False,True,False,0,,,sj01_local_press_hpa__rise;sj01_local_temp_avg_c__fall,,0.623046875
null,,0.0,,544,0,158,False,False,False,True,False,0,,,sj01_local_hum_avg_pct__fall;sj01_local_temp_avg_c__fall,,0.38720703125
null,,0.0,,545,0,158,False,False,False,False,False,0,,cu01_local_temp_avg_c__rise,cu01_local_temp_avg_c__rise,,0.017578125
null,,0.0,,546,0,158,False,False,False,False,False,0,,sj01_local_press_hpa__rise,sj01_local_press_hpa__rise,,0.0286865234375
null,,0.0,,547,0,158,False,False,False,False,False,0,,sj01_local_press_hpa__rise,sj01_local_press_hpa__rise,,0.5
null,,0.0,,548,0,158,False,False,False,False,False,0,,sj01_local_temp_avg_c__fall,sj01_local_temp_avg_c__fall,,0.03271484375
null,,0.0,,549,0,158,False,False,False,False,False,0,,sj01_local_hum_avg_pct__fall,sj01_local_hum_avg_pct__fall,,0.03271484375
null,,0.0,,550,0,158,False,False,False,False,False,0,,cu01_local_temp_avg_c__rise,cu01_local_temp_avg_c__rise,,0.36328125
null,,0.0,,551,0,158,False,False,False,False,False,0,,sj01_local_press_hpa__rise,sj01_local_press_hpa__rise,,0.171875
null,,0.0,,552,0,158,False,False,False,False,False,0,,sj01_local_press_hpa__rise,sj01_local_press_hpa__rise,,0.072998046875
null,,0.0,,553,0,158,False,False,False,False,False,0,,sj01_local_press_hpa__rise,sj01_local_press_hpa__rise,,0.1334228515625
null,,0.0,,554,0,158,False,False,False,False,False,0,,sj01_local_press_hpa__rise,sj01_local_press_hpa__rise,,0.2272491455078125
null,,0.0,,555,0,158,False,False,False,False,False,0,,sj01_local_temp_avg_c__fall,sj01_local_temp_avg_c__fall,,0.2265625
null,,0.0,,556,0,158,False,False,False,False,False,0,,cu01_local_temp_avg_c__rise,cu01_local_temp_avg_c__rise,,0.2265625
null,,0.0,,557,0,158,False,False,False,False,False,0,,sj01_local_press_hpa__rise,sj01_local_press_hpa__rise,,0.34375
null,,0.0,,558,0,158,False,False,False,False,False,0,,sj01_local_hum_avg_pct__fall,sj01_local_hum_avg_pct__fall,,0.70947265625
null,,0.0,,559,0,158,False,False,False,False,False,0,,sj01_local_hum_avg_pct__fall,sj01_local_hum_avg_pct__fall,,0.1050567626953125
null,,0.0,,560,0,158,False,False,False,False,False,0,,cu01_local_temp_avg_c__rise,cu01_local_temp_avg_c__rise,,0.376953125
null,,0.0,,561,0,158,False,False,False,False,False,0,,sj01_local_press_hpa__rise,sj01_local_press_hpa__rise,,0.03271484375
null,,0.0,,562,0,158,False,False,False,False,False,0,,cu01_local_temp_avg_c__rise,cu01_local_temp_avg_c__rise,,0.109375
null,,0.0,,563,0,158,False,False,False,False,False,0,,sj01_local_temp_avg_c__fall,sj01_local_temp_avg_c__fall,,0.11328125
null,,0.0,,564,0,158,False,False,False,False,False,0,,sj01_local_hum_avg_pct__fall,sj01_local_hum_avg_pct__fall,,0.38720703125
null,,0.0,,565,0,158,False,False,False,False,False,0,,sj01_local_temp_avg_c__fall,sj01_local_temp_avg_c__fall,,0.11328125
null,,0.0,,566,0,158,False,False,False,False,False,0,,cu01_local_temp_avg_c__rise,cu01_local_temp_avg_c__rise,,0.08984375
null,,0.0,,567,0,158,False,False,False,False,False,0,,cu01_local_temp_avg_c__rise,cu01_local_temp_avg_c__rise,,0.03271484375
null,,0.0,,568,0,158,False,False,False,True,False,0,,,sj01_local_hum_avg_pct__fall;sj01_local_temp_avg_c__fall,,0.08984375
null,,0.0,,569,0,158,False,False,False,False,False,0,,sj01_local_press_hpa__rise,sj01_local_press_hpa__rise,,0.25390625
null,,0.0,,570,0,158,False,False,False,False,False,0,,cu01_local_temp_avg_c__rise,cu01_local_temp_avg_c__rise,,0.25390625
null,,0.0,,571,0,158,False,False,False,False,False,0,,sj01_local_temp_avg_c__fall,sj01_local_temp_avg_c__fall,,0.21197509765625
null,,0.0,,572,0,158,False,False,False,False,False,0,,sj01_local_hum_avg_pct__fall,sj01_local_hum_avg_pct__fall,,0.08984375
null,,0.0,,573,0,158,False,False,False,True,False,0,,,cu01_local_temp_avg_c__rise;sj01_local_press_hpa__rise,,0.5
null,,0.0,,574,0,158,False,False,False,False,False,0,,sj01_local_press_hpa__rise,sj01_local_press_hpa__rise,,0.25390625
null,,0.0,,575,0,158,False,False,False,True,False,0,,,cu01_local_temp_avg_c__rise;sj01_local_temp_avg_c__fall,,0.5
null,,0.0,,576,0,158,False,False,False,False,False,0,,sj01_local_press_hpa__rise,sj01_local_press_hpa__rise,,0.0625
null,,0.0,,577,0,158,False,False,False,False,False,0,,sj01_local_hum_avg_pct__fall,sj01_local_hum_avg_pct__fall,,0.376953125
null,,0.0,,578,0,158,False,False,False,False,False,0,,sj01_local_hum_avg_pct__fall,sj01_local_hum_avg_pct__fall,,0.38720703125
null,,0.0,,579,0,158,False,False,False,False,False,0,,sj01_local_hum_avg_pct__fall,sj01_local_hum_avg_pct__fall,,0.01123046875
null,,0.0,,580,0,158,False,False,False,False,False,0,,sj01_local_hum_avg_pct__fall,sj01_local_hum_avg_pct__fall,,0.0064697265625
null,,0.0,,581,0,158,False,False,False,False,False,0,,sj01_local_press_hpa__rise,sj01_local_press_hpa__rise,,0.019287109375
null,,0.0,,582,0,158,False,False,False,False,False,0,,cu01_local_temp_avg_c__rise,cu01_local_temp_avg_c__rise,,0.5
null,,0.0,,583,0,158,False,False,False,False,False,0,,sj01_local_press_hpa__rise,sj01_local_press_hpa__rise,,0.4018096923828125
null,,0.0,,584,0,158,False,False,False,False,False,0,,sj01_local_press_hpa__rise,sj01_local_press_hpa__rise,,0.1050567626953125
null,,0.0,,585,0,158,False,False,False,False,False,0,,cu01_local_temp_avg_c__rise,cu01_local_temp_avg_c__rise,,0.25390625
null,,0.0,,586,0,158,False,False,False,False,False,0,,sj01_local_press_hpa__rise,sj01_local_press_hpa__rise,,0.2265625
null,,0.0,,587,0,158,False,False,False,False,False,0,,sj01_local_hum_avg_pct__fall,sj01_local_hum_avg_pct__fall,,0.0546875
null,,0.0,,588,0,158,False,False,False,False,False,0,,sj01_local_press_hpa__rise,sj01_local_press_hpa__rise,,0.0286865234375
null,,0.0,,589,0,158,False,False,False,False,False,0,,sj01_local_hum_avg_pct__fall,sj01_local_hum_avg_pct__fall,,0.072998046875
null,,0.0,,590,0,158,False,False,False,False,False,0,,sj01_local_hum_avg_pct__fall,sj01_local_hum_avg_pct__fall,,0.0546875
null,,0.0,,591,0,158,False,False,False,False,False,0,,sj01_local_hum_avg_pct__fall,sj01_local_hum_avg_pct__fall,,0.01123046875
null,,0.0,,592,0,158,False,False,False,False,False,0,,sj01_local_press_hpa__rise,sj01_local_press_hpa__rise,,0.08978271484375
null,,0.0,,593,0,158,False,False,False,False,False,0,,sj01_local_press_hpa__rise,sj01_local_press_hpa__rise,,0.3145294189453125
null,,0.0,,594,0,158,False,False,False,False,False,0,,sj01_local_hum_avg_pct__fall,sj01_local_hum_avg_pct__fall,,0.0546875
null,,0.0,,595,0,158,False,False,False,False,False,0,,sj01_local_press_hpa__rise,sj01_local_press_hpa__rise,,0.0546875
null,,0.0,,596,0,158,False,False,False,False,False,0,,sj01_local_temp_avg_c__fall,sj01_local_temp_avg_c__fall,,0.03271484375
null,,0.0,,597,0,158,False,False,False,False,False,0,,sj01_local_temp_avg_c__fall,sj01_local_temp_avg_c__fall,,0.604736328125
null,,0.0,,598,0,158,False,False,False,False,False,0,,sj01_local_press_hpa__rise,sj01_local_press_hpa__rise,,0.0286865234375
null,,0.0,,599,0,158,False,False,False,False,False,0,,cu01_local_temp_avg_c__rise,cu01_local_temp_avg_c__rise,,0.08984375
null,,0.0,,600,0,158,False,False,False,False,False,0,,sj01_local_press_hpa__rise,sj01_local_press_hpa__rise,,0.01123046875
null,,0.0,,601,0,158,False,False,False,False,False,0,,sj01_local_hum_avg_pct__fall,sj01_local_hum_avg_pct__fall,,0.03271484375
null,,0.0,,602,0,158,False,False,False,False,False,0,,cu01_local_temp_avg_c__rise,cu01_local_temp_avg_c__rise,,0.2265625
null,,0.0,,603,0,158,False,False,False,False,True,1,sj01_local_temp_avg_c__fall,sj01_local_temp_avg_c__fall,sj01_local_temp_avg_c__fall,,0.003173828125
null,,0.0,,604,0,158,False,False,False,False,False,0,,sj01_local_temp_avg_c__fall,sj01_local_temp_avg_c__fall,,0.11328125
null,,0.0,,605,0,158,False,False,False,False,False,0,,sj01_local_temp_avg_c__fall,sj01_local_temp_avg_c__fall,,0.2265625
null,,0.0,,606,0,158,False,False,False,False,False,0,,sj01_local_hum_avg_pct__fall,sj01_local_hum_avg_pct__fall,,0.1875
null,,0.0,,607,0,158,False,False,False,False,False,0,,cu01_local_temp_avg_c__rise,cu01_local_temp_avg_c__rise,,0.0625
null,,0.0,,608,0,158,False,False,False,False,False,0,,cu01_local_temp_avg_c__rise,cu01_local_temp_avg_c__rise,,0.08984375
null,,0.0,,609,0,158,False,False,False,False,False,0,,sj01_local_temp_avg_c__fall,sj01_local_temp_avg_c__fall,,0.19384765625
null,,0.0,,610,0,158,False,False,False,False,False,0,,sj01_local_temp_avg_c__fall,sj01_local_temp_avg_c__fall,,0.019287109375
null,,0.0,,611,0,158,False,False,False,False,False,0,,sj01_local_temp_avg_c__fall,sj01_local_temp_avg_c__fall,,0.34375
null,,0.0,,612,0,158,False,False,False,False,False,0,,sj01_local_press_hpa__rise,sj01_local_press_hpa__rise,,0.2265625
null,,0.0,,613,0,158,False,False,False,False,False,0,,cu01_local_temp_avg_c__rise,cu01_local_temp_avg_c__rise,,0.0064697265625
null,,0.0,,614,0,158,False,False,False,False,False,0,,sj01_local_press_hpa__rise,sj01_local_press_hpa__rise,,0.29052734375
null,,0.0,,615,0,158,False,False,False,False,False,0,,sj01_local_press_hpa__rise,sj01_local_press_hpa__rise,,0.36328125
null,,0.0,,616,0,158,False,False,False,False,False,0,,sj01_local_temp_avg_c__fall,sj01_local_temp_avg_c__fall,,0.38720703125
null,,0.0,,617,0,158,False,False,False,False,False,0,,sj01_local_hum_avg_pct__fall,sj01_local_hum_avg_pct__fall,,0.1334228515625
null,,0.0,,618,0,158,False,False,False,False,False,0,,cu01_local_temp_avg_c__rise,cu01_local_temp_avg_c__rise,,0.376953125
null,,0.0,,619,0,158,False,False,False,False,False,0,,cu01_local_temp_avg_c__rise,cu01_local_temp_avg_c__rise,,0.25390625
null,,0.0,,620,0,158,False,False,False,False,False,0,,sj01_local_hum_avg_pct__fall,sj01_local_hum_avg_pct__fall,,0.25390625
null,,0.0,,621,0,158,False,False,False,False,False,0,,sj01_local_press_hpa__rise,sj01_local_press_hpa__rise,,0.05923461914062499
null,,0.0,,622,0,158,False,False,False,False,False,0,,sj01_local_press_hpa__rise,sj01_local_press_hpa__rise,,0.36328125
null,,0.0,,623,0,158,False,False,False,False,False,0,,sj01_local_press_hpa__rise,sj01_local_press_hpa__rise,,0.171875
null,,0.0,,624,0,158,False,False,False,False,False,0,,sj01_local_press_hpa__rise,sj01_local_press_hpa__rise,,0.11328125
null,,0.0,,625,0,158,False,False,False,False,False,0,,cu01_local_temp_avg_c__rise,cu01_local_temp_avg_c__rise,,0.19384765625
null,,0.0,,626,0,158,False,False,False,False,False,0,,sj01_local_press_hpa__rise,sj01_local_press_hpa__rise,,0.4999999999999999
null,,0.0,,627,0,158,False,False,False,False,False,0,,sj01_local_press_hpa__rise,sj01_local_press_hpa__rise,,0.019287109375
null,,0.0,,628,0,158,False,False,False,False,False,0,,sj01_local_press_hpa__rise,sj01_local_press_hpa__rise,,0.4018096923828125
null,,0.0,,629,0,158,False,False,False,False,False,0,,cu01_local_temp_avg_c__rise,cu01_local_temp_avg_c__rise,,0.125
null,,0.0,,630,0,158,False,False,False,False,False,0,,sj01_local_hum_avg_pct__fall,sj01_local_hum_avg_pct__fall,,0.19384765625
null,,0.0,,631,0,158,False,False,False,False,False,0,,sj01_local_press_hpa__rise,sj01_local_press_hpa__rise,,0.08984375
null,,0.0,,632,0,158,False,False,False,False,False,0,,sj01_local_temp_avg_c__fall,sj01_local_temp_avg_c__fall,,0.2265625
null,,0.0,,633,0,158,False,False,False,False,False,0,,sj01_local_press_hpa__rise,sj01_local_press_hpa__rise,,0.046142578125
null,,0.0,,634,0,158,False,False,False,False,False,0,,sj01_local_temp_avg_c__fall,sj01_local_temp_avg_c__fall,,0.11328125
null,,0.0,,635,0,158,False,False,False,False,False,0,,sj01_local_hum_avg_pct__fall,sj01_local_hum_avg_pct__fall,,0.38720703125
null,,0.0,,636,0,158,False,False,False,False,False,0,,sj01_local_press_hpa__rise,sj01_local_press_hpa__rise,,0.14453125
null,,0.0,,637,0,158,False,False,False,False,False,0,,cu01_local_temp_avg_c__rise,cu01_local_temp_avg_c__rise,,0.2265625
null,,0.0,,638,0,158,False,False,False,False,False,0,,cu01_local_temp_avg_c__rise,cu01_local_temp_avg_c__rise,,0.2265625
null,,0.0,,639,0,158,False,False,False,False,False,0,,sj01_local_hum_avg_pct__fall,sj01_local_hum_avg_pct__fall,,0.171875
null,,0.0,,640,0,158,False,False,False,False,False,0,,sj01_local_hum_avg_pct__fall,sj01_local_hum_avg_pct__fall,,0.08984375
null,,0.0,,641,0,158,False,False,False,False,False,0,,sj01_local_press_hpa__rise,sj01_local_press_hpa__rise,,0.0546875
null,,0.0,,642,0,158,False,False,False,False,False,0,,sj01_local_temp_avg_c__fall,sj01_local_temp_avg_c__fall,,0.019287109375
null,,0.0,,643,0,158,False,False,False,False,False,0,,sj01_local_press_hpa__rise,sj01_local_press_hpa__rise,,0.5
null,,0.0,,644,0,158,False,False,False,False,False,0,,sj01_local_press_hpa__rise,sj01_local_press_hpa__rise,,0.0107421875
null,,0.0,,645,0,158,False,False,False,False,False,0,,sj01_local_hum_avg_pct__fall,sj01_local_hum_avg_pct__fall,,0.03515625
null,,0.0,,646,0,158,False,False,False,False,False,0,,sj01_local_temp_avg_c__fall,sj01_local_temp_avg_c__fall,,0.5
null,,0.0,,647,0,158,False,False,False,False,False,0,,sj01_local_temp_avg_c__fall,sj01_local_temp_avg_c__fall,,0.2744140625
null,,0.0,,648,0,158,False,False,False,False,False,0,,sj01_local_temp_avg_c__fall,sj01_local_temp_avg_c__fall,,0.2744140625
null,,0.0,,649,0,158,False,False,False,False,False,0,,sj01_local_press_hpa__rise,sj01_local_press_hpa__rise,,0.0546875
null,,0.0,,650,0,158,False,False,False,False,False,0,,sj01_local_temp_avg_c__fall,sj01_local_temp_avg_c__fall,,0.072998046875
null,,0.0,,651,0,158,False,False,False,False,False,0,,cu01_local_temp_avg_c__rise,cu01_local_temp_avg_c__rise,,0.08984375
null,,0.0,,652,0,158,False,False,False,False,False,0,,sj01_local_press_hpa__rise,sj01_local_press_hpa__rise,,0.072998046875
null,,0.0,,653,0,158,False,False,False,False,False,0,,sj01_local_hum_avg_pct__fall,sj01_local_hum_avg_pct__fall,,0.0546875
null,,0.0,,654,0,158,False,False,False,False,False,0,,sj01_local_hum_avg_pct__fall,sj01_local_hum_avg_pct__fall,,0.15087890624999997
null,,0.0,,655,0,158,False,False,False,False,False,0,,sj01_local_hum_avg_pct__fall,sj01_local_hum_avg_pct__fall,,0.0546875
null,,0.0,,656,0,158,False,False,False,False,False,0,,sj01_local_press_hpa__rise,sj01_local_press_hpa__rise,,0.0286865234375
null,,0.0,,657,0,158,False,False,False,False,False,0,,sj01_local_temp_avg_c__fall,sj01_local_temp_avg_c__fall,,0.072998046875
null,,0.0,,658,0,158,False,False,False,False,False,0,,sj01_local_temp_avg_c__fall,sj01_local_temp_avg_c__fall,,0.14453125
null,,0.0,,659,0,158,False,False,False,False,False,0,,sj01_local_press_hpa__rise,sj01_local_press_hpa__rise,,0.19384765625
null,,0.0,,660,0,158,False,False,False,False,False,0,,sj01_local_press_hpa__rise,sj01_local_press_hpa__rise,,0.2744140625
null,,0.0,,661,0,158,False,False,False,False,False,0,,sj01_local_temp_avg_c__fall,sj01_local_temp_avg_c__fall,,0.0286865234375
null,,0.0,,662,0,158,False,False,False,False,True,1,cu01_local_temp_avg_c__rise,cu01_local_temp_avg_c__rise,cu01_local_temp_avg_c__rise,,0.003173828125
null,,0.0,,663,0,158,False,False,False,False,False,0,,cu01_local_temp_avg_c__rise,cu01_local_temp_avg_c__rise,,0.08984375
null,,0.0,,664,0,158,False,False,False,False,False,0,,sj01_local_temp_avg_c__fall,sj01_local_temp_avg_c__fall,,0.15087890624999997
null,,0.0,,665,0,158,False,False,False,False,False,0,,sj01_local_hum_avg_pct__fall,sj01_local_hum_avg_pct__fall,,0.11328125
null,,0.0,,666,0,158,False,False,False,False,False,0,,sj01_local_hum_avg_pct__fall,sj01_local_hum_avg_pct__fall,,0.5
null,,0.0,,667,0,158,False,False,False,False,False,0,,cu01_local_temp_avg_c__rise,cu01_local_temp_avg_c__rise,,0.03515625
null,,0.0,,668,0,158,False,False,False,True,False,0,,,cu01_local_temp_avg_c__rise;sj01_local_hum_avg_pct__fall,,0.19384765625
null,,0.0,,669,0,158,False,False,False,False,False,0,,cu01_local_temp_avg_c__rise,cu01_local_temp_avg_c__rise,,0.08984375
null,,0.0,,670,0,158,False,False,False,False,False,0,,cu01_local_temp_avg_c__rise,cu01_local_temp_avg_c__rise,,0.171875
null,,0.0,,671,0,158,False,False,False,False,False,0,,sj01_local_hum_avg_pct__fall,sj01_local_hum_avg_pct__fall,,0.01953125
null,,0.0,,672,0,158,False,False,False,False,False,0,,sj01_local_hum_avg_pct__fall,sj01_local_hum_avg_pct__fall,,0.0625
null,,0.0,,673,0,158,False,False,False,False,False,0,,cu01_local_temp_avg_c__rise,cu01_local_temp_avg_c__rise,,0.36328125
null,,0.0,,674,0,158,False,False,False,False,False,0,,sj01_local_hum_avg_pct__fall,sj01_local_hum_avg_pct__fall,,0.1875
null,,0.0,,675,0,158,False,False,False,False,False,0,,sj01_local_press_hpa__rise,sj01_local_press_hpa__rise,,0.5
null,,0.0,,676,0,158,False,False,False,False,False,0,,sj01_local_hum_avg_pct__fall,sj01_local_hum_avg_pct__fall,,0.1875
null,,0.0,,677,0,158,False,False,False,False,False,0,,sj01_local_temp_avg_c__fall,sj01_local_temp_avg_c__fall,,0.08984375
null,,0.0,,678,0,158,False,False,False,False,False,0,,sj01_local_temp_avg_c__fall,sj01_local_temp_avg_c__fall,,0.34375
null,,0.0,,679,0,158,False,False,False,False,False,0,,sj01_local_press_hpa__rise,sj01_local_press_hpa__rise,,0.0546875
null,,0.0,,680,0,158,False,False,False,False,False,0,,sj01_local_press_hpa__rise,sj01_local_press_hpa__rise,,0.11328125
null,,0.0,,681,0,158,False,False,False,False,False,0,,sj01_local_temp_avg_c__fall,sj01_local_temp_avg_c__fall,,0.34375
null,,0.0,,682,0,158,False,False,False,False,False,0,,cu01_local_temp_avg_c__rise,cu01_local_temp_avg_c__rise,,0.03125
null,,0.0,,683,0,158,False,False,False,False,False,0,,sj01_local_temp_avg_c__fall,sj01_local_temp_avg_c__fall,,0.2744140625
null,,0.0,,684,0,158,False,False,False,True,False,0,,,cu01_local_temp_avg_c__rise;sj01_local_press_hpa__rise,,0.171875
null,,0.0,,685,0,158,False,False,False,False,False,0,,sj01_local_press_hpa__rise,sj01_local_press_hpa__rise,,0.171875
null,,0.0,,686,0,158,False,False,False,False,False,0,,sj01_local_hum_avg_pct__fall,sj01_local_hum_avg_pct__fall,,0.2265625
null,,0.0,,687,0,158,False,False,False,False,False,0,,cu01_local_temp_avg_c__rise,cu01_local_temp_avg_c__rise,,0.11328125
null,,0.0,,688,0,158,False,False,False,False,False,0,,sj01_local_temp_avg_c__fall,sj01_local_temp_avg_c__fall,,0.08978271484375
null,,0.0,,689,0,158,False,False,False,False,False,0,,sj01_local_temp_avg_c__fall,sj01_local_temp_avg_c__fall,,0.08978271484375
null,,0.0,,690,0,158,False,False,False,False,False,0,,cu01_local_temp_avg_c__rise,cu01_local_temp_avg_c__rise,,0.376953125
null,,0.0,,691,0,158,False,False,False,False,False,0,,sj01_local_press_hpa__rise,sj01_local_press_hpa__rise,,0.109375
null,,0.0,,692,0,158,False,False,False,False,False,0,,sj01_local_press_hpa__rise,sj01_local_press_hpa__rise,,0.01953125
null,,0.0,,693,0,158,False,False,False,False,False,0,,sj01_local_hum_avg_pct__fall,sj01_local_hum_avg_pct__fall,,0.171875
null,,0.0,,694,0,158,False,False,False,False,False,0,,cu01_local_temp_avg_c__rise,cu01_local_temp_avg_c__rise,,0.109375
null,,0.0,,695,0,158,False,False,False,False,False,0,,sj01_local_hum_avg_pct__fall,sj01_local_hum_avg_pct__fall,,0.01953125
null,,0.0,,696,0,158,False,False,False,False,False,0,,sj01_local_temp_avg_c__fall,sj01_local_temp_avg_c__fall,,0.2265625
null,,0.0,,697,0,158,False,False,False,False,True,1,cu01_local_temp_avg_c__rise,cu01_local_temp_avg_c__rise,cu01_local_temp_avg_c__rise,,0.00390625
null,,0.0,,698,0,158,False,False,False,False,False,0,,cu01_local_temp_avg_c__rise,cu01_local_temp_avg_c__rise,,0.171875
null,,0.0,,699,0,158,False,False,False,False,False,0,,sj01_local_hum_avg_pct__fall,sj01_local_hum_avg_pct__fall,,0.604736328125
null,,0.0,,700,0,158,False,False,False,False,False,0,,sj01_local_press_hpa__rise,sj01_local_press_hpa__rise,,0.11328125
null,,0.0,,701,0,158,False,False,False,False,False,0,,sj01_local_temp_avg_c__fall,sj01_local_temp_avg_c__fall,,0.14453125
null,,0.0,,702,0,158,False,False,False,False,False,0,,cu01_local_temp_avg_c__rise,cu01_local_temp_avg_c__rise,,0.03515625
null,,0.0,,703,0,158,False,False,False,False,False,0,,sj01_local_temp_avg_c__fall,sj01_local_temp_avg_c__fall,,0.072998046875
null,,0.0,,704,0,158,False,False,False,False,False,0,,sj01_local_temp_avg_c__fall,sj01_local_temp_avg_c__fall,,0.2744140625
null,,0.0,,705,0,158,False,False,False,False,False,0,,sj01_local_temp_avg_c__fall,sj01_local_temp_avg_c__fall,,0.38720703125
null,,0.0,,706,0,158,False,False,False,False,False,0,,sj01_local_hum_avg_pct__fall,sj01_local_hum_avg_pct__fall,,0.019287109375
null,,0.0,,707,0,158,False,False,False,False,False,0,,sj01_local_hum_avg_pct__fall,sj01_local_hum_avg_pct__fall,,0.2272491455078125
null,,0.0,,708,0,158,False,False,False,False,False,0,,sj01_local_hum_avg_pct__fall,sj01_local_hum_avg_pct__fall,,0.0546875
null,,0.0,,709,0,158,False,False,False,False,False,0,,sj01_local_press_hpa__rise,sj01_local_press_hpa__rise,,0.2265625
null,,0.0,,710,0,158,False,False,False,False,False,0,,sj01_local_press_hpa__rise,sj01_local_press_hpa__rise,,0.25390625
null,,0.0,,711,0,158,False,False,False,False,False,0,,sj01_local_press_hpa__rise,sj01_local_press_hpa__rise,,0.171875
null,,0.0,,712,0,158,False,False,False,False,False,0,,sj01_local_hum_avg_pct__fall,sj01_local_hum_avg_pct__fall,,0.623046875
null,,0.0,,713,0,158,False,False,False,False,False,0,,sj01_local_temp_avg_c__fall,sj01_local_temp_avg_c__fall,,0.0546875
null,,0.0,,714,0,158,False,False,False,False,False,0,,cu01_local_temp_avg_c__rise,cu01_local_temp_avg_c__rise,,0.171875
null,,0.0,,715,0,158,False,False,False,False,False,0,,sj01_local_press_hpa__rise,sj01_local_press_hpa__rise,,0.11328125
null,,0.0,,716,0,158,False,False,False,False,False,0,,cu01_local_temp_avg_c__rise,cu01_local_temp_avg_c__rise,,0.0625
null,,0.0,,717,0,158,False,False,False,False,False,0,,sj01_local_press_hpa__rise,sj01_local_press_hpa__rise,,0.11328125
null,,0.0,,718,0,158,False,False,False,True,False,0,,,sj01_local_hum_avg_pct__fall;sj01_local_temp_avg_c__fall,,0.25390625
null,,0.0,,719,0,158,False,False,False,False,False,0,,sj01_local_hum_avg_pct__fall,sj01_local_hum_avg_pct__fall,,0.29052734375
null,,0.0,,720,0,158,False,False,False,False,False,0,,sj01_local_temp_avg_c__fall,sj01_local_temp_avg_c__fall,,0.11328125
null,,0.0,,721,0,158,False,False,False,False,False,0,,sj01_local_temp_avg_c__fall,sj01_local_temp_avg_c__fall,,0.3125
null,,0.0,,722,0,158,False,False,False,False,False,0,,sj01_local_press_hpa__rise,sj01_local_press_hpa__rise,,0.19384765625
null,,0.0,,723,0,158,False,False,False,False,False,0,,sj01_local_hum_avg_pct__fall,sj01_local_hum_avg_pct__fall,,0.08984375
null,,0.0,,724,0,158,False,False,False,False,False,0,,sj01_local_press_hpa__rise,sj01_local_press_hpa__rise,,0.171875
null,,0.0,,725,0,158,False,False,False,False,False,0,,sj01_local_temp_avg_c__fall,sj01_local_temp_avg_c__fall,,0.072998046875
null,,0.0,,726,0,158,False,False,False,True,False,0,,,cu01_local_temp_avg_c__rise;sj01_local_press_hpa__rise,,0.5
null,,0.0,,727,0,158,False,False,False,False,False,0,,sj01_local_press_hpa__rise,sj01_local_press_hpa__rise,,0.015625
null,,0.0,,728,0,158,False,False,False,False,False,0,,sj01_local_press_hpa__rise,sj01_local_press_hpa__rise,,0.1334228515625
null,,0.0,,729,0,158,False,False,False,False,False,0,,sj01_local_press_hpa__rise,sj01_local_press_hpa__rise,,0.34375
null,,0.0,,730,0,158,False,False,False,False,False,0,,sj01_local_hum_avg_pct__fall,sj01_local_hum_avg_pct__fall,,0.19384765625
null,,0.0,,731,0,158,False,False,False,False,False,0,,sj01_local_hum_avg_pct__fall,sj01_local_hum_avg_pct__fall,,0.08984375
null,,0.0,,732,0,158,False,False,False,False,False,0,,sj01_local_press_hpa__rise,sj01_local_press_hpa__rise,,0.08984375
null,,0.0,,733,0,158,False,False,False,False,False,0,,cu01_local_temp_avg_c__rise,cu01_local_temp_avg_c__rise,,0.0078125
null,,0.0,,734,0,158,False,False,False,False,False,0,,sj01_local_press_hpa__rise,sj01_local_press_hpa__rise,,0.25390625
null,,0.0,,735,0,158,False,False,False,False,False,0,,cu01_local_temp_avg_c__rise,cu01_local_temp_avg_c__rise,,0.0625
null,,0.0,,736,0,158,False,False,False,False,False,0,,sj01_local_hum_avg_pct__fall,sj01_local_hum_avg_pct__fall,,0.5
null,,0.0,,737,0,158,False,False,False,False,False,0,,cu01_local_temp_avg_c__rise,cu01_local_temp_avg_c__rise,,0.0546875
null,,0.0,,738,0,158,False,False,False,False,False,0,,sj01_local_temp_avg_c__fall,sj01_local_temp_avg_c__fall,,0.072998046875
null,,0.0,,739,0,158,False,False,False,False,False,0,,sj01_local_hum_avg_pct__fall,sj01_local_hum_avg_pct__fall,,0.01953125
null,,0.0,,740,0,158,False,False,False,False,False,0,,sj01_local_temp_avg_c__fall,sj01_local_temp_avg_c__fall,,0.11328125
null,,0.0,,741,0,158,False,False,False,False,False,0,,sj01_local_temp_avg_c__fall,sj01_local_temp_avg_c__fall,,0.072998046875
null,,0.0,,742,0,158,False,False,False,False,False,0,,cu01_local_temp_avg_c__rise,cu01_local_temp_avg_c__rise,,0.0107421875
null,,0.0,,743,0,158,False,False,False,False,False,0,,sj01_local_hum_avg_pct__fall,sj01_local_hum_avg_pct__fall,,0.05923461914062499
null,,0.0,,744,0,158,False,False,False,False,False,0,,cu01_local_temp_avg_c__rise,cu01_local_temp_avg_c__rise,,0.14453125
null,,0.0,,745,0,158,False,False,False,False,False,0,,sj01_local_hum_avg_pct__fall,sj01_local_hum_avg_pct__fall,,0.19384765625
null,,0.0,,746,0,158,False,False,False,False,False,0,,sj01_local_hum_avg_pct__fall,sj01_local_hum_avg_pct__fall,,0.072998046875
null,,0.0,,747,0,158,False,False,False,False,False,0,,sj01_local_hum_avg_pct__fall,sj01_local_hum_avg_pct__fall,,0.2265625
null,,0.0,,748,0,158,False,False,False,False,False,0,,sj01_local_press_hpa__rise,sj01_local_press_hpa__rise,,0.4018096923828125
null,,0.0,,749,0,158,False,False,False,False,False,0,,sj01_local_hum_avg_pct__fall,sj01_local_hum_avg_pct__fall,,0.376953125
null,,0.0,,750,0,158,False,False,False,False,False,0,,sj01_local_press_hpa__rise,sj01_local_press_hpa__rise,,0.109375
null,,0.0,,751,0,158,False,False,False,False,True,1,cu01_local_temp_avg_c__rise,cu01_local_temp_avg_c__rise,cu01_local_temp_avg_c__rise,,0.00048828125
null,,0.0,,752,0,158,False,False,False,False,False,0,,sj01_local_hum_avg_pct__fall,sj01_local_hum_avg_pct__fall,,0.2744140625
null,,0.0,,753,0,158,False,False,False,True,False,0,,,cu01_local_temp_avg_c__rise;sj01_local_hum_avg_pct__fall,,0.5
null,,0.0,,754,0,158,False,False,False,False,False,0,,sj01_local_press_hpa__rise,sj01_local_press_hpa__rise,,0.36328125
null,,0.0,,755,0,158,False,False,False,False,False,0,,sj01_local_hum_avg_pct__fall,sj01_local_hum_avg_pct__fall,,0.08984375
null,,0.0,,756,0,158,False,False,False,False,False,0,,sj01_local_hum_avg_pct__fall,sj01_local_hum_avg_pct__fall,,0.019287109375
null,,0.0,,757,0,158,False,False,False,False,False,0,,sj01_local_temp_avg_c__fall,sj01_local_temp_avg_c__fall,,0.0286865234375
null,,0.0,,758,0,158,False,False,False,False,False,0,,sj01_local_hum_avg_pct__fall,sj01_local_hum_avg_pct__fall,,0.0286865234375
null,,0.0,,759,0,158,False,False,False,False,False,0,,sj01_local_press_hpa__rise,sj01_local_press_hpa__rise,,0.03271484375
null,,0.0,,760,0,158,False,False,False,False,False,0,,sj01_local_press_hpa__rise,sj01_local_press_hpa__rise,,0.0546875
null,,0.0,,761,0,158,False,False,False,False,False,0,,cu01_local_temp_avg_c__rise,cu01_local_temp_avg_c__rise,,0.109375
null,,0.0,,762,0,158,False,False,False,False,False,0,,sj01_local_hum_avg_pct__fall,sj01_local_hum_avg_pct__fall,,0.3125
null,,0.0,,763,0,158,False,False,False,True,False,0,,,cu01_local_temp_avg_c__rise;sj01_local_hum_avg_pct__fall,,0.2744140625
null,,0.0,,764,0,158,False,False,False,False,False,0,,cu01_local_temp_avg_c__rise,cu01_local_temp_avg_c__rise,,0.14453125
null,,0.0,,765,0,158,False,False,False,False,False,0,,sj01_local_hum_avg_pct__fall,sj01_local_hum_avg_pct__fall,,0.08978271484375
null,,0.0,,766,0,158,False,False,False,False,False,0,,sj01_local_press_hpa__rise,sj01_local_press_hpa__rise,,0.25390625
null,,0.0,,767,0,158,False,False,False,False,False,0,,sj01_local_hum_avg_pct__fall,sj01_local_hum_avg_pct__fall,,0.11328125
null,,0.0,,768,0,158,False,False,False,False,False,0,,sj01_local_temp_avg_c__fall,sj01_local_temp_avg_c__fall,,0.36328125
null,,0.0,,769,0,158,False,False,False,False,False,0,,cu01_local_temp_avg_c__rise,cu01_local_temp_avg_c__rise,,0.11328125
null,,0.0,,770,0,158,False,False,False,False,False,0,,sj01_local_hum_avg_pct__fall,sj01_local_hum_avg_pct__fall,,0.14453125
null,,0.0,,771,0,158,False,False,False,False,False,0,,cu01_local_temp_avg_c__rise,cu01_local_temp_avg_c__rise,,0.25390625
null,,0.0,,772,0,158,False,False,False,False,False,0,,sj01_local_hum_avg_pct__fall,sj01_local_hum_avg_pct__fall,,0.171875
null,,0.0,,773,0,158,False,False,False,False,False,0,,cu01_local_temp_avg_c__rise,cu01_local_temp_avg_c__rise,,0.1875
null,,0.0,,774,0,158,False,False,False,False,False,0,,sj01_local_hum_avg_pct__fall,sj01_local_hum_avg_pct__fall,,0.03271484375
null,,0.0,,775,0,158,False,False,False,False,False,0,,cu01_local_temp_avg_c__rise,cu01_local_temp_avg_c__rise,,0.08984375
null,,0.0,,776,0,158,False,False,False,False,False,0,,cu01_local_temp_avg_c__rise,cu01_local_temp_avg_c__rise,,0.2265625
null,,0.0,,777,0,158,False,False,False,False,False,0,,cu01_local_temp_avg_c__rise,cu01_local_temp_avg_c__rise,,0.376953125
null,,0.0,,778,0,158,False,False,False,False,False,0,,sj01_local_hum_avg_pct__fall,sj01_local_hum_avg_pct__fall,,0.1334228515625
null,,0.0,,779,0,158,False,False,False,False,False,0,,cu01_local_temp_avg_c__rise,cu01_local_temp_avg_c__rise,,0.1875
null,,0.0,,780,0,158,False,False,False,False,False,0,,cu01_local_temp_avg_c__rise,cu01_local_temp_avg_c__rise,,0.25390625
null,,0.0,,781,0,158,False,False,False,False,False,0,,cu01_local_temp_avg_c__rise,cu01_local_temp_avg_c__rise,,0.3125
null,,0.0,,782,0,158,False,False,False,False,False,0,,cu01_local_temp_avg_c__rise,cu01_local_temp_avg_c__rise,,0.171875
null,,0.0,,783,0,158,False,False,False,False,False,0,,sj01_local_temp_avg_c__fall,sj01_local_temp_avg_c__fall,,0.14453125
null,,0.0,,784,0,158,False,False,False,False,False,0,,sj01_local_press_hpa__rise,sj01_local_press_hpa__rise,,0.019287109375
null,,0.0,,785,0,158,False,False,False,False,False,0,,sj01_local_hum_avg_pct__fall,sj01_local_hum_avg_pct__fall,,0.0625
null,,0.0,,786,0,158,False,False,False,False,False,0,,sj01_local_hum_avg_pct__fall,sj01_local_hum_avg_pct__fall,,0.0625
null,,0.0,,787,0,158,False,False,False,False,False,0,,sj01_local_hum_avg_pct__fall,sj01_local_hum_avg_pct__fall,,0.1334228515625
null,,0.0,,788,0,158,False,False,False,False,False,0,,cu01_local_temp_avg_c__rise,cu01_local_temp_avg_c__rise,,0.072998046875
null,,0.0,,789,0,158,False,False,False,False,False,0,,sj01_local_hum_avg_pct__fall,sj01_local_hum_avg_pct__fall,,0.03271484375
null,,0.0,,790,0,158,False,False,False,False,False,0,,cu01_local_temp_avg_c__rise,cu01_local_temp_avg_c__rise,,0.0546875
null,,0.0,,791,0,158,False,False,False,False,False,0,,sj01_local_press_hpa__rise,sj01_local_press_hpa__rise,,0.171875
null,,0.0,,792,0,158,False,False,False,False,False,0,,cu01_local_temp_avg_c__rise,cu01_local_temp_avg_c__rise,,0.0546875
null,,0.0,,793,0,158,False,False,False,False,False,0,,sj01_local_hum_avg_pct__fall,sj01_local_hum_avg_pct__fall,,0.2744140625
null,,0.0,,794,0,158,False,False,False,False,False,0,,sj01_local_hum_avg_pct__fall,sj01_local_hum_avg_pct__fall,,0.01953125
null,,0.0,,795,0,158,False,False,False,False,False,0,,sj01_local_press_hpa__rise,sj01_local_press_hpa__rise,,0.25390625
null,,0.0,,796,0,158,False,False,False,False,False,0,,cu01_local_temp_avg_c__rise,cu01_local_temp_avg_c__rise,,0.072998046875
null,,0.0,,797,0,158,False,False,False,False,False,0,,sj01_local_hum_avg_pct__fall,sj01_local_hum_avg_pct__fall,,0.4018096923828125
null,,0.0,,798,0,158,False,False,False,False,False,0,,sj01_local_press_hpa__rise,sj01_local_press_hpa__rise,,0.072998046875
null,,0.0,,799,0,158,False,False,False,False,False,0,,sj01_local_temp_avg_c__fall,sj01_local_temp_avg_c__fall,,0.171875
null,,0.0,,800,0,158,False,False,False,False,False,0,,sj01_local_hum_avg_pct__fall,sj01_local_hum_avg_pct__fall,,0.03515625
null,,0.0,,801,0,158,False,False,False,False,True,1,cu01_local_temp_avg_c__rise,cu01_local_temp_avg_c__rise,cu01_local_temp_avg_c__rise,,0.00091552734375
null,,0.0,,802,0,158,False,False,False,False,False,0,,sj01_local_press_hpa__rise,sj01_local_press_hpa__rise,,0.4999999999999999
null,,0.0,,803,0,158,False,False,False,False,False,0,,sj01_local_temp_avg_c__fall,sj01_local_temp_avg_c__fall,,0.171875
null,,0.0,,804,0,158,False,False,False,False,False,0,,cu01_local_temp_avg_c__rise,cu01_local_temp_avg_c__rise,,0.01953125
null,,0.0,,805,0,158,False,False,False,False,False,0,,sj01_local_hum_avg_pct__fall,sj01_local_hum_avg_pct__fall,,0.08984375
null,,0.0,,806,0,158,False,False,False,False,False,0,,cu01_local_temp_avg_c__rise,cu01_local_temp_avg_c__rise,,0.03515625
null,,0.0,,807,0,158,False,False,False,False,False,0,,sj01_local_temp_avg_c__fall,sj01_local_temp_avg_c__fall,,0.03271484375
null,,0.0,,808,0,158,False,False,False,False,False,0,,sj01_local_press_hpa__rise,sj01_local_press_hpa__rise,,0.171875
null,,0.0,,809,0,158,False,False,False,False,False,0,,sj01_local_press_hpa__rise,sj01_local_press_hpa__rise,,0.29052734375
null,,0.0,,810,0,158,False,False,False,True,False,0,,,cu01_local_temp_avg_c__rise;sj01_local_hum_avg_pct__fall;sj01_local_temp_avg_c__fall,,0.5
null,,0.0,,811,0,158,False,False,False,False,False,0,,cu01_local_temp_avg_c__rise,cu01_local_temp_avg_c__rise,,0.03515625
null,,0.0,,812,0,158,False,False,False,False,False,0,,sj01_local_temp_avg_c__fall,sj01_local_temp_avg_c__fall,,0.25390625
null,,0.0,,813,0,158,False,False,False,False,False,0,,sj01_local_press_hpa__rise,sj01_local_press_hpa__rise,,0.2265625
null,,0.0,,814,0,158,False,False,False,False,False,0,,sj01_local_temp_avg_c__fall,sj01_local_temp_avg_c__fall,,0.21197509765625
null,,0.0,,815,0,158,False,False,False,False,False,0,,sj01_local_press_hpa__rise,sj01_local_press_hpa__rise,,0.25390625
null,,0.0,,816,0,158,False,False,False,False,False,0,,cu01_local_temp_avg_c__rise,cu01_local_temp_avg_c__rise,,0.005859375
null,,0.0,,817,0,158,False,False,False,False,False,0,,cu01_local_temp_avg_c__rise,cu01_local_temp_avg_c__rise,,0.36328125
null,,0.0,,818,0,158,False,False,False,False,False,0,,sj01_local_hum_avg_pct__fall,sj01_local_hum_avg_pct__fall,,0.046142578125
null,,0.0,,819,0,158,False,False,False,False,False,0,,cu01_local_temp_avg_c__rise,cu01_local_temp_avg_c__rise,,0.109375
null,,0.0,,820,0,158,False,False,False,False,False,0,,cu01_local_temp_avg_c__rise,cu01_local_temp_avg_c__rise,,0.0546875
null,,0.0,,821,0,158,False,False,False,False,False,0,,sj01_local_hum_avg_pct__fall,sj01_local_hum_avg_pct__fall,,0.01953125
null,,0.0,,822,0,158,False,False,False,False,False,0,,sj01_local_hum_avg_pct__fall,sj01_local_hum_avg_pct__fall,,0.14453125
null,,0.0,,823,0,158,False,False,False,False,False,0,,cu01_local_temp_avg_c__rise,cu01_local_temp_avg_c__rise,,0.08984375
null,,0.0,,824,0,158,False,False,False,False,False,0,,sj01_local_hum_avg_pct__fall,sj01_local_hum_avg_pct__fall,,0.171875
null,,0.0,,825,0,158,False,False,False,False,False,0,,sj01_local_hum_avg_pct__fall,sj01_local_hum_avg_pct__fall,,0.36328125
null,,0.0,,826,0,158,False,False,False,False,False,0,,sj01_local_temp_avg_c__fall,sj01_local_temp_avg_c__fall,,0.1334228515625
null,,0.0,,827,0,158,False,False,False,False,False,0,,sj01_local_press_hpa__rise,sj01_local_press_hpa__rise,,0.046142578125
null,,0.0,,828,0,158,False,False,False,False,False,0,,sj01_local_hum_avg_pct__fall,sj01_local_hum_avg_pct__fall,,0.046142578125
null,,0.0,,829,0,158,False,False,False,False,False,0,,sj01_local_hum_avg_pct__fall,sj01_local_hum_avg_pct__fall,,0.1334228515625
null,,0.0,,830,0,158,False,False,False,False,False,0,,sj01_local_hum_avg_pct__fall,sj01_local_hum_avg_pct__fall,,0.38720703125
null,,0.0,,831,0,158,False,False,False,False,False,0,,sj01_local_hum_avg_pct__fall,sj01_local_hum_avg_pct__fall,,0.11328125
null,,0.0,,832,0,158,False,False,False,False,False,0,,sj01_local_press_hpa__rise,sj01_local_press_hpa__rise,,0.11328125
null,,0.0,,833,0,158,False,False,False,False,False,0,,sj01_local_press_hpa__rise,sj01_local_press_hpa__rise,,0.03515625
null,,0.0,,834,0,158,False,False,False,False,False,0,,cu01_local_temp_avg_c__rise,cu01_local_temp_avg_c__rise,,0.2265625
null,,0.0,,835,0,158,False,False,False,False,False,0,,sj01_local_press_hpa__rise,sj01_local_press_hpa__rise,,0.25390625
null,,0.0,,836,0,158,False,False,False,False,False,0,,sj01_local_press_hpa__rise,sj01_local_press_hpa__rise,,0.2272491455078125
null,,0.0,,837,0,158,False,False,False,False,False,0,,sj01_local_press_hpa__rise,sj01_local_press_hpa__rise,,0.05923461914062499
null,,0.0,,838,0,158,False,False,False,False,False,0,,sj01_local_press_hpa__rise,sj01_local_press_hpa__rise,,0.109375
null,,0.0,,839,0,158,False,False,False,False,False,0,,sj01_local_hum_avg_pct__fall,sj01_local_hum_avg_pct__fall,,0.2744140625
null,,0.0,,840,0,158,False,False,False,False,False,0,,sj01_local_press_hpa__rise,sj01_local_press_hpa__rise,,0.395263671875
null,,0.0,,841,0,158,False,False,False,False,False,0,,sj01_local_hum_avg_pct__fall,sj01_local_hum_avg_pct__fall,,0.046142578125
null,,0.0,,842,0,158,False,False,False,False,False,0,,sj01_local_hum_avg_pct__fall,sj01_local_hum_avg_pct__fall,,0.03271484375
null,,0.0,,843,0,158,False,False,False,False,False,0,,sj01_local_temp_avg_c__fall,sj01_local_temp_avg_c__fall,,0.01123046875
null,,0.0,,844,0,158,False,False,False,False,False,0,,sj01_local_hum_avg_pct__fall,sj01_local_hum_avg_pct__fall,,0.11328125
null,,0.0,,845,0,158,False,False,False,False,False,0,,sj01_local_hum_avg_pct__fall,sj01_local_hum_avg_pct__fall,,0.1334228515625
null,,0.0,,846,0,158,False,False,False,False,False,0,,sj01_local_temp_avg_c__fall,sj01_local_temp_avg_c__fall,,0.25390625
null,,0.0,,847,0,158,False,False,False,True,False,0,,,sj01_local_hum_avg_pct__fall;sj01_local_temp_avg_c__fall,,0.08984375
null,,0.0,,848,0,158,False,False,False,False,False,0,,sj01_local_hum_avg_pct__fall,sj01_local_hum_avg_pct__fall,,0.019287109375
null,,0.0,,849,0,158,False,False,False,False,False,0,,sj01_local_press_hpa__rise,sj01_local_press_hpa__rise,,0.0546875
null,,0.0,,850,0,158,False,False,False,False,False,0,,sj01_local_press_hpa__rise,sj01_local_press_hpa__rise,,0.1334228515625
null,,0.0,,851,0,158,False,False,False,False,False,0,,sj01_local_temp_avg_c__fall,sj01_local_temp_avg_c__fall,,0.0546875
null,,0.0,,852,0,158,False,False,False,False,False,0,,cu01_local_temp_avg_c__rise,cu01_local_temp_avg_c__rise,,0.171875
null,,0.0,,853,0,158,False,False,False,False,False,0,,sj01_local_press_hpa__rise,sj01_local_press_hpa__rise,,0.08984375
null,,0.0,,854,0,158,False,False,False,False,False,0,,sj01_local_press_hpa__rise,sj01_local_press_hpa__rise,,0.019287109375
null,,0.0,,855,0,158,False,False,False,False,False,0,,sj01_local_hum_avg_pct__fall,sj01_local_hum_avg_pct__fall,,0.08978271484375
null,,0.0,,856,0,158,False,False,False,False,False,0,,sj01_local_temp_avg_c__fall,sj01_local_temp_avg_c__fall,,0.19384765625
null,,0.0,,857,0,158,False,False,False,False,False,0,,sj01_local_hum_avg_pct__fall,sj01_local_hum_avg_pct__fall,,0.1334228515625
null,,0.0,,858,0,158,False,False,False,False,False,0,,cu01_local_temp_avg_c__rise,cu01_local_temp_avg_c__rise,,0.19384765625
null,,0.0,,859,0,158,False,False,False,False,False,0,,sj01_local_press_hpa__rise,sj01_local_press_hpa__rise,,0.19384765625
null,,0.0,,860,0,158,False,False,False,False,False,0,,sj01_local_hum_avg_pct__fall,sj01_local_hum_avg_pct__fall,,0.19384765625
null,,0.0,,861,0,158,False,False,False,False,False,0,,sj01_local_press_hpa__rise,sj01_local_press_hpa__rise,,0.03515625
null,,0.0,,862,0,158,False,False,False,False,False,0,,sj01_local_hum_avg_pct__fall,sj01_local_hum_avg_pct__fall,,0.11328125
null,,0.0,,863,0,158,False,False,False,False,False,0,,sj01_local_press_hpa__rise,sj01_local_press_hpa__rise,,0.2272491455078125
null,,0.0,,864,0,158,False,False,False,False,False,0,,sj01_local_hum_avg_pct__fall,sj01_local_hum_avg_pct__fall,,0.03515625
null,,0.0,,865,0,158,False,False,False,False,False,0,,sj01_local_temp_avg_c__fall,sj01_local_temp_avg_c__fall,,0.08984375
null,,0.0,,866,0,158,False,False,False,False,False,0,,sj01_local_press_hpa__rise,sj01_local_press_hpa__rise,,0.0546875
null,,0.0,,867,0,158,False,False,False,False,False,0,,cu01_local_temp_avg_c__rise,cu01_local_temp_avg_c__rise,,0.11328125
null,,0.0,,868,0,158,False,False,False,False,False,0,,cu01_local_temp_avg_c__rise,cu01_local_temp_avg_c__rise,,0.34375
null,,0.0,,869,0,158,False,False,False,False,False,0,,sj01_local_hum_avg_pct__fall,sj01_local_hum_avg_pct__fall,,0.0625
null,,0.0,,870,0,158,False,False,False,False,False,0,,cu01_local_temp_avg_c__rise,cu01_local_temp_avg_c__rise,,0.171875
null,,0.0,,871,0,158,False,False,False,False,False,0,,sj01_local_hum_avg_pct__fall,sj01_local_hum_avg_pct__fall,,0.171875
null,,0.0,,872,0,158,False,False,False,False,False,0,,sj01_local_press_hpa__rise,sj01_local_press_hpa__rise,,0.046142578125
null,,0.0,,873,0,158,False,False,False,False,False,0,,cu01_local_temp_avg_c__rise,cu01_local_temp_avg_c__rise,,0.2265625
null,,0.0,,874,0,158,False,False,False,False,False,0,,cu01_local_temp_avg_c__rise,cu01_local_temp_avg_c__rise,,0.0625
null,,0.0,,875,0,158,False,False,False,False,False,0,,sj01_local_hum_avg_pct__fall,sj01_local_hum_avg_pct__fall,,0.14453125
null,,0.0,,876,0,158,False,False,False,False,False,0,,cu01_local_temp_avg_c__rise,cu01_local_temp_avg_c__rise,,0.36328125
null,,0.0,,877,0,158,False,False,False,False,False,0,,sj01_local_hum_avg_pct__fall,sj01_local_hum_avg_pct__fall,,0.03125
null,,0.0,,878,0,158,False,False,False,True,False,0,,,sj01_local_hum_avg_pct__fall;sj01_local_press_hpa__rise,,0.171875
null,,0.0,,879,0,158,False,False,False,False,False,0,,sj01_local_hum_avg_pct__fall,sj01_local_hum_avg_pct__fall,,0.0546875
null,,0.0,,880,0,158,False,False,False,False,False,0,,cu01_local_temp_avg_c__rise,cu01_local_temp_avg_c__rise,,0.0546875
null,,0.0,,881,0,158,False,False,False,False,False,0,,cu01_local_temp_avg_c__rise,cu01_local_temp_avg_c__rise,,0.14453125
null,,0.0,,882,0,158,False,False,False,False,False,0,,sj01_local_press_hpa__rise,sj01_local_press_hpa__rise,,0.2265625
null,,0.0,,883,0,158,False,False,False,False,False,0,,sj01_local_temp_avg_c__fall,sj01_local_temp_avg_c__fall,,0.14453125
null,,0.0,,884,0,158,False,False,False,False,False,0,,sj01_local_press_hpa__rise,sj01_local_press_hpa__rise,,0.03271484375
null,,0.0,,885,0,158,False,False,False,False,False,0,,sj01_local_hum_avg_pct__fall,sj01_local_hum_avg_pct__fall,,0.25390625
null,,0.0,,886,0,158,False,False,False,False,False,0,,sj01_local_temp_avg_c__fall,sj01_local_temp_avg_c__fall,,0.376953125
null,,0.0,,887,0,158,False,False,False,False,False,0,,sj01_local_press_hpa__rise,sj01_local_press_hpa__rise,,0.0107421875
null,,0.0,,888,0,158,False,False,False,False,False,0,,cu01_local_temp_avg_c__rise,cu01_local_temp_avg_c__rise,,0.5
null,,0.0,,889,0,158,False,False,False,True,False,0,,,cu01_local_temp_avg_c__rise;sj01_local_temp_avg_c__fall,,0.63671875
null,,0.0,,890,0,158,False,False,False,False,False,0,,sj01_local_press_hpa__rise,sj01_local_press_hpa__rise,,0.0625
null,,0.0,,891,0,158,False,False,False,False,False,0,,cu01_local_temp_avg_c__rise,cu01_local_temp_avg_c__rise,,0.25390625
null,,0.0,,892,0,158,False,False,False,False,False,0,,sj01_local_hum_avg_pct__fall,sj01_local_hum_avg_pct__fall,,0.19384765625
null,,0.0,,893,0,158,False,False,False,False,False,0,,sj01_local_hum_avg_pct__fall,sj01_local_hum_avg_pct__fall,,0.0546875
null,,0.0,,894,0,158,False,False,False,False,False,0,,cu01_local_temp_avg_c__rise,cu01_local_temp_avg_c__rise,,0.046142578125
null,,0.0,,895,0,158,False,False,False,False,False,0,,sj01_local_temp_avg_c__fall,sj01_local_temp_avg_c__fall,,0.05923461914062499
null,,0.0,,896,0,158,False,False,False,False,False,0,,sj01_local_hum_avg_pct__fall,sj01_local_hum_avg_pct__fall,,0.25390625
null,,0.0,,897,0,158,False,False,False,False,False,0,,sj01_local_temp_avg_c__fall,sj01_local_temp_avg_c__fall,,0.19384765625
null,,0.0,,898,0,158,False,False,False,False,False,0,,sj01_local_hum_avg_pct__fall,sj01_local_hum_avg_pct__fall,,0.19384765625
null,,0.0,,899,0,158,False,False,False,False,False,0,,sj01_local_hum_avg_pct__fall,sj01_local_hum_avg_pct__fall,,0.072998046875
null,,0.0,,900,0,158,False,False,False,False,False,0,,sj01_local_hum_avg_pct__fall,sj01_local_hum_avg_pct__fall,,0.25390625
null,,0.0,,901,0,158,False,False,False,False,False,0,,sj01_local_temp_avg_c__fall,sj01_local_temp_avg_c__fall,,0.1334228515625
null,,0.0,,902,0,158,False,False,False,False,False,0,,cu01_local_temp_avg_c__rise,cu01_local_temp_avg_c__rise,,0.03515625
null,,0.0,,903,0,158,False,False,False,False,False,0,,sj01_local_press_hpa__rise,sj01_local_press_hpa__rise,,0.109375
null,,0.0,,904,0,158,False,False,False,False,False,0,,cu01_local_temp_avg_c__rise,cu01_local_temp_avg_c__rise,,0.25390625
null,,0.0,,905,0,158,False,False,False,False,False,0,,sj01_local_press_hpa__rise,sj01_local_press_hpa__rise,,0.21197509765625
null,,0.0,,906,0,158,False,False,False,False,False,0,,sj01_local_press_hpa__rise,sj01_local_press_hpa__rise,,0.08978271484375
null,,0.0,,907,0,158,False,False,False,False,False,0,,sj01_local_press_hpa__rise,sj01_local_press_hpa__rise,,0.0625
null,,0.0,,908,0,158,False,False,False,False,False,0,,sj01_local_hum_avg_pct__fall,sj01_local_hum_avg_pct__fall,,0.0546875
null,,0.0,,909,0,158,False,False,False,False,False,0,,sj01_local_hum_avg_pct__fall,sj01_local_hum_avg_pct__fall,,0.01123046875
null,,0.0,,910,0,158,False,False,False,False,False,0,,cu01_local_temp_avg_c__rise,cu01_local_temp_avg_c__rise,,0.171875
null,,0.0,,911,0,158,False,False,False,False,False,0,,sj01_local_temp_avg_c__fall,sj01_local_temp_avg_c__fall,,0.15087890624999997
null,,0.0,,912,0,158,False,False,False,False,False,0,,cu01_local_temp_avg_c__rise,cu01_local_temp_avg_c__rise,,0.109375
null,,0.0,,913,0,158,False,False,False,False,False,0,,sj01_local_temp_avg_c__fall,sj01_local_temp_avg_c__fall,,0.0546875
null,,0.0,,914,0,158,False,False,False,False,False,0,,sj01_local_press_hpa__rise,sj01_local_press_hpa__rise,,0.7255859375
null,,0.0,,915,0,158,False,False,False,False,False,0,,cu01_local_temp_avg_c__rise,cu01_local_temp_avg_c__rise,,0.19384765625
null,,0.0,,916,0,158,False,False,False,False,False,0,,cu01_local_temp_avg_c__rise,cu01_local_temp_avg_c__rise,,0.03515625
null,,0.0,,917,0,158,False,False,False,False,False,0,,sj01_local_hum_avg_pct__fall,sj01_local_hum_avg_pct__fall,,0.11328125
null,,0.0,,918,0,158,False,False,False,False,False,0,,cu01_local_temp_avg_c__rise,cu01_local_temp_avg_c__rise,,0.14453125
null,,0.0,,919,0,158,False,False,False,False,False,0,,sj01_local_hum_avg_pct__fall,sj01_local_hum_avg_pct__fall,,0.005859375
null,,0.0,,920,0,158,False,False,False,False,False,0,,sj01_local_hum_avg_pct__fall,sj01_local_hum_avg_pct__fall,,0.25390625
null,,0.0,,921,0,158,False,False,False,False,False,0,,sj01_local_hum_avg_pct__fall,sj01_local_hum_avg_pct__fall,,0.11328125
null,,0.0,,922,0,158,False,False,False,True,False,0,,,sj01_local_hum_avg_pct__fall;sj01_local_press_hpa__rise,,0.5
null,,0.0,,923,0,158,False,False,False,False,False,0,,sj01_local_hum_avg_pct__fall,sj01_local_hum_avg_pct__fall,,0.171875
null,,0.0,,924,0,158,False,False,False,True,False,0,,,sj01_local_hum_avg_pct__fall;sj01_local_temp_avg_c__fall,,0.2744140625
null,,0.0,,925,0,158,False,False,False,False,False,0,,sj01_local_temp_avg_c__fall,sj01_local_temp_avg_c__fall,,0.03271484375
null,,0.0,,926,0,158,False,False,False,False,True,1,sj01_local_press_hpa__rise,sj01_local_press_hpa__rise,sj01_local_press_hpa__rise,,0.003173828125
null,,0.0,,927,0,158,False,False,False,False,False,0,,sj01_local_hum_avg_pct__fall,sj01_local_hum_avg_pct__fall,,0.5
null,,0.0,,928,0,158,False,False,False,False,False,0,,sj01_local_press_hpa__rise,sj01_local_press_hpa__rise,,0.0286865234375
null,,0.0,,929,0,158,False,False,False,False,False,0,,sj01_local_temp_avg_c__fall,sj01_local_temp_avg_c__fall,,0.03125
null,,0.0,,930,0,158,False,False,False,False,False,0,,sj01_local_temp_avg_c__fall,sj01_local_temp_avg_c__fall,,0.0546875
null,,0.0,,931,0,158,False,False,False,False,False,0,,sj01_local_temp_avg_c__fall,sj01_local_temp_avg_c__fall,,0.2265625
null,,0.0,,932,0,158,False,False,False,False,False,0,,sj01_local_press_hpa__rise,sj01_local_press_hpa__rise,,0.171875
null,,0.0,,933,0,158,False,False,False,False,False,0,,sj01_local_hum_avg_pct__fall,sj01_local_hum_avg_pct__fall,,0.015625
null,,0.0,,934,0,158,False,False,False,False,False,0,,sj01_local_temp_avg_c__fall,sj01_local_temp_avg_c__fall,,0.1334228515625
null,,0.0,,935,0,158,False,False,False,False,False,0,,cu01_local_temp_avg_c__rise,cu01_local_temp_avg_c__rise,,0.0625
null,,0.0,,936,0,158,False,False,False,False,False,0,,sj01_local_temp_avg_c__fall,sj01_local_temp_avg_c__fall,,0.171875
null,,0.0,,937,0,158,False,False,False,False,False,0,,cu01_local_temp_avg_c__rise,cu01_local_temp_avg_c__rise,,0.4999999999999999
null,,0.0,,938,0,158,False,False,False,False,False,0,,sj01_local_press_hpa__rise,sj01_local_press_hpa__rise,,0.25390625
null,,0.0,,939,0,158,False,False,False,False,False,0,,sj01_local_hum_avg_pct__fall,sj01_local_hum_avg_pct__fall,,0.14453125
null,,0.0,,940,0,158,False,False,False,False,False,0,,sj01_local_temp_avg_c__fall,sj01_local_temp_avg_c__fall,,0.08984375
null,,0.0,,941,0,158,False,False,False,False,False,0,,sj01_local_temp_avg_c__fall,sj01_local_temp_avg_c__fall,,0.171875
null,,0.0,,942,0,158,False,False,False,False,False,0,,sj01_local_hum_avg_pct__fall,sj01_local_hum_avg_pct__fall,,0.072998046875
null,,0.0,,943,0,158,False,False,False,False,False,0,,sj01_local_press_hpa__rise,sj01_local_press_hpa__rise,,0.1875
null,,0.0,,944,0,158,False,False,False,False,False,0,,sj01_local_press_hpa__rise,sj01_local_press_hpa__rise,,0.03271484375
null,,0.0,,945,0,158,False,False,False,True,False,0,,,sj01_local_press_hpa__rise;sj01_local_temp_avg_c__fall,,0.29052734375
null,,0.0,,946,0,158,False,False,False,False,False,0,,cu01_local_temp_avg_c__rise,cu01_local_temp_avg_c__rise,,0.5
null,,0.0,,947,0,158,False,False,False,False,False,0,,cu01_local_temp_avg_c__rise,cu01_local_temp_avg_c__rise,,0.01953125
null,,0.0,,948,0,158,False,False,False,False,False,0,,cu01_local_temp_avg_c__rise,cu01_local_temp_avg_c__rise,,0.14453125
null,,0.0,,949,0,158,False,False,False,False,False,0,,sj01_local_press_hpa__rise,sj01_local_press_hpa__rise,,0.08984375
null,,0.0,,950,0,158,False,False,False,False,False,0,,cu01_local_temp_avg_c__rise,cu01_local_temp_avg_c__rise,,0.0625
null,,0.0,,951,0,158,False,False,False,False,False,0,,sj01_local_press_hpa__rise,sj01_local_press_hpa__rise,,0.03515625
null,,0.0,,952,0,158,False,False,False,False,False,0,,cu01_local_temp_avg_c__rise,cu01_local_temp_avg_c__rise,,0.01953125
null,,0.0,,953,0,158,False,False,False,False,False,0,,sj01_local_press_hpa__rise,sj01_local_press_hpa__rise,,0.623046875
null,,0.0,,954,0,158,False,False,False,False,False,0,,cu01_local_temp_avg_c__rise,cu01_local_temp_avg_c__rise,,0.2265625
null,,0.0,,955,0,158,False,False,False,False,False,0,,sj01_local_press_hpa__rise,sj01_local_press_hpa__rise,,0.34375
null,,0.0,,956,0,158,False,False,False,False,False,0,,sj01_local_temp_avg_c__fall,sj01_local_temp_avg_c__fall,,0.2265625
null,,0.0,,957,0,158,False,False,False,False,False,0,,sj01_local_press_hpa__rise,sj01_local_press_hpa__rise,,0.30361938476562494
null,,0.0,,958,0,158,False,False,False,False,False,0,,sj01_local_temp_avg_c__fall,sj01_local_temp_avg_c__fall,,0.1334228515625
null,,0.0,,959,0,158,False,False,False,False,False,0,,sj01_local_hum_avg_pct__fall,sj01_local_hum_avg_pct__fall,,0.36328125
null,,0.0,,960,0,158,False,False,False,False,False,0,,sj01_local_press_hpa__rise,sj01_local_press_hpa__rise,,0.072998046875
null,,0.0,,961,0,158,False,False,False,False,False,0,,sj01_local_press_hpa__rise,sj01_local_press_hpa__rise,,0.0107421875
null,,0.0,,962,0,158,False,False,False,False,False,0,,sj01_local_temp_avg_c__fall,sj01_local_temp_avg_c__fall,,0.048126220703125
null,,0.0,,963,0,158,False,False,False,False,False,0,,sj01_local_hum_avg_pct__fall,sj01_local_hum_avg_pct__fall,,0.171875
null,,0.0,,964,0,158,False,False,False,False,False,0,,sj01_local_press_hpa__rise,sj01_local_press_hpa__rise,,0.2744140625
null,,0.0,,965,0,158,False,False,False,False,False,0,,sj01_local_temp_avg_c__fall,sj01_local_temp_avg_c__fall,,0.01123046875
null,,0.0,,966,0,158,False,False,False,False,False,0,,cu01_local_temp_avg_c__rise,cu01_local_temp_avg_c__rise,,0.017578125
null,,0.0,,967,0,158,False,False,False,False,False,0,,sj01_local_press_hpa__rise,sj01_local_press_hpa__rise,,0.25390625
null,,0.0,,968,0,158,False,False,False,False,False,0,,sj01_local_hum_avg_pct__fall,sj01_local_hum_avg_pct__fall,,0.14453125
null,,0.0,,969,0,158,False,False,False,False,False,0,,cu01_local_temp_avg_c__rise,cu01_local_temp_avg_c__rise,,0.171875
null,,0.0,,970,0,158,False,False,False,False,False,0,,sj01_local_hum_avg_pct__fall,sj01_local_hum_avg_pct__fall,,0.19384765625
null,,0.0,,971,0,158,False,False,False,False,False,0,,sj01_local_temp_avg_c__fall,sj01_local_temp_avg_c__fall,,0.017578125
null,,0.0,,972,0,158,False,False,False,False,False,0,,sj01_local_press_hpa__rise,sj01_local_press_hpa__rise,,0.1334228515625
null,,0.0,,973,0,158,False,False,False,False,False,0,,sj01_local_temp_avg_c__fall,sj01_local_temp_avg_c__fall,,0.046142578125
null,,0.0,,974,0,158,False,False,False,False,False,0,,sj01_local_press_hpa__rise,sj01_local_press_hpa__rise,,0.08984375
null,,0.0,,975,0,158,False,False,False,False,False,0,,sj01_local_hum_avg_pct__fall,sj01_local_hum_avg_pct__fall,,0.5
null,,0.0,,976,0,158,False,False,False,True,False,0,,,cu01_local_temp_avg_c__rise;sj01_local_press_hpa__rise,,0.5
null,,0.0,,977,0,158,False,False,False,False,False,0,,sj01_local_press_hpa__rise,sj01_local_press_hpa__rise,,0.08984375
null,,0.0,,978,0,158,False,False,False,False,False,0,,sj01_local_temp_avg_c__fall,sj01_local_temp_avg_c__fall,,0.072998046875
null,,0.0,,979,0,158,False,False,False,False,False,0,,sj01_local_temp_avg_c__fall,sj01_local_temp_avg_c__fall,,0.171875
null,,0.0,,980,0,158,False,False,False,False,False,0,,sj01_local_temp_avg_c__fall,sj01_local_temp_avg_c__fall,,0.0107421875
null,,0.0,,981,0,158,False,False,False,False,False,0,,sj01_local_hum_avg_pct__fall,sj01_local_hum_avg_pct__fall,,0.1334228515625
null,,0.0,,982,0,158,False,False,False,False,False,0,,sj01_local_temp_avg_c__fall,sj01_local_temp_avg_c__fall,,0.0384063720703125
null,,0.0,,983,0,158,False,False,False,False,False,0,,sj01_local_temp_avg_c__fall,sj01_local_temp_avg_c__fall,,0.0286865234375
null,,0.0,,984,0,158,False,False,False,False,False,0,,sj01_local_hum_avg_pct__fall,sj01_local_hum_avg_pct__fall,,0.2744140625
null,,0.0,,985,0,158,False,False,False,False,False,0,,cu01_local_temp_avg_c__rise,cu01_local_temp_avg_c__rise,,0.03125
null,,0.0,,986,0,158,False,False,False,False,True,1,sj01_local_temp_avg_c__fall,sj01_local_temp_avg_c__fall,sj01_local_temp_avg_c__fall,,0.003173828125
null,,0.0,,987,0,158,False,False,False,False,False,0,,sj01_local_press_hpa__rise,sj01_local_press_hpa__rise,,0.03515625
null,,0.0,,988,0,158,False,False,False,False,False,0,,sj01_local_temp_avg_c__fall,sj01_local_temp_avg_c__fall,,0.01123046875
null,,0.0,,989,0,158,False,False,False,False,False,0,,sj01_local_temp_avg_c__fall,sj01_local_temp_avg_c__fall,,0.3125
null,,0.0,,990,0,158,False,False,False,False,False,0,,sj01_local_temp_avg_c__fall,sj01_local_temp_avg_c__fall,,0.19384765625
null,,0.0,,991,0,158,False,False,False,False,False,0,,sj01_local_temp_avg_c__fall,sj01_local_temp_avg_c__fall,,0.14453125
null,,0.0,,992,0,158,False,False,False,False,False,0,,cu01_local_temp_avg_c__rise,cu01_local_temp_avg_c__rise,,0.376953125
null,,0.0,,993,0,158,False,False,False,True,False,0,,,sj01_local_hum_avg_pct__fall;sj01_local_temp_avg_c__fall,,0.171875
null,,0.0,,994,0,158,False,False,False,False,False,0,,sj01_local_temp_avg_c__fall,sj01_local_temp_avg_c__fall,,0.072998046875
null,,0.0,,995,0,158,False,False,False,False,False,0,,sj01_local_temp_avg_c__fall,sj01_local_temp_avg_c__fall,,0.38720703125
null,,0.0,,996,0,158,False,False,False,False,False,0,,sj01_local_temp_avg_c__fall,sj01_local_temp_avg_c__fall,,0.5
null,,0.0,,997,0,158,False,False,False,False,False,0,,sj01_local_hum_avg_pct__fall,sj01_local_hum_avg_pct__fall,,0.046142578125
null,,0.0,,998,0,158,False,False,False,False,False,0,,sj01_local_press_hpa__rise,sj01_local_press_hpa__rise,,0.1661529541015625
null,,0.0,,999,0,158,False,False,False,False,False,0,,sj01_local_hum_avg_pct__fall,sj01_local_hum_avg_pct__fall,,0.11328125
