mode,effect_sd,lag_min,seed,horizon_min,p_value,positive_folds,post_only,pre_only,pass_bonferroni
injected,0.5,15.0,0,30,4.481519681576174e-06,4.0,36.0,7.0,True
injected,0.5,15.0,0,60,0.021779260961920954,4.0,28.0,14.0,False
injected,0.5,15.0,0,120,0.03195732831954956,4.0,17.0,7.0,False
injected_any,0.5,15.0,0,0,,,,,True
injected,0.5,15.0,1,30,0.0013010857283610733,4.0,36.0,14.0,True
injected,0.5,15.0,1,60,0.04271656657869727,4.0,31.0,18.0,False
injected,0.5,15.0,1,120,0.04357927665114403,4.0,19.0,9.0,False
injected_any,0.5,15.0,1,0,,,,,True
injected,0.5,15.0,2,30,2.0967078967260022e-05,4.0,35.0,8.0,True
injected,0.5,15.0,2,60,0.027038015929434778,4.0,30.0,16.0,False
injected,0.5,15.0,2,120,0.03071417286992073,3.0,20.0,9.0,False
injected_any,0.5,15.0,2,0,,,,,True
injected,0.5,15.0,3,30,4.9244392464231617e-05,4.0,37.0,10.0,True
injected,0.5,15.0,3,60,0.021779260961920954,4.0,28.0,14.0,False
injected,0.5,15.0,3,120,0.15525232953950768,3.0,21.0,14.0,False
injected_any,0.5,15.0,3,0,,,,,True
injected,0.5,15.0,4,30,4.623849960694315e-06,4.0,38.0,8.0,True
injected,0.5,15.0,4,60,0.011314420602957398,4.0,30.0,14.0,True
injected,0.5,15.0,4,120,0.03071417286992073,3.0,20.0,9.0,False
injected_any,0.5,15.0,4,0,,,,,True
injected,0.5,15.0,5,30,5.3022333133867505e-05,4.0,35.0,9.0,True
injected,0.5,15.0,5,60,0.024383382952237298,4.0,29.0,15.0,False
injected,0.5,15.0,5,120,0.049368573352694525,4.0,20.0,10.0,False
injected_any,0.5,15.0,5,0,,,,,True
injected,0.5,15.0,6,30,0.0005975601600036741,4.0,38.0,14.0,True
injected,0.5,15.0,6,60,0.03622713008127221,3.0,29.0,16.0,False
injected,0.5,15.0,6,120,0.08431877195835114,3.0,17.0,9.0,False
injected_any,0.5,15.0,6,0,,,,,True
injected,0.5,15.0,7,30,0.0015438382307593197,4.0,34.0,13.0,True
injected,0.5,15.0,7,60,0.027038015929434778,4.0,30.0,16.0,False
injected,0.5,15.0,7,120,0.020479795755818493,4.0,24.0,11.0,False
injected_any,0.5,15.0,7,0,,,,,True
injected,0.5,15.0,8,30,4.9244392464231617e-05,4.0,37.0,10.0,True
injected,0.5,15.0,8,60,0.009311918307503216,4.0,32.0,15.0,True
injected,0.5,15.0,8,120,0.021386972628533847,4.0,21.0,9.0,False
injected_any,0.5,15.0,8,0,,,,,True
injected,0.5,15.0,9,30,1.6526333546096341e-06,4.0,40.0,8.0,True
injected,0.5,15.0,9,60,0.0009569805006321985,4.0,32.0,11.0,True
injected,0.5,15.0,9,120,0.01205977238714695,4.0,21.0,8.0,True
injected_any,0.5,15.0,9,0,,,,,True
injected,0.5,15.0,10,30,4.0856674996314624e-05,4.0,41.0,12.0,True
injected,0.5,15.0,10,60,0.009311918307503216,4.0,32.0,15.0,True
injected,0.5,15.0,10,120,0.055092082591727376,3.0,21.0,11.0,False
injected_any,0.5,15.0,10,0,,,,,True
injected,0.5,15.0,11,30,0.0001111224813108436,4.0,37.0,11.0,True
injected,0.5,15.0,11,60,0.00685909252933925,4.0,30.0,13.0,True
injected,0.5,15.0,11,120,0.03195732831954956,4.0,17.0,7.0,False
injected_any,0.5,15.0,11,0,,,,,True
injected,0.5,15.0,12,30,1.2452015312192087e-05,4.0,38.0,9.0,True
injected,0.5,15.0,12,60,0.005675795718389054,4.0,32.0,14.0,True
injected,0.5,15.0,12,120,0.014479637145996094,4.0,19.0,7.0,True
injected_any,0.5,15.0,12,0,,,,,True
injected,0.5,15.0,13,30,0.00033977412749663927,4.0,31.0,9.0,True
injected,0.5,15.0,13,60,0.029791944009048166,4.0,27.0,14.0,False
injected,0.5,15.0,13,120,0.006270475685596466,4.0,21.0,7.0,True
injected_any,0.5,15.0,13,0,,,,,True
injected,0.5,15.0,14,30,0.0001111224813108436,4.0,37.0,11.0,True
injected,0.5,15.0,14,60,0.027038015929434778,4.0,30.0,16.0,False
injected,0.5,15.0,14,120,0.035377772990614176,3.0,21.0,10.0,False
injected_any,0.5,15.0,14,0,,,,,True
injected,0.5,15.0,15,30,0.0025488216488156468,4.0,28.0,10.0,True
injected,0.5,15.0,15,60,0.0403452338759962,4.0,26.0,14.0,False
injected,0.5,15.0,15,120,0.04357927665114403,3.0,19.0,9.0,False
injected_any,0.5,15.0,15,0,,,,,True
injected,0.5,15.0,16,30,0.0004681114554259125,4.0,37.0,13.0,True
injected,0.5,15.0,16,60,0.02973168762688517,4.0,31.0,17.0,False
injected,0.5,15.0,16,120,0.06624908198136838,4.0,23.0,13.0,False
injected_any,0.5,15.0,16,0,,,,,True
injected,0.5,15.0,17,30,7.687045098236922e-06,4.0,37.0,8.0,True
injected,0.5,15.0,17,60,0.009311918307503216,4.0,32.0,15.0,True
injected,0.5,15.0,17,120,0.017849069088697433,3.0,20.0,8.0,False
injected_any,0.5,15.0,17,0,,,,,True
injected,0.5,15.0,18,30,1.2724299324418098e-05,4.0,36.0,8.0,True
injected,0.5,15.0,18,60,0.004779939428317448,4.0,31.0,13.0,True
injected,0.5,15.0,18,120,0.0029623061418533325,4.0,21.0,6.0,True
injected_any,0.5,15.0,18,0,,,,,True
injected,0.5,15.0,19,30,0.001443623987142928,4.0,31.0,11.0,True
injected,0.5,15.0,19,60,0.003213288047845708,4.0,29.0,11.0,True
injected,0.5,15.0,19,120,0.008062400855123998,4.0,22.0,8.0,True
injected_any,0.5,15.0,19,0,,,,,True
injected,0.5,15.0,20,30,7.687045098236922e-06,4.0,37.0,8.0,True
injected,0.5,15.0,20,60,0.021779260961920954,4.0,28.0,14.0,False
injected,0.5,15.0,20,120,0.24342512083239853,2.0,19.0,14.0,False
injected_any,0.5,15.0,20,0,,,,,True
injected,0.5,15.0,21,30,2.0280180663689862e-05,4.0,37.0,9.0,True
injected,0.5,15.0,21,60,0.014652473360264654,4.0,32.0,16.0,True
injected,0.5,15.0,21,120,0.07480639219284058,3.0,20.0,11.0,False
injected_any,0.5,15.0,21,0,,,,,True
injected,0.5,15.0,22,30,7.368857942502416e-06,4.0,41.0,10.0,True
injected,0.5,15.0,22,60,0.006641640781122505,4.0,33.0,15.0,True
injected,0.5,15.0,22,120,0.03071417286992073,4.0,20.0,9.0,False
injected_any,0.5,15.0,22,0,,,,,True
injected,0.5,15.0,23,30,3.28733162291428e-05,4.0,36.0,9.0,True
injected,0.5,15.0,23,60,0.012046453849224648,4.0,34.0,17.0,True
injected,0.5,15.0,23,120,0.035377772990614176,3.0,21.0,10.0,False
injected_any,0.5,15.0,23,0,,,,,True
injected,0.5,15.0,24,30,2.0967078967260022e-05,4.0,35.0,8.0,True
injected,0.5,15.0,24,60,0.021779260961920954,4.0,28.0,14.0,False
injected,0.5,15.0,24,120,0.021642625331878662,4.0,18.0,7.0,False
injected_any,0.5,15.0,24,0,,,,,True
injected,0.5,15.0,25,30,7.687045098236922e-06,4.0,37.0,8.0,True
injected,0.5,15.0,25,60,0.008047180015637421,3.0,31.0,14.0,True
injected,0.5,15.0,25,120,0.026239395141601562,3.0,16.0,6.0,False
injected_any,0.5,15.0,25,0,,,,,True
injected,0.5,15.0,26,30,7.820860426477338e-05,4.0,36.0,10.0,True
injected,0.5,15.0,26,60,0.012948040896617385,4.0,31.0,15.0,True
injected,0.5,15.0,26,120,0.14052075752988458,2.0,19.0,12.0,False
injected_any,0.5,15.0,26,0,,,,,True
injected,0.5,15.0,27,30,2.7698107984974736e-06,4.0,39.0,8.0,True
injected,0.5,15.0,27,60,0.009311918307503216,4.0,32.0,15.0,True
injected,0.5,15.0,27,120,0.017849069088697433,4.0,20.0,8.0,False
injected_any,0.5,15.0,27,0,,,,,True
injected,0.5,15.0,28,30,1.5606548231517081e-06,4.0,38.0,7.0,True
injected,0.5,15.0,28,60,0.006641640781122505,4.0,33.0,15.0,True
injected,0.5,15.0,28,120,0.0046776533126831055,4.0,20.0,6.0,True
injected_any,0.5,15.0,28,0,,,,,True
injected,0.5,15.0,29,30,0.00041204117979987126,4.0,34.0,11.0,True
injected,0.5,15.0,29,60,0.011314420602957398,4.0,30.0,14.0,True
injected,0.5,15.0,29,120,0.11474050651304424,2.0,21.0,13.0,False
injected_any,0.5,15.0,29,0,,,,,True
injected,0.5,15.0,30,30,3.438555745560735e-05,4.0,34.0,8.0,True
injected,0.5,15.0,30,60,0.00685909252933925,4.0,30.0,13.0,True
injected,0.5,15.0,30,120,0.021386972628533847,3.0,21.0,9.0,False
injected_any,0.5,15.0,30,0,,,,,True
injected,0.5,15.0,31,30,2.0280180663689862e-05,4.0,37.0,9.0,True
injected,0.5,15.0,31,60,0.005675795718389054,4.0,32.0,14.0,True
injected,0.5,15.0,31,120,0.0035986900329589844,4.0,17.0,4.0,True
injected_any,0.5,15.0,31,0,,,,,True
injected,0.5,15.0,32,30,2.649790872055746e-06,4.0,37.0,7.0,True
injected,0.5,15.0,32,60,0.003213288047845708,4.0,29.0,11.0,True
injected,0.5,15.0,32,120,0.055092082591727376,3.0,21.0,11.0,False
injected_any,0.5,15.0,32,0,,,,,True
injected,0.5,15.0,33,30,0.00012354389230040397,4.0,35.0,10.0,True
injected,0.5,15.0,33,60,0.03299701722789905,4.0,28.0,15.0,False
injected,0.5,15.0,33,120,0.12389428168535233,3.0,17.0,10.0,False
injected_any,0.5,15.0,33,0,,,,,True
injected,0.5,15.0,34,30,1.2452015312192087e-05,4.0,38.0,9.0,True
injected,0.5,15.0,34,60,0.003971363254741787,4.0,33.0,14.0,True
injected,0.5,15.0,34,120,0.011327922344207764,3.0,18.0,6.0,True
injected_any,0.5,15.0,34,0,,,,,True
injected,0.5,15.0,35,30,4.481519681576174e-06,4.0,36.0,7.0,True
injected,0.5,15.0,35,60,0.004779939428317448,4.0,31.0,13.0,True
injected,0.5,15.0,35,120,0.0095786452293396,4.0,20.0,7.0,True
injected_any,0.5,15.0,35,0,,,,,True
injected,0.5,15.0,36,30,0.01923865414210013,4.0,27.0,13.0,False
injected,0.5,15.0,36,60,0.05406451070302866,4.0,25.0,14.0,False
injected,0.5,15.0,36,120,0.03775934875011444,3.0,18.0,8.0,False
injected_any,0.5,15.0,36,0,,,,,False
injected,0.5,15.0,37,30,0.00033977412749663927,4.0,31.0,9.0,True
injected,0.5,15.0,37,60,0.016776219839812256,4.0,26.0,12.0,False
injected,0.5,15.0,37,120,0.07579481601715088,3.0,16.0,8.0,False
injected_any,0.5,15.0,37,0,,,,,True
injected,0.5,15.0,38,30,0.0009569805006321985,4.0,32.0,11.0,True
injected,0.5,15.0,38,60,0.03299701722789905,4.0,28.0,15.0,False
injected,0.5,15.0,38,120,0.035377772990614176,4.0,21.0,10.0,False
injected_any,0.5,15.0,38,0,,,,,True
injected,0.5,15.0,39,30,7.687045098236922e-06,4.0,37.0,8.0,True
injected,0.5,15.0,39,60,0.001828883413963922,4.0,32.0,12.0,True
injected,0.5,15.0,39,120,0.021386972628533847,4.0,21.0,9.0,False
injected_any,0.5,15.0,39,0,,,,,True
injected,0.5,15.0,40,30,3.28733162291428e-05,4.0,36.0,9.0,True
injected,0.5,15.0,40,60,0.015769748676575546,4.0,29.0,14.0,True
injected,0.5,15.0,40,120,0.035377772990614176,4.0,21.0,10.0,False
injected_any,0.5,15.0,40,0,,,,,True
injected,0.5,15.0,41,30,0.00013576961714534266,4.0,33.0,9.0,True
injected,0.5,15.0,41,60,0.009760236391230137,4.0,29.0,13.0,True
injected,0.5,15.0,41,120,0.10024421103298667,3.0,19.0,11.0,False
injected_any,0.5,15.0,41,0,,,,,True
injected,0.5,15.0,42,30,0.0004703370141214691,4.0,32.0,10.0,True
injected,0.5,15.0,42,60,0.024383382952237298,4.0,29.0,15.0,False
injected,0.5,15.0,42,120,0.04007165622897446,4.0,22.0,11.0,False
injected_any,0.5,15.0,42,0,,,,,True
injected,0.5,15.0,43,30,0.0001111224813108436,4.0,37.0,11.0,True
injected,0.5,15.0,43,60,0.03622713008127221,4.0,29.0,16.0,False
injected,0.5,15.0,43,120,0.0095786452293396,4.0,20.0,7.0,True
injected_any,0.5,15.0,43,0,,,,,True
injected,0.5,15.0,44,30,0.003300223983405459,4.0,35.0,15.0,True
injected,0.5,15.0,44,60,0.051902677752053705,4.0,29.0,17.0,False
injected,0.5,15.0,44,120,0.17246422544121742,3.0,17.0,11.0,False
injected_any,0.5,15.0,44,0,,,,,True
injected,0.5,15.0,45,30,5.3022333133867505e-05,4.0,35.0,9.0,True
injected,0.5,15.0,45,60,0.024383382952237298,4.0,29.0,15.0,False
injected,0.5,15.0,45,120,0.025051229866221547,3.0,22.0,10.0,False
injected_any,0.5,15.0,45,0,,,,,True
injected,0.5,15.0,46,30,0.0001111224813108436,4.0,37.0,11.0,True
injected,0.5,15.0,46,60,0.010647057070693577,4.0,33.0,16.0,True
injected,0.5,15.0,46,120,0.021386972628533847,3.0,21.0,9.0,False
injected_any,0.5,15.0,46,0,,,,,True
injected,0.5,15.0,47,30,2.0280180663689862e-05,4.0,37.0,9.0,True
injected,0.5,15.0,47,60,0.012948040896617385,4.0,31.0,15.0,True
injected,0.5,15.0,47,120,0.055092082591727376,3.0,21.0,11.0,False
injected_any,0.5,15.0,47,0,,,,,True
injected,0.5,15.0,48,30,2.0280180663689862e-05,4.0,37.0,9.0,True
injected,0.5,15.0,48,60,0.007673338916315053,4.0,34.0,16.0,True
injected,0.5,15.0,48,120,0.003305375576019287,4.0,19.0,5.0,True
injected_any,0.5,15.0,48,0,,,,,True
injected,0.5,15.0,49,30,7.00652872809293e-06,4.0,43.0,11.0,True
injected,0.5,15.0,49,60,0.003300223983405459,4.0,35.0,15.0,True
injected,0.5,15.0,49,120,0.017849069088697433,4.0,20.0,8.0,False
injected_any,0.5,15.0,49,0,,,,,True
injected,0.5,30.0,0,30,0.4339697002142202,2.0,19.0,17.0,False
injected,0.5,30.0,0,60,0.2800323147901053,3.0,26.0,21.0,False
injected,0.5,30.0,0,120,0.11474050651304424,3.0,21.0,13.0,False
injected_any,0.5,30.0,0,0,,,,,False
injected,0.5,30.0,1,30,0.2497799166012556,3.0,20.0,15.0,False
injected,0.5,30.0,1,60,0.3327329060383094,3.0,26.0,22.0,False
injected,0.5,30.0,1,120,0.10766357486136258,3.0,20.0,12.0,False
injected_any,0.5,30.0,1,0,,,,,False
injected,0.5,30.0,2,30,0.12149247701745483,4.0,22.0,14.0,False
injected,0.5,30.0,2,60,0.3293690385118282,2.0,25.0,21.0,False
injected,0.5,30.0,2,120,0.055092082591727376,4.0,21.0,11.0,False
injected_any,0.5,30.0,2,0,,,,,False
injected,0.5,30.0,3,30,0.4320831202203408,2.0,18.0,16.0,False
injected,0.5,30.0,3,60,0.3179140013144206,3.0,22.0,18.0,False
injected,0.5,30.0,3,120,0.10024421103298667,4.0,19.0,11.0,False
injected_any,0.5,30.0,3,0,,,,,False
injected,0.5,30.0,4,30,0.1620043000439182,3.0,22.0,15.0,False
injected,0.5,30.0,4,60,0.4339697002142202,3.0,19.0,17.0,False
injected,0.5,30.0,4,120,0.15525232953950768,3.0,21.0,14.0,False
injected_any,0.5,30.0,4,0,,,,,False
injected,0.5,30.0,5,30,0.31355128507857444,2.0,21.0,17.0,False
injected,0.5,30.0,5,60,0.44149795606119824,2.0,24.0,22.0,False
injected,0.5,30.0,5,120,0.11474050651304424,3.0,21.0,13.0,False
injected_any,0.5,30.0,5,0,,,,,False
injected,0.5,30.0,6,30,0.3746293123804209,3.0,21.0,18.0,False
injected,0.5,30.0,6,60,0.22569041619806285,3.0,25.0,19.0,False
injected,0.5,30.0,6,120,0.06624908198136838,3.0,23.0,13.0,False
injected_any,0.5,30.0,6,0,,,,,False
injected,0.5,30.0,7,30,0.43570733968226705,2.0,20.0,18.0,False
injected,0.5,30.0,7,60,0.4388071643761577,2.0,22.0,20.0,False
injected,0.5,30.0,7,120,0.1620043000439182,3.0,22.0,15.0,False
injected_any,0.5,30.0,7,0,,,,,False
injected,0.5,30.0,8,30,0.4339697002142202,2.0,19.0,17.0,False
injected,0.5,30.0,8,60,0.38039582128067195,2.0,23.0,20.0,False
injected,0.5,30.0,8,120,0.15525232953950768,3.0,21.0,14.0,False
injected_any,0.5,30.0,8,0,,,,,False
injected,0.5,30.0,9,30,0.19576415256597102,3.0,20.0,14.0,False
injected,0.5,30.0,9,60,0.21479525392169307,3.0,23.0,17.0,False
injected,0.5,30.0,9,120,0.049368573352694525,4.0,20.0,10.0,False
injected_any,0.5,30.0,9,0,,,,,False
injected,0.5,30.0,10,30,0.2556878907926148,2.0,21.0,16.0,False
injected,0.5,30.0,10,60,0.5000000000000002,2.0,20.0,19.0,False
injected,0.5,30.0,10,120,0.049368573352694525,4.0,20.0,10.0,False
injected_any,0.5,30.0,10,0,,,,,False
injected,0.5,30.0,11,30,0.3714146793645341,3.0,20.0,17.0,False
injected,0.5,30.0,11,60,0.22569041619806285,3.0,25.0,19.0,False
injected,0.5,30.0,11,120,0.08137782872654498,3.0,21.0,12.0,False
injected_any,0.5,30.0,11,0,,,,,False
injected,0.5,30.0,12,30,0.1620043000439182,3.0,22.0,15.0,False
injected,0.5,30.0,12,60,0.32198447818518616,3.0,23.0,19.0,False
injected,0.5,30.0,12,120,0.1481031842995435,3.0,20.0,13.0,False
injected_any,0.5,30.0,12,0,,,,,False
injected,0.5,30.0,13,30,0.19576415256597102,3.0,20.0,14.0,False
injected,0.5,30.0,13,60,0.31355128507857444,2.0,21.0,17.0,False
injected,0.5,30.0,13,120,0.035377772990614176,4.0,21.0,10.0,False
injected_any,0.5,30.0,13,0,,,,,False
injected,0.5,30.0,14,30,0.5000000000000001,2.0,18.0,17.0,False
injected,0.5,30.0,14,60,0.43570733968226705,2.0,20.0,18.0,False
injected,0.5,30.0,14,120,0.24342512083239853,3.0,19.0,14.0,False
injected_any,0.5,30.0,14,0,,,,,False
injected,0.5,30.0,15,30,0.19576415256597102,2.0,20.0,14.0,False
injected,0.5,30.0,15,60,0.43731465619021037,2.0,21.0,19.0,False
injected,0.5,30.0,15,120,0.1481031842995435,3.0,20.0,13.0,False
injected_any,0.5,30.0,15,0,,,,,False
injected,0.5,30.0,16,30,0.6864487149214256,1.0,18.0,20.0,False
injected,0.5,30.0,16,60,0.5,2.0,23.0,22.0,False
injected,0.5,30.0,16,120,0.2025161230703816,3.0,21.0,15.0,False
injected_any,0.5,30.0,16,0,,,,,False
injected,0.5,30.0,17,30,0.087732624495402,3.0,22.0,13.0,False
injected,0.5,30.0,17,60,0.44149795606119824,2.0,24.0,22.0,False
injected,0.5,30.0,17,120,0.087732624495402,3.0,22.0,13.0,False
injected_any,0.5,30.0,17,0,,,,,False
injected,0.5,30.0,18,30,0.1481031842995435,3.0,20.0,13.0,False
injected,0.5,30.0,18,60,0.21479525392169307,3.0,23.0,17.0,False
injected,0.5,30.0,18,120,0.10024421103298667,3.0,19.0,11.0,False
injected_any,0.5,30.0,18,0,,,,,False
injected,0.5,30.0,19,30,0.3714146793645341,3.0,20.0,17.0,False
injected,0.5,30.0,19,60,0.17444443972453882,3.0,24.0,17.0,False
injected,0.5,30.0,19,120,0.06103906035423279,3.0,18.0,9.0,False
injected_any,0.5,30.0,19,0,,,,,False
injected,0.5,30.0,20,30,0.12149247701745483,3.0,22.0,14.0,False
injected,0.5,30.0,20,60,0.43570733968226705,3.0,20.0,18.0,False
injected,0.5,30.0,20,120,0.11474050651304424,3.0,21.0,13.0,False
injected_any,0.5,30.0,20,0,,,,,False
injected,0.5,30.0,21,30,0.2088460954182665,3.0,22.0,16.0,False
injected,0.5,30.0,21,60,0.235439506810856,3.0,27.0,21.0,False
injected,0.5,30.0,21,120,0.11474050651304424,3.0,21.0,13.0,False
injected_any,0.5,30.0,21,0,,,,,False
injected,0.5,30.0,22,30,0.3714146793645341,3.0,20.0,17.0,False
injected,0.5,30.0,22,60,0.22569041619806285,3.0,25.0,19.0,False
injected,0.5,30.0,22,120,0.07480639219284058,3.0,20.0,11.0,False
injected_any,0.5,30.0,22,0,,,,,False
injected,0.5,30.0,23,30,0.1279375397716649,3.0,23.0,15.0,False
injected,0.5,30.0,23,60,0.2757421649012599,3.0,25.0,20.0,False
injected,0.5,30.0,23,120,0.12149247701745483,3.0,22.0,14.0,False
injected_any,0.5,30.0,23,0,,,,,False
injected,0.5,30.0,24,30,0.2556878907926148,3.0,21.0,16.0,False
injected,0.5,30.0,24,60,0.3746293123804209,3.0,21.0,18.0,False
injected,0.5,30.0,24,120,0.18854279373772442,3.0,19.0,13.0,False
injected_any,0.5,30.0,24,0,,,,,False
injected,0.5,30.0,25,30,0.2497799166012556,3.0,20.0,15.0,False
injected,0.5,30.0,25,60,0.3293690385118282,2.0,25.0,21.0,False
injected,0.5,30.0,25,120,0.2497799166012556,3.0,20.0,15.0,False
injected_any,0.5,30.0,25,0,,,,,False
injected,0.5,30.0,26,30,0.09387077949941158,4.0,23.0,14.0,False
injected,0.5,30.0,26,60,0.3714146793645341,3.0,20.0,17.0,False
injected,0.5,30.0,26,120,0.055092082591727376,4.0,21.0,11.0,False
injected_any,0.5,30.0,26,0,,,,,False
injected,0.5,30.0,27,30,0.08137782872654498,4.0,21.0,12.0,False
injected,0.5,30.0,27,60,0.26635462761805684,3.0,23.0,18.0,False
injected,0.5,30.0,27,120,0.08137782872654498,3.0,21.0,12.0,False
injected_any,0.5,30.0,27,0,,,,,False
injected,0.5,30.0,28,30,0.1620043000439182,3.0,22.0,15.0,False
injected,0.5,30.0,28,60,0.38543349728651316,2.0,25.0,22.0,False
injected,0.5,30.0,28,120,0.06072474247775972,3.0,22.0,12.0,False
injected_any,0.5,30.0,28,0,,,,,False
injected,0.5,30.0,29,30,0.30379568063654006,3.0,19.0,15.0,False
injected,0.5,30.0,29,60,0.235439506810856,3.0,27.0,21.0,False
injected,0.5,30.0,29,120,0.1481031842995435,3.0,20.0,13.0,False
injected_any,0.5,30.0,29,0,,,,,False
injected,0.5,30.0,30,30,0.308859658514848,2.0,20.0,16.0,False
injected,0.5,30.0,30,60,0.325793913604457,2.0,24.0,20.0,False
injected,0.5,30.0,30,120,0.15525232953950768,3.0,21.0,14.0,False
injected_any,0.5,30.0,30,0,,,,,False
injected,0.5,30.0,31,30,0.4320831202203408,2.0,18.0,16.0,False
injected,0.5,30.0,31,60,0.3641662404406816,3.0,18.0,15.0,False
injected,0.5,30.0,31,120,0.08431877195835114,3.0,17.0,9.0,False
injected_any,0.5,30.0,31,0,,,,,False
injected,0.5,30.0,32,30,0.14052075752988458,3.0,19.0,12.0,False
injected,0.5,30.0,32,60,0.22039953367129783,3.0,24.0,18.0,False
injected,0.5,30.0,32,120,0.10024421103298667,3.0,19.0,11.0,False
injected_any,0.5,30.0,32,0,,,,,False
injected,0.5,30.0,33,30,0.308859658514848,3.0,20.0,16.0,False
injected,0.5,30.0,33,60,0.3776143287523155,3.0,22.0,19.0,False
injected,0.5,30.0,33,120,0.08137782872654498,4.0,21.0,12.0,False
injected_any,0.5,30.0,33,0,,,,,False
injected,0.5,30.0,34,30,0.3714146793645341,2.0,20.0,17.0,False
injected,0.5,30.0,34,60,0.26635462761805684,3.0,23.0,18.0,False
injected,0.5,30.0,34,120,0.10024421103298667,4.0,19.0,11.0,False
injected_any,0.5,30.0,34,0,,,,,False
injected,0.5,30.0,35,30,0.4339697002142202,2.0,19.0,17.0,False
injected,0.5,30.0,35,60,0.2757421649012599,3.0,25.0,20.0,False
injected,0.5,30.0,35,120,0.10766357486136258,4.0,20.0,12.0,False
injected_any,0.5,30.0,35,0,,,,,False
injected,0.5,30.0,36,30,0.43570733968226705,1.0,20.0,18.0,False
injected,0.5,30.0,36,60,0.3776143287523155,3.0,22.0,19.0,False
injected,0.5,30.0,36,120,0.12149247701745483,3.0,22.0,14.0,False
injected_any,0.5,30.0,36,0,,,,,False
injected,0.5,30.0,37,30,0.24342512083239853,3.0,19.0,14.0,False
injected,0.5,30.0,37,60,0.3179140013144206,2.0,22.0,18.0,False
injected,0.5,30.0,37,120,0.07480639219284058,4.0,20.0,11.0,False
injected_any,0.5,30.0,37,0,,,,,False
injected,0.5,30.0,38,30,0.5000000000000001,2.0,18.0,17.0,False
injected,0.5,30.0,38,60,0.3776143287523155,2.0,22.0,19.0,False
injected,0.5,30.0,38,120,0.2556878907926148,3.0,21.0,16.0,False
injected_any,0.5,30.0,38,0,,,,,False
injected,0.5,30.0,39,30,0.4320831202203408,1.0,18.0,16.0,False
injected,0.5,30.0,39,60,0.3179140013144206,3.0,22.0,18.0,False
injected,0.5,30.0,39,120,0.11474050651304424,3.0,21.0,13.0,False
injected_any,0.5,30.0,39,0,,,,,False
injected,0.5,30.0,40,30,0.2497799166012556,3.0,20.0,15.0,False
injected,0.5,30.0,40,60,0.3327329060383094,2.0,26.0,22.0,False
injected,0.5,30.0,40,120,0.087732624495402,3.0,22.0,13.0,False
injected_any,0.5,30.0,40,0,,,,,False
injected,0.5,30.0,41,30,0.360050065908581,2.0,17.0,14.0,False
injected,0.5,30.0,41,60,0.2611986902484206,3.0,22.0,17.0,False
injected,0.5,30.0,41,120,0.1481031842995435,3.0,20.0,13.0,False
injected_any,0.5,30.0,41,0,,,,,False
injected,0.5,30.0,42,30,0.5,1.0,17.0,16.0,False
injected,0.5,30.0,42,60,0.325793913604457,3.0,24.0,20.0,False
injected,0.5,30.0,42,120,0.15525232953950768,3.0,21.0,14.0,False
injected_any,0.5,30.0,42,0,,,,,False
injected,0.5,30.0,43,30,0.19576415256597102,3.0,20.0,14.0,False
injected,0.5,30.0,43,60,0.325793913604457,3.0,24.0,20.0,False
injected,0.5,30.0,43,120,0.10766357486136258,3.0,20.0,12.0,False
injected_any,0.5,30.0,43,0,,,,,False
injected,0.5,30.0,44,30,0.2088460954182665,3.0,22.0,16.0,False
injected,0.5,30.0,44,60,0.38039582128067195,3.0,23.0,20.0,False
injected,0.5,30.0,44,120,0.1481031842995435,3.0,20.0,13.0,False
injected_any,0.5,30.0,44,0,,,,,False
injected,0.5,30.0,45,30,0.31355128507857444,3.0,21.0,17.0,False
injected,0.5,30.0,45,60,0.5611928356238423,2.0,21.0,21.0,False
injected,0.5,30.0,45,120,0.10766357486136258,3.0,20.0,12.0,False
injected_any,0.5,30.0,45,0,,,,,False
injected,0.5,30.0,46,30,0.3746293123804209,3.0,21.0,18.0,False
injected,0.5,30.0,46,60,0.38039582128067195,3.0,23.0,20.0,False
injected,0.5,30.0,46,120,0.07480639219284058,3.0,20.0,11.0,False
injected_any,0.5,30.0,46,0,,,,,False
injected,0.5,30.0,47,30,0.30379568063654006,2.0,19.0,15.0,False
injected,0.5,30.0,47,60,0.2088460954182665,3.0,22.0,16.0,False
injected,0.5,30.0,47,120,0.04357927665114403,4.0,19.0,9.0,False
injected_any,0.5,30.0,47,0,,,,,False
injected,0.5,30.0,48,30,0.2025161230703816,3.0,21.0,15.0,False
injected,0.5,30.0,48,60,0.3327329060383094,1.0,26.0,22.0,False
injected,0.5,30.0,48,120,0.09387077949941158,3.0,23.0,14.0,False
injected_any,0.5,30.0,48,0,,,,,False
injected,0.5,30.0,49,30,0.15525232953950768,3.0,21.0,14.0,False
injected,0.5,30.0,49,60,0.32198447818518616,3.0,23.0,19.0,False
injected,0.5,30.0,49,120,0.07480639219284058,3.0,20.0,11.0,False
injected_any,0.5,30.0,49,0,,,,,False
injected,0.5,60.0,0,30,0.9899630740401335,0.0,12.0,25.0,False
injected,0.5,60.0,0,60,0.6170040878776035,2.0,22.0,23.0,False
injected,0.5,60.0,0,120,0.08137782872654498,3.0,21.0,12.0,False
injected_any,0.5,60.0,0,0,,,,,False
injected,0.5,60.0,1,30,0.9459354892969714,0.0,15.0,24.0,False
injected,0.5,60.0,1,60,0.43731465619021037,2.0,21.0,19.0,False
injected,0.5,60.0,1,120,0.17246422544121742,3.0,17.0,11.0,False
injected_any,0.5,60.0,1,0,,,,,False
injected,0.5,60.0,2,30,0.9807613458578999,0.0,14.0,26.0,False
injected,0.5,60.0,2,60,0.4427167486432568,2.0,25.0,23.0,False
injected,0.5,60.0,2,120,0.12149247701745483,3.0,22.0,14.0,False
injected_any,0.5,60.0,2,0,,,,,False
injected,0.5,60.0,3,30,0.9942461051323335,0.0,13.0,28.0,False
injected,0.5,60.0,3,60,0.625370687619579,2.0,19.0,20.0,False
injected,0.5,60.0,3,120,0.19576415256597102,3.0,20.0,14.0,False
injected_any,0.5,60.0,3,0,,,,,False
injected,0.5,60.0,4,30,0.9795202042441815,0.0,12.0,23.0,False
injected,0.5,60.0,4,60,0.5611928356238423,2.0,21.0,21.0,False
injected,0.5,60.0,4,120,0.31355128507857444,2.0,21.0,17.0,False
injected_any,0.5,60.0,4,0,,,,,False
injected,0.5,60.0,5,30,0.9862334220852063,0.0,14.0,27.0,False
injected,0.5,60.0,5,60,0.5,3.0,22.0,21.0,False
injected,0.5,60.0,5,120,0.19576415256597102,3.0,20.0,14.0,False
injected_any,0.5,60.0,5,0,,,,,False
injected,0.5,60.0,6,30,0.9987183960038237,0.0,10.0,27.0,False
injected,0.5,60.0,6,60,0.43731465619021037,3.0,21.0,19.0,False
injected,0.5,60.0,6,120,0.3679394004284405,3.0,19.0,16.0,False
injected_any,0.5,60.0,6,0,,,,,False
injected,0.5,60.0,7,30,0.9807613458578999,0.0,14.0,26.0,False
injected,0.5,60.0,7,60,0.325793913604457,3.0,24.0,20.0,False
injected,0.5,60.0,7,120,0.2025161230703816,3.0,21.0,15.0,False
injected_any,0.5,60.0,7,0,,,,,False
injected,0.5,60.0,8,30,0.9505641252035275,1.0,14.0,23.0,False
injected,0.5,60.0,8,60,0.2757421649012599,3.0,25.0,20.0,False
injected,0.5,60.0,8,120,0.055092082591727376,3.0,21.0,11.0,False
injected_any,0.5,60.0,8,0,,,,,False
injected,0.5,60.0,9,30,0.9995296629858785,0.0,11.0,31.0,False
injected,0.5,60.0,9,60,0.6864487149214256,2.0,18.0,20.0,False
injected,0.5,60.0,9,120,0.17246422544121742,3.0,17.0,11.0,False
injected_any,0.5,60.0,9,0,,,,,False
injected,0.5,60.0,10,30,0.9974511783511844,0.0,11.0,27.0,False
injected,0.5,60.0,10,60,0.5611928356238423,2.0,21.0,21.0,False
injected,0.5,60.0,10,120,0.1481031842995435,3.0,20.0,13.0,False
injected_any,0.5,60.0,10,0,,,,,False
injected,0.5,60.0,11,30,0.9635243057418847,0.0,14.0,24.0,False
injected,0.5,60.0,11,60,0.23069559106838256,3.0,26.0,20.0,False
injected,0.5,60.0,11,120,0.09246667101979256,3.0,18.0,10.0,False
injected_any,0.5,60.0,11,0,,,,,False
injected,0.5,60.0,12,30,0.999745869776234,0.0,8.0,27.0,False
injected,0.5,60.0,12,60,0.691140341485152,2.0,17.0,19.0,False
injected,0.5,60.0,12,120,0.30379568063654006,3.0,19.0,15.0,False
injected_any,0.5,60.0,12,0,,,,,False
injected,0.5,60.0,13,30,0.9967867119521543,0.0,12.0,28.0,False
injected,0.5,60.0,13,60,0.7852047460783069,1.0,18.0,22.0,False
injected,0.5,60.0,13,120,0.18079730402678257,3.0,18.0,12.0,False
injected_any,0.5,60.0,13,0,,,,,False
injected,0.5,60.0,14,30,0.9733740429510362,0.0,14.0,25.0,False
injected,0.5,60.0,14,60,0.564292660317733,2.0,19.0,19.0,False
injected,0.5,60.0,14,120,0.12149247701745483,3.0,22.0,14.0,False
injected_any,0.5,60.0,14,0,,,,,False
injected,0.5,60.0,15,30,0.9881486487647635,0.0,13.0,26.0,False
injected,0.5,60.0,15,60,0.691140341485152,2.0,17.0,19.0,False
injected,0.5,60.0,15,120,0.355535551905632,3.0,16.0,13.0,False
injected_any,0.5,60.0,15,0,,,,,False
injected,0.5,60.0,16,30,0.9855916401720606,0.0,12.0,24.0,False
injected,0.5,60.0,16,60,0.3293690385118282,3.0,25.0,21.0,False
injected,0.5,60.0,16,120,0.2025161230703816,2.0,21.0,15.0,False
injected_any,0.5,60.0,16,0,,,,,False
injected,0.5,60.0,17,30,0.9960420513325516,0.0,13.0,29.0,False
injected,0.5,60.0,17,60,0.625370687619579,2.0,19.0,20.0,False
injected,0.5,60.0,17,120,0.23656482994556427,3.0,18.0,13.0,False
injected_any,0.5,60.0,17,0,,,,,False
injected,0.5,60.0,18,30,0.9916630760999396,0.0,11.0,24.0,False
injected,0.5,60.0,18,60,0.6223856712476845,1.0,20.0,21.0,False
injected,0.5,60.0,18,120,0.4339697002142202,2.0,19.0,17.0,False
injected_any,0.5,60.0,18,0,,,,,False
injected,0.5,60.0,19,30,0.9807613458578999,0.0,14.0,26.0,False
injected,0.5,60.0,19,60,0.26635462761805684,3.0,23.0,18.0,False
injected,0.5,60.0,19,120,0.11476147174835205,3.0,16.0,9.0,False
injected_any,0.5,60.0,19,0,,,,,False
injected,0.5,60.0,20,30,0.996183960698545,0.0,11.0,26.0,False
injected,0.5,60.0,20,60,0.6820859986855794,1.0,19.0,21.0,False
injected,0.5,60.0,20,120,0.3714146793645341,2.0,20.0,17.0,False
injected_any,0.5,60.0,20,0,,,,,False
injected,0.5,60.0,21,30,0.9952623478602618,0.0,12.0,27.0,False
injected,0.5,60.0,21,60,0.4388071643761577,2.0,22.0,20.0,False
injected,0.5,60.0,21,120,0.132465448230505,2.0,18.0,11.0,False
injected_any,0.5,60.0,21,0,,,,,False
injected,0.5,60.0,22,30,0.9733740429510362,0.0,14.0,25.0,False
injected,0.5,60.0,22,60,0.3179140013144206,2.0,22.0,18.0,False
injected,0.5,60.0,22,120,0.11474050651304424,3.0,21.0,13.0,False
injected_any,0.5,60.0,22,0,,,,,False
injected,0.5,60.0,23,30,0.9974511783511844,0.0,11.0,27.0,False
injected,0.5,60.0,23,60,0.5,3.0,21.0,20.0,False
injected,0.5,60.0,23,120,0.355535551905632,2.0,16.0,13.0,False
injected_any,0.5,60.0,23,0,,,,,False
injected,0.5,60.0,24,30,0.9899630740401335,0.0,12.0,25.0,False
injected,0.5,60.0,24,60,0.7443121092073852,2.0,17.0,20.0,False
injected,0.5,60.0,24,120,0.3679394004284405,2.0,19.0,16.0,False
injected_any,0.5,60.0,24,0,,,,,False
injected,0.5,60.0,25,30,0.9862334220852063,0.0,14.0,27.0,False
injected,0.5,60.0,25,60,0.7336453723819432,2.0,19.0,22.0,False
injected,0.5,60.0,25,120,0.22912915982306004,3.0,17.0,12.0,False
injected_any,0.5,60.0,25,0,,,,,False
injected,0.5,60.0,26,30,0.9855916401720606,0.0,12.0,24.0,False
injected,0.5,60.0,26,60,0.4320831202203408,2.0,18.0,16.0,False
injected,0.5,60.0,26,120,0.42776777595281607,3.0,16.0,14.0,False
injected_any,0.5,60.0,26,0,,,,,False
injected,0.5,60.0,27,30,0.9881486487647635,0.0,13.0,26.0,False
injected,0.5,60.0,27,60,0.6223856712476845,1.0,20.0,21.0,False
injected,0.5,60.0,27,120,0.08137782872654498,3.0,21.0,12.0,False
injected_any,0.5,60.0,27,0,,,,,False
injected,0.5,60.0,28,30,0.9972992136727044,0.0,13.0,30.0,False
injected,0.5,60.0,28,60,0.6780155218148138,2.0,20.0,22.0,False
injected,0.5,60.0,28,120,0.18079730402678257,3.0,18.0,12.0,False
injected_any,0.5,60.0,28,0,,,,,False
injected,0.5,60.0,29,30,0.9917054983125126,0.0,13.0,27.0,False
injected,0.5,60.0,29,60,0.3776143287523155,2.0,22.0,19.0,False
injected,0.5,60.0,29,120,0.19576415256597102,3.0,20.0,14.0,False
injected_any,0.5,60.0,29,0,,,,,False
injected,0.5,60.0,30,30,0.9596547661240038,0.0,15.0,25.0,False
injected,0.5,60.0,30,60,0.44149795606119824,2.0,24.0,22.0,False
injected,0.5,60.0,30,120,0.1481031842995435,3.0,20.0,13.0,False
injected_any,0.5,60.0,30,0,,,,,False
injected,0.5,60.0,31,30,0.999745869776234,0.0,8.0,27.0,False
injected,0.5,60.0,31,60,0.6223856712476845,2.0,20.0,21.0,False
injected,0.5,60.0,31,120,0.18854279373772442,2.0,19.0,13.0,False
injected_any,0.5,60.0,31,0,,,,,False
injected,0.5,60.0,32,30,0.9932345065753907,1.0,10.0,23.0,False
injected,0.5,60.0,32,60,0.559802089359664,2.0,22.0,22.0,False
injected,0.5,60.0,32,120,0.2497799166012556,2.0,20.0,15.0,False
injected_any,0.5,60.0,32,0,,,,,False
injected,0.5,60.0,33,30,0.9952623478602618,0.0,12.0,27.0,False
injected,0.5,60.0,33,60,0.564292660317733,2.0,19.0,19.0,False
injected,0.5,60.0,33,120,0.2497799166012556,2.0,20.0,15.0,False
injected_any,0.5,60.0,33,0,,,,,False
injected,0.5,60.0,34,30,0.9930735173693392,0.0,12.0,26.0,False
injected,0.5,60.0,34,60,0.6170040878776035,2.0,22.0,23.0,False
injected,0.5,60.0,34,120,0.18079730402678257,3.0,18.0,12.0,False
injected_any,0.5,60.0,34,0,,,,,False
injected,0.5,60.0,35,30,0.9807613458578999,0.0,14.0,26.0,False
injected,0.5,60.0,35,60,0.625370687619579,2.0,19.0,20.0,False
injected,0.5,60.0,35,120,0.355535551905632,3.0,16.0,13.0,False
injected_any,0.5,60.0,35,0,,,,,False
injected,0.5,60.0,36,30,0.9930735173693392,0.0,12.0,26.0,False
injected,0.5,60.0,36,60,0.7796004663287022,1.0,19.0,23.0,False
injected,0.5,60.0,36,120,0.3641662404406816,2.0,18.0,15.0,False
injected_any,0.5,60.0,36,0,,,,,False
injected,0.5,60.0,37,30,0.9967867119521543,0.0,12.0,28.0,False
injected,0.5,60.0,37,60,0.8720624602283351,2.0,16.0,22.0,False
injected,0.5,60.0,37,120,0.3641662404406816,2.0,18.0,15.0,False
injected_any,0.5,60.0,37,0,,,,,False
injected,0.5,60.0,38,30,0.9899630740401335,0.0,12.0,25.0,False
injected,0.5,60.0,38,60,0.5000000000000001,2.0,18.0,17.0,False
injected,0.5,60.0,38,120,0.30379568063654006,3.0,19.0,15.0,False
injected_any,0.5,60.0,38,0,,,,,False
injected,0.5,60.0,39,30,0.9942461051323335,0.0,13.0,28.0,False
injected,0.5,60.0,39,60,0.674206086395543,2.0,21.0,23.0,False
injected,0.5,60.0,39,120,0.18854279373772442,3.0,19.0,13.0,False
injected_any,0.5,60.0,39,0,,,,,False
injected,0.5,60.0,40,30,0.9557852265061229,0.0,16.0,26.0,False
injected,0.5,60.0,40,60,0.5,1.0,22.0,21.0,False
injected,0.5,60.0,40,120,0.08137782872654498,3.0,21.0,12.0,False
injected_any,0.5,60.0,40,0,,,,,False
injected,0.5,60.0,41,30,0.9733740429510362,0.0,14.0,25.0,False
injected,0.5,60.0,41,60,0.5000000000000002,1.0,20.0,19.0,False
injected,0.5,60.0,41,120,0.4339697002142202,2.0,19.0,17.0,False
injected_any,0.5,60.0,41,0,,,,,False
injected,0.5,60.0,42,30,0.9974511783511844,0.0,11.0,27.0,False
injected,0.5,60.0,42,60,0.6285853206354659,2.0,18.0,19.0,False
injected,0.5,60.0,42,120,0.308859658514848,3.0,20.0,16.0,False
injected_any,0.5,60.0,42,0,,,,,False
injected,0.5,60.0,43,30,0.9807613458578999,0.0,14.0,26.0,False
injected,0.5,60.0,43,60,0.5,3.0,22.0,21.0,False
injected,0.5,60.0,43,120,0.19576415256597102,3.0,20.0,14.0,False
injected_any,0.5,60.0,43,0,,,,,False
injected,0.5,60.0,44,30,0.9930735173693392,0.0,12.0,26.0,False
injected,0.5,60.0,44,60,0.6864487149214256,2.0,18.0,20.0,False
injected,0.5,60.0,44,120,0.3641662404406816,2.0,18.0,15.0,False
injected_any,0.5,60.0,44,0,,,,,False
injected,0.5,60.0,45,30,0.9673773323884234,0.0,13.0,23.0,False
injected,0.5,60.0,45,60,0.32198447818518616,3.0,23.0,19.0,False
injected,0.5,60.0,45,120,0.23656482994556427,2.0,18.0,13.0,False
injected_any,0.5,60.0,45,0,,,,,False
injected,0.5,60.0,46,30,0.9952623478602618,0.0,12.0,27.0,False
injected,0.5,60.0,46,60,0.44149795606119824,2.0,24.0,22.0,False
injected,0.5,60.0,46,120,0.19576415256597102,3.0,20.0,14.0,False
injected_any,0.5,60.0,46,0,,,,,False
injected,0.5,60.0,47,30,0.996183960698545,0.0,11.0,26.0,False
injected,0.5,60.0,47,60,0.5626853438097896,2.0,20.0,20.0,False
injected,0.5,60.0,47,120,0.308859658514848,2.0,20.0,16.0,False
injected_any,0.5,60.0,47,0,,,,,False
injected,0.5,60.0,48,30,0.9862334220852063,0.0,14.0,27.0,False
injected,0.5,60.0,48,60,0.6170040878776035,2.0,22.0,23.0,False
injected,0.5,60.0,48,120,0.1481031842995435,3.0,20.0,13.0,False
injected_any,0.5,60.0,48,0,,,,,False
injected,0.5,60.0,49,30,0.9702080559909518,0.0,15.0,26.0,False
injected,0.5,60.0,49,60,0.4388071643761577,2.0,22.0,20.0,False
injected,0.5,60.0,49,120,0.10766357486136258,3.0,20.0,12.0,False
injected_any,0.5,60.0,49,0,,,,,False
injected,1.0,15.0,0,30,1.5790949103866583e-10,4.0,52.0,6.0,True
injected,1.0,15.0,0,60,0.00031052172811385503,4.0,38.0,13.0,True
injected,1.0,15.0,0,120,0.014479637145996094,4.0,19.0,7.0,True
injected_any,1.0,15.0,0,0,,,,,True
injected,1.0,15.0,1,30,3.727605155101621e-09,4.0,49.0,7.0,True
injected,1.0,15.0,1,60,0.0005975601600036741,4.0,38.0,14.0,True
injected,1.0,15.0,1,120,0.04007165622897446,4.0,22.0,11.0,False
injected_any,1.0,15.0,1,0,,,,,True
injected,1.0,15.0,2,30,5.091046889615924e-10,4.0,50.0,6.0,True
injected,1.0,15.0,2,60,0.0008845985918934929,3.0,37.0,14.0,True
injected,1.0,15.0,2,120,0.0010512007866054773,4.0,25.0,7.0,True
injected_any,1.0,15.0,2,0,,,,,True
injected,1.0,15.0,3,30,3.727605155101621e-09,4.0,49.0,7.0,True
injected,1.0,15.0,3,60,0.00041204117979987126,4.0,34.0,11.0,True
injected,1.0,15.0,3,120,0.08137782872654498,3.0,21.0,12.0,False
injected_any,1.0,15.0,3,0,,,,,True
injected,1.0,15.0,4,30,4.8614808359492834e-11,4.0,54.0,6.0,True
injected,1.0,15.0,4,60,0.00012354389230040397,4.0,35.0,10.0,True
injected,1.0,15.0,4,120,0.005336920265108347,4.0,23.0,8.0,True
injected_any,1.0,15.0,4,0,,,,,True
injected,1.0,15.0,5,30,1.2010822891816988e-09,4.0,51.0,7.0,True
injected,1.0,15.0,5,60,0.0005975601600036741,4.0,38.0,14.0,True
injected,1.0,15.0,5,120,0.014479637145996094,4.0,19.0,7.0,True
injected_any,1.0,15.0,5,0,,,,,True
injected,1.0,15.0,6,30,9.014011891940454e-09,4.0,52.0,9.0,True
injected,1.0,15.0,6,60,0.00013576961714534266,4.0,33.0,9.0,True
injected,1.0,15.0,6,120,0.08137782872654498,3.0,21.0,12.0,False
injected_any,1.0,15.0,6,0,,,,,True
injected,1.0,15.0,7,30,2.0015980872756245e-08,4.0,46.0,7.0,True
injected,1.0,15.0,7,60,0.001229450161048362,4.0,33.0,12.0,True
injected,1.0,15.0,7,120,0.004737652139738202,4.0,28.0,11.0,True
injected_any,1.0,15.0,7,0,,,,,True
injected,1.0,15.0,8,30,2.6324160511126404e-08,4.0,50.0,9.0,True
injected,1.0,15.0,8,60,0.00040116544344748206,4.0,39.0,14.0,True
injected,1.0,15.0,8,120,0.0025488216488156468,4.0,28.0,10.0,True
injected_any,1.0,15.0,8,0,,,,,True
injected,1.0,15.0,9,30,1.0237116709888028e-11,4.0,51.0,4.0,True
injected,1.0,15.0,9,60,7.610913055344782e-06,4.0,39.0,9.0,True
injected,1.0,15.0,9,120,0.0011578500270843506,4.0,23.0,6.0,True
injected_any,1.0,15.0,9,0,,,,,True
injected,1.0,15.0,10,30,1.49322082520012e-09,4.0,53.0,8.0,True
injected,1.0,15.0,10,60,0.00040116544344748206,4.0,39.0,14.0,True
injected,1.0,15.0,10,120,0.010030803503468633,4.0,23.0,9.0,True
injected_any,1.0,15.0,10,0,,,,,True
injected,1.0,15.0,11,30,2.781336121159862e-10,4.0,56.0,8.0,True
injected,1.0,15.0,11,60,2.0280180663689862e-05,4.0,37.0,9.0,True
injected,1.0,15.0,11,120,0.003305375576019287,4.0,19.0,5.0,True
injected_any,1.0,15.0,11,0,,,,,True
injected,1.0,15.0,12,30,2.16105361036667e-10,4.0,54.0,7.0,True
injected,1.0,15.0,12,60,1.922955847177832e-05,4.0,39.0,10.0,True
injected,1.0,15.0,12,120,0.014724686741828918,4.0,22.0,9.0,True
injected_any,1.0,15.0,12,0,,,,,True
injected,1.0,15.0,13,30,2.2583095815598147e-07,4.0,48.0,10.0,True
injected,1.0,15.0,13,60,0.00026779253605013764,4.0,35.0,11.0,True
injected,1.0,15.0,13,120,0.0018595829606056213,4.0,22.0,6.0,True
injected_any,1.0,15.0,13,0,,,,,True
injected,1.0,15.0,14,30,1.3531398515044535e-07,4.0,49.0,10.0,True
injected,1.0,15.0,14,60,0.0007013442518477575,4.0,36.0,13.0,True
injected,1.0,15.0,14,120,0.0012469589710235596,4.0,21.0,5.0,True
injected_any,1.0,15.0,14,0,,,,,True
injected,1.0,15.0,15,30,5.162910987621672e-09,4.0,46.0,6.0,True
injected,1.0,15.0,15,60,0.0004703370141214691,4.0,32.0,10.0,True
injected,1.0,15.0,15,120,0.001966586511116475,3.0,27.0,9.0,True
injected_any,1.0,15.0,15,0,,,,,True
injected,1.0,15.0,16,30,1.542517804719451e-08,4.0,51.0,9.0,True
injected,1.0,15.0,16,60,0.0007013442518477575,4.0,36.0,13.0,True
injected,1.0,15.0,16,120,0.010036925959866494,4.0,26.0,11.0,True
injected_any,1.0,15.0,16,0,,,,,True
injected,1.0,15.0,17,30,9.11417247229096e-10,4.0,49.0,6.0,True
injected,1.0,15.0,17,60,0.0002047707268912902,4.0,39.0,13.0,True
injected,1.0,15.0,17,120,0.008062400855123998,4.0,22.0,8.0,True
injected_any,1.0,15.0,17,0,,,,,True
injected,1.0,15.0,18,30,6.794958901101822e-10,4.0,52.0,7.0,True
injected,1.0,15.0,18,60,2.0280180663689862e-05,4.0,37.0,9.0,True
injected,1.0,15.0,18,120,0.0007154531776905061,4.0,24.0,6.0,True
injected_any,1.0,15.0,18,0,,,,,True
injected,1.0,15.0,19,30,6.92167748672645e-08,4.0,46.0,8.0,True
injected,1.0,15.0,19,60,3.084820388821186e-05,4.0,38.0,10.0,True
injected,1.0,15.0,19,120,9.609758853912354e-05,4.0,26.0,5.0,True
injected_any,1.0,15.0,19,0,,,,,True
injected,1.0,15.0,20,30,3.8359591371384116e-10,4.0,53.0,7.0,True
injected,1.0,15.0,20,60,0.0015438382307593197,4.0,34.0,13.0,True
injected,1.0,15.0,20,120,0.08137782872654498,3.0,21.0,12.0,False
injected_any,1.0,15.0,20,0,,,,,True
injected,1.0,15.0,21,30,3.8359591371384116e-10,4.0,53.0,7.0,True
injected,1.0,15.0,21,60,9.90197256687253e-05,4.0,39.0,12.0,True
injected,1.0,15.0,21,120,0.014724686741828918,4.0,22.0,9.0,True
injected_any,1.0,15.0,21,0,,,,,True
injected,1.0,15.0,22,30,8.975738376290274e-11,4.0,58.0,8.0,True
injected,1.0,15.0,22,60,3.265315222456683e-05,4.0,45.0,14.0,True
injected,1.0,15.0,22,120,0.0006593635771423578,4.0,26.0,7.0,True
injected_any,1.0,15.0,22,0,,,,,True
injected,1.0,15.0,23,30,1.4862924259395616e-11,4.0,56.0,6.0,True
injected,1.0,15.0,23,60,1.0438284109209883e-05,4.0,44.0,12.0,True
injected,1.0,15.0,23,120,0.0011578500270843506,4.0,23.0,6.0,True
injected_any,1.0,15.0,23,0,,,,,True
injected,1.0,15.0,24,30,6.543793062974146e-09,4.0,48.0,7.0,True
injected,1.0,15.0,24,60,0.0010440536669982239,4.0,35.0,13.0,True
injected,1.0,15.0,24,120,0.005336920265108347,4.0,23.0,8.0,True
injected_any,1.0,15.0,24,0,,,,,True
injected,1.0,15.0,25,30,6.794958901101822e-10,4.0,52.0,7.0,True
injected,1.0,15.0,25,60,0.00015293200080179759,4.0,38.0,12.0,True
injected,1.0,15.0,25,120,0.006270475685596466,4.0,21.0,7.0,True
injected_any,1.0,15.0,25,0,,,,,True
injected,1.0,15.0,26,30,7.600976145716308e-08,4.0,48.0,9.0,True
injected,1.0,15.0,26,60,0.0010440536669982239,4.0,35.0,13.0,True
injected,1.0,15.0,26,120,0.04476553946733476,3.0,23.0,12.0,False
injected_any,1.0,15.0,26,0,,,,,True
injected,1.0,15.0,27,30,8.311754062795274e-13,4.0,58.0,5.0,True
injected,1.0,15.0,27,60,1.6526882366030282e-05,4.0,43.0,12.0,True
injected,1.0,15.0,27,120,0.01754101668484509,4.0,23.0,10.0,False
injected_any,1.0,15.0,27,0,,,,,True
injected,1.0,15.0,28,30,2.16105361036667e-10,4.0,54.0,7.0,True
injected,1.0,15.0,28,60,0.00013427005940958026,4.0,40.0,13.0,True
injected,1.0,15.0,28,120,0.04357927665114403,4.0,19.0,9.0,False
injected_any,1.0,15.0,28,0,,,,,True
injected,1.0,15.0,29,30,4.0338047957444445e-08,4.0,47.0,8.0,True
injected,1.0,15.0,29,60,0.00031052172811385503,4.0,38.0,13.0,True
injected,1.0,15.0,29,120,0.08137782872654498,3.0,21.0,12.0,False
injected_any,1.0,15.0,29,0,,,,,True
injected,1.0,15.0,30,30,1.6282650783239203e-09,4.0,48.0,6.0,True
injected,1.0,15.0,30,60,0.00015293200080179759,4.0,38.0,12.0,True
injected,1.0,15.0,30,120,0.01205977238714695,3.0,21.0,8.0,True
injected_any,1.0,15.0,30,0,,,,,True
injected,1.0,15.0,31,30,1.5790949103866583e-10,4.0,52.0,6.0,True
injected,1.0,15.0,31,60,5.611071310340776e-05,4.0,33.0,8.0,True
injected,1.0,15.0,31,120,0.0004277229309082031,4.0,19.0,3.0,True
injected_any,1.0,15.0,31,0,,,,,True
injected,1.0,15.0,32,30,1.1299294833122532e-13,4.0,55.0,3.0,True
injected,1.0,15.0,32,60,5.354559107217938e-07,4.0,40.0,7.0,True
injected,1.0,15.0,32,120,0.0016634464263916016,4.0,24.0,7.0,True
injected_any,1.0,15.0,32,0,,,,,True
injected,1.0,15.0,33,30,6.794958901101822e-10,4.0,52.0,7.0,True
injected,1.0,15.0,33,60,0.00017300057015745549,4.0,36.0,11.0,True
injected,1.0,15.0,33,120,0.008062400855123998,4.0,22.0,8.0,True
injected_any,1.0,15.0,33,0,,,,,True
injected,1.0,15.0,34,30,8.197843554165474e-12,4.0,57.0,6.0,True
injected,1.0,15.0,34,60,1.6526333546096341e-06,4.0,40.0,8.0,True
injected,1.0,15.0,34,120,0.00026676058769226074,4.0,22.0,4.0,True
injected_any,1.0,15.0,34,0,,,,,True
injected,1.0,15.0,35,30,2.838096563317904e-10,4.0,51.0,6.0,True
injected,1.0,15.0,35,60,7.098534259952771e-05,4.0,38.0,11.0,True
injected,1.0,15.0,35,120,0.00016245711594820025,4.0,25.0,5.0,True
injected_any,1.0,15.0,35,0,,,,,True
injected,1.0,15.0,36,30,1.049338713698944e-07,4.0,43.0,7.0,True
injected,1.0,15.0,36,60,0.001828883413963922,4.0,32.0,12.0,True
injected,1.0,15.0,36,120,0.002275692066177726,4.0,25.0,8.0,True
injected_any,1.0,15.0,36,0,,,,,True
injected,1.0,15.0,37,30,6.840242150474297e-09,4.0,43.0,5.0,True
injected,1.0,15.0,37,60,0.0003030533156334059,4.0,33.0,10.0,True
injected,1.0,15.0,37,120,0.0095786452293396,3.0,20.0,7.0,True
injected_any,1.0,15.0,37,0,,,,,True
injected,1.0,15.0,38,30,1.145932104762437e-08,4.0,47.0,7.0,True
injected,1.0,15.0,38,60,0.0004681114554259125,4.0,37.0,13.0,True
injected,1.0,15.0,38,120,0.0026114396750926976,4.0,23.0,7.0,True
injected_any,1.0,15.0,38,0,,,,,True
injected,1.0,15.0,39,30,1.5790949103866583e-10,4.0,52.0,6.0,True
injected,1.0,15.0,39,60,2.0280180663689862e-05,4.0,37.0,9.0,True
injected,1.0,15.0,39,120,0.002275692066177726,4.0,25.0,8.0,True
injected_any,1.0,15.0,39,0,,,,,True
injected,1.0,15.0,40,30,1.542517804719451e-08,4.0,51.0,9.0,True
injected,1.0,15.0,40,60,0.000920777394246272,4.0,40.0,16.0,True
injected,1.0,15.0,40,120,0.02351551371975802,4.0,25.0,12.0,False
injected_any,1.0,15.0,40,0,,,,,True
injected,1.0,15.0,41,30,1.1841756886177279e-07,4.0,45.0,8.0,True
injected,1.0,15.0,41,60,0.0004681114554259125,4.0,37.0,13.0,True
injected,1.0,15.0,41,120,0.006270475685596466,4.0,21.0,7.0,True
injected_any,1.0,15.0,41,0,,,,,True
injected,1.0,15.0,42,30,1.145932104762437e-08,4.0,47.0,7.0,True
injected,1.0,15.0,42,60,0.00040116544344748206,4.0,39.0,14.0,True
injected,1.0,15.0,42,120,0.02351551371975802,4.0,25.0,12.0,False
injected_any,1.0,15.0,42,0,,,,,True
injected,1.0,15.0,43,30,3.727605155101621e-09,4.0,49.0,7.0,True
injected,1.0,15.0,43,60,0.0006300169081328022,4.0,33.0,11.0,True
injected,1.0,15.0,43,120,0.0035001833457499743,4.0,24.0,8.0,True
injected_any,1.0,15.0,43,0,,,,,True
injected,1.0,15.0,44,30,1.3584262832655455e-08,4.0,49.0,8.0,True
injected,1.0,15.0,44,60,0.0015926267238883796,4.0,37.0,15.0,True
injected,1.0,15.0,44,120,0.04007165622897446,3.0,22.0,11.0,False
injected_any,1.0,15.0,44,0,,,,,True
injected,1.0,15.0,45,30,2.9026612224924975e-09,4.0,47.0,6.0,True
injected,1.0,15.0,45,60,0.0022669307910945236,4.0,33.0,13.0,True
injected,1.0,15.0,45,120,0.012153255054727197,3.0,24.0,10.0,True
injected_any,1.0,15.0,45,0,,,,,True
injected,1.0,15.0,46,30,3.8359591371384116e-10,4.0,53.0,7.0,True
injected,1.0,15.0,46,60,0.00023487865900406746,4.0,37.0,12.0,True
injected,1.0,15.0,46,120,0.01754101668484509,3.0,23.0,10.0,False
injected_any,1.0,15.0,46,0,,,,,True
injected,1.0,15.0,47,30,5.091046889615924e-10,4.0,50.0,6.0,True
injected,1.0,15.0,47,60,0.0005442691032371271,4.0,35.0,12.0,True
injected,1.0,15.0,47,120,0.006926482630660757,4.0,27.0,11.0,True
injected_any,1.0,15.0,47,0,,,,,True
injected,1.0,15.0,48,30,7.851308877343534e-09,4.0,50.0,8.0,True
injected,1.0,15.0,48,60,0.00011722293045959842,3.0,42.0,14.0,True
injected,1.0,15.0,48,120,0.0035001833457499743,4.0,24.0,8.0,True
injected_any,1.0,15.0,48,0,,,,,True
injected,1.0,15.0,49,30,2.781336121159862e-10,4.0,56.0,8.0,True
injected,1.0,15.0,49,60,3.666609198474391e-05,4.0,43.0,13.0,True
injected,1.0,15.0,49,120,0.012153255054727197,4.0,24.0,10.0,True
injected_any,1.0,15.0,49,0,,,,,True
injected,1.0,30.0,0,30,0.001229450161048362,4.0,33.0,12.0,True
injected,1.0,30.0,0,60,0.012046453849224648,4.0,34.0,17.0,True
injected,1.0,30.0,0,120,0.04656982421875,4.0,16.0,7.0,False
injected_any,1.0,30.0,0,0,,,,,True
injected,1.0,30.0,1,30,1.1930665838377763e-05,4.0,40.0,10.0,True
injected,1.0,30.0,1,60,0.017848901777597348,4.0,30.0,15.0,False
injected,1.0,30.0,1,120,0.06802297383546829,3.0,19.0,10.0,False
injected_any,1.0,30.0,1,0,,,,,True
injected,1.0,30.0,2,30,0.00012354389230040397,4.0,35.0,10.0,True
injected,1.0,30.0,2,60,0.03622713008127221,3.0,29.0,16.0,False
injected,1.0,30.0,2,120,0.06802297383546829,4.0,19.0,10.0,False
injected_any,1.0,30.0,2,0,,,,,True
injected,1.0,30.0,3,30,0.0012816039961762726,4.0,28.0,9.0,True
injected,1.0,30.0,3,60,0.044214773493877146,4.0,27.0,15.0,False
injected,1.0,30.0,3,120,0.22912915982306004,2.0,17.0,12.0,False
injected_any,1.0,30.0,3,0,,,,,True
injected,1.0,30.0,4,30,0.0003030533156334059,4.0,33.0,10.0,True
injected,1.0,30.0,4,60,0.003816039301455021,4.0,27.0,10.0,True
injected,1.0,30.0,4,120,0.025051229866221547,4.0,22.0,10.0,False
injected_any,1.0,30.0,4,0,,,,,True
injected,1.0,30.0,5,30,0.0003030533156334059,4.0,33.0,10.0,True
injected,1.0,30.0,5,60,0.04271656657869727,3.0,31.0,18.0,False
injected,1.0,30.0,5,120,0.16346979141235352,4.0,16.0,10.0,False
injected_any,1.0,30.0,5,0,,,,,True
injected,1.0,30.0,6,30,0.001828883413963922,4.0,32.0,12.0,True
injected,1.0,30.0,6,60,0.009760236391230137,4.0,29.0,13.0,True
injected,1.0,30.0,6,120,0.055092082591727376,3.0,21.0,11.0,False
injected_any,1.0,30.0,6,0,,,,,True
injected,1.0,30.0,7,30,0.0016889239559532143,4.0,29.0,10.0,True
injected,1.0,30.0,7,60,0.021779260961920954,4.0,28.0,14.0,False
injected,1.0,30.0,7,120,0.05406451070302866,4.0,25.0,14.0,False
injected_any,1.0,30.0,7,0,,,,,True
injected,1.0,30.0,8,30,0.006641640781122505,4.0,33.0,15.0,True
injected,1.0,30.0,8,60,0.015769748676575546,4.0,29.0,14.0,True
injected,1.0,30.0,8,120,0.055092082591727376,3.0,21.0,11.0,False
injected_any,1.0,30.0,8,0,,,,,True
injected,1.0,30.0,9,30,0.0011107168866146822,4.0,30.0,10.0,True
injected,1.0,30.0,9,60,0.003213288047845708,4.0,29.0,11.0,True
injected,1.0,30.0,9,120,0.0095786452293396,4.0,20.0,7.0,True
injected_any,1.0,30.0,9,0,,,,,True
injected,1.0,30.0,10,30,0.0015438382307593197,4.0,34.0,13.0,True
injected,1.0,30.0,10,60,0.024383382952237298,4.0,29.0,15.0,False
injected,1.0,30.0,10,120,0.026119492948055267,4.0,19.0,8.0,False
injected_any,1.0,30.0,10,0,,,,,True
injected,1.0,30.0,11,30,0.001443623987142928,4.0,31.0,11.0,True
injected,1.0,30.0,11,60,0.004737652139738202,3.0,28.0,11.0,True
injected,1.0,30.0,11,120,0.03071417286992073,4.0,20.0,9.0,False
injected_any,1.0,30.0,11,0,,,,,True
injected,1.0,30.0,12,30,0.003304411421140684,4.0,32.0,13.0,True
injected,1.0,30.0,12,60,0.005675795718389054,4.0,32.0,14.0,True
injected,1.0,30.0,12,120,0.049368573352694525,4.0,20.0,10.0,False
injected_any,1.0,30.0,12,0,,,,,True
injected,1.0,30.0,13,30,0.001443623987142928,4.0,31.0,11.0,True
injected,1.0,30.0,13,60,0.004737652139738202,4.0,28.0,11.0,True
injected,1.0,30.0,13,120,0.0095786452293396,4.0,20.0,7.0,True
injected_any,1.0,30.0,13,0,,,,,True
injected,1.0,30.0,14,30,0.00035863483669729146,4.0,36.0,12.0,True
injected,1.0,30.0,14,60,0.013766577914793743,4.0,28.0,13.0,True
injected,1.0,30.0,14,120,0.03071417286992073,4.0,20.0,9.0,False
injected_any,1.0,30.0,14,0,,,,,True
injected,1.0,30.0,15,30,7.820860426477338e-05,4.0,36.0,10.0,True
injected,1.0,30.0,15,60,0.012153255054727197,4.0,24.0,10.0,True
injected,1.0,30.0,15,120,0.035377772990614176,3.0,21.0,10.0,False
injected_any,1.0,30.0,15,0,,,,,True
injected,1.0,30.0,16,30,0.003971363254741787,4.0,33.0,14.0,True
injected,1.0,30.0,16,60,0.005675795718389054,4.0,32.0,14.0,True
injected,1.0,30.0,16,120,0.01754101668484509,4.0,23.0,10.0,False
injected_any,1.0,30.0,16,0,,,,,True
injected,1.0,30.0,17,30,0.0003030533156334059,4.0,33.0,10.0,True
injected,1.0,30.0,17,60,0.021779260961920954,4.0,28.0,14.0,False
injected,1.0,30.0,17,120,0.06103906035423279,4.0,18.0,9.0,False
injected_any,1.0,30.0,17,0,,,,,True
injected,1.0,30.0,18,30,3.438555745560735e-05,4.0,34.0,8.0,True
injected,1.0,30.0,18,60,0.0007252455070556607,4.0,31.0,10.0,True
injected,1.0,30.0,18,120,0.0029623061418533325,4.0,21.0,6.0,True
injected_any,1.0,30.0,18,0,,,,,True
injected,1.0,30.0,19,30,0.00041204117979987126,4.0,34.0,11.0,True
injected,1.0,30.0,19,60,0.003304411421140684,4.0,32.0,13.0,True
injected,1.0,30.0,19,120,0.0029623061418533325,4.0,21.0,6.0,True
injected_any,1.0,30.0,19,0,,,,,True
injected,1.0,30.0,20,30,0.00041204117979987126,4.0,34.0,11.0,True
injected,1.0,30.0,20,60,0.0403452338759962,3.0,26.0,14.0,False
injected,1.0,30.0,20,120,0.2025161230703816,3.0,21.0,15.0,False
injected_any,1.0,30.0,20,0,,,,,True
injected,1.0,30.0,21,30,0.0005442691032371271,4.0,35.0,12.0,True
injected,1.0,30.0,21,60,0.005486781449860256,4.0,35.0,16.0,True
injected,1.0,30.0,21,120,0.026119492948055267,4.0,19.0,8.0,False
injected_any,1.0,30.0,21,0,,,,,True
injected,1.0,30.0,22,30,0.007673338916315053,4.0,34.0,16.0,True
injected,1.0,30.0,22,60,0.008766617649542452,4.0,35.0,17.0,True
injected,1.0,30.0,22,120,0.017849069088697433,4.0,20.0,8.0,False
injected_any,1.0,30.0,22,0,,,,,True
injected,1.0,30.0,23,30,0.001900827204874389,4.0,35.0,14.0,True
injected,1.0,30.0,23,60,0.006330167901207107,4.0,36.0,17.0,True
injected,1.0,30.0,23,120,0.021642625331878662,3.0,18.0,7.0,False
injected_any,1.0,30.0,23,0,,,,,True
injected,1.0,30.0,24,30,0.005675795718389054,4.0,32.0,14.0,True
injected,1.0,30.0,24,60,0.027038015929434778,4.0,30.0,16.0,False
injected,1.0,30.0,24,120,0.10024421103298667,3.0,19.0,11.0,False
injected_any,1.0,30.0,24,0,,,,,True
injected,1.0,30.0,25,30,9.15771636300633e-07,4.0,39.0,7.0,True
injected,1.0,30.0,25,60,0.009760236391230137,4.0,29.0,13.0,True
injected,1.0,30.0,25,120,0.035377772990614176,4.0,21.0,10.0,False
injected_any,1.0,30.0,25,0,,,,,True
injected,1.0,30.0,26,30,0.001828883413963922,4.0,32.0,12.0,True
injected,1.0,30.0,26,60,0.051902677752053705,3.0,29.0,17.0,False
injected,1.0,30.0,26,120,0.087732624495402,4.0,22.0,13.0,False
injected_any,1.0,30.0,26,0,,,,,True
injected,1.0,30.0,27,30,0.0001111224813108436,4.0,37.0,11.0,True
injected,1.0,30.0,27,60,0.002162002467230195,4.0,30.0,11.0,True
injected,1.0,30.0,27,120,0.07480639219284058,4.0,20.0,11.0,False
injected_any,1.0,30.0,27,0,,,,,True
injected,1.0,30.0,28,30,0.0009569805006321985,4.0,32.0,11.0,True
injected,1.0,30.0,28,60,0.044214773493877146,3.0,27.0,15.0,False
injected,1.0,30.0,28,120,0.17246422544121742,2.0,17.0,11.0,False
injected_any,1.0,30.0,28,0,,,,,True
injected,1.0,30.0,29,30,0.001229450161048362,4.0,33.0,12.0,True
injected,1.0,30.0,29,60,0.017848901777597348,4.0,30.0,15.0,False
injected,1.0,30.0,29,120,0.15372812747955322,2.0,15.0,9.0,False
injected_any,1.0,30.0,29,0,,,,,True
injected,1.0,30.0,30,30,0.00033977412749663927,4.0,31.0,9.0,True
injected,1.0,30.0,30,60,0.00685909252933925,4.0,30.0,13.0,True
injected,1.0,30.0,30,120,0.035377772990614176,4.0,21.0,10.0,False
injected_any,1.0,30.0,30,0,,,,,True
injected,1.0,30.0,31,30,2.1138511328899767e-05,4.0,33.0,7.0,True
injected,1.0,30.0,31,60,0.001966586511116475,4.0,27.0,9.0,True
injected,1.0,30.0,31,120,0.01734483242034912,4.0,17.0,6.0,False
injected_any,1.0,30.0,31,0,,,,,True
injected,1.0,30.0,32,30,0.001443623987142928,4.0,31.0,11.0,True
injected,1.0,30.0,32,60,0.0009569805006321985,4.0,32.0,11.0,True
injected,1.0,30.0,32,120,0.01754101668484509,4.0,23.0,10.0,False
injected_any,1.0,30.0,32,0,,,,,True
injected,1.0,30.0,33,30,0.00041204117979987126,4.0,34.0,11.0,True
injected,1.0,30.0,33,60,0.024383382952237298,4.0,29.0,15.0,False
injected,1.0,30.0,33,120,0.09246667101979256,4.0,18.0,10.0,False
injected_any,1.0,30.0,33,0,,,,,True
injected,1.0,30.0,34,30,2.436799150018487e-06,4.0,35.0,6.0,True
injected,1.0,30.0,34,60,0.0012816039961762726,4.0,28.0,9.0,True
injected,1.0,30.0,34,120,0.0095786452293396,4.0,20.0,7.0,True
injected_any,1.0,30.0,34,0,,,,,True
injected,1.0,30.0,35,30,0.0004703370141214691,4.0,32.0,10.0,True
injected,1.0,30.0,35,60,0.021779260961920954,4.0,28.0,14.0,False
injected,1.0,30.0,35,120,0.07480639219284058,3.0,20.0,11.0,False
injected_any,1.0,30.0,35,0,,,,,True
injected,1.0,30.0,36,30,0.001229450161048362,4.0,33.0,12.0,True
injected,1.0,30.0,36,60,0.010036925959866494,3.0,26.0,11.0,True
injected,1.0,30.0,36,120,0.028806336456909776,4.0,23.0,11.0,False
injected_any,1.0,30.0,36,0,,,,,True
injected,1.0,30.0,37,30,2.0280180663689862e-05,4.0,37.0,9.0,True
injected,1.0,30.0,37,60,0.06314473719271518,4.0,27.0,16.0,False
injected,1.0,30.0,37,120,0.132465448230505,3.0,18.0,11.0,False
injected_any,1.0,30.0,37,0,,,,,True
injected,1.0,30.0,38,30,0.003304411421140684,4.0,32.0,13.0,True
injected,1.0,30.0,38,60,0.01923865414210013,4.0,27.0,13.0,False
injected,1.0,30.0,38,120,0.04007165622897446,4.0,22.0,11.0,False
injected_any,1.0,30.0,38,0,,,,,True
injected,1.0,30.0,39,30,0.0003764485300052911,4.0,29.0,8.0,True
injected,1.0,30.0,39,60,0.009760236391230137,3.0,29.0,13.0,True
injected,1.0,30.0,39,120,0.03071417286992073,4.0,20.0,9.0,False
injected_any,1.0,30.0,39,0,,,,,True
injected,1.0,30.0,40,30,0.001229450161048362,4.0,33.0,12.0,True
injected,1.0,30.0,40,60,0.015769748676575546,4.0,29.0,14.0,True
injected,1.0,30.0,40,120,0.087732624495402,4.0,22.0,13.0,False
injected_any,1.0,30.0,40,0,,,,,True
injected,1.0,30.0,41,30,0.0027007863272956456,4.0,31.0,12.0,True
injected,1.0,30.0,41,60,0.003213288047845708,4.0,29.0,11.0,True
injected,1.0,30.0,41,120,0.049368573352694525,4.0,20.0,10.0,False
injected_any,1.0,30.0,41,0,,,,,True
injected,1.0,30.0,42,30,0.0009569805006321985,4.0,32.0,11.0,True
injected,1.0,30.0,42,60,0.022192080493574906,4.0,32.0,17.0,False
injected,1.0,30.0,42,120,0.087732624495402,3.0,22.0,13.0,False
injected_any,1.0,30.0,42,0,,,,,True
injected,1.0,30.0,43,30,0.0011107168866146822,4.0,30.0,10.0,True
injected,1.0,30.0,43,60,0.009760236391230137,4.0,29.0,13.0,True
injected,1.0,30.0,43,120,0.017849069088697433,4.0,20.0,8.0,False
injected_any,1.0,30.0,43,0,,,,,True
injected,1.0,30.0,44,30,0.00023487865900406746,4.0,37.0,12.0,True
injected,1.0,30.0,44,60,0.02662595704896376,4.0,26.0,13.0,False
injected,1.0,30.0,44,120,0.24342512083239853,2.0,19.0,14.0,False
injected_any,1.0,30.0,44,0,,,,,True
injected,1.0,30.0,45,30,0.0008290262630907819,4.0,29.0,9.0,True
injected,1.0,30.0,45,60,0.08708557363536329,4.0,27.0,17.0,False
injected,1.0,30.0,45,120,0.08137782872654498,3.0,21.0,12.0,False
injected_any,1.0,30.0,45,0,,,,,True
injected,1.0,30.0,46,30,0.002162002467230195,4.0,30.0,11.0,True
injected,1.0,30.0,46,60,0.015769748676575546,4.0,29.0,14.0,True
injected,1.0,30.0,46,120,0.14052075752988458,2.0,19.0,12.0,False
injected_any,1.0,30.0,46,0,,,,,True
injected,1.0,30.0,47,30,0.0007252455070556607,4.0,31.0,10.0,True
injected,1.0,30.0,47,60,0.022192080493574906,4.0,32.0,17.0,False
injected,1.0,30.0,47,120,0.032622667611576624,4.0,24.0,12.0,False
injected_any,1.0,30.0,47,0,,,,,True
injected,1.0,30.0,48,30,0.0008207456704241167,4.0,34.0,12.0,True
injected,1.0,30.0,48,60,0.011314420602957398,3.0,30.0,14.0,True
injected,1.0,30.0,48,120,0.04476553946733476,4.0,23.0,12.0,False
injected_any,1.0,30.0,48,0,,,,,True
injected,1.0,30.0,49,30,0.003971363254741787,4.0,33.0,14.0,True
injected,1.0,30.0,49,60,0.012948040896617385,4.0,31.0,15.0,True
injected,1.0,30.0,49,120,0.06103906035423279,3.0,18.0,9.0,False
injected_any,1.0,30.0,49,0,,,,,True
injected,1.0,60.0,0,30,0.999941579066217,0.0,7.0,28.0,False
injected,1.0,60.0,0,60,0.19580145527374526,2.0,28.0,21.0,False
injected,1.0,60.0,0,120,0.5,2.0,14.0,13.0,False
injected_any,1.0,60.0,0,0,,,,,False
injected,1.0,60.0,1,30,0.9997640066285385,0.0,9.0,29.0,False
injected,1.0,60.0,1,60,0.19580145527374526,3.0,28.0,21.0,False
injected,1.0,60.0,1,120,0.644464448094368,1.0,14.0,15.0,False
injected_any,1.0,60.0,1,0,,,,,False
injected,1.0,60.0,2,30,0.9999648726079613,0.0,8.0,31.0,False
injected,1.0,60.0,2,60,0.26635462761805684,2.0,23.0,18.0,False
injected,1.0,60.0,2,120,0.360050065908581,3.0,17.0,14.0,False
injected_any,1.0,60.0,2,0,,,,,False
injected,1.0,60.0,3,30,0.9999438892868966,0.0,9.0,32.0,False
injected,1.0,60.0,3,60,0.325793913604457,2.0,24.0,20.0,False
injected,1.0,60.0,3,120,0.5,2.0,15.0,14.0,False
injected_any,1.0,60.0,3,0,,,,,False
injected,1.0,60.0,4,30,0.9996602258725034,0.0,10.0,30.0,False
injected,1.0,60.0,4,60,0.1509978065948303,3.0,27.0,19.0,False
injected,1.0,60.0,4,120,0.30379568063654006,2.0,19.0,15.0,False
injected_any,1.0,60.0,4,0,,,,,False
injected,1.0,60.0,5,30,0.9999089170851221,0.0,9.0,31.0,False
injected,1.0,60.0,5,60,0.4388071643761577,3.0,22.0,20.0,False
injected,1.0,60.0,5,120,0.29830744792707264,3.0,18.0,14.0,False
injected_any,1.0,60.0,5,0,,,,,False
injected,1.0,60.0,6,30,0.9999089170851221,0.0,9.0,31.0,False
injected,1.0,60.0,6,60,0.1801888264678837,2.0,25.0,18.0,False
injected,1.0,60.0,6,120,0.5,2.0,15.0,14.0,False
injected_any,1.0,60.0,6,0,,,,,False
injected,1.0,60.0,7,30,0.9992747544929443,0.0,11.0,30.0,False
injected,1.0,60.0,7,60,0.1509978065948303,4.0,27.0,19.0,False
injected,1.0,60.0,7,120,0.3714146793645341,1.0,20.0,17.0,False
injected_any,1.0,60.0,7,0,,,,,False
injected,1.0,60.0,8,30,0.9996602258725034,0.0,10.0,30.0,False
injected,1.0,60.0,8,60,0.08207470089155322,3.0,26.0,16.0,False
injected,1.0,60.0,8,120,0.2497799166012556,3.0,20.0,15.0,False
injected_any,1.0,60.0,8,0,,,,,False
injected,1.0,60.0,9,30,0.9996969466843666,0.0,11.0,32.0,False
injected,1.0,60.0,9,60,0.3679394004284405,2.0,19.0,16.0,False
injected,1.0,60.0,9,120,0.21217811107635498,3.0,15.0,10.0,False
injected_any,1.0,60.0,9,0,,,,,False
injected,1.0,60.0,10,30,0.9999873395981922,0.0,8.0,33.0,False
injected,1.0,60.0,10,60,0.2757421649012599,2.0,25.0,20.0,False
injected,1.0,60.0,10,120,0.22912915982306004,2.0,17.0,12.0,False
injected_any,1.0,60.0,10,0,,,,,False
injected,1.0,60.0,11,30,0.9990608872612938,0.0,9.0,26.0,False
injected,1.0,60.0,11,60,0.10551179880440031,2.0,25.0,16.0,False
injected,1.0,60.0,11,120,0.28579409420490265,3.0,16.0,12.0,False
injected_any,1.0,60.0,11,0,,,,,False
injected,1.0,60.0,12,30,0.9999089170851221,0.0,9.0,31.0,False
injected,1.0,60.0,12,60,0.23069559106838256,3.0,26.0,20.0,False
injected,1.0,60.0,12,120,0.2923323558643461,2.0,17.0,13.0,False
injected_any,1.0,60.0,12,0,,,,,False
injected,1.0,60.0,13,30,0.9997845714788127,0.0,10.0,31.0,False
injected,1.0,60.0,13,60,0.271192005928242,2.0,24.0,19.0,False
injected,1.0,60.0,13,120,0.14052075752988458,3.0,19.0,12.0,False
injected_any,1.0,60.0,13,0,,,,,False
injected,1.0,60.0,14,30,0.9999648726079613,0.0,8.0,31.0,False
injected,1.0,60.0,14,60,0.14560761827294755,3.0,26.0,18.0,False
injected,1.0,60.0,14,120,0.2497799166012556,3.0,20.0,15.0,False
injected_any,1.0,60.0,14,0,,,,,False
injected,1.0,60.0,15,30,0.9996602258725034,0.0,10.0,30.0,False
injected,1.0,60.0,15,60,0.325793913604457,2.0,24.0,20.0,False
injected,1.0,60.0,15,120,0.5,2.0,16.0,15.0,False
injected_any,1.0,60.0,15,0,,,,,False
injected,1.0,60.0,16,30,0.9998437244212255,0.0,8.0,28.0,False
injected,1.0,60.0,16,60,0.09196241068849531,3.0,28.0,18.0,False
injected,1.0,60.0,16,120,0.3714146793645341,2.0,20.0,17.0,False
injected_any,1.0,60.0,16,0,,,,,False
injected,1.0,60.0,17,30,0.9999656144425444,0.0,9.0,33.0,False
injected,1.0,60.0,17,60,0.4388071643761577,1.0,22.0,20.0,False
injected,1.0,60.0,17,120,0.28579409420490265,3.0,16.0,12.0,False
injected_any,1.0,60.0,17,0,,,,,False
injected,1.0,60.0,18,30,0.9999089170851221,0.0,9.0,31.0,False
injected,1.0,60.0,18,60,0.3359055168826828,2.0,27.0,23.0,False
injected,1.0,60.0,18,120,0.360050065908581,2.0,17.0,14.0,False
injected_any,1.0,60.0,18,0,,,,,False
injected,1.0,60.0,19,30,0.9972992136727044,0.0,13.0,30.0,False
injected,1.0,60.0,19,60,0.10131937553227033,3.0,30.0,20.0,False
injected,1.0,60.0,19,120,0.08431877195835114,3.0,17.0,9.0,False
injected_any,1.0,60.0,19,0,,,,,False
injected,1.0,60.0,20,30,0.9999790329210327,0.0,9.0,34.0,False
injected,1.0,60.0,20,60,0.440197910640336,2.0,23.0,21.0,False
injected,1.0,60.0,20,120,0.3641662404406816,2.0,18.0,15.0,False
injected_any,1.0,60.0,20,0,,,,,False
injected,1.0,60.0,21,30,0.9997640066285385,0.0,9.0,29.0,False
injected,1.0,60.0,21,60,0.325793913604457,2.0,24.0,20.0,False
injected,1.0,60.0,21,120,0.29830744792707264,3.0,18.0,14.0,False
injected_any,1.0,60.0,21,0,,,,,False
injected,1.0,60.0,22,30,0.9997640066285385,0.0,9.0,29.0,False
injected,1.0,60.0,22,60,0.15616340373663468,4.0,28.0,20.0,False
injected,1.0,60.0,22,120,0.43570733968226705,2.0,20.0,18.0,False
injected_any,1.0,60.0,22,0,,,,,False
injected,1.0,60.0,23,30,0.9983110760440468,0.0,11.0,28.0,False
injected,1.0,60.0,23,60,0.1801888264678837,3.0,25.0,18.0,False
injected,1.0,60.0,23,120,0.644464448094368,1.0,14.0,15.0,False
injected_any,1.0,60.0,23,0,,,,,False
injected,1.0,60.0,24,30,0.9994674901827239,0.0,10.0,29.0,False
injected,1.0,60.0,24,60,0.26635462761805684,2.0,23.0,18.0,False
injected,1.0,60.0,24,120,0.3641662404406816,2.0,18.0,15.0,False
injected_any,1.0,60.0,24,0,,,,,False
injected,1.0,60.0,25,30,0.9998529615622829,0.0,9.0,30.0,False
injected,1.0,60.0,25,60,0.3746293123804209,2.0,21.0,18.0,False
injected,1.0,60.0,25,120,0.4300250329542905,2.0,17.0,15.0,False
injected_any,1.0,60.0,25,0,,,,,False
injected,1.0,60.0,26,30,0.9996602258725034,0.0,10.0,30.0,False
injected,1.0,60.0,26,60,0.21479525392169307,3.0,23.0,17.0,False
injected,1.0,60.0,26,120,0.3679394004284405,2.0,19.0,16.0,False
injected_any,1.0,60.0,26,0,,,,,False
injected,1.0,60.0,27,30,0.9997845714788127,0.0,10.0,31.0,False
injected,1.0,60.0,27,60,0.32198447818518616,2.0,23.0,19.0,False
injected,1.0,60.0,27,120,0.23656482994556427,2.0,18.0,13.0,False
injected_any,1.0,60.0,27,0,,,,,False
injected,1.0,60.0,28,30,0.9998059345485331,0.0,11.0,33.0,False
injected,1.0,60.0,28,60,0.5,2.0,22.0,21.0,False
injected,1.0,60.0,28,120,0.5,1.0,16.0,15.0,False
injected_any,1.0,60.0,28,0,,,,,False
injected,1.0,60.0,29,30,0.9999089170851221,0.0,9.0,31.0,False
injected,1.0,60.0,29,60,0.15616340373663468,2.0,28.0,20.0,False
injected,1.0,60.0,29,120,0.644464448094368,1.0,14.0,15.0,False
injected_any,1.0,60.0,29,0,,,,,False
injected,1.0,60.0,30,30,0.9983110760440468,0.0,11.0,28.0,False
injected,1.0,60.0,30,60,0.12643486508380164,3.0,29.0,20.0,False
injected,1.0,60.0,30,120,0.22912915982306004,3.0,17.0,12.0,False
injected_any,1.0,60.0,30,0,,,,,False
injected,1.0,60.0,31,30,0.9999873395981922,0.0,8.0,33.0,False
injected,1.0,60.0,31,60,0.325793913604457,2.0,24.0,20.0,False
injected,1.0,60.0,31,120,0.12389428168535233,3.0,17.0,10.0,False
injected_any,1.0,60.0,31,0,,,,,False
injected,1.0,60.0,32,30,0.9998437244212255,0.0,8.0,28.0,False
injected,1.0,60.0,32,60,0.325793913604457,2.0,24.0,20.0,False
injected,1.0,60.0,32,120,0.3679394004284405,2.0,19.0,16.0,False
injected_any,1.0,60.0,32,0,,,,,False
injected,1.0,60.0,33,30,0.9999419164960273,0.0,8.0,30.0,False
injected,1.0,60.0,33,60,0.22569041619806285,2.0,25.0,19.0,False
injected,1.0,60.0,33,120,0.23656482994556427,2.0,18.0,13.0,False
injected_any,1.0,60.0,33,0,,,,,False
injected,1.0,60.0,34,30,0.9999089170851221,0.0,9.0,31.0,False
injected,1.0,60.0,34,60,0.325793913604457,2.0,24.0,20.0,False
injected,1.0,60.0,34,120,0.2785985469818115,2.0,15.0,11.0,False
injected_any,1.0,60.0,34,0,,,,,False
injected,1.0,60.0,35,30,0.9997845714788127,0.0,10.0,31.0,False
injected,1.0,60.0,35,60,0.3829959121223965,2.0,24.0,21.0,False
injected,1.0,60.0,35,120,0.4300250329542905,2.0,17.0,15.0,False
injected_any,1.0,60.0,35,0,,,,,False
injected,1.0,60.0,36,30,0.9987183960038237,0.0,10.0,27.0,False
injected,1.0,60.0,36,60,0.271192005928242,2.0,24.0,19.0,False
injected,1.0,60.0,36,120,0.24342512083239853,3.0,19.0,14.0,False
injected_any,1.0,60.0,36,0,,,,,False
injected,1.0,60.0,37,30,0.9999991819379375,0.0,7.0,36.0,False
injected,1.0,60.0,37,60,0.69620431936346,1.0,16.0,18.0,False
injected,1.0,60.0,37,120,0.572232224047184,1.0,15.0,15.0,False
injected_any,1.0,60.0,37,0,,,,,False
injected,1.0,60.0,38,30,0.9996969466843666,0.0,11.0,32.0,False
injected,1.0,60.0,38,60,0.1801888264678837,2.0,25.0,18.0,False
injected,1.0,60.0,38,120,0.24342512083239853,2.0,19.0,14.0,False
injected_any,1.0,60.0,38,0,,,,,False
injected,1.0,60.0,39,30,0.9999958177077133,0.0,7.0,33.0,False
injected,1.0,60.0,39,60,0.43731465619021037,2.0,21.0,19.0,False
injected,1.0,60.0,39,120,0.360050065908581,3.0,17.0,14.0,False
injected_any,1.0,60.0,39,0,,,,,False
injected,1.0,60.0,40,30,0.9995296629858785,0.0,11.0,31.0,False
injected,1.0,60.0,40,60,0.2840862064245826,2.0,27.0,22.0,False
injected,1.0,60.0,40,120,0.24342512083239853,2.0,19.0,14.0,False
injected_any,1.0,60.0,40,0,,,,,False
injected,1.0,60.0,41,30,0.9997640066285385,0.0,9.0,29.0,False
injected,1.0,60.0,41,60,0.2800323147901053,3.0,26.0,21.0,False
injected,1.0,60.0,41,120,0.30379568063654006,3.0,19.0,15.0,False
injected_any,1.0,60.0,41,0,,,,,False
injected,1.0,60.0,42,30,0.9999793712049723,0.0,7.0,30.0,False
injected,1.0,60.0,42,60,0.2757421649012599,3.0,25.0,20.0,False
injected,1.0,60.0,42,120,0.5,2.0,19.0,18.0,False
injected_any,1.0,60.0,42,0,,,,,False
injected,1.0,60.0,43,30,0.9967867119521543,0.0,12.0,28.0,False
injected,1.0,60.0,43,60,0.04807087721030712,3.0,28.0,16.0,False
injected,1.0,60.0,43,120,0.03775934875011444,4.0,18.0,8.0,False
injected_any,1.0,60.0,43,0,,,,,False
injected,1.0,60.0,44,30,0.9999671266837709,0.0,10.0,35.0,False
injected,1.0,60.0,44,60,0.43731465619021037,2.0,21.0,19.0,False
injected,1.0,60.0,44,120,0.4300250329542905,2.0,17.0,15.0,False
injected_any,1.0,60.0,44,0,,,,,False
injected,1.0,60.0,45,30,0.9996602258725034,0.0,10.0,30.0,False
injected,1.0,60.0,45,60,0.235439506810856,3.0,27.0,21.0,False
injected,1.0,60.0,45,120,0.5,2.0,14.0,13.0,False
injected_any,1.0,60.0,45,0,,,,,False
injected,1.0,60.0,46,30,0.9999656144425444,0.0,9.0,33.0,False
injected,1.0,60.0,46,60,0.1312187678555219,3.0,30.0,21.0,False
injected,1.0,60.0,46,120,0.42776777595281607,2.0,16.0,14.0,False
injected_any,1.0,60.0,46,0,,,,,False
injected,1.0,60.0,47,30,0.9999793712049723,0.0,7.0,30.0,False
injected,1.0,60.0,47,60,0.235439506810856,3.0,27.0,21.0,False
injected,1.0,60.0,47,120,0.43570733968226705,2.0,20.0,18.0,False
injected_any,1.0,60.0,47,0,,,,,False
injected,1.0,60.0,48,30,0.9999419164960273,0.0,8.0,30.0,False
injected,1.0,60.0,48,60,0.32198447818518616,2.0,23.0,19.0,False
injected,1.0,60.0,48,120,0.5,1.0,17.0,16.0,False
injected_any,1.0,60.0,48,0,,,,,False
injected,1.0,60.0,49,30,0.9999044617870823,0.0,8.0,29.0,False
injected,1.0,60.0,49,60,0.3327329060383094,1.0,26.0,22.0,False
injected,1.0,60.0,49,120,0.3714146793645341,2.0,20.0,17.0,False
injected_any,1.0,60.0,49,0,,,,,False
injected,1.5,15.0,0,30,8.205242041370298e-16,4.0,59.0,2.0,True
injected,1.5,15.0,0,60,6.227257073054826e-07,4.0,46.0,10.0,True
injected,1.5,15.0,0,120,1.372024416923523e-05,4.0,25.0,3.0,True
injected_any,1.5,15.0,0,0,,,,,True
injected,1.5,15.0,1,30,1.6428698679238352e-14,4.0,58.0,3.0,True
injected,1.5,15.0,1,60,4.109831981666257e-06,4.0,46.0,12.0,True
injected,1.5,15.0,1,120,0.0002675263676792383,4.0,26.0,6.0,True
injected_any,1.5,15.0,1,0,,,,,True
injected,1.5,15.0,2,30,1.5881393422567669e-15,4.0,58.0,2.0,True
injected,1.5,15.0,2,60,3.644215388343141e-07,4.0,45.0,9.0,True
injected,1.5,15.0,2,120,9.553821291774511e-05,4.0,30.0,7.0,True
injected_any,1.5,15.0,2,0,,,,,True
injected,1.5,15.0,3,30,4.2370620900733513e-16,4.0,60.0,2.0,True
injected,1.5,15.0,3,60,3.433558868337627e-07,4.0,43.0,8.0,True
injected,1.5,15.0,3,120,0.003213288047845708,4.0,29.0,11.0,True
injected_any,1.5,15.0,3,0,,,,,True
injected,1.5,15.0,4,30,5.816744655384731e-17,4.0,63.0,2.0,True
injected,1.5,15.0,4,60,2.202968119036086e-08,4.0,41.0,5.0,True
injected,1.5,15.0,4,120,0.001966586511116475,4.0,27.0,9.0,True
injected_any,1.5,15.0,4,0,,,,,True
injected,1.5,15.0,5,30,4.524158825347513e-15,4.0,60.0,3.0,True
injected,1.5,15.0,5,60,6.104255088068555e-07,4.0,44.0,9.0,True
injected,1.5,15.0,5,120,0.005336920265108347,4.0,23.0,8.0,True
injected_any,1.5,15.0,5,0,,,,,True
injected,1.5,15.0,6,30,7.097669891056868e-14,4.0,62.0,5.0,True
injected,1.5,15.0,6,60,6.92167748672645e-08,4.0,46.0,8.0,True
injected,1.5,15.0,6,120,0.00045611709356307983,4.0,23.0,5.0,True
injected_any,1.5,15.0,6,0,,,,,True
injected,1.5,15.0,7,30,8.62461144168769e-15,4.0,59.0,3.0,True
injected,1.5,15.0,7,60,9.823268882769298e-07,4.0,41.0,8.0,True
injected,1.5,15.0,7,120,5.808350397273898e-05,4.0,31.0,7.0,True
injected_any,1.5,15.0,7,0,,,,,True
injected,1.5,15.0,8,30,1.0417719204652842e-14,4.0,62.0,4.0,True
injected,1.5,15.0,8,60,6.92167748672645e-08,4.0,46.0,8.0,True
injected,1.5,15.0,8,120,0.0001620317343622446,4.0,27.0,6.0,True
injected_any,1.5,15.0,8,0,,,,,True
injected,1.5,15.0,9,30,1.0408340855860843e-16,4.0,58.0,1.0,True
injected,1.5,15.0,9,60,2.0015980872756245e-08,4.0,46.0,7.0,True
injected,1.5,15.0,9,120,8.999556303024292e-05,4.0,24.0,4.0,True
injected_any,1.5,15.0,9,0,,,,,True
injected,1.5,15.0,10,30,1.9593322190397666e-14,4.0,61.0,4.0,True
injected,1.5,15.0,10,60,2.1681915685078934e-07,4.0,46.0,9.0,True
injected,1.5,15.0,10,120,0.001966586511116475,4.0,27.0,9.0,True
injected_any,1.5,15.0,10,0,,,,,True
injected,1.5,15.0,11,30,2.936995265045983e-15,4.0,64.0,4.0,True
injected,1.5,15.0,11,60,2.8638826421456542e-08,4.0,43.0,6.0,True
injected,1.5,15.0,11,120,1.7940998077392578e-05,4.0,22.0,2.0,True
injected_any,1.5,15.0,11,0,,,,,True
injected,1.5,15.0,12,30,3.681522317902641e-14,4.0,60.0,4.0,True
injected,1.5,15.0,12,60,6.227257073054826e-07,4.0,46.0,10.0,True
injected,1.5,15.0,12,120,0.0010512007866054773,4.0,25.0,7.0,True
injected_any,1.5,15.0,12,0,,,,,True
injected,1.5,15.0,13,30,1.9593322190397666e-14,4.0,61.0,4.0,True
injected,1.5,15.0,13,60,1.1841756886177279e-07,4.0,45.0,8.0,True
injected,1.5,15.0,13,120,1.697661355137825e-05,4.0,27.0,4.0,True
injected_any,1.5,15.0,13,0,,,,,True
injected,1.5,15.0,14,30,2.482325163564308e-12,4.0,59.0,6.0,True
injected,1.5,15.0,14,60,2.8070500466270687e-06,4.0,41.0,9.0,True
injected,1.5,15.0,14,120,0.0002541302237659693,4.0,28.0,7.0,True
injected_any,1.5,15.0,14,0,,,,,True
injected,1.5,15.0,15,30,1.5543122344752192e-15,4.0,54.0,1.0,True
injected,1.5,15.0,15,60,9.15771636300633e-07,4.0,39.0,7.0,True
injected,1.5,15.0,15,120,0.0004106976557523012,4.0,27.0,7.0,True
injected_any,1.5,15.0,15,0,,,,,True
injected,1.5,15.0,16,30,1.9593322190397666e-14,4.0,61.0,4.0,True
injected,1.5,15.0,16,60,1.0157972680224783e-06,4.0,47.0,11.0,True
injected,1.5,15.0,16,120,3.480084706097841e-05,4.0,30.0,6.0,True
injected_any,1.5,15.0,16,0,,,,,True
injected,1.5,15.0,17,30,2.688821387764051e-17,4.0,60.0,1.0,True
injected,1.5,15.0,17,60,6.543793062974146e-09,4.0,48.0,7.0,True
injected,1.5,15.0,17,120,0.00045611709356307983,4.0,23.0,5.0,True
injected_any,1.5,15.0,17,0,,,,,True
injected,1.5,15.0,18,30,4.2370620900733513e-16,4.0,60.0,2.0,True
injected,1.5,15.0,18,60,3.79857922894189e-09,4.0,44.0,5.0,True
injected,1.5,15.0,18,120,3.480084706097841e-05,4.0,30.0,6.0,True
injected_any,1.5,15.0,18,0,,,,,True
injected,1.5,15.0,19,30,2.427472285682075e-13,4.0,57.0,4.0,True
injected,1.5,15.0,19,60,9.161814418234826e-09,4.0,45.0,6.0,True
injected,1.5,15.0,19,120,1.2780074030160904e-06,4.0,29.0,3.0,True
injected_any,1.5,15.0,19,0,,,,,True
injected,1.5,15.0,20,30,2.3714212017689196e-15,4.0,61.0,3.0,True
injected,1.5,15.0,20,60,1.7943958064758903e-05,4.0,41.0,11.0,True
injected,1.5,15.0,20,120,0.036475694258115254,4.0,25.0,13.0,False
injected_any,1.5,15.0,20,0,,,,,True
injected,1.5,15.0,21,30,1.2421162189080182e-15,4.0,62.0,3.0,True
injected,1.5,15.0,21,60,1.285786024041169e-07,4.0,47.0,9.0,True
injected,1.5,15.0,21,120,9.609758853912354e-05,4.0,26.0,5.0,True
injected_any,1.5,15.0,21,0,,,,,True
injected,1.5,15.0,22,30,6.660654380404268e-14,4.0,65.0,6.0,True
injected,1.5,15.0,22,60,1.5079760423211688e-06,4.0,50.0,13.0,True
injected,1.5,15.0,22,120,1.7327256500720978e-06,4.0,31.0,4.0,True
injected_any,1.5,15.0,22,0,,,,,True
injected,1.5,15.0,23,30,6.501418327309327e-16,4.0,63.0,3.0,True
injected,1.5,15.0,23,60,3.618587618708512e-07,4.0,53.0,13.0,True
injected,1.5,15.0,23,120,7.618218660354614e-06,4.0,26.0,3.0,True
injected_any,1.5,15.0,23,0,,,,,True
injected,1.5,15.0,24,30,1.1299294833122532e-13,4.0,55.0,3.0,True
injected,1.5,15.0,24,60,1.7943958064758903e-05,4.0,41.0,11.0,True
injected,1.5,15.0,24,120,0.0009391127387061716,4.0,27.0,8.0,True
injected_any,1.5,15.0,24,0,,,,,True
injected,1.5,15.0,25,30,1.1281123604711674e-16,4.0,62.0,2.0,True
injected,1.5,15.0,25,60,6.840242150474297e-09,4.0,43.0,5.0,True
injected,1.5,15.0,25,120,0.0009391127387061716,4.0,27.0,8.0,True
injected_any,1.5,15.0,25,0,,,,,True
injected,1.5,15.0,26,30,1.2958796362372293e-13,4.0,58.0,4.0,True
injected,1.5,15.0,26,60,1.505795481455963e-05,4.0,45.0,13.0,True
injected,1.5,15.0,26,120,0.008336923900060357,4.0,25.0,10.0,True
injected_any,1.5,15.0,26,0,,,,,True
injected,1.5,15.0,27,30,1.7775155804720943e-16,4.0,65.0,3.0,True
injected,1.5,15.0,27,60,3.756521548547997e-07,4.0,47.0,10.0,True
injected,1.5,15.0,27,120,0.003816039301455021,4.0,27.0,10.0,True
injected_any,1.5,15.0,27,0,,,,,True
injected,1.5,15.0,28,30,1.2421162189080182e-15,4.0,62.0,3.0,True
injected,1.5,15.0,28,60,6.208141130892297e-07,4.0,48.0,11.0,True
injected,1.5,15.0,28,120,0.004065029323101044,4.0,22.0,7.0,True
injected_any,1.5,15.0,28,0,,,,,True
injected,1.5,15.0,29,30,8.62461144168769e-15,4.0,59.0,3.0,True
injected,1.5,15.0,29,60,3.7806404911983754e-07,4.0,49.0,11.0,True
injected,1.5,15.0,29,120,0.0026114396750926976,4.0,23.0,7.0,True
injected_any,1.5,15.0,29,0,,,,,True
injected,1.5,15.0,30,30,5.2909066017292616e-17,4.0,59.0,1.0,True
injected,1.5,15.0,30,60,3.756521548547997e-07,4.0,47.0,10.0,True
injected,1.5,15.0,30,120,0.0002541302237659693,4.0,28.0,7.0,True
injected_any,1.5,15.0,30,0,,,,,True
injected,1.5,15.0,31,30,2.1868357819032624e-16,4.0,61.0,2.0,True
injected,1.5,15.0,31,60,1.6218702825199216e-08,4.0,44.0,6.0,True
injected,1.5,15.0,31,120,1.4901161193847656e-06,4.0,23.0,1.0,True
injected_any,1.5,15.0,31,0,,,,,True
injected,1.5,15.0,32,30,2.1868357819032624e-16,4.0,61.0,2.0,True
injected,1.5,15.0,32,60,2.104926011270436e-09,4.0,45.0,5.0,True
injected,1.5,15.0,32,120,5.808350397273898e-05,4.0,31.0,7.0,True
injected_any,1.5,15.0,32,0,,,,,True
injected,1.5,15.0,33,30,1.1281123604711674e-16,4.0,62.0,2.0,True
injected,1.5,15.0,33,60,1.0286322577601759e-06,4.0,45.0,10.0,True
injected,1.5,15.0,33,120,0.0006593635771423578,4.0,26.0,7.0,True
injected_any,1.5,15.0,33,0,,,,,True
injected,1.5,15.0,34,30,1.5443104694340404e-17,4.0,65.0,2.0,True
injected,1.5,15.0,34,60,2.9026612224924975e-09,4.0,47.0,6.0,True
injected,1.5,15.0,34,120,1.372024416923523e-05,4.0,25.0,3.0,True
injected_any,1.5,15.0,34,0,,,,,True
injected,1.5,15.0,35,30,4.2370620900733513e-16,4.0,60.0,2.0,True
injected,1.5,15.0,35,60,6.057628709754681e-08,4.0,44.0,7.0,True
injected,1.5,15.0,35,120,5.808350397273898e-05,4.0,31.0,7.0,True
injected_any,1.5,15.0,35,0,,,,,True
injected,1.5,15.0,36,30,4.2771342023684156e-14,4.0,53.0,2.0,True
injected,1.5,15.0,36,60,7.687045098236922e-06,4.0,37.0,8.0,True
injected,1.5,15.0,36,120,0.0012816039961762726,4.0,28.0,9.0,True
injected_any,1.5,15.0,36,0,,,,,True
injected,1.5,15.0,37,30,1.5543122344752192e-15,4.0,54.0,1.0,True
injected,1.5,15.0,37,60,3.920786184608005e-07,4.0,36.0,5.0,True
injected,1.5,15.0,37,120,0.010030803503468633,4.0,23.0,9.0,True
injected_any,1.5,15.0,37,0,,,,,True
injected,1.5,15.0,38,30,8.62461144168769e-15,4.0,59.0,3.0,True
injected,1.5,15.0,38,60,1.0188849306480563e-06,4.0,43.0,9.0,True
injected,1.5,15.0,38,120,0.00015627557877451181,4.0,29.0,7.0,True
injected_any,1.5,15.0,38,0,,,,,True
injected,1.5,15.0,39,30,2.1868357819032624e-16,4.0,61.0,2.0,True
injected,1.5,15.0,39,60,9.161814418234826e-09,4.0,45.0,6.0,True
injected,1.5,15.0,39,120,0.0004106976557523012,4.0,27.0,7.0,True
injected_any,1.5,15.0,39,0,,,,,True
injected,1.5,15.0,40,30,3.8255314714630284e-14,4.0,63.0,5.0,True
injected,1.5,15.0,40,60,6.227257073054826e-07,4.0,46.0,10.0,True
injected,1.5,15.0,40,120,0.0005966214812360704,4.0,28.0,8.0,True
injected_any,1.5,15.0,40,0,,,,,True
injected,1.5,15.0,41,30,8.62461144168769e-15,4.0,59.0,3.0,True
injected,1.5,15.0,41,60,6.057628709754681e-08,4.0,44.0,7.0,True
injected,1.5,15.0,41,120,0.00016245711594820025,4.0,25.0,5.0,True
injected_any,1.5,15.0,41,0,,,,,True
injected,1.5,15.0,42,30,8.62461144168769e-15,4.0,59.0,3.0,True
injected,1.5,15.0,42,60,1.0286322577601759e-06,4.0,45.0,10.0,True
injected,1.5,15.0,42,120,0.0007252455070556607,4.0,31.0,10.0,True
injected_any,1.5,15.0,42,0,,,,,True
injected,1.5,15.0,43,30,3.0721952759549254e-15,4.0,57.0,2.0,True
injected,1.5,15.0,43,60,8.180620625353185e-07,4.0,37.0,6.0,True
injected,1.5,15.0,43,120,0.0002730563282966614,4.0,24.0,5.0,True
injected_any,1.5,15.0,43,0,,,,,True
injected,1.5,15.0,44,30,1.2958796362372293e-13,4.0,58.0,4.0,True
injected,1.5,15.0,44,60,4.531635958482383e-06,4.0,42.0,10.0,True
injected,1.5,15.0,44,120,0.014724686741828918,4.0,22.0,9.0,True
injected_any,1.5,15.0,44,0,,,,,True
injected,1.5,15.0,45,30,8.205242041370298e-16,4.0,59.0,2.0,True
injected,1.5,15.0,45,60,9.823268882769298e-07,4.0,41.0,8.0,True
injected,1.5,15.0,45,120,0.0010512007866054773,4.0,25.0,7.0,True
injected_any,1.5,15.0,45,0,,,,,True
injected,1.5,15.0,46,30,6.501418327309327e-16,4.0,63.0,3.0,True
injected,1.5,15.0,46,60,3.7806404911983754e-07,4.0,49.0,11.0,True
injected,1.5,15.0,46,120,0.00016245711594820025,4.0,25.0,5.0,True
injected_any,1.5,15.0,46,0,,,,,True
injected,1.5,15.0,47,30,4.2370620900733513e-16,4.0,60.0,2.0,True
injected,1.5,15.0,47,60,1.0188849306480563e-06,4.0,43.0,9.0,True
injected,1.5,15.0,47,120,0.0011107168866146822,4.0,30.0,10.0,True
injected_any,1.5,15.0,47,0,,,,,True
injected,1.5,15.0,48,30,1.9593322190397666e-14,4.0,61.0,4.0,True
injected,1.5,15.0,48,60,3.7806404911983754e-07,4.0,49.0,11.0,True
injected,1.5,15.0,48,120,0.0010512007866054773,4.0,25.0,7.0,True
injected_any,1.5,15.0,48,0,,,,,True
injected,1.5,15.0,49,30,2.2367649182494787e-13,4.0,63.0,6.0,True
injected,1.5,15.0,49,60,8.081907283078588e-08,4.0,50.0,10.0,True
injected,1.5,15.0,49,120,0.0029940602835267787,4.0,26.0,9.0,True
injected_any,1.5,15.0,49,0,,,,,True
injected,1.5,30.0,0,30,6.104255088068555e-07,4.0,44.0,9.0,True
injected,1.5,30.0,0,60,0.0013336311914299013,4.0,39.0,16.0,True
injected,1.5,30.0,0,120,0.0029623061418533325,4.0,21.0,6.0,True
injected_any,1.5,30.0,0,0,,,,,True
injected,1.5,30.0,1,30,2.0015980872756245e-08,4.0,46.0,7.0,True
injected,1.5,30.0,1,60,0.001900827204874389,4.0,35.0,14.0,True
injected,1.5,30.0,1,120,0.035377772990614176,3.0,21.0,10.0,False
injected_any,1.5,30.0,1,0,,,,,True
injected,1.5,30.0,2,30,1.6218702825199216e-08,4.0,44.0,6.0,True
injected,1.5,30.0,2,60,0.002757600742750555,4.0,34.0,14.0,True
injected,1.5,30.0,2,120,0.011851351235236507,4.0,27.0,12.0,True
injected_any,1.5,30.0,2,0,,,,,True
injected,1.5,30.0,3,30,4.6674415443703765e-09,4.0,41.0,4.0,True
injected,1.5,30.0,3,60,0.006641640781122505,4.0,33.0,15.0,True
injected,1.5,30.0,3,120,0.1279375397716649,2.0,23.0,15.0,False
injected_any,1.5,30.0,3,0,,,,,True
injected,1.5,30.0,4,30,1.049338713698944e-07,4.0,43.0,7.0,True
injected,1.5,30.0,4,60,0.00013576961714534266,4.0,33.0,9.0,True
injected,1.5,30.0,4,120,0.008294501687487355,4.0,28.0,12.0,True
injected_any,1.5,30.0,4,0,,,,,True
injected,1.5,30.0,5,30,1.6218702825199216e-08,4.0,44.0,6.0,True
injected,1.5,30.0,5,60,0.006330167901207107,4.0,36.0,17.0,True
injected,1.5,30.0,5,120,0.087732624495402,4.0,22.0,13.0,False
injected_any,1.5,30.0,5,0,,,,,True
injected,1.5,30.0,6,30,1.1841756886177279e-07,4.0,45.0,8.0,True
injected,1.5,30.0,6,60,0.0010440536669982239,4.0,35.0,13.0,True
injected,1.5,30.0,6,120,0.020479795755818493,3.0,24.0,11.0,False
injected_any,1.5,30.0,6,0,,,,,True
injected,1.5,30.0,7,30,3.120204219442258e-07,4.0,41.0,7.0,True
injected,1.5,30.0,7,60,0.001828883413963922,4.0,32.0,12.0,True
injected,1.5,30.0,7,120,0.015769748676575546,4.0,29.0,14.0,True
injected_any,1.5,30.0,7,0,,,,,True
injected,1.5,30.0,8,30,1.285786024041169e-07,4.0,47.0,9.0,True
injected,1.5,30.0,8,60,0.002757600742750555,4.0,34.0,14.0,True
injected,1.5,30.0,8,120,0.012153255054727197,4.0,24.0,10.0,True
injected_any,1.5,30.0,8,0,,,,,True
injected,1.5,30.0,9,30,1.2289888218219858e-08,4.0,42.0,5.0,True
injected,1.5,30.0,9,60,0.0003030533156334059,4.0,33.0,10.0,True
injected,1.5,30.0,9,120,0.005336920265108347,4.0,23.0,8.0,True
injected_any,1.5,30.0,9,0,,,,,True
injected,1.5,30.0,10,30,2.1681915685078934e-07,4.0,46.0,9.0,True
injected,1.5,30.0,10,60,0.002757600742750555,4.0,34.0,14.0,True
injected,1.5,30.0,10,120,0.025051229866221547,3.0,22.0,10.0,False
injected_any,1.5,30.0,10,0,,,,,True
injected,1.5,30.0,11,30,2.0015980872756245e-08,4.0,46.0,7.0,True
injected,1.5,30.0,11,60,0.00013576961714534266,4.0,33.0,9.0,True
injected,1.5,30.0,11,120,0.01205977238714695,4.0,21.0,8.0,True
injected_any,1.5,30.0,11,0,,,,,True
injected,1.5,30.0,12,30,1.0286322577601759e-06,4.0,45.0,10.0,True
injected,1.5,30.0,12,60,0.0005442691032371271,4.0,35.0,12.0,True
injected,1.5,30.0,12,120,0.014408359827939423,4.0,25.0,11.0,True
injected_any,1.5,30.0,12,0,,,,,True
injected,1.5,30.0,13,30,2.0015980872756245e-08,4.0,46.0,7.0,True
injected,1.5,30.0,13,60,0.00035863483669729146,4.0,36.0,12.0,True
injected,1.5,30.0,13,120,0.0009391127387061716,4.0,27.0,8.0,True
injected_any,1.5,30.0,13,0,,,,,True
injected,1.5,30.0,14,30,1.1841756886177279e-07,4.0,45.0,8.0,True
injected,1.5,30.0,14,60,0.0027007863272956456,4.0,31.0,12.0,True
injected,1.5,30.0,14,120,0.003816039301455021,4.0,27.0,10.0,True
injected_any,1.5,30.0,14,0,,,,,True
injected,1.5,30.0,15,30,1.8122891631833227e-07,4.0,42.0,7.0,True
injected,1.5,30.0,15,60,0.0014675278216600418,4.0,26.0,8.0,True
injected,1.5,30.0,15,120,0.010030803503468633,3.0,23.0,9.0,True
injected_any,1.5,30.0,15,0,,,,,True
injected,1.5,30.0,16,30,1.0286322577601759e-06,4.0,45.0,10.0,True
injected,1.5,30.0,16,60,0.0004681114554259125,4.0,37.0,13.0,True
injected,1.5,30.0,16,120,0.0016889239559532143,4.0,29.0,10.0,True
injected_any,1.5,30.0,16,0,,,,,True
injected,1.5,30.0,17,30,2.104926011270436e-09,4.0,45.0,5.0,True
injected,1.5,30.0,17,60,0.0008207456704241167,4.0,34.0,12.0,True
injected,1.5,30.0,17,120,0.0067654934246093035,4.0,24.0,9.0,True
injected_any,1.5,30.0,17,0,,,,,True
injected,1.5,30.0,18,30,2.8638826421456542e-08,4.0,43.0,6.0,True
injected,1.5,30.0,18,60,4.9244392464231617e-05,4.0,37.0,10.0,True
injected,1.5,30.0,18,120,0.0004106976557523012,4.0,27.0,7.0,True
injected_any,1.5,30.0,18,0,,,,,True
injected,1.5,30.0,19,30,8.858493316665772e-08,4.0,41.0,6.0,True
injected,1.5,30.0,19,60,0.00023487865900406746,4.0,37.0,12.0,True
injected,1.5,30.0,19,120,0.0007154531776905061,4.0,24.0,6.0,True
injected_any,1.5,30.0,19,0,,,,,True
injected,1.5,30.0,20,30,6.104255088068555e-07,4.0,44.0,9.0,True
injected,1.5,30.0,20,60,0.010647057070693577,4.0,33.0,16.0,True
injected,1.5,30.0,20,120,0.17444443972453882,4.0,24.0,17.0,False
injected_any,1.5,30.0,20,0,,,,,True
injected,1.5,30.0,21,30,1.145932104762437e-08,4.0,47.0,7.0,True
injected,1.5,30.0,21,60,0.0004681114554259125,4.0,37.0,13.0,True
injected,1.5,30.0,21,120,0.005336920265108347,4.0,23.0,8.0,True
injected_any,1.5,30.0,21,0,,,,,True
injected,1.5,30.0,22,30,3.5347437712728393e-06,4.0,50.0,14.0,True
injected,1.5,30.0,22,60,0.00043089112027106327,4.0,42.0,16.0,True
injected,1.5,30.0,22,120,0.0016634464263916016,4.0,24.0,7.0,True
injected_any,1.5,30.0,22,0,,,,,True
injected,1.5,30.0,23,30,1.285786024041169e-07,4.0,47.0,9.0,True
injected,1.5,30.0,23,60,0.0006317797362177315,4.0,41.0,16.0,True
injected,1.5,30.0,23,120,0.004065029323101044,4.0,22.0,7.0,True
injected_any,1.5,30.0,23,0,,,,,True
injected,1.5,30.0,24,30,6.104255088068555e-07,4.0,44.0,9.0,True
injected,1.5,30.0,24,60,0.006330167901207107,4.0,36.0,17.0,True
injected,1.5,30.0,24,120,0.010030803503468633,4.0,23.0,9.0,True
injected_any,1.5,30.0,24,0,,,,,True
injected,1.5,30.0,25,30,9.11417247229096e-10,4.0,49.0,6.0,True
injected,1.5,30.0,25,60,0.0005442691032371271,4.0,35.0,12.0,True
injected,1.5,30.0,25,120,0.020479795755818493,4.0,24.0,11.0,False
injected_any,1.5,30.0,25,0,,,,,True
injected,1.5,30.0,26,30,1.0188849306480563e-06,4.0,43.0,9.0,True
injected,1.5,30.0,26,60,0.013504158826861179,4.0,35.0,18.0,True
injected,1.5,30.0,26,120,0.02351551371975802,4.0,25.0,12.0,False
injected_any,1.5,30.0,26,0,,,,,True
injected,1.5,30.0,27,30,2.6324160511126404e-08,4.0,50.0,9.0,True
injected,1.5,30.0,27,60,0.00023487865900406746,4.0,37.0,12.0,True
injected,1.5,30.0,27,120,0.016776219839812256,4.0,26.0,12.0,False
injected_any,1.5,30.0,27,0,,,,,True
injected,1.5,30.0,28,30,3.486905075789082e-08,4.0,45.0,7.0,True
injected,1.5,30.0,28,60,0.002757600742750555,4.0,34.0,14.0,True
injected,1.5,30.0,28,120,0.06072474247775972,3.0,22.0,12.0,False
injected_any,1.5,30.0,28,0,,,,,True
injected,1.5,30.0,29,30,6.057628709754681e-08,4.0,44.0,7.0,True
injected,1.5,30.0,29,60,0.001900827204874389,4.0,35.0,14.0,True
injected,1.5,30.0,29,120,0.04357927665114403,3.0,19.0,9.0,False
injected_any,1.5,30.0,29,0,,,,,True
injected,1.5,30.0,30,30,5.0437410692438795e-08,4.0,42.0,6.0,True
injected,1.5,30.0,30,60,0.00031052172811385503,4.0,38.0,13.0,True
injected,1.5,30.0,30,120,0.0029940602835267787,4.0,26.0,9.0,True
injected_any,1.5,30.0,30,0,,,,,True
injected,1.5,30.0,31,30,6.057628709754681e-08,4.0,44.0,7.0,True
injected,1.5,30.0,31,60,8.507758730047499e-05,4.0,34.0,9.0,True
injected,1.5,30.0,31,120,0.0004552602767944336,4.0,21.0,4.0,True
injected_any,1.5,30.0,31,0,,,,,True
injected,1.5,30.0,32,30,2.104926011270436e-09,4.0,45.0,5.0,True
injected,1.5,30.0,32,60,0.0001111224813108436,4.0,37.0,11.0,True
injected,1.5,30.0,32,120,0.0012816039961762726,4.0,28.0,9.0,True
injected_any,1.5,30.0,32,0,,,,,True
injected,1.5,30.0,33,30,6.104255088068555e-07,4.0,44.0,9.0,True
injected,1.5,30.0,33,60,0.001900827204874389,4.0,35.0,14.0,True
injected,1.5,30.0,33,120,0.032622667611576624,4.0,24.0,12.0,False
injected_any,1.5,30.0,33,0,,,,,True
injected,1.5,30.0,34,30,9.161814418234826e-09,4.0,45.0,6.0,True
injected,1.5,30.0,34,60,4.9244392464231617e-05,4.0,37.0,10.0,True
injected,1.5,30.0,34,120,0.0026114396750926976,4.0,23.0,7.0,True
injected_any,1.5,30.0,34,0,,,,,True
injected,1.5,30.0,35,30,3.79857922894189e-09,4.0,44.0,5.0,True
injected,1.5,30.0,35,60,0.0022669307910945236,4.0,33.0,13.0,True
injected,1.5,30.0,35,120,0.02662595704896376,3.0,26.0,13.0,False
injected_any,1.5,30.0,35,0,,,,,True
injected,1.5,30.0,36,30,1.5514018514295458e-07,4.0,40.0,6.0,True
injected,1.5,30.0,36,60,0.001828883413963922,4.0,32.0,12.0,True
injected,1.5,30.0,36,120,0.006926482630660757,4.0,27.0,11.0,True
injected_any,1.5,30.0,36,0,,,,,True
injected,1.5,30.0,37,30,3.79857922894189e-09,4.0,44.0,5.0,True
injected,1.5,30.0,37,60,0.019993028413026075,4.0,31.0,16.0,False
injected,1.5,30.0,37,120,0.04476553946733476,3.0,23.0,12.0,False
injected_any,1.5,30.0,37,0,,,,,True
injected,1.5,30.0,38,30,1.1841756886177279e-07,4.0,45.0,8.0,True
injected,1.5,30.0,38,60,0.0027007863272956456,4.0,31.0,12.0,True
injected,1.5,30.0,38,120,0.011851351235236507,4.0,27.0,12.0,True
injected_any,1.5,30.0,38,0,,,,,True
injected,1.5,30.0,39,30,1.1841756886177279e-07,4.0,45.0,8.0,True
injected,1.5,30.0,39,60,0.0004681114554259125,4.0,37.0,13.0,True
injected,1.5,30.0,39,120,0.003816039301455021,4.0,27.0,10.0,True
injected_any,1.5,30.0,39,0,,,,,True
injected,1.5,30.0,40,30,2.3440920510209295e-08,4.0,48.0,8.0,True
injected,1.5,30.0,40,60,0.0013010857283610733,4.0,36.0,14.0,True
injected,1.5,30.0,40,120,0.013766577914793743,4.0,28.0,13.0,True
injected_any,1.5,30.0,40,0,,,,,True
injected,1.5,30.0,41,30,3.79857922894189e-09,4.0,44.0,5.0,True
injected,1.5,30.0,41,60,0.0003030533156334059,4.0,33.0,10.0,True
injected,1.5,30.0,41,120,0.004520592745393515,4.0,25.0,9.0,True
injected_any,1.5,30.0,41,0,,,,,True
injected,1.5,30.0,42,30,1.285786024041169e-07,4.0,47.0,9.0,True
injected,1.5,30.0,42,60,0.0022807663732041096,4.0,39.0,17.0,True
injected,1.5,30.0,42,120,0.01923865414210013,4.0,27.0,13.0,False
injected_any,1.5,30.0,42,0,,,,,True
injected,1.5,30.0,43,30,4.327489477873314e-10,4.0,42.0,3.0,True
injected,1.5,30.0,43,60,0.0007252455070556607,4.0,31.0,10.0,True
injected,1.5,30.0,43,120,0.0016634464263916016,4.0,24.0,7.0,True
injected_any,1.5,30.0,43,0,,,,,True
injected,1.5,30.0,44,30,2.0196608696565477e-07,4.0,44.0,8.0,True
injected,1.5,30.0,44,60,0.008047180015637421,4.0,31.0,14.0,True
injected,1.5,30.0,44,120,0.2497799166012556,2.0,20.0,15.0,False
injected_any,1.5,30.0,44,0,,,,,True
injected,1.5,30.0,45,30,2.708884494495578e-07,4.0,39.0,6.0,True
injected,1.5,30.0,45,60,0.010647057070693577,4.0,33.0,16.0,True
injected,1.5,30.0,45,120,0.032622667611576624,4.0,24.0,12.0,False
injected_any,1.5,30.0,45,0,,,,,True
injected,1.5,30.0,46,30,6.104255088068555e-07,4.0,44.0,9.0,True
injected,1.5,30.0,46,60,0.0010950934419460268,4.0,38.0,15.0,True
injected,1.5,30.0,46,120,0.028806336456909776,2.0,23.0,11.0,False
injected_any,1.5,30.0,46,0,,,,,True
injected,1.5,30.0,47,30,6.057628709754681e-08,4.0,44.0,7.0,True
injected,1.5,30.0,47,60,0.0038937181528717613,4.0,36.0,16.0,True
injected,1.5,30.0,47,120,0.02662595704896376,4.0,26.0,13.0,False
injected_any,1.5,30.0,47,0,,,,,True
injected,1.5,30.0,48,30,4.0338047957444445e-08,4.0,47.0,8.0,True
injected,1.5,30.0,48,60,0.0007013442518477575,4.0,36.0,13.0,True
injected,1.5,30.0,48,120,0.010036925959866494,4.0,26.0,11.0,True
injected_any,1.5,30.0,48,0,,,,,True
injected,1.5,30.0,49,30,2.2583095815598147e-07,4.0,48.0,10.0,True
injected,1.5,30.0,49,60,0.0010440536669982239,4.0,35.0,13.0,True
injected,1.5,30.0,49,120,0.028806336456909776,4.0,23.0,11.0,False
injected_any,1.5,30.0,49,0,,,,,True
injected,1.5,60.0,0,30,0.9995610448531806,0.0,7.0,24.0,False
injected,1.5,60.0,0,60,0.07193254422027448,3.0,29.0,18.0,False
injected,1.5,60.0,0,120,0.2025161230703816,3.0,21.0,15.0,False
injected_any,1.5,60.0,0,0,,,,,False
injected,1.5,60.0,1,30,0.999966906150803,0.0,6.0,27.0,False
injected,1.5,60.0,1,60,0.09670632643096869,4.0,29.0,19.0,False
injected,1.5,60.0,1,120,0.5000000000000001,1.0,18.0,17.0,False
injected_any,1.5,60.0,1,0,,,,,False
injected,1.5,60.0,2,30,0.9999793712049723,0.0,7.0,30.0,False
injected,1.5,60.0,2,60,0.13997811926446957,3.0,25.0,17.0,False
injected,1.5,60.0,2,120,0.09387077949941158,3.0,23.0,14.0,False
injected_any,1.5,60.0,2,0,,,,,False
injected,1.5,60.0,3,30,0.9999878287198953,0.0,7.0,31.0,False
injected,1.5,60.0,3,60,0.2005309955139687,3.0,29.0,22.0,False
injected,1.5,60.0,3,120,0.2757421649012599,3.0,25.0,20.0,False
injected_any,1.5,60.0,3,0,,,,,False
injected,1.5,60.0,4,30,0.9998437244212255,0.0,8.0,28.0,False
injected,1.5,60.0,4,60,0.07620388598073902,4.0,30.0,19.0,False
injected,1.5,60.0,4,120,0.1110264100780114,4.0,26.0,17.0,False
injected_any,1.5,60.0,4,0,,,,,False
injected,1.5,60.0,5,30,0.9999982672743499,0.0,5.0,30.0,False
injected,1.5,60.0,5,60,0.10580428438075806,3.0,31.0,21.0,False
injected,1.5,60.0,5,120,0.17444443972453882,3.0,24.0,17.0,False
injected_any,1.5,60.0,5,0,,,,,False
injected,1.5,60.0,6,30,0.9998437244212255,0.0,8.0,28.0,False
injected,1.5,60.0,6,60,0.1509978065948303,3.0,27.0,19.0,False
injected,1.5,60.0,6,120,0.23656482994556427,3.0,18.0,13.0,False
injected_any,1.5,60.0,6,0,,,,,False
injected,1.5,60.0,7,30,0.9980334134888835,0.0,10.0,26.0,False
injected,1.5,60.0,7,60,0.07620388598073902,4.0,30.0,19.0,False
injected,1.5,60.0,7,120,0.09387077949941158,3.0,23.0,14.0,False
injected_any,1.5,60.0,7,0,,,,,False
injected,1.5,60.0,8,30,0.9997640066285385,0.0,9.0,29.0,False
injected,1.5,60.0,8,60,0.03299701722789905,3.0,28.0,15.0,False
injected,1.5,60.0,8,120,0.10551179880440031,3.0,25.0,16.0,False
injected_any,1.5,60.0,8,0,,,,,False
injected,1.5,60.0,9,30,0.9998437244212255,0.0,8.0,28.0,False
injected,1.5,60.0,9,60,0.05863760297870613,3.0,26.0,15.0,False
injected,1.5,60.0,9,120,0.06624908198136838,3.0,23.0,13.0,False
injected_any,1.5,60.0,9,0,,,,,False
injected,1.5,60.0,10,30,0.9999962862348184,0.0,6.0,31.0,False
injected,1.5,60.0,10,60,0.05570144553050939,4.0,30.0,18.0,False
injected,1.5,60.0,10,120,0.1279375397716649,4.0,23.0,15.0,False
injected_any,1.5,60.0,10,0,,,,,False
injected,1.5,60.0,11,30,0.9995893023442477,0.0,8.0,26.0,False
injected,1.5,60.0,11,60,0.017848901777597348,4.0,30.0,15.0,False
injected,1.5,60.0,11,120,0.06624908198136838,4.0,23.0,13.0,False
injected_any,1.5,60.0,11,0,,,,,False
injected,1.5,60.0,12,30,0.9999024372082204,0.0,7.0,27.0,False
injected,1.5,60.0,12,60,0.05946022627971814,4.0,31.0,19.0,False
injected,1.5,60.0,12,120,0.06072474247775972,4.0,22.0,12.0,False
injected_any,1.5,60.0,12,0,,,,,False
injected,1.5,60.0,13,30,0.9994033785187639,0.0,9.0,27.0,False
injected,1.5,60.0,13,60,0.08708557363536329,4.0,27.0,17.0,False
injected,1.5,60.0,13,120,0.087732624495402,4.0,22.0,13.0,False
injected_any,1.5,60.0,13,0,,,,,False
injected,1.5,60.0,14,30,0.9999793712049723,0.0,7.0,30.0,False
injected,1.5,60.0,14,60,0.16111816017877345,3.0,29.0,21.0,False
injected,1.5,60.0,14,120,0.07692997208141605,4.0,25.0,15.0,False
injected_any,1.5,60.0,14,0,,,,,False
injected,1.5,60.0,15,30,0.9991709737369092,1.0,10.0,28.0,False
injected,1.5,60.0,15,60,0.1801888264678837,3.0,25.0,18.0,False
injected,1.5,60.0,15,120,0.04357927665114403,3.0,19.0,9.0,False
injected_any,1.5,60.0,15,0,,,,,False
injected,1.5,60.0,16,30,0.9992845468223095,0.0,7.0,23.0,False
injected,1.5,60.0,16,60,0.03519711053353114,4.0,33.0,19.0,False
injected,1.5,60.0,16,120,0.09979543345980349,3.0,24.0,15.0,False
injected_any,1.5,60.0,16,0,,,,,False
injected,1.5,60.0,17,30,0.9999998323419277,0.0,5.0,34.0,False
injected,1.5,60.0,17,60,0.2757421649012599,2.0,25.0,20.0,False
injected,1.5,60.0,17,120,0.11474050651304424,4.0,21.0,13.0,False
injected_any,1.5,60.0,17,0,,,,,False
injected,1.5,60.0,18,30,0.999745869776234,0.0,8.0,27.0,False
injected,1.5,60.0,18,60,0.04918532422024591,4.0,33.0,20.0,False
injected,1.5,60.0,18,120,0.028806336456909776,4.0,23.0,11.0,False
injected_any,1.5,60.0,18,0,,,,,False
injected,1.5,60.0,19,30,0.9990608872612938,0.0,9.0,26.0,False
injected,1.5,60.0,19,60,0.06683711768205261,3.0,33.0,21.0,False
injected,1.5,60.0,19,120,0.10024421103298667,3.0,19.0,11.0,False
injected_any,1.5,60.0,19,0,,,,,False
injected,1.5,60.0,20,30,0.9999878287198953,0.0,7.0,31.0,False
injected,1.5,60.0,20,60,0.2005309955139687,4.0,29.0,22.0,False
injected,1.5,60.0,20,120,0.2611986902484206,3.0,22.0,17.0,False
injected_any,1.5,60.0,20,0,,,,,False
injected,1.5,60.0,21,30,0.9999903494026512,0.0,5.0,27.0,False
injected,1.5,60.0,21,60,0.08038980090599424,3.0,31.0,20.0,False
injected,1.5,60.0,21,120,0.22039953367129783,2.0,24.0,18.0,False
injected_any,1.5,60.0,21,0,,,,,False
injected,1.5,60.0,22,30,0.9997324736323208,0.0,7.0,25.0,False
injected,1.5,60.0,22,60,0.022023273051075383,4.0,36.0,20.0,False
injected,1.5,60.0,22,120,0.09979543345980349,3.0,24.0,15.0,False
injected_any,1.5,60.0,22,0,,,,,False
injected,1.5,60.0,23,30,0.9990608872612938,0.0,9.0,26.0,False
injected,1.5,60.0,23,60,0.04271656657869727,4.0,31.0,18.0,False
injected,1.5,60.0,23,120,0.2025161230703816,3.0,21.0,15.0,False
injected_any,1.5,60.0,23,0,,,,,False
injected,1.5,60.0,24,30,0.9996235514699947,0.0,9.0,28.0,False
injected,1.5,60.0,24,60,0.12148010864166278,3.0,28.0,19.0,False
injected,1.5,60.0,24,120,0.1481031842995435,4.0,20.0,13.0,False
injected_any,1.5,60.0,24,0,,,,,False
injected,1.5,60.0,25,30,0.9999044617870823,0.0,8.0,29.0,False
injected,1.5,60.0,25,60,0.235439506810856,4.0,27.0,21.0,False
injected,1.5,60.0,25,120,0.12149247701745483,3.0,22.0,14.0,False
injected_any,1.5,60.0,25,0,,,,,False
injected,1.5,60.0,26,30,0.9999044617870823,0.0,8.0,29.0,False
injected,1.5,60.0,26,60,0.09670632643096869,4.0,29.0,19.0,False
injected,1.5,60.0,26,120,0.19576415256597102,4.0,20.0,14.0,False
injected_any,1.5,60.0,26,0,,,,,False
injected,1.5,60.0,27,30,0.9999419164960273,0.0,8.0,30.0,False
injected,1.5,60.0,27,60,0.07620388598073902,4.0,30.0,19.0,False
injected,1.5,60.0,27,120,0.08708557363536329,3.0,27.0,17.0,False
injected_any,1.5,60.0,27,0,,,,,False
injected,1.5,60.0,28,30,0.9999790329210327,0.0,9.0,34.0,False
injected,1.5,60.0,28,60,0.15616340373663468,4.0,28.0,20.0,False
injected,1.5,60.0,28,120,0.06072474247775972,4.0,22.0,12.0,False
injected_any,1.5,60.0,28,0,,,,,False
injected,1.5,60.0,29,30,0.9999969175551087,0.0,5.0,29.0,False
injected,1.5,60.0,29,60,0.1312187678555219,3.0,30.0,21.0,False
injected,1.5,60.0,29,120,0.31355128507857444,2.0,21.0,17.0,False
injected_any,1.5,60.0,29,0,,,,,False
injected,1.5,60.0,30,30,0.9995893023442477,0.0,8.0,26.0,False
injected,1.5,60.0,30,60,0.04271656657869727,4.0,31.0,18.0,False
injected,1.5,60.0,30,120,0.09979543345980349,3.0,24.0,15.0,False
injected_any,1.5,60.0,30,0,,,,,False
injected,1.5,60.0,31,30,0.9999807209242135,0.0,6.0,28.0,False
injected,1.5,60.0,31,60,0.1110264100780114,4.0,26.0,17.0,False
injected,1.5,60.0,31,120,0.017849069088697433,4.0,20.0,8.0,False
injected_any,1.5,60.0,31,0,,,,,False
injected,1.5,60.0,32,30,0.9999039024114609,0.0,6.0,25.0,False
injected,1.5,60.0,32,60,0.19580145527374526,2.0,28.0,21.0,False
injected,1.5,60.0,32,120,0.08708557363536329,3.0,27.0,17.0,False
injected_any,1.5,60.0,32,0,,,,,False
injected,1.5,60.0,33,30,0.9999807209242135,0.0,6.0,28.0,False
injected,1.5,60.0,33,60,0.06317353790696068,4.0,32.0,20.0,False
injected,1.5,60.0,33,120,0.06624908198136838,4.0,23.0,13.0,False
injected_any,1.5,60.0,33,0,,,,,False
injected,1.5,60.0,34,30,0.9998437244212255,0.0,8.0,28.0,False
injected,1.5,60.0,34,60,0.045957274907927115,4.0,32.0,19.0,False
injected,1.5,60.0,34,120,0.06624908198136838,4.0,23.0,13.0,False
injected_any,1.5,60.0,34,0,,,,,False
injected,1.5,60.0,35,30,0.9999878287198953,0.0,7.0,31.0,False
injected,1.5,60.0,35,60,0.13583958303275168,3.0,31.0,22.0,False
injected,1.5,60.0,35,120,0.10551179880440031,3.0,25.0,16.0,False
injected_any,1.5,60.0,35,0,,,,,False
injected,1.5,60.0,36,30,0.9993406364228576,0.0,8.0,25.0,False
injected,1.5,60.0,36,60,0.1658748816847453,4.0,30.0,22.0,False
injected,1.5,60.0,36,120,0.1481031842995435,3.0,20.0,13.0,False
injected_any,1.5,60.0,36,0,,,,,False
injected,1.5,60.0,37,30,0.9999987850460457,0.0,6.0,33.0,False
injected,1.5,60.0,37,60,0.4388071643761577,2.0,22.0,20.0,False
injected,1.5,60.0,37,120,0.360050065908581,2.0,17.0,14.0,False
injected_any,1.5,60.0,37,0,,,,,False
injected,1.5,60.0,38,30,0.9996602258725034,0.0,10.0,30.0,False
injected,1.5,60.0,38,60,0.08038980090599424,4.0,31.0,20.0,False
injected,1.5,60.0,38,120,0.2497799166012556,3.0,20.0,15.0,False
injected_any,1.5,60.0,38,0,,,,,False
injected,1.5,60.0,39,30,0.9999935432570055,0.0,6.0,30.0,False
injected,1.5,60.0,39,60,0.12643486508380164,4.0,29.0,20.0,False
injected,1.5,60.0,39,120,0.07480639219284058,4.0,20.0,11.0,False
injected_any,1.5,60.0,39,0,,,,,False
injected,1.5,60.0,40,30,0.999965199152939,0.0,7.0,29.0,False
injected,1.5,60.0,40,60,0.10131937553227033,3.0,30.0,20.0,False
injected,1.5,60.0,40,120,0.14560761827294755,3.0,26.0,18.0,False
injected_any,1.5,60.0,40,0,,,,,False
injected,1.5,60.0,41,30,0.9999830233864486,0.0,5.0,26.0,False
injected,1.5,60.0,41,60,0.22039953367129783,4.0,24.0,18.0,False
injected,1.5,60.0,41,120,0.1279375397716649,4.0,23.0,15.0,False
injected_any,1.5,60.0,41,0,,,,,False
injected,1.5,60.0,42,30,0.9999935432570055,0.0,6.0,30.0,False
injected,1.5,60.0,42,60,0.29156607713058813,4.0,29.0,24.0,False
injected,1.5,60.0,42,120,0.38039582128067195,2.0,23.0,20.0,False
injected_any,1.5,60.0,42,0,,,,,False
injected,1.5,60.0,43,30,0.9994033785187639,0.0,9.0,27.0,False
injected,1.5,60.0,43,60,0.051902677752053705,3.0,29.0,17.0,False
injected,1.5,60.0,43,120,0.049368573352694525,4.0,20.0,10.0,False
injected_any,1.5,60.0,43,0,,,,,False
injected,1.5,60.0,44,30,0.9999793712049723,0.0,7.0,30.0,False
injected,1.5,60.0,44,60,0.1856490172355052,3.0,26.0,19.0,False
injected,1.5,60.0,44,120,0.564292660317733,2.0,19.0,19.0,False
injected_any,1.5,60.0,44,0,,,,,False
injected,1.5,60.0,45,30,0.9998437244212255,0.0,8.0,28.0,False
injected,1.5,60.0,45,60,0.10580428438075806,3.0,31.0,21.0,False
injected,1.5,60.0,45,120,0.3679394004284405,3.0,19.0,16.0,False
injected_any,1.5,60.0,45,0,,,,,False
injected,1.5,60.0,46,30,0.9999788614886711,0.0,8.0,32.0,False
injected,1.5,60.0,46,60,0.05558055955199673,4.0,35.0,22.0,False
injected,1.5,60.0,46,120,0.12149247701745483,3.0,22.0,14.0,False
injected_any,1.5,60.0,46,0,,,,,False
injected,1.5,60.0,47,30,0.999941579066217,0.0,7.0,28.0,False
injected,1.5,60.0,47,60,0.1312187678555219,3.0,30.0,21.0,False
injected,1.5,60.0,47,120,0.271192005928242,3.0,24.0,19.0,False
injected_any,1.5,60.0,47,0,,,,,False
injected,1.5,60.0,48,30,0.9999024372082204,0.0,7.0,27.0,False
injected,1.5,60.0,48,60,0.14560761827294755,4.0,26.0,18.0,False
injected,1.5,60.0,48,120,0.2025161230703816,2.0,21.0,15.0,False
injected_any,1.5,60.0,48,0,,,,,False
injected,1.5,60.0,49,30,0.9999888192396611,0.0,6.0,29.0,False
injected,1.5,60.0,49,60,0.05239474121330166,4.0,34.0,21.0,False
injected,1.5,60.0,49,120,0.22569041619806285,3.0,25.0,19.0,False
injected_any,1.5,60.0,49,0,,,,,False
injected,2.0,15.0,0,30,8.205242041370298e-16,4.0,59.0,2.0,True
injected,2.0,15.0,0,60,6.227257073054826e-07,4.0,46.0,10.0,True
injected,2.0,15.0,0,120,1.372024416923523e-05,4.0,25.0,3.0,True
injected_any,2.0,15.0,0,0,,,,,True
injected,2.0,15.0,1,30,1.6428698679238352e-14,4.0,58.0,3.0,True
injected,2.0,15.0,1,60,2.5628146248443673e-06,4.0,47.0,12.0,True
injected,2.0,15.0,1,120,0.0001620317343622446,4.0,27.0,6.0,True
injected_any,2.0,15.0,1,0,,,,,True
injected,2.0,15.0,2,30,1.5881393422567669e-15,4.0,58.0,2.0,True
injected,2.0,15.0,2,60,3.644215388343141e-07,4.0,45.0,9.0,True
injected,2.0,15.0,2,120,9.553821291774511e-05,4.0,30.0,7.0,True
injected_any,2.0,15.0,2,0,,,,,True
injected,2.0,15.0,3,30,4.2370620900733513e-16,4.0,60.0,2.0,True
injected,2.0,15.0,3,60,3.433558868337627e-07,4.0,43.0,8.0,True
injected,2.0,15.0,3,120,0.003213288047845708,4.0,29.0,11.0,True
injected_any,2.0,15.0,3,0,,,,,True
injected,2.0,15.0,4,30,5.816744655384731e-17,4.0,63.0,2.0,True
injected,2.0,15.0,4,60,2.202968119036086e-08,4.0,41.0,5.0,True
injected,2.0,15.0,4,120,0.001966586511116475,4.0,27.0,9.0,True
injected_any,2.0,15.0,4,0,,,,,True
injected,2.0,15.0,5,30,4.524158825347513e-15,4.0,60.0,3.0,True
injected,2.0,15.0,5,60,6.104255088068555e-07,4.0,44.0,9.0,True
injected,2.0,15.0,5,120,0.005336920265108347,4.0,23.0,8.0,True
injected_any,2.0,15.0,5,0,,,,,True
injected,2.0,15.0,6,30,7.097669891056868e-14,4.0,62.0,5.0,True
injected,2.0,15.0,6,60,6.92167748672645e-08,4.0,46.0,8.0,True
injected,2.0,15.0,6,120,0.00045611709356307983,4.0,23.0,5.0,True
injected_any,2.0,15.0,6,0,,,,,True
injected,2.0,15.0,7,30,8.62461144168769e-15,4.0,59.0,3.0,True
injected,2.0,15.0,7,60,9.823268882769298e-07,4.0,41.0,8.0,True
injected,2.0,15.0,7,120,5.808350397273898e-05,4.0,31.0,7.0,True
injected_any,2.0,15.0,7,0,,,,,True
injected,2.0,15.0,8,30,1.0417719204652842e-14,4.0,62.0,4.0,True
injected,2.0,15.0,8,60,6.92167748672645e-08,4.0,46.0,8.0,True
injected,2.0,15.0,8,120,0.0001620317343622446,4.0,27.0,6.0,True
injected_any,2.0,15.0,8,0,,,,,True
injected,2.0,15.0,9,30,1.0408340855860843e-16,4.0,58.0,1.0,True
injected,2.0,15.0,9,60,2.0015980872756245e-08,4.0,46.0,7.0,True
injected,2.0,15.0,9,120,8.999556303024292e-05,4.0,24.0,4.0,True
injected_any,2.0,15.0,9,0,,,,,True
injected,2.0,15.0,10,30,2.3714212017689196e-15,4.0,61.0,3.0,True
injected,2.0,15.0,10,60,2.1681915685078934e-07,4.0,46.0,9.0,True
injected,2.0,15.0,10,120,0.0006593635771423578,4.0,26.0,7.0,True
injected_any,2.0,15.0,10,0,,,,,True
injected,2.0,15.0,11,30,1.7775155804720943e-16,4.0,65.0,3.0,True
injected,2.0,15.0,11,60,2.550095246078854e-09,4.0,42.0,4.0,True
injected,2.0,15.0,11,120,3.3020973205566406e-05,4.0,21.0,2.0,True
injected_any,2.0,15.0,11,0,,,,,True
injected,2.0,15.0,12,30,1.9593322190397666e-14,4.0,61.0,4.0,True
injected,2.0,15.0,12,60,2.1681915685078934e-07,4.0,46.0,9.0,True
injected,2.0,15.0,12,120,0.0016634464263916016,4.0,24.0,7.0,True
injected_any,2.0,15.0,12,0,,,,,True
injected,2.0,15.0,13,30,1.9593322190397666e-14,4.0,61.0,4.0,True
injected,2.0,15.0,13,60,1.1841756886177279e-07,4.0,45.0,8.0,True
injected,2.0,15.0,13,120,1.697661355137825e-05,4.0,27.0,4.0,True
injected_any,2.0,15.0,13,0,,,,,True
injected,2.0,15.0,14,30,2.482325163564308e-12,4.0,59.0,6.0,True
injected,2.0,15.0,14,60,1.6944139744623499e-06,4.0,42.0,9.0,True
injected,2.0,15.0,14,120,0.00015627557877451181,4.0,29.0,7.0,True
injected_any,2.0,15.0,14,0,,,,,True
injected,2.0,15.0,15,30,1.5543122344752192e-15,4.0,54.0,1.0,True
injected,2.0,15.0,15,60,5.354559107217938e-07,4.0,40.0,7.0,True
injected,2.0,15.0,15,120,0.0002541302237659693,4.0,28.0,7.0,True
injected_any,2.0,15.0,15,0,,,,,True
injected,2.0,15.0,16,30,1.9593322190397666e-14,4.0,61.0,4.0,True
injected,2.0,15.0,16,60,1.0157972680224783e-06,4.0,47.0,11.0,True
injected,2.0,15.0,16,120,3.480084706097841e-05,4.0,30.0,6.0,True
injected_any,2.0,15.0,16,0,,,,,True
injected,2.0,15.0,17,30,2.688821387764051e-17,4.0,60.0,1.0,True
injected,2.0,15.0,17,60,6.543793062974146e-09,4.0,48.0,7.0,True
injected,2.0,15.0,17,120,0.00045611709356307983,4.0,23.0,5.0,True
injected_any,2.0,15.0,17,0,,,,,True
injected,2.0,15.0,18,30,4.2370620900733513e-16,4.0,60.0,2.0,True
injected,2.0,15.0,18,60,3.79857922894189e-09,4.0,44.0,5.0,True
injected,2.0,15.0,18,120,3.480084706097841e-05,4.0,30.0,6.0,True
injected_any,2.0,15.0,18,0,,,,,True
injected,2.0,15.0,19,30,2.427472285682075e-13,4.0,57.0,4.0,True
injected,2.0,15.0,19,60,5.162910987621672e-09,4.0,46.0,6.0,True
injected,2.0,15.0,19,120,7.005874067544937e-07,4.0,30.0,3.0,True
injected_any,2.0,15.0,19,0,,,,,True
injected,2.0,15.0,20,30,2.3714212017689196e-15,4.0,61.0,3.0,True
injected,2.0,15.0,20,60,1.7943958064758903e-05,4.0,41.0,11.0,True
injected,2.0,15.0,20,120,0.036475694258115254,4.0,25.0,13.0,False
injected_any,2.0,15.0,20,0,,,,,True
injected,2.0,15.0,21,30,1.2421162189080182e-15,4.0,62.0,3.0,True
injected,2.0,15.0,21,60,1.285786024041169e-07,4.0,47.0,9.0,True
injected,2.0,15.0,21,120,9.609758853912354e-05,4.0,26.0,5.0,True
injected_any,2.0,15.0,21,0,,,,,True
injected,2.0,15.0,22,30,6.660654380404268e-14,4.0,65.0,6.0,True
injected,2.0,15.0,22,60,1.5079760423211688e-06,4.0,50.0,13.0,True
injected,2.0,15.0,22,120,1.7327256500720978e-06,4.0,31.0,4.0,True
injected_any,2.0,15.0,22,0,,,,,True
injected,2.0,15.0,23,30,6.501418327309327e-16,4.0,63.0,3.0,True
injected,2.0,15.0,23,60,3.618587618708512e-07,4.0,53.0,13.0,True
injected,2.0,15.0,23,120,7.618218660354614e-06,4.0,26.0,3.0,True
injected_any,2.0,15.0,23,0,,,,,True
injected,2.0,15.0,24,30,1.1476930517062556e-14,4.0,55.0,2.0,True
injected,2.0,15.0,24,60,7.00652872809293e-06,4.0,43.0,11.0,True
injected,2.0,15.0,24,120,0.0005966214812360704,4.0,28.0,8.0,True
injected_any,2.0,15.0,24,0,,,,,True
injected,2.0,15.0,25,30,1.1281123604711674e-16,4.0,62.0,2.0,True
injected,2.0,15.0,25,60,6.840242150474297e-09,4.0,43.0,5.0,True
injected,2.0,15.0,25,120,0.0009391127387061716,4.0,27.0,8.0,True
injected_any,2.0,15.0,25,0,,,,,True
injected,2.0,15.0,26,30,1.2958796362372293e-13,4.0,58.0,4.0,True
injected,2.0,15.0,26,60,9.583893398112941e-06,4.0,46.0,13.0,True
injected,2.0,15.0,26,120,0.005665492091793567,4.0,26.0,10.0,True
injected_any,2.0,15.0,26,0,,,,,True
injected,2.0,15.0,27,30,1.7775155804720943e-16,4.0,65.0,3.0,True
injected,2.0,15.0,27,60,3.756521548547997e-07,4.0,47.0,10.0,True
injected,2.0,15.0,27,120,0.003816039301455021,4.0,27.0,10.0,True
injected_any,2.0,15.0,27,0,,,,,True
injected,2.0,15.0,28,30,1.2421162189080182e-15,4.0,62.0,3.0,True
injected,2.0,15.0,28,60,6.208141130892297e-07,4.0,48.0,11.0,True
injected,2.0,15.0,28,120,0.004065029323101044,4.0,22.0,7.0,True
injected_any,2.0,15.0,28,0,,,,,True
injected,2.0,15.0,29,30,8.62461144168769e-15,4.0,59.0,3.0,True
injected,2.0,15.0,29,60,3.7806404911983754e-07,4.0,49.0,11.0,True
injected,2.0,15.0,29,120,0.0026114396750926976,4.0,23.0,7.0,True
injected_any,2.0,15.0,29,0,,,,,True
injected,2.0,15.0,30,30,5.2909066017292616e-17,4.0,59.0,1.0,True
injected,2.0,15.0,30,60,3.756521548547997e-07,4.0,47.0,10.0,True
injected,2.0,15.0,30,120,0.0002541302237659693,4.0,28.0,7.0,True
injected_any,2.0,15.0,30,0,,,,,True
injected,2.0,15.0,31,30,6.938893903907228e-18,4.0,62.0,1.0,True
injected,2.0,15.0,31,60,1.3905960827287345e-09,4.0,43.0,4.0,True
injected,2.0,15.0,31,120,2.86102294921875e-06,4.0,22.0,1.0,True
injected_any,2.0,15.0,31,0,,,,,True
injected,2.0,15.0,32,30,2.1868357819032624e-16,4.0,61.0,2.0,True
injected,2.0,15.0,32,60,2.104926011270436e-09,4.0,45.0,5.0,True
injected,2.0,15.0,32,120,5.808350397273898e-05,4.0,31.0,7.0,True
injected_any,2.0,15.0,32,0,,,,,True
injected,2.0,15.0,33,30,1.1281123604711674e-16,4.0,62.0,2.0,True
injected,2.0,15.0,33,60,1.0286322577601759e-06,4.0,45.0,10.0,True
injected,2.0,15.0,33,120,0.0006593635771423578,4.0,26.0,7.0,True
injected_any,2.0,15.0,33,0,,,,,True
injected,2.0,15.0,34,30,7.951945308823372e-18,4.0,66.0,2.0,True
injected,2.0,15.0,34,60,6.424114573633233e-10,4.0,47.0,5.0,True
injected,2.0,15.0,34,120,2.4616718292236328e-05,4.0,24.0,3.0,True
injected_any,2.0,15.0,34,0,,,,,True
injected,2.0,15.0,35,30,4.2370620900733513e-16,4.0,60.0,2.0,True
injected,2.0,15.0,35,60,6.057628709754681e-08,4.0,44.0,7.0,True
injected,2.0,15.0,35,120,5.808350397273898e-05,4.0,31.0,7.0,True
injected_any,2.0,15.0,35,0,,,,,True
injected,2.0,15.0,36,30,5.995204332975845e-15,4.0,52.0,1.0,True
injected,2.0,15.0,36,60,9.15771636300633e-07,4.0,39.0,7.0,True
injected,2.0,15.0,36,120,0.0008290262630907819,4.0,29.0,9.0,True
injected_any,2.0,15.0,36,0,,,,,True
injected,2.0,15.0,37,30,1.1102230246251565e-16,4.0,53.0,0.0,True
injected,2.0,15.0,37,60,1.5514018514295458e-07,4.0,40.0,6.0,True
injected,2.0,15.0,37,120,0.0067654934246093035,4.0,24.0,9.0,True
injected_any,2.0,15.0,37,0,,,,,True
injected,2.0,15.0,38,30,8.62461144168769e-15,4.0,59.0,3.0,True
injected,2.0,15.0,38,60,1.0188849306480563e-06,4.0,43.0,9.0,True
injected,2.0,15.0,38,120,0.00015627557877451181,4.0,29.0,7.0,True
injected_any,2.0,15.0,38,0,,,,,True
injected,2.0,15.0,39,30,2.1868357819032624e-16,4.0,61.0,2.0,True
injected,2.0,15.0,39,60,9.161814418234826e-09,4.0,45.0,6.0,True
injected,2.0,15.0,39,120,0.0004106976557523012,4.0,27.0,7.0,True
injected_any,2.0,15.0,39,0,,,,,True
injected,2.0,15.0,40,30,3.8255314714630284e-14,4.0,63.0,5.0,True
injected,2.0,15.0,40,60,6.227257073054826e-07,4.0,46.0,10.0,True
injected,2.0,15.0,40,120,0.0005966214812360704,4.0,28.0,8.0,True
injected_any,2.0,15.0,40,0,,,,,True
injected,2.0,15.0,41,30,8.62461144168769e-15,4.0,59.0,3.0,True
injected,2.0,15.0,41,60,6.057628709754681e-08,4.0,44.0,7.0,True
injected,2.0,15.0,41,120,0.00016245711594820025,4.0,25.0,5.0,True
injected_any,2.0,15.0,41,0,,,,,True
injected,2.0,15.0,42,30,1.6428698679238352e-14,4.0,58.0,3.0,True
injected,2.0,15.0,42,60,1.6559423811901561e-06,4.0,46.0,11.0,True
injected,2.0,15.0,42,120,0.0004703370141214691,4.0,32.0,10.0,True
injected_any,2.0,15.0,42,0,,,,,True
injected,2.0,15.0,43,30,3.0721952759549254e-15,4.0,57.0,2.0,True
injected,2.0,15.0,43,60,4.715187742476701e-07,4.0,38.0,6.0,True
injected,2.0,15.0,43,120,0.00016245711594820025,4.0,25.0,5.0,True
injected_any,2.0,15.0,43,0,,,,,True
injected,2.0,15.0,44,30,3.1269258016219936e-14,4.0,57.0,3.0,True
injected,2.0,15.0,44,60,2.68915905507483e-06,4.0,45.0,11.0,True
injected,2.0,15.0,44,120,0.010030803503468633,4.0,23.0,9.0,True
injected_any,2.0,15.0,44,0,,,,,True
injected,2.0,15.0,45,30,1.5881393422567669e-15,4.0,58.0,2.0,True
injected,2.0,15.0,45,60,1.6944139744623499e-06,4.0,42.0,9.0,True
injected,2.0,15.0,45,120,0.0010512007866054773,4.0,25.0,7.0,True
injected_any,2.0,15.0,45,0,,,,,True
injected,2.0,15.0,46,30,6.501418327309327e-16,4.0,63.0,3.0,True
injected,2.0,15.0,46,60,3.7806404911983754e-07,4.0,49.0,11.0,True
injected,2.0,15.0,46,120,0.00016245711594820025,4.0,25.0,5.0,True
injected_any,2.0,15.0,46,0,,,,,True
injected,2.0,15.0,47,30,4.2370620900733513e-16,4.0,60.0,2.0,True
injected,2.0,15.0,47,60,1.0188849306480563e-06,4.0,43.0,9.0,True
injected,2.0,15.0,47,120,0.0011107168866146822,4.0,30.0,10.0,True
injected_any,2.0,15.0,47,0,,,,,True
injected,2.0,15.0,48,30,1.9593322190397666e-14,4.0,61.0,4.0,True
injected,2.0,15.0,48,60,2.294415609753117e-07,4.0,50.0,11.0,True
injected,2.0,15.0,48,120,0.0006593635771423578,4.0,26.0,7.0,True
injected_any,2.0,15.0,48,0,,,,,True
injected,2.0,15.0,49,30,2.0596154989838134e-14,4.0,64.0,5.0,True
injected,2.0,15.0,49,60,2.6324160511126404e-08,4.0,50.0,9.0,True
injected,2.0,15.0,49,120,0.0035001833457499743,4.0,24.0,8.0,True
injected_any,2.0,15.0,49,0,,,,,True
injected,2.0,30.0,0,30,1.6928429766860373e-06,4.0,44.0,10.0,True
injected,2.0,30.0,0,60,0.000920777394246272,4.0,40.0,16.0,True
injected,2.0,30.0,0,120,0.0018595829606056213,4.0,22.0,6.0,True
injected_any,2.0,30.0,0,0,,,,,True
injected,2.0,30.0,1,30,2.0015980872756245e-08,4.0,46.0,7.0,True
injected,2.0,30.0,1,60,0.0013010857283610733,4.0,36.0,14.0,True
injected,2.0,30.0,1,120,0.028806336456909776,3.0,23.0,11.0,False
injected_any,2.0,30.0,1,0,,,,,True
injected,2.0,30.0,2,30,2.8638826421456542e-08,4.0,43.0,6.0,True
injected,2.0,30.0,2,60,0.001900827204874389,4.0,35.0,14.0,True
injected,2.0,30.0,2,120,0.004737652139738202,4.0,28.0,11.0,True
injected_any,2.0,30.0,2,0,,,,,True
injected,2.0,30.0,3,30,1.2289888218219858e-08,4.0,42.0,5.0,True
injected,2.0,30.0,3,60,0.005486781449860256,4.0,35.0,16.0,True
injected,2.0,30.0,3,120,0.09979543345980349,3.0,24.0,15.0,False
injected_any,2.0,30.0,3,0,,,,,True
injected,2.0,30.0,4,30,1.049338713698944e-07,4.0,43.0,7.0,True
injected,2.0,30.0,4,60,0.00013576961714534266,4.0,33.0,9.0,True
injected,2.0,30.0,4,120,0.008294501687487355,4.0,28.0,12.0,True
injected_any,2.0,30.0,4,0,,,,,True
injected,2.0,30.0,5,30,1.6218702825199216e-08,4.0,44.0,6.0,True
injected,2.0,30.0,5,60,0.004536670169793587,4.0,37.0,17.0,True
injected,2.0,30.0,5,120,0.07165332714794204,4.0,24.0,14.0,False
injected_any,2.0,30.0,5,0,,,,,True
injected,2.0,30.0,6,30,2.0196608696565477e-07,4.0,44.0,8.0,True
injected,2.0,30.0,6,60,0.0008207456704241167,4.0,34.0,12.0,True
injected,2.0,30.0,6,120,0.02662595704896376,3.0,26.0,13.0,False
injected_any,2.0,30.0,6,0,,,,,True
injected,2.0,30.0,7,30,5.81777902297631e-07,4.0,42.0,8.0,True
injected,2.0,30.0,7,60,0.0008207456704241167,4.0,34.0,12.0,True
injected,2.0,30.0,7,120,0.009760236391230137,4.0,29.0,13.0,True
injected_any,2.0,30.0,7,0,,,,,True
injected,2.0,30.0,8,30,2.2583095815598147e-07,4.0,48.0,10.0,True
injected,2.0,30.0,8,60,0.0013010857283610733,4.0,36.0,14.0,True
injected,2.0,30.0,8,120,0.0067654934246093035,4.0,24.0,9.0,True
injected_any,2.0,30.0,8,0,,,,,True
injected,2.0,30.0,9,30,1.2289888218219858e-08,4.0,42.0,5.0,True
injected,2.0,30.0,9,60,8.507758730047499e-05,4.0,34.0,9.0,True
injected,2.0,30.0,9,120,0.0035001833457499743,4.0,24.0,8.0,True
injected_any,2.0,30.0,9,0,,,,,True
injected,2.0,30.0,10,30,2.1681915685078934e-07,4.0,46.0,9.0,True
injected,2.0,30.0,10,60,0.001900827204874389,4.0,35.0,14.0,True
injected,2.0,30.0,10,120,0.020479795755818493,3.0,24.0,11.0,False
injected_any,2.0,30.0,10,0,,,,,True
injected,2.0,30.0,11,30,6.92167748672645e-08,4.0,46.0,8.0,True
injected,2.0,30.0,11,60,0.00019406545146694043,4.0,34.0,10.0,True
injected,2.0,30.0,11,120,0.01205977238714695,4.0,21.0,8.0,True
injected_any,2.0,30.0,11,0,,,,,True
injected,2.0,30.0,12,30,6.227257073054826e-07,4.0,46.0,10.0,True
injected,2.0,30.0,12,60,0.0005442691032371271,4.0,35.0,12.0,True
injected,2.0,30.0,12,120,0.012153255054727197,4.0,24.0,10.0,True
injected_any,2.0,30.0,12,0,,,,,True
injected,2.0,30.0,13,30,2.0015980872756245e-08,4.0,46.0,7.0,True
injected,2.0,30.0,13,60,0.00035863483669729146,4.0,36.0,12.0,True
injected,2.0,30.0,13,120,0.0009391127387061716,4.0,27.0,8.0,True
injected_any,2.0,30.0,13,0,,,,,True
injected,2.0,30.0,14,30,3.644215388343141e-07,4.0,45.0,9.0,True
injected,2.0,30.0,14,60,0.0022669307910945236,4.0,33.0,13.0,True
injected,2.0,30.0,14,120,0.0025488216488156468,4.0,28.0,10.0,True
injected_any,2.0,30.0,14,0,,,,,True
injected,2.0,30.0,15,30,3.433558868337627e-07,4.0,43.0,8.0,True
injected,2.0,30.0,15,60,0.0004106976557523012,4.0,27.0,7.0,True
injected,2.0,30.0,15,120,0.0067654934246093035,3.0,24.0,9.0,True
injected_any,2.0,30.0,15,0,,,,,True
injected,2.0,30.0,16,30,1.6559423811901561e-06,4.0,46.0,11.0,True
injected,2.0,30.0,16,60,0.00031052172811385503,4.0,38.0,13.0,True
injected,2.0,30.0,16,120,0.0011107168866146822,4.0,30.0,10.0,True
injected_any,2.0,30.0,16,0,,,,,True
injected,2.0,30.0,17,30,2.104926011270436e-09,4.0,45.0,5.0,True
injected,2.0,30.0,17,60,0.0008207456704241167,4.0,34.0,12.0,True
injected,2.0,30.0,17,120,0.0067654934246093035,4.0,24.0,9.0,True
injected_any,2.0,30.0,17,0,,,,,True
injected,2.0,30.0,18,30,2.8638826421456542e-08,4.0,43.0,6.0,True
injected,2.0,30.0,18,60,4.9244392464231617e-05,4.0,37.0,10.0,True
injected,2.0,30.0,18,120,0.0004106976557523012,4.0,27.0,7.0,True
injected_any,2.0,30.0,18,0,,,,,True
injected,2.0,30.0,19,30,3.120204219442258e-07,4.0,41.0,7.0,True
injected,2.0,30.0,19,60,0.00013427005940958026,4.0,40.0,13.0,True
injected,2.0,30.0,19,120,0.00016245711594820025,4.0,25.0,5.0,True
injected_any,2.0,30.0,19,0,,,,,True
injected,2.0,30.0,20,30,6.104255088068555e-07,4.0,44.0,9.0,True
injected,2.0,30.0,20,60,0.010647057070693577,4.0,33.0,16.0,True
injected,2.0,30.0,20,120,0.17444443972453882,4.0,24.0,17.0,False
injected_any,2.0,30.0,20,0,,,,,True
injected,2.0,30.0,21,30,2.0015980872756245e-08,4.0,46.0,7.0,True
injected,2.0,30.0,21,60,0.00031052172811385503,4.0,38.0,13.0,True
injected,2.0,30.0,21,120,0.0035001833457499743,4.0,24.0,8.0,True
injected_any,2.0,30.0,21,0,,,,,True
injected,2.0,30.0,22,30,3.5347437712728393e-06,4.0,50.0,14.0,True
injected,2.0,30.0,22,60,0.00043089112027106327,4.0,42.0,16.0,True
injected,2.0,30.0,22,120,0.0016634464263916016,4.0,24.0,7.0,True
injected_any,2.0,30.0,22,0,,,,,True
injected,2.0,30.0,23,30,1.285786024041169e-07,4.0,47.0,9.0,True
injected,2.0,30.0,23,60,0.00034278207818919104,4.0,41.0,15.0,True
injected,2.0,30.0,23,120,0.0035001833457499743,4.0,24.0,8.0,True
injected_any,2.0,30.0,23,0,,,,,True
injected,2.0,30.0,24,30,6.104255088068555e-07,4.0,44.0,9.0,True
injected,2.0,30.0,24,60,0.004536670169793587,4.0,37.0,17.0,True
injected,2.0,30.0,24,120,0.008336923900060357,4.0,25.0,10.0,True
injected_any,2.0,30.0,24,0,,,,,True
injected,2.0,30.0,25,30,9.11417247229096e-10,4.0,49.0,6.0,True
injected,2.0,30.0,25,60,0.0005442691032371271,4.0,35.0,12.0,True
injected,2.0,30.0,25,120,0.020479795755818493,4.0,24.0,11.0,False
injected_any,2.0,30.0,25,0,,,,,True
injected,2.0,30.0,26,30,1.6928429766860373e-06,4.0,44.0,10.0,True
injected,2.0,30.0,26,60,0.006330167901207107,4.0,36.0,17.0,True
injected,2.0,30.0,26,120,0.016776219839812256,4.0,26.0,12.0,False
injected_any,2.0,30.0,26,0,,,,,True
injected,2.0,30.0,27,30,2.6324160511126404e-08,4.0,50.0,9.0,True
injected,2.0,30.0,27,60,0.00031052172811385503,4.0,38.0,13.0,True
injected,2.0,30.0,27,120,0.016776219839812256,4.0,26.0,12.0,False
injected_any,2.0,30.0,27,0,,,,,True
injected,2.0,30.0,28,30,3.486905075789082e-08,4.0,45.0,7.0,True
injected,2.0,30.0,28,60,0.002757600742750555,4.0,34.0,14.0,True
injected,2.0,30.0,28,120,0.06072474247775972,3.0,22.0,12.0,False
injected_any,2.0,30.0,28,0,,,,,True
injected,2.0,30.0,29,30,1.1841756886177279e-07,4.0,45.0,8.0,True
injected,2.0,30.0,29,60,0.0013010857283610733,4.0,36.0,14.0,True
injected,2.0,30.0,29,120,0.035377772990614176,3.0,21.0,10.0,False
injected_any,2.0,30.0,29,0,,,,,True
injected,2.0,30.0,30,30,1.049338713698944e-07,4.0,43.0,7.0,True
injected,2.0,30.0,30,60,0.00040116544344748206,4.0,39.0,14.0,True
injected,2.0,30.0,30,120,0.0029940602835267787,4.0,26.0,9.0,True
injected_any,2.0,30.0,30,0,,,,,True
injected,2.0,30.0,31,30,6.057628709754681e-08,4.0,44.0,7.0,True
injected,2.0,30.0,31,60,8.507758730047499e-05,4.0,34.0,9.0,True
injected,2.0,30.0,31,120,0.0004552602767944336,4.0,21.0,4.0,True
injected_any,2.0,30.0,31,0,,,,,True
injected,2.0,30.0,32,30,2.104926011270436e-09,4.0,45.0,5.0,True
injected,2.0,30.0,32,60,7.098534259952771e-05,4.0,38.0,11.0,True
injected,2.0,30.0,32,120,0.0008290262630907819,4.0,29.0,9.0,True
injected_any,2.0,30.0,32,0,,,,,True
injected,2.0,30.0,33,30,6.104255088068555e-07,4.0,44.0,9.0,True
injected,2.0,30.0,33,60,0.001900827204874389,4.0,35.0,14.0,True
injected,2.0,30.0,33,120,0.032622667611576624,4.0,24.0,12.0,False
injected_any,2.0,30.0,33,0,,,,,True
injected,2.0,30.0,34,30,9.161814418234826e-09,4.0,45.0,6.0,True
injected,2.0,30.0,34,60,4.9244392464231617e-05,4.0,37.0,10.0,True
injected,2.0,30.0,34,120,0.0026114396750926976,4.0,23.0,7.0,True
injected_any,2.0,30.0,34,0,,,,,True
injected,2.0,30.0,35,30,1.6218702825199216e-08,4.0,44.0,6.0,True
injected,2.0,30.0,35,60,0.001900827204874389,4.0,35.0,14.0,True
injected,2.0,30.0,35,120,0.011851351235236507,4.0,27.0,12.0,True
injected_any,2.0,30.0,35,0,,,,,True
injected,2.0,30.0,36,30,3.120204219442258e-07,4.0,41.0,7.0,True
injected,2.0,30.0,36,60,0.0022669307910945236,3.0,33.0,13.0,True
injected,2.0,30.0,36,120,0.004737652139738202,4.0,28.0,11.0,True
injected_any,2.0,30.0,36,0,,,,,True
injected,2.0,30.0,37,30,2.104926011270436e-09,4.0,45.0,5.0,True
injected,2.0,30.0,37,60,0.016419568782134242,4.0,33.0,17.0,True
injected,2.0,30.0,37,120,0.032622667611576624,3.0,24.0,12.0,False
injected_any,2.0,30.0,37,0,,,,,True
injected,2.0,30.0,38,30,3.644215388343141e-07,4.0,45.0,9.0,True
injected,2.0,30.0,38,60,0.0022669307910945236,4.0,33.0,13.0,True
injected,2.0,30.0,38,120,0.008294501687487355,4.0,28.0,12.0,True
injected_any,2.0,30.0,38,0,,,,,True
injected,2.0,30.0,39,30,1.1841756886177279e-07,4.0,45.0,8.0,True
injected,2.0,30.0,39,60,0.0004681114554259125,4.0,37.0,13.0,True
injected,2.0,30.0,39,120,0.003816039301455021,4.0,27.0,10.0,True
injected_any,2.0,30.0,39,0,,,,,True
injected,2.0,30.0,40,30,7.600976145716308e-08,4.0,48.0,9.0,True
injected,2.0,30.0,40,60,0.0010950934419460268,4.0,38.0,15.0,True
injected,2.0,30.0,40,120,0.009760236391230137,4.0,29.0,13.0,True
injected_any,2.0,30.0,40,0,,,,,True
injected,2.0,30.0,41,30,9.161814418234826e-09,4.0,45.0,6.0,True
injected,2.0,30.0,41,60,0.00026779253605013764,4.0,35.0,11.0,True
injected,2.0,30.0,41,120,0.0029940602835267787,4.0,26.0,9.0,True
injected_any,2.0,30.0,41,0,,,,,True
injected,2.0,30.0,42,30,7.600976145716308e-08,4.0,48.0,9.0,True
injected,2.0,30.0,42,60,0.0022807663732041096,4.0,39.0,17.0,True
injected,2.0,30.0,42,120,0.01923865414210013,4.0,27.0,13.0,False
injected_any,2.0,30.0,42,0,,,,,True
injected,2.0,30.0,43,30,4.327489477873314e-10,4.0,42.0,3.0,True
injected,2.0,30.0,43,60,0.00014703843771712855,4.0,31.0,8.0,True
injected,2.0,30.0,43,120,0.0014675278216600418,4.0,26.0,8.0,True
injected_any,2.0,30.0,43,0,,,,,True
injected,2.0,30.0,44,30,6.104255088068555e-07,4.0,44.0,9.0,True
injected,2.0,30.0,44,60,0.006641640781122505,4.0,33.0,15.0,True
injected,2.0,30.0,44,120,0.2025161230703816,2.0,21.0,15.0,False
injected_any,2.0,30.0,44,0,,,,,True
injected,2.0,30.0,45,30,5.354559107217938e-07,4.0,40.0,7.0,True
injected,2.0,30.0,45,60,0.005486781449860256,4.0,35.0,16.0,True
injected,2.0,30.0,45,120,0.020479795755818493,4.0,24.0,11.0,False
injected_any,2.0,30.0,45,0,,,,,True
injected,2.0,30.0,46,30,6.104255088068555e-07,4.0,44.0,9.0,True
injected,2.0,30.0,46,60,0.0010950934419460268,4.0,38.0,15.0,True
injected,2.0,30.0,46,120,0.028806336456909776,2.0,23.0,11.0,False
injected_any,2.0,30.0,46,0,,,,,True
injected,2.0,30.0,47,30,1.1841756886177279e-07,4.0,45.0,8.0,True
injected,2.0,30.0,47,60,0.0023006548558832662,4.0,36.0,15.0,True
injected,2.0,30.0,47,120,0.021779260961920954,4.0,28.0,14.0,False
injected_any,2.0,30.0,47,0,,,,,True
injected,2.0,30.0,48,30,7.600976145716308e-08,4.0,48.0,9.0,True
injected,2.0,30.0,48,60,0.0004681114554259125,4.0,37.0,13.0,True
injected,2.0,30.0,48,120,0.006926482630660757,4.0,27.0,11.0,True
injected_any,2.0,30.0,48,0,,,,,True
injected,2.0,30.0,49,30,3.7806404911983754e-07,4.0,49.0,11.0,True
injected,2.0,30.0,49,60,0.0007013442518477575,4.0,36.0,13.0,True
injected,2.0,30.0,49,120,0.020479795755818493,4.0,24.0,11.0,False
injected_any,2.0,30.0,49,0,,,,,True
injected,2.0,60.0,0,30,0.9997324736323208,0.0,7.0,25.0,False
injected,2.0,60.0,0,60,0.0675782254228352,4.0,28.0,17.0,False
injected,2.0,60.0,0,120,0.11474050651304424,3.0,21.0,13.0,False
injected_any,2.0,60.0,0,0,,,,,False
injected,2.0,60.0,1,30,0.9999945356976241,0.0,5.0,28.0,False
injected,2.0,60.0,1,60,0.04807087721030712,4.0,28.0,16.0,False
injected,2.0,60.0,1,120,0.4339697002142202,1.0,19.0,17.0,False
injected_any,2.0,60.0,1,0,,,,,False
injected,2.0,60.0,2,30,0.9999935432570055,0.0,6.0,30.0,False
injected,2.0,60.0,2,60,0.08708557363536329,3.0,27.0,17.0,False
injected,2.0,60.0,2,120,0.07692997208141605,3.0,25.0,15.0,False
injected_any,2.0,60.0,2,0,,,,,False
injected,2.0,60.0,3,30,0.9999878287198953,0.0,7.0,31.0,False
injected,2.0,60.0,3,60,0.10131937553227033,4.0,30.0,20.0,False
injected,2.0,60.0,3,120,0.22569041619806285,4.0,25.0,19.0,False
injected_any,2.0,60.0,3,0,,,,,False
injected,2.0,60.0,4,30,0.9998437244212255,0.0,8.0,28.0,False
injected,2.0,60.0,4,60,0.07620388598073902,4.0,30.0,19.0,False
injected,2.0,60.0,4,120,0.1110264100780114,4.0,26.0,17.0,False
injected_any,2.0,60.0,4,0,,,,,False
injected,2.0,60.0,5,30,0.9999982672743499,0.0,5.0,30.0,False
injected,2.0,60.0,5,60,0.10131937553227033,3.0,30.0,20.0,False
injected,2.0,60.0,5,120,0.17444443972453882,3.0,24.0,17.0,False
injected_any,2.0,60.0,5,0,,,,,False
injected,2.0,60.0,6,30,0.999965199152939,0.0,7.0,29.0,False
injected,2.0,60.0,6,60,0.09670632643096869,3.0,29.0,19.0,False
injected,2.0,60.0,6,120,0.18854279373772442,3.0,19.0,13.0,False
injected_any,2.0,60.0,6,0,,,,,False
injected,2.0,60.0,7,30,0.9998379682656378,0.0,7.0,26.0,False
injected,2.0,60.0,7,60,0.019993028413026075,4.0,31.0,16.0,False
injected,2.0,60.0,7,120,0.09979543345980349,3.0,24.0,15.0,False
injected_any,2.0,60.0,7,0,,,,,False
injected,2.0,60.0,8,30,0.9997640066285385,0.0,9.0,29.0,False
injected,2.0,60.0,8,60,0.03299701722789905,3.0,28.0,15.0,False
injected,2.0,60.0,8,120,0.10551179880440031,3.0,25.0,16.0,False
injected_any,2.0,60.0,8,0,,,,,False
injected,2.0,60.0,9,30,0.9998437244212255,0.0,8.0,28.0,False
injected,2.0,60.0,9,60,0.05863760297870613,3.0,26.0,15.0,False
injected,2.0,60.0,9,120,0.06624908198136838,3.0,23.0,13.0,False
injected_any,2.0,60.0,9,0,,,,,False
injected,2.0,60.0,10,30,0.9999962862348184,0.0,6.0,31.0,False
injected,2.0,60.0,10,60,0.05570144553050939,4.0,30.0,18.0,False
injected,2.0,60.0,10,120,0.1279375397716649,4.0,23.0,15.0,False
injected_any,2.0,60.0,10,0,,,,,False
injected,2.0,60.0,11,30,0.9995893023442477,0.0,8.0,26.0,False
injected,2.0,60.0,11,60,0.027038015929434778,4.0,30.0,16.0,False
injected,2.0,60.0,11,120,0.08137782872654498,4.0,21.0,12.0,False
injected_any,2.0,60.0,11,0,,,,,False
injected,2.0,60.0,12,30,0.999745869776234,0.0,8.0,27.0,False
injected,2.0,60.0,12,60,0.045957274907927115,4.0,32.0,19.0,False
injected,2.0,60.0,12,120,0.06072474247775972,4.0,22.0,12.0,False
injected_any,2.0,60.0,12,0,,,,,False
injected,2.0,60.0,13,30,0.9996235514699947,0.0,9.0,28.0,False
injected,2.0,60.0,13,60,0.051902677752053705,4.0,29.0,17.0,False
injected,2.0,60.0,13,120,0.06072474247775972,4.0,22.0,12.0,False
injected_any,2.0,60.0,13,0,,,,,False
injected,2.0,60.0,14,30,0.9999793712049723,0.0,7.0,30.0,False
injected,2.0,60.0,14,60,0.05946022627971814,4.0,31.0,19.0,False
injected,2.0,60.0,14,120,0.05863760297870613,4.0,26.0,15.0,False
injected_any,2.0,60.0,14,0,,,,,False
injected,2.0,60.0,15,30,0.9991709737369092,1.0,10.0,28.0,False
injected,2.0,60.0,15,60,0.11634659595415542,4.0,27.0,18.0,False
injected,2.0,60.0,15,120,0.03071417286992073,3.0,20.0,9.0,False
injected_any,2.0,60.0,15,0,,,,,False
injected,2.0,60.0,16,30,0.9995610448531806,0.0,7.0,24.0,False
injected,2.0,60.0,16,60,0.026719405268855523,4.0,34.0,19.0,False
injected,2.0,60.0,16,120,0.05406451070302866,4.0,25.0,14.0,False
injected_any,2.0,60.0,16,0,,,,,False
injected,2.0,60.0,17,30,0.9999998323419277,0.0,5.0,34.0,False
injected,2.0,60.0,17,60,0.22569041619806285,3.0,25.0,19.0,False
injected,2.0,60.0,17,120,0.11474050651304424,4.0,21.0,13.0,False
injected_any,2.0,60.0,17,0,,,,,False
injected,2.0,60.0,18,30,0.999745869776234,0.0,8.0,27.0,False
injected,2.0,60.0,18,60,0.04918532422024591,4.0,33.0,20.0,False
injected,2.0,60.0,18,120,0.028806336456909776,4.0,23.0,11.0,False
injected_any,2.0,60.0,18,0,,,,,False
injected,2.0,60.0,19,30,0.9990608872612938,0.0,9.0,26.0,False
injected,2.0,60.0,19,60,0.05239474121330166,3.0,34.0,21.0,False
injected,2.0,60.0,19,120,0.07480639219284058,3.0,20.0,11.0,False
injected_any,2.0,60.0,19,0,,,,,False
injected,2.0,60.0,20,30,0.9999928503693809,0.0,7.0,32.0,False
injected,2.0,60.0,20,60,0.13583958303275168,4.0,31.0,22.0,False
injected,2.0,60.0,20,120,0.2088460954182665,3.0,22.0,16.0,False
injected_any,2.0,60.0,20,0,,,,,False
injected,2.0,60.0,21,30,0.9999903494026512,0.0,5.0,27.0,False
injected,2.0,60.0,21,60,0.06317353790696068,3.0,32.0,20.0,False
injected,2.0,60.0,21,120,0.22039953367129783,2.0,24.0,18.0,False
injected_any,2.0,60.0,21,0,,,,,False
injected,2.0,60.0,22,30,0.9997324736323208,0.0,7.0,25.0,False
injected,2.0,60.0,22,60,0.022023273051075383,4.0,36.0,20.0,False
injected,2.0,60.0,22,120,0.09979543345980349,3.0,24.0,15.0,False
injected_any,2.0,60.0,22,0,,,,,False
injected,2.0,60.0,23,30,0.9990608872612938,0.0,9.0,26.0,False
injected,2.0,60.0,23,60,0.03245432353613609,4.0,32.0,18.0,False
injected,2.0,60.0,23,120,0.2025161230703816,3.0,21.0,15.0,False
injected_any,2.0,60.0,23,0,,,,,False
injected,2.0,60.0,24,30,0.9998437244212255,0.0,8.0,28.0,False
injected,2.0,60.0,24,60,0.045957274907927115,3.0,32.0,19.0,False
injected,2.0,60.0,24,120,0.12149247701745483,4.0,22.0,14.0,False
injected_any,2.0,60.0,24,0,,,,,False
injected,2.0,60.0,25,30,0.9999419164960273,0.0,8.0,30.0,False
injected,2.0,60.0,25,60,0.19084669883160638,3.0,27.0,20.0,False
injected,2.0,60.0,25,120,0.06072474247775972,3.0,22.0,12.0,False
injected_any,2.0,60.0,25,0,,,,,False
injected,2.0,60.0,26,30,0.9999044617870823,0.0,8.0,29.0,False
injected,2.0,60.0,26,60,0.02973168762688517,4.0,31.0,17.0,False
injected,2.0,60.0,26,120,0.15525232953950768,4.0,21.0,14.0,False
injected_any,2.0,60.0,26,0,,,,,False
injected,2.0,60.0,27,30,0.9999419164960273,0.0,8.0,30.0,False
injected,2.0,60.0,27,60,0.07620388598073902,4.0,30.0,19.0,False
injected,2.0,60.0,27,120,0.08708557363536329,3.0,27.0,17.0,False
injected_any,2.0,60.0,27,0,,,,,False
injected,2.0,60.0,28,30,0.9999790329210327,0.0,9.0,34.0,False
injected,2.0,60.0,28,60,0.15616340373663468,4.0,28.0,20.0,False
injected,2.0,60.0,28,120,0.06072474247775972,4.0,22.0,12.0,False
injected_any,2.0,60.0,28,0,,,,,False
injected,2.0,60.0,29,30,0.9999969175551087,0.0,5.0,29.0,False
injected,2.0,60.0,29,60,0.1312187678555219,3.0,30.0,21.0,False
injected,2.0,60.0,29,120,0.31355128507857444,2.0,21.0,17.0,False
injected_any,2.0,60.0,29,0,,,,,False
injected,2.0,60.0,30,30,0.9995893023442477,0.0,8.0,26.0,False
injected,2.0,60.0,30,60,0.022192080493574906,4.0,32.0,17.0,False
injected,2.0,60.0,30,120,0.09979543345980349,3.0,24.0,15.0,False
injected_any,2.0,60.0,30,0,,,,,False
injected,2.0,60.0,31,30,0.9999807209242135,0.0,6.0,28.0,False
injected,2.0,60.0,31,60,0.1110264100780114,4.0,26.0,17.0,False
injected,2.0,60.0,31,120,0.017849069088697433,4.0,20.0,8.0,False
injected_any,2.0,60.0,31,0,,,,,False
injected,2.0,60.0,32,30,0.9999434628989547,0.0,6.0,26.0,False
injected,2.0,60.0,32,60,0.15616340373663468,2.0,28.0,20.0,False
injected,2.0,60.0,32,120,0.08708557363536329,3.0,27.0,17.0,False
injected_any,2.0,60.0,32,0,,,,,False
injected,2.0,60.0,33,30,0.9999807209242135,0.0,6.0,28.0,False
injected,2.0,60.0,33,60,0.06317353790696068,4.0,32.0,20.0,False
injected,2.0,60.0,33,120,0.06624908198136838,4.0,23.0,13.0,False
injected_any,2.0,60.0,33,0,,,,,False
injected,2.0,60.0,34,30,0.9998437244212255,0.0,8.0,28.0,False
injected,2.0,60.0,34,60,0.05946022627971814,4.0,31.0,19.0,False
injected,2.0,60.0,34,120,0.06624908198136838,4.0,23.0,13.0,False
injected_any,2.0,60.0,34,0,,,,,False
injected,2.0,60.0,35,30,0.9999878287198953,0.0,7.0,31.0,False
injected,2.0,60.0,35,60,0.13583958303275168,3.0,31.0,22.0,False
injected,2.0,60.0,35,120,0.10551179880440031,3.0,25.0,16.0,False
injected_any,2.0,60.0,35,0,,,,,False
injected,2.0,60.0,36,30,0.99997026193887,0.0,5.0,25.0,False
injected,2.0,60.0,36,60,0.14560761827294755,3.0,26.0,18.0,False
injected,2.0,60.0,36,120,0.12149247701745483,3.0,22.0,14.0,False
injected_any,2.0,60.0,36,0,,,,,False
injected,2.0,60.0,37,30,0.9999999383435352,0.0,4.0,33.0,False
injected,2.0,60.0,37,60,0.3746293123804209,2.0,21.0,18.0,False
injected,2.0,60.0,37,120,0.23656482994556427,3.0,18.0,13.0,False
injected_any,2.0,60.0,37,0,,,,,False
injected,2.0,60.0,38,30,0.9996602258725034,0.0,10.0,30.0,False
injected,2.0,60.0,38,60,0.04918532422024591,4.0,33.0,20.0,False
injected,2.0,60.0,38,120,0.2025161230703816,3.0,21.0,15.0,False
injected_any,2.0,60.0,38,0,,,,,False
injected,2.0,60.0,39,30,0.9999935432570055,0.0,6.0,30.0,False
injected,2.0,60.0,39,60,0.09670632643096869,4.0,29.0,19.0,False
injected,2.0,60.0,39,120,0.07480639219284058,4.0,20.0,11.0,False
injected_any,2.0,60.0,39,0,,,,,False
injected,2.0,60.0,40,30,0.999965199152939,0.0,7.0,29.0,False
injected,2.0,60.0,40,60,0.10131937553227033,3.0,30.0,20.0,False
injected,2.0,60.0,40,120,0.14560761827294755,3.0,26.0,18.0,False
injected_any,2.0,60.0,40,0,,,,,False
injected,2.0,60.0,41,30,0.9999830233864486,0.0,5.0,26.0,False
injected,2.0,60.0,41,60,0.1110264100780114,4.0,26.0,17.0,False
injected,2.0,60.0,41,120,0.09979543345980349,4.0,24.0,15.0,False
injected_any,2.0,60.0,41,0,,,,,False
injected,2.0,60.0,42,30,0.9999935432570055,0.0,6.0,30.0,False
injected,2.0,60.0,42,60,0.1658748816847453,4.0,30.0,22.0,False
injected,2.0,60.0,42,120,0.32198447818518616,2.0,23.0,19.0,False
injected_any,2.0,60.0,42,0,,,,,False
injected,2.0,60.0,43,30,0.9998437244212255,0.0,8.0,28.0,False
injected,2.0,60.0,43,60,0.02973168762688517,3.0,31.0,17.0,False
injected,2.0,60.0,43,120,0.025051229866221547,4.0,22.0,10.0,False
injected_any,2.0,60.0,43,0,,,,,False
injected,2.0,60.0,44,30,0.9999990292126313,0.0,5.0,31.0,False
injected,2.0,60.0,44,60,0.1801888264678837,4.0,25.0,18.0,False
injected,2.0,60.0,44,120,0.5,2.0,19.0,18.0,False
injected_any,2.0,60.0,44,0,,,,,False
injected,2.0,60.0,45,30,0.9999044617870823,0.0,8.0,29.0,False
injected,2.0,60.0,45,60,0.07044771179924035,4.0,34.0,22.0,False
injected,2.0,60.0,45,120,0.30379568063654006,4.0,19.0,15.0,False
injected_any,2.0,60.0,45,0,,,,,False
injected,2.0,60.0,46,30,0.9999788614886711,0.0,8.0,32.0,False
injected,2.0,60.0,46,60,0.05558055955199673,4.0,35.0,22.0,False
injected,2.0,60.0,46,120,0.12149247701745483,3.0,22.0,14.0,False
injected_any,2.0,60.0,46,0,,,,,False
injected,2.0,60.0,47,30,0.999941579066217,0.0,7.0,28.0,False
injected,2.0,60.0,47,60,0.08448891114385937,4.0,32.0,21.0,False
injected,2.0,60.0,47,120,0.22569041619806285,3.0,25.0,19.0,False
injected_any,2.0,60.0,47,0,,,,,False
injected,2.0,60.0,48,30,0.999941579066217,0.0,7.0,28.0,False
injected,2.0,60.0,48,60,0.08708557363536329,4.0,27.0,17.0,False
injected,2.0,60.0,48,120,0.15525232953950768,2.0,21.0,14.0,False
injected_any,2.0,60.0,48,0,,,,,False
injected,2.0,60.0,49,30,0.9999888192396611,0.0,6.0,29.0,False
injected,2.0,60.0,49,60,0.05239474121330166,4.0,34.0,21.0,False
injected,2.0,60.0,49,120,0.22569041619806285,3.0,25.0,19.0,False
injected_any,2.0,60.0,49,0,,,,,False
null,0.0,,0,30,0.69620431936346,3.0,16.0,18.0,False
null,0.0,,0,60,0.6864487149214256,1.0,18.0,20.0,False
null,0.0,,0,120,0.8365302085876465,1.0,11.0,15.0,False
null_any,0.0,,0,0,,,,,False
null,0.0,,1,30,0.923070027918584,1.0,16.0,24.0,False
null,0.0,,1,60,0.564292660317733,3.0,19.0,19.0,False
null,0.0,,1,120,0.9251936078071594,1.0,12.0,19.0,False
null_any,0.0,,1,0,,,,,False
null,0.0,,2,30,0.5,2.0,17.0,16.0,False
null,0.0,,2,60,0.5626853438097896,1.0,20.0,20.0,False
null,0.0,,2,120,0.308859658514848,2.0,20.0,16.0,False
null_any,0.0,,2,0,,,,,False
null,0.0,,3,30,0.17246422544121742,3.0,17.0,11.0,False
null,0.0,,3,60,0.5660302997857798,1.0,18.0,18.0,False
null,0.0,,3,120,0.1620043000439182,3.0,22.0,15.0,False
null_any,0.0,,3,0,,,,,False
null,0.0,,4,30,0.9449079174082726,1.0,12.0,20.0,False
null,0.0,,4,60,0.867534551769495,2.0,12.0,17.0,False
null,0.0,,4,120,0.8462718725204468,0.0,10.0,14.0,False
null_any,0.0,,4,0,,,,,False
null,0.0,,5,30,0.1279375397716649,3.0,23.0,15.0,False
null,0.0,,5,60,0.619604178719328,2.0,21.0,22.0,False
null,0.0,,5,120,0.3505540192127228,1.0,15.0,12.0,False
null_any,0.0,,5,0,,,,,False
null,0.0,,6,30,0.4339697002142202,2.0,19.0,17.0,False
null,0.0,,6,60,0.1620043000439182,4.0,22.0,15.0,False
null,0.0,,6,120,0.4252770096063614,3.0,15.0,13.0,False
null_any,0.0,,6,0,,,,,False
null,0.0,,7,30,0.04007165622897446,3.0,22.0,11.0,False
null,0.0,,7,60,0.07165332714794204,3.0,24.0,14.0,False
null,0.0,,7,120,0.01734483242034912,4.0,17.0,6.0,False
null_any,0.0,,7,0,,,,,False
null,0.0,,8,30,0.6820859986855794,2.0,19.0,21.0,False
null,0.0,,8,60,0.5,2.0,19.0,18.0,False
null,0.0,,8,120,0.40726470947265625,2.0,10.0,8.0,False
null_any,0.0,,8,0,,,,,False
null,0.0,,9,30,0.5000000000000002,3.0,20.0,19.0,False
null,0.0,,9,60,0.5,1.0,21.0,20.0,False
null,0.0,,9,120,0.7789658308029175,1.0,12.0,15.0,False
null_any,0.0,,9,0,,,,,False
null,0.0,,10,30,0.9337509180186316,0.0,14.0,22.0,False
null,0.0,,10,60,0.8379956999560818,0.0,16.0,21.0,False
null,0.0,,10,120,0.7565748791676015,2.0,15.0,18.0,False
null_any,0.0,,10,0,,,,,False
null,0.0,,11,30,0.3679394004284405,2.0,19.0,16.0,False
null,0.0,,11,60,0.5000000000000002,1.0,20.0,19.0,False
null,0.0,,11,120,0.6549810171127319,2.0,12.0,13.0,False
null_any,0.0,,11,0,,,,,False
null,0.0,,12,30,0.5,1.0,16.0,15.0,False
null,0.0,,12,60,0.6820859986855794,2.0,19.0,21.0,False
null,0.0,,12,120,0.5,1.0,16.0,15.0,False
null_any,0.0,,12,0,,,,,False
null,0.0,,13,30,0.43731465619021037,3.0,21.0,19.0,False
null,0.0,,13,60,0.5699749670457095,1.0,16.0,16.0,False
null,0.0,,13,120,0.5880985260009766,1.0,10.0,10.0,False
null_any,0.0,,13,0,,,,,False
null,0.0,,14,30,0.5699749670457095,1.0,16.0,16.0,False
null,0.0,,14,60,0.7388013097515794,1.0,18.0,21.0,False
null,0.0,,14,120,0.5,3.0,14.0,13.0,False
null_any,0.0,,14,0,,,,,False
null,0.0,,15,30,0.6864487149214256,2.0,18.0,20.0,False
null,0.0,,15,60,0.7443121092073852,1.0,17.0,20.0,False
null,0.0,,15,120,0.639949934091419,1.0,15.0,16.0,False
null_any,0.0,,15,0,,,,,False
null,0.0,,16,30,0.24342512083239853,3.0,19.0,14.0,False
null,0.0,,16,60,0.24342512083239853,3.0,19.0,14.0,False
null,0.0,,16,120,0.3505540192127228,2.0,15.0,12.0,False
null_any,0.0,,16,0,,,,,False
null,0.0,,17,30,0.644464448094368,2.0,14.0,15.0,False
null,0.0,,17,60,0.5000000000000001,1.0,18.0,17.0,False
null,0.0,,17,120,0.4252770096063614,2.0,15.0,13.0,False
null_any,0.0,,17,0,,,,,False
null,0.0,,18,30,0.9002045665401965,1.0,16.0,23.0,False
null,0.0,,18,60,0.6672670939616906,1.0,23.0,25.0,False
null,0.0,,18,120,0.8365302085876465,1.0,11.0,15.0,False
null_any,0.0,,18,0,,,,,False
null,0.0,,19,30,0.3641662404406816,2.0,18.0,15.0,False
null,0.0,,19,60,0.5660302997857798,1.0,18.0,18.0,False
null,0.0,,19,120,0.2923323558643461,3.0,17.0,13.0,False
null_any,0.0,,19,0,,,,,False
null,0.0,,20,30,0.08207470089155322,3.0,26.0,16.0,False
null,0.0,,20,60,0.31355128507857444,2.0,21.0,17.0,False
null,0.0,,20,120,0.035377772990614176,4.0,21.0,10.0,False
null_any,0.0,,20,0,,,,,False
null,0.0,,21,30,0.6285853206354659,1.0,18.0,19.0,False
null,0.0,,21,60,0.21479525392169307,2.0,23.0,17.0,False
null,0.0,,21,120,0.5,1.0,12.0,11.0,False
null_any,0.0,,21,0,,,,,False
null,0.0,,22,30,0.19576415256597102,2.0,20.0,14.0,False
null,0.0,,22,60,0.8594792424701154,0.0,13.0,18.0,False
null,0.0,,22,120,0.5,1.0,12.0,11.0,False
null_any,0.0,,22,0,,,,,False
null,0.0,,23,30,0.5,2.0,17.0,16.0,False
null,0.0,,23,60,0.5,1.0,17.0,16.0,False
null,0.0,,23,120,0.4320831202203408,1.0,18.0,16.0,False
null_any,0.0,,23,0,,,,,False
null,0.0,,24,30,0.325793913604457,2.0,24.0,20.0,False
null,0.0,,24,60,0.619604178719328,1.0,21.0,22.0,False
null,0.0,,24,120,0.5699749670457095,1.0,16.0,16.0,False
null_any,0.0,,24,0,,,,,False
null,0.0,,25,30,0.9552344605326653,1.0,13.0,22.0,False
null,0.0,,25,60,0.8518968157004565,2.0,14.0,19.0,False
null,0.0,,25,120,0.9156812280416489,1.0,10.0,16.0,False
null_any,0.0,,25,0,,,,,False
null,0.0,,26,30,0.7974838769296184,1.0,16.0,20.0,False
null,0.0,,26,60,0.69620431936346,0.0,16.0,18.0,False
null,0.0,,26,120,0.5,1.0,12.0,11.0,False
null_any,0.0,,26,0,,,,,False
null,0.0,,27,30,0.8316081824050343,0.0,17.0,22.0,False
null,0.0,,27,60,0.6780155218148138,0.0,20.0,22.0,False
null,0.0,,27,120,0.77087084017694,0.0,13.0,16.0,False
null_any,0.0,,27,0,,,,,False
null,0.0,,28,30,0.360050065908581,2.0,17.0,14.0,False
null,0.0,,28,60,0.2611986902484206,2.0,22.0,17.0,False
null,0.0,,28,120,0.5000000000000001,1.0,18.0,17.0,False
null_any,0.0,,28,0,,,,,False
null,0.0,,29,30,0.867534551769495,2.0,12.0,17.0,False
null,0.0,,29,60,0.7502200833987445,0.0,16.0,19.0,False
null,0.0,,29,120,0.808344841003418,1.0,9.0,12.0,False
null_any,0.0,,29,0,,,,,False
null,0.0,,30,30,0.08207470089155322,4.0,26.0,16.0,False
null,0.0,,30,60,0.22039953367129783,2.0,24.0,18.0,False
null,0.0,,30,120,0.29830744792707264,3.0,18.0,14.0,False
null_any,0.0,,30,0,,,,,False
null,0.0,,31,30,0.69620431936346,2.0,16.0,18.0,False
null,0.0,,31,60,0.8785075229825452,0.0,15.0,21.0,False
null,0.0,,31,120,0.867534551769495,2.0,12.0,17.0,False
null_any,0.0,,31,0,,,,,False
null,0.0,,32,30,0.17444443972453882,3.0,24.0,17.0,False
null,0.0,,32,60,0.26635462761805684,3.0,23.0,18.0,False
null,0.0,,32,120,0.4300250329542905,3.0,17.0,15.0,False
null_any,0.0,,32,0,,,,,False
null,0.0,,33,30,0.7911539045817335,2.0,17.0,21.0,False
null,0.0,,33,60,0.8275357745587826,1.0,12.0,16.0,False
null,0.0,,33,120,0.4194098711013794,3.0,13.0,11.0,False
null_any,0.0,,33,0,,,,,False
null,0.0,,34,30,0.8275357745587826,1.0,12.0,16.0,False
null,0.0,,34,60,0.4320831202203408,1.0,18.0,16.0,False
null,0.0,,34,120,0.42250949144363403,2.0,14.0,12.0,False
null_any,0.0,,34,0,,,,,False
null,0.0,,35,30,0.9251936078071594,1.0,12.0,19.0,False
null,0.0,,35,60,0.5000000000000001,1.0,18.0,17.0,False
null,0.0,,35,120,0.5,1.0,13.0,12.0,False
null_any,0.0,,35,0,,,,,False
null,0.0,,36,30,0.8785075229825452,0.0,15.0,21.0,False
null,0.0,,36,60,0.8836534040458446,0.0,19.0,26.0,False
null,0.0,,36,120,0.867534551769495,0.0,12.0,17.0,False
null_any,0.0,,36,0,,,,,False
null,0.0,,37,30,0.08137782872654498,3.0,21.0,12.0,False
null,0.0,,37,60,0.5000000000000002,2.0,20.0,19.0,False
null,0.0,,37,120,0.804235847434029,1.0,15.0,19.0,False
null_any,0.0,,37,0,,,,,False
null,0.0,,38,30,0.6358337595593184,2.0,16.0,17.0,False
null,0.0,,38,60,0.24342512083239853,4.0,19.0,14.0,False
null,0.0,,38,120,0.5,3.0,14.0,13.0,False
null_any,0.0,,38,0,,,,,False
null,0.0,,39,30,0.9368552628072848,1.0,17.0,26.0,False
null,0.0,,39,60,0.7336453723819432,1.0,19.0,22.0,False
null,0.0,,39,120,0.7382664680480957,1.0,10.0,12.0,False
null_any,0.0,,39,0,,,,,False
null,0.0,,40,30,0.21479525392169307,2.0,23.0,17.0,False
null,0.0,,40,60,0.13409362552738457,3.0,24.0,16.0,False
null,0.0,,40,120,0.18079730402678257,2.0,18.0,12.0,False
null_any,0.0,,40,0,,,,,False
null,0.0,,41,30,0.360050065908581,2.0,17.0,14.0,False
null,0.0,,41,60,0.5660302997857798,1.0,18.0,18.0,False
null,0.0,,41,120,0.2923323558643461,3.0,17.0,13.0,False
null_any,0.0,,41,0,,,,,False
null,0.0,,42,30,0.049368573352694525,3.0,20.0,10.0,False
null,0.0,,42,60,0.087732624495402,3.0,22.0,13.0,False
null,0.0,,42,120,0.17246422544121742,2.0,17.0,11.0,False
null_any,0.0,,42,0,,,,,False
null,0.0,,43,30,0.77087084017694,1.0,13.0,16.0,False
null,0.0,,43,60,0.3714146793645341,2.0,20.0,17.0,False
null,0.0,,43,120,0.4300250329542905,2.0,17.0,15.0,False
null_any,0.0,,43,0,,,,,False
null,0.0,,44,30,0.5000000000000001,3.0,18.0,17.0,False
null,0.0,,44,60,0.8379956999560818,1.0,16.0,21.0,False
null,0.0,,44,120,0.8761057183146477,1.0,11.0,16.0,False
null_any,0.0,,44,0,,,,,False
null,0.0,,45,30,0.564292660317733,2.0,19.0,19.0,False
null,0.0,,45,60,0.6864487149214256,1.0,18.0,20.0,False
null,0.0,,45,120,0.7293719053268433,1.0,11.0,13.0,False
null_any,0.0,,45,0,,,,,False
null,0.0,,46,30,0.2923323558643461,2.0,17.0,13.0,False
null,0.0,,46,60,0.6864487149214256,1.0,18.0,20.0,False
null,0.0,,46,120,0.3388197422027588,3.0,13.0,10.0,False
null_any,0.0,,46,0,,,,,False
null,0.0,,47,30,0.30379568063654006,2.0,19.0,15.0,False
null,0.0,,47,60,0.69620431936346,2.0,16.0,18.0,False
null,0.0,,47,120,0.5699749670457095,1.0,16.0,16.0,False
null_any,0.0,,47,0,,,,,False
null,0.0,,48,30,0.572232224047184,1.0,15.0,15.0,False
null,0.0,,48,60,0.19576415256597102,3.0,20.0,14.0,False
null,0.0,,48,120,0.360050065908581,2.0,17.0,14.0,False
null_any,0.0,,48,0,,,,,False
null,0.0,,49,30,0.5699749670457095,0.0,16.0,16.0,False
null,0.0,,49,60,0.7852047460783069,2.0,18.0,22.0,False
null,0.0,,49,120,0.8462718725204468,0.0,10.0,14.0,False
null_any,0.0,,49,0,,,,,False
null,0.0,,50,30,0.8447476704604924,1.0,15.0,20.0,False
null,0.0,,50,60,0.6864487149214256,1.0,18.0,20.0,False
null,0.0,,50,120,0.7214014530181885,1.0,12.0,14.0,False
null_any,0.0,,50,0,,,,,False
null,0.0,,51,30,0.19576415256597102,3.0,20.0,14.0,False
null,0.0,,51,60,0.6820859986855794,2.0,19.0,21.0,False
null,0.0,,51,120,0.639949934091419,2.0,15.0,16.0,False
null_any,0.0,,51,0,,,,,False
null,0.0,,52,30,0.728807994071758,1.0,20.0,23.0,False
null,0.0,,52,60,0.38039582128067195,2.0,23.0,20.0,False
null,0.0,,52,120,0.28579409420490265,2.0,16.0,12.0,False
null_any,0.0,,52,0,,,,,False
null,0.0,,53,30,0.9943345079082064,1.0,11.0,25.0,False
null,0.0,,53,60,0.7443121092073852,0.0,17.0,20.0,False
null,0.0,,53,120,0.707667644135654,0.0,14.0,16.0,False
null_any,0.0,,53,0,,,,,False
null,0.0,,54,30,0.04943587479647249,3.0,24.0,13.0,False
null,0.0,,54,60,0.30379568063654006,3.0,19.0,15.0,False
null,0.0,,54,120,0.6549810171127319,1.0,12.0,13.0,False
null_any,0.0,,54,0,,,,,False
null,0.0,,55,30,0.691140341485152,1.0,17.0,19.0,False
null,0.0,,55,60,0.6320605995715596,2.0,17.0,18.0,False
null,0.0,,55,120,0.7142059057950974,0.0,13.0,15.0,False
null_any,0.0,,55,0,,,,,False
null,0.0,,56,30,0.14052075752988458,2.0,19.0,12.0,False
null,0.0,,56,60,0.19576415256597102,2.0,20.0,14.0,False
null,0.0,,56,120,0.03775934875011444,3.0,18.0,8.0,False
null_any,0.0,,56,0,,,,,False
null,0.0,,57,30,0.01923865414210013,4.0,27.0,13.0,False
null,0.0,,57,60,0.44149795606119824,1.0,24.0,22.0,False
null,0.0,,57,120,0.07480639219284058,3.0,20.0,11.0,False
null_any,0.0,,57,0,,,,,False
null,0.0,,58,30,0.10551179880440031,2.0,25.0,16.0,False
null,0.0,,58,60,0.2757421649012599,2.0,25.0,20.0,False
null,0.0,,58,120,0.3641662404406816,2.0,18.0,15.0,False
null_any,0.0,,58,0,,,,,False
null,0.0,,59,30,0.04357927665114403,3.0,19.0,9.0,False
null,0.0,,59,60,0.43570733968226705,1.0,20.0,18.0,False
null,0.0,,59,120,0.644464448094368,2.0,14.0,15.0,False
null_any,0.0,,59,0,,,,,False
null,0.0,,60,30,0.707667644135654,1.0,14.0,16.0,False
null,0.0,,60,60,0.625370687619579,1.0,19.0,20.0,False
null,0.0,,60,120,0.707667644135654,2.0,14.0,16.0,False
null_any,0.0,,60,0,,,,,False
null,0.0,,61,30,0.32198447818518616,1.0,23.0,19.0,False
null,0.0,,61,60,0.5585020439388018,2.0,23.0,23.0,False
null,0.0,,61,120,0.787821888923645,1.0,11.0,14.0,False
null_any,0.0,,61,0,,,,,False
null,0.0,,62,30,0.8143509827644948,1.0,20.0,25.0,False
null,0.0,,62,60,0.5660302997857798,2.0,18.0,18.0,False
null,0.0,,62,120,0.577490508556366,2.0,13.0,13.0,False
null_any,0.0,,62,0,,,,,False
null,0.0,,63,30,0.9599283437710255,1.0,12.0,21.0,False
null,0.0,,63,60,0.43731465619021037,2.0,21.0,19.0,False
null,0.0,,63,120,0.8997557889670134,0.0,12.0,18.0,False
null_any,0.0,,63,0,,,,,False
null,0.0,,64,30,0.08137782872654498,4.0,21.0,12.0,False
null,0.0,,64,60,0.17444443972453882,3.0,24.0,17.0,False
null,0.0,,64,120,0.3505540192127228,3.0,15.0,12.0,False
null_any,0.0,,64,0,,,,,False
null,0.0,,65,30,0.30379568063654006,3.0,19.0,15.0,False
null,0.0,,65,60,0.3776143287523155,3.0,22.0,19.0,False
null,0.0,,65,120,0.42250949144363403,2.0,14.0,12.0,False
null_any,0.0,,65,0,,,,,False
null,0.0,,66,30,0.29830744792707264,2.0,18.0,14.0,False
null,0.0,,66,60,0.6320605995715596,1.0,17.0,18.0,False
null,0.0,,66,120,0.4159059524536133,1.0,12.0,10.0,False
null_any,0.0,,66,0,,,,,False
null,0.0,,67,30,0.9552344605326653,0.0,13.0,22.0,False
null,0.0,,67,60,0.7443121092073852,2.0,17.0,20.0,False
null,0.0,,67,120,0.8594792424701154,2.0,13.0,18.0,False
null_any,0.0,,67,0,,,,,False
null,0.0,,68,30,0.8255555602754612,1.0,18.0,23.0,False
null,0.0,,68,60,0.6820859986855794,0.0,19.0,21.0,False
null,0.0,,68,120,0.804235847434029,0.0,15.0,19.0,False
null_any,0.0,,68,0,,,,,False
null,0.0,,69,30,0.9392752575222403,1.0,13.0,21.0,False
null,0.0,,69,60,0.308859658514848,3.0,20.0,16.0,False
null,0.0,,69,120,0.5,2.0,13.0,12.0,False
null_any,0.0,,69,0,,,,,False
null,0.0,,70,30,0.5,2.0,16.0,15.0,False
null,0.0,,70,60,0.8659063744726154,0.0,17.0,23.0,False
null,0.0,,70,120,0.5747229903936386,1.0,14.0,14.0,False
null_any,0.0,,70,0,,,,,False
null,0.0,,71,30,0.6170040878776035,2.0,22.0,23.0,False
null,0.0,,71,60,0.559802089359664,1.0,22.0,22.0,False
null,0.0,,71,120,0.5747229903936386,2.0,14.0,14.0,False
null_any,0.0,,71,0,,,,,False
null,0.0,,72,30,0.132465448230505,3.0,18.0,11.0,False
null,0.0,,72,60,0.7565748791676015,1.0,15.0,18.0,False
null,0.0,,72,120,0.8447476704604924,1.0,15.0,20.0,False
null_any,0.0,,72,0,,,,,False
null,0.0,,73,30,0.43570733968226705,2.0,20.0,18.0,False
null,0.0,,73,60,0.4339697002142202,2.0,19.0,17.0,False
null,0.0,,73,120,0.2556878907926148,3.0,21.0,16.0,False
null_any,0.0,,73,0,,,,,False
null,0.0,,74,30,0.5000000000000001,3.0,18.0,17.0,False
null,0.0,,74,60,0.564292660317733,2.0,19.0,19.0,False
null,0.0,,74,120,0.4320831202203408,2.0,18.0,16.0,False
null_any,0.0,,74,0,,,,,False
null,0.0,,75,30,0.7443121092073852,1.0,17.0,20.0,False
null,0.0,,75,60,0.5,1.0,22.0,21.0,False
null,0.0,,75,120,0.7142059057950974,1.0,13.0,15.0,False
null_any,0.0,,75,0,,,,,False
null,0.0,,76,30,0.6320605995715596,2.0,17.0,18.0,False
null,0.0,,76,60,0.6170040878776035,2.0,22.0,23.0,False
null,0.0,,76,120,0.6494459807872772,1.0,13.0,14.0,False
null_any,0.0,,76,0,,,,,False
null,0.0,,77,30,0.26635462761805684,1.0,23.0,18.0,False
null,0.0,,77,60,0.21479525392169307,3.0,23.0,17.0,False
null,0.0,,77,120,0.2025161230703816,3.0,21.0,15.0,False
null_any,0.0,,77,0,,,,,False
null,0.0,,78,30,0.43731465619021037,1.0,21.0,19.0,False
null,0.0,,78,60,0.69620431936346,1.0,16.0,18.0,False
null,0.0,,78,120,0.8275357745587826,0.0,12.0,16.0,False
null_any,0.0,,78,0,,,,,False
null,0.0,,79,30,0.5,2.0,17.0,16.0,False
null,0.0,,79,60,0.04007165622897446,4.0,22.0,11.0,False
null,0.0,,79,120,0.10501980781555176,4.0,15.0,8.0,False
null_any,0.0,,79,0,,,,,False
null,0.0,,80,30,0.9855916401720606,1.0,12.0,24.0,False
null,0.0,,80,60,0.5660302997857798,1.0,18.0,18.0,False
null,0.0,,80,120,0.3505540192127228,2.0,15.0,12.0,False
null_any,0.0,,80,0,,,,,False
null,0.0,,81,30,0.8275357745587826,2.0,12.0,16.0,False
null,0.0,,81,60,0.5679168797796592,1.0,17.0,17.0,False
null,0.0,,81,120,0.8192026959732175,0.0,13.0,17.0,False
null_any,0.0,,81,0,,,,,False
null,0.0,,82,30,0.24342512083239853,2.0,19.0,14.0,False
null,0.0,,82,60,0.10551179880440031,2.0,25.0,16.0,False
null,0.0,,82,120,0.06103906035423279,3.0,18.0,9.0,False
null_any,0.0,,82,0,,,,,False
null,0.0,,83,30,0.572232224047184,2.0,15.0,15.0,False
null,0.0,,83,60,0.5,2.0,19.0,18.0,False
null,0.0,,83,120,0.5699749670457095,1.0,16.0,16.0,False
null_any,0.0,,83,0,,,,,False
null,0.0,,84,30,0.4339697002142202,2.0,19.0,17.0,False
null,0.0,,84,60,0.7388013097515794,0.0,18.0,21.0,False
null,0.0,,84,120,0.7293719053268433,1.0,11.0,13.0,False
null_any,0.0,,84,0,,,,,False
null,0.0,,85,30,0.10766357486136258,3.0,20.0,12.0,False
null,0.0,,85,60,0.967002982772101,0.0,16.0,27.0,False
null,0.0,,85,120,0.7142059057950974,0.0,13.0,15.0,False
null_any,0.0,,85,0,,,,,False
null,0.0,,86,30,0.6864487149214256,2.0,18.0,20.0,False
null,0.0,,86,60,0.7443121092073852,1.0,17.0,20.0,False
null,0.0,,86,120,0.639949934091419,1.0,15.0,16.0,False
null_any,0.0,,86,0,,,,,False
null,0.0,,87,30,0.8518968157004565,1.0,14.0,19.0,False
null,0.0,,87,60,0.6820859986855794,1.0,19.0,21.0,False
null,0.0,,87,120,0.6549810171127319,1.0,12.0,13.0,False
null_any,0.0,,87,0,,,,,False
null,0.0,,88,30,0.5660302997857798,1.0,18.0,18.0,False
null,0.0,,88,60,0.7974838769296184,1.0,16.0,20.0,False
null,0.0,,88,120,0.9608230590820312,0.0,7.0,14.0,False
null_any,0.0,,88,0,,,,,False
null,0.0,,89,30,0.4320831202203408,1.0,18.0,16.0,False
null,0.0,,89,60,0.3776143287523155,2.0,22.0,19.0,False
null,0.0,,89,120,0.34501898288726807,3.0,14.0,11.0,False
null_any,0.0,,89,0,,,,,False
null,0.0,,90,30,0.5699749670457095,1.0,16.0,16.0,False
null,0.0,,90,60,0.8923364251386374,0.0,13.0,19.0,False
null,0.0,,90,120,0.77087084017694,0.0,13.0,16.0,False
null_any,0.0,,90,0,,,,,False
null,0.0,,91,30,0.6820859986855794,1.0,19.0,21.0,False
null,0.0,,91,60,0.6864487149214256,1.0,18.0,20.0,False
null,0.0,,91,120,0.804235847434029,1.0,15.0,19.0,False
null_any,0.0,,91,0,,,,,False
null,0.0,,92,30,0.8659063744726154,1.0,17.0,23.0,False
null,0.0,,92,60,0.5660302997857798,2.0,18.0,18.0,False
null,0.0,,92,120,0.77087084017694,3.0,13.0,16.0,False
null_any,0.0,,92,0,,,,,False
null,0.0,,93,30,0.30379568063654006,2.0,19.0,15.0,False
null,0.0,,93,60,0.5000000000000002,2.0,20.0,19.0,False
null,0.0,,93,120,0.4300250329542905,2.0,17.0,15.0,False
null_any,0.0,,93,0,,,,,False
null,0.0,,94,30,0.43731465619021037,2.0,21.0,19.0,False
null,0.0,,94,60,0.8659063744726154,0.0,17.0,23.0,False
null,0.0,,94,120,0.8949801921844482,0.0,9.0,14.0,False
null_any,0.0,,94,0,,,,,False
null,0.0,,95,30,0.7852047460783069,2.0,18.0,22.0,False
null,0.0,,95,60,0.6780155218148138,2.0,20.0,22.0,False
null,0.0,,95,120,0.8568606376647949,0.0,9.0,13.0,False
null_any,0.0,,95,0,,,,,False
null,0.0,,96,30,0.5,3.0,17.0,16.0,False
null,0.0,,96,60,0.9251936078071594,1.0,12.0,19.0,False
null,0.0,,96,120,0.6611802577972412,2.0,11.0,12.0,False
null_any,0.0,,96,0,,,,,False
null,0.0,,97,30,0.3746293123804209,2.0,21.0,18.0,False
null,0.0,,97,60,0.4339697002142202,2.0,19.0,17.0,False
null,0.0,,97,120,0.21217811107635498,2.0,15.0,10.0,False
null_any,0.0,,97,0,,,,,False
null,0.0,,98,30,0.22912915982306004,2.0,17.0,12.0,False
null,0.0,,98,60,0.1620043000439182,3.0,22.0,15.0,False
null,0.0,,98,120,0.7565748791676015,0.0,15.0,18.0,False
null_any,0.0,,98,0,,,,,False
null,0.0,,99,30,0.5,1.0,19.0,18.0,False
null,0.0,,99,60,0.3714146793645341,3.0,20.0,17.0,False
null,0.0,,99,120,0.5805901288986206,2.0,12.0,12.0,False
null_any,0.0,,99,0,,,,,False
null,0.0,,100,30,0.2497799166012556,2.0,20.0,15.0,False
null,0.0,,100,60,0.4300250329542905,2.0,17.0,15.0,False
null,0.0,,100,120,0.5840940475463867,1.0,11.0,11.0,False
null_any,0.0,,100,0,,,,,False
null,0.0,,101,30,0.912267375504598,1.0,14.0,21.0,False
null,0.0,,101,60,0.8255555602754612,1.0,18.0,23.0,False
null,0.0,,101,120,0.6285853206354659,0.0,18.0,19.0,False
null_any,0.0,,101,0,,,,,False
null,0.0,,102,30,0.7565748791676015,1.0,15.0,18.0,False
null,0.0,,102,60,0.7565748791676015,1.0,15.0,18.0,False
null,0.0,,102,120,0.8594792424701154,1.0,13.0,18.0,False
null_any,0.0,,102,0,,,,,False
null,0.0,,103,30,0.9179252991084468,1.0,17.0,25.0,False
null,0.0,,103,60,0.8198111735321163,1.0,19.0,24.0,False
null,0.0,,103,120,0.7142059057950974,1.0,13.0,15.0,False
null_any,0.0,,103,0,,,,,False
null,0.0,,104,30,0.0403452338759962,2.0,26.0,14.0,False
null,0.0,,104,60,0.2025161230703816,3.0,21.0,15.0,False
null,0.0,,104,120,0.22912915982306004,2.0,17.0,12.0,False
null_any,0.0,,104,0,,,,,False
null,0.0,,105,30,0.9459354892969714,1.0,15.0,24.0,False
null,0.0,,105,60,0.7336453723819432,1.0,19.0,22.0,False
null,0.0,,105,120,0.572232224047184,1.0,15.0,15.0,False
null_any,0.0,,105,0,,,,,False
null,0.0,,106,30,0.008062400855123998,4.0,22.0,8.0,True
null,0.0,,106,60,0.43570733968226705,2.0,20.0,18.0,False
null,0.0,,106,120,0.6681880950927734,0.0,10.0,11.0,False
null_any,0.0,,106,0,,,,,True
null,0.0,,107,30,0.4320831202203408,2.0,18.0,16.0,False
null,0.0,,107,60,0.2497799166012556,2.0,20.0,15.0,False
null,0.0,,107,120,0.7382664680480957,2.0,10.0,12.0,False
null_any,0.0,,107,0,,,,,False
null,0.0,,108,30,0.24342512083239853,3.0,19.0,14.0,False
null,0.0,,108,60,0.8379956999560818,0.0,16.0,21.0,False
null,0.0,,108,120,0.8594792424701154,0.0,13.0,18.0,False
null_any,0.0,,108,0,,,,,False
null,0.0,,109,30,0.644464448094368,2.0,14.0,15.0,False
null,0.0,,109,60,0.3714146793645341,2.0,20.0,17.0,False
null,0.0,,109,120,0.42776777595281607,2.0,16.0,14.0,False
null_any,0.0,,109,0,,,,,False
null,0.0,,110,30,0.8997557889670134,1.0,12.0,18.0,False
null,0.0,,110,60,0.8198111735321163,0.0,19.0,24.0,False
null,0.0,,110,120,0.8192026959732175,1.0,13.0,17.0,False
null_any,0.0,,110,0,,,,,False
null,0.0,,111,30,0.308859658514848,2.0,20.0,16.0,False
null,0.0,,111,60,0.16839181759496574,3.0,23.0,16.0,False
null,0.0,,111,120,0.2923323558643461,2.0,17.0,13.0,False
null_any,0.0,,111,0,,,,,False
null,0.0,,112,30,0.7852047460783069,2.0,18.0,22.0,False
null,0.0,,112,60,0.7336453723819432,2.0,19.0,22.0,False
null,0.0,,112,120,0.8365302085876465,1.0,11.0,15.0,False
null_any,0.0,,112,0,,,,,False
null,0.0,,113,30,0.69620431936346,2.0,16.0,18.0,False
null,0.0,,113,60,0.308859658514848,3.0,20.0,16.0,False
null,0.0,,113,120,0.5,1.0,16.0,15.0,False
null_any,0.0,,113,0,,,,,False
null,0.0,,114,30,0.14052075752988458,2.0,19.0,12.0,False
null,0.0,,114,60,0.19576415256597102,2.0,20.0,14.0,False
null,0.0,,114,120,0.03775934875011444,3.0,18.0,8.0,False
null_any,0.0,,114,0,,,,,False
null,0.0,,115,30,0.8600218807355304,0.0,18.0,24.0,False
null,0.0,,115,60,0.8600218807355304,1.0,18.0,24.0,False
null,0.0,,115,120,0.69620431936346,1.0,16.0,18.0,False
null_any,0.0,,115,0,,,,,False
null,0.0,,116,30,0.4320831202203408,2.0,18.0,16.0,False
null,0.0,,116,60,0.5699749670457095,2.0,16.0,16.0,False
null,0.0,,116,120,0.6611802577972412,1.0,11.0,12.0,False
null_any,0.0,,116,0,,,,,False
null,0.0,,117,30,0.7974838769296184,2.0,16.0,20.0,False
null,0.0,,117,60,0.6170040878776035,2.0,22.0,23.0,False
null,0.0,,117,120,0.691140341485152,1.0,17.0,19.0,False
null_any,0.0,,117,0,,,,,False
null,0.0,,118,30,0.04476553946733476,3.0,23.0,12.0,False
null,0.0,,118,60,0.5660302997857798,1.0,18.0,18.0,False
null,0.0,,118,120,0.7214014530181885,2.0,12.0,14.0,False
null_any,0.0,,118,0,,,,,False
null,0.0,,119,30,0.5699749670457095,1.0,16.0,16.0,False
null,0.0,,119,60,0.3641662404406816,2.0,18.0,15.0,False
null,0.0,,119,120,0.3641662404406816,2.0,18.0,15.0,False
null_any,0.0,,119,0,,,,,False
null,0.0,,120,30,0.6320605995715596,3.0,17.0,18.0,False
null,0.0,,120,60,0.7852047460783069,0.0,18.0,22.0,False
null,0.0,,120,120,0.7214014530181885,1.0,12.0,14.0,False
null_any,0.0,,120,0,,,,,False
null,0.0,,121,30,0.42250949144363403,2.0,14.0,12.0,False
null,0.0,,121,60,0.4339697002142202,2.0,19.0,17.0,False
null,0.0,,121,120,0.3388197422027588,2.0,13.0,10.0,False
null_any,0.0,,121,0,,,,,False
null,0.0,,122,30,0.9061292205005884,1.0,15.0,22.0,False
null,0.0,,122,60,0.6820859986855794,2.0,19.0,21.0,False
null,0.0,,122,120,0.5679168797796592,2.0,17.0,17.0,False
null_any,0.0,,122,0,,,,,False
null,0.0,,123,30,0.23656482994556427,2.0,18.0,13.0,False
null,0.0,,123,60,0.5,1.0,19.0,18.0,False
null,0.0,,123,120,0.5,1.0,13.0,12.0,False
null_any,0.0,,123,0,,,,,False
null,0.0,,124,30,0.4320831202203408,1.0,18.0,16.0,False
null,0.0,,124,60,0.43570733968226705,2.0,20.0,18.0,False
null,0.0,,124,120,0.5000000000000001,1.0,18.0,17.0,False
null_any,0.0,,124,0,,,,,False
null,0.0,,125,30,0.9673773323884234,0.0,13.0,23.0,False
null,0.0,,125,60,0.69620431936346,1.0,16.0,18.0,False
null,0.0,,125,120,0.2024364471435547,3.0,14.0,9.0,False
null_any,0.0,,125,0,,,,,False
null,0.0,,126,30,0.923070027918584,0.0,16.0,24.0,False
null,0.0,,126,60,0.9129144263646367,0.0,18.0,26.0,False
null,0.0,,126,120,0.5,2.0,15.0,14.0,False
null_any,0.0,,126,0,,,,,False
null,0.0,,127,30,0.691140341485152,2.0,17.0,19.0,False
null,0.0,,127,60,0.6820859986855794,2.0,19.0,21.0,False
null,0.0,,127,120,0.707667644135654,1.0,14.0,16.0,False
null_any,0.0,,127,0,,,,,False
null,0.0,,128,30,0.7336453723819432,1.0,19.0,22.0,False
null,0.0,,128,60,0.9392752575222403,1.0,13.0,21.0,False
null,0.0,,128,120,0.95343017578125,0.0,8.0,15.0,False
null_any,0.0,,128,0,,,,,False
null,0.0,,129,30,0.8316081824050343,1.0,17.0,22.0,False
null,0.0,,129,60,0.43731465619021037,1.0,21.0,19.0,False
null,0.0,,129,120,0.5699749670457095,2.0,16.0,16.0,False
null_any,0.0,,129,0,,,,,False
null,0.0,,130,30,0.564292660317733,1.0,19.0,19.0,False
null,0.0,,130,60,0.38039582128067195,2.0,23.0,20.0,False
null,0.0,,130,120,0.5840940475463867,1.0,11.0,11.0,False
null_any,0.0,,130,0,,,,,False
null,0.0,,131,30,0.6358337595593184,2.0,16.0,17.0,False
null,0.0,,131,60,0.3179140013144206,2.0,22.0,18.0,False
null,0.0,,131,120,0.639949934091419,1.0,15.0,16.0,False
null_any,0.0,,131,0,,,,,False
null,0.0,,132,30,0.008062400855123998,4.0,22.0,8.0,True
null,0.0,,132,60,0.43570733968226705,2.0,20.0,18.0,False
null,0.0,,132,120,0.6681880950927734,0.0,10.0,11.0,False
null_any,0.0,,132,0,,,,,True
null,0.0,,133,30,0.6285853206354659,2.0,18.0,19.0,False
null,0.0,,133,60,0.4320831202203408,2.0,18.0,16.0,False
null,0.0,,133,120,0.5840940475463867,2.0,11.0,11.0,False
null_any,0.0,,133,0,,,,,False
null,0.0,,134,30,0.6864487149214256,1.0,18.0,20.0,False
null,0.0,,134,60,0.3746293123804209,3.0,21.0,18.0,False
null,0.0,,134,120,0.707667644135654,1.0,14.0,16.0,False
null_any,0.0,,134,0,,,,,False
null,0.0,,135,30,0.7565748791676015,1.0,15.0,18.0,False
null,0.0,,135,60,0.355535551905632,2.0,16.0,13.0,False
null,0.0,,135,120,0.644464448094368,1.0,14.0,15.0,False
null_any,0.0,,135,0,,,,,False
null,0.0,,136,30,0.5679168797796592,1.0,17.0,17.0,False
null,0.0,,136,60,0.7911539045817335,1.0,17.0,21.0,False
null,0.0,,136,120,0.6681880950927734,2.0,10.0,11.0,False
null_any,0.0,,136,0,,,,,False
null,0.0,,137,30,0.978220739038079,1.0,15.0,27.0,False
null,0.0,,137,60,0.8447476704604924,0.0,15.0,20.0,False
null,0.0,,137,120,0.8192026959732175,1.0,13.0,17.0,False
null_any,0.0,,137,0,,,,,False
null,0.0,,138,30,0.15525232953950768,3.0,21.0,14.0,False
null,0.0,,138,60,0.16839181759496574,3.0,23.0,16.0,False
null,0.0,,138,120,0.5,2.0,17.0,16.0,False
null_any,0.0,,138,0,,,,,False
null,0.0,,139,30,0.5611928356238423,1.0,21.0,21.0,False
null,0.0,,139,60,0.5561375863296085,1.0,25.0,25.0,False
null,0.0,,139,120,0.639949934091419,2.0,15.0,16.0,False
null_any,0.0,,139,0,,,,,False
null,0.0,,140,30,0.923070027918584,0.0,16.0,24.0,False
null,0.0,,140,60,0.8316081824050343,0.0,17.0,22.0,False
null,0.0,,140,120,0.8192026959732175,2.0,13.0,17.0,False
null_any,0.0,,140,0,,,,,False
null,0.0,,141,30,0.3776143287523155,2.0,22.0,19.0,False
null,0.0,,141,60,0.38543349728651316,3.0,25.0,22.0,False
null,0.0,,141,120,0.5,1.0,15.0,14.0,False
null_any,0.0,,141,0,,,,,False
null,0.0,,142,30,0.11474050651304424,2.0,21.0,13.0,False
null,0.0,,142,60,0.04007165622897446,3.0,22.0,11.0,False
null,0.0,,142,120,0.5,2.0,11.0,10.0,False
null_any,0.0,,142,0,,,,,False
null,0.0,,143,30,0.9061292205005884,0.0,15.0,22.0,False
null,0.0,,143,60,0.9337509180186316,0.0,14.0,22.0,False
null,0.0,,143,120,0.928346672852058,1.0,15.0,23.0,False
null_any,0.0,,143,0,,,,,False
null,0.0,,144,30,0.8720624602283351,1.0,16.0,22.0,False
null,0.0,,144,60,0.8785075229825452,2.0,15.0,21.0,False
null,0.0,,144,120,0.572232224047184,2.0,15.0,15.0,False
null_any,0.0,,144,0,,,,,False
null,0.0,,145,30,0.7336453723819432,2.0,19.0,22.0,False
null,0.0,,145,60,0.928346672852058,1.0,15.0,23.0,False
null,0.0,,145,120,0.5,2.0,12.0,11.0,False
null_any,0.0,,145,0,,,,,False
null,0.0,,146,30,0.2497799166012556,2.0,20.0,15.0,False
null,0.0,,146,60,0.6864487149214256,2.0,18.0,20.0,False
null,0.0,,146,120,0.9680426716804504,0.0,8.0,16.0,False
null_any,0.0,,146,0,,,,,False
null,0.0,,147,30,0.5626853438097896,2.0,20.0,20.0,False
null,0.0,,147,60,0.5660302997857798,1.0,18.0,18.0,False
null,0.0,,147,120,0.4159059524536133,2.0,12.0,10.0,False
null_any,0.0,,147,0,,,,,False
null,0.0,,148,30,0.77087084017694,2.0,13.0,16.0,False
null,0.0,,148,60,0.6864487149214256,0.0,18.0,20.0,False
null,0.0,,148,120,0.42776777595281607,3.0,16.0,14.0,False
null_any,0.0,,148,0,,,,,False
null,0.0,,149,30,0.644464448094368,2.0,14.0,15.0,False
null,0.0,,149,60,0.7443121092073852,2.0,17.0,20.0,False
null,0.0,,149,120,0.5,2.0,15.0,14.0,False
null_any,0.0,,149,0,,,,,False
null,0.0,,150,30,0.3746293123804209,3.0,21.0,18.0,False
null,0.0,,150,60,0.12149247701745483,3.0,22.0,14.0,False
null,0.0,,150,120,0.06103906035423279,3.0,18.0,9.0,False
null_any,0.0,,150,0,,,,,False
null,0.0,,151,30,0.355535551905632,3.0,16.0,13.0,False
null,0.0,,151,60,0.8997557889670134,1.0,12.0,18.0,False
null,0.0,,151,120,0.7293719053268433,0.0,11.0,13.0,False
null_any,0.0,,151,0,,,,,False
null,0.0,,152,30,0.6285853206354659,2.0,18.0,19.0,False
null,0.0,,152,60,0.5611928356238423,1.0,21.0,21.0,False
null,0.0,,152,120,0.30379568063654006,3.0,19.0,15.0,False
null_any,0.0,,152,0,,,,,False
null,0.0,,153,30,0.43570733968226705,2.0,20.0,18.0,False
null,0.0,,153,60,0.691140341485152,2.0,17.0,19.0,False
null,0.0,,153,120,0.8923364251386374,1.0,13.0,19.0,False
null_any,0.0,,153,0,,,,,False
null,0.0,,154,30,0.001443623987142928,4.0,31.0,11.0,True
null,0.0,,154,60,0.14560761827294755,2.0,26.0,18.0,False
null,0.0,,154,120,0.1481031842995435,3.0,20.0,13.0,False
null_any,0.0,,154,0,,,,,True
null,0.0,,155,30,0.8255555602754612,1.0,18.0,23.0,False
null,0.0,,155,60,0.674206086395543,1.0,21.0,23.0,False
null,0.0,,155,120,0.8852594934869558,1.0,14.0,20.0,False
null_any,0.0,,155,0,,,,,False
null,0.0,,156,30,0.5660302997857798,2.0,18.0,18.0,False
null,0.0,,156,60,0.5611928356238423,2.0,21.0,21.0,False
null,0.0,,156,120,0.6494459807872772,1.0,13.0,14.0,False
null_any,0.0,,156,0,,,,,False
null,0.0,,157,30,0.3293690385118282,2.0,25.0,21.0,False
null,0.0,,157,60,0.2088460954182665,3.0,22.0,16.0,False
null,0.0,,157,120,0.06103906035423279,4.0,18.0,9.0,False
null_any,0.0,,157,0,,,,,False
null,0.0,,158,30,0.3714146793645341,2.0,20.0,17.0,False
null,0.0,,158,60,0.7388013097515794,1.0,18.0,21.0,False
null,0.0,,158,120,0.5805901288986206,1.0,12.0,12.0,False
null_any,0.0,,158,0,,,,,False
null,0.0,,159,30,0.9392752575222403,2.0,13.0,21.0,False
null,0.0,,159,60,0.8923364251386374,0.0,13.0,19.0,False
null,0.0,,159,120,0.9692858271300793,0.0,10.0,19.0,False
null_any,0.0,,159,0,,,,,False
null,0.0,,160,30,0.4300250329542905,2.0,17.0,15.0,False
null,0.0,,160,60,0.43731465619021037,1.0,21.0,19.0,False
null,0.0,,160,120,0.572232224047184,1.0,15.0,15.0,False
null_any,0.0,,160,0,,,,,False
null,0.0,,161,30,0.6285853206354659,1.0,18.0,19.0,False
null,0.0,,161,60,0.5660302997857798,2.0,18.0,18.0,False
null,0.0,,161,120,0.28579409420490265,3.0,16.0,12.0,False
null_any,0.0,,161,0,,,,,False
null,0.0,,162,30,0.6285853206354659,1.0,18.0,19.0,False
null,0.0,,162,60,0.5,1.0,21.0,20.0,False
null,0.0,,162,120,0.3641662404406816,2.0,18.0,15.0,False
null_any,0.0,,162,0,,,,,False
null,0.0,,163,30,0.8316081824050343,1.0,17.0,22.0,False
null,0.0,,163,60,0.3746293123804209,2.0,21.0,18.0,False
null,0.0,,163,120,0.41190147399902344,1.0,11.0,9.0,False
null_any,0.0,,163,0,,,,,False
null,0.0,,164,30,0.8518968157004565,1.0,14.0,19.0,False
null,0.0,,164,60,0.564292660317733,3.0,19.0,19.0,False
null,0.0,,164,120,0.6611802577972412,1.0,11.0,12.0,False
null_any,0.0,,164,0,,,,,False
null,0.0,,165,30,0.3679394004284405,2.0,19.0,16.0,False
null,0.0,,165,60,0.7974838769296184,1.0,16.0,20.0,False
null,0.0,,165,120,0.5,1.0,15.0,14.0,False
null_any,0.0,,165,0,,,,,False
null,0.0,,166,30,0.8785075229825452,1.0,15.0,21.0,False
null,0.0,,166,60,0.6223856712476845,1.0,20.0,21.0,False
null,0.0,,166,120,0.7634351700544357,1.0,14.0,17.0,False
null_any,0.0,,166,0,,,,,False
null,0.0,,167,30,0.3679394004284405,2.0,19.0,16.0,False
null,0.0,,167,60,0.5000000000000002,1.0,20.0,19.0,False
null,0.0,,167,120,0.6549810171127319,2.0,12.0,13.0,False
null_any,0.0,,167,0,,,,,False
null,0.0,,168,30,0.08137782872654498,3.0,21.0,12.0,False
null,0.0,,168,60,0.308859658514848,3.0,20.0,16.0,False
null,0.0,,168,120,0.4159059524536133,2.0,12.0,10.0,False
null_any,0.0,,168,0,,,,,False
null,0.0,,169,30,0.17246422544121742,2.0,17.0,11.0,False
null,0.0,,169,60,0.43731465619021037,2.0,21.0,19.0,False
null,0.0,,169,120,0.691140341485152,1.0,17.0,19.0,False
null_any,0.0,,169,0,,,,,False
null,0.0,,170,30,0.4388071643761577,2.0,22.0,20.0,False
null,0.0,,170,60,0.7242578350987401,1.0,21.0,24.0,False
null,0.0,,170,120,0.8192026959732175,1.0,13.0,17.0,False
null_any,0.0,,170,0,,,,,False
null,0.0,,171,30,0.77087084017694,2.0,13.0,16.0,False
null,0.0,,171,60,0.7974838769296184,2.0,16.0,20.0,False
null,0.0,,171,120,0.9242051839828491,1.0,9.0,15.0,False
null_any,0.0,,171,0,,,,,False
null,0.0,,172,30,0.6864487149214256,1.0,18.0,20.0,False
null,0.0,,172,60,0.5,1.0,16.0,15.0,False
null,0.0,,172,120,0.7596588134765625,1.0,8.0,10.0,False
null_any,0.0,,172,0,,,,,False
null,0.0,,173,30,0.7634351700544357,2.0,14.0,17.0,False
null,0.0,,173,60,0.6285853206354659,2.0,18.0,19.0,False
null,0.0,,173,120,0.3179140013144206,2.0,22.0,18.0,False
null_any,0.0,,173,0,,,,,False
null,0.0,,174,30,0.5660302997857798,1.0,18.0,18.0,False
null,0.0,,174,60,0.5,1.0,22.0,21.0,False
null,0.0,,174,120,0.6358337595593184,2.0,16.0,17.0,False
null_any,0.0,,174,0,,,,,False
null,0.0,,175,30,0.8852594934869558,1.0,14.0,20.0,False
null,0.0,,175,60,0.9919528199843626,0.0,15.0,30.0,False
null,0.0,,175,120,0.7142059057950974,1.0,13.0,15.0,False
null_any,0.0,,175,0,,,,,False
null,0.0,,176,30,0.7443121092073852,1.0,17.0,20.0,False
null,0.0,,176,60,0.6820859986855794,1.0,19.0,21.0,False
null,0.0,,176,120,0.644464448094368,1.0,14.0,15.0,False
null_any,0.0,,176,0,,,,,False
null,0.0,,177,30,0.07692997208141605,4.0,25.0,15.0,False
null,0.0,,177,60,0.22039953367129783,3.0,24.0,18.0,False
null,0.0,,177,120,0.24342512083239853,3.0,19.0,14.0,False
null_any,0.0,,177,0,,,,,False
null,0.0,,178,30,0.8659063744726154,0.0,17.0,23.0,False
null,0.0,,178,60,0.8114572062622756,0.0,14.0,18.0,False
null,0.0,,178,120,0.787821888923645,1.0,11.0,14.0,False
null_any,0.0,,178,0,,,,,False
null,0.0,,179,30,0.8720624602283351,1.0,16.0,22.0,False
null,0.0,,179,60,0.30379568063654006,2.0,19.0,15.0,False
null,0.0,,179,120,0.23656482994556427,3.0,18.0,13.0,False
null_any,0.0,,179,0,,,,,False
null,0.0,,180,30,0.30379568063654006,2.0,19.0,15.0,False
null,0.0,,180,60,0.5,1.0,21.0,20.0,False
null,0.0,,180,120,0.639949934091419,2.0,15.0,16.0,False
null_any,0.0,,180,0,,,,,False
null,0.0,,181,30,0.7634351700544357,2.0,14.0,17.0,False
null,0.0,,181,60,0.4300250329542905,2.0,17.0,15.0,False
null,0.0,,181,120,0.5,2.0,15.0,14.0,False
null_any,0.0,,181,0,,,,,False
null,0.0,,182,30,0.2497799166012556,2.0,20.0,15.0,False
null,0.0,,182,60,0.4339697002142202,1.0,19.0,17.0,False
null,0.0,,182,120,0.804235847434029,2.0,15.0,19.0,False
null_any,0.0,,182,0,,,,,False
null,0.0,,183,30,0.3679394004284405,2.0,19.0,16.0,False
null,0.0,,183,60,0.625370687619579,1.0,19.0,20.0,False
null,0.0,,183,120,0.7634351700544357,1.0,14.0,17.0,False
null_any,0.0,,183,0,,,,,False
null,0.0,,184,30,0.19576415256597102,2.0,20.0,14.0,False
null,0.0,,184,60,0.5660302997857798,1.0,18.0,18.0,False
null,0.0,,184,120,0.5840940475463867,2.0,11.0,11.0,False
null_any,0.0,,184,0,,,,,False
null,0.0,,185,30,0.5000000000000001,3.0,18.0,17.0,False
null,0.0,,185,60,0.564292660317733,2.0,19.0,19.0,False
null,0.0,,185,120,0.4320831202203408,2.0,18.0,16.0,False
null_any,0.0,,185,0,,,,,False
null,0.0,,186,30,0.16839181759496574,3.0,23.0,16.0,False
null,0.0,,186,60,0.440197910640336,3.0,23.0,21.0,False
null,0.0,,186,120,0.28579409420490265,3.0,16.0,12.0,False
null_any,0.0,,186,0,,,,,False
null,0.0,,187,30,0.5,2.0,16.0,15.0,False
null,0.0,,187,60,0.6864487149214256,3.0,18.0,20.0,False
null,0.0,,187,120,0.43570733968226705,3.0,20.0,18.0,False
null_any,0.0,,187,0,,,,,False
null,0.0,,188,30,0.28579409420490265,1.0,16.0,12.0,False
null,0.0,,188,60,0.572232224047184,1.0,15.0,15.0,False
null,0.0,,188,120,0.7016925520729274,2.0,15.0,17.0,False
null_any,0.0,,188,0,,,,,False
null,0.0,,189,30,0.5,2.0,23.0,22.0,False
null,0.0,,189,60,0.5626853438097896,2.0,20.0,20.0,False
null,0.0,,189,120,0.7789658308029175,0.0,12.0,15.0,False
null_any,0.0,,189,0,,,,,False
null,0.0,,190,30,0.2497799166012556,2.0,20.0,15.0,False
null,0.0,,190,60,0.2088460954182665,3.0,22.0,16.0,False
null,0.0,,190,120,0.5,2.0,15.0,14.0,False
null_any,0.0,,190,0,,,,,False
null,0.0,,191,30,0.6285853206354659,2.0,18.0,19.0,False
null,0.0,,191,60,0.7336453723819432,1.0,19.0,22.0,False
null,0.0,,191,120,0.2556878907926148,2.0,21.0,16.0,False
null_any,0.0,,191,0,,,,,False
null,0.0,,192,30,0.8720624602283351,0.0,16.0,22.0,False
null,0.0,,192,60,0.8543923817270525,1.0,19.0,25.0,False
null,0.0,,192,120,0.577490508556366,2.0,13.0,13.0,False
null_any,0.0,,192,0,,,,,False
null,0.0,,193,30,0.8255555602754612,1.0,18.0,23.0,False
null,0.0,,193,60,0.43570733968226705,3.0,20.0,18.0,False
null,0.0,,193,120,0.41190147399902344,2.0,11.0,9.0,False
null_any,0.0,,193,0,,,,,False
null,0.0,,194,30,0.06624908198136838,2.0,23.0,13.0,False
null,0.0,,194,60,0.029791944009048166,4.0,27.0,14.0,False
null,0.0,,194,120,0.42250949144363403,2.0,14.0,12.0,False
null_any,0.0,,194,0,,,,,False
null,0.0,,195,30,0.9506314266473055,0.0,11.0,19.0,False
null,0.0,,195,60,0.9459354892969714,0.0,15.0,24.0,False
null,0.0,,195,120,0.9251936078071594,0.0,12.0,19.0,False
null_any,0.0,,195,0,,,,,False
null,0.0,,196,30,0.17444443972453882,3.0,24.0,17.0,False
null,0.0,,196,60,0.26635462761805684,3.0,23.0,18.0,False
null,0.0,,196,120,0.4300250329542905,3.0,17.0,15.0,False
null_any,0.0,,196,0,,,,,False
null,0.0,,197,30,0.2611986902484206,2.0,22.0,17.0,False
null,0.0,,197,60,0.2497799166012556,3.0,20.0,15.0,False
null,0.0,,197,120,0.5747229903936386,2.0,14.0,14.0,False
null_any,0.0,,197,0,,,,,False
null,0.0,,198,30,0.8659063744726154,0.0,17.0,23.0,False
null,0.0,,198,60,0.9505641252035275,0.0,14.0,23.0,False
null,0.0,,198,120,0.5840940475463867,1.0,11.0,11.0,False
null_any,0.0,,198,0,,,,,False
null,0.0,,199,30,0.5611928356238423,2.0,21.0,21.0,False
null,0.0,,199,60,0.5585020439388018,2.0,23.0,23.0,False
null,0.0,,199,120,0.4300250329542905,2.0,17.0,15.0,False
null_any,0.0,,199,0,,,,,False
